[pass] LP26-O05 fixed current executable
[pass] LP26-O05 original bounded retention fixture
[pass] LP26-O05 distinct canonical sources
[pass] LP26-O05 isolated server healthy
[pass] LP26-O05 independent initial channels
[current-observation] {"pid":26665,"startIdentity":"macos:1790137862:584770","sampledAt":1790137864240,"phaseAt":3216.240666,"rssBytes":86999040,"threadCount":29,"fdCount":31,"mutationCount":2,"typeCounts":{"recording_order_reserved":2},"identityBytes":346,"combinedLogicalIds":4,"combinedLogicalBytes":346,"rotations":0,"partialBytes":0,"progress":{"elapsedMs":175.74295800000027,"channels":{"9101":{"finalized":0,"deleted":0,"lastAt":3040.497708,"order":"0","store":null,"knownMappings":0,"unknownMappings":0},"9201":{"finalized":0,"deleted":0,"lastAt":3040.497708,"order":"0","store":null,"knownMappings":0,"unknownMappings":0}},"records":0,"logicalBytes":0},"resourceTrendPass":false}
[pass] LP26-O05 active 9101
[pass] LP26-O05 active 9201
[current-observation] {"pid":26665,"startIdentity":"macos:1790137862:584770","sampledAt":1790137869469,"phaseAt":8444.551708,"rssBytes":216580096,"threadCount":26,"fdCount":31,"mutationCount":10,"typeCounts":{"recording_order_reserved":6,"segment_v2_bound_finalized":4},"identityBytes":1670,"combinedLogicalIds":24,"combinedLogicalBytes":4060,"rotations":0,"partialBytes":0,"progress":{"elapsedMs":5404.054000000001,"channels":{"9101":{"finalized":2,"deleted":0,"lastAt":8444.551708,"order":"3","store":"decc5fe692ea2728eab93f3eddc3828e6fe258eea6ff4860cc2ad8d8590c5757","knownMappings":1,"unknownMappings":80},"9201":{"finalized":2,"deleted":0,"lastAt":8444.551708,"order":"4","store":"decc5fe692ea2728eab93f3eddc3828e6fe258eea6ff4860cc2ad8d8590c5757","knownMappings":1,"unknownMappings":78}},"records":4,"logicalBytes":2390},"resourceTrendPass":false}
[pass] LP26-O05 active 9101
[pass] LP26-O05 active 9201
[pass] LP26-O03 deleted media absent
[pass] LP26-O03 deleted media absent
[pass] LP26-O03 deleted media absent
[pass] LP26-O03 deleted media absent
[current-observation] {"pid":26665,"startIdentity":"macos:1790137862:584770","sampledAt":1790137874587,"phaseAt":13562.972458,"rssBytes":217432064,"threadCount":25,"fdCount":21,"mutationCount":26,"typeCounts":{"recording_order_reserved":10,"segment_v2_bound_finalized":8,"segment_v2_state":4,"segment_v2_deleted":4},"identityBytes":4193,"combinedLogicalIds":60,"combinedLogicalBytes":8973,"rotations":0,"partialBytes":0,"progress":{"elapsedMs":10522.474750000001,"channels":{"9101":{"finalized":4,"deleted":2,"lastAt":13562.972458,"order":"7","store":"decc5fe692ea2728eab93f3eddc3828e6fe258eea6ff4860cc2ad8d8590c5757","knownMappings":2,"unknownMappings":156},"9201":{"finalized":4,"deleted":2,"lastAt":13562.972458,"order":"8","store":"decc5fe692ea2728eab93f3eddc3828e6fe258eea6ff4860cc2ad8d8590c5757","knownMappings":3,"unknownMappings":110}},"records":8,"logicalBytes":4780},"resourceTrendPass":false}
[pass] LP26-O05 active 9101
[pass] LP26-O05 active 9201
[pass] LP26-O03 deleted media absent
[pass] LP26-O03 deleted media absent
[pass] LP26-O03 deleted media absent
[pass] LP26-O03 deleted media absent
[pass] LP26-O03 deleted media absent
[pass] LP26-O03 deleted media absent
[current-observation] {"pid":26665,"startIdentity":"macos:1790137862:584770","sampledAt":1790137879727,"phaseAt":18703.16775,"rssBytes":218611712,"threadCount":25,"fdCount":31,"mutationCount":50,"typeCounts":{"recording_order_reserved":16,"segment_v2_bound_finalized":14,"segment_v2_state":10,"segment_v2_deleted":10},"identityBytes":7985,"combinedLogicalIds":114,"combinedLogicalBytes":16345,"rotations":0,"partialBytes":0,"progress":{"elapsedMs":15662.670042000002,"channels":{"9101":{"finalized":7,"deleted":5,"lastAt":18703.16775,"order":"13","store":"decc5fe692ea2728eab93f3eddc3828e6fe258eea6ff4860cc2ad8d8590c5757","knownMappings":4,"unknownMappings":238},"9201":{"finalized":7,"deleted":5,"lastAt":18703.16775,"order":"14","store":"decc5fe692ea2728eab93f3eddc3828e6fe258eea6ff4860cc2ad8d8590c5757","knownMappings":6,"unknownMappings":190}},"records":14,"logicalBytes":8360},"resourceTrendPass":false}
[pass] LP26-O05 active 9101
[pass] LP26-O05 active 9201
[pass] LP26-O03 deleted media absent
[pass] LP26-O03 deleted media absent
[pass] LP26-O03 deleted media absent
[pass] LP26-O03 deleted media absent
[current-observation] {"pid":26665,"startIdentity":"macos:1790137862:584770","sampledAt":1790137884875,"phaseAt":23850.731583,"rssBytes":218972160,"threadCount":25,"fdCount":25,"mutationCount":66,"typeCounts":{"recording_order_reserved":20,"segment_v2_bound_finalized":18,"segment_v2_state":14,"segment_v2_deleted":14},"identityBytes":10513,"combinedLogicalIds":150,"combinedLogicalBytes":21267,"rotations":0,"partialBytes":0,"progress":{"elapsedMs":20810.233875,"channels":{"9101":{"finalized":9,"deleted":7,"lastAt":23850.731583,"order":"17","store":"decc5fe692ea2728eab93f3eddc3828e6fe258eea6ff4860cc2ad8d8590c5757","knownMappings":6,"unknownMappings":278},"9201":{"finalized":9,"deleted":7,"lastAt":23850.731583,"order":"18","store":"decc5fe692ea2728eab93f3eddc3828e6fe258eea6ff4860cc2ad8d8590c5757","knownMappings":8,"unknownMappings":272}},"records":18,"logicalBytes":10754},"resourceTrendPass":false}
[pass] LP26-O05 active 9101
[pass] LP26-O05 active 9201
[pass] LP26-O03 deleted media absent
[pass] LP26-O03 deleted media absent
[pass] LP26-O03 deleted media absent
[pass] LP26-O03 deleted media absent
[pass] LP26-O03 deleted media absent
[pass] LP26-O03 deleted media absent
[current-observation] {"pid":26665,"startIdentity":"macos:1790137862:584770","sampledAt":1790137890013,"phaseAt":28988.849083,"rssBytes":220282880,"threadCount":25,"fdCount":31,"mutationCount":90,"typeCounts":{"recording_order_reserved":26,"segment_v2_bound_finalized":24,"segment_v2_state":20,"segment_v2_deleted":20},"identityBytes":14305,"combinedLogicalIds":204,"combinedLogicalBytes":28659,"rotations":0,"partialBytes":0,"progress":{"elapsedMs":25948.351375000002,"channels":{"9101":{"finalized":12,"deleted":10,"lastAt":28988.849083,"order":"23","store":"decc5fe692ea2728eab93f3eddc3828e6fe258eea6ff4860cc2ad8d8590c5757","knownMappings":8,"unknownMappings":386},"9201":{"finalized":12,"deleted":10,"lastAt":28988.849083,"order":"24","store":"decc5fe692ea2728eab93f3eddc3828e6fe258eea6ff4860cc2ad8d8590c5757","knownMappings":10,"unknownMappings":394}},"records":24,"logicalBytes":14354},"resourceTrendPass":false}
[pass] LP26-O05 active 9101
[pass] LP26-O05 active 9201
[pass] LP26-O03 deleted media absent
[pass] LP26-O03 deleted media absent
[pass] LP26-O03 deleted media absent
[pass] LP26-O03 deleted media absent
[current-observation] {"pid":26665,"startIdentity":"macos:1790137862:584770","sampledAt":1790137895165,"phaseAt":34141.339041,"rssBytes":223854592,"threadCount":25,"fdCount":25,"mutationCount":106,"typeCounts":{"recording_order_reserved":30,"segment_v2_bound_finalized":28,"segment_v2_state":24,"segment_v2_deleted":24},"identityBytes":16833,"combinedLogicalIds":240,"combinedLogicalBytes":33581,"rotations":0,"partialBytes":0,"progress":{"elapsedMs":31100.841333,"channels":{"9101":{"finalized":14,"deleted":12,"lastAt":34141.339041,"order":"28","store":"decc5fe692ea2728eab93f3eddc3828e6fe258eea6ff4860cc2ad8d8590c5757","knownMappings":9,"unknownMappings":468},"9201":{"finalized":14,"deleted":12,"lastAt":34141.339041,"order":"27","store":"decc5fe692ea2728eab93f3eddc3828e6fe258eea6ff4860cc2ad8d8590c5757","knownMappings":11,"unknownMappings":490}},"records":28,"logicalBytes":16748},"resourceTrendPass":false}
[pass] LP26-O05 active 9101
[pass] LP26-O05 active 9201
[pass] LP26-O03 deleted media absent
[pass] LP26-O03 deleted media absent
[pass] LP26-O03 deleted media absent
[pass] LP26-O03 deleted media absent
[pass] LP26-O03 deleted media absent
[pass] LP26-O03 deleted media absent
[current-observation] {"pid":26665,"startIdentity":"macos:1790137862:584770","sampledAt":1790137900307,"phaseAt":39283.17975,"rssBytes":230342656,"threadCount":25,"fdCount":31,"mutationCount":130,"typeCounts":{"recording_order_reserved":36,"segment_v2_bound_finalized":34,"segment_v2_state":30,"segment_v2_deleted":30},"identityBytes":20625,"combinedLogicalIds":294,"combinedLogicalBytes":40955,"rotations":0,"partialBytes":0,"progress":{"elapsedMs":36242.682042,"channels":{"9101":{"finalized":17,"deleted":15,"lastAt":39283.17975,"order":"33","store":"decc5fe692ea2728eab93f3eddc3828e6fe258eea6ff4860cc2ad8d8590c5757","knownMappings":12,"unknownMappings":604},"9201":{"finalized":17,"deleted":15,"lastAt":39283.17975,"order":"34","store":"decc5fe692ea2728eab93f3eddc3828e6fe258eea6ff4860cc2ad8d8590c5757","knownMappings":14,"unknownMappings":630}},"records":34,"logicalBytes":20330},"resourceTrendPass":false}
[pass] LP26-O05 active 9101
[pass] LP26-O05 active 9201
[pass] LP26-O03 deleted media absent
[pass] LP26-O03 deleted media absent
[pass] LP26-O03 deleted media absent
[pass] LP26-O03 deleted media absent
[current-observation] {"pid":26665,"startIdentity":"macos:1790137862:584770","sampledAt":1790137905483,"phaseAt":44458.6445,"rssBytes":242204672,"threadCount":25,"fdCount":25,"mutationCount":146,"typeCounts":{"recording_order_reserved":40,"segment_v2_bound_finalized":38,"segment_v2_state":34,"segment_v2_deleted":34},"identityBytes":23160,"combinedLogicalIds":330,"combinedLogicalBytes":45884,"rotations":0,"partialBytes":0,"progress":{"elapsedMs":41418.146792,"channels":{"9101":{"finalized":19,"deleted":17,"lastAt":44458.6445,"order":"37","store":"decc5fe692ea2728eab93f3eddc3828e6fe258eea6ff4860cc2ad8d8590c5757","knownMappings":12,"unknownMappings":694},"9201":{"finalized":19,"deleted":17,"lastAt":44458.6445,"order":"38","store":"decc5fe692ea2728eab93f3eddc3828e6fe258eea6ff4860cc2ad8d8590c5757","knownMappings":15,"unknownMappings":730}},"records":38,"logicalBytes":22724},"resourceTrendPass":false}
[pass] LP26-O05 active 9101
[pass] LP26-O05 active 9201
[pass] LP26-O03 deleted media absent
[pass] LP26-O03 deleted media absent
[pass] LP26-O03 deleted media absent
[pass] LP26-O03 deleted media absent
[pass] LP26-O03 deleted media absent
[pass] LP26-O03 deleted media absent
[current-observation] {"pid":26665,"startIdentity":"macos:1790137862:584770","sampledAt":1790137910630,"phaseAt":49606.147041,"rssBytes":250200064,"threadCount":25,"fdCount":23,"mutationCount":170,"typeCounts":{"recording_order_reserved":46,"segment_v2_bound_finalized":44,"segment_v2_state":40,"segment_v2_deleted":40},"identityBytes":26970,"combinedLogicalIds":384,"combinedLogicalBytes":53294,"rotations":0,"partialBytes":0,"progress":{"elapsedMs":46565.649332999994,"channels":{"9101":{"finalized":22,"deleted":20,"lastAt":49606.147041,"order":"43","store":"decc5fe692ea2728eab93f3eddc3828e6fe258eea6ff4860cc2ad8d8590c5757","knownMappings":13,"unknownMappings":828},"9201":{"finalized":22,"deleted":20,"lastAt":49606.147041,"order":"44","store":"decc5fe692ea2728eab93f3eddc3828e6fe258eea6ff4860cc2ad8d8590c5757","knownMappings":17,"unknownMappings":812}},"records":44,"logicalBytes":26324},"resourceTrendPass":false}
[pass] LP26-O05 active 9101
[pass] LP26-O05 active 9201
[pass] LP26-O03 deleted media absent
[pass] LP26-O03 deleted media absent
[pass] LP26-O03 deleted media absent
[pass] LP26-O03 deleted media absent
[current-observation] {"pid":26665,"startIdentity":"macos:1790137862:584770","sampledAt":1790137915796,"phaseAt":54771.728458,"rssBytes":251478016,"threadCount":25,"fdCount":25,"mutationCount":186,"typeCounts":{"recording_order_reserved":50,"segment_v2_bound_finalized":48,"segment_v2_state":44,"segment_v2_deleted":44},"identityBytes":29510,"combinedLogicalIds":420,"combinedLogicalBytes":58228,"rotations":0,"partialBytes":0,"progress":{"elapsedMs":51731.230749999995,"channels":{"9101":{"finalized":24,"deleted":22,"lastAt":54771.728458,"order":"47","store":"decc5fe692ea2728eab93f3eddc3828e6fe258eea6ff4860cc2ad8d8590c5757","knownMappings":15,"unknownMappings":918},"9201":{"finalized":24,"deleted":22,"lastAt":54771.728458,"order":"48","store":"decc5fe692ea2728eab93f3eddc3828e6fe258eea6ff4860cc2ad8d8590c5757","knownMappings":19,"unknownMappings":894}},"records":48,"logicalBytes":28718},"resourceTrendPass":false}
[pass] LP26-O05 active 9101
[pass] LP26-O05 active 9201
[pass] LP26-O03 deleted media absent
[pass] LP26-O03 deleted media absent
[pass] LP26-O03 deleted media absent
[pass] LP26-O03 deleted media absent
[pass] LP26-O03 deleted media absent
[pass] LP26-O03 deleted media absent
[current-observation] {"pid":26665,"startIdentity":"macos:1790137862:584770","sampledAt":1790137920936,"phaseAt":59911.318791,"rssBytes":274497536,"threadCount":25,"fdCount":23,"mutationCount":210,"typeCounts":{"recording_order_reserved":56,"segment_v2_bound_finalized":54,"segment_v2_state":50,"segment_v2_deleted":50},"identityBytes":33320,"combinedLogicalIds":474,"combinedLogicalBytes":65620,"rotations":0,"partialBytes":0,"progress":{"elapsedMs":56870.821082999995,"channels":{"9101":{"finalized":27,"deleted":25,"lastAt":59911.318791,"order":"54","store":"decc5fe692ea2728eab93f3eddc3828e6fe258eea6ff4860cc2ad8d8590c5757","knownMappings":16,"unknownMappings":1058},"9201":{"finalized":27,"deleted":25,"lastAt":59911.318791,"order":"53","store":"decc5fe692ea2728eab93f3eddc3828e6fe258eea6ff4860cc2ad8d8590c5757","knownMappings":22,"unknownMappings":1018}},"records":54,"logicalBytes":32300},"resourceTrendPass":false}
[pass] LP26-O05 active 9101
[pass] LP26-O05 active 9201
[pass] LP26-O03 deleted media absent
[pass] LP26-O03 deleted media absent
[pass] LP26-O03 deleted media absent
[pass] LP26-O03 deleted media absent
[current-observation] {"pid":26665,"startIdentity":"macos:1790137862:584770","sampledAt":1790137926094,"phaseAt":65069.562208,"rssBytes":277364736,"threadCount":25,"fdCount":25,"mutationCount":226,"typeCounts":{"recording_order_reserved":60,"segment_v2_bound_finalized":58,"segment_v2_state":54,"segment_v2_deleted":54},"identityBytes":35860,"combinedLogicalIds":510,"combinedLogicalBytes":70554,"rotations":0,"partialBytes":0,"progress":{"elapsedMs":62029.0645,"channels":{"9101":{"finalized":29,"deleted":27,"lastAt":65069.562208,"order":"58","store":"decc5fe692ea2728eab93f3eddc3828e6fe258eea6ff4860cc2ad8d8590c5757","knownMappings":18,"unknownMappings":1154},"9201":{"finalized":29,"deleted":27,"lastAt":65069.562208,"order":"57","store":"decc5fe692ea2728eab93f3eddc3828e6fe258eea6ff4860cc2ad8d8590c5757","knownMappings":23,"unknownMappings":1102}},"records":58,"logicalBytes":34694},"resourceTrendPass":false}
[pass] LP26-O05 active 9101
[pass] LP26-O05 active 9201
[pass] LP26-O03 deleted media absent
[pass] LP26-O03 deleted media absent
[pass] LP26-O03 deleted media absent
[pass] LP26-O03 deleted media absent
[pass] LP26-O03 deleted media absent
[pass] LP26-O03 deleted media absent
[current-observation] {"pid":26665,"startIdentity":"macos:1790137862:584770","sampledAt":1790137931248,"phaseAt":70224.086125,"rssBytes":277807104,"threadCount":25,"fdCount":21,"mutationCount":250,"typeCounts":{"recording_order_reserved":66,"segment_v2_bound_finalized":64,"segment_v2_state":60,"segment_v2_deleted":60},"identityBytes":39670,"combinedLogicalIds":564,"combinedLogicalBytes":77964,"rotations":0,"partialBytes":0,"progress":{"elapsedMs":67183.588417,"channels":{"9101":{"finalized":32,"deleted":30,"lastAt":70224.086125,"order":"64","store":"decc5fe692ea2728eab93f3eddc3828e6fe258eea6ff4860cc2ad8d8590c5757","knownMappings":20,"unknownMappings":1290},"9201":{"finalized":32,"deleted":30,"lastAt":70224.086125,"order":"63","store":"decc5fe692ea2728eab93f3eddc3828e6fe258eea6ff4860cc2ad8d8590c5757","knownMappings":26,"unknownMappings":1228}},"records":64,"logicalBytes":38294},"resourceTrendPass":false}
[pass] LP26-O05 active 9101
[pass] LP26-O05 active 9201
[pass] LP26-O03 deleted media absent
[pass] LP26-O03 deleted media absent
[pass] LP26-O03 deleted media absent
[pass] LP26-O03 deleted media absent
[current-observation] {"pid":26665,"startIdentity":"macos:1790137862:584770","sampledAt":1790137936410,"phaseAt":75385.36325,"rssBytes":278036480,"threadCount":25,"fdCount":29,"mutationCount":266,"typeCounts":{"recording_order_reserved":70,"segment_v2_bound_finalized":68,"segment_v2_state":64,"segment_v2_deleted":64},"identityBytes":42210,"combinedLogicalIds":600,"combinedLogicalBytes":82898,"rotations":0,"partialBytes":0,"progress":{"elapsedMs":72344.865542,"channels":{"9101":{"finalized":34,"deleted":32,"lastAt":75385.36325,"order":"67","store":"decc5fe692ea2728eab93f3eddc3828e6fe258eea6ff4860cc2ad8d8590c5757","knownMappings":21,"unknownMappings":1374},"9201":{"finalized":34,"deleted":32,"lastAt":75385.36325,"order":"68","store":"decc5fe692ea2728eab93f3eddc3828e6fe258eea6ff4860cc2ad8d8590c5757","knownMappings":27,"unknownMappings":1278}},"records":68,"logicalBytes":40688},"resourceTrendPass":false}
[pass] LP26-O05 active 9101
[pass] LP26-O05 active 9201
[pass] LP26-O03 deleted media absent
[pass] LP26-O03 deleted media absent
[pass] LP26-O03 deleted media absent
[pass] LP26-O03 deleted media absent
[pass] LP26-O03 deleted media absent
[pass] LP26-O03 deleted media absent
[current-observation] {"pid":26665,"startIdentity":"macos:1790137862:584770","sampledAt":1790137941553,"phaseAt":80529.036416,"rssBytes":278642688,"threadCount":25,"fdCount":21,"mutationCount":290,"typeCounts":{"recording_order_reserved":76,"segment_v2_bound_finalized":74,"segment_v2_state":70,"segment_v2_deleted":70},"identityBytes":46020,"combinedLogicalIds":654,"combinedLogicalBytes":90290,"rotations":0,"partialBytes":0,"progress":{"elapsedMs":77488.53870800001,"channels":{"9101":{"finalized":37,"deleted":35,"lastAt":80529.036416,"order":"73","store":"decc5fe692ea2728eab93f3eddc3828e6fe258eea6ff4860cc2ad8d8590c5757","knownMappings":23,"unknownMappings":1514},"9201":{"finalized":37,"deleted":35,"lastAt":80529.036416,"order":"74","store":"decc5fe692ea2728eab93f3eddc3828e6fe258eea6ff4860cc2ad8d8590c5757","knownMappings":30,"unknownMappings":1390}},"records":74,"logicalBytes":44270},"resourceTrendPass":false}
[pass] LP26-O05 active 9101
[pass] LP26-O05 active 9201
[pass] LP26-O03 deleted media absent
[pass] LP26-O03 deleted media absent
[pass] LP26-O03 deleted media absent
[pass] LP26-O03 deleted media absent
[pass] LP26-O03 deleted media absent
[pass] LP26-O03 deleted media absent
[current-observation] {"pid":26665,"startIdentity":"macos:1790137862:584770","sampledAt":1790137946710,"phaseAt":85685.978125,"rssBytes":279035904,"threadCount":25,"fdCount":31,"mutationCount":314,"typeCounts":{"recording_order_reserved":82,"segment_v2_bound_finalized":80,"segment_v2_state":76,"segment_v2_deleted":76},"identityBytes":49830,"combinedLogicalIds":708,"combinedLogicalBytes":97700,"rotations":0,"partialBytes":0,"progress":{"elapsedMs":82645.480417,"channels":{"9101":{"finalized":40,"deleted":38,"lastAt":85685.978125,"order":"80","store":"decc5fe692ea2728eab93f3eddc3828e6fe258eea6ff4860cc2ad8d8590c5757","knownMappings":25,"unknownMappings":1654},"9201":{"finalized":40,"deleted":38,"lastAt":85685.978125,"order":"79","store":"decc5fe692ea2728eab93f3eddc3828e6fe258eea6ff4860cc2ad8d8590c5757","knownMappings":32,"unknownMappings":1492}},"records":80,"logicalBytes":47870},"resourceTrendPass":false}
[pass] LP26-O05 active 9101
[pass] LP26-O05 active 9201
[pass] LP26-O03 deleted media absent
[pass] LP26-O03 deleted media absent
[pass] LP26-O03 deleted media absent
[pass] LP26-O03 deleted media absent
[current-observation] {"pid":26665,"startIdentity":"macos:1790137862:584770","sampledAt":1790137951867,"phaseAt":90842.541333,"rssBytes":279412736,"threadCount":25,"fdCount":21,"mutationCount":330,"typeCounts":{"recording_order_reserved":86,"segment_v2_bound_finalized":84,"segment_v2_state":80,"segment_v2_deleted":80},"identityBytes":52370,"combinedLogicalIds":744,"combinedLogicalBytes":102634,"rotations":0,"partialBytes":0,"progress":{"elapsedMs":87802.043625,"channels":{"9101":{"finalized":42,"deleted":40,"lastAt":90842.541333,"order":"84","store":"decc5fe692ea2728eab93f3eddc3828e6fe258eea6ff4860cc2ad8d8590c5757","knownMappings":27,"unknownMappings":1744},"9201":{"finalized":42,"deleted":40,"lastAt":90842.541333,"order":"83","store":"decc5fe692ea2728eab93f3eddc3828e6fe258eea6ff4860cc2ad8d8590c5757","knownMappings":33,"unknownMappings":1568}},"records":84,"logicalBytes":50264},"resourceTrendPass":false}
[pass] LP26-O05 active 9101
[pass] LP26-O05 active 9201
[pass] LP26-O03 deleted media absent
[pass] LP26-O03 deleted media absent
[pass] LP26-O03 deleted media absent
[pass] LP26-O03 deleted media absent
[pass] LP26-O03 deleted media absent
[pass] LP26-O03 deleted media absent
[current-observation] {"pid":26665,"startIdentity":"macos:1790137862:584770","sampledAt":1790137957012,"phaseAt":95988.108708,"rssBytes":279658496,"threadCount":25,"fdCount":31,"mutationCount":354,"typeCounts":{"recording_order_reserved":92,"segment_v2_bound_finalized":90,"segment_v2_state":86,"segment_v2_deleted":86},"identityBytes":56180,"combinedLogicalIds":798,"combinedLogicalBytes":110025,"rotations":0,"partialBytes":0,"progress":{"elapsedMs":92947.611,"channels":{"9101":{"finalized":45,"deleted":43,"lastAt":95988.108708,"order":"90","store":"decc5fe692ea2728eab93f3eddc3828e6fe258eea6ff4860cc2ad8d8590c5757","knownMappings":29,"unknownMappings":1854},"9201":{"finalized":45,"deleted":43,"lastAt":95988.108708,"order":"89","store":"decc5fe692ea2728eab93f3eddc3828e6fe258eea6ff4860cc2ad8d8590c5757","knownMappings":36,"unknownMappings":1640}},"records":90,"logicalBytes":53845},"resourceTrendPass":false}
[pass] LP26-O05 active 9101
[pass] LP26-O05 active 9201
[pass] LP26-O03 deleted media absent
[pass] LP26-O03 deleted media absent
[pass] LP26-O03 deleted media absent
[pass] LP26-O03 deleted media absent
[current-observation] {"pid":26665,"startIdentity":"macos:1790137862:584770","sampledAt":1790137962169,"phaseAt":101144.245208,"rssBytes":279937024,"threadCount":25,"fdCount":25,"mutationCount":370,"typeCounts":{"recording_order_reserved":96,"segment_v2_bound_finalized":94,"segment_v2_state":90,"segment_v2_deleted":90},"identityBytes":58720,"combinedLogicalIds":834,"combinedLogicalBytes":114959,"rotations":0,"partialBytes":0,"progress":{"elapsedMs":98103.7475,"channels":{"9101":{"finalized":47,"deleted":45,"lastAt":101144.245208,"order":"94","store":"decc5fe692ea2728eab93f3eddc3828e6fe258eea6ff4860cc2ad8d8590c5757","knownMappings":31,"unknownMappings":1898},"9201":{"finalized":47,"deleted":45,"lastAt":101144.245208,"order":"93","store":"decc5fe692ea2728eab93f3eddc3828e6fe258eea6ff4860cc2ad8d8590c5757","knownMappings":38,"unknownMappings":1716}},"records":94,"logicalBytes":56239},"resourceTrendPass":false}
[pass] LP26-O05 active 9101
[pass] LP26-O05 active 9201
[pass] LP26-O03 deleted media absent
[pass] LP26-O03 deleted media absent
[pass] LP26-O03 deleted media absent
[pass] LP26-O03 deleted media absent
[pass] LP26-O03 deleted media absent
[pass] LP26-O03 deleted media absent
[current-observation] {"pid":26665,"startIdentity":"macos:1790137862:584770","sampledAt":1790137967306,"phaseAt":106281.371666,"rssBytes":280559616,"threadCount":25,"fdCount":23,"mutationCount":394,"typeCounts":{"recording_order_reserved":102,"segment_v2_bound_finalized":100,"segment_v2_state":96,"segment_v2_deleted":96},"identityBytes":62530,"combinedLogicalIds":888,"combinedLogicalBytes":122370,"rotations":0,"partialBytes":0,"progress":{"elapsedMs":103240.87395800001,"channels":{"9101":{"finalized":50,"deleted":48,"lastAt":106281.371666,"order":"100","store":"decc5fe692ea2728eab93f3eddc3828e6fe258eea6ff4860cc2ad8d8590c5757","knownMappings":33,"unknownMappings":2030},"9201":{"finalized":50,"deleted":48,"lastAt":106281.371666,"order":"99","store":"decc5fe692ea2728eab93f3eddc3828e6fe258eea6ff4860cc2ad8d8590c5757","knownMappings":39,"unknownMappings":1856}},"records":100,"logicalBytes":59840},"resourceTrendPass":false}
[pass] LP26-O05 active 9101
[pass] LP26-O05 active 9201
[pass] LP26-O03 deleted media absent
[pass] LP26-O03 deleted media absent
[pass] LP26-O03 deleted media absent
[pass] LP26-O03 deleted media absent
[current-observation] {"pid":26665,"startIdentity":"macos:1790137862:584770","sampledAt":1790137972464,"phaseAt":111439.821583,"rssBytes":280739840,"threadCount":25,"fdCount":25,"mutationCount":410,"typeCounts":{"recording_order_reserved":106,"segment_v2_bound_finalized":104,"segment_v2_state":100,"segment_v2_deleted":100},"identityBytes":65070,"combinedLogicalIds":924,"combinedLogicalBytes":127308,"rotations":0,"partialBytes":0,"progress":{"elapsedMs":108399.323875,"channels":{"9101":{"finalized":52,"deleted":50,"lastAt":111439.821583,"order":"104","store":"decc5fe692ea2728eab93f3eddc3828e6fe258eea6ff4860cc2ad8d8590c5757","knownMappings":35,"unknownMappings":2066},"9201":{"finalized":52,"deleted":50,"lastAt":111439.821583,"order":"103","store":"decc5fe692ea2728eab93f3eddc3828e6fe258eea6ff4860cc2ad8d8590c5757","knownMappings":41,"unknownMappings":1938}},"records":104,"logicalBytes":62238},"resourceTrendPass":false}
[pass] LP26-O05 active 9101
[pass] LP26-O05 active 9201
[pass] LP26-O03 deleted media absent
[pass] LP26-O03 deleted media absent
[pass] LP26-O03 deleted media absent
[pass] LP26-O03 deleted media absent
[pass] LP26-O03 deleted media absent
[pass] LP26-O03 deleted media absent
[current-observation] {"pid":26665,"startIdentity":"macos:1790137862:584770","sampledAt":1790137977608,"phaseAt":116583.8835,"rssBytes":281067520,"threadCount":25,"fdCount":21,"mutationCount":434,"typeCounts":{"recording_order_reserved":112,"segment_v2_bound_finalized":110,"segment_v2_state":106,"segment_v2_deleted":106},"identityBytes":68880,"combinedLogicalIds":978,"combinedLogicalBytes":134706,"rotations":0,"partialBytes":0,"progress":{"elapsedMs":113543.385792,"channels":{"9101":{"finalized":55,"deleted":53,"lastAt":116583.8835,"order":"109","store":"decc5fe692ea2728eab93f3eddc3828e6fe258eea6ff4860cc2ad8d8590c5757","knownMappings":38,"unknownMappings":2184},"9201":{"finalized":55,"deleted":53,"lastAt":116583.8835,"order":"110","store":"decc5fe692ea2728eab93f3eddc3828e6fe258eea6ff4860cc2ad8d8590c5757","knownMappings":44,"unknownMappings":2076}},"records":110,"logicalBytes":65826},"resourceTrendPass":false}
[pass] LP26-O05 active 9101
[pass] LP26-O05 active 9201
[pass] LP26-O03 deleted media absent
[pass] LP26-O03 deleted media absent
[pass] LP26-O03 deleted media absent
[pass] LP26-O03 deleted media absent
[pass] LP26-O03 deleted media absent
[pass] LP26-O03 deleted media absent
[current-observation] {"pid":26665,"startIdentity":"macos:1790137862:584770","sampledAt":1790137982768,"phaseAt":121742.913791,"rssBytes":281493504,"threadCount":25,"fdCount":31,"mutationCount":458,"typeCounts":{"recording_order_reserved":118,"segment_v2_bound_finalized":116,"segment_v2_state":112,"segment_v2_deleted":112},"identityBytes":72690,"combinedLogicalIds":1032,"combinedLogicalBytes":142122,"rotations":0,"partialBytes":0,"progress":{"elapsedMs":118702.416083,"channels":{"9101":{"finalized":58,"deleted":56,"lastAt":121742.913791,"order":"115","store":"decc5fe692ea2728eab93f3eddc3828e6fe258eea6ff4860cc2ad8d8590c5757","knownMappings":41,"unknownMappings":2314},"9201":{"finalized":58,"deleted":56,"lastAt":121742.913791,"order":"116","store":"decc5fe692ea2728eab93f3eddc3828e6fe258eea6ff4860cc2ad8d8590c5757","knownMappings":45,"unknownMappings":2206}},"records":116,"logicalBytes":69432},"resourceTrendPass":false}
[pass] LP26-O05 active 9101
[pass] LP26-O05 active 9201
[pass] LP26-O03 deleted media absent
[pass] LP26-O03 deleted media absent
[pass] LP26-O03 deleted media absent
[pass] LP26-O03 deleted media absent
[current-observation] {"pid":26665,"startIdentity":"macos:1790137862:584770","sampledAt":1790137987931,"phaseAt":126906.807,"rssBytes":281853952,"threadCount":25,"fdCount":25,"mutationCount":474,"typeCounts":{"recording_order_reserved":122,"segment_v2_bound_finalized":120,"segment_v2_state":116,"segment_v2_deleted":116},"identityBytes":75230,"combinedLogicalIds":1068,"combinedLogicalBytes":147060,"rotations":0,"partialBytes":0,"progress":{"elapsedMs":123866.309292,"channels":{"9101":{"finalized":60,"deleted":58,"lastAt":126906.807,"order":"119","store":"decc5fe692ea2728eab93f3eddc3828e6fe258eea6ff4860cc2ad8d8590c5757","knownMappings":41,"unknownMappings":2406},"9201":{"finalized":60,"deleted":58,"lastAt":126906.807,"order":"120","store":"decc5fe692ea2728eab93f3eddc3828e6fe258eea6ff4860cc2ad8d8590c5757","knownMappings":47,"unknownMappings":2294}},"records":120,"logicalBytes":71830},"resourceTrendPass":false}
[pass] LP26-O05 active 9101
[pass] LP26-O05 active 9201
[pass] LP26-O03 deleted media absent
[pass] LP26-O03 deleted media absent
[pass] LP26-O03 deleted media absent
[pass] LP26-O03 deleted media absent
[pass] LP26-O03 deleted media absent
[pass] LP26-O03 deleted media absent
[current-observation] {"pid":26665,"startIdentity":"macos:1790137862:584770","sampledAt":1790137993074,"phaseAt":132049.256375,"rssBytes":251035648,"threadCount":25,"fdCount":31,"mutationCount":498,"typeCounts":{"recording_order_reserved":128,"segment_v2_bound_finalized":126,"segment_v2_state":122,"segment_v2_deleted":122},"identityBytes":79040,"combinedLogicalIds":1122,"combinedLogicalBytes":154458,"rotations":0,"partialBytes":0,"progress":{"elapsedMs":129008.758667,"channels":{"9101":{"finalized":63,"deleted":61,"lastAt":132049.256375,"order":"125","store":"decc5fe692ea2728eab93f3eddc3828e6fe258eea6ff4860cc2ad8d8590c5757","knownMappings":43,"unknownMappings":2524},"9201":{"finalized":63,"deleted":61,"lastAt":132049.256375,"order":"126","store":"decc5fe692ea2728eab93f3eddc3828e6fe258eea6ff4860cc2ad8d8590c5757","knownMappings":49,"unknownMappings":2420}},"records":126,"logicalBytes":75418},"resourceTrendPass":false}
[pass] LP26-O05 active 9101
[pass] LP26-O05 active 9201
[pass] LP26-O03 deleted media absent
[pass] LP26-O03 deleted media absent
[pass] LP26-O03 deleted media absent
[pass] LP26-O03 deleted media absent
[current-observation] {"pid":26665,"startIdentity":"macos:1790137862:584770","sampledAt":1790137998235,"phaseAt":137210.620541,"rssBytes":282476544,"threadCount":25,"fdCount":25,"mutationCount":514,"typeCounts":{"recording_order_reserved":132,"segment_v2_bound_finalized":130,"segment_v2_state":126,"segment_v2_deleted":126},"identityBytes":81580,"combinedLogicalIds":1158,"combinedLogicalBytes":159396,"rotations":0,"partialBytes":0,"progress":{"elapsedMs":134170.122833,"channels":{"9101":{"finalized":65,"deleted":63,"lastAt":137210.620541,"order":"129","store":"decc5fe692ea2728eab93f3eddc3828e6fe258eea6ff4860cc2ad8d8590c5757","knownMappings":45,"unknownMappings":2562},"9201":{"finalized":65,"deleted":63,"lastAt":137210.620541,"order":"130","store":"decc5fe692ea2728eab93f3eddc3828e6fe258eea6ff4860cc2ad8d8590c5757","knownMappings":51,"unknownMappings":2500}},"records":130,"logicalBytes":77816},"resourceTrendPass":false}
[pass] LP26-O05 active 9101
[pass] LP26-O05 active 9201
[pass] LP26-O03 deleted media absent
[pass] LP26-O03 deleted media absent
[pass] LP26-O03 deleted media absent
[pass] LP26-O03 deleted media absent
[pass] LP26-O03 deleted media absent
[pass] LP26-O03 deleted media absent
[current-observation] {"pid":26665,"startIdentity":"macos:1790137862:584770","sampledAt":1790138003380,"phaseAt":142355.152541,"rssBytes":282853376,"threadCount":25,"fdCount":21,"mutationCount":538,"typeCounts":{"recording_order_reserved":138,"segment_v2_bound_finalized":136,"segment_v2_state":132,"segment_v2_deleted":132},"identityBytes":85390,"combinedLogicalIds":1212,"combinedLogicalBytes":166812,"rotations":0,"partialBytes":0,"progress":{"elapsedMs":139314.65483299998,"channels":{"9101":{"finalized":68,"deleted":66,"lastAt":142355.152541,"order":"135","store":"decc5fe692ea2728eab93f3eddc3828e6fe258eea6ff4860cc2ad8d8590c5757","knownMappings":47,"unknownMappings":2680},"9201":{"finalized":68,"deleted":66,"lastAt":142355.152541,"order":"136","store":"decc5fe692ea2728eab93f3eddc3828e6fe258eea6ff4860cc2ad8d8590c5757","knownMappings":53,"unknownMappings":2632}},"records":136,"logicalBytes":81422},"resourceTrendPass":false}
[pass] LP26-O05 active 9101
[pass] LP26-O05 active 9201
[pass] LP26-O03 deleted media absent
[pass] LP26-O03 deleted media absent
[pass] LP26-O03 deleted media absent
[pass] LP26-O03 deleted media absent
[pass] LP26-O03 deleted media absent
[pass] LP26-O03 deleted media absent
[current-observation] {"pid":26665,"startIdentity":"macos:1790137862:584770","sampledAt":1790138008532,"phaseAt":147507.329208,"rssBytes":283230208,"threadCount":25,"fdCount":31,"mutationCount":562,"typeCounts":{"recording_order_reserved":144,"segment_v2_bound_finalized":142,"segment_v2_state":138,"segment_v2_deleted":138},"identityBytes":89200,"combinedLogicalIds":1266,"combinedLogicalBytes":174210,"rotations":0,"partialBytes":0,"progress":{"elapsedMs":144466.8315,"channels":{"9101":{"finalized":71,"deleted":69,"lastAt":147507.329208,"order":"141","store":"decc5fe692ea2728eab93f3eddc3828e6fe258eea6ff4860cc2ad8d8590c5757","knownMappings":48,"unknownMappings":2772},"9201":{"finalized":71,"deleted":69,"lastAt":147507.329208,"order":"142","store":"decc5fe692ea2728eab93f3eddc3828e6fe258eea6ff4860cc2ad8d8590c5757","knownMappings":56,"unknownMappings":2760}},"records":142,"logicalBytes":85010},"resourceTrendPass":false}
[pass] LP26-O05 active 9101
[pass] LP26-O05 active 9201
[pass] LP26-O03 deleted media absent
[pass] LP26-O03 deleted media absent
[pass] LP26-O03 deleted media absent
[pass] LP26-O03 deleted media absent
[current-observation] {"pid":26665,"startIdentity":"macos:1790137862:584770","sampledAt":1790138013689,"phaseAt":152663.916625,"rssBytes":283475968,"threadCount":25,"fdCount":21,"mutationCount":578,"typeCounts":{"recording_order_reserved":148,"segment_v2_bound_finalized":146,"segment_v2_state":142,"segment_v2_deleted":142},"identityBytes":91740,"combinedLogicalIds":1302,"combinedLogicalBytes":179148,"rotations":0,"partialBytes":0,"progress":{"elapsedMs":149623.418917,"channels":{"9101":{"finalized":73,"deleted":71,"lastAt":152663.916625,"order":"145","store":"decc5fe692ea2728eab93f3eddc3828e6fe258eea6ff4860cc2ad8d8590c5757","knownMappings":49,"unknownMappings":2850},"9201":{"finalized":73,"deleted":71,"lastAt":152663.916625,"order":"146","store":"decc5fe692ea2728eab93f3eddc3828e6fe258eea6ff4860cc2ad8d8590c5757","knownMappings":57,"unknownMappings":2846}},"records":146,"logicalBytes":87408},"resourceTrendPass":false}
[pass] LP26-O05 active 9101
[pass] LP26-O05 active 9201
[pass] LP26-O03 deleted media absent
[pass] LP26-O03 deleted media absent
[pass] LP26-O03 deleted media absent
[pass] LP26-O03 deleted media absent
[pass] LP26-O03 deleted media absent
[pass] LP26-O03 deleted media absent
[current-observation] {"pid":26665,"startIdentity":"macos:1790137862:584770","sampledAt":1790138018833,"phaseAt":157808.177041,"rssBytes":283820032,"threadCount":25,"fdCount":31,"mutationCount":602,"typeCounts":{"recording_order_reserved":154,"segment_v2_bound_finalized":152,"segment_v2_state":148,"segment_v2_deleted":148},"identityBytes":95550,"combinedLogicalIds":1356,"combinedLogicalBytes":186563,"rotations":0,"partialBytes":0,"progress":{"elapsedMs":154767.67933299998,"channels":{"9101":{"finalized":76,"deleted":74,"lastAt":157808.177041,"order":"151","store":"decc5fe692ea2728eab93f3eddc3828e6fe258eea6ff4860cc2ad8d8590c5757","knownMappings":52,"unknownMappings":2920},"9201":{"finalized":76,"deleted":74,"lastAt":157808.177041,"order":"152","store":"decc5fe692ea2728eab93f3eddc3828e6fe258eea6ff4860cc2ad8d8590c5757","knownMappings":58,"unknownMappings":2910}},"records":152,"logicalBytes":91013},"resourceTrendPass":false}
[pass] LP26-O05 active 9101
[pass] LP26-O05 active 9201
[pass] LP26-O03 deleted media absent
[pass] LP26-O03 deleted media absent
[pass] LP26-O03 deleted media absent
[pass] LP26-O03 deleted media absent
[current-observation] {"pid":26665,"startIdentity":"macos:1790137862:584770","sampledAt":1790138023985,"phaseAt":162960.417458,"rssBytes":284033024,"threadCount":25,"fdCount":25,"mutationCount":618,"typeCounts":{"recording_order_reserved":158,"segment_v2_bound_finalized":156,"segment_v2_state":152,"segment_v2_deleted":152},"identityBytes":98090,"combinedLogicalIds":1392,"combinedLogicalBytes":191501,"rotations":0,"partialBytes":0,"progress":{"elapsedMs":159919.91975,"channels":{"9101":{"finalized":78,"deleted":76,"lastAt":162960.417458,"order":"155","store":"decc5fe692ea2728eab93f3eddc3828e6fe258eea6ff4860cc2ad8d8590c5757","knownMappings":52,"unknownMappings":2978},"9201":{"finalized":78,"deleted":76,"lastAt":162960.417458,"order":"156","store":"decc5fe692ea2728eab93f3eddc3828e6fe258eea6ff4860cc2ad8d8590c5757","knownMappings":59,"unknownMappings":2992}},"records":156,"logicalBytes":93411},"resourceTrendPass":false}
[pass] LP26-O05 active 9101
[pass] LP26-O05 active 9201
[pass] LP26-O03 deleted media absent
[pass] LP26-O03 deleted media absent
[pass] LP26-O03 deleted media absent
[pass] LP26-O03 deleted media absent
[pass] LP26-O03 deleted media absent
[pass] LP26-O03 deleted media absent
[current-observation] {"pid":26665,"startIdentity":"macos:1790137862:584770","sampledAt":1790138029113,"phaseAt":168088.033625,"rssBytes":284917760,"threadCount":25,"fdCount":22,"mutationCount":642,"typeCounts":{"recording_order_reserved":164,"segment_v2_bound_finalized":162,"segment_v2_state":158,"segment_v2_deleted":158},"identityBytes":101900,"combinedLogicalIds":1446,"combinedLogicalBytes":198899,"rotations":0,"partialBytes":0,"progress":{"elapsedMs":165047.535917,"channels":{"9101":{"finalized":81,"deleted":79,"lastAt":168088.033625,"order":"161","store":"decc5fe692ea2728eab93f3eddc3828e6fe258eea6ff4860cc2ad8d8590c5757","knownMappings":55,"unknownMappings":3066},"9201":{"finalized":81,"deleted":79,"lastAt":168088.033625,"order":"162","store":"decc5fe692ea2728eab93f3eddc3828e6fe258eea6ff4860cc2ad8d8590c5757","knownMappings":62,"unknownMappings":3108}},"records":162,"logicalBytes":96999},"resourceTrendPass":false}
[pass] LP26-O05 active 9101
[pass] LP26-O05 active 9201
[pass] LP26-O03 deleted media absent
[pass] LP26-O03 deleted media absent
[pass] LP26-O03 deleted media absent
[pass] LP26-O03 deleted media absent
[current-observation] {"pid":26665,"startIdentity":"macos:1790137862:584770","sampledAt":1790138034265,"phaseAt":173240.115416,"rssBytes":287801344,"threadCount":25,"fdCount":26,"mutationCount":659,"typeCounts":{"recording_order_reserved":168,"segment_v2_bound_finalized":167,"segment_v2_state":162,"segment_v2_deleted":162},"identityBytes":104600,"combinedLogicalIds":1485,"combinedLogicalBytes":204599,"rotations":0,"partialBytes":0,"progress":{"elapsedMs":170199.61770799998,"channels":{"9101":{"finalized":84,"deleted":81,"lastAt":173240.115416,"order":"167","store":"decc5fe692ea2728eab93f3eddc3828e6fe258eea6ff4860cc2ad8d8590c5757","knownMappings":58,"unknownMappings":3112},"9201":{"finalized":83,"deleted":81,"lastAt":173240.115416,"order":"166","store":"decc5fe692ea2728eab93f3eddc3828e6fe258eea6ff4860cc2ad8d8590c5757","knownMappings":63,"unknownMappings":3162}},"records":167,"logicalBytes":99999},"resourceTrendPass":false}
[pass] LP26-O05 active 9101
[pass] LP26-O05 active 9201
[pass] LP26-O03 deleted media absent
[pass] LP26-O03 deleted media absent
[pass] LP26-O03 deleted media absent
[pass] LP26-O03 deleted media absent
[pass] LP26-O03 deleted media absent
[pass] LP26-O03 deleted media absent
[current-observation] {"pid":26665,"startIdentity":"macos:1790137862:584770","sampledAt":1790138039412,"phaseAt":178387.564,"rssBytes":288030720,"threadCount":25,"fdCount":21,"mutationCount":682,"typeCounts":{"recording_order_reserved":174,"segment_v2_bound_finalized":172,"segment_v2_state":168,"segment_v2_deleted":168},"identityBytes":108250,"combinedLogicalIds":1536,"combinedLogicalBytes":211248,"rotations":0,"partialBytes":0,"progress":{"elapsedMs":175347.066292,"channels":{"9101":{"finalized":86,"deleted":84,"lastAt":178387.564,"order":"171","store":"decc5fe692ea2728eab93f3eddc3828e6fe258eea6ff4860cc2ad8d8590c5757","knownMappings":60,"unknownMappings":3134},"9201":{"finalized":86,"deleted":84,"lastAt":178387.564,"order":"172","store":"decc5fe692ea2728eab93f3eddc3828e6fe258eea6ff4860cc2ad8d8590c5757","knownMappings":66,"unknownMappings":3182}},"records":172,"logicalBytes":102998},"resourceTrendPass":false}
[pass] LP26-O05 active 9101
[pass] LP26-O05 active 9201
[pass] LP26-O03 deleted media absent
[pass] LP26-O03 deleted media absent
[pass] LP26-O03 deleted media absent
[pass] LP26-O03 deleted media absent
[pass] LP26-O03 deleted media absent
[pass] LP26-O03 deleted media absent
[current-observation] {"pid":26665,"startIdentity":"macos:1790137862:584770","sampledAt":1790138044551,"phaseAt":183525.613,"rssBytes":288276480,"threadCount":25,"fdCount":31,"mutationCount":706,"typeCounts":{"recording_order_reserved":180,"segment_v2_bound_finalized":178,"segment_v2_state":174,"segment_v2_deleted":174},"identityBytes":112060,"combinedLogicalIds":1590,"combinedLogicalBytes":218644,"rotations":0,"partialBytes":0,"progress":{"elapsedMs":180485.115292,"channels":{"9101":{"finalized":89,"deleted":87,"lastAt":183525.613,"order":"177","store":"decc5fe692ea2728eab93f3eddc3828e6fe258eea6ff4860cc2ad8d8590c5757","knownMappings":63,"unknownMappings":3166},"9201":{"finalized":89,"deleted":87,"lastAt":183525.613,"order":"178","store":"decc5fe692ea2728eab93f3eddc3828e6fe258eea6ff4860cc2ad8d8590c5757","knownMappings":69,"unknownMappings":3266}},"records":178,"logicalBytes":106584},"resourceTrendPass":false}
[pass] LP26-O05 active 9101
[pass] LP26-O05 active 9201
[pass] LP26-O03 deleted media absent
[pass] LP26-O03 deleted media absent
[pass] LP26-O03 deleted media absent
[pass] LP26-O03 deleted media absent
[current-observation] {"pid":26665,"startIdentity":"macos:1790137862:584770","sampledAt":1790138049686,"phaseAt":188661.058291,"rssBytes":288423936,"threadCount":25,"fdCount":25,"mutationCount":722,"typeCounts":{"recording_order_reserved":184,"segment_v2_bound_finalized":182,"segment_v2_state":178,"segment_v2_deleted":178},"identityBytes":114600,"combinedLogicalIds":1626,"combinedLogicalBytes":223580,"rotations":0,"partialBytes":0,"progress":{"elapsedMs":185620.56058299998,"channels":{"9101":{"finalized":91,"deleted":89,"lastAt":188661.058291,"order":"181","store":"decc5fe692ea2728eab93f3eddc3828e6fe258eea6ff4860cc2ad8d8590c5757","knownMappings":64,"unknownMappings":3210},"9201":{"finalized":91,"deleted":89,"lastAt":188661.058291,"order":"182","store":"decc5fe692ea2728eab93f3eddc3828e6fe258eea6ff4860cc2ad8d8590c5757","knownMappings":70,"unknownMappings":3302}},"records":182,"logicalBytes":108980},"resourceTrendPass":false}
[pass] LP26-O05 active 9101
[pass] LP26-O05 active 9201
[pass] LP26-O03 deleted media absent
[pass] LP26-O03 deleted media absent
[pass] LP26-O03 deleted media absent
[pass] LP26-O03 deleted media absent
[pass] LP26-O03 deleted media absent
[pass] LP26-O03 deleted media absent
[current-observation] {"pid":26665,"startIdentity":"macos:1790137862:584770","sampledAt":1790138054808,"phaseAt":193782.930125,"rssBytes":288784384,"threadCount":25,"fdCount":21,"mutationCount":746,"typeCounts":{"recording_order_reserved":190,"segment_v2_bound_finalized":188,"segment_v2_state":184,"segment_v2_deleted":184},"identityBytes":118410,"combinedLogicalIds":1680,"combinedLogicalBytes":230994,"rotations":0,"partialBytes":0,"progress":{"elapsedMs":190742.432417,"channels":{"9101":{"finalized":94,"deleted":92,"lastAt":193782.930125,"order":"187","store":"decc5fe692ea2728eab93f3eddc3828e6fe258eea6ff4860cc2ad8d8590c5757","knownMappings":66,"unknownMappings":3256},"9201":{"finalized":94,"deleted":92,"lastAt":193782.930125,"order":"188","store":"decc5fe692ea2728eab93f3eddc3828e6fe258eea6ff4860cc2ad8d8590c5757","knownMappings":73,"unknownMappings":3420}},"records":188,"logicalBytes":112584},"resourceTrendPass":false}
[pass] LP26-O05 active 9101
[pass] LP26-O05 active 9201
[pass] LP26-O03 deleted media absent
[pass] LP26-O03 deleted media absent
[pass] LP26-O03 deleted media absent
[pass] LP26-O03 deleted media absent
[pass] LP26-O03 deleted media absent
[pass] LP26-O03 deleted media absent
[current-observation] {"pid":26665,"startIdentity":"macos:1790137862:584770","sampledAt":1790138059949,"phaseAt":198923.872916,"rssBytes":290111488,"threadCount":25,"fdCount":31,"mutationCount":770,"typeCounts":{"recording_order_reserved":196,"segment_v2_bound_finalized":194,"segment_v2_state":190,"segment_v2_deleted":190},"identityBytes":122220,"combinedLogicalIds":1734,"combinedLogicalBytes":238391,"rotations":0,"partialBytes":0,"progress":{"elapsedMs":195883.37520799998,"channels":{"9101":{"finalized":97,"deleted":95,"lastAt":198923.872916,"order":"193","store":"decc5fe692ea2728eab93f3eddc3828e6fe258eea6ff4860cc2ad8d8590c5757","knownMappings":69,"unknownMappings":3294},"9201":{"finalized":97,"deleted":95,"lastAt":198923.872916,"order":"194","store":"decc5fe692ea2728eab93f3eddc3828e6fe258eea6ff4860cc2ad8d8590c5757","knownMappings":74,"unknownMappings":3522}},"records":194,"logicalBytes":116171},"resourceTrendPass":false}
[pass] LP26-O05 active 9101
[pass] LP26-O05 active 9201
[pass] LP26-O03 deleted media absent
[pass] LP26-O03 deleted media absent
[pass] LP26-O03 deleted media absent
[pass] LP26-O03 deleted media absent
[current-observation] {"pid":26665,"startIdentity":"macos:1790137862:584770","sampledAt":1790138065090,"phaseAt":204064.501,"rssBytes":290406400,"threadCount":25,"fdCount":25,"mutationCount":786,"typeCounts":{"recording_order_reserved":200,"segment_v2_bound_finalized":198,"segment_v2_state":194,"segment_v2_deleted":194},"identityBytes":124760,"combinedLogicalIds":1770,"combinedLogicalBytes":243329,"rotations":0,"partialBytes":0,"progress":{"elapsedMs":201024.00329199998,"channels":{"9101":{"finalized":99,"deleted":97,"lastAt":204064.501,"order":"197","store":"decc5fe692ea2728eab93f3eddc3828e6fe258eea6ff4860cc2ad8d8590c5757","knownMappings":70,"unknownMappings":3352},"9201":{"finalized":99,"deleted":97,"lastAt":204064.501,"order":"198","store":"decc5fe692ea2728eab93f3eddc3828e6fe258eea6ff4860cc2ad8d8590c5757","knownMappings":76,"unknownMappings":3558}},"records":198,"logicalBytes":118569},"resourceTrendPass":false}
[pass] LP26-O05 active 9101
[pass] LP26-O05 active 9201
[pass] LP26-O03 deleted media absent
[pass] LP26-O03 deleted media absent
[pass] LP26-O03 deleted media absent
[pass] LP26-O03 deleted media absent
[pass] LP26-O03 deleted media absent
[pass] LP26-O03 deleted media absent
[current-observation] {"pid":26665,"startIdentity":"macos:1790137862:584770","sampledAt":1790138070219,"phaseAt":209194.321208,"rssBytes":290881536,"threadCount":25,"fdCount":31,"mutationCount":810,"typeCounts":{"recording_order_reserved":206,"segment_v2_bound_finalized":204,"segment_v2_state":200,"segment_v2_deleted":200},"identityBytes":128570,"combinedLogicalIds":1824,"combinedLogicalBytes":250744,"rotations":0,"partialBytes":0,"progress":{"elapsedMs":206153.8235,"channels":{"9101":{"finalized":102,"deleted":100,"lastAt":209194.321208,"order":"203","store":"decc5fe692ea2728eab93f3eddc3828e6fe258eea6ff4860cc2ad8d8590c5757","knownMappings":72,"unknownMappings":3478},"9201":{"finalized":102,"deleted":100,"lastAt":209194.321208,"order":"204","store":"decc5fe692ea2728eab93f3eddc3828e6fe258eea6ff4860cc2ad8d8590c5757","knownMappings":78,"unknownMappings":3640}},"records":204,"logicalBytes":122174},"resourceTrendPass":false}
[pass] LP26-O05 active 9101
[pass] LP26-O05 active 9201
[pass] LP26-O03 deleted media absent
[pass] LP26-O03 deleted media absent
[pass] LP26-O03 deleted media absent
[pass] LP26-O03 deleted media absent
[current-observation] {"pid":26665,"startIdentity":"macos:1790137862:584770","sampledAt":1790138075367,"phaseAt":214342.391958,"rssBytes":291061760,"threadCount":25,"fdCount":25,"mutationCount":826,"typeCounts":{"recording_order_reserved":210,"segment_v2_bound_finalized":208,"segment_v2_state":204,"segment_v2_deleted":204},"identityBytes":131110,"combinedLogicalIds":1860,"combinedLogicalBytes":255682,"rotations":0,"partialBytes":0,"progress":{"elapsedMs":211301.89424999998,"channels":{"9101":{"finalized":104,"deleted":102,"lastAt":214342.391958,"order":"207","store":"decc5fe692ea2728eab93f3eddc3828e6fe258eea6ff4860cc2ad8d8590c5757","knownMappings":74,"unknownMappings":3504},"9201":{"finalized":104,"deleted":102,"lastAt":214342.391958,"order":"208","store":"decc5fe692ea2728eab93f3eddc3828e6fe258eea6ff4860cc2ad8d8590c5757","knownMappings":80,"unknownMappings":3722}},"records":208,"logicalBytes":124572},"resourceTrendPass":false}
[pass] LP26-O05 active 9101
[pass] LP26-O05 active 9201
[pass] LP26-O03 deleted media absent
[pass] LP26-O03 deleted media absent
[pass] LP26-O03 deleted media absent
[pass] LP26-O03 deleted media absent
[pass] LP26-O03 deleted media absent
[pass] LP26-O03 deleted media absent
[current-observation] {"pid":26665,"startIdentity":"macos:1790137862:584770","sampledAt":1790138080505,"phaseAt":219480.087125,"rssBytes":291438592,"threadCount":25,"fdCount":23,"mutationCount":850,"typeCounts":{"recording_order_reserved":216,"segment_v2_bound_finalized":214,"segment_v2_state":210,"segment_v2_deleted":210},"identityBytes":134920,"combinedLogicalIds":1914,"combinedLogicalBytes":263079,"rotations":0,"partialBytes":0,"progress":{"elapsedMs":216439.58941699998,"channels":{"9101":{"finalized":107,"deleted":105,"lastAt":219480.087125,"order":"213","store":"decc5fe692ea2728eab93f3eddc3828e6fe258eea6ff4860cc2ad8d8590c5757","knownMappings":77,"unknownMappings":3596},"9201":{"finalized":107,"deleted":105,"lastAt":219480.087125,"order":"214","store":"decc5fe692ea2728eab93f3eddc3828e6fe258eea6ff4860cc2ad8d8590c5757","knownMappings":83,"unknownMappings":3762}},"records":214,"logicalBytes":128159},"resourceTrendPass":false}
[pass] LP26-O05 active 9101
[pass] LP26-O05 active 9201
[pass] LP26-O03 deleted media absent
[pass] LP26-O03 deleted media absent
[pass] LP26-O03 deleted media absent
[pass] LP26-O03 deleted media absent
[current-observation] {"pid":26665,"startIdentity":"macos:1790137862:584770","sampledAt":1790138085649,"phaseAt":224623.486541,"rssBytes":291635200,"threadCount":25,"fdCount":25,"mutationCount":866,"typeCounts":{"recording_order_reserved":220,"segment_v2_bound_finalized":218,"segment_v2_state":214,"segment_v2_deleted":214},"identityBytes":137460,"combinedLogicalIds":1950,"combinedLogicalBytes":268016,"rotations":0,"partialBytes":0,"progress":{"elapsedMs":221582.98883299998,"channels":{"9101":{"finalized":109,"deleted":107,"lastAt":224623.486541,"order":"218","store":"decc5fe692ea2728eab93f3eddc3828e6fe258eea6ff4860cc2ad8d8590c5757","knownMappings":79,"unknownMappings":3628},"9201":{"finalized":109,"deleted":107,"lastAt":224623.486541,"order":"217","store":"decc5fe692ea2728eab93f3eddc3828e6fe258eea6ff4860cc2ad8d8590c5757","knownMappings":85,"unknownMappings":3826}},"records":218,"logicalBytes":130556},"resourceTrendPass":false}
[pass] LP26-O05 active 9101
[pass] LP26-O05 active 9201
[pass] LP26-O03 deleted media absent
[pass] LP26-O03 deleted media absent
[pass] LP26-O03 deleted media absent
[pass] LP26-O03 deleted media absent
[pass] LP26-O03 deleted media absent
[pass] LP26-O03 deleted media absent
[current-observation] {"pid":26665,"startIdentity":"macos:1790137862:584770","sampledAt":1790138090779,"phaseAt":229753.945,"rssBytes":291913728,"threadCount":25,"fdCount":21,"mutationCount":890,"typeCounts":{"recording_order_reserved":226,"segment_v2_bound_finalized":224,"segment_v2_state":220,"segment_v2_deleted":220},"identityBytes":141270,"combinedLogicalIds":2004,"combinedLogicalBytes":275430,"rotations":0,"partialBytes":0,"progress":{"elapsedMs":226713.447292,"channels":{"9101":{"finalized":112,"deleted":110,"lastAt":229753.945,"order":"223","store":"decc5fe692ea2728eab93f3eddc3828e6fe258eea6ff4860cc2ad8d8590c5757","knownMappings":82,"unknownMappings":3660},"9201":{"finalized":112,"deleted":110,"lastAt":229753.945,"order":"224","store":"decc5fe692ea2728eab93f3eddc3828e6fe258eea6ff4860cc2ad8d8590c5757","knownMappings":87,"unknownMappings":3922}},"records":224,"logicalBytes":134160},"resourceTrendPass":false}
[pass] LP26-O05 active 9101
[pass] LP26-O05 active 9201
[pass] LP26-O03 deleted media absent
[pass] LP26-O03 deleted media absent
[pass] LP26-O03 deleted media absent
[pass] LP26-O03 deleted media absent
[pass] LP26-O03 deleted media absent
[pass] LP26-O03 deleted media absent
[current-observation] {"pid":26665,"startIdentity":"macos:1790137862:584770","sampledAt":1790138095918,"phaseAt":234892.549958,"rssBytes":292175872,"threadCount":25,"fdCount":31,"mutationCount":914,"typeCounts":{"recording_order_reserved":232,"segment_v2_bound_finalized":230,"segment_v2_state":226,"segment_v2_deleted":226},"identityBytes":145080,"combinedLogicalIds":2058,"combinedLogicalBytes":282826,"rotations":0,"partialBytes":0,"progress":{"elapsedMs":231852.05224999998,"channels":{"9101":{"finalized":115,"deleted":113,"lastAt":234892.549958,"order":"230","store":"decc5fe692ea2728eab93f3eddc3828e6fe258eea6ff4860cc2ad8d8590c5757","knownMappings":85,"unknownMappings":3738},"9201":{"finalized":115,"deleted":113,"lastAt":234892.549958,"order":"229","store":"decc5fe692ea2728eab93f3eddc3828e6fe258eea6ff4860cc2ad8d8590c5757","knownMappings":90,"unknownMappings":3954}},"records":230,"logicalBytes":137746},"resourceTrendPass":false}
[pass] LP26-O05 active 9101
[pass] LP26-O05 active 9201
[pass] LP26-O03 deleted media absent
[pass] LP26-O03 deleted media absent
[pass] LP26-O03 deleted media absent
[pass] LP26-O03 deleted media absent
[current-observation] {"pid":26665,"startIdentity":"macos:1790137862:584770","sampledAt":1790138101058,"phaseAt":240032.68875,"rssBytes":292438016,"threadCount":25,"fdCount":21,"mutationCount":930,"typeCounts":{"recording_order_reserved":236,"segment_v2_bound_finalized":234,"segment_v2_state":230,"segment_v2_deleted":230},"identityBytes":147620,"combinedLogicalIds":2094,"combinedLogicalBytes":287763,"rotations":0,"partialBytes":0,"progress":{"elapsedMs":236992.191042,"channels":{"9101":{"finalized":117,"deleted":115,"lastAt":240032.68875,"order":"233","store":"decc5fe692ea2728eab93f3eddc3828e6fe258eea6ff4860cc2ad8d8590c5757","knownMappings":87,"unknownMappings":3762},"9201":{"finalized":117,"deleted":115,"lastAt":240032.68875,"order":"234","store":"decc5fe692ea2728eab93f3eddc3828e6fe258eea6ff4860cc2ad8d8590c5757","knownMappings":92,"unknownMappings":3998}},"records":234,"logicalBytes":140143},"resourceTrendPass":false}
[pass] LP26-O05 active 9101
[pass] LP26-O05 active 9201
[pass] LP26-O03 deleted media absent
[pass] LP26-O03 deleted media absent
[pass] LP26-O03 deleted media absent
[pass] LP26-O03 deleted media absent
[pass] LP26-O03 deleted media absent
[pass] LP26-O03 deleted media absent
[current-observation] {"pid":26665,"startIdentity":"macos:1790137862:584770","sampledAt":1790138106184,"phaseAt":245158.527875,"rssBytes":292831232,"threadCount":25,"fdCount":31,"mutationCount":954,"typeCounts":{"recording_order_reserved":242,"segment_v2_bound_finalized":240,"segment_v2_state":236,"segment_v2_deleted":236},"identityBytes":151430,"combinedLogicalIds":2148,"combinedLogicalBytes":295178,"rotations":0,"partialBytes":0,"progress":{"elapsedMs":242118.030167,"channels":{"9101":{"finalized":120,"deleted":118,"lastAt":245158.527875,"order":"239","store":"decc5fe692ea2728eab93f3eddc3828e6fe258eea6ff4860cc2ad8d8590c5757","knownMappings":89,"unknownMappings":3872},"9201":{"finalized":120,"deleted":118,"lastAt":245158.527875,"order":"240","store":"decc5fe692ea2728eab93f3eddc3828e6fe258eea6ff4860cc2ad8d8590c5757","knownMappings":95,"unknownMappings":4058}},"records":240,"logicalBytes":143748},"resourceTrendPass":false}
[pass] LP26-O05 active 9101
[pass] LP26-O05 active 9201
[pass] LP26-O03 deleted media absent
[pass] LP26-O03 deleted media absent
[pass] LP26-O03 deleted media absent
[pass] LP26-O03 deleted media absent
[current-observation] {"pid":26665,"startIdentity":"macos:1790137862:584770","sampledAt":1790138111324,"phaseAt":250299.04075,"rssBytes":292945920,"threadCount":25,"fdCount":25,"mutationCount":970,"typeCounts":{"recording_order_reserved":246,"segment_v2_bound_finalized":244,"segment_v2_state":240,"segment_v2_deleted":240},"identityBytes":153970,"combinedLogicalIds":2184,"combinedLogicalBytes":300113,"rotations":0,"partialBytes":0,"progress":{"elapsedMs":247258.54304199998,"channels":{"9101":{"finalized":122,"deleted":120,"lastAt":250299.04075,"order":"243","store":"decc5fe692ea2728eab93f3eddc3828e6fe258eea6ff4860cc2ad8d8590c5757","knownMappings":90,"unknownMappings":3890},"9201":{"finalized":122,"deleted":120,"lastAt":250299.04075,"order":"244","store":"decc5fe692ea2728eab93f3eddc3828e6fe258eea6ff4860cc2ad8d8590c5757","knownMappings":97,"unknownMappings":4070}},"records":244,"logicalBytes":146143},"resourceTrendPass":false}
[pass] LP26-O05 active 9101
[pass] LP26-O05 active 9201
[pass] LP26-O03 deleted media absent
[pass] LP26-O03 deleted media absent
[pass] LP26-O03 deleted media absent
[pass] LP26-O03 deleted media absent
[pass] LP26-O03 deleted media absent
[pass] LP26-O03 deleted media absent
[current-observation] {"pid":26665,"startIdentity":"macos:1790137862:584770","sampledAt":1790138116447,"phaseAt":255421.379625,"rssBytes":293142528,"threadCount":25,"fdCount":31,"mutationCount":994,"typeCounts":{"recording_order_reserved":252,"segment_v2_bound_finalized":250,"segment_v2_state":246,"segment_v2_deleted":246},"identityBytes":157780,"combinedLogicalIds":2238,"combinedLogicalBytes":307507,"rotations":0,"partialBytes":0,"progress":{"elapsedMs":252380.881917,"channels":{"9101":{"finalized":125,"deleted":123,"lastAt":255421.379625,"order":"249","store":"decc5fe692ea2728eab93f3eddc3828e6fe258eea6ff4860cc2ad8d8590c5757","knownMappings":93,"unknownMappings":3918},"9201":{"finalized":125,"deleted":123,"lastAt":255421.379625,"order":"250","store":"decc5fe692ea2728eab93f3eddc3828e6fe258eea6ff4860cc2ad8d8590c5757","knownMappings":99,"unknownMappings":4116}},"records":250,"logicalBytes":149727},"resourceTrendPass":false}
[pass] LP26-O05 active 9101
[pass] LP26-O05 active 9201
[pass] LP26-O03 deleted media absent
[pass] LP26-O03 deleted media absent
[pass] LP26-O03 deleted media absent
[pass] LP26-O03 deleted media absent
[current-observation] {"pid":26665,"startIdentity":"macos:1790137862:584770","sampledAt":1790138121567,"phaseAt":260541.552041,"rssBytes":293371904,"threadCount":25,"fdCount":25,"mutationCount":1010,"typeCounts":{"recording_order_reserved":256,"segment_v2_bound_finalized":254,"segment_v2_state":250,"segment_v2_deleted":250},"identityBytes":160320,"combinedLogicalIds":2274,"combinedLogicalBytes":312445,"rotations":0,"partialBytes":0,"progress":{"elapsedMs":257501.05433299998,"channels":{"9101":{"finalized":127,"deleted":125,"lastAt":260541.552041,"order":"253","store":"decc5fe692ea2728eab93f3eddc3828e6fe258eea6ff4860cc2ad8d8590c5757","knownMappings":95,"unknownMappings":3960},"9201":{"finalized":127,"deleted":125,"lastAt":260541.552041,"order":"254","store":"decc5fe692ea2728eab93f3eddc3828e6fe258eea6ff4860cc2ad8d8590c5757","knownMappings":101,"unknownMappings":4172}},"records":254,"logicalBytes":152125},"resourceTrendPass":false}
[pass] LP26-O05 active 9101
[pass] LP26-O05 active 9201
[pass] LP26-O03 deleted media absent
[pass] LP26-O03 deleted media absent
[pass] LP26-O03 deleted media absent
[pass] LP26-O03 deleted media absent
[pass] LP26-O03 deleted media absent
[pass] LP26-O03 deleted media absent
[current-observation] {"pid":26665,"startIdentity":"macos:1790137862:584770","sampledAt":1790138126691,"phaseAt":265665.958208,"rssBytes":293715968,"threadCount":25,"fdCount":21,"mutationCount":1034,"typeCounts":{"recording_order_reserved":262,"segment_v2_bound_finalized":260,"segment_v2_state":256,"segment_v2_deleted":256},"identityBytes":164130,"combinedLogicalIds":2328,"combinedLogicalBytes":319859,"rotations":0,"partialBytes":0,"progress":{"elapsedMs":262625.4605,"channels":{"9101":{"finalized":130,"deleted":128,"lastAt":265665.958208,"order":"260","store":"decc5fe692ea2728eab93f3eddc3828e6fe258eea6ff4860cc2ad8d8590c5757","knownMappings":97,"unknownMappings":4044},"9201":{"finalized":130,"deleted":128,"lastAt":265665.958208,"order":"259","store":"decc5fe692ea2728eab93f3eddc3828e6fe258eea6ff4860cc2ad8d8590c5757","knownMappings":104,"unknownMappings":4204}},"records":260,"logicalBytes":155729},"resourceTrendPass":false}
[pass] LP26-O05 active 9101
[pass] LP26-O05 active 9201
[pass] LP26-O03 deleted media absent
[pass] LP26-O03 deleted media absent
[pass] LP26-O03 deleted media absent
[pass] LP26-O03 deleted media absent
[pass] LP26-O03 deleted media absent
[current-observation] {"pid":26665,"startIdentity":"macos:1790137862:584770","sampledAt":1790138131826,"phaseAt":270800.331708,"rssBytes":294092800,"threadCount":25,"fdCount":26,"mutationCount":1056,"typeCounts":{"recording_order_reserved":268,"segment_v2_bound_finalized":266,"segment_v2_state":261,"segment_v2_deleted":261},"identityBytes":167638,"combinedLogicalIds":2378,"combinedLogicalBytes":326954,"rotations":0,"partialBytes":0,"progress":{"elapsedMs":267759.834,"channels":{"9101":{"finalized":133,"deleted":131,"lastAt":270800.331708,"order":"265","store":"decc5fe692ea2728eab93f3eddc3828e6fe258eea6ff4860cc2ad8d8590c5757","knownMappings":100,"unknownMappings":4078},"9201":{"finalized":133,"deleted":130,"lastAt":270800.331708,"order":"266","store":"decc5fe692ea2728eab93f3eddc3828e6fe258eea6ff4860cc2ad8d8590c5757","knownMappings":107,"unknownMappings":4318}},"records":266,"logicalBytes":159316},"resourceTrendPass":false}
[pass] LP26-O05 active 9101
[pass] LP26-O05 active 9201
[pass] LP26-O03 deleted media absent
[pass] LP26-O03 deleted media absent
[pass] LP26-O03 deleted media absent
[pass] LP26-O03 deleted media absent
[pass] LP26-O03 deleted media absent
[current-observation] {"pid":26665,"startIdentity":"macos:1790137862:584770","sampledAt":1790138136964,"phaseAt":275938.240625,"rssBytes":294305792,"threadCount":25,"fdCount":21,"mutationCount":1074,"typeCounts":{"recording_order_reserved":272,"segment_v2_bound_finalized":270,"segment_v2_state":266,"segment_v2_deleted":266},"identityBytes":170480,"combinedLogicalIds":2418,"combinedLogicalBytes":332192,"rotations":0,"partialBytes":0,"progress":{"elapsedMs":272897.74291699997,"channels":{"9101":{"finalized":135,"deleted":133,"lastAt":275938.240625,"order":"269","store":"decc5fe692ea2728eab93f3eddc3828e6fe258eea6ff4860cc2ad8d8590c5757","knownMappings":102,"unknownMappings":4090},"9201":{"finalized":135,"deleted":133,"lastAt":275938.240625,"order":"270","store":"decc5fe692ea2728eab93f3eddc3828e6fe258eea6ff4860cc2ad8d8590c5757","knownMappings":108,"unknownMappings":4380}},"records":270,"logicalBytes":161712},"resourceTrendPass":false}
[pass] LP26-O05 active 9101
[pass] LP26-O05 active 9201
[pass] LP26-O03 deleted media absent
[pass] LP26-O03 deleted media absent
[pass] LP26-O03 deleted media absent
[pass] LP26-O03 deleted media absent
[pass] LP26-O03 deleted media absent
[pass] LP26-O03 deleted media absent
[current-observation] {"pid":26665,"startIdentity":"macos:1790137862:584770","sampledAt":1790138142095,"phaseAt":281069.754583,"rssBytes":294518784,"threadCount":25,"fdCount":31,"mutationCount":1098,"typeCounts":{"recording_order_reserved":278,"segment_v2_bound_finalized":276,"segment_v2_state":272,"segment_v2_deleted":272},"identityBytes":174290,"combinedLogicalIds":2472,"combinedLogicalBytes":339605,"rotations":0,"partialBytes":0,"progress":{"elapsedMs":278029.25687499996,"channels":{"9101":{"finalized":138,"deleted":136,"lastAt":281069.754583,"order":"275","store":"decc5fe692ea2728eab93f3eddc3828e6fe258eea6ff4860cc2ad8d8590c5757","knownMappings":105,"unknownMappings":4118},"9201":{"finalized":138,"deleted":136,"lastAt":281069.754583,"order":"276","store":"decc5fe692ea2728eab93f3eddc3828e6fe258eea6ff4860cc2ad8d8590c5757","knownMappings":111,"unknownMappings":4408}},"records":276,"logicalBytes":165315},"resourceTrendPass":false}
[pass] LP26-O05 active 9101
[pass] LP26-O05 active 9201
[pass] LP26-O03 deleted media absent
[pass] LP26-O03 deleted media absent
[pass] LP26-O03 deleted media absent
[pass] LP26-O03 deleted media absent
[current-observation] {"pid":26665,"startIdentity":"macos:1790137862:584770","sampledAt":1790138147223,"phaseAt":286197.885208,"rssBytes":294764544,"threadCount":26,"fdCount":25,"mutationCount":1114,"typeCounts":{"recording_order_reserved":282,"segment_v2_bound_finalized":280,"segment_v2_state":276,"segment_v2_deleted":276},"identityBytes":176830,"combinedLogicalIds":2508,"combinedLogicalBytes":344543,"rotations":0,"partialBytes":0,"progress":{"elapsedMs":283157.3875,"channels":{"9101":{"finalized":140,"deleted":138,"lastAt":286197.885208,"order":"279","store":"decc5fe692ea2728eab93f3eddc3828e6fe258eea6ff4860cc2ad8d8590c5757","knownMappings":107,"unknownMappings":4180},"9201":{"finalized":140,"deleted":138,"lastAt":286197.885208,"order":"280","store":"decc5fe692ea2728eab93f3eddc3828e6fe258eea6ff4860cc2ad8d8590c5757","knownMappings":113,"unknownMappings":4472}},"records":280,"logicalBytes":167713},"resourceTrendPass":false}
[pass] LP26-O05 active 9101
[pass] LP26-O05 active 9201
[pass] LP26-O03 deleted media absent
[pass] LP26-O03 deleted media absent
[pass] LP26-O03 deleted media absent
[pass] LP26-O03 deleted media absent
[pass] LP26-O03 deleted media absent
[pass] LP26-O03 deleted media absent
[current-observation] {"pid":26665,"startIdentity":"macos:1790137862:584770","sampledAt":1790138152345,"phaseAt":291319.402708,"rssBytes":295075840,"threadCount":25,"fdCount":31,"mutationCount":1138,"typeCounts":{"recording_order_reserved":288,"segment_v2_bound_finalized":286,"segment_v2_state":282,"segment_v2_deleted":282},"identityBytes":180640,"combinedLogicalIds":2562,"combinedLogicalBytes":351939,"rotations":0,"partialBytes":0,"progress":{"elapsedMs":288278.90499999997,"channels":{"9101":{"finalized":143,"deleted":141,"lastAt":291319.402708,"order":"285","store":"decc5fe692ea2728eab93f3eddc3828e6fe258eea6ff4860cc2ad8d8590c5757","knownMappings":110,"unknownMappings":4218},"9201":{"finalized":143,"deleted":141,"lastAt":291319.402708,"order":"286","store":"decc5fe692ea2728eab93f3eddc3828e6fe258eea6ff4860cc2ad8d8590c5757","knownMappings":115,"unknownMappings":4540}},"records":286,"logicalBytes":171299},"resourceTrendPass":false}
[pass] LP26-O05 active 9101
[pass] LP26-O05 active 9201
[pass] LP26-O03 deleted media absent
[pass] LP26-O03 deleted media absent
[pass] LP26-O03 deleted media absent
[pass] LP26-O03 deleted media absent
[current-observation] {"pid":26665,"startIdentity":"macos:1790137862:584770","sampledAt":1790138157484,"phaseAt":296459.040875,"rssBytes":295272448,"threadCount":25,"fdCount":25,"mutationCount":1154,"typeCounts":{"recording_order_reserved":292,"segment_v2_bound_finalized":290,"segment_v2_state":286,"segment_v2_deleted":286},"identityBytes":183180,"combinedLogicalIds":2598,"combinedLogicalBytes":356877,"rotations":0,"partialBytes":0,"progress":{"elapsedMs":293418.543167,"channels":{"9101":{"finalized":145,"deleted":143,"lastAt":296459.040875,"order":"289","store":"decc5fe692ea2728eab93f3eddc3828e6fe258eea6ff4860cc2ad8d8590c5757","knownMappings":111,"unknownMappings":4268},"9201":{"finalized":145,"deleted":143,"lastAt":296459.040875,"order":"290","store":"decc5fe692ea2728eab93f3eddc3828e6fe258eea6ff4860cc2ad8d8590c5757","knownMappings":117,"unknownMappings":4568}},"records":290,"logicalBytes":173697},"resourceTrendPass":false}
[pass] LP26-O05 active 9101
[pass] LP26-O05 active 9201
[pass] LP26-O03 deleted media absent
[pass] LP26-O03 deleted media absent
[pass] LP26-O03 deleted media absent
[pass] LP26-O03 deleted media absent
[pass] LP26-O03 deleted media absent
[pass] LP26-O03 deleted media absent
[current-observation] {"pid":26665,"startIdentity":"macos:1790137862:584770","sampledAt":1790138162613,"phaseAt":301587.243583,"rssBytes":295600128,"threadCount":25,"fdCount":23,"mutationCount":1178,"typeCounts":{"recording_order_reserved":298,"segment_v2_bound_finalized":296,"segment_v2_state":292,"segment_v2_deleted":292},"identityBytes":186990,"combinedLogicalIds":2652,"combinedLogicalBytes":364292,"rotations":0,"partialBytes":0,"progress":{"elapsedMs":298546.74587499996,"channels":{"9101":{"finalized":148,"deleted":146,"lastAt":301587.243583,"order":"295","store":"decc5fe692ea2728eab93f3eddc3828e6fe258eea6ff4860cc2ad8d8590c5757","knownMappings":114,"unknownMappings":4342},"9201":{"finalized":148,"deleted":146,"lastAt":301587.243583,"order":"296","store":"decc5fe692ea2728eab93f3eddc3828e6fe258eea6ff4860cc2ad8d8590c5757","knownMappings":119,"unknownMappings":4636}},"records":296,"logicalBytes":177302},"resourceTrendPass":false}
[pass] LP26-O05 active 9101
[pass] LP26-O05 active 9201
[pass] LP26-O03 deleted media absent
[pass] LP26-O03 deleted media absent
[pass] LP26-O03 deleted media absent
[pass] LP26-O03 deleted media absent
[current-observation] {"pid":26665,"startIdentity":"macos:1790137862:584770","sampledAt":1790138167748,"phaseAt":306722.109708,"rssBytes":295665664,"threadCount":25,"fdCount":25,"mutationCount":1194,"typeCounts":{"recording_order_reserved":302,"segment_v2_bound_finalized":300,"segment_v2_state":296,"segment_v2_deleted":296},"identityBytes":189530,"combinedLogicalIds":2688,"combinedLogicalBytes":369230,"rotations":0,"partialBytes":0,"progress":{"elapsedMs":303681.61199999996,"channels":{"9101":{"finalized":150,"deleted":148,"lastAt":306722.109708,"order":"299","store":"decc5fe692ea2728eab93f3eddc3828e6fe258eea6ff4860cc2ad8d8590c5757","knownMappings":116,"unknownMappings":4370},"9201":{"finalized":150,"deleted":148,"lastAt":306722.109708,"order":"300","store":"decc5fe692ea2728eab93f3eddc3828e6fe258eea6ff4860cc2ad8d8590c5757","knownMappings":121,"unknownMappings":4666}},"records":300,"logicalBytes":179700},"resourceTrendPass":false}
[pass] LP26-O05 active 9101
[pass] LP26-O05 active 9201
[pass] LP26-O03 deleted media absent
[pass] LP26-O03 deleted media absent
[pass] LP26-O03 deleted media absent
[pass] LP26-O03 deleted media absent
[pass] LP26-O03 deleted media absent
[pass] LP26-O03 deleted media absent
[current-observation] {"pid":26665,"startIdentity":"macos:1790137862:584770","sampledAt":1790138172876,"phaseAt":311850.119875,"rssBytes":295747584,"threadCount":25,"fdCount":21,"mutationCount":1218,"typeCounts":{"recording_order_reserved":308,"segment_v2_bound_finalized":306,"segment_v2_state":302,"segment_v2_deleted":302},"identityBytes":193340,"combinedLogicalIds":2742,"combinedLogicalBytes":376625,"rotations":0,"partialBytes":0,"progress":{"elapsedMs":308809.62216699996,"channels":{"9101":{"finalized":153,"deleted":151,"lastAt":311850.119875,"order":"306","store":"decc5fe692ea2728eab93f3eddc3828e6fe258eea6ff4860cc2ad8d8590c5757","knownMappings":119,"unknownMappings":4396},"9201":{"finalized":153,"deleted":151,"lastAt":311850.119875,"order":"305","store":"decc5fe692ea2728eab93f3eddc3828e6fe258eea6ff4860cc2ad8d8590c5757","knownMappings":124,"unknownMappings":4692}},"records":306,"logicalBytes":183285},"resourceTrendPass":false}
[pass] LP26-O05 active 9101
[pass] LP26-O05 active 9201
[pass] LP26-O03 deleted media absent
[pass] LP26-O03 deleted media absent
[pass] LP26-O03 deleted media absent
[pass] LP26-O03 deleted media absent
[pass] LP26-O03 deleted media absent
[pass] LP26-O03 deleted media absent
[current-observation] {"pid":26665,"startIdentity":"macos:1790137862:584770","sampledAt":1790138178000,"phaseAt":316974.427666,"rssBytes":295796736,"threadCount":25,"fdCount":31,"mutationCount":1242,"typeCounts":{"recording_order_reserved":314,"segment_v2_bound_finalized":312,"segment_v2_state":308,"segment_v2_deleted":308},"identityBytes":197150,"combinedLogicalIds":2796,"combinedLogicalBytes":384039,"rotations":0,"partialBytes":0,"progress":{"elapsedMs":313933.92995799996,"channels":{"9101":{"finalized":156,"deleted":154,"lastAt":316974.427666,"order":"312","store":"decc5fe692ea2728eab93f3eddc3828e6fe258eea6ff4860cc2ad8d8590c5757","knownMappings":121,"unknownMappings":4446},"9201":{"finalized":156,"deleted":154,"lastAt":316974.427666,"order":"311","store":"decc5fe692ea2728eab93f3eddc3828e6fe258eea6ff4860cc2ad8d8590c5757","knownMappings":127,"unknownMappings":4708}},"records":312,"logicalBytes":186889},"resourceTrendPass":false}
[pass] LP26-O05 active 9101
[pass] LP26-O05 active 9201
[pass] LP26-O03 deleted media absent
[pass] LP26-O03 deleted media absent
[pass] LP26-O03 deleted media absent
[pass] LP26-O03 deleted media absent
[current-observation] {"pid":26665,"startIdentity":"macos:1790137862:584770","sampledAt":1790138183126,"phaseAt":322100.572416,"rssBytes":295895040,"threadCount":25,"fdCount":21,"mutationCount":1258,"typeCounts":{"recording_order_reserved":318,"segment_v2_bound_finalized":316,"segment_v2_state":312,"segment_v2_deleted":312},"identityBytes":199690,"combinedLogicalIds":2832,"combinedLogicalBytes":388975,"rotations":0,"partialBytes":0,"progress":{"elapsedMs":319060.074708,"channels":{"9101":{"finalized":158,"deleted":156,"lastAt":322100.572416,"order":"316","store":"decc5fe692ea2728eab93f3eddc3828e6fe258eea6ff4860cc2ad8d8590c5757","knownMappings":123,"unknownMappings":4502},"9201":{"finalized":158,"deleted":156,"lastAt":322100.572416,"order":"315","store":"decc5fe692ea2728eab93f3eddc3828e6fe258eea6ff4860cc2ad8d8590c5757","knownMappings":129,"unknownMappings":4718}},"records":316,"logicalBytes":189285},"resourceTrendPass":false}
[pass] LP26-O05 active 9101
[pass] LP26-O05 active 9201
[pass] LP26-O03 deleted media absent
[pass] LP26-O03 deleted media absent
[pass] LP26-O03 deleted media absent
[pass] LP26-O03 deleted media absent
[pass] LP26-O03 deleted media absent
[pass] LP26-O03 deleted media absent
[current-observation] {"pid":26665,"startIdentity":"macos:1790137862:584770","sampledAt":1790138188248,"phaseAt":327222.2505,"rssBytes":296058880,"threadCount":25,"fdCount":31,"mutationCount":1282,"typeCounts":{"recording_order_reserved":324,"segment_v2_bound_finalized":322,"segment_v2_state":318,"segment_v2_deleted":318},"identityBytes":203500,"combinedLogicalIds":2886,"combinedLogicalBytes":396371,"rotations":0,"partialBytes":0,"progress":{"elapsedMs":324181.752792,"channels":{"9101":{"finalized":161,"deleted":159,"lastAt":327222.2505,"order":"322","store":"decc5fe692ea2728eab93f3eddc3828e6fe258eea6ff4860cc2ad8d8590c5757","knownMappings":125,"unknownMappings":4542},"9201":{"finalized":161,"deleted":159,"lastAt":327222.2505,"order":"321","store":"decc5fe692ea2728eab93f3eddc3828e6fe258eea6ff4860cc2ad8d8590c5757","knownMappings":132,"unknownMappings":4760}},"records":322,"logicalBytes":192871},"resourceTrendPass":false}
[pass] LP26-O05 active 9101
[pass] LP26-O05 active 9201
[pass] LP26-O03 deleted media absent
[pass] LP26-O03 deleted media absent
[pass] LP26-O03 deleted media absent
[pass] LP26-O03 deleted media absent
[current-observation] {"pid":26665,"startIdentity":"macos:1790137862:584770","sampledAt":1790138193383,"phaseAt":332357.57175,"rssBytes":296091648,"threadCount":25,"fdCount":25,"mutationCount":1298,"typeCounts":{"recording_order_reserved":328,"segment_v2_bound_finalized":326,"segment_v2_state":322,"segment_v2_deleted":322},"identityBytes":206040,"combinedLogicalIds":2922,"combinedLogicalBytes":401308,"rotations":0,"partialBytes":0,"progress":{"elapsedMs":329317.074042,"channels":{"9101":{"finalized":163,"deleted":161,"lastAt":332357.57175,"order":"326","store":"decc5fe692ea2728eab93f3eddc3828e6fe258eea6ff4860cc2ad8d8590c5757","knownMappings":127,"unknownMappings":4584},"9201":{"finalized":163,"deleted":161,"lastAt":332357.57175,"order":"325","store":"decc5fe692ea2728eab93f3eddc3828e6fe258eea6ff4860cc2ad8d8590c5757","knownMappings":134,"unknownMappings":4778}},"records":326,"logicalBytes":195268},"resourceTrendPass":false}
[pass] LP26-O05 active 9101
[pass] LP26-O05 active 9201
[pass] LP26-O03 deleted media absent
[pass] LP26-O03 deleted media absent
[pass] LP26-O03 deleted media absent
[pass] LP26-O03 deleted media absent
[pass] LP26-O03 deleted media absent
[pass] LP26-O03 deleted media absent
[current-observation] {"pid":26665,"startIdentity":"macos:1790137862:584770","sampledAt":1790138198500,"phaseAt":337474.239416,"rssBytes":296239104,"threadCount":25,"fdCount":31,"mutationCount":1322,"typeCounts":{"recording_order_reserved":334,"segment_v2_bound_finalized":332,"segment_v2_state":328,"segment_v2_deleted":328},"identityBytes":209850,"combinedLogicalIds":2976,"combinedLogicalBytes":408724,"rotations":0,"partialBytes":0,"progress":{"elapsedMs":334433.741708,"channels":{"9101":{"finalized":166,"deleted":164,"lastAt":337474.239416,"order":"332","store":"decc5fe692ea2728eab93f3eddc3828e6fe258eea6ff4860cc2ad8d8590c5757","knownMappings":128,"unknownMappings":4662},"9201":{"finalized":166,"deleted":164,"lastAt":337474.239416,"order":"331","store":"decc5fe692ea2728eab93f3eddc3828e6fe258eea6ff4860cc2ad8d8590c5757","knownMappings":137,"unknownMappings":4830}},"records":332,"logicalBytes":198874},"resourceTrendPass":false}
[pass] LP26-O05 active 9101
[pass] LP26-O05 active 9201
[pass] LP26-O03 deleted media absent
[pass] LP26-O03 deleted media absent
[pass] LP26-O03 deleted media absent
[pass] LP26-O03 deleted media absent
[current-observation] {"pid":26665,"startIdentity":"macos:1790137862:584770","sampledAt":1790138203626,"phaseAt":342600.31325,"rssBytes":296353792,"threadCount":25,"fdCount":25,"mutationCount":1338,"typeCounts":{"recording_order_reserved":338,"segment_v2_bound_finalized":336,"segment_v2_state":332,"segment_v2_deleted":332},"identityBytes":212391,"combinedLogicalIds":3012,"combinedLogicalBytes":413663,"rotations":0,"partialBytes":0,"progress":{"elapsedMs":339559.815542,"channels":{"9101":{"finalized":168,"deleted":166,"lastAt":342600.31325,"order":"336","store":"decc5fe692ea2728eab93f3eddc3828e6fe258eea6ff4860cc2ad8d8590c5757","knownMappings":130,"unknownMappings":4700},"9201":{"finalized":168,"deleted":166,"lastAt":342600.31325,"order":"335","store":"decc5fe692ea2728eab93f3eddc3828e6fe258eea6ff4860cc2ad8d8590c5757","knownMappings":138,"unknownMappings":4880}},"records":336,"logicalBytes":201272},"resourceTrendPass":false}
[pass] LP26-O05 active 9101
[pass] LP26-O05 active 9201
[pass] LP26-O03 deleted media absent
[pass] LP26-O03 deleted media absent
[pass] LP26-O03 deleted media absent
[pass] LP26-O03 deleted media absent
[pass] LP26-O03 deleted media absent
[pass] LP26-O03 deleted media absent
[current-observation] {"pid":26665,"startIdentity":"macos:1790137862:584770","sampledAt":1790138208757,"phaseAt":347731.285583,"rssBytes":296484864,"threadCount":25,"fdCount":21,"mutationCount":1362,"typeCounts":{"recording_order_reserved":344,"segment_v2_bound_finalized":342,"segment_v2_state":338,"segment_v2_deleted":338},"identityBytes":216219,"combinedLogicalIds":3066,"combinedLogicalBytes":421078,"rotations":0,"partialBytes":0,"progress":{"elapsedMs":344690.787875,"channels":{"9101":{"finalized":171,"deleted":169,"lastAt":347731.285583,"order":"341","store":"decc5fe692ea2728eab93f3eddc3828e6fe258eea6ff4860cc2ad8d8590c5757","knownMappings":133,"unknownMappings":4772},"9201":{"finalized":171,"deleted":169,"lastAt":347731.285583,"order":"342","store":"decc5fe692ea2728eab93f3eddc3828e6fe258eea6ff4860cc2ad8d8590c5757","knownMappings":141,"unknownMappings":4932}},"records":342,"logicalBytes":204859},"resourceTrendPass":false}
[pass] LP26-O05 active 9101
[pass] LP26-O05 active 9201
[pass] LP26-O03 deleted media absent
[pass] LP26-O03 deleted media absent
[pass] LP26-O03 deleted media absent
[pass] LP26-O03 deleted media absent
[pass] LP26-O03 deleted media absent
[current-observation] {"pid":26665,"startIdentity":"macos:1790137862:584770","sampledAt":1790138213890,"phaseAt":352864.189208,"rssBytes":296534016,"threadCount":25,"fdCount":21,"mutationCount":1383,"typeCounts":{"recording_order_reserved":349,"segment_v2_bound_finalized":348,"segment_v2_state":343,"segment_v2_deleted":343},"identityBytes":219570,"combinedLogicalIds":3114,"combinedLogicalBytes":428034,"rotations":0,"partialBytes":0,"progress":{"elapsedMs":349823.6915,"channels":{"9101":{"finalized":174,"deleted":172,"lastAt":352864.189208,"order":"348","store":"decc5fe692ea2728eab93f3eddc3828e6fe258eea6ff4860cc2ad8d8590c5757","knownMappings":135,"unknownMappings":4850},"9201":{"finalized":174,"deleted":171,"lastAt":352864.189208,"order":"347","store":"decc5fe692ea2728eab93f3eddc3828e6fe258eea6ff4860cc2ad8d8590c5757","knownMappings":142,"unknownMappings":4974}},"records":348,"logicalBytes":208464},"resourceTrendPass":false}
[pass] LP26-O05 active 9101
[pass] LP26-O05 active 9201
[pass] LP26-O03 deleted media absent
[pass] LP26-O03 deleted media absent
[pass] LP26-O03 deleted media absent
[pass] LP26-O03 deleted media absent
[pass] LP26-O03 deleted media absent
[current-observation] {"pid":26665,"startIdentity":"macos:1790137862:584770","sampledAt":1790138219020,"phaseAt":357994.311791,"rssBytes":296632320,"threadCount":25,"fdCount":21,"mutationCount":1402,"typeCounts":{"recording_order_reserved":354,"segment_v2_bound_finalized":352,"segment_v2_state":348,"segment_v2_deleted":348},"identityBytes":222599,"combinedLogicalIds":3156,"combinedLogicalBytes":433459,"rotations":0,"partialBytes":0,"progress":{"elapsedMs":354953.814083,"channels":{"9101":{"finalized":176,"deleted":174,"lastAt":357994.311791,"order":"351","store":"decc5fe692ea2728eab93f3eddc3828e6fe258eea6ff4860cc2ad8d8590c5757","knownMappings":137,"unknownMappings":4860},"9201":{"finalized":176,"deleted":174,"lastAt":357994.311791,"order":"352","store":"decc5fe692ea2728eab93f3eddc3828e6fe258eea6ff4860cc2ad8d8590c5757","knownMappings":144,"unknownMappings":5046}},"records":352,"logicalBytes":210860},"resourceTrendPass":false}
[pass] LP26-O05 active 9101
[pass] LP26-O05 active 9201
[pass] LP26-O03 deleted media absent
[pass] LP26-O03 deleted media absent
[pass] LP26-O03 deleted media absent
[pass] LP26-O03 deleted media absent
[pass] LP26-O03 deleted media absent
[pass] LP26-O03 deleted media absent
[current-observation] {"pid":26665,"startIdentity":"macos:1790137862:584770","sampledAt":1790138224153,"phaseAt":363127.121125,"rssBytes":296648704,"threadCount":25,"fdCount":31,"mutationCount":1426,"typeCounts":{"recording_order_reserved":360,"segment_v2_bound_finalized":358,"segment_v2_state":354,"segment_v2_deleted":354},"identityBytes":226427,"combinedLogicalIds":3210,"combinedLogicalBytes":440873,"rotations":0,"partialBytes":0,"progress":{"elapsedMs":360086.623417,"channels":{"9101":{"finalized":179,"deleted":177,"lastAt":363127.121125,"order":"357","store":"decc5fe692ea2728eab93f3eddc3828e6fe258eea6ff4860cc2ad8d8590c5757","knownMappings":140,"unknownMappings":4884},"9201":{"finalized":179,"deleted":177,"lastAt":363127.121125,"order":"358","store":"decc5fe692ea2728eab93f3eddc3828e6fe258eea6ff4860cc2ad8d8590c5757","knownMappings":147,"unknownMappings":5078}},"records":358,"logicalBytes":214446},"resourceTrendPass":false}
[pass] LP26-O05 active 9101
[pass] LP26-O05 active 9201
[pass] LP26-O03 deleted media absent
[pass] LP26-O03 deleted media absent
[pass] LP26-O03 deleted media absent
[pass] LP26-O03 deleted media absent
[current-observation] {"pid":26665,"startIdentity":"macos:1790137862:584770","sampledAt":1790138229287,"phaseAt":368261.456041,"rssBytes":296763392,"threadCount":25,"fdCount":25,"mutationCount":1442,"typeCounts":{"recording_order_reserved":364,"segment_v2_bound_finalized":362,"segment_v2_state":358,"segment_v2_deleted":358},"identityBytes":228979,"combinedLogicalIds":3246,"combinedLogicalBytes":445822,"rotations":0,"partialBytes":0,"progress":{"elapsedMs":365220.958333,"channels":{"9101":{"finalized":181,"deleted":179,"lastAt":368261.456041,"order":"362","store":"decc5fe692ea2728eab93f3eddc3828e6fe258eea6ff4860cc2ad8d8590c5757","knownMappings":142,"unknownMappings":4910},"9201":{"finalized":181,"deleted":179,"lastAt":368261.456041,"order":"361","store":"decc5fe692ea2728eab93f3eddc3828e6fe258eea6ff4860cc2ad8d8590c5757","knownMappings":149,"unknownMappings":5132}},"records":362,"logicalBytes":216843},"resourceTrendPass":false}
[pass] LP26-O05 active 9101
[pass] LP26-O05 active 9201
[pass] LP26-O03 deleted media absent
[pass] LP26-O03 deleted media absent
[pass] LP26-O03 deleted media absent
[pass] LP26-O03 deleted media absent
[pass] LP26-O03 deleted media absent
[pass] LP26-O03 deleted media absent
[current-observation] {"pid":26665,"startIdentity":"macos:1790137862:584770","sampledAt":1790138234404,"phaseAt":373378.225208,"rssBytes":296878080,"threadCount":25,"fdCount":31,"mutationCount":1466,"typeCounts":{"recording_order_reserved":370,"segment_v2_bound_finalized":368,"segment_v2_state":364,"segment_v2_deleted":364},"identityBytes":232807,"combinedLogicalIds":3300,"combinedLogicalBytes":453254,"rotations":0,"partialBytes":0,"progress":{"elapsedMs":370337.7275,"channels":{"9101":{"finalized":184,"deleted":182,"lastAt":373378.225208,"order":"368","store":"decc5fe692ea2728eab93f3eddc3828e6fe258eea6ff4860cc2ad8d8590c5757","knownMappings":144,"unknownMappings":4998},"9201":{"finalized":184,"deleted":182,"lastAt":373378.225208,"order":"367","store":"decc5fe692ea2728eab93f3eddc3828e6fe258eea6ff4860cc2ad8d8590c5757","knownMappings":150,"unknownMappings":5172}},"records":368,"logicalBytes":220447},"resourceTrendPass":false}
[pass] LP26-O05 active 9101
[pass] LP26-O05 active 9201
[pass] LP26-O03 deleted media absent
[pass] LP26-O03 deleted media absent
[pass] LP26-O03 deleted media absent
[pass] LP26-O03 deleted media absent
[current-observation] {"pid":26665,"startIdentity":"macos:1790137862:584770","sampledAt":1790138239540,"phaseAt":378513.949083,"rssBytes":296992768,"threadCount":25,"fdCount":25,"mutationCount":1482,"typeCounts":{"recording_order_reserved":374,"segment_v2_bound_finalized":372,"segment_v2_state":368,"segment_v2_deleted":368},"identityBytes":235359,"combinedLogicalIds":3336,"combinedLogicalBytes":458204,"rotations":0,"partialBytes":0,"progress":{"elapsedMs":375473.451375,"channels":{"9101":{"finalized":186,"deleted":184,"lastAt":378513.949083,"order":"372","store":"decc5fe692ea2728eab93f3eddc3828e6fe258eea6ff4860cc2ad8d8590c5757","knownMappings":146,"unknownMappings":5090},"9201":{"finalized":186,"deleted":184,"lastAt":378513.949083,"order":"371","store":"decc5fe692ea2728eab93f3eddc3828e6fe258eea6ff4860cc2ad8d8590c5757","knownMappings":152,"unknownMappings":5204}},"records":372,"logicalBytes":222845},"resourceTrendPass":false}
[pass] LP26-O05 active 9101
[pass] LP26-O05 active 9201
[pass] LP26-O03 deleted media absent
[pass] LP26-O03 deleted media absent
[pass] LP26-O03 deleted media absent
[pass] LP26-O03 deleted media absent
[pass] LP26-O03 deleted media absent
[pass] LP26-O03 deleted media absent
[current-observation] {"pid":26665,"startIdentity":"macos:1790137862:584770","sampledAt":1790138244670,"phaseAt":383643.974833,"rssBytes":297140224,"threadCount":25,"fdCount":23,"mutationCount":1506,"typeCounts":{"recording_order_reserved":380,"segment_v2_bound_finalized":378,"segment_v2_state":374,"segment_v2_deleted":374},"identityBytes":239187,"combinedLogicalIds":3390,"combinedLogicalBytes":465619,"rotations":0,"partialBytes":0,"progress":{"elapsedMs":380603.477125,"channels":{"9101":{"finalized":189,"deleted":187,"lastAt":383643.974833,"order":"378","store":"decc5fe692ea2728eab93f3eddc3828e6fe258eea6ff4860cc2ad8d8590c5757","knownMappings":149,"unknownMappings":5170},"9201":{"finalized":189,"deleted":187,"lastAt":383643.974833,"order":"377","store":"decc5fe692ea2728eab93f3eddc3828e6fe258eea6ff4860cc2ad8d8590c5757","knownMappings":154,"unknownMappings":5260}},"records":378,"logicalBytes":226432},"resourceTrendPass":false}
[pass] LP26-O05 active 9101
[pass] LP26-O05 active 9201
[pass] LP26-O03 deleted media absent
[pass] LP26-O03 deleted media absent
[pass] LP26-O03 deleted media absent
[pass] LP26-O03 deleted media absent
[current-observation] {"pid":26665,"startIdentity":"macos:1790137862:584770","sampledAt":1790138249809,"phaseAt":388783.165208,"rssBytes":297320448,"threadCount":25,"fdCount":25,"mutationCount":1522,"typeCounts":{"recording_order_reserved":384,"segment_v2_bound_finalized":382,"segment_v2_state":378,"segment_v2_deleted":378},"identityBytes":241739,"combinedLogicalIds":3426,"combinedLogicalBytes":470569,"rotations":0,"partialBytes":0,"progress":{"elapsedMs":385742.6675,"channels":{"9101":{"finalized":191,"deleted":189,"lastAt":388783.165208,"order":"382","store":"decc5fe692ea2728eab93f3eddc3828e6fe258eea6ff4860cc2ad8d8590c5757","knownMappings":150,"unknownMappings":5238},"9201":{"finalized":191,"deleted":189,"lastAt":388783.165208,"order":"381","store":"decc5fe692ea2728eab93f3eddc3828e6fe258eea6ff4860cc2ad8d8590c5757","knownMappings":155,"unknownMappings":5298}},"records":382,"logicalBytes":228830},"resourceTrendPass":false}
[pass] LP26-O05 active 9101
[pass] LP26-O05 active 9201
[pass] LP26-O03 deleted media absent
[pass] LP26-O03 deleted media absent
[pass] LP26-O03 deleted media absent
[pass] LP26-O03 deleted media absent
[pass] LP26-O03 deleted media absent
[pass] LP26-O03 deleted media absent
[current-observation] {"pid":26665,"startIdentity":"macos:1790137862:584770","sampledAt":1790138254938,"phaseAt":393911.578208,"rssBytes":297369600,"threadCount":25,"fdCount":21,"mutationCount":1546,"typeCounts":{"recording_order_reserved":390,"segment_v2_bound_finalized":388,"segment_v2_state":384,"segment_v2_deleted":384},"identityBytes":245567,"combinedLogicalIds":3480,"combinedLogicalBytes":478001,"rotations":0,"partialBytes":0,"progress":{"elapsedMs":390871.0805,"channels":{"9101":{"finalized":194,"deleted":192,"lastAt":393911.578208,"order":"388","store":"decc5fe692ea2728eab93f3eddc3828e6fe258eea6ff4860cc2ad8d8590c5757","knownMappings":152,"unknownMappings":5292},"9201":{"finalized":194,"deleted":192,"lastAt":393911.578208,"order":"387","store":"decc5fe692ea2728eab93f3eddc3828e6fe258eea6ff4860cc2ad8d8590c5757","knownMappings":158,"unknownMappings":5382}},"records":388,"logicalBytes":232434},"resourceTrendPass":false}
[pass] LP26-O05 active 9101
[pass] LP26-O05 active 9201
[pass] LP26-O03 deleted media absent
[pass] LP26-O03 deleted media absent
[pass] LP26-O03 deleted media absent
[pass] LP26-O03 deleted media absent
[pass] LP26-O03 deleted media absent
[pass] LP26-O03 deleted media absent
[current-observation] {"pid":26665,"startIdentity":"macos:1790137862:584770","sampledAt":1790138260073,"phaseAt":399046.759291,"rssBytes":297435136,"threadCount":25,"fdCount":31,"mutationCount":1570,"typeCounts":{"recording_order_reserved":396,"segment_v2_bound_finalized":394,"segment_v2_state":390,"segment_v2_deleted":390},"identityBytes":249395,"combinedLogicalIds":3534,"combinedLogicalBytes":485414,"rotations":0,"partialBytes":0,"progress":{"elapsedMs":396006.261583,"channels":{"9101":{"finalized":197,"deleted":195,"lastAt":399046.759291,"order":"394","store":"decc5fe692ea2728eab93f3eddc3828e6fe258eea6ff4860cc2ad8d8590c5757","knownMappings":155,"unknownMappings":5344},"9201":{"finalized":197,"deleted":195,"lastAt":399046.759291,"order":"393","store":"decc5fe692ea2728eab93f3eddc3828e6fe258eea6ff4860cc2ad8d8590c5757","knownMappings":159,"unknownMappings":5444}},"records":394,"logicalBytes":236019},"resourceTrendPass":false}
[pass] LP26-O05 active 9101
[pass] LP26-O05 active 9201
[pass] LP26-O03 deleted media absent
[pass] LP26-O03 deleted media absent
[pass] LP26-O03 deleted media absent
[pass] LP26-O03 deleted media absent
[current-observation] {"pid":26665,"startIdentity":"macos:1790137862:584770","sampledAt":1790138265207,"phaseAt":404181.376666,"rssBytes":297533440,"threadCount":25,"fdCount":21,"mutationCount":1586,"typeCounts":{"recording_order_reserved":400,"segment_v2_bound_finalized":398,"segment_v2_state":394,"segment_v2_deleted":394},"identityBytes":251947,"combinedLogicalIds":3570,"combinedLogicalBytes":490364,"rotations":0,"partialBytes":0,"progress":{"elapsedMs":401140.878958,"channels":{"9101":{"finalized":199,"deleted":197,"lastAt":404181.376666,"order":"398","store":"decc5fe692ea2728eab93f3eddc3828e6fe258eea6ff4860cc2ad8d8590c5757","knownMappings":156,"unknownMappings":5390},"9201":{"finalized":199,"deleted":197,"lastAt":404181.376666,"order":"397","store":"decc5fe692ea2728eab93f3eddc3828e6fe258eea6ff4860cc2ad8d8590c5757","knownMappings":160,"unknownMappings":5476}},"records":398,"logicalBytes":238417},"resourceTrendPass":false}
[pass] LP26-O05 active 9101
[pass] LP26-O05 active 9201
[pass] LP26-O03 deleted media absent
[pass] LP26-O03 deleted media absent
[pass] LP26-O03 deleted media absent
[pass] LP26-O03 deleted media absent
[pass] LP26-O03 deleted media absent
[pass] LP26-O03 deleted media absent
[current-observation] {"pid":26665,"startIdentity":"macos:1790137862:584770","sampledAt":1790138270329,"phaseAt":409303.39975,"rssBytes":297746432,"threadCount":25,"fdCount":31,"mutationCount":1610,"typeCounts":{"recording_order_reserved":406,"segment_v2_bound_finalized":404,"segment_v2_state":400,"segment_v2_deleted":400},"identityBytes":255775,"combinedLogicalIds":3624,"combinedLogicalBytes":497797,"rotations":0,"partialBytes":0,"progress":{"elapsedMs":406262.902042,"channels":{"9101":{"finalized":202,"deleted":200,"lastAt":409303.39975,"order":"404","store":"decc5fe692ea2728eab93f3eddc3828e6fe258eea6ff4860cc2ad8d8590c5757","knownMappings":159,"unknownMappings":5474},"9201":{"finalized":202,"deleted":200,"lastAt":409303.39975,"order":"403","store":"decc5fe692ea2728eab93f3eddc3828e6fe258eea6ff4860cc2ad8d8590c5757","knownMappings":161,"unknownMappings":5530}},"records":404,"logicalBytes":242022},"resourceTrendPass":false}
[pass] LP26-O05 active 9101
[pass] LP26-O05 active 9201
[pass] LP26-O03 deleted media absent
[pass] LP26-O03 deleted media absent
[pass] LP26-O03 deleted media absent
[pass] LP26-O03 deleted media absent
[current-observation] {"pid":26665,"startIdentity":"macos:1790137862:584770","sampledAt":1790138275470,"phaseAt":414444.282375,"rssBytes":298008576,"threadCount":25,"fdCount":25,"mutationCount":1626,"typeCounts":{"recording_order_reserved":410,"segment_v2_bound_finalized":408,"segment_v2_state":404,"segment_v2_deleted":404},"identityBytes":258327,"combinedLogicalIds":3660,"combinedLogicalBytes":502747,"rotations":0,"partialBytes":0,"progress":{"elapsedMs":411403.784667,"channels":{"9101":{"finalized":204,"deleted":202,"lastAt":414444.282375,"order":"408","store":"decc5fe692ea2728eab93f3eddc3828e6fe258eea6ff4860cc2ad8d8590c5757","knownMappings":161,"unknownMappings":5546},"9201":{"finalized":204,"deleted":202,"lastAt":414444.282375,"order":"407","store":"decc5fe692ea2728eab93f3eddc3828e6fe258eea6ff4860cc2ad8d8590c5757","knownMappings":163,"unknownMappings":5560}},"records":408,"logicalBytes":244420},"resourceTrendPass":false}
[pass] LP26-O05 active 9101
[pass] LP26-O05 active 9201
[pass] LP26-O03 deleted media absent
[pass] LP26-O03 deleted media absent
[pass] LP26-O03 deleted media absent
[pass] LP26-O03 deleted media absent
[pass] LP26-O03 deleted media absent
[pass] LP26-O03 deleted media absent
[current-observation] {"pid":26665,"startIdentity":"macos:1790137862:584770","sampledAt":1790138280599,"phaseAt":419572.935791,"rssBytes":298090496,"threadCount":25,"fdCount":31,"mutationCount":1650,"typeCounts":{"recording_order_reserved":416,"segment_v2_bound_finalized":414,"segment_v2_state":410,"segment_v2_deleted":410},"identityBytes":262155,"combinedLogicalIds":3714,"combinedLogicalBytes":510161,"rotations":0,"partialBytes":0,"progress":{"elapsedMs":416532.438083,"channels":{"9101":{"finalized":207,"deleted":205,"lastAt":419572.935791,"order":"414","store":"decc5fe692ea2728eab93f3eddc3828e6fe258eea6ff4860cc2ad8d8590c5757","knownMappings":164,"unknownMappings":5572},"9201":{"finalized":207,"deleted":205,"lastAt":419572.935791,"order":"413","store":"decc5fe692ea2728eab93f3eddc3828e6fe258eea6ff4860cc2ad8d8590c5757","knownMappings":165,"unknownMappings":5652}},"records":414,"logicalBytes":248006},"resourceTrendPass":false}
[pass] LP26-O05 active 9101
[pass] LP26-O05 active 9201
[pass] LP26-O03 deleted media absent
[pass] LP26-O03 deleted media absent
[pass] LP26-O03 deleted media absent
[pass] LP26-O03 deleted media absent
[current-observation] {"pid":26665,"startIdentity":"macos:1790137862:584770","sampledAt":1790138285738,"phaseAt":424711.55875,"rssBytes":298205184,"threadCount":25,"fdCount":25,"mutationCount":1666,"typeCounts":{"recording_order_reserved":420,"segment_v2_bound_finalized":418,"segment_v2_state":414,"segment_v2_deleted":414},"identityBytes":264707,"combinedLogicalIds":3750,"combinedLogicalBytes":515110,"rotations":0,"partialBytes":0,"progress":{"elapsedMs":421671.061042,"channels":{"9101":{"finalized":209,"deleted":207,"lastAt":424711.55875,"order":"417","store":"decc5fe692ea2728eab93f3eddc3828e6fe258eea6ff4860cc2ad8d8590c5757","knownMappings":166,"unknownMappings":5620},"9201":{"finalized":209,"deleted":207,"lastAt":424711.55875,"order":"418","store":"decc5fe692ea2728eab93f3eddc3828e6fe258eea6ff4860cc2ad8d8590c5757","knownMappings":166,"unknownMappings":5714}},"records":418,"logicalBytes":250403},"resourceTrendPass":false}
[pass] LP26-O05 active 9101
[pass] LP26-O05 active 9201
[pass] LP26-O03 deleted media absent
[pass] LP26-O03 deleted media absent
[pass] LP26-O03 deleted media absent
[pass] LP26-O03 deleted media absent
[pass] LP26-O03 deleted media absent
[pass] LP26-O03 deleted media absent
[current-observation] {"pid":26665,"startIdentity":"macos:1790137862:584770","sampledAt":1790138290863,"phaseAt":429836.932,"rssBytes":298467328,"threadCount":25,"fdCount":21,"mutationCount":1690,"typeCounts":{"recording_order_reserved":426,"segment_v2_bound_finalized":424,"segment_v2_state":420,"segment_v2_deleted":420},"identityBytes":268535,"combinedLogicalIds":3804,"combinedLogicalBytes":522544,"rotations":0,"partialBytes":0,"progress":{"elapsedMs":426796.43429199996,"channels":{"9101":{"finalized":212,"deleted":210,"lastAt":429836.932,"order":"424","store":"decc5fe692ea2728eab93f3eddc3828e6fe258eea6ff4860cc2ad8d8590c5757","knownMappings":169,"unknownMappings":5720},"9201":{"finalized":212,"deleted":210,"lastAt":429836.932,"order":"423","store":"decc5fe692ea2728eab93f3eddc3828e6fe258eea6ff4860cc2ad8d8590c5757","knownMappings":167,"unknownMappings":5782}},"records":424,"logicalBytes":254009},"resourceTrendPass":false}
[pass] LP26-O05 active 9101
[pass] LP26-O05 active 9201
[pass] LP26-O03 deleted media absent
[pass] LP26-O03 deleted media absent
[pass] LP26-O03 deleted media absent
[pass] LP26-O03 deleted media absent
[current-observation] {"pid":26665,"startIdentity":"macos:1790137862:584770","sampledAt":1790138296003,"phaseAt":434976.713333,"rssBytes":298500096,"threadCount":25,"fdCount":29,"mutationCount":1706,"typeCounts":{"recording_order_reserved":430,"segment_v2_bound_finalized":428,"segment_v2_state":424,"segment_v2_deleted":424},"identityBytes":271087,"combinedLogicalIds":3840,"combinedLogicalBytes":527492,"rotations":0,"partialBytes":0,"progress":{"elapsedMs":431936.215625,"channels":{"9101":{"finalized":214,"deleted":212,"lastAt":434976.713333,"order":"428","store":"decc5fe692ea2728eab93f3eddc3828e6fe258eea6ff4860cc2ad8d8590c5757","knownMappings":171,"unknownMappings":5736},"9201":{"finalized":214,"deleted":212,"lastAt":434976.713333,"order":"427","store":"decc5fe692ea2728eab93f3eddc3828e6fe258eea6ff4860cc2ad8d8590c5757","knownMappings":169,"unknownMappings":5798}},"records":428,"logicalBytes":256405},"resourceTrendPass":false}
[pass] LP26-O05 active 9101
[pass] LP26-O05 active 9201
[pass] LP26-O03 deleted media absent
[pass] LP26-O03 deleted media absent
[pass] LP26-O03 deleted media absent
[pass] LP26-O03 deleted media absent
[pass] LP26-O03 deleted media absent
[pass] LP26-O03 deleted media absent
[current-observation] {"pid":26665,"startIdentity":"macos:1790137862:584770","sampledAt":1790138301132,"phaseAt":440106.1565,"rssBytes":298696704,"threadCount":25,"fdCount":21,"mutationCount":1730,"typeCounts":{"recording_order_reserved":436,"segment_v2_bound_finalized":434,"segment_v2_state":430,"segment_v2_deleted":430},"identityBytes":274915,"combinedLogicalIds":3894,"combinedLogicalBytes":534908,"rotations":0,"partialBytes":0,"progress":{"elapsedMs":437065.658792,"channels":{"9101":{"finalized":217,"deleted":215,"lastAt":440106.1565,"order":"433","store":"decc5fe692ea2728eab93f3eddc3828e6fe258eea6ff4860cc2ad8d8590c5757","knownMappings":173,"unknownMappings":5840},"9201":{"finalized":217,"deleted":215,"lastAt":440106.1565,"order":"434","store":"decc5fe692ea2728eab93f3eddc3828e6fe258eea6ff4860cc2ad8d8590c5757","knownMappings":171,"unknownMappings":5886}},"records":434,"logicalBytes":259993},"resourceTrendPass":false}
[pass] LP26-O05 active 9101
[pass] LP26-O05 active 9201
[pass] LP26-O03 deleted media absent
[pass] LP26-O03 deleted media absent
[pass] LP26-O03 deleted media absent
[pass] LP26-O03 deleted media absent
[pass] LP26-O03 deleted media absent
[pass] LP26-O03 deleted media absent
[current-observation] {"pid":26665,"startIdentity":"macos:1790137862:584770","sampledAt":1790138306267,"phaseAt":445241.025291,"rssBytes":298795008,"threadCount":25,"fdCount":31,"mutationCount":1754,"typeCounts":{"recording_order_reserved":442,"segment_v2_bound_finalized":440,"segment_v2_state":436,"segment_v2_deleted":436},"identityBytes":278743,"combinedLogicalIds":3948,"combinedLogicalBytes":542341,"rotations":0,"partialBytes":0,"progress":{"elapsedMs":442200.527583,"channels":{"9101":{"finalized":220,"deleted":218,"lastAt":445241.025291,"order":"439","store":"decc5fe692ea2728eab93f3eddc3828e6fe258eea6ff4860cc2ad8d8590c5757","knownMappings":175,"unknownMappings":5912},"9201":{"finalized":220,"deleted":218,"lastAt":445241.025291,"order":"440","store":"decc5fe692ea2728eab93f3eddc3828e6fe258eea6ff4860cc2ad8d8590c5757","knownMappings":173,"unknownMappings":5938}},"records":440,"logicalBytes":263598},"resourceTrendPass":false}
[pass] LP26-O05 active 9101
[pass] LP26-O05 active 9201
[pass] LP26-O03 deleted media absent
[pass] LP26-O03 deleted media absent
[pass] LP26-O03 deleted media absent
[pass] LP26-O03 deleted media absent
[current-observation] {"pid":26665,"startIdentity":"macos:1790137862:584770","sampledAt":1790138311422,"phaseAt":450395.328375,"rssBytes":298909696,"threadCount":25,"fdCount":25,"mutationCount":1770,"typeCounts":{"recording_order_reserved":446,"segment_v2_bound_finalized":444,"segment_v2_state":440,"segment_v2_deleted":440},"identityBytes":281295,"combinedLogicalIds":3984,"combinedLogicalBytes":547291,"rotations":0,"partialBytes":0,"progress":{"elapsedMs":447354.830667,"channels":{"9101":{"finalized":222,"deleted":220,"lastAt":450395.328375,"order":"444","store":"decc5fe692ea2728eab93f3eddc3828e6fe258eea6ff4860cc2ad8d8590c5757","knownMappings":176,"unknownMappings":5990},"9201":{"finalized":222,"deleted":220,"lastAt":450395.328375,"order":"443","store":"decc5fe692ea2728eab93f3eddc3828e6fe258eea6ff4860cc2ad8d8590c5757","knownMappings":174,"unknownMappings":5990}},"records":444,"logicalBytes":265996},"resourceTrendPass":false}
[pass] LP26-O05 active 9101
[pass] LP26-O05 active 9201
[pass] LP26-O03 deleted media absent
[pass] LP26-O03 deleted media absent
[pass] LP26-O03 deleted media absent
[pass] LP26-O03 deleted media absent
[pass] LP26-O03 deleted media absent
[pass] LP26-O03 deleted media absent
[current-observation] {"pid":26665,"startIdentity":"macos:1790137862:584770","sampledAt":1790138316544,"phaseAt":455517.800083,"rssBytes":299073536,"threadCount":25,"fdCount":31,"mutationCount":1794,"typeCounts":{"recording_order_reserved":452,"segment_v2_bound_finalized":450,"segment_v2_state":446,"segment_v2_deleted":446},"identityBytes":285123,"combinedLogicalIds":4038,"combinedLogicalBytes":554705,"rotations":0,"partialBytes":0,"progress":{"elapsedMs":452477.30237499997,"channels":{"9101":{"finalized":225,"deleted":223,"lastAt":455517.800083,"order":"449","store":"decc5fe692ea2728eab93f3eddc3828e6fe258eea6ff4860cc2ad8d8590c5757","knownMappings":179,"unknownMappings":6016},"9201":{"finalized":225,"deleted":223,"lastAt":455517.800083,"order":"450","store":"decc5fe692ea2728eab93f3eddc3828e6fe258eea6ff4860cc2ad8d8590c5757","knownMappings":177,"unknownMappings":6060}},"records":450,"logicalBytes":269582},"resourceTrendPass":false}
[pass] LP26-O05 active 9101
[pass] LP26-O05 active 9201
[pass] LP26-O03 deleted media absent
[pass] LP26-O03 deleted media absent
[pass] LP26-O03 deleted media absent
[pass] LP26-O03 deleted media absent
[current-observation] {"pid":26665,"startIdentity":"macos:1790137862:584770","sampledAt":1790138321683,"phaseAt":460656.371083,"rssBytes":299171840,"threadCount":25,"fdCount":25,"mutationCount":1810,"typeCounts":{"recording_order_reserved":456,"segment_v2_bound_finalized":454,"segment_v2_state":450,"segment_v2_deleted":450},"identityBytes":287675,"combinedLogicalIds":4074,"combinedLogicalBytes":559653,"rotations":0,"partialBytes":0,"progress":{"elapsedMs":457615.87337499997,"channels":{"9101":{"finalized":227,"deleted":225,"lastAt":460656.371083,"order":"453","store":"decc5fe692ea2728eab93f3eddc3828e6fe258eea6ff4860cc2ad8d8590c5757","knownMappings":181,"unknownMappings":6054},"9201":{"finalized":227,"deleted":225,"lastAt":460656.371083,"order":"454","store":"decc5fe692ea2728eab93f3eddc3828e6fe258eea6ff4860cc2ad8d8590c5757","knownMappings":179,"unknownMappings":6106}},"records":454,"logicalBytes":271978},"resourceTrendPass":false}
[pass] LP26-O05 active 9101
[pass] LP26-O05 active 9201
[pass] LP26-O03 deleted media absent
[pass] LP26-O03 deleted media absent
[pass] LP26-O03 deleted media absent
[pass] LP26-O03 deleted media absent
[pass] LP26-O03 deleted media absent
[pass] LP26-O03 deleted media absent
[current-observation] {"pid":26665,"startIdentity":"macos:1790137862:584770","sampledAt":1790138326810,"phaseAt":465783.812125,"rssBytes":299302912,"threadCount":25,"fdCount":23,"mutationCount":1834,"typeCounts":{"recording_order_reserved":462,"segment_v2_bound_finalized":460,"segment_v2_state":456,"segment_v2_deleted":456},"identityBytes":291503,"combinedLogicalIds":4128,"combinedLogicalBytes":567087,"rotations":0,"partialBytes":0,"progress":{"elapsedMs":462743.314417,"channels":{"9101":{"finalized":230,"deleted":228,"lastAt":465783.812125,"order":"459","store":"decc5fe692ea2728eab93f3eddc3828e6fe258eea6ff4860cc2ad8d8590c5757","knownMappings":184,"unknownMappings":6144},"9201":{"finalized":230,"deleted":228,"lastAt":465783.812125,"order":"460","store":"decc5fe692ea2728eab93f3eddc3828e6fe258eea6ff4860cc2ad8d8590c5757","knownMappings":180,"unknownMappings":6152}},"records":460,"logicalBytes":275584},"resourceTrendPass":false}
[pass] LP26-O05 active 9101
[pass] LP26-O05 active 9201
[pass] LP26-O03 deleted media absent
[pass] LP26-O03 deleted media absent
[pass] LP26-O03 deleted media absent
[pass] LP26-O03 deleted media absent
[current-observation] {"pid":26665,"startIdentity":"macos:1790137862:584770","sampledAt":1790138331944,"phaseAt":470917.674125,"rssBytes":299384832,"threadCount":25,"fdCount":25,"mutationCount":1850,"typeCounts":{"recording_order_reserved":466,"segment_v2_bound_finalized":464,"segment_v2_state":460,"segment_v2_deleted":460},"identityBytes":294055,"combinedLogicalIds":4164,"combinedLogicalBytes":572037,"rotations":0,"partialBytes":0,"progress":{"elapsedMs":467877.176417,"channels":{"9101":{"finalized":232,"deleted":230,"lastAt":470917.674125,"order":"463","store":"decc5fe692ea2728eab93f3eddc3828e6fe258eea6ff4860cc2ad8d8590c5757","knownMappings":185,"unknownMappings":6180},"9201":{"finalized":232,"deleted":230,"lastAt":470917.674125,"order":"464","store":"decc5fe692ea2728eab93f3eddc3828e6fe258eea6ff4860cc2ad8d8590c5757","knownMappings":181,"unknownMappings":6232}},"records":464,"logicalBytes":277982},"resourceTrendPass":false}
[pass] LP26-O05 active 9101
[pass] LP26-O05 active 9201
[pass] LP26-O03 deleted media absent
[pass] LP26-O03 deleted media absent
[pass] LP26-O03 deleted media absent
[pass] LP26-O03 deleted media absent
[pass] LP26-O03 deleted media absent
[pass] LP26-O03 deleted media absent
[current-observation] {"pid":26665,"startIdentity":"macos:1790137862:584770","sampledAt":1790138337074,"phaseAt":476047.602083,"rssBytes":299597824,"threadCount":25,"fdCount":21,"mutationCount":1874,"typeCounts":{"recording_order_reserved":472,"segment_v2_bound_finalized":470,"segment_v2_state":466,"segment_v2_deleted":466},"identityBytes":297883,"combinedLogicalIds":4218,"combinedLogicalBytes":579453,"rotations":0,"partialBytes":0,"progress":{"elapsedMs":473007.104375,"channels":{"9101":{"finalized":235,"deleted":233,"lastAt":476047.602083,"order":"469","store":"decc5fe692ea2728eab93f3eddc3828e6fe258eea6ff4860cc2ad8d8590c5757","knownMappings":188,"unknownMappings":6302},"9201":{"finalized":235,"deleted":233,"lastAt":476047.602083,"order":"470","store":"decc5fe692ea2728eab93f3eddc3828e6fe258eea6ff4860cc2ad8d8590c5757","knownMappings":183,"unknownMappings":6368}},"records":470,"logicalBytes":281570},"resourceTrendPass":false}
[pass] LP26-O05 active 9101
[pass] LP26-O05 active 9201
[pass] LP26-O03 deleted media absent
[pass] LP26-O03 deleted media absent
[pass] LP26-O03 deleted media absent
[pass] LP26-O03 deleted media absent
[pass] LP26-O03 deleted media absent
[pass] LP26-O03 deleted media absent
[current-observation] {"pid":26665,"startIdentity":"macos:1790137862:584770","sampledAt":1790138342230,"phaseAt":481203.591041,"rssBytes":299827200,"threadCount":25,"fdCount":31,"mutationCount":1898,"typeCounts":{"recording_order_reserved":478,"segment_v2_bound_finalized":476,"segment_v2_state":472,"segment_v2_deleted":472},"identityBytes":301711,"combinedLogicalIds":4272,"combinedLogicalBytes":586887,"rotations":0,"partialBytes":0,"progress":{"elapsedMs":478163.09333299997,"channels":{"9101":{"finalized":238,"deleted":236,"lastAt":481203.591041,"order":"475","store":"decc5fe692ea2728eab93f3eddc3828e6fe258eea6ff4860cc2ad8d8590c5757","knownMappings":188,"unknownMappings":6432},"9201":{"finalized":238,"deleted":236,"lastAt":481203.591041,"order":"476","store":"decc5fe692ea2728eab93f3eddc3828e6fe258eea6ff4860cc2ad8d8590c5757","knownMappings":186,"unknownMappings":6464}},"records":476,"logicalBytes":285176},"resourceTrendPass":false}
[pass] LP26-O05 active 9101
[pass] LP26-O05 active 9201
[pass] LP26-O03 deleted media absent
[pass] LP26-O03 deleted media absent
[pass] LP26-O03 deleted media absent
[pass] LP26-O03 deleted media absent
[current-observation] {"pid":26665,"startIdentity":"macos:1790137862:584770","sampledAt":1790138347388,"phaseAt":486361.127458,"rssBytes":300007424,"threadCount":25,"fdCount":25,"mutationCount":1914,"typeCounts":{"recording_order_reserved":482,"segment_v2_bound_finalized":480,"segment_v2_state":476,"segment_v2_deleted":476},"identityBytes":304263,"combinedLogicalIds":4308,"combinedLogicalBytes":591837,"rotations":0,"partialBytes":0,"progress":{"elapsedMs":483320.62974999996,"channels":{"9101":{"finalized":240,"deleted":238,"lastAt":486361.127458,"order":"479","store":"decc5fe692ea2728eab93f3eddc3828e6fe258eea6ff4860cc2ad8d8590c5757","knownMappings":188,"unknownMappings":6478},"9201":{"finalized":240,"deleted":238,"lastAt":486361.127458,"order":"480","store":"decc5fe692ea2728eab93f3eddc3828e6fe258eea6ff4860cc2ad8d8590c5757","knownMappings":187,"unknownMappings":6550}},"records":480,"logicalBytes":287574},"resourceTrendPass":false}
[pass] LP26-O05 active 9101
[pass] LP26-O05 active 9201
[pass] LP26-O03 deleted media absent
[pass] LP26-O03 deleted media absent
[pass] LP26-O03 deleted media absent
[pass] LP26-O03 deleted media absent
[pass] LP26-O03 deleted media absent
[pass] LP26-O03 deleted media absent
[current-observation] {"pid":26665,"startIdentity":"macos:1790137862:584770","sampledAt":1790138352524,"phaseAt":491497.491375,"rssBytes":300105728,"threadCount":25,"fdCount":31,"mutationCount":1938,"typeCounts":{"recording_order_reserved":488,"segment_v2_bound_finalized":486,"segment_v2_state":482,"segment_v2_deleted":482},"identityBytes":308091,"combinedLogicalIds":4362,"combinedLogicalBytes":599253,"rotations":0,"partialBytes":0,"progress":{"elapsedMs":488456.993667,"channels":{"9101":{"finalized":243,"deleted":241,"lastAt":491497.491375,"order":"485","store":"decc5fe692ea2728eab93f3eddc3828e6fe258eea6ff4860cc2ad8d8590c5757","knownMappings":190,"unknownMappings":6564},"9201":{"finalized":243,"deleted":241,"lastAt":491497.491375,"order":"486","store":"decc5fe692ea2728eab93f3eddc3828e6fe258eea6ff4860cc2ad8d8590c5757","knownMappings":189,"unknownMappings":6668}},"records":486,"logicalBytes":291162},"resourceTrendPass":false}
[pass] LP26-O05 active 9101
[pass] LP26-O05 active 9201
[pass] LP26-O03 deleted media absent
[pass] LP26-O03 deleted media absent
[pass] LP26-O03 deleted media absent
[pass] LP26-O03 deleted media absent
[current-observation] {"pid":26665,"startIdentity":"macos:1790137862:584770","sampledAt":1790138357671,"phaseAt":496644.613916,"rssBytes":300400640,"threadCount":25,"fdCount":25,"mutationCount":1954,"typeCounts":{"recording_order_reserved":492,"segment_v2_bound_finalized":490,"segment_v2_state":486,"segment_v2_deleted":486},"identityBytes":310643,"combinedLogicalIds":4398,"combinedLogicalBytes":604203,"rotations":0,"partialBytes":0,"progress":{"elapsedMs":493604.116208,"channels":{"9101":{"finalized":245,"deleted":243,"lastAt":496644.613916,"order":"490","store":"decc5fe692ea2728eab93f3eddc3828e6fe258eea6ff4860cc2ad8d8590c5757","knownMappings":191,"unknownMappings":6656},"9201":{"finalized":245,"deleted":243,"lastAt":496644.613916,"order":"489","store":"decc5fe692ea2728eab93f3eddc3828e6fe258eea6ff4860cc2ad8d8590c5757","knownMappings":190,"unknownMappings":6758}},"records":490,"logicalBytes":293560},"resourceTrendPass":false}
[pass] LP26-O05 active 9101
[pass] LP26-O05 active 9201
[pass] LP26-O03 deleted media absent
[pass] LP26-O03 deleted media absent
[pass] LP26-O03 deleted media absent
[pass] LP26-O03 deleted media absent
[pass] LP26-O03 deleted media absent
[pass] LP26-O03 deleted media absent
[current-observation] {"pid":26665,"startIdentity":"macos:1790137862:584770","sampledAt":1790138362810,"phaseAt":501783.356541,"rssBytes":300531712,"threadCount":25,"fdCount":23,"mutationCount":1978,"typeCounts":{"recording_order_reserved":498,"segment_v2_bound_finalized":496,"segment_v2_state":492,"segment_v2_deleted":492},"identityBytes":314471,"combinedLogicalIds":4452,"combinedLogicalBytes":611637,"rotations":0,"partialBytes":0,"progress":{"elapsedMs":498742.858833,"channels":{"9101":{"finalized":248,"deleted":246,"lastAt":501783.356541,"order":"496","store":"decc5fe692ea2728eab93f3eddc3828e6fe258eea6ff4860cc2ad8d8590c5757","knownMappings":192,"unknownMappings":6756},"9201":{"finalized":248,"deleted":246,"lastAt":501783.356541,"order":"495","store":"decc5fe692ea2728eab93f3eddc3828e6fe258eea6ff4860cc2ad8d8590c5757","knownMappings":191,"unknownMappings":6860}},"records":496,"logicalBytes":297166},"resourceTrendPass":false}
[pass] LP26-O05 active 9101
[pass] LP26-O05 active 9201
[pass] LP26-O03 deleted media absent
[pass] LP26-O03 deleted media absent
[pass] LP26-O03 deleted media absent
[pass] LP26-O03 deleted media absent
[current-observation] {"pid":26665,"startIdentity":"macos:1790137862:584770","sampledAt":1790138367962,"phaseAt":506935.449166,"rssBytes":300679168,"threadCount":25,"fdCount":25,"mutationCount":1994,"typeCounts":{"recording_order_reserved":502,"segment_v2_bound_finalized":500,"segment_v2_state":496,"segment_v2_deleted":496},"identityBytes":317023,"combinedLogicalIds":4488,"combinedLogicalBytes":616587,"rotations":0,"partialBytes":0,"progress":{"elapsedMs":503894.951458,"channels":{"9101":{"finalized":250,"deleted":248,"lastAt":506935.449166,"order":"499","store":"decc5fe692ea2728eab93f3eddc3828e6fe258eea6ff4860cc2ad8d8590c5757","knownMappings":194,"unknownMappings":6792},"9201":{"finalized":250,"deleted":248,"lastAt":506935.449166,"order":"500","store":"decc5fe692ea2728eab93f3eddc3828e6fe258eea6ff4860cc2ad8d8590c5757","knownMappings":193,"unknownMappings":6902}},"records":500,"logicalBytes":299564},"resourceTrendPass":false}
[pass] LP26-O05 active 9101
[pass] LP26-O05 active 9201
[pass] LP26-O03 deleted media absent
[pass] LP26-O03 deleted media absent
[pass] LP26-O03 deleted media absent
[pass] LP26-O03 deleted media absent
[pass] LP26-O03 deleted media absent
[pass] LP26-O03 deleted media absent
[current-observation] {"pid":26665,"startIdentity":"macos:1790137862:584770","sampledAt":1790138373085,"phaseAt":512058.804416,"rssBytes":300744704,"threadCount":25,"fdCount":21,"mutationCount":2018,"typeCounts":{"recording_order_reserved":508,"segment_v2_bound_finalized":506,"segment_v2_state":502,"segment_v2_deleted":502},"identityBytes":320851,"combinedLogicalIds":4542,"combinedLogicalBytes":624002,"rotations":0,"partialBytes":0,"progress":{"elapsedMs":509018.306708,"channels":{"9101":{"finalized":253,"deleted":251,"lastAt":512058.804416,"order":"506","store":"decc5fe692ea2728eab93f3eddc3828e6fe258eea6ff4860cc2ad8d8590c5757","knownMappings":196,"unknownMappings":6878},"9201":{"finalized":253,"deleted":251,"lastAt":512058.804416,"order":"505","store":"decc5fe692ea2728eab93f3eddc3828e6fe258eea6ff4860cc2ad8d8590c5757","knownMappings":195,"unknownMappings":6992}},"records":506,"logicalBytes":303151},"resourceTrendPass":false}
[pass] LP26-O05 active 9101
[pass] LP26-O05 active 9201
[pass] LP26-O03 deleted media absent
[pass] LP26-O03 deleted media absent
[pass] LP26-O03 deleted media absent
[pass] LP26-O03 deleted media absent
[pass] LP26-O03 deleted media absent
[pass] LP26-O03 deleted media absent
[current-observation] {"pid":26665,"startIdentity":"macos:1790137862:584770","sampledAt":1790138378223,"phaseAt":517196.061833,"rssBytes":300957696,"threadCount":25,"fdCount":31,"mutationCount":2042,"typeCounts":{"recording_order_reserved":514,"segment_v2_bound_finalized":512,"segment_v2_state":508,"segment_v2_deleted":508},"identityBytes":324679,"combinedLogicalIds":4596,"combinedLogicalBytes":631436,"rotations":0,"partialBytes":0,"progress":{"elapsedMs":514155.564125,"channels":{"9101":{"finalized":256,"deleted":254,"lastAt":517196.061833,"order":"512","store":"decc5fe692ea2728eab93f3eddc3828e6fe258eea6ff4860cc2ad8d8590c5757","knownMappings":198,"unknownMappings":7014},"9201":{"finalized":256,"deleted":254,"lastAt":517196.061833,"order":"511","store":"decc5fe692ea2728eab93f3eddc3828e6fe258eea6ff4860cc2ad8d8590c5757","knownMappings":198,"unknownMappings":7054}},"records":512,"logicalBytes":306757},"resourceTrendPass":false}
[pass] LP26-O05 active 9101
[pass] LP26-O05 active 9201
[pass] LP26-O03 deleted media absent
[pass] LP26-O03 deleted media absent
[pass] LP26-O03 deleted media absent
[pass] LP26-O03 deleted media absent
[current-observation] {"pid":26665,"startIdentity":"macos:1790137862:584770","sampledAt":1790138383365,"phaseAt":522338.559541,"rssBytes":301121536,"threadCount":25,"fdCount":21,"mutationCount":2058,"typeCounts":{"recording_order_reserved":518,"segment_v2_bound_finalized":516,"segment_v2_state":512,"segment_v2_deleted":512},"identityBytes":327231,"combinedLogicalIds":4632,"combinedLogicalBytes":636386,"rotations":0,"partialBytes":0,"progress":{"elapsedMs":519298.061833,"channels":{"9101":{"finalized":258,"deleted":256,"lastAt":522338.559541,"order":"515","store":"decc5fe692ea2728eab93f3eddc3828e6fe258eea6ff4860cc2ad8d8590c5757","knownMappings":199,"unknownMappings":7072},"9201":{"finalized":258,"deleted":256,"lastAt":522338.559541,"order":"516","store":"decc5fe692ea2728eab93f3eddc3828e6fe258eea6ff4860cc2ad8d8590c5757","knownMappings":200,"unknownMappings":7134}},"records":516,"logicalBytes":309155},"resourceTrendPass":false}
[pass] LP26-O05 active 9101
[pass] LP26-O05 active 9201
[pass] LP26-O03 deleted media absent
[pass] LP26-O03 deleted media absent
[pass] LP26-O03 deleted media absent
[pass] LP26-O03 deleted media absent
[pass] LP26-O03 deleted media absent
[pass] LP26-O03 deleted media absent
[current-observation] {"pid":26665,"startIdentity":"macos:1790137862:584770","sampledAt":1790138388501,"phaseAt":527474.743541,"rssBytes":301367296,"threadCount":25,"fdCount":31,"mutationCount":2082,"typeCounts":{"recording_order_reserved":524,"segment_v2_bound_finalized":522,"segment_v2_state":518,"segment_v2_deleted":518},"identityBytes":331059,"combinedLogicalIds":4686,"combinedLogicalBytes":643802,"rotations":0,"partialBytes":0,"progress":{"elapsedMs":524434.2458329999,"channels":{"9101":{"finalized":261,"deleted":259,"lastAt":527474.743541,"order":"522","store":"decc5fe692ea2728eab93f3eddc3828e6fe258eea6ff4860cc2ad8d8590c5757","knownMappings":202,"unknownMappings":7196},"9201":{"finalized":261,"deleted":259,"lastAt":527474.743541,"order":"521","store":"decc5fe692ea2728eab93f3eddc3828e6fe258eea6ff4860cc2ad8d8590c5757","knownMappings":202,"unknownMappings":7248}},"records":522,"logicalBytes":312743},"resourceTrendPass":false}
[pass] LP26-O05 active 9101
[pass] LP26-O05 active 9201
[pass] LP26-O03 deleted media absent
[pass] LP26-O03 deleted media absent
[pass] LP26-O03 deleted media absent
[pass] LP26-O03 deleted media absent
[current-observation] {"pid":26665,"startIdentity":"macos:1790137862:584770","sampledAt":1790138393653,"phaseAt":532625.910833,"rssBytes":301563904,"threadCount":25,"fdCount":25,"mutationCount":2098,"typeCounts":{"recording_order_reserved":528,"segment_v2_bound_finalized":526,"segment_v2_state":522,"segment_v2_deleted":522},"identityBytes":333611,"combinedLogicalIds":4722,"combinedLogicalBytes":648752,"rotations":0,"partialBytes":0,"progress":{"elapsedMs":529585.413125,"channels":{"9101":{"finalized":263,"deleted":261,"lastAt":532625.910833,"order":"526","store":"decc5fe692ea2728eab93f3eddc3828e6fe258eea6ff4860cc2ad8d8590c5757","knownMappings":204,"unknownMappings":7260},"9201":{"finalized":263,"deleted":261,"lastAt":532625.910833,"order":"525","store":"decc5fe692ea2728eab93f3eddc3828e6fe258eea6ff4860cc2ad8d8590c5757","knownMappings":204,"unknownMappings":7296}},"records":526,"logicalBytes":315141},"resourceTrendPass":false}
[pass] LP26-O05 active 9101
[pass] LP26-O05 active 9201
[pass] LP26-O03 deleted media absent
[pass] LP26-O03 deleted media absent
[pass] LP26-O03 deleted media absent
[pass] LP26-O03 deleted media absent
[pass] LP26-O03 deleted media absent
[pass] LP26-O03 deleted media absent
[current-observation] {"pid":26665,"startIdentity":"macos:1790137862:584770","sampledAt":1790138398785,"phaseAt":537758.0325,"rssBytes":301711360,"threadCount":25,"fdCount":31,"mutationCount":2122,"typeCounts":{"recording_order_reserved":534,"segment_v2_bound_finalized":532,"segment_v2_state":528,"segment_v2_deleted":528},"identityBytes":337439,"combinedLogicalIds":4776,"combinedLogicalBytes":656186,"rotations":0,"partialBytes":0,"progress":{"elapsedMs":534717.534792,"channels":{"9101":{"finalized":266,"deleted":264,"lastAt":537758.0325,"order":"532","store":"decc5fe692ea2728eab93f3eddc3828e6fe258eea6ff4860cc2ad8d8590c5757","knownMappings":207,"unknownMappings":7368},"9201":{"finalized":266,"deleted":264,"lastAt":537758.0325,"order":"531","store":"decc5fe692ea2728eab93f3eddc3828e6fe258eea6ff4860cc2ad8d8590c5757","knownMappings":207,"unknownMappings":7422}},"records":532,"logicalBytes":318747},"resourceTrendPass":false}
[pass] LP26-O05 active 9101
[pass] LP26-O05 active 9201
[pass] LP26-O03 deleted media absent
[pass] LP26-O03 deleted media absent
[pass] LP26-O03 deleted media absent
[pass] LP26-O03 deleted media absent
[current-observation] {"pid":26665,"startIdentity":"macos:1790137862:584770","sampledAt":1790138403927,"phaseAt":542900.30825,"rssBytes":301989888,"threadCount":25,"fdCount":25,"mutationCount":2138,"typeCounts":{"recording_order_reserved":538,"segment_v2_bound_finalized":536,"segment_v2_state":532,"segment_v2_deleted":532},"identityBytes":339991,"combinedLogicalIds":4812,"combinedLogicalBytes":661136,"rotations":0,"partialBytes":0,"progress":{"elapsedMs":539859.810542,"channels":{"9101":{"finalized":268,"deleted":266,"lastAt":542900.30825,"order":"536","store":"decc5fe692ea2728eab93f3eddc3828e6fe258eea6ff4860cc2ad8d8590c5757","knownMappings":209,"unknownMappings":7464},"9201":{"finalized":268,"deleted":266,"lastAt":542900.30825,"order":"535","store":"decc5fe692ea2728eab93f3eddc3828e6fe258eea6ff4860cc2ad8d8590c5757","knownMappings":207,"unknownMappings":7518}},"records":536,"logicalBytes":321145},"resourceTrendPass":false}
[pass] LP26-O05 active 9101
[pass] LP26-O05 active 9201
[pass] LP26-O03 deleted media absent
[pass] LP26-O03 deleted media absent
[pass] LP26-O03 deleted media absent
[pass] LP26-O03 deleted media absent
[pass] LP26-O03 deleted media absent
[pass] LP26-O03 deleted media absent
[current-observation] {"pid":26665,"startIdentity":"macos:1790137862:584770","sampledAt":1790138409068,"phaseAt":548040.928166,"rssBytes":302186496,"threadCount":25,"fdCount":21,"mutationCount":2162,"typeCounts":{"recording_order_reserved":544,"segment_v2_bound_finalized":542,"segment_v2_state":538,"segment_v2_deleted":538},"identityBytes":343819,"combinedLogicalIds":4866,"combinedLogicalBytes":668552,"rotations":0,"partialBytes":0,"progress":{"elapsedMs":545000.430458,"channels":{"9101":{"finalized":271,"deleted":269,"lastAt":548040.928166,"order":"542","store":"decc5fe692ea2728eab93f3eddc3828e6fe258eea6ff4860cc2ad8d8590c5757","knownMappings":211,"unknownMappings":7582},"9201":{"finalized":271,"deleted":269,"lastAt":548040.928166,"order":"541","store":"decc5fe692ea2728eab93f3eddc3828e6fe258eea6ff4860cc2ad8d8590c5757","knownMappings":208,"unknownMappings":7628}},"records":542,"logicalBytes":324733},"resourceTrendPass":false}
[pass] LP26-O05 active 9101
[pass] LP26-O05 active 9201
[pass] LP26-O03 deleted media absent
[pass] LP26-O03 deleted media absent
[pass] LP26-O03 deleted media absent
[pass] LP26-O03 deleted media absent
[pass] LP26-O03 deleted media absent
[pass] LP26-O03 deleted media absent
[current-observation] {"pid":26665,"startIdentity":"macos:1790137862:584770","sampledAt":1790138414221,"phaseAt":553193.804458,"rssBytes":302252032,"threadCount":25,"fdCount":31,"mutationCount":2186,"typeCounts":{"recording_order_reserved":550,"segment_v2_bound_finalized":548,"segment_v2_state":544,"segment_v2_deleted":544},"identityBytes":347647,"combinedLogicalIds":4920,"combinedLogicalBytes":675985,"rotations":0,"partialBytes":0,"progress":{"elapsedMs":550153.30675,"channels":{"9101":{"finalized":274,"deleted":272,"lastAt":553193.804458,"order":"547","store":"decc5fe692ea2728eab93f3eddc3828e6fe258eea6ff4860cc2ad8d8590c5757","knownMappings":213,"unknownMappings":7652},"9201":{"finalized":274,"deleted":272,"lastAt":553193.804458,"order":"548","store":"decc5fe692ea2728eab93f3eddc3828e6fe258eea6ff4860cc2ad8d8590c5757","knownMappings":211,"unknownMappings":7752}},"records":548,"logicalBytes":328338},"resourceTrendPass":false}
[pass] LP26-O05 active 9101
[pass] LP26-O05 active 9201
[pass] LP26-O03 deleted media absent
[pass] LP26-O03 deleted media absent
[pass] LP26-O03 deleted media absent
[pass] LP26-O03 deleted media absent
[current-observation] {"pid":26665,"startIdentity":"macos:1790137862:584770","sampledAt":1790138419370,"phaseAt":558343.445125,"rssBytes":302432256,"threadCount":25,"fdCount":21,"mutationCount":2202,"typeCounts":{"recording_order_reserved":554,"segment_v2_bound_finalized":552,"segment_v2_state":548,"segment_v2_deleted":548},"identityBytes":350199,"combinedLogicalIds":4956,"combinedLogicalBytes":680935,"rotations":0,"partialBytes":0,"progress":{"elapsedMs":555302.947417,"channels":{"9101":{"finalized":276,"deleted":274,"lastAt":558343.445125,"order":"552","store":"decc5fe692ea2728eab93f3eddc3828e6fe258eea6ff4860cc2ad8d8590c5757","knownMappings":215,"unknownMappings":7736},"9201":{"finalized":276,"deleted":274,"lastAt":558343.445125,"order":"551","store":"decc5fe692ea2728eab93f3eddc3828e6fe258eea6ff4860cc2ad8d8590c5757","knownMappings":213,"unknownMappings":7846}},"records":552,"logicalBytes":330736},"resourceTrendPass":false}
[pass] LP26-O05 active 9101
[pass] LP26-O05 active 9201
[pass] LP26-O03 deleted media absent
[pass] LP26-O03 deleted media absent
[pass] LP26-O03 deleted media absent
[pass] LP26-O03 deleted media absent
[pass] LP26-O03 deleted media absent
[pass] LP26-O03 deleted media absent
[current-observation] {"pid":26665,"startIdentity":"macos:1790137862:584770","sampledAt":1790138424503,"phaseAt":563476.587458,"rssBytes":302596096,"threadCount":25,"fdCount":31,"mutationCount":2226,"typeCounts":{"recording_order_reserved":560,"segment_v2_bound_finalized":558,"segment_v2_state":554,"segment_v2_deleted":554},"identityBytes":354027,"combinedLogicalIds":5010,"combinedLogicalBytes":688351,"rotations":0,"partialBytes":0,"progress":{"elapsedMs":560436.08975,"channels":{"9101":{"finalized":279,"deleted":277,"lastAt":563476.587458,"order":"558","store":"decc5fe692ea2728eab93f3eddc3828e6fe258eea6ff4860cc2ad8d8590c5757","knownMappings":217,"unknownMappings":7864},"9201":{"finalized":279,"deleted":277,"lastAt":563476.587458,"order":"557","store":"decc5fe692ea2728eab93f3eddc3828e6fe258eea6ff4860cc2ad8d8590c5757","knownMappings":216,"unknownMappings":7908}},"records":558,"logicalBytes":334324},"resourceTrendPass":false}
[pass] LP26-O05 active 9101
[pass] LP26-O05 active 9201
[pass] LP26-O03 deleted media absent
[pass] LP26-O03 deleted media absent
[pass] LP26-O03 deleted media absent
[pass] LP26-O03 deleted media absent
[current-observation] {"pid":26665,"startIdentity":"macos:1790137862:584770","sampledAt":1790138429663,"phaseAt":568636.016,"rssBytes":302825472,"threadCount":25,"fdCount":25,"mutationCount":2242,"typeCounts":{"recording_order_reserved":564,"segment_v2_bound_finalized":562,"segment_v2_state":558,"segment_v2_deleted":558},"identityBytes":356579,"combinedLogicalIds":5046,"combinedLogicalBytes":693301,"rotations":0,"partialBytes":0,"progress":{"elapsedMs":565595.5182919999,"channels":{"9101":{"finalized":281,"deleted":279,"lastAt":568636.016,"order":"562","store":"decc5fe692ea2728eab93f3eddc3828e6fe258eea6ff4860cc2ad8d8590c5757","knownMappings":218,"unknownMappings":7958},"9201":{"finalized":281,"deleted":279,"lastAt":568636.016,"order":"561","store":"decc5fe692ea2728eab93f3eddc3828e6fe258eea6ff4860cc2ad8d8590c5757","knownMappings":217,"unknownMappings":7998}},"records":562,"logicalBytes":336722},"resourceTrendPass":false}
[pass] LP26-O05 active 9101
[pass] LP26-O05 active 9201
[pass] LP26-O03 deleted media absent
[pass] LP26-O03 deleted media absent
[pass] LP26-O03 deleted media absent
[pass] LP26-O03 deleted media absent
[pass] LP26-O03 deleted media absent
[pass] LP26-O03 deleted media absent
[current-observation] {"pid":26665,"startIdentity":"macos:1790137862:584770","sampledAt":1790138434796,"phaseAt":573769.573708,"rssBytes":303038464,"threadCount":25,"fdCount":31,"mutationCount":2266,"typeCounts":{"recording_order_reserved":570,"segment_v2_bound_finalized":568,"segment_v2_state":564,"segment_v2_deleted":564},"identityBytes":360407,"combinedLogicalIds":5100,"combinedLogicalBytes":700735,"rotations":0,"partialBytes":0,"progress":{"elapsedMs":570729.076,"channels":{"9101":{"finalized":284,"deleted":282,"lastAt":573769.573708,"order":"568","store":"decc5fe692ea2728eab93f3eddc3828e6fe258eea6ff4860cc2ad8d8590c5757","knownMappings":219,"unknownMappings":8088},"9201":{"finalized":284,"deleted":282,"lastAt":573769.573708,"order":"567","store":"decc5fe692ea2728eab93f3eddc3828e6fe258eea6ff4860cc2ad8d8590c5757","knownMappings":218,"unknownMappings":8128}},"records":568,"logicalBytes":340328},"resourceTrendPass":false}
[pass] LP26-O05 active 9101
[pass] LP26-O05 active 9201
[pass] LP26-O03 deleted media absent
[pass] LP26-O03 deleted media absent
[pass] LP26-O03 deleted media absent
[pass] LP26-O03 deleted media absent
[current-observation] {"pid":26665,"startIdentity":"macos:1790137862:584770","sampledAt":1790138439956,"phaseAt":578928.692916,"rssBytes":303120384,"threadCount":25,"fdCount":25,"mutationCount":2282,"typeCounts":{"recording_order_reserved":574,"segment_v2_bound_finalized":572,"segment_v2_state":568,"segment_v2_deleted":568},"identityBytes":362959,"combinedLogicalIds":5136,"combinedLogicalBytes":705685,"rotations":0,"partialBytes":0,"progress":{"elapsedMs":575888.195208,"channels":{"9101":{"finalized":286,"deleted":284,"lastAt":578928.692916,"order":"572","store":"decc5fe692ea2728eab93f3eddc3828e6fe258eea6ff4860cc2ad8d8590c5757","knownMappings":221,"unknownMappings":8168},"9201":{"finalized":286,"deleted":284,"lastAt":578928.692916,"order":"571","store":"decc5fe692ea2728eab93f3eddc3828e6fe258eea6ff4860cc2ad8d8590c5757","knownMappings":219,"unknownMappings":8200}},"records":572,"logicalBytes":342726},"resourceTrendPass":false}
[pass] LP26-O05 active 9101
[pass] LP26-O05 active 9201
[pass] LP26-O03 deleted media absent
[pass] LP26-O03 deleted media absent
[pass] LP26-O03 deleted media absent
[pass] LP26-O03 deleted media absent
[pass] LP26-O03 deleted media absent
[pass] LP26-O03 deleted media absent
[current-observation] {"pid":26665,"startIdentity":"macos:1790137862:584770","sampledAt":1790138445092,"phaseAt":584065.492958,"rssBytes":303267840,"threadCount":25,"fdCount":21,"mutationCount":2306,"typeCounts":{"recording_order_reserved":580,"segment_v2_bound_finalized":578,"segment_v2_state":574,"segment_v2_deleted":574},"identityBytes":366787,"combinedLogicalIds":5190,"combinedLogicalBytes":713101,"rotations":0,"partialBytes":0,"progress":{"elapsedMs":581024.99525,"channels":{"9101":{"finalized":289,"deleted":287,"lastAt":584065.492958,"order":"578","store":"decc5fe692ea2728eab93f3eddc3828e6fe258eea6ff4860cc2ad8d8590c5757","knownMappings":222,"unknownMappings":8278},"9201":{"finalized":289,"deleted":287,"lastAt":584065.492958,"order":"577","store":"decc5fe692ea2728eab93f3eddc3828e6fe258eea6ff4860cc2ad8d8590c5757","knownMappings":222,"unknownMappings":8264}},"records":578,"logicalBytes":346314},"resourceTrendPass":false}
[pass] LP26-O05 active 9101
[pass] LP26-O05 active 9201
[pass] LP26-O03 deleted media absent
[pass] LP26-O03 deleted media absent
[pass] LP26-O03 deleted media absent
[pass] LP26-O03 deleted media absent
[pass] LP26-O03 deleted media absent
[current-observation] {"pid":26665,"startIdentity":"macos:1790137862:584770","sampledAt":1790138450238,"phaseAt":589210.65075,"rssBytes":303431680,"threadCount":25,"fdCount":26,"mutationCount":2329,"typeCounts":{"recording_order_reserved":586,"segment_v2_bound_finalized":584,"segment_v2_state":580,"segment_v2_deleted":579},"identityBytes":370462,"combinedLogicalIds":5242,"combinedLogicalBytes":720382,"rotations":0,"partialBytes":0,"progress":{"elapsedMs":586170.153042,"channels":{"9101":{"finalized":292,"deleted":290,"lastAt":589210.65075,"order":"584","store":"decc5fe692ea2728eab93f3eddc3828e6fe258eea6ff4860cc2ad8d8590c5757","knownMappings":225,"unknownMappings":8354},"9201":{"finalized":292,"deleted":289,"lastAt":589210.65075,"order":"583","store":"decc5fe692ea2728eab93f3eddc3828e6fe258eea6ff4860cc2ad8d8590c5757","knownMappings":225,"unknownMappings":8404}},"records":584,"logicalBytes":349920},"resourceTrendPass":false}
[pass] LP26-O05 active 9101
[pass] LP26-O05 active 9201
[pass] LP26-O03 deleted media absent
[pass] LP26-O03 deleted media absent
[pass] LP26-O03 deleted media absent
[pass] LP26-O03 deleted media absent
[pass] LP26-O03 deleted media absent
[current-observation] {"pid":26665,"startIdentity":"macos:1790137862:584770","sampledAt":1790138455386,"phaseAt":594359.465833,"rssBytes":303480832,"threadCount":25,"fdCount":21,"mutationCount":2346,"typeCounts":{"recording_order_reserved":590,"segment_v2_bound_finalized":588,"segment_v2_state":584,"segment_v2_deleted":584},"identityBytes":373167,"combinedLogicalIds":5280,"combinedLogicalBytes":725485,"rotations":0,"partialBytes":0,"progress":{"elapsedMs":591318.968125,"channels":{"9101":{"finalized":294,"deleted":292,"lastAt":594359.465833,"order":"588","store":"decc5fe692ea2728eab93f3eddc3828e6fe258eea6ff4860cc2ad8d8590c5757","knownMappings":226,"unknownMappings":8428},"9201":{"finalized":294,"deleted":292,"lastAt":594359.465833,"order":"587","store":"decc5fe692ea2728eab93f3eddc3828e6fe258eea6ff4860cc2ad8d8590c5757","knownMappings":227,"unknownMappings":8426}},"records":588,"logicalBytes":352318},"resourceTrendPass":false}
[pass] LP26-O05 active 9101
[pass] LP26-O05 active 9201
[pass] LP26-O03 deleted media absent
[pass] LP26-O03 deleted media absent
[pass] LP26-O03 deleted media absent
[pass] LP26-O03 deleted media absent
[pass] LP26-O03 deleted media absent
[pass] LP26-O03 deleted media absent
[current-observation] {"pid":26665,"startIdentity":"macos:1790137862:584770","sampledAt":1790138460519,"phaseAt":599492.197291,"rssBytes":303775744,"threadCount":25,"fdCount":31,"mutationCount":2370,"typeCounts":{"recording_order_reserved":596,"segment_v2_bound_finalized":594,"segment_v2_state":590,"segment_v2_deleted":590},"identityBytes":376995,"combinedLogicalIds":5334,"combinedLogicalBytes":732901,"rotations":0,"partialBytes":0,"progress":{"elapsedMs":596451.699583,"channels":{"9101":{"finalized":297,"deleted":295,"lastAt":599492.197291,"order":"594","store":"decc5fe692ea2728eab93f3eddc3828e6fe258eea6ff4860cc2ad8d8590c5757","knownMappings":229,"unknownMappings":8510},"9201":{"finalized":297,"deleted":295,"lastAt":599492.197291,"order":"593","store":"decc5fe692ea2728eab93f3eddc3828e6fe258eea6ff4860cc2ad8d8590c5757","knownMappings":228,"unknownMappings":8552}},"records":594,"logicalBytes":355906},"resourceTrendPass":false}
[pass] LP26-O05 active 9101
[pass] LP26-O05 active 9201
[pass] LP26-O03 deleted media absent
[pass] LP26-O03 deleted media absent
[pass] LP26-O03 deleted media absent
[pass] LP26-O03 deleted media absent
[current-observation] {"pid":26665,"startIdentity":"macos:1790137862:584770","sampledAt":1790138465666,"phaseAt":604639.100208,"rssBytes":304054272,"threadCount":25,"fdCount":25,"mutationCount":2386,"typeCounts":{"recording_order_reserved":600,"segment_v2_bound_finalized":598,"segment_v2_state":594,"segment_v2_deleted":594},"identityBytes":379547,"combinedLogicalIds":5370,"combinedLogicalBytes":737851,"rotations":0,"partialBytes":0,"progress":{"elapsedMs":601598.6025,"channels":{"9101":{"finalized":299,"deleted":297,"lastAt":604639.100208,"order":"598","store":"decc5fe692ea2728eab93f3eddc3828e6fe258eea6ff4860cc2ad8d8590c5757","knownMappings":230,"unknownMappings":8600},"9201":{"finalized":299,"deleted":297,"lastAt":604639.100208,"order":"597","store":"decc5fe692ea2728eab93f3eddc3828e6fe258eea6ff4860cc2ad8d8590c5757","knownMappings":228,"unknownMappings":8644}},"records":598,"logicalBytes":358304},"resourceTrendPass":false}
[pass] LP26-O05 active 9101
[pass] LP26-O05 active 9201
[pass] LP26-O03 deleted media absent
[pass] LP26-O03 deleted media absent
[pass] LP26-O03 deleted media absent
[pass] LP26-O03 deleted media absent
[pass] LP26-O03 deleted media absent
[pass] LP26-O03 deleted media absent
[current-observation] {"pid":26665,"startIdentity":"macos:1790137862:584770","sampledAt":1790138470804,"phaseAt":609776.637416,"rssBytes":304185344,"threadCount":25,"fdCount":31,"mutationCount":2410,"typeCounts":{"recording_order_reserved":606,"segment_v2_bound_finalized":604,"segment_v2_state":600,"segment_v2_deleted":600},"identityBytes":383375,"combinedLogicalIds":5424,"combinedLogicalBytes":745285,"rotations":0,"partialBytes":0,"progress":{"elapsedMs":606736.139708,"channels":{"9101":{"finalized":302,"deleted":300,"lastAt":609776.637416,"order":"603","store":"decc5fe692ea2728eab93f3eddc3828e6fe258eea6ff4860cc2ad8d8590c5757","knownMappings":231,"unknownMappings":8688},"9201":{"finalized":302,"deleted":300,"lastAt":609776.637416,"order":"604","store":"decc5fe692ea2728eab93f3eddc3828e6fe258eea6ff4860cc2ad8d8590c5757","knownMappings":231,"unknownMappings":8760}},"records":604,"logicalBytes":361910},"resourceTrendPass":false}
[pass] LP26-O05 active 9101
[pass] LP26-O05 active 9201
[pass] LP26-O03 deleted media absent
[pass] LP26-O03 deleted media absent
[pass] LP26-O03 deleted media absent
[pass] LP26-O03 deleted media absent
[current-observation] {"pid":26665,"startIdentity":"macos:1790137862:584770","sampledAt":1790138475956,"phaseAt":614928.822541,"rssBytes":304365568,"threadCount":25,"fdCount":25,"mutationCount":2426,"typeCounts":{"recording_order_reserved":610,"segment_v2_bound_finalized":608,"segment_v2_state":604,"segment_v2_deleted":604},"identityBytes":385927,"combinedLogicalIds":5460,"combinedLogicalBytes":750235,"rotations":0,"partialBytes":0,"progress":{"elapsedMs":611888.324833,"channels":{"9101":{"finalized":304,"deleted":302,"lastAt":614928.822541,"order":"608","store":"decc5fe692ea2728eab93f3eddc3828e6fe258eea6ff4860cc2ad8d8590c5757","knownMappings":232,"unknownMappings":8774},"9201":{"finalized":304,"deleted":302,"lastAt":614928.822541,"order":"607","store":"decc5fe692ea2728eab93f3eddc3828e6fe258eea6ff4860cc2ad8d8590c5757","knownMappings":232,"unknownMappings":8852}},"records":608,"logicalBytes":364308},"resourceTrendPass":false}
[pass] LP26-O05 active 9101
[pass] LP26-O05 active 9201
[pass] LP26-O03 deleted media absent
[pass] LP26-O03 deleted media absent
[pass] LP26-O03 deleted media absent
[pass] LP26-O03 deleted media absent
[pass] LP26-O03 deleted media absent
[pass] LP26-O03 deleted media absent
[current-observation] {"pid":26665,"startIdentity":"macos:1790137862:584770","sampledAt":1790138481092,"phaseAt":620064.648625,"rssBytes":304414720,"threadCount":25,"fdCount":23,"mutationCount":2450,"typeCounts":{"recording_order_reserved":616,"segment_v2_bound_finalized":614,"segment_v2_state":610,"segment_v2_deleted":610},"identityBytes":389755,"combinedLogicalIds":5514,"combinedLogicalBytes":757651,"rotations":0,"partialBytes":0,"progress":{"elapsedMs":617024.150917,"channels":{"9101":{"finalized":307,"deleted":305,"lastAt":620064.648625,"order":"613","store":"decc5fe692ea2728eab93f3eddc3828e6fe258eea6ff4860cc2ad8d8590c5757","knownMappings":235,"unknownMappings":8862},"9201":{"finalized":307,"deleted":305,"lastAt":620064.648625,"order":"614","store":"decc5fe692ea2728eab93f3eddc3828e6fe258eea6ff4860cc2ad8d8590c5757","knownMappings":233,"unknownMappings":8958}},"records":614,"logicalBytes":367896},"resourceTrendPass":false}
[pass] LP26-O05 active 9101
[pass] LP26-O05 active 9201
[pass] LP26-O03 deleted media absent
[pass] LP26-O03 deleted media absent
[pass] LP26-O03 deleted media absent
[pass] LP26-O03 deleted media absent
[current-observation] {"pid":26665,"startIdentity":"macos:1790137862:584770","sampledAt":1790138486245,"phaseAt":625217.609083,"rssBytes":304496640,"threadCount":25,"fdCount":29,"mutationCount":2466,"typeCounts":{"recording_order_reserved":620,"segment_v2_bound_finalized":618,"segment_v2_state":614,"segment_v2_deleted":614},"identityBytes":392307,"combinedLogicalIds":5550,"combinedLogicalBytes":762601,"rotations":0,"partialBytes":0,"progress":{"elapsedMs":622177.111375,"channels":{"9101":{"finalized":309,"deleted":307,"lastAt":625217.609083,"order":"617","store":"decc5fe692ea2728eab93f3eddc3828e6fe258eea6ff4860cc2ad8d8590c5757","knownMappings":235,"unknownMappings":8944},"9201":{"finalized":309,"deleted":307,"lastAt":625217.609083,"order":"618","store":"decc5fe692ea2728eab93f3eddc3828e6fe258eea6ff4860cc2ad8d8590c5757","knownMappings":234,"unknownMappings":9030}},"records":618,"logicalBytes":370294},"resourceTrendPass":false}
[pass] LP26-O05 active 9101
[pass] LP26-O05 active 9201
[pass] LP26-O03 deleted media absent
[pass] LP26-O03 deleted media absent
[pass] LP26-O03 deleted media absent
[pass] LP26-O03 deleted media absent
[pass] LP26-O03 deleted media absent
[pass] LP26-O03 deleted media absent
[current-observation] {"pid":26665,"startIdentity":"macos:1790137862:584770","sampledAt":1790138491377,"phaseAt":630349.632541,"rssBytes":304676864,"threadCount":25,"fdCount":21,"mutationCount":2490,"typeCounts":{"recording_order_reserved":626,"segment_v2_bound_finalized":624,"segment_v2_state":620,"segment_v2_deleted":620},"identityBytes":396135,"combinedLogicalIds":5604,"combinedLogicalBytes":770035,"rotations":0,"partialBytes":0,"progress":{"elapsedMs":627309.134833,"channels":{"9101":{"finalized":312,"deleted":310,"lastAt":630349.632541,"order":"623","store":"decc5fe692ea2728eab93f3eddc3828e6fe258eea6ff4860cc2ad8d8590c5757","knownMappings":238,"unknownMappings":9048},"9201":{"finalized":312,"deleted":310,"lastAt":630349.632541,"order":"624","store":"decc5fe692ea2728eab93f3eddc3828e6fe258eea6ff4860cc2ad8d8590c5757","knownMappings":236,"unknownMappings":9168}},"records":624,"logicalBytes":373900},"resourceTrendPass":false}
[pass] LP26-O05 active 9101
[pass] LP26-O05 active 9201
[pass] LP26-O03 deleted media absent
[pass] LP26-O03 deleted media absent
[pass] LP26-O03 deleted media absent
[pass] LP26-O03 deleted media absent
[pass] LP26-O03 deleted media absent
[pass] LP26-O03 deleted media absent
[current-observation] {"pid":26665,"startIdentity":"macos:1790137862:584770","sampledAt":1790138496528,"phaseAt":635501.18075,"rssBytes":304971776,"threadCount":25,"fdCount":31,"mutationCount":2514,"typeCounts":{"recording_order_reserved":632,"segment_v2_bound_finalized":630,"segment_v2_state":626,"segment_v2_deleted":626},"identityBytes":399963,"combinedLogicalIds":5658,"combinedLogicalBytes":777451,"rotations":0,"partialBytes":0,"progress":{"elapsedMs":632460.683042,"channels":{"9101":{"finalized":315,"deleted":313,"lastAt":635501.18075,"order":"629","store":"decc5fe692ea2728eab93f3eddc3828e6fe258eea6ff4860cc2ad8d8590c5757","knownMappings":239,"unknownMappings":9190},"9201":{"finalized":315,"deleted":313,"lastAt":635501.18075,"order":"630","store":"decc5fe692ea2728eab93f3eddc3828e6fe258eea6ff4860cc2ad8d8590c5757","knownMappings":238,"unknownMappings":9302}},"records":630,"logicalBytes":377488},"resourceTrendPass":false}
[pass] LP26-O05 active 9101
[pass] LP26-O05 active 9201
[pass] LP26-O03 deleted media absent
[pass] LP26-O03 deleted media absent
[pass] LP26-O03 deleted media absent
[pass] LP26-O03 deleted media absent
[current-observation] {"pid":26665,"startIdentity":"macos:1790137862:584770","sampledAt":1790138501687,"phaseAt":640659.345958,"rssBytes":305102848,"threadCount":25,"fdCount":25,"mutationCount":2530,"typeCounts":{"recording_order_reserved":636,"segment_v2_bound_finalized":634,"segment_v2_state":630,"segment_v2_deleted":630},"identityBytes":402515,"combinedLogicalIds":5694,"combinedLogicalBytes":782401,"rotations":0,"partialBytes":0,"progress":{"elapsedMs":637618.84825,"channels":{"9101":{"finalized":317,"deleted":315,"lastAt":640659.345958,"order":"633","store":"decc5fe692ea2728eab93f3eddc3828e6fe258eea6ff4860cc2ad8d8590c5757","knownMappings":240,"unknownMappings":9256},"9201":{"finalized":317,"deleted":315,"lastAt":640659.345958,"order":"634","store":"decc5fe692ea2728eab93f3eddc3828e6fe258eea6ff4860cc2ad8d8590c5757","knownMappings":238,"unknownMappings":9394}},"records":634,"logicalBytes":379886},"resourceTrendPass":false}
[pass] LP26-O05 active 9101
[pass] LP26-O05 active 9201
[pass] LP26-O03 deleted media absent
[pass] LP26-O03 deleted media absent
[pass] LP26-O03 deleted media absent
[pass] LP26-O03 deleted media absent
[pass] LP26-O03 deleted media absent
[pass] LP26-O03 deleted media absent
[current-observation] {"pid":26665,"startIdentity":"macos:1790137862:584770","sampledAt":1790138506819,"phaseAt":645792.156708,"rssBytes":305299456,"threadCount":25,"fdCount":31,"mutationCount":2554,"typeCounts":{"recording_order_reserved":642,"segment_v2_bound_finalized":640,"segment_v2_state":636,"segment_v2_deleted":636},"identityBytes":406343,"combinedLogicalIds":5748,"combinedLogicalBytes":789835,"rotations":0,"partialBytes":0,"progress":{"elapsedMs":642751.659,"channels":{"9101":{"finalized":320,"deleted":318,"lastAt":645792.156708,"order":"639","store":"decc5fe692ea2728eab93f3eddc3828e6fe258eea6ff4860cc2ad8d8590c5757","knownMappings":241,"unknownMappings":9320},"9201":{"finalized":320,"deleted":318,"lastAt":645792.156708,"order":"640","store":"decc5fe692ea2728eab93f3eddc3828e6fe258eea6ff4860cc2ad8d8590c5757","knownMappings":239,"unknownMappings":9518}},"records":640,"logicalBytes":383492},"resourceTrendPass":false}
[pass] LP26-O05 active 9101
[pass] LP26-O05 active 9201
[pass] LP26-O03 deleted media absent
[pass] LP26-O03 deleted media absent
[pass] LP26-O03 deleted media absent
[pass] LP26-O03 deleted media absent
[current-observation] {"pid":26665,"startIdentity":"macos:1790137862:584770","sampledAt":1790138511965,"phaseAt":650938.128666,"rssBytes":305463296,"threadCount":25,"fdCount":25,"mutationCount":2570,"typeCounts":{"recording_order_reserved":646,"segment_v2_bound_finalized":644,"segment_v2_state":640,"segment_v2_deleted":640},"identityBytes":408895,"combinedLogicalIds":5784,"combinedLogicalBytes":794785,"rotations":0,"partialBytes":0,"progress":{"elapsedMs":647897.630958,"channels":{"9101":{"finalized":322,"deleted":320,"lastAt":650938.128666,"order":"643","store":"decc5fe692ea2728eab93f3eddc3828e6fe258eea6ff4860cc2ad8d8590c5757","knownMappings":242,"unknownMappings":9398},"9201":{"finalized":322,"deleted":320,"lastAt":650938.128666,"order":"644","store":"decc5fe692ea2728eab93f3eddc3828e6fe258eea6ff4860cc2ad8d8590c5757","knownMappings":241,"unknownMappings":9560}},"records":644,"logicalBytes":385890},"resourceTrendPass":false}
[pass] LP26-O05 active 9101
[pass] LP26-O05 active 9201
[pass] LP26-O03 deleted media absent
[pass] LP26-O03 deleted media absent
[pass] LP26-O03 deleted media absent
[pass] LP26-O03 deleted media absent
[pass] LP26-O03 deleted media absent
[pass] LP26-O03 deleted media absent
[current-observation] {"pid":26665,"startIdentity":"macos:1790137862:584770","sampledAt":1790138517097,"phaseAt":656069.653875,"rssBytes":305741824,"threadCount":25,"fdCount":23,"mutationCount":2594,"typeCounts":{"recording_order_reserved":652,"segment_v2_bound_finalized":650,"segment_v2_state":646,"segment_v2_deleted":646},"identityBytes":412723,"combinedLogicalIds":5838,"combinedLogicalBytes":802201,"rotations":0,"partialBytes":0,"progress":{"elapsedMs":653029.156167,"channels":{"9101":{"finalized":325,"deleted":323,"lastAt":656069.653875,"order":"649","store":"decc5fe692ea2728eab93f3eddc3828e6fe258eea6ff4860cc2ad8d8590c5757","knownMappings":243,"unknownMappings":9534},"9201":{"finalized":325,"deleted":323,"lastAt":656069.653875,"order":"650","store":"decc5fe692ea2728eab93f3eddc3828e6fe258eea6ff4860cc2ad8d8590c5757","knownMappings":241,"unknownMappings":9684}},"records":650,"logicalBytes":389478},"resourceTrendPass":false}
[pass] LP26-O05 active 9101
[pass] LP26-O05 active 9201
[pass] LP26-O03 deleted media absent
[pass] LP26-O03 deleted media absent
[pass] LP26-O03 deleted media absent
[pass] LP26-O03 deleted media absent
[current-observation] {"pid":26665,"startIdentity":"macos:1790137862:584770","sampledAt":1790138522245,"phaseAt":661217.33375,"rssBytes":305922048,"threadCount":25,"fdCount":25,"mutationCount":2610,"typeCounts":{"recording_order_reserved":656,"segment_v2_bound_finalized":654,"segment_v2_state":650,"segment_v2_deleted":650},"identityBytes":415275,"combinedLogicalIds":5874,"combinedLogicalBytes":807151,"rotations":0,"partialBytes":0,"progress":{"elapsedMs":658176.836042,"channels":{"9101":{"finalized":327,"deleted":325,"lastAt":661217.33375,"order":"654","store":"decc5fe692ea2728eab93f3eddc3828e6fe258eea6ff4860cc2ad8d8590c5757","knownMappings":245,"unknownMappings":9620},"9201":{"finalized":327,"deleted":325,"lastAt":661217.33375,"order":"653","store":"decc5fe692ea2728eab93f3eddc3828e6fe258eea6ff4860cc2ad8d8590c5757","knownMappings":243,"unknownMappings":9778}},"records":654,"logicalBytes":391876},"resourceTrendPass":false}
[pass] LP26-O05 active 9101
[pass] LP26-O05 active 9201
[pass] LP26-O03 deleted media absent
[pass] LP26-O03 deleted media absent
[pass] LP26-O03 deleted media absent
[pass] LP26-O03 deleted media absent
[pass] LP26-O03 deleted media absent
[pass] LP26-O03 deleted media absent
[current-observation] {"pid":26665,"startIdentity":"macos:1790137862:584770","sampledAt":1790138527384,"phaseAt":666357.079,"rssBytes":306069504,"threadCount":25,"fdCount":21,"mutationCount":2634,"typeCounts":{"recording_order_reserved":662,"segment_v2_bound_finalized":660,"segment_v2_state":656,"segment_v2_deleted":656},"identityBytes":419103,"combinedLogicalIds":5928,"combinedLogicalBytes":814585,"rotations":0,"partialBytes":0,"progress":{"elapsedMs":663316.581292,"channels":{"9101":{"finalized":330,"deleted":328,"lastAt":666357.079,"order":"659","store":"decc5fe692ea2728eab93f3eddc3828e6fe258eea6ff4860cc2ad8d8590c5757","knownMappings":248,"unknownMappings":9678},"9201":{"finalized":330,"deleted":328,"lastAt":666357.079,"order":"660","store":"decc5fe692ea2728eab93f3eddc3828e6fe258eea6ff4860cc2ad8d8590c5757","knownMappings":245,"unknownMappings":9914}},"records":660,"logicalBytes":395482},"resourceTrendPass":false}
[pass] LP26-O05 active 9101
[pass] LP26-O05 active 9201
[pass] LP26-O03 deleted media absent
[pass] LP26-O03 deleted media absent
[pass] LP26-O03 deleted media absent
[pass] LP26-O03 deleted media absent
[pass] LP26-O03 deleted media absent
[pass] LP26-O03 deleted media absent
[current-observation] {"pid":26665,"startIdentity":"macos:1790137862:584770","sampledAt":1790138532533,"phaseAt":671505.865,"rssBytes":306298880,"threadCount":25,"fdCount":31,"mutationCount":2658,"typeCounts":{"recording_order_reserved":668,"segment_v2_bound_finalized":666,"segment_v2_state":662,"segment_v2_deleted":662},"identityBytes":422931,"combinedLogicalIds":5982,"combinedLogicalBytes":822001,"rotations":0,"partialBytes":0,"progress":{"elapsedMs":668465.367292,"channels":{"9101":{"finalized":333,"deleted":331,"lastAt":671505.865,"order":"666","store":"decc5fe692ea2728eab93f3eddc3828e6fe258eea6ff4860cc2ad8d8590c5757","knownMappings":251,"unknownMappings":9814},"9201":{"finalized":333,"deleted":331,"lastAt":671505.865,"order":"665","store":"decc5fe692ea2728eab93f3eddc3828e6fe258eea6ff4860cc2ad8d8590c5757","knownMappings":248,"unknownMappings":10016}},"records":666,"logicalBytes":399070},"resourceTrendPass":false}
[pass] LP26-O05 active 9101
[pass] LP26-O05 active 9201
[pass] LP26-O03 deleted media absent
[pass] LP26-O03 deleted media absent
[pass] LP26-O03 deleted media absent
[pass] LP26-O03 deleted media absent
[current-observation] {"pid":26665,"startIdentity":"macos:1790137862:584770","sampledAt":1790138537682,"phaseAt":676654.551708,"rssBytes":306429952,"threadCount":25,"fdCount":21,"mutationCount":2674,"typeCounts":{"recording_order_reserved":672,"segment_v2_bound_finalized":670,"segment_v2_state":666,"segment_v2_deleted":666},"identityBytes":425483,"combinedLogicalIds":6018,"combinedLogicalBytes":826951,"rotations":0,"partialBytes":0,"progress":{"elapsedMs":673614.054,"channels":{"9101":{"finalized":335,"deleted":333,"lastAt":676654.551708,"order":"670","store":"decc5fe692ea2728eab93f3eddc3828e6fe258eea6ff4860cc2ad8d8590c5757","knownMappings":251,"unknownMappings":9898},"9201":{"finalized":335,"deleted":333,"lastAt":676654.551708,"order":"669","store":"decc5fe692ea2728eab93f3eddc3828e6fe258eea6ff4860cc2ad8d8590c5757","knownMappings":250,"unknownMappings":10080}},"records":670,"logicalBytes":401468},"resourceTrendPass":false}
[pass] LP26-O05 active 9101
[pass] LP26-O05 active 9201
[pass] LP26-O03 deleted media absent
[pass] LP26-O03 deleted media absent
[pass] LP26-O03 deleted media absent
[pass] LP26-O03 deleted media absent
[pass] LP26-O03 deleted media absent
[pass] LP26-O03 deleted media absent
[current-observation] {"pid":26665,"startIdentity":"macos:1790137862:584770","sampledAt":1790138542819,"phaseAt":681791.438166,"rssBytes":306593792,"threadCount":25,"fdCount":31,"mutationCount":2698,"typeCounts":{"recording_order_reserved":678,"segment_v2_bound_finalized":676,"segment_v2_state":672,"segment_v2_deleted":672},"identityBytes":429311,"combinedLogicalIds":6072,"combinedLogicalBytes":834385,"rotations":0,"partialBytes":0,"progress":{"elapsedMs":678750.9404579999,"channels":{"9101":{"finalized":338,"deleted":336,"lastAt":681791.438166,"order":"675","store":"decc5fe692ea2728eab93f3eddc3828e6fe258eea6ff4860cc2ad8d8590c5757","knownMappings":253,"unknownMappings":10020},"9201":{"finalized":338,"deleted":336,"lastAt":681791.438166,"order":"676","store":"decc5fe692ea2728eab93f3eddc3828e6fe258eea6ff4860cc2ad8d8590c5757","knownMappings":252,"unknownMappings":10190}},"records":676,"logicalBytes":405074},"resourceTrendPass":false}
[pass] LP26-O05 active 9101
[pass] LP26-O05 active 9201
[pass] LP26-O03 deleted media absent
[pass] LP26-O03 deleted media absent
[pass] LP26-O03 deleted media absent
[pass] LP26-O03 deleted media absent
[current-observation] {"pid":26665,"startIdentity":"macos:1790137862:584770","sampledAt":1790138547968,"phaseAt":686940.778,"rssBytes":306610176,"threadCount":25,"fdCount":25,"mutationCount":2714,"typeCounts":{"recording_order_reserved":682,"segment_v2_bound_finalized":680,"segment_v2_state":676,"segment_v2_deleted":676},"identityBytes":431863,"combinedLogicalIds":6108,"combinedLogicalBytes":839335,"rotations":0,"partialBytes":0,"progress":{"elapsedMs":683900.280292,"channels":{"9101":{"finalized":340,"deleted":338,"lastAt":686940.778,"order":"679","store":"decc5fe692ea2728eab93f3eddc3828e6fe258eea6ff4860cc2ad8d8590c5757","knownMappings":254,"unknownMappings":10058},"9201":{"finalized":340,"deleted":338,"lastAt":686940.778,"order":"680","store":"decc5fe692ea2728eab93f3eddc3828e6fe258eea6ff4860cc2ad8d8590c5757","knownMappings":253,"unknownMappings":10274}},"records":680,"logicalBytes":407472},"resourceTrendPass":false}
[pass] LP26-O05 active 9101
[pass] LP26-O05 active 9201
[pass] LP26-O03 deleted media absent
[pass] LP26-O03 deleted media absent
[pass] LP26-O03 deleted media absent
[pass] LP26-O03 deleted media absent
[pass] LP26-O03 deleted media absent
[pass] LP26-O03 deleted media absent
[current-observation] {"pid":26665,"startIdentity":"macos:1790137862:584770","sampledAt":1790138553115,"phaseAt":692086.958875,"rssBytes":307003392,"threadCount":25,"fdCount":23,"mutationCount":2738,"typeCounts":{"recording_order_reserved":688,"segment_v2_bound_finalized":686,"segment_v2_state":682,"segment_v2_deleted":682},"identityBytes":435691,"combinedLogicalIds":6162,"combinedLogicalBytes":846751,"rotations":0,"partialBytes":0,"progress":{"elapsedMs":689046.461167,"channels":{"9101":{"finalized":343,"deleted":341,"lastAt":692086.958875,"order":"685","store":"decc5fe692ea2728eab93f3eddc3828e6fe258eea6ff4860cc2ad8d8590c5757","knownMappings":256,"unknownMappings":10202},"9201":{"finalized":343,"deleted":341,"lastAt":692086.958875,"order":"686","store":"decc5fe692ea2728eab93f3eddc3828e6fe258eea6ff4860cc2ad8d8590c5757","knownMappings":253,"unknownMappings":10410}},"records":686,"logicalBytes":411060},"resourceTrendPass":false}
[pass] LP26-O05 active 9101
[pass] LP26-O05 active 9201
[pass] LP26-O03 deleted media absent
[pass] LP26-O03 deleted media absent
[pass] LP26-O03 deleted media absent
[pass] LP26-O03 deleted media absent
[current-observation] {"pid":26665,"startIdentity":"macos:1790137862:584770","sampledAt":1790138558270,"phaseAt":697242.008416,"rssBytes":307134464,"threadCount":25,"fdCount":25,"mutationCount":2754,"typeCounts":{"recording_order_reserved":692,"segment_v2_bound_finalized":690,"segment_v2_state":686,"segment_v2_deleted":686},"identityBytes":438243,"combinedLogicalIds":6198,"combinedLogicalBytes":851701,"rotations":0,"partialBytes":0,"progress":{"elapsedMs":694201.510708,"channels":{"9101":{"finalized":345,"deleted":343,"lastAt":697242.008416,"order":"690","store":"decc5fe692ea2728eab93f3eddc3828e6fe258eea6ff4860cc2ad8d8590c5757","knownMappings":258,"unknownMappings":10290},"9201":{"finalized":345,"deleted":343,"lastAt":697242.008416,"order":"689","store":"decc5fe692ea2728eab93f3eddc3828e6fe258eea6ff4860cc2ad8d8590c5757","knownMappings":254,"unknownMappings":10492}},"records":690,"logicalBytes":413458},"resourceTrendPass":false}
[pass] LP26-O05 active 9101
[pass] LP26-O05 active 9201
[pass] LP26-O03 deleted media absent
[pass] LP26-O03 deleted media absent
[pass] LP26-O03 deleted media absent
[pass] LP26-O03 deleted media absent
[pass] LP26-O03 deleted media absent
[pass] LP26-O03 deleted media absent
[current-observation] {"pid":26665,"startIdentity":"macos:1790137862:584770","sampledAt":1790138563424,"phaseAt":702396.890625,"rssBytes":307347456,"threadCount":25,"fdCount":21,"mutationCount":2778,"typeCounts":{"recording_order_reserved":698,"segment_v2_bound_finalized":696,"segment_v2_state":692,"segment_v2_deleted":692},"identityBytes":442071,"combinedLogicalIds":6252,"combinedLogicalBytes":859135,"rotations":0,"partialBytes":0,"progress":{"elapsedMs":699356.392917,"channels":{"9101":{"finalized":348,"deleted":346,"lastAt":702396.890625,"order":"696","store":"decc5fe692ea2728eab93f3eddc3828e6fe258eea6ff4860cc2ad8d8590c5757","knownMappings":261,"unknownMappings":10416},"9201":{"finalized":348,"deleted":346,"lastAt":702396.890625,"order":"695","store":"decc5fe692ea2728eab93f3eddc3828e6fe258eea6ff4860cc2ad8d8590c5757","knownMappings":257,"unknownMappings":10560}},"records":696,"logicalBytes":417064},"resourceTrendPass":false}
[pass] LP26-O05 active 9101
[pass] LP26-O05 active 9201
[pass] LP26-O03 deleted media absent
[pass] LP26-O03 deleted media absent
[pass] LP26-O03 deleted media absent
[pass] LP26-O03 deleted media absent
[pass] LP26-O03 deleted media absent
[pass] LP26-O03 deleted media absent
[current-observation] {"pid":26665,"startIdentity":"macos:1790137862:584770","sampledAt":1790138568573,"phaseAt":707545.296916,"rssBytes":307511296,"threadCount":25,"fdCount":31,"mutationCount":2802,"typeCounts":{"recording_order_reserved":704,"segment_v2_bound_finalized":702,"segment_v2_state":698,"segment_v2_deleted":698},"identityBytes":445899,"combinedLogicalIds":6306,"combinedLogicalBytes":866551,"rotations":0,"partialBytes":0,"progress":{"elapsedMs":704504.799208,"channels":{"9101":{"finalized":351,"deleted":349,"lastAt":707545.296916,"order":"701","store":"decc5fe692ea2728eab93f3eddc3828e6fe258eea6ff4860cc2ad8d8590c5757","knownMappings":262,"unknownMappings":10538},"9201":{"finalized":351,"deleted":349,"lastAt":707545.296916,"order":"702","store":"decc5fe692ea2728eab93f3eddc3828e6fe258eea6ff4860cc2ad8d8590c5757","knownMappings":258,"unknownMappings":10668}},"records":702,"logicalBytes":420652},"resourceTrendPass":false}
[pass] LP26-O05 active 9101
[pass] LP26-O05 active 9201
[pass] LP26-O03 deleted media absent
[pass] LP26-O03 deleted media absent
[pass] LP26-O03 deleted media absent
[pass] LP26-O03 deleted media absent
[current-observation] {"pid":26665,"startIdentity":"macos:1790137862:584770","sampledAt":1790138573729,"phaseAt":712701.479333,"rssBytes":307609600,"threadCount":25,"fdCount":21,"mutationCount":2818,"typeCounts":{"recording_order_reserved":708,"segment_v2_bound_finalized":706,"segment_v2_state":702,"segment_v2_deleted":702},"identityBytes":448451,"combinedLogicalIds":6342,"combinedLogicalBytes":871501,"rotations":0,"partialBytes":0,"progress":{"elapsedMs":709660.981625,"channels":{"9101":{"finalized":353,"deleted":351,"lastAt":712701.479333,"order":"706","store":"decc5fe692ea2728eab93f3eddc3828e6fe258eea6ff4860cc2ad8d8590c5757","knownMappings":262,"unknownMappings":10636},"9201":{"finalized":353,"deleted":351,"lastAt":712701.479333,"order":"705","store":"decc5fe692ea2728eab93f3eddc3828e6fe258eea6ff4860cc2ad8d8590c5757","knownMappings":259,"unknownMappings":10730}},"records":706,"logicalBytes":423050},"resourceTrendPass":false}
[pass] LP26-O05 active 9101
[pass] LP26-O05 active 9201
[pass] LP26-O03 deleted media absent
[pass] LP26-O03 deleted media absent
[pass] LP26-O03 deleted media absent
[pass] LP26-O03 deleted media absent
[pass] LP26-O03 deleted media absent
[pass] LP26-O03 deleted media absent
[current-observation] {"pid":26665,"startIdentity":"macos:1790137862:584770","sampledAt":1790138578867,"phaseAt":717839.490083,"rssBytes":307871744,"threadCount":25,"fdCount":31,"mutationCount":2842,"typeCounts":{"recording_order_reserved":714,"segment_v2_bound_finalized":712,"segment_v2_state":708,"segment_v2_deleted":708},"identityBytes":452279,"combinedLogicalIds":6396,"combinedLogicalBytes":878935,"rotations":0,"partialBytes":0,"progress":{"elapsedMs":714798.992375,"channels":{"9101":{"finalized":356,"deleted":354,"lastAt":717839.490083,"order":"711","store":"decc5fe692ea2728eab93f3eddc3828e6fe258eea6ff4860cc2ad8d8590c5757","knownMappings":264,"unknownMappings":10754},"9201":{"finalized":356,"deleted":354,"lastAt":717839.490083,"order":"712","store":"decc5fe692ea2728eab93f3eddc3828e6fe258eea6ff4860cc2ad8d8590c5757","knownMappings":261,"unknownMappings":10856}},"records":712,"logicalBytes":426656},"resourceTrendPass":false}
[pass] LP26-O05 active 9101
[pass] LP26-O05 active 9201
[pass] LP26-O03 deleted media absent
[pass] LP26-O03 deleted media absent
[pass] LP26-O03 deleted media absent
[pass] LP26-O03 deleted media absent
[current-observation] {"pid":26665,"startIdentity":"macos:1790137862:584770","sampledAt":1790138584025,"phaseAt":722997.343958,"rssBytes":308117504,"threadCount":25,"fdCount":25,"mutationCount":2858,"typeCounts":{"recording_order_reserved":718,"segment_v2_bound_finalized":716,"segment_v2_state":712,"segment_v2_deleted":712},"identityBytes":454831,"combinedLogicalIds":6432,"combinedLogicalBytes":883885,"rotations":0,"partialBytes":0,"progress":{"elapsedMs":719956.84625,"channels":{"9101":{"finalized":358,"deleted":356,"lastAt":722997.343958,"order":"716","store":"decc5fe692ea2728eab93f3eddc3828e6fe258eea6ff4860cc2ad8d8590c5757","knownMappings":264,"unknownMappings":10848},"9201":{"finalized":358,"deleted":356,"lastAt":722997.343958,"order":"715","store":"decc5fe692ea2728eab93f3eddc3828e6fe258eea6ff4860cc2ad8d8590c5757","knownMappings":263,"unknownMappings":10940}},"records":716,"logicalBytes":429054},"resourceTrendPass":false}
[pass] LP26-O05 active 9101
[pass] LP26-O05 active 9201
[pass] LP26-O03 deleted media absent
[pass] LP26-O03 deleted media absent
[pass] LP26-O03 deleted media absent
[pass] LP26-O03 deleted media absent
[pass] LP26-O03 deleted media absent
[pass] LP26-O03 deleted media absent
[current-observation] {"pid":26665,"startIdentity":"macos:1790137862:584770","sampledAt":1790138589165,"phaseAt":728137.765541,"rssBytes":308412416,"threadCount":25,"fdCount":23,"mutationCount":2882,"typeCounts":{"recording_order_reserved":724,"segment_v2_bound_finalized":722,"segment_v2_state":718,"segment_v2_deleted":718},"identityBytes":458659,"combinedLogicalIds":6486,"combinedLogicalBytes":891300,"rotations":0,"partialBytes":0,"progress":{"elapsedMs":725097.2678329999,"channels":{"9101":{"finalized":361,"deleted":359,"lastAt":728137.765541,"order":"722","store":"decc5fe692ea2728eab93f3eddc3828e6fe258eea6ff4860cc2ad8d8590c5757","knownMappings":266,"unknownMappings":10950},"9201":{"finalized":361,"deleted":359,"lastAt":728137.765541,"order":"721","store":"decc5fe692ea2728eab93f3eddc3828e6fe258eea6ff4860cc2ad8d8590c5757","knownMappings":266,"unknownMappings":11040}},"records":722,"logicalBytes":432641},"resourceTrendPass":false}
[pass] LP26-O05 active 9101
[pass] LP26-O05 active 9201
[pass] LP26-O03 deleted media absent
[pass] LP26-O03 deleted media absent
[pass] LP26-O03 deleted media absent
[pass] LP26-O03 deleted media absent
[current-observation] {"pid":26665,"startIdentity":"macos:1790137862:584770","sampledAt":1790138594319,"phaseAt":733291.611,"rssBytes":308461568,"threadCount":25,"fdCount":25,"mutationCount":2898,"typeCounts":{"recording_order_reserved":728,"segment_v2_bound_finalized":726,"segment_v2_state":722,"segment_v2_deleted":722},"identityBytes":461211,"combinedLogicalIds":6522,"combinedLogicalBytes":896250,"rotations":0,"partialBytes":0,"progress":{"elapsedMs":730251.113292,"channels":{"9101":{"finalized":363,"deleted":361,"lastAt":733291.611,"order":"725","store":"decc5fe692ea2728eab93f3eddc3828e6fe258eea6ff4860cc2ad8d8590c5757","knownMappings":268,"unknownMappings":11032},"9201":{"finalized":363,"deleted":361,"lastAt":733291.611,"order":"726","store":"decc5fe692ea2728eab93f3eddc3828e6fe258eea6ff4860cc2ad8d8590c5757","knownMappings":267,"unknownMappings":11100}},"records":726,"logicalBytes":435039},"resourceTrendPass":false}
[pass] LP26-O05 active 9101
[pass] LP26-O05 active 9201
[pass] LP26-O03 deleted media absent
[pass] LP26-O03 deleted media absent
[pass] LP26-O03 deleted media absent
[pass] LP26-O03 deleted media absent
[pass] LP26-O03 deleted media absent
[pass] LP26-O03 deleted media absent
[current-observation] {"pid":26665,"startIdentity":"macos:1790137862:584770","sampledAt":1790138599452,"phaseAt":738424.274875,"rssBytes":308592640,"threadCount":25,"fdCount":21,"mutationCount":2922,"typeCounts":{"recording_order_reserved":734,"segment_v2_bound_finalized":732,"segment_v2_state":728,"segment_v2_deleted":728},"identityBytes":465039,"combinedLogicalIds":6576,"combinedLogicalBytes":903684,"rotations":0,"partialBytes":0,"progress":{"elapsedMs":735383.777167,"channels":{"9101":{"finalized":366,"deleted":364,"lastAt":738424.274875,"order":"731","store":"decc5fe692ea2728eab93f3eddc3828e6fe258eea6ff4860cc2ad8d8590c5757","knownMappings":269,"unknownMappings":11168},"9201":{"finalized":366,"deleted":364,"lastAt":738424.274875,"order":"732","store":"decc5fe692ea2728eab93f3eddc3828e6fe258eea6ff4860cc2ad8d8590c5757","knownMappings":269,"unknownMappings":11226}},"records":732,"logicalBytes":438645},"resourceTrendPass":false}
[pass] LP26-O05 active 9101
[pass] LP26-O05 active 9201
[pass] LP26-O03 deleted media absent
[pass] LP26-O03 deleted media absent
[pass] LP26-O03 deleted media absent
[pass] LP26-O03 deleted media absent
[pass] LP26-O03 deleted media absent
[pass] LP26-O03 deleted media absent
[current-observation] {"pid":26665,"startIdentity":"macos:1790137862:584770","sampledAt":1790138604605,"phaseAt":743577.43425,"rssBytes":308854784,"threadCount":25,"fdCount":31,"mutationCount":2946,"typeCounts":{"recording_order_reserved":740,"segment_v2_bound_finalized":738,"segment_v2_state":734,"segment_v2_deleted":734},"identityBytes":468867,"combinedLogicalIds":6630,"combinedLogicalBytes":911100,"rotations":0,"partialBytes":0,"progress":{"elapsedMs":740536.936542,"channels":{"9101":{"finalized":369,"deleted":367,"lastAt":743577.43425,"order":"737","store":"decc5fe692ea2728eab93f3eddc3828e6fe258eea6ff4860cc2ad8d8590c5757","knownMappings":271,"unknownMappings":11308},"9201":{"finalized":369,"deleted":367,"lastAt":743577.43425,"order":"738","store":"decc5fe692ea2728eab93f3eddc3828e6fe258eea6ff4860cc2ad8d8590c5757","knownMappings":272,"unknownMappings":11358}},"records":738,"logicalBytes":442233},"resourceTrendPass":false}
[pass] LP26-O05 active 9101
[pass] LP26-O05 active 9201
[pass] LP26-O03 deleted media absent
[pass] LP26-O03 deleted media absent
[pass] LP26-O03 deleted media absent
[pass] LP26-O03 deleted media absent
[current-observation] {"pid":26665,"startIdentity":"macos:1790137862:584770","sampledAt":1790138609759,"phaseAt":748731.52175,"rssBytes":308920320,"threadCount":25,"fdCount":21,"mutationCount":2962,"typeCounts":{"recording_order_reserved":744,"segment_v2_bound_finalized":742,"segment_v2_state":738,"segment_v2_deleted":738},"identityBytes":471419,"combinedLogicalIds":6666,"combinedLogicalBytes":916050,"rotations":0,"partialBytes":0,"progress":{"elapsedMs":745691.024042,"channels":{"9101":{"finalized":371,"deleted":369,"lastAt":748731.52175,"order":"741","store":"decc5fe692ea2728eab93f3eddc3828e6fe258eea6ff4860cc2ad8d8590c5757","knownMappings":273,"unknownMappings":11396},"9201":{"finalized":371,"deleted":369,"lastAt":748731.52175,"order":"742","store":"decc5fe692ea2728eab93f3eddc3828e6fe258eea6ff4860cc2ad8d8590c5757","knownMappings":273,"unknownMappings":11416}},"records":742,"logicalBytes":444631},"resourceTrendPass":false}
[pass] LP26-O05 active 9101
[pass] LP26-O05 active 9201
[pass] LP26-O03 deleted media absent
[pass] LP26-O03 deleted media absent
[pass] LP26-O03 deleted media absent
[pass] LP26-O03 deleted media absent
[pass] LP26-O03 deleted media absent
[pass] LP26-O03 deleted media absent
[current-observation] {"pid":26665,"startIdentity":"macos:1790137862:584770","sampledAt":1790138614901,"phaseAt":753873.183458,"rssBytes":308953088,"threadCount":25,"fdCount":31,"mutationCount":2986,"typeCounts":{"recording_order_reserved":750,"segment_v2_bound_finalized":748,"segment_v2_state":744,"segment_v2_deleted":744},"identityBytes":475247,"combinedLogicalIds":6720,"combinedLogicalBytes":923484,"rotations":0,"partialBytes":0,"progress":{"elapsedMs":750832.68575,"channels":{"9101":{"finalized":374,"deleted":372,"lastAt":753873.183458,"order":"747","store":"decc5fe692ea2728eab93f3eddc3828e6fe258eea6ff4860cc2ad8d8590c5757","knownMappings":275,"unknownMappings":11474},"9201":{"finalized":374,"deleted":372,"lastAt":753873.183458,"order":"748","store":"decc5fe692ea2728eab93f3eddc3828e6fe258eea6ff4860cc2ad8d8590c5757","knownMappings":276,"unknownMappings":11514}},"records":748,"logicalBytes":448237},"resourceTrendPass":false}
[pass] LP26-O05 active 9101
[pass] LP26-O05 active 9201
[pass] LP26-O03 deleted media absent
[pass] LP26-O03 deleted media absent
[pass] LP26-O03 deleted media absent
[pass] LP26-O03 deleted media absent
[current-observation] {"pid":26665,"startIdentity":"macos:1790137862:584770","sampledAt":1790138620047,"phaseAt":759018.917583,"rssBytes":309133312,"threadCount":25,"fdCount":25,"mutationCount":3002,"typeCounts":{"recording_order_reserved":754,"segment_v2_bound_finalized":752,"segment_v2_state":748,"segment_v2_deleted":748},"identityBytes":477799,"combinedLogicalIds":6756,"combinedLogicalBytes":928434,"rotations":0,"partialBytes":0,"progress":{"elapsedMs":755978.419875,"channels":{"9101":{"finalized":376,"deleted":374,"lastAt":759018.917583,"order":"751","store":"decc5fe692ea2728eab93f3eddc3828e6fe258eea6ff4860cc2ad8d8590c5757","knownMappings":276,"unknownMappings":11544},"9201":{"finalized":376,"deleted":374,"lastAt":759018.917583,"order":"752","store":"decc5fe692ea2728eab93f3eddc3828e6fe258eea6ff4860cc2ad8d8590c5757","knownMappings":277,"unknownMappings":11608}},"records":752,"logicalBytes":450635},"resourceTrendPass":false}
[pass] LP26-O05 active 9101
[pass] LP26-O05 active 9201
[pass] LP26-O03 deleted media absent
[pass] LP26-O03 deleted media absent
[pass] LP26-O03 deleted media absent
[pass] LP26-O03 deleted media absent
[pass] LP26-O03 deleted media absent
[pass] LP26-O03 deleted media absent
[current-observation] {"pid":26665,"startIdentity":"macos:1790137862:584770","sampledAt":1790138625184,"phaseAt":764155.965958,"rssBytes":309329920,"threadCount":25,"fdCount":31,"mutationCount":3026,"typeCounts":{"recording_order_reserved":760,"segment_v2_bound_finalized":758,"segment_v2_state":754,"segment_v2_deleted":754},"identityBytes":481627,"combinedLogicalIds":6810,"combinedLogicalBytes":935850,"rotations":0,"partialBytes":0,"progress":{"elapsedMs":761115.46825,"channels":{"9101":{"finalized":379,"deleted":377,"lastAt":764155.965958,"order":"757","store":"decc5fe692ea2728eab93f3eddc3828e6fe258eea6ff4860cc2ad8d8590c5757","knownMappings":278,"unknownMappings":11664},"9201":{"finalized":379,"deleted":377,"lastAt":764155.965958,"order":"758","store":"decc5fe692ea2728eab93f3eddc3828e6fe258eea6ff4860cc2ad8d8590c5757","knownMappings":278,"unknownMappings":11734}},"records":758,"logicalBytes":454223},"resourceTrendPass":false}
[pass] LP26-O05 active 9101
[pass] LP26-O05 active 9201
[pass] LP26-O03 deleted media absent
[pass] LP26-O03 deleted media absent
[pass] LP26-O03 deleted media absent
[pass] LP26-O03 deleted media absent
[current-observation] {"pid":26665,"startIdentity":"macos:1790137862:584770","sampledAt":1790138630362,"phaseAt":769334.396458,"rssBytes":309428224,"threadCount":25,"fdCount":25,"mutationCount":3042,"typeCounts":{"recording_order_reserved":764,"segment_v2_bound_finalized":762,"segment_v2_state":758,"segment_v2_deleted":758},"identityBytes":484179,"combinedLogicalIds":6846,"combinedLogicalBytes":940800,"rotations":0,"partialBytes":0,"progress":{"elapsedMs":766293.8987499999,"channels":{"9101":{"finalized":381,"deleted":379,"lastAt":769334.396458,"order":"761","store":"decc5fe692ea2728eab93f3eddc3828e6fe258eea6ff4860cc2ad8d8590c5757","knownMappings":279,"unknownMappings":11748},"9201":{"finalized":381,"deleted":379,"lastAt":769334.396458,"order":"762","store":"decc5fe692ea2728eab93f3eddc3828e6fe258eea6ff4860cc2ad8d8590c5757","knownMappings":279,"unknownMappings":11820}},"records":762,"logicalBytes":456621},"resourceTrendPass":false}
[pass] LP26-O05 active 9101
[pass] LP26-O05 active 9201
[pass] LP26-O03 deleted media absent
[pass] LP26-O03 deleted media absent
[pass] LP26-O03 deleted media absent
[pass] LP26-O03 deleted media absent
[pass] LP26-O03 deleted media absent
[pass] LP26-O03 deleted media absent
[current-observation] {"pid":26665,"startIdentity":"macos:1790137862:584770","sampledAt":1790138635512,"phaseAt":774484.504916,"rssBytes":309592064,"threadCount":25,"fdCount":21,"mutationCount":3066,"typeCounts":{"recording_order_reserved":770,"segment_v2_bound_finalized":768,"segment_v2_state":764,"segment_v2_deleted":764},"identityBytes":488007,"combinedLogicalIds":6900,"combinedLogicalBytes":948234,"rotations":0,"partialBytes":0,"progress":{"elapsedMs":771444.0072079999,"channels":{"9101":{"finalized":384,"deleted":382,"lastAt":774484.504916,"order":"767","store":"decc5fe692ea2728eab93f3eddc3828e6fe258eea6ff4860cc2ad8d8590c5757","knownMappings":280,"unknownMappings":11876},"9201":{"finalized":384,"deleted":382,"lastAt":774484.504916,"order":"768","store":"decc5fe692ea2728eab93f3eddc3828e6fe258eea6ff4860cc2ad8d8590c5757","knownMappings":282,"unknownMappings":11910}},"records":768,"logicalBytes":460227},"resourceTrendPass":false}
[pass] LP26-O05 active 9101
[pass] LP26-O05 active 9201
[pass] LP26-O03 deleted media absent
[pass] LP26-O03 deleted media absent
[pass] LP26-O03 deleted media absent
[pass] LP26-O03 deleted media absent
[pass] LP26-O03 deleted media absent
[pass] LP26-O03 deleted media absent
[current-observation] {"pid":26665,"startIdentity":"macos:1790137862:584770","sampledAt":1790138640665,"phaseAt":779637.1185,"rssBytes":309919744,"threadCount":25,"fdCount":31,"mutationCount":3090,"typeCounts":{"recording_order_reserved":776,"segment_v2_bound_finalized":774,"segment_v2_state":770,"segment_v2_deleted":770},"identityBytes":491835,"combinedLogicalIds":6954,"combinedLogicalBytes":955650,"rotations":0,"partialBytes":0,"progress":{"elapsedMs":776596.620792,"channels":{"9101":{"finalized":387,"deleted":385,"lastAt":779637.1185,"order":"773","store":"decc5fe692ea2728eab93f3eddc3828e6fe258eea6ff4860cc2ad8d8590c5757","knownMappings":282,"unknownMappings":12020},"9201":{"finalized":387,"deleted":385,"lastAt":779637.1185,"order":"774","store":"decc5fe692ea2728eab93f3eddc3828e6fe258eea6ff4860cc2ad8d8590c5757","knownMappings":285,"unknownMappings":12036}},"records":774,"logicalBytes":463815},"resourceTrendPass":false}
[pass] LP26-O05 active 9101
[pass] LP26-O05 active 9201
[pass] LP26-O03 deleted media absent
[pass] LP26-O03 deleted media absent
[pass] LP26-O03 deleted media absent
[pass] LP26-O03 deleted media absent
[current-observation] {"pid":26665,"startIdentity":"macos:1790137862:584770","sampledAt":1790138645821,"phaseAt":784792.494625,"rssBytes":310099968,"threadCount":25,"fdCount":21,"mutationCount":3106,"typeCounts":{"recording_order_reserved":780,"segment_v2_bound_finalized":778,"segment_v2_state":774,"segment_v2_deleted":774},"identityBytes":494387,"combinedLogicalIds":6990,"combinedLogicalBytes":960600,"rotations":0,"partialBytes":0,"progress":{"elapsedMs":781751.996917,"channels":{"9101":{"finalized":389,"deleted":387,"lastAt":784792.494625,"order":"777","store":"decc5fe692ea2728eab93f3eddc3828e6fe258eea6ff4860cc2ad8d8590c5757","knownMappings":284,"unknownMappings":12104},"9201":{"finalized":389,"deleted":387,"lastAt":784792.494625,"order":"778","store":"decc5fe692ea2728eab93f3eddc3828e6fe258eea6ff4860cc2ad8d8590c5757","knownMappings":286,"unknownMappings":12132}},"records":778,"logicalBytes":466213},"resourceTrendPass":false}
[pass] LP26-O05 active 9101
[pass] LP26-O05 active 9201
[pass] LP26-O03 deleted media absent
[pass] LP26-O03 deleted media absent
[pass] LP26-O03 deleted media absent
[pass] LP26-O03 deleted media absent
[pass] LP26-O03 deleted media absent
[pass] LP26-O03 deleted media absent
[current-observation] {"pid":26665,"startIdentity":"macos:1790137862:584770","sampledAt":1790138650961,"phaseAt":789932.549625,"rssBytes":310198272,"threadCount":25,"fdCount":31,"mutationCount":3130,"typeCounts":{"recording_order_reserved":786,"segment_v2_bound_finalized":784,"segment_v2_state":780,"segment_v2_deleted":780},"identityBytes":498215,"combinedLogicalIds":7044,"combinedLogicalBytes":968034,"rotations":0,"partialBytes":0,"progress":{"elapsedMs":786892.051917,"channels":{"9101":{"finalized":392,"deleted":390,"lastAt":789932.549625,"order":"783","store":"decc5fe692ea2728eab93f3eddc3828e6fe258eea6ff4860cc2ad8d8590c5757","knownMappings":285,"unknownMappings":12244},"9201":{"finalized":392,"deleted":390,"lastAt":789932.549625,"order":"784","store":"decc5fe692ea2728eab93f3eddc3828e6fe258eea6ff4860cc2ad8d8590c5757","knownMappings":288,"unknownMappings":12246}},"records":784,"logicalBytes":469819},"resourceTrendPass":false}
[pass] LP26-O05 active 9101
[pass] LP26-O05 active 9201
[pass] LP26-O03 deleted media absent
[pass] LP26-O03 deleted media absent
[pass] LP26-O03 deleted media absent
[pass] LP26-O03 deleted media absent
[current-observation] {"pid":26665,"startIdentity":"macos:1790137862:584770","sampledAt":1790138656120,"phaseAt":795091.6725,"rssBytes":310247424,"threadCount":25,"fdCount":25,"mutationCount":3146,"typeCounts":{"recording_order_reserved":790,"segment_v2_bound_finalized":788,"segment_v2_state":784,"segment_v2_deleted":784},"identityBytes":500767,"combinedLogicalIds":7080,"combinedLogicalBytes":972984,"rotations":0,"partialBytes":0,"progress":{"elapsedMs":792051.174792,"channels":{"9101":{"finalized":394,"deleted":392,"lastAt":795091.6725,"order":"787","store":"decc5fe692ea2728eab93f3eddc3828e6fe258eea6ff4860cc2ad8d8590c5757","knownMappings":286,"unknownMappings":12332},"9201":{"finalized":394,"deleted":392,"lastAt":795091.6725,"order":"788","store":"decc5fe692ea2728eab93f3eddc3828e6fe258eea6ff4860cc2ad8d8590c5757","knownMappings":289,"unknownMappings":12290}},"records":788,"logicalBytes":472217},"resourceTrendPass":false}
[pass] LP26-O05 active 9101
[pass] LP26-O05 active 9201
[pass] LP26-O03 deleted media absent
[pass] LP26-O03 deleted media absent
[pass] LP26-O03 deleted media absent
[pass] LP26-O03 deleted media absent
[pass] LP26-O03 deleted media absent
[pass] LP26-O03 deleted media absent
[current-observation] {"pid":26665,"startIdentity":"macos:1790137862:584770","sampledAt":1790138661254,"phaseAt":800225.625791,"rssBytes":310525952,"threadCount":25,"fdCount":31,"mutationCount":3170,"typeCounts":{"recording_order_reserved":796,"segment_v2_bound_finalized":794,"segment_v2_state":790,"segment_v2_deleted":790},"identityBytes":504595,"combinedLogicalIds":7134,"combinedLogicalBytes":980400,"rotations":0,"partialBytes":0,"progress":{"elapsedMs":797185.128083,"channels":{"9101":{"finalized":397,"deleted":395,"lastAt":800225.625791,"order":"793","store":"decc5fe692ea2728eab93f3eddc3828e6fe258eea6ff4860cc2ad8d8590c5757","knownMappings":289,"unknownMappings":12462},"9201":{"finalized":397,"deleted":395,"lastAt":800225.625791,"order":"794","store":"decc5fe692ea2728eab93f3eddc3828e6fe258eea6ff4860cc2ad8d8590c5757","knownMappings":292,"unknownMappings":12414}},"records":794,"logicalBytes":475805},"resourceTrendPass":false}
[pass] LP26-O05 active 9101
[pass] LP26-O05 active 9201
[pass] LP26-O03 deleted media absent
[pass] LP26-O03 deleted media absent
[pass] LP26-O03 deleted media absent
[pass] LP26-O03 deleted media absent
[current-observation] {"pid":26665,"startIdentity":"macos:1790137862:584770","sampledAt":1790138666405,"phaseAt":805377.138666,"rssBytes":310722560,"threadCount":25,"fdCount":25,"mutationCount":3186,"typeCounts":{"recording_order_reserved":800,"segment_v2_bound_finalized":798,"segment_v2_state":794,"segment_v2_deleted":794},"identityBytes":507147,"combinedLogicalIds":7170,"combinedLogicalBytes":985350,"rotations":0,"partialBytes":0,"progress":{"elapsedMs":802336.640958,"channels":{"9101":{"finalized":399,"deleted":397,"lastAt":805377.138666,"order":"797","store":"decc5fe692ea2728eab93f3eddc3828e6fe258eea6ff4860cc2ad8d8590c5757","knownMappings":290,"unknownMappings":12554},"9201":{"finalized":399,"deleted":397,"lastAt":805377.138666,"order":"798","store":"decc5fe692ea2728eab93f3eddc3828e6fe258eea6ff4860cc2ad8d8590c5757","knownMappings":294,"unknownMappings":12502}},"records":798,"logicalBytes":478203},"resourceTrendPass":false}
[pass] LP26-O05 active 9101
[pass] LP26-O05 active 9201
[pass] LP26-O03 deleted media absent
[pass] LP26-O03 deleted media absent
[pass] LP26-O03 deleted media absent
[pass] LP26-O03 deleted media absent
[pass] LP26-O03 deleted media absent
[pass] LP26-O03 deleted media absent
[current-observation] {"pid":26665,"startIdentity":"macos:1790137862:584770","sampledAt":1790138671546,"phaseAt":810518.251791,"rssBytes":311001088,"threadCount":25,"fdCount":21,"mutationCount":3210,"typeCounts":{"recording_order_reserved":806,"segment_v2_bound_finalized":804,"segment_v2_state":800,"segment_v2_deleted":800},"identityBytes":510975,"combinedLogicalIds":7224,"combinedLogicalBytes":992784,"rotations":0,"partialBytes":0,"progress":{"elapsedMs":807477.754083,"channels":{"9101":{"finalized":402,"deleted":400,"lastAt":810518.251791,"order":"803","store":"decc5fe692ea2728eab93f3eddc3828e6fe258eea6ff4860cc2ad8d8590c5757","knownMappings":293,"unknownMappings":12678},"9201":{"finalized":402,"deleted":400,"lastAt":810518.251791,"order":"804","store":"decc5fe692ea2728eab93f3eddc3828e6fe258eea6ff4860cc2ad8d8590c5757","knownMappings":295,"unknownMappings":12634}},"records":804,"logicalBytes":481809},"resourceTrendPass":false}
[pass] LP26-O05 active 9101
[pass] LP26-O05 active 9201
[pass] LP26-O03 deleted media absent
[pass] LP26-O03 deleted media absent
[pass] LP26-O03 deleted media absent
[pass] LP26-O03 deleted media absent
[pass] LP26-O03 deleted media absent
[pass] LP26-O03 deleted media absent
[current-observation] {"pid":26665,"startIdentity":"macos:1790137862:584770","sampledAt":1790138676708,"phaseAt":815680.135041,"rssBytes":311197696,"threadCount":25,"fdCount":31,"mutationCount":3234,"typeCounts":{"recording_order_reserved":812,"segment_v2_bound_finalized":810,"segment_v2_state":806,"segment_v2_deleted":806},"identityBytes":514803,"combinedLogicalIds":7278,"combinedLogicalBytes":1000200,"rotations":0,"partialBytes":0,"progress":{"elapsedMs":812639.637333,"channels":{"9101":{"finalized":405,"deleted":403,"lastAt":815680.135041,"order":"809","store":"decc5fe692ea2728eab93f3eddc3828e6fe258eea6ff4860cc2ad8d8590c5757","knownMappings":295,"unknownMappings":12772},"9201":{"finalized":405,"deleted":403,"lastAt":815680.135041,"order":"810","store":"decc5fe692ea2728eab93f3eddc3828e6fe258eea6ff4860cc2ad8d8590c5757","knownMappings":298,"unknownMappings":12776}},"records":810,"logicalBytes":485397},"resourceTrendPass":false}
[pass] LP26-O05 active 9101
[pass] LP26-O05 active 9201
[pass] LP26-O03 deleted media absent
[pass] LP26-O03 deleted media absent
[pass] LP26-O03 deleted media absent
[pass] LP26-O03 deleted media absent
[current-observation] {"pid":26665,"startIdentity":"macos:1790137862:584770","sampledAt":1790138681860,"phaseAt":820831.953125,"rssBytes":311296000,"threadCount":25,"fdCount":21,"mutationCount":3250,"typeCounts":{"recording_order_reserved":816,"segment_v2_bound_finalized":814,"segment_v2_state":810,"segment_v2_deleted":810},"identityBytes":517355,"combinedLogicalIds":7314,"combinedLogicalBytes":1005150,"rotations":0,"partialBytes":0,"progress":{"elapsedMs":817791.455417,"channels":{"9101":{"finalized":407,"deleted":405,"lastAt":820831.953125,"order":"813","store":"decc5fe692ea2728eab93f3eddc3828e6fe258eea6ff4860cc2ad8d8590c5757","knownMappings":297,"unknownMappings":12822},"9201":{"finalized":407,"deleted":405,"lastAt":820831.953125,"order":"814","store":"decc5fe692ea2728eab93f3eddc3828e6fe258eea6ff4860cc2ad8d8590c5757","knownMappings":300,"unknownMappings":12868}},"records":814,"logicalBytes":487795},"resourceTrendPass":false}
[pass] LP26-O05 active 9101
[pass] LP26-O05 active 9201
[pass] LP26-O03 deleted media absent
[pass] LP26-O03 deleted media absent
[pass] LP26-O03 deleted media absent
[pass] LP26-O03 deleted media absent
[pass] LP26-O03 deleted media absent
[pass] LP26-O03 deleted media absent
[current-observation] {"pid":26665,"startIdentity":"macos:1790137862:584770","sampledAt":1790138686996,"phaseAt":825967.733625,"rssBytes":311410688,"threadCount":25,"fdCount":31,"mutationCount":3274,"typeCounts":{"recording_order_reserved":822,"segment_v2_bound_finalized":820,"segment_v2_state":816,"segment_v2_deleted":816},"identityBytes":521183,"combinedLogicalIds":7368,"combinedLogicalBytes":1012584,"rotations":0,"partialBytes":0,"progress":{"elapsedMs":822927.235917,"channels":{"9101":{"finalized":410,"deleted":408,"lastAt":825967.733625,"order":"819","store":"decc5fe692ea2728eab93f3eddc3828e6fe258eea6ff4860cc2ad8d8590c5757","knownMappings":299,"unknownMappings":12886},"9201":{"finalized":410,"deleted":408,"lastAt":825967.733625,"order":"820","store":"decc5fe692ea2728eab93f3eddc3828e6fe258eea6ff4860cc2ad8d8590c5757","knownMappings":303,"unknownMappings":12948}},"records":820,"logicalBytes":491401},"resourceTrendPass":false}
[pass] LP26-O05 active 9101
[pass] LP26-O05 active 9201
[pass] LP26-O03 deleted media absent
[pass] LP26-O03 deleted media absent
[pass] LP26-O03 deleted media absent
[pass] LP26-O03 deleted media absent
[current-observation] {"pid":26665,"startIdentity":"macos:1790137862:584770","sampledAt":1790138692149,"phaseAt":831120.618791,"rssBytes":311508992,"threadCount":25,"fdCount":25,"mutationCount":3290,"typeCounts":{"recording_order_reserved":826,"segment_v2_bound_finalized":824,"segment_v2_state":820,"segment_v2_deleted":820},"identityBytes":523735,"combinedLogicalIds":7404,"combinedLogicalBytes":1017534,"rotations":0,"partialBytes":0,"progress":{"elapsedMs":828080.121083,"channels":{"9101":{"finalized":412,"deleted":410,"lastAt":831120.618791,"order":"823","store":"decc5fe692ea2728eab93f3eddc3828e6fe258eea6ff4860cc2ad8d8590c5757","knownMappings":301,"unknownMappings":12930},"9201":{"finalized":412,"deleted":410,"lastAt":831120.618791,"order":"824","store":"decc5fe692ea2728eab93f3eddc3828e6fe258eea6ff4860cc2ad8d8590c5757","knownMappings":305,"unknownMappings":13030}},"records":824,"logicalBytes":493799},"resourceTrendPass":false}
[pass] LP26-O05 active 9101
[pass] LP26-O05 active 9201
[pass] LP26-O03 deleted media absent
[pass] LP26-O03 deleted media absent
[pass] LP26-O03 deleted media absent
[pass] LP26-O03 deleted media absent
[pass] LP26-O03 deleted media absent
[pass] LP26-O03 deleted media absent
[current-observation] {"pid":26665,"startIdentity":"macos:1790137862:584770","sampledAt":1790138697279,"phaseAt":836250.800375,"rssBytes":311623680,"threadCount":25,"fdCount":31,"mutationCount":3314,"typeCounts":{"recording_order_reserved":832,"segment_v2_bound_finalized":830,"segment_v2_state":826,"segment_v2_deleted":826},"identityBytes":527563,"combinedLogicalIds":7458,"combinedLogicalBytes":1024950,"rotations":0,"partialBytes":0,"progress":{"elapsedMs":833210.302667,"channels":{"9101":{"finalized":415,"deleted":413,"lastAt":836250.800375,"order":"829","store":"decc5fe692ea2728eab93f3eddc3828e6fe258eea6ff4860cc2ad8d8590c5757","knownMappings":303,"unknownMappings":13014},"9201":{"finalized":415,"deleted":413,"lastAt":836250.800375,"order":"830","store":"decc5fe692ea2728eab93f3eddc3828e6fe258eea6ff4860cc2ad8d8590c5757","knownMappings":307,"unknownMappings":13102}},"records":830,"logicalBytes":497387},"resourceTrendPass":false}
[pass] LP26-O05 active 9101
[pass] LP26-O05 active 9201
[pass] LP26-O03 deleted media absent
[pass] LP26-O03 deleted media absent
[pass] LP26-O03 deleted media absent
[pass] LP26-O03 deleted media absent
[current-observation] {"pid":26665,"startIdentity":"macos:1790137862:584770","sampledAt":1790138702419,"phaseAt":841390.5315,"rssBytes":311803904,"threadCount":25,"fdCount":25,"mutationCount":3330,"typeCounts":{"recording_order_reserved":836,"segment_v2_bound_finalized":834,"segment_v2_state":830,"segment_v2_deleted":830},"identityBytes":530115,"combinedLogicalIds":7494,"combinedLogicalBytes":1029900,"rotations":0,"partialBytes":0,"progress":{"elapsedMs":838350.033792,"channels":{"9101":{"finalized":417,"deleted":415,"lastAt":841390.5315,"order":"833","store":"decc5fe692ea2728eab93f3eddc3828e6fe258eea6ff4860cc2ad8d8590c5757","knownMappings":304,"unknownMappings":13106},"9201":{"finalized":417,"deleted":415,"lastAt":841390.5315,"order":"834","store":"decc5fe692ea2728eab93f3eddc3828e6fe258eea6ff4860cc2ad8d8590c5757","knownMappings":308,"unknownMappings":13192}},"records":834,"logicalBytes":499785},"resourceTrendPass":false}
[pass] LP26-O05 active 9101
[pass] LP26-O05 active 9201
[pass] LP26-O03 deleted media absent
[pass] LP26-O03 deleted media absent
[pass] LP26-O03 deleted media absent
[pass] LP26-O03 deleted media absent
[pass] LP26-O03 deleted media absent
[pass] LP26-O03 deleted media absent
[current-observation] {"pid":26665,"startIdentity":"macos:1790137862:584770","sampledAt":1790138707551,"phaseAt":846522.691375,"rssBytes":312033280,"threadCount":25,"fdCount":22,"mutationCount":3354,"typeCounts":{"recording_order_reserved":842,"segment_v2_bound_finalized":840,"segment_v2_state":836,"segment_v2_deleted":836},"identityBytes":533943,"combinedLogicalIds":7548,"combinedLogicalBytes":1037334,"rotations":0,"partialBytes":0,"progress":{"elapsedMs":843482.193667,"channels":{"9101":{"finalized":420,"deleted":418,"lastAt":846522.691375,"order":"839","store":"decc5fe692ea2728eab93f3eddc3828e6fe258eea6ff4860cc2ad8d8590c5757","knownMappings":306,"unknownMappings":13230},"9201":{"finalized":420,"deleted":418,"lastAt":846522.691375,"order":"840","store":"decc5fe692ea2728eab93f3eddc3828e6fe258eea6ff4860cc2ad8d8590c5757","knownMappings":310,"unknownMappings":13322}},"records":840,"logicalBytes":503391},"resourceTrendPass":false}
[pass] LP26-O05 active 9101
[pass] LP26-O05 active 9201
[pass] LP26-O03 deleted media absent
[pass] LP26-O03 deleted media absent
[pass] LP26-O03 deleted media absent
[pass] LP26-O03 deleted media absent
[pass] LP26-O03 deleted media absent
[current-observation] {"pid":26665,"startIdentity":"macos:1790137862:584770","sampledAt":1790138712706,"phaseAt":851678.081791,"rssBytes":312197120,"threadCount":25,"fdCount":25,"mutationCount":3374,"typeCounts":{"recording_order_reserved":847,"segment_v2_bound_finalized":845,"segment_v2_state":841,"segment_v2_deleted":841},"identityBytes":537133,"combinedLogicalIds":7593,"combinedLogicalBytes":1043517,"rotations":0,"partialBytes":0,"progress":{"elapsedMs":848637.584083,"channels":{"9101":{"finalized":423,"deleted":421,"lastAt":851678.081791,"order":"845","store":"decc5fe692ea2728eab93f3eddc3828e6fe258eea6ff4860cc2ad8d8590c5757","knownMappings":309,"unknownMappings":13364},"9201":{"finalized":422,"deleted":420,"lastAt":851678.081791,"order":"844","store":"decc5fe692ea2728eab93f3eddc3828e6fe258eea6ff4860cc2ad8d8590c5757","knownMappings":311,"unknownMappings":13352}},"records":845,"logicalBytes":506384},"resourceTrendPass":false}
[pass] LP26-O05 active 9101
[pass] LP26-O05 active 9201
[pass] LP26-O03 deleted media absent
[pass] LP26-O03 deleted media absent
[pass] LP26-O03 deleted media absent
[pass] LP26-O03 deleted media absent
[pass] LP26-O03 deleted media absent
[current-observation] {"pid":26665,"startIdentity":"macos:1790137862:584770","sampledAt":1790138717854,"phaseAt":856825.932875,"rssBytes":312426496,"threadCount":25,"fdCount":21,"mutationCount":3394,"typeCounts":{"recording_order_reserved":852,"segment_v2_bound_finalized":850,"segment_v2_state":846,"segment_v2_deleted":846},"identityBytes":540323,"combinedLogicalIds":7638,"combinedLogicalBytes":1049700,"rotations":0,"partialBytes":0,"progress":{"elapsedMs":853785.435167,"channels":{"9101":{"finalized":425,"deleted":423,"lastAt":856825.932875,"order":"849","store":"decc5fe692ea2728eab93f3eddc3828e6fe258eea6ff4860cc2ad8d8590c5757","knownMappings":311,"unknownMappings":13422},"9201":{"finalized":425,"deleted":423,"lastAt":856825.932875,"order":"850","store":"decc5fe692ea2728eab93f3eddc3828e6fe258eea6ff4860cc2ad8d8590c5757","knownMappings":314,"unknownMappings":13476}},"records":850,"logicalBytes":509377},"resourceTrendPass":false}
[pass] LP26-O05 active 9101
[pass] LP26-O05 active 9201
[pass] LP26-O03 deleted media absent
[pass] LP26-O03 deleted media absent
[pass] LP26-O03 deleted media absent
[pass] LP26-O03 deleted media absent
[pass] LP26-O03 deleted media absent
[pass] LP26-O03 deleted media absent
[current-observation] {"pid":26665,"startIdentity":"macos:1790137862:584770","sampledAt":1790138722994,"phaseAt":861965.131166,"rssBytes":312606720,"threadCount":25,"fdCount":31,"mutationCount":3418,"typeCounts":{"recording_order_reserved":858,"segment_v2_bound_finalized":856,"segment_v2_state":852,"segment_v2_deleted":852},"identityBytes":544151,"combinedLogicalIds":7692,"combinedLogicalBytes":1057134,"rotations":0,"partialBytes":0,"progress":{"elapsedMs":858924.633458,"channels":{"9101":{"finalized":428,"deleted":426,"lastAt":861965.131166,"order":"855","store":"decc5fe692ea2728eab93f3eddc3828e6fe258eea6ff4860cc2ad8d8590c5757","knownMappings":313,"unknownMappings":13530},"9201":{"finalized":428,"deleted":426,"lastAt":861965.131166,"order":"856","store":"decc5fe692ea2728eab93f3eddc3828e6fe258eea6ff4860cc2ad8d8590c5757","knownMappings":316,"unknownMappings":13602}},"records":856,"logicalBytes":512983},"resourceTrendPass":false}
[pass] LP26-O05 active 9101
[pass] LP26-O05 active 9201
[pass] LP26-O03 deleted media absent
[pass] LP26-O03 deleted media absent
[pass] LP26-O03 deleted media absent
[pass] LP26-O03 deleted media absent
[current-observation] {"pid":26665,"startIdentity":"macos:1790137862:584770","sampledAt":1790138728149,"phaseAt":867120.753541,"rssBytes":312672256,"threadCount":25,"fdCount":25,"mutationCount":3434,"typeCounts":{"recording_order_reserved":862,"segment_v2_bound_finalized":860,"segment_v2_state":856,"segment_v2_deleted":856},"identityBytes":546703,"combinedLogicalIds":7728,"combinedLogicalBytes":1062084,"rotations":0,"partialBytes":0,"progress":{"elapsedMs":864080.255833,"channels":{"9101":{"finalized":430,"deleted":428,"lastAt":867120.753541,"order":"859","store":"decc5fe692ea2728eab93f3eddc3828e6fe258eea6ff4860cc2ad8d8590c5757","knownMappings":314,"unknownMappings":13610},"9201":{"finalized":430,"deleted":428,"lastAt":867120.753541,"order":"860","store":"decc5fe692ea2728eab93f3eddc3828e6fe258eea6ff4860cc2ad8d8590c5757","knownMappings":317,"unknownMappings":13642}},"records":860,"logicalBytes":515381},"resourceTrendPass":false}
[pass] LP26-O05 active 9101
[pass] LP26-O05 active 9201
[pass] LP26-O03 deleted media absent
[pass] LP26-O03 deleted media absent
[pass] LP26-O03 deleted media absent
[pass] LP26-O03 deleted media absent
[pass] LP26-O03 deleted media absent
[pass] LP26-O03 deleted media absent
[current-observation] {"pid":26665,"startIdentity":"macos:1790137862:584770","sampledAt":1790138733283,"phaseAt":872254.484416,"rssBytes":281706496,"threadCount":25,"fdCount":31,"mutationCount":3458,"typeCounts":{"recording_order_reserved":868,"segment_v2_bound_finalized":866,"segment_v2_state":862,"segment_v2_deleted":862},"identityBytes":550531,"combinedLogicalIds":7782,"combinedLogicalBytes":1069500,"rotations":0,"partialBytes":0,"progress":{"elapsedMs":869213.986708,"channels":{"9101":{"finalized":433,"deleted":431,"lastAt":872254.484416,"order":"865","store":"decc5fe692ea2728eab93f3eddc3828e6fe258eea6ff4860cc2ad8d8590c5757","knownMappings":316,"unknownMappings":13730},"9201":{"finalized":433,"deleted":431,"lastAt":872254.484416,"order":"866","store":"decc5fe692ea2728eab93f3eddc3828e6fe258eea6ff4860cc2ad8d8590c5757","knownMappings":319,"unknownMappings":13764}},"records":866,"logicalBytes":518969},"resourceTrendPass":false}
[pass] LP26-O05 active 9101
[pass] LP26-O05 active 9201
[pass] LP26-O03 deleted media absent
[pass] LP26-O03 deleted media absent
[pass] LP26-O03 deleted media absent
[pass] LP26-O03 deleted media absent
[current-observation] {"pid":26665,"startIdentity":"macos:1790137862:584770","sampledAt":1790138738429,"phaseAt":877400.61975,"rssBytes":313016320,"threadCount":25,"fdCount":25,"mutationCount":3474,"typeCounts":{"recording_order_reserved":872,"segment_v2_bound_finalized":870,"segment_v2_state":866,"segment_v2_deleted":866},"identityBytes":553083,"combinedLogicalIds":7818,"combinedLogicalBytes":1074450,"rotations":0,"partialBytes":0,"progress":{"elapsedMs":874360.122042,"channels":{"9101":{"finalized":435,"deleted":433,"lastAt":877400.61975,"order":"869","store":"decc5fe692ea2728eab93f3eddc3828e6fe258eea6ff4860cc2ad8d8590c5757","knownMappings":317,"unknownMappings":13796},"9201":{"finalized":435,"deleted":433,"lastAt":877400.61975,"order":"870","store":"decc5fe692ea2728eab93f3eddc3828e6fe258eea6ff4860cc2ad8d8590c5757","knownMappings":321,"unknownMappings":13828}},"records":870,"logicalBytes":521367},"resourceTrendPass":false}
[pass] LP26-O05 active 9101
[pass] LP26-O05 active 9201
[pass] LP26-O03 deleted media absent
[pass] LP26-O03 deleted media absent
[pass] LP26-O03 deleted media absent
[pass] LP26-O03 deleted media absent
[pass] LP26-O03 deleted media absent
[pass] LP26-O03 deleted media absent
[current-observation] {"pid":26665,"startIdentity":"macos:1790137862:584770","sampledAt":1790138743568,"phaseAt":882539.286583,"rssBytes":303480832,"threadCount":25,"fdCount":23,"mutationCount":3498,"typeCounts":{"recording_order_reserved":878,"segment_v2_bound_finalized":876,"segment_v2_state":872,"segment_v2_deleted":872},"identityBytes":556911,"combinedLogicalIds":7872,"combinedLogicalBytes":1081884,"rotations":0,"partialBytes":0,"progress":{"elapsedMs":879498.788875,"channels":{"9101":{"finalized":438,"deleted":436,"lastAt":882539.286583,"order":"875","store":"decc5fe692ea2728eab93f3eddc3828e6fe258eea6ff4860cc2ad8d8590c5757","knownMappings":319,"unknownMappings":13854},"9201":{"finalized":438,"deleted":436,"lastAt":882539.286583,"order":"876","store":"decc5fe692ea2728eab93f3eddc3828e6fe258eea6ff4860cc2ad8d8590c5757","knownMappings":323,"unknownMappings":13934}},"records":876,"logicalBytes":524973},"resourceTrendPass":false}
[pass] LP26-O05 active 9101
[pass] LP26-O05 active 9201
[pass] LP26-O03 deleted media absent
[pass] LP26-O03 deleted media absent
[pass] LP26-O03 deleted media absent
[pass] LP26-O03 deleted media absent
[current-observation] {"pid":26665,"startIdentity":"macos:1790137862:584770","sampledAt":1790138748708,"phaseAt":887679.794375,"rssBytes":313327616,"threadCount":25,"fdCount":27,"mutationCount":3514,"typeCounts":{"recording_order_reserved":882,"segment_v2_bound_finalized":880,"segment_v2_state":876,"segment_v2_deleted":876},"identityBytes":559463,"combinedLogicalIds":7908,"combinedLogicalBytes":1086834,"rotations":0,"partialBytes":0,"progress":{"elapsedMs":884639.296667,"channels":{"9101":{"finalized":440,"deleted":438,"lastAt":887679.794375,"order":"879","store":"decc5fe692ea2728eab93f3eddc3828e6fe258eea6ff4860cc2ad8d8590c5757","knownMappings":320,"unknownMappings":13938},"9201":{"finalized":440,"deleted":438,"lastAt":887679.794375,"order":"880","store":"decc5fe692ea2728eab93f3eddc3828e6fe258eea6ff4860cc2ad8d8590c5757","knownMappings":323,"unknownMappings":14020}},"records":880,"logicalBytes":527371},"resourceTrendPass":false}
[pass] LP26-O05 active 9101
[pass] LP26-O05 active 9201
[pass] LP26-O03 deleted media absent
[pass] LP26-O03 deleted media absent
[pass] LP26-O03 deleted media absent
[pass] LP26-O03 deleted media absent
[pass] LP26-O03 deleted media absent
[pass] LP26-O03 deleted media absent
[current-observation] {"pid":26665,"startIdentity":"macos:1790137862:584770","sampledAt":1790138753842,"phaseAt":892813.088,"rssBytes":313376768,"threadCount":25,"fdCount":21,"mutationCount":3538,"typeCounts":{"recording_order_reserved":888,"segment_v2_bound_finalized":886,"segment_v2_state":882,"segment_v2_deleted":882},"identityBytes":563291,"combinedLogicalIds":7962,"combinedLogicalBytes":1094250,"rotations":0,"partialBytes":0,"progress":{"elapsedMs":889772.590292,"channels":{"9101":{"finalized":443,"deleted":441,"lastAt":892813.088,"order":"885","store":"decc5fe692ea2728eab93f3eddc3828e6fe258eea6ff4860cc2ad8d8590c5757","knownMappings":323,"unknownMappings":14014},"9201":{"finalized":443,"deleted":441,"lastAt":892813.088,"order":"886","store":"decc5fe692ea2728eab93f3eddc3828e6fe258eea6ff4860cc2ad8d8590c5757","knownMappings":323,"unknownMappings":14076}},"records":886,"logicalBytes":530959},"resourceTrendPass":false}
[pass] LP26-O05 active 9101
[pass] LP26-O05 active 9201
[pass] LP26-O03 deleted media absent
[pass] LP26-O03 deleted media absent
[pass] LP26-O03 deleted media absent
[pass] LP26-O03 deleted media absent
[pass] LP26-O03 deleted media absent
[pass] LP26-O03 deleted media absent
[current-observation] {"pid":26665,"startIdentity":"macos:1790137862:584770","sampledAt":1790138758996,"phaseAt":897967.600875,"rssBytes":313671680,"threadCount":25,"fdCount":31,"mutationCount":3562,"typeCounts":{"recording_order_reserved":894,"segment_v2_bound_finalized":892,"segment_v2_state":888,"segment_v2_deleted":888},"identityBytes":567119,"combinedLogicalIds":8016,"combinedLogicalBytes":1101684,"rotations":0,"partialBytes":0,"progress":{"elapsedMs":894927.103167,"channels":{"9101":{"finalized":446,"deleted":444,"lastAt":897967.600875,"order":"891","store":"decc5fe692ea2728eab93f3eddc3828e6fe258eea6ff4860cc2ad8d8590c5757","knownMappings":325,"unknownMappings":14148},"9201":{"finalized":446,"deleted":444,"lastAt":897967.600875,"order":"892","store":"decc5fe692ea2728eab93f3eddc3828e6fe258eea6ff4860cc2ad8d8590c5757","knownMappings":325,"unknownMappings":14180}},"records":892,"logicalBytes":534565},"resourceTrendPass":false}
[pass] LP26-O05 active 9101
[pass] LP26-O05 active 9201
[pass] LP26-O03 deleted media absent
[pass] LP26-O03 deleted media absent
[pass] LP26-O03 deleted media absent
[pass] LP26-O03 deleted media absent
[current-observation] {"pid":26665,"startIdentity":"macos:1790137862:584770","sampledAt":1790138764141,"phaseAt":903112.395,"rssBytes":313884672,"threadCount":25,"fdCount":23,"mutationCount":3578,"typeCounts":{"recording_order_reserved":898,"segment_v2_bound_finalized":896,"segment_v2_state":892,"segment_v2_deleted":892},"identityBytes":569671,"combinedLogicalIds":8052,"combinedLogicalBytes":1106634,"rotations":0,"partialBytes":0,"progress":{"elapsedMs":900071.897292,"channels":{"9101":{"finalized":448,"deleted":446,"lastAt":903112.395,"order":"895","store":"decc5fe692ea2728eab93f3eddc3828e6fe258eea6ff4860cc2ad8d8590c5757","knownMappings":327,"unknownMappings":14238},"9201":{"finalized":448,"deleted":446,"lastAt":903112.395,"order":"896","store":"decc5fe692ea2728eab93f3eddc3828e6fe258eea6ff4860cc2ad8d8590c5757","knownMappings":326,"unknownMappings":14274}},"records":896,"logicalBytes":536963},"resourceTrendPass":false}
[pass] LP26-O05 active 9101
[pass] LP26-O05 active 9201
[pass] LP26-O03 deleted media absent
[pass] LP26-O03 deleted media absent
[pass] LP26-O03 deleted media absent
[pass] LP26-O03 deleted media absent
[pass] LP26-O03 deleted media absent
[pass] LP26-O03 deleted media absent
[current-observation] {"pid":26665,"startIdentity":"macos:1790137862:584770","sampledAt":1790138769280,"phaseAt":908251.678,"rssBytes":314130432,"threadCount":25,"fdCount":31,"mutationCount":3602,"typeCounts":{"recording_order_reserved":904,"segment_v2_bound_finalized":902,"segment_v2_state":898,"segment_v2_deleted":898},"identityBytes":573499,"combinedLogicalIds":8106,"combinedLogicalBytes":1114050,"rotations":0,"partialBytes":0,"progress":{"elapsedMs":905211.180292,"channels":{"9101":{"finalized":451,"deleted":449,"lastAt":908251.678,"order":"901","store":"decc5fe692ea2728eab93f3eddc3828e6fe258eea6ff4860cc2ad8d8590c5757","knownMappings":329,"unknownMappings":14360},"9201":{"finalized":451,"deleted":449,"lastAt":908251.678,"order":"902","store":"decc5fe692ea2728eab93f3eddc3828e6fe258eea6ff4860cc2ad8d8590c5757","knownMappings":329,"unknownMappings":14410}},"records":902,"logicalBytes":540551},"resourceTrendPass":false}
[pass] LP26-O05 active 9101
[pass] LP26-O05 active 9201
[pass] LP26-O03 deleted media absent
[pass] LP26-O03 deleted media absent
[pass] LP26-O03 deleted media absent
[pass] LP26-O03 deleted media absent
[current-observation] {"pid":26665,"startIdentity":"macos:1790137862:584770","sampledAt":1790138774441,"phaseAt":913412.444208,"rssBytes":314245120,"threadCount":25,"fdCount":25,"mutationCount":3618,"typeCounts":{"recording_order_reserved":908,"segment_v2_bound_finalized":906,"segment_v2_state":902,"segment_v2_deleted":902},"identityBytes":576051,"combinedLogicalIds":8142,"combinedLogicalBytes":1119000,"rotations":0,"partialBytes":0,"progress":{"elapsedMs":910371.9465,"channels":{"9101":{"finalized":453,"deleted":451,"lastAt":913412.444208,"order":"905","store":"decc5fe692ea2728eab93f3eddc3828e6fe258eea6ff4860cc2ad8d8590c5757","knownMappings":331,"unknownMappings":14426},"9201":{"finalized":453,"deleted":451,"lastAt":913412.444208,"order":"906","store":"decc5fe692ea2728eab93f3eddc3828e6fe258eea6ff4860cc2ad8d8590c5757","knownMappings":331,"unknownMappings":14496}},"records":906,"logicalBytes":542949},"resourceTrendPass":false}
[pass] LP26-O05 active 9101
[pass] LP26-O05 active 9201
[pass] LP26-O03 deleted media absent
[pass] LP26-O03 deleted media absent
[pass] LP26-O03 deleted media absent
[pass] LP26-O03 deleted media absent
[pass] LP26-O03 deleted media absent
[pass] LP26-O03 deleted media absent
[current-observation] {"pid":26665,"startIdentity":"macos:1790137862:584770","sampledAt":1790138779580,"phaseAt":918551.539041,"rssBytes":314556416,"threadCount":25,"fdCount":23,"mutationCount":3642,"typeCounts":{"recording_order_reserved":914,"segment_v2_bound_finalized":912,"segment_v2_state":908,"segment_v2_deleted":908},"identityBytes":579879,"combinedLogicalIds":8196,"combinedLogicalBytes":1126434,"rotations":0,"partialBytes":0,"progress":{"elapsedMs":915511.041333,"channels":{"9101":{"finalized":456,"deleted":454,"lastAt":918551.539041,"order":"911","store":"decc5fe692ea2728eab93f3eddc3828e6fe258eea6ff4860cc2ad8d8590c5757","knownMappings":332,"unknownMappings":14568},"9201":{"finalized":456,"deleted":454,"lastAt":918551.539041,"order":"912","store":"decc5fe692ea2728eab93f3eddc3828e6fe258eea6ff4860cc2ad8d8590c5757","knownMappings":334,"unknownMappings":14614}},"records":912,"logicalBytes":546555},"resourceTrendPass":false}
[pass] LP26-O05 active 9101
[pass] LP26-O05 active 9201
[pass] LP26-O03 deleted media absent
[pass] LP26-O03 deleted media absent
[pass] LP26-O03 deleted media absent
[pass] LP26-O03 deleted media absent
[current-observation] {"pid":26665,"startIdentity":"macos:1790137862:584770","sampledAt":1790138784734,"phaseAt":923705.376416,"rssBytes":314572800,"threadCount":25,"fdCount":25,"mutationCount":3658,"typeCounts":{"recording_order_reserved":918,"segment_v2_bound_finalized":916,"segment_v2_state":912,"segment_v2_deleted":912},"identityBytes":582431,"combinedLogicalIds":8232,"combinedLogicalBytes":1131384,"rotations":0,"partialBytes":0,"progress":{"elapsedMs":920664.878708,"channels":{"9101":{"finalized":458,"deleted":456,"lastAt":923705.376416,"order":"915","store":"decc5fe692ea2728eab93f3eddc3828e6fe258eea6ff4860cc2ad8d8590c5757","knownMappings":334,"unknownMappings":14596},"9201":{"finalized":458,"deleted":456,"lastAt":923705.376416,"order":"916","store":"decc5fe692ea2728eab93f3eddc3828e6fe258eea6ff4860cc2ad8d8590c5757","knownMappings":335,"unknownMappings":14664}},"records":916,"logicalBytes":548953},"resourceTrendPass":false}
[pass] LP26-O05 active 9101
[pass] LP26-O05 active 9201
[pass] LP26-O03 deleted media absent
[pass] LP26-O03 deleted media absent
[pass] LP26-O03 deleted media absent
[pass] LP26-O03 deleted media absent
[pass] LP26-O03 deleted media absent
[pass] LP26-O03 deleted media absent
[current-observation] {"pid":26665,"startIdentity":"macos:1790137862:584770","sampledAt":1790138789865,"phaseAt":928836.543083,"rssBytes":314884096,"threadCount":25,"fdCount":21,"mutationCount":3682,"typeCounts":{"recording_order_reserved":924,"segment_v2_bound_finalized":922,"segment_v2_state":918,"segment_v2_deleted":918},"identityBytes":586259,"combinedLogicalIds":8286,"combinedLogicalBytes":1138800,"rotations":0,"partialBytes":0,"progress":{"elapsedMs":925796.045375,"channels":{"9101":{"finalized":461,"deleted":459,"lastAt":928836.543083,"order":"922","store":"decc5fe692ea2728eab93f3eddc3828e6fe258eea6ff4860cc2ad8d8590c5757","knownMappings":336,"unknownMappings":14730},"9201":{"finalized":461,"deleted":459,"lastAt":928836.543083,"order":"921","store":"decc5fe692ea2728eab93f3eddc3828e6fe258eea6ff4860cc2ad8d8590c5757","knownMappings":336,"unknownMappings":14782}},"records":922,"logicalBytes":552541},"resourceTrendPass":false}
[pass] LP26-O05 active 9101
[pass] LP26-O05 active 9201
[pass] LP26-O03 deleted media absent
[pass] LP26-O03 deleted media absent
[pass] LP26-O03 deleted media absent
[pass] LP26-O03 deleted media absent
[pass] LP26-O03 deleted media absent
[pass] LP26-O03 deleted media absent
[current-observation] {"pid":26665,"startIdentity":"macos:1790137862:584770","sampledAt":1790138795011,"phaseAt":933982.273208,"rssBytes":314998784,"threadCount":25,"fdCount":31,"mutationCount":3706,"typeCounts":{"recording_order_reserved":930,"segment_v2_bound_finalized":928,"segment_v2_state":924,"segment_v2_deleted":924},"identityBytes":590087,"combinedLogicalIds":8340,"combinedLogicalBytes":1146234,"rotations":0,"partialBytes":0,"progress":{"elapsedMs":930941.7755,"channels":{"9101":{"finalized":464,"deleted":462,"lastAt":933982.273208,"order":"927","store":"decc5fe692ea2728eab93f3eddc3828e6fe258eea6ff4860cc2ad8d8590c5757","knownMappings":338,"unknownMappings":14850},"9201":{"finalized":464,"deleted":462,"lastAt":933982.273208,"order":"928","store":"decc5fe692ea2728eab93f3eddc3828e6fe258eea6ff4860cc2ad8d8590c5757","knownMappings":338,"unknownMappings":14880}},"records":928,"logicalBytes":556147},"resourceTrendPass":false}
[pass] LP26-O05 active 9101
[pass] LP26-O05 active 9201
[pass] LP26-O03 deleted media absent
[pass] LP26-O03 deleted media absent
[pass] LP26-O03 deleted media absent
[pass] LP26-O03 deleted media absent
[current-observation] {"pid":26665,"startIdentity":"macos:1790137862:584770","sampledAt":1790138800159,"phaseAt":939130.409666,"rssBytes":315097088,"threadCount":25,"fdCount":21,"mutationCount":3722,"typeCounts":{"recording_order_reserved":934,"segment_v2_bound_finalized":932,"segment_v2_state":928,"segment_v2_deleted":928},"identityBytes":592639,"combinedLogicalIds":8376,"combinedLogicalBytes":1151184,"rotations":0,"partialBytes":0,"progress":{"elapsedMs":936089.911958,"channels":{"9101":{"finalized":466,"deleted":464,"lastAt":939130.409666,"order":"932","store":"decc5fe692ea2728eab93f3eddc3828e6fe258eea6ff4860cc2ad8d8590c5757","knownMappings":340,"unknownMappings":14938},"9201":{"finalized":466,"deleted":464,"lastAt":939130.409666,"order":"931","store":"decc5fe692ea2728eab93f3eddc3828e6fe258eea6ff4860cc2ad8d8590c5757","knownMappings":339,"unknownMappings":14914}},"records":932,"logicalBytes":558545},"resourceTrendPass":false}
[pass] LP26-O05 active 9101
[pass] LP26-O05 active 9201
[pass] LP26-O03 deleted media absent
[pass] LP26-O03 deleted media absent
[pass] LP26-O03 deleted media absent
[pass] LP26-O03 deleted media absent
[pass] LP26-O03 deleted media absent
[pass] LP26-O03 deleted media absent
[current-observation] {"pid":26665,"startIdentity":"macos:1790137862:584770","sampledAt":1790138805296,"phaseAt":944267.139166,"rssBytes":315293696,"threadCount":25,"fdCount":31,"mutationCount":3746,"typeCounts":{"recording_order_reserved":940,"segment_v2_bound_finalized":938,"segment_v2_state":934,"segment_v2_deleted":934},"identityBytes":596467,"combinedLogicalIds":8430,"combinedLogicalBytes":1158600,"rotations":0,"partialBytes":0,"progress":{"elapsedMs":941226.6414579999,"channels":{"9101":{"finalized":469,"deleted":467,"lastAt":944267.139166,"order":"938","store":"decc5fe692ea2728eab93f3eddc3828e6fe258eea6ff4860cc2ad8d8590c5757","knownMappings":343,"unknownMappings":15050},"9201":{"finalized":469,"deleted":467,"lastAt":944267.139166,"order":"937","store":"decc5fe692ea2728eab93f3eddc3828e6fe258eea6ff4860cc2ad8d8590c5757","knownMappings":339,"unknownMappings":14996}},"records":938,"logicalBytes":562133},"resourceTrendPass":false}
[pass] LP26-O05 active 9101
[pass] LP26-O05 active 9201
[pass] LP26-O03 deleted media absent
[pass] LP26-O03 deleted media absent
[pass] LP26-O03 deleted media absent
[pass] LP26-O03 deleted media absent
[current-observation] {"pid":26665,"startIdentity":"macos:1790137862:584770","sampledAt":1790138810440,"phaseAt":949410.880416,"rssBytes":315539456,"threadCount":25,"fdCount":25,"mutationCount":3762,"typeCounts":{"recording_order_reserved":944,"segment_v2_bound_finalized":942,"segment_v2_state":938,"segment_v2_deleted":938},"identityBytes":599019,"combinedLogicalIds":8466,"combinedLogicalBytes":1163550,"rotations":0,"partialBytes":0,"progress":{"elapsedMs":946370.382708,"channels":{"9101":{"finalized":471,"deleted":469,"lastAt":949410.880416,"order":"942","store":"decc5fe692ea2728eab93f3eddc3828e6fe258eea6ff4860cc2ad8d8590c5757","knownMappings":345,"unknownMappings":15114},"9201":{"finalized":471,"deleted":469,"lastAt":949410.880416,"order":"941","store":"decc5fe692ea2728eab93f3eddc3828e6fe258eea6ff4860cc2ad8d8590c5757","knownMappings":341,"unknownMappings":15074}},"records":942,"logicalBytes":564531},"resourceTrendPass":false}
[pass] LP26-O05 active 9101
[pass] LP26-O05 active 9201
[pass] LP26-O03 deleted media absent
[pass] LP26-O03 deleted media absent
[pass] LP26-O03 deleted media absent
[pass] LP26-O03 deleted media absent
[pass] LP26-O03 deleted media absent
[pass] LP26-O03 deleted media absent
[current-observation] {"pid":26665,"startIdentity":"macos:1790137862:584770","sampledAt":1790138815619,"phaseAt":954590.425458,"rssBytes":315637760,"threadCount":25,"fdCount":23,"mutationCount":3786,"typeCounts":{"recording_order_reserved":950,"segment_v2_bound_finalized":948,"segment_v2_state":944,"segment_v2_deleted":944},"identityBytes":602847,"combinedLogicalIds":8520,"combinedLogicalBytes":1170984,"rotations":0,"partialBytes":0,"progress":{"elapsedMs":951549.92775,"channels":{"9101":{"finalized":474,"deleted":472,"lastAt":954590.425458,"order":"948","store":"decc5fe692ea2728eab93f3eddc3828e6fe258eea6ff4860cc2ad8d8590c5757","knownMappings":346,"unknownMappings":15238},"9201":{"finalized":474,"deleted":472,"lastAt":954590.425458,"order":"947","store":"decc5fe692ea2728eab93f3eddc3828e6fe258eea6ff4860cc2ad8d8590c5757","knownMappings":342,"unknownMappings":15152}},"records":948,"logicalBytes":568137},"resourceTrendPass":false}
[pass] LP26-O05 active 9101
[pass] LP26-O05 active 9201
[pass] LP26-O03 deleted media absent
[pass] LP26-O03 deleted media absent
[pass] LP26-O03 deleted media absent
[pass] LP26-O03 deleted media absent
[current-observation] {"pid":26665,"startIdentity":"macos:1790137862:584770","sampledAt":1790138820767,"phaseAt":959738.037083,"rssBytes":315686912,"threadCount":25,"fdCount":25,"mutationCount":3802,"typeCounts":{"recording_order_reserved":954,"segment_v2_bound_finalized":952,"segment_v2_state":948,"segment_v2_deleted":948},"identityBytes":605399,"combinedLogicalIds":8556,"combinedLogicalBytes":1175934,"rotations":0,"partialBytes":0,"progress":{"elapsedMs":956697.5393749999,"channels":{"9101":{"finalized":476,"deleted":474,"lastAt":959738.037083,"order":"952","store":"decc5fe692ea2728eab93f3eddc3828e6fe258eea6ff4860cc2ad8d8590c5757","knownMappings":348,"unknownMappings":15318},"9201":{"finalized":476,"deleted":474,"lastAt":959738.037083,"order":"951","store":"decc5fe692ea2728eab93f3eddc3828e6fe258eea6ff4860cc2ad8d8590c5757","knownMappings":344,"unknownMappings":15186}},"records":952,"logicalBytes":570535},"resourceTrendPass":false}
[pass] LP26-O05 active 9101
[pass] LP26-O05 active 9201
[pass] LP26-O03 deleted media absent
[pass] LP26-O03 deleted media absent
[pass] LP26-O03 deleted media absent
[pass] LP26-O03 deleted media absent
[pass] LP26-O03 deleted media absent
[pass] LP26-O03 deleted media absent
[current-observation] {"pid":26665,"startIdentity":"macos:1790137862:584770","sampledAt":1790138825913,"phaseAt":964884.110333,"rssBytes":315850752,"threadCount":25,"fdCount":21,"mutationCount":3826,"typeCounts":{"recording_order_reserved":960,"segment_v2_bound_finalized":958,"segment_v2_state":954,"segment_v2_deleted":954},"identityBytes":609227,"combinedLogicalIds":8610,"combinedLogicalBytes":1183350,"rotations":0,"partialBytes":0,"progress":{"elapsedMs":961843.612625,"channels":{"9101":{"finalized":479,"deleted":477,"lastAt":964884.110333,"order":"958","store":"decc5fe692ea2728eab93f3eddc3828e6fe258eea6ff4860cc2ad8d8590c5757","knownMappings":350,"unknownMappings":15406},"9201":{"finalized":479,"deleted":477,"lastAt":964884.110333,"order":"957","store":"decc5fe692ea2728eab93f3eddc3828e6fe258eea6ff4860cc2ad8d8590c5757","knownMappings":347,"unknownMappings":15238}},"records":958,"logicalBytes":574123},"resourceTrendPass":false}
[pass] LP26-O05 active 9101
[pass] LP26-O05 active 9201
[pass] LP26-O03 deleted media absent
[pass] LP26-O03 deleted media absent
[pass] LP26-O03 deleted media absent
[pass] LP26-O03 deleted media absent
[pass] LP26-O03 deleted media absent
[pass] LP26-O03 deleted media absent
[current-observation] {"pid":26665,"startIdentity":"macos:1790137862:584770","sampledAt":1790138831061,"phaseAt":970031.807458,"rssBytes":316063744,"threadCount":25,"fdCount":31,"mutationCount":3850,"typeCounts":{"recording_order_reserved":966,"segment_v2_bound_finalized":964,"segment_v2_state":960,"segment_v2_deleted":960},"identityBytes":613055,"combinedLogicalIds":8664,"combinedLogicalBytes":1190784,"rotations":0,"partialBytes":0,"progress":{"elapsedMs":966991.30975,"channels":{"9101":{"finalized":482,"deleted":480,"lastAt":970031.807458,"order":"964","store":"decc5fe692ea2728eab93f3eddc3828e6fe258eea6ff4860cc2ad8d8590c5757","knownMappings":351,"unknownMappings":15550},"9201":{"finalized":482,"deleted":480,"lastAt":970031.807458,"order":"963","store":"decc5fe692ea2728eab93f3eddc3828e6fe258eea6ff4860cc2ad8d8590c5757","knownMappings":350,"unknownMappings":15338}},"records":964,"logicalBytes":577729},"resourceTrendPass":false}
[pass] LP26-O05 active 9101
[pass] LP26-O05 active 9201
[pass] LP26-O03 deleted media absent
[pass] LP26-O03 deleted media absent
[pass] LP26-O03 deleted media absent
[pass] LP26-O03 deleted media absent
[current-observation] {"pid":26665,"startIdentity":"macos:1790137862:584770","sampledAt":1790138836211,"phaseAt":975181.495125,"rssBytes":316276736,"threadCount":25,"fdCount":21,"mutationCount":3866,"typeCounts":{"recording_order_reserved":970,"segment_v2_bound_finalized":968,"segment_v2_state":964,"segment_v2_deleted":964},"identityBytes":615607,"combinedLogicalIds":8700,"combinedLogicalBytes":1195734,"rotations":0,"partialBytes":0,"progress":{"elapsedMs":972140.997417,"channels":{"9101":{"finalized":484,"deleted":482,"lastAt":975181.495125,"order":"968","store":"decc5fe692ea2728eab93f3eddc3828e6fe258eea6ff4860cc2ad8d8590c5757","knownMappings":353,"unknownMappings":15636},"9201":{"finalized":484,"deleted":482,"lastAt":975181.495125,"order":"967","store":"decc5fe692ea2728eab93f3eddc3828e6fe258eea6ff4860cc2ad8d8590c5757","knownMappings":352,"unknownMappings":15424}},"records":968,"logicalBytes":580127},"resourceTrendPass":false}
[pass] LP26-O05 active 9101
[pass] LP26-O05 active 9201
[pass] LP26-O03 deleted media absent
[pass] LP26-O03 deleted media absent
[pass] LP26-O03 deleted media absent
[pass] LP26-O03 deleted media absent
[pass] LP26-O03 deleted media absent
[pass] LP26-O03 deleted media absent
[current-observation] {"pid":26665,"startIdentity":"macos:1790137862:584770","sampledAt":1790138841348,"phaseAt":980319.33,"rssBytes":316424192,"threadCount":25,"fdCount":31,"mutationCount":3890,"typeCounts":{"recording_order_reserved":976,"segment_v2_bound_finalized":974,"segment_v2_state":970,"segment_v2_deleted":970},"identityBytes":619435,"combinedLogicalIds":8754,"combinedLogicalBytes":1203150,"rotations":0,"partialBytes":0,"progress":{"elapsedMs":977278.832292,"channels":{"9101":{"finalized":487,"deleted":485,"lastAt":980319.33,"order":"974","store":"decc5fe692ea2728eab93f3eddc3828e6fe258eea6ff4860cc2ad8d8590c5757","knownMappings":355,"unknownMappings":15756},"9201":{"finalized":487,"deleted":485,"lastAt":980319.33,"order":"973","store":"decc5fe692ea2728eab93f3eddc3828e6fe258eea6ff4860cc2ad8d8590c5757","knownMappings":355,"unknownMappings":15486}},"records":974,"logicalBytes":583715},"resourceTrendPass":false}
[pass] LP26-O05 active 9101
[pass] LP26-O05 active 9201
[pass] LP26-O03 deleted media absent
[pass] LP26-O03 deleted media absent
[pass] LP26-O03 deleted media absent
[pass] LP26-O03 deleted media absent
[current-observation] {"pid":26665,"startIdentity":"macos:1790137862:584770","sampledAt":1790138846498,"phaseAt":985469.416666,"rssBytes":316571648,"threadCount":25,"fdCount":25,"mutationCount":3906,"typeCounts":{"recording_order_reserved":980,"segment_v2_bound_finalized":978,"segment_v2_state":974,"segment_v2_deleted":974},"identityBytes":621987,"combinedLogicalIds":8790,"combinedLogicalBytes":1208100,"rotations":0,"partialBytes":0,"progress":{"elapsedMs":982428.918958,"channels":{"9101":{"finalized":489,"deleted":487,"lastAt":985469.416666,"order":"978","store":"decc5fe692ea2728eab93f3eddc3828e6fe258eea6ff4860cc2ad8d8590c5757","knownMappings":357,"unknownMappings":15816},"9201":{"finalized":489,"deleted":487,"lastAt":985469.416666,"order":"977","store":"decc5fe692ea2728eab93f3eddc3828e6fe258eea6ff4860cc2ad8d8590c5757","knownMappings":357,"unknownMappings":15544}},"records":978,"logicalBytes":586113},"resourceTrendPass":false}
[pass] LP26-O05 active 9101
[pass] LP26-O05 active 9201
[pass] LP26-O03 deleted media absent
[pass] LP26-O03 deleted media absent
[pass] LP26-O03 deleted media absent
[pass] LP26-O03 deleted media absent
[pass] LP26-O03 deleted media absent
[pass] LP26-O03 deleted media absent
[current-observation] {"pid":26665,"startIdentity":"macos:1790137862:584770","sampledAt":1790138851626,"phaseAt":990596.766375,"rssBytes":316686336,"threadCount":25,"fdCount":31,"mutationCount":3930,"typeCounts":{"recording_order_reserved":986,"segment_v2_bound_finalized":984,"segment_v2_state":980,"segment_v2_deleted":980},"identityBytes":625815,"combinedLogicalIds":8844,"combinedLogicalBytes":1215534,"rotations":0,"partialBytes":0,"progress":{"elapsedMs":987556.268667,"channels":{"9101":{"finalized":492,"deleted":490,"lastAt":990596.766375,"order":"983","store":"decc5fe692ea2728eab93f3eddc3828e6fe258eea6ff4860cc2ad8d8590c5757","knownMappings":359,"unknownMappings":15892},"9201":{"finalized":492,"deleted":490,"lastAt":990596.766375,"order":"984","store":"decc5fe692ea2728eab93f3eddc3828e6fe258eea6ff4860cc2ad8d8590c5757","knownMappings":360,"unknownMappings":15586}},"records":984,"logicalBytes":589719},"resourceTrendPass":false}
[pass] LP26-O05 active 9101
[pass] LP26-O05 active 9201
[pass] LP26-O03 deleted media absent
[pass] LP26-O03 deleted media absent
[pass] LP26-O03 deleted media absent
[pass] LP26-O03 deleted media absent
[current-observation] {"pid":26665,"startIdentity":"macos:1790137862:584770","sampledAt":1790138856760,"phaseAt":995731.099375,"rssBytes":316833792,"threadCount":25,"fdCount":25,"mutationCount":3946,"typeCounts":{"recording_order_reserved":990,"segment_v2_bound_finalized":988,"segment_v2_state":984,"segment_v2_deleted":984},"identityBytes":628367,"combinedLogicalIds":8880,"combinedLogicalBytes":1220484,"rotations":0,"partialBytes":0,"progress":{"elapsedMs":992690.601667,"channels":{"9101":{"finalized":494,"deleted":492,"lastAt":995731.099375,"order":"987","store":"decc5fe692ea2728eab93f3eddc3828e6fe258eea6ff4860cc2ad8d8590c5757","knownMappings":360,"unknownMappings":15976},"9201":{"finalized":494,"deleted":492,"lastAt":995731.099375,"order":"988","store":"decc5fe692ea2728eab93f3eddc3828e6fe258eea6ff4860cc2ad8d8590c5757","knownMappings":360,"unknownMappings":15670}},"records":988,"logicalBytes":592117},"resourceTrendPass":false}
[pass] LP26-O05 active 9101
[pass] LP26-O05 active 9201
[pass] LP26-O03 deleted media absent
[pass] LP26-O03 deleted media absent
[pass] LP26-O03 deleted media absent
[pass] LP26-O03 deleted media absent
[pass] LP26-O03 deleted media absent
[pass] LP26-O03 deleted media absent
[current-observation] {"pid":26665,"startIdentity":"macos:1790137862:584770","sampledAt":1790138861888,"phaseAt":1000859.270583,"rssBytes":316997632,"threadCount":25,"fdCount":21,"mutationCount":3970,"typeCounts":{"recording_order_reserved":996,"segment_v2_bound_finalized":994,"segment_v2_state":990,"segment_v2_deleted":990},"identityBytes":632195,"combinedLogicalIds":8934,"combinedLogicalBytes":1227900,"rotations":0,"partialBytes":0,"progress":{"elapsedMs":997818.772875,"channels":{"9101":{"finalized":497,"deleted":495,"lastAt":1000859.270583,"order":"994","store":"decc5fe692ea2728eab93f3eddc3828e6fe258eea6ff4860cc2ad8d8590c5757","knownMappings":362,"unknownMappings":16082},"9201":{"finalized":497,"deleted":495,"lastAt":1000859.270583,"order":"993","store":"decc5fe692ea2728eab93f3eddc3828e6fe258eea6ff4860cc2ad8d8590c5757","knownMappings":363,"unknownMappings":15778}},"records":994,"logicalBytes":595705},"resourceTrendPass":false}
[pass] LP26-O05 active 9101
[pass] LP26-O05 active 9201
[pass] LP26-O03 deleted media absent
[pass] LP26-O03 deleted media absent
[pass] LP26-O03 deleted media absent
[pass] LP26-O03 deleted media absent
[pass] LP26-O03 deleted media absent
[pass] LP26-O03 deleted media absent
[current-observation] {"pid":26665,"startIdentity":"macos:1790137862:584770","sampledAt":1790138867037,"phaseAt":1006008.286,"rssBytes":317014016,"threadCount":25,"fdCount":31,"mutationCount":3994,"typeCounts":{"recording_order_reserved":1002,"segment_v2_bound_finalized":1000,"segment_v2_state":996,"segment_v2_deleted":996},"identityBytes":636023,"combinedLogicalIds":8988,"combinedLogicalBytes":1235335,"rotations":0,"partialBytes":0,"progress":{"elapsedMs":1002967.788292,"channels":{"9101":{"finalized":500,"deleted":498,"lastAt":1006008.286,"order":"1000","store":"decc5fe692ea2728eab93f3eddc3828e6fe258eea6ff4860cc2ad8d8590c5757","knownMappings":365,"unknownMappings":16188},"9201":{"finalized":500,"deleted":498,"lastAt":1006008.286,"order":"999","store":"decc5fe692ea2728eab93f3eddc3828e6fe258eea6ff4860cc2ad8d8590c5757","knownMappings":365,"unknownMappings":15820}},"records":1000,"logicalBytes":599312},"resourceTrendPass":false}
[pass] LP26-O05 active 9101
[pass] LP26-O05 active 9201
[pass] LP26-O03 deleted media absent
[pass] LP26-O03 deleted media absent
[pass] LP26-O03 deleted media absent
[pass] LP26-O03 deleted media absent
[current-observation] {"pid":26665,"startIdentity":"macos:1790137862:584770","sampledAt":1790138872174,"phaseAt":1011144.576208,"rssBytes":317276160,"threadCount":25,"fdCount":21,"mutationCount":4010,"typeCounts":{"recording_order_reserved":1006,"segment_v2_bound_finalized":1004,"segment_v2_state":1000,"segment_v2_deleted":1000},"identityBytes":638575,"combinedLogicalIds":9024,"combinedLogicalBytes":1240289,"rotations":0,"partialBytes":0,"progress":{"elapsedMs":1008104.0785,"channels":{"9101":{"finalized":502,"deleted":500,"lastAt":1011144.576208,"order":"1004","store":"decc5fe692ea2728eab93f3eddc3828e6fe258eea6ff4860cc2ad8d8590c5757","knownMappings":365,"unknownMappings":16276},"9201":{"finalized":502,"deleted":500,"lastAt":1011144.576208,"order":"1003","store":"decc5fe692ea2728eab93f3eddc3828e6fe258eea6ff4860cc2ad8d8590c5757","knownMappings":366,"unknownMappings":15920}},"records":1004,"logicalBytes":601714},"resourceTrendPass":false}
[pass] LP26-O05 active 9101
[pass] LP26-O05 active 9201
[pass] LP26-O03 deleted media absent
[pass] LP26-O03 deleted media absent
[pass] LP26-O03 deleted media absent
[pass] LP26-O03 deleted media absent
[pass] LP26-O03 deleted media absent
[pass] LP26-O03 deleted media absent
[current-observation] {"pid":26665,"startIdentity":"macos:1790137862:584770","sampledAt":1790138877309,"phaseAt":1016279.698041,"rssBytes":317472768,"threadCount":25,"fdCount":31,"mutationCount":4034,"typeCounts":{"recording_order_reserved":1012,"segment_v2_bound_finalized":1010,"segment_v2_state":1006,"segment_v2_deleted":1006},"identityBytes":642403,"combinedLogicalIds":9078,"combinedLogicalBytes":1247711,"rotations":0,"partialBytes":0,"progress":{"elapsedMs":1013239.200333,"channels":{"9101":{"finalized":505,"deleted":503,"lastAt":1016279.698041,"order":"1009","store":"decc5fe692ea2728eab93f3eddc3828e6fe258eea6ff4860cc2ad8d8590c5757","knownMappings":368,"unknownMappings":16354},"9201":{"finalized":505,"deleted":503,"lastAt":1016279.698041,"order":"1010","store":"decc5fe692ea2728eab93f3eddc3828e6fe258eea6ff4860cc2ad8d8590c5757","knownMappings":367,"unknownMappings":16050}},"records":1010,"logicalBytes":605308},"resourceTrendPass":false}
[pass] LP26-O05 active 9101
[pass] LP26-O05 active 9201
[pass] LP26-O03 deleted media absent
[pass] LP26-O03 deleted media absent
[pass] LP26-O03 deleted media absent
[pass] LP26-O03 deleted media absent
[current-observation] {"pid":26665,"startIdentity":"macos:1790137862:584770","sampledAt":1790138882461,"phaseAt":1021432.106083,"rssBytes":317734912,"threadCount":25,"fdCount":25,"mutationCount":4050,"typeCounts":{"recording_order_reserved":1016,"segment_v2_bound_finalized":1014,"segment_v2_state":1010,"segment_v2_deleted":1010},"identityBytes":644955,"combinedLogicalIds":9114,"combinedLogicalBytes":1252665,"rotations":0,"partialBytes":0,"progress":{"elapsedMs":1018391.608375,"channels":{"9101":{"finalized":507,"deleted":505,"lastAt":1021432.106083,"order":"1013","store":"decc5fe692ea2728eab93f3eddc3828e6fe258eea6ff4860cc2ad8d8590c5757","knownMappings":369,"unknownMappings":16448},"9201":{"finalized":507,"deleted":505,"lastAt":1021432.106083,"order":"1014","store":"decc5fe692ea2728eab93f3eddc3828e6fe258eea6ff4860cc2ad8d8590c5757","knownMappings":368,"unknownMappings":16148}},"records":1014,"logicalBytes":607710},"resourceTrendPass":false}
[pass] LP26-O05 active 9101
[pass] LP26-O05 active 9201
[pass] LP26-O03 deleted media absent
[pass] LP26-O03 deleted media absent
[pass] LP26-O03 deleted media absent
[pass] LP26-O03 deleted media absent
[pass] LP26-O03 deleted media absent
[pass] LP26-O03 deleted media absent
[current-observation] {"pid":26665,"startIdentity":"macos:1790137862:584770","sampledAt":1790138887599,"phaseAt":1026569.767,"rssBytes":318013440,"threadCount":25,"fdCount":31,"mutationCount":4074,"typeCounts":{"recording_order_reserved":1022,"segment_v2_bound_finalized":1020,"segment_v2_state":1016,"segment_v2_deleted":1016},"identityBytes":648783,"combinedLogicalIds":9168,"combinedLogicalBytes":1260105,"rotations":0,"partialBytes":0,"progress":{"elapsedMs":1023529.269292,"channels":{"9101":{"finalized":510,"deleted":508,"lastAt":1026569.767,"order":"1019","store":"decc5fe692ea2728eab93f3eddc3828e6fe258eea6ff4860cc2ad8d8590c5757","knownMappings":370,"unknownMappings":16568},"9201":{"finalized":510,"deleted":508,"lastAt":1026569.767,"order":"1020","store":"decc5fe692ea2728eab93f3eddc3828e6fe258eea6ff4860cc2ad8d8590c5757","knownMappings":370,"unknownMappings":16274}},"records":1020,"logicalBytes":611322},"resourceTrendPass":false}
[pass] LP26-O05 active 9101
[pass] LP26-O05 active 9201
[pass] LP26-O03 deleted media absent
[pass] LP26-O03 deleted media absent
[pass] LP26-O03 deleted media absent
[pass] LP26-O03 deleted media absent
[current-observation] {"pid":26665,"startIdentity":"macos:1790137862:584770","sampledAt":1790138892753,"phaseAt":1031723.506166,"rssBytes":318193664,"threadCount":25,"fdCount":25,"mutationCount":4090,"typeCounts":{"recording_order_reserved":1026,"segment_v2_bound_finalized":1024,"segment_v2_state":1020,"segment_v2_deleted":1020},"identityBytes":651335,"combinedLogicalIds":9204,"combinedLogicalBytes":1265059,"rotations":0,"partialBytes":0,"progress":{"elapsedMs":1028683.008458,"channels":{"9101":{"finalized":512,"deleted":510,"lastAt":1031723.506166,"order":"1023","store":"decc5fe692ea2728eab93f3eddc3828e6fe258eea6ff4860cc2ad8d8590c5757","knownMappings":371,"unknownMappings":16660},"9201":{"finalized":512,"deleted":510,"lastAt":1031723.506166,"order":"1024","store":"decc5fe692ea2728eab93f3eddc3828e6fe258eea6ff4860cc2ad8d8590c5757","knownMappings":372,"unknownMappings":16366}},"records":1024,"logicalBytes":613724},"resourceTrendPass":false}
[pass] LP26-O05 active 9101
[pass] LP26-O05 active 9201
[pass] LP26-O03 deleted media absent
[pass] LP26-O03 deleted media absent
[pass] LP26-O03 deleted media absent
[pass] LP26-O03 deleted media absent
[pass] LP26-O03 deleted media absent
[pass] LP26-O03 deleted media absent
[current-observation] {"pid":26665,"startIdentity":"macos:1790137862:584770","sampledAt":1790138897892,"phaseAt":1036862.86775,"rssBytes":318275584,"threadCount":25,"fdCount":23,"mutationCount":4114,"typeCounts":{"recording_order_reserved":1032,"segment_v2_bound_finalized":1030,"segment_v2_state":1026,"segment_v2_deleted":1026},"identityBytes":655163,"combinedLogicalIds":9258,"combinedLogicalBytes":1272481,"rotations":0,"partialBytes":0,"progress":{"elapsedMs":1033822.370042,"channels":{"9101":{"finalized":515,"deleted":513,"lastAt":1036862.86775,"order":"1029","store":"decc5fe692ea2728eab93f3eddc3828e6fe258eea6ff4860cc2ad8d8590c5757","knownMappings":373,"unknownMappings":16764},"9201":{"finalized":515,"deleted":513,"lastAt":1036862.86775,"order":"1030","store":"decc5fe692ea2728eab93f3eddc3828e6fe258eea6ff4860cc2ad8d8590c5757","knownMappings":375,"unknownMappings":16450}},"records":1030,"logicalBytes":617318},"resourceTrendPass":false}
[pass] LP26-O05 active 9101
[pass] LP26-O05 active 9201
[pass] LP26-O03 deleted media absent
[pass] LP26-O03 deleted media absent
[pass] LP26-O03 deleted media absent
[pass] LP26-O03 deleted media absent
[current-observation] {"pid":26665,"startIdentity":"macos:1790137862:584770","sampledAt":1790138903049,"phaseAt":1042019.712291,"rssBytes":318341120,"threadCount":25,"fdCount":21,"mutationCount":4131,"typeCounts":{"recording_order_reserved":1036,"segment_v2_bound_finalized":1035,"segment_v2_state":1030,"segment_v2_deleted":1030},"identityBytes":657876,"combinedLogicalIds":9297,"combinedLogicalBytes":1278201,"rotations":0,"partialBytes":0,"progress":{"elapsedMs":1038979.2145829999,"channels":{"9101":{"finalized":518,"deleted":515,"lastAt":1042019.712291,"order":"1035","store":"decc5fe692ea2728eab93f3eddc3828e6fe258eea6ff4860cc2ad8d8590c5757","knownMappings":375,"unknownMappings":16860},"9201":{"finalized":517,"deleted":515,"lastAt":1042019.712291,"order":"1034","store":"decc5fe692ea2728eab93f3eddc3828e6fe258eea6ff4860cc2ad8d8590c5757","knownMappings":376,"unknownMappings":16516}},"records":1035,"logicalBytes":620325},"resourceTrendPass":false}
[pass] LP26-O05 active 9101
[pass] LP26-O05 active 9201
[pass] LP26-O03 deleted media absent
[pass] LP26-O03 deleted media absent
[pass] LP26-O03 deleted media absent
[pass] LP26-O03 deleted media absent
[pass] LP26-O03 deleted media absent
[pass] LP26-O03 deleted media absent
[current-observation] {"pid":26665,"startIdentity":"macos:1790137862:584770","sampledAt":1790138908183,"phaseAt":1047153.886583,"rssBytes":318521344,"threadCount":25,"fdCount":21,"mutationCount":4154,"typeCounts":{"recording_order_reserved":1042,"segment_v2_bound_finalized":1040,"segment_v2_state":1036,"segment_v2_deleted":1036},"identityBytes":661543,"combinedLogicalIds":9348,"combinedLogicalBytes":1284875,"rotations":0,"partialBytes":0,"progress":{"elapsedMs":1044113.388875,"channels":{"9101":{"finalized":520,"deleted":518,"lastAt":1047153.886583,"order":"1039","store":"decc5fe692ea2728eab93f3eddc3828e6fe258eea6ff4860cc2ad8d8590c5757","knownMappings":377,"unknownMappings":16886},"9201":{"finalized":520,"deleted":518,"lastAt":1047153.886583,"order":"1040","store":"decc5fe692ea2728eab93f3eddc3828e6fe258eea6ff4860cc2ad8d8590c5757","knownMappings":378,"unknownMappings":16620}},"records":1040,"logicalBytes":623332},"resourceTrendPass":false}
[pass] LP26-O05 active 9101
[pass] LP26-O05 active 9201
[pass] LP26-O03 deleted media absent
[pass] LP26-O03 deleted media absent
[pass] LP26-O03 deleted media absent
[pass] LP26-O03 deleted media absent
[pass] LP26-O03 deleted media absent
[pass] LP26-O03 deleted media absent
[current-observation] {"pid":26665,"startIdentity":"macos:1790137862:584770","sampledAt":1790138913322,"phaseAt":1052292.999208,"rssBytes":318717952,"threadCount":25,"fdCount":31,"mutationCount":4178,"typeCounts":{"recording_order_reserved":1048,"segment_v2_bound_finalized":1046,"segment_v2_state":1042,"segment_v2_deleted":1042},"identityBytes":665371,"combinedLogicalIds":9402,"combinedLogicalBytes":1292297,"rotations":0,"partialBytes":0,"progress":{"elapsedMs":1049252.5015,"channels":{"9101":{"finalized":523,"deleted":521,"lastAt":1052292.999208,"order":"1045","store":"decc5fe692ea2728eab93f3eddc3828e6fe258eea6ff4860cc2ad8d8590c5757","knownMappings":380,"unknownMappings":17010},"9201":{"finalized":523,"deleted":521,"lastAt":1052292.999208,"order":"1046","store":"decc5fe692ea2728eab93f3eddc3828e6fe258eea6ff4860cc2ad8d8590c5757","knownMappings":380,"unknownMappings":16710}},"records":1046,"logicalBytes":626926},"resourceTrendPass":false}
[pass] LP26-O05 active 9101
[pass] LP26-O05 active 9201
[pass] LP26-O03 deleted media absent
[pass] LP26-O03 deleted media absent
[pass] LP26-O03 deleted media absent
[pass] LP26-O03 deleted media absent
[current-observation] {"pid":26665,"startIdentity":"macos:1790137862:584770","sampledAt":1790138918474,"phaseAt":1057444.1815,"rssBytes":318799872,"threadCount":25,"fdCount":25,"mutationCount":4194,"typeCounts":{"recording_order_reserved":1052,"segment_v2_bound_finalized":1050,"segment_v2_state":1046,"segment_v2_deleted":1046},"identityBytes":667923,"combinedLogicalIds":9438,"combinedLogicalBytes":1297251,"rotations":0,"partialBytes":0,"progress":{"elapsedMs":1054403.683792,"channels":{"9101":{"finalized":525,"deleted":523,"lastAt":1057444.1815,"order":"1050","store":"decc5fe692ea2728eab93f3eddc3828e6fe258eea6ff4860cc2ad8d8590c5757","knownMappings":381,"unknownMappings":17094},"9201":{"finalized":525,"deleted":523,"lastAt":1057444.1815,"order":"1049","store":"decc5fe692ea2728eab93f3eddc3828e6fe258eea6ff4860cc2ad8d8590c5757","knownMappings":381,"unknownMappings":16740}},"records":1050,"logicalBytes":629328},"resourceTrendPass":false}
[pass] LP26-O05 active 9101
[pass] LP26-O05 active 9201
[pass] LP26-O03 deleted media absent
[pass] LP26-O03 deleted media absent
[pass] LP26-O03 deleted media absent
[pass] LP26-O03 deleted media absent
[pass] LP26-O03 deleted media absent
[pass] LP26-O03 deleted media absent
[current-observation] {"pid":26665,"startIdentity":"macos:1790137862:584770","sampledAt":1790138923604,"phaseAt":1062574.317791,"rssBytes":287686656,"threadCount":25,"fdCount":31,"mutationCount":4218,"typeCounts":{"recording_order_reserved":1058,"segment_v2_bound_finalized":1056,"segment_v2_state":1052,"segment_v2_deleted":1052},"identityBytes":671751,"combinedLogicalIds":9492,"combinedLogicalBytes":1304691,"rotations":0,"partialBytes":0,"progress":{"elapsedMs":1059533.820083,"channels":{"9101":{"finalized":528,"deleted":526,"lastAt":1062574.317791,"order":"1055","store":"decc5fe692ea2728eab93f3eddc3828e6fe258eea6ff4860cc2ad8d8590c5757","knownMappings":383,"unknownMappings":17170},"9201":{"finalized":528,"deleted":526,"lastAt":1062574.317791,"order":"1056","store":"decc5fe692ea2728eab93f3eddc3828e6fe258eea6ff4860cc2ad8d8590c5757","knownMappings":383,"unknownMappings":16828}},"records":1056,"logicalBytes":632940},"resourceTrendPass":false}
[pass] LP26-O05 active 9101
[pass] LP26-O05 active 9201
[pass] LP26-O03 deleted media absent
[pass] LP26-O03 deleted media absent
[pass] LP26-O03 deleted media absent
[pass] LP26-O03 deleted media absent
[current-observation] {"pid":26665,"startIdentity":"macos:1790137862:584770","sampledAt":1790138928744,"phaseAt":1067714.166041,"rssBytes":318930944,"threadCount":25,"fdCount":25,"mutationCount":4234,"typeCounts":{"recording_order_reserved":1062,"segment_v2_bound_finalized":1060,"segment_v2_state":1056,"segment_v2_deleted":1056},"identityBytes":674303,"combinedLogicalIds":9528,"combinedLogicalBytes":1309645,"rotations":0,"partialBytes":0,"progress":{"elapsedMs":1064673.668333,"channels":{"9101":{"finalized":530,"deleted":528,"lastAt":1067714.166041,"order":"1060","store":"decc5fe692ea2728eab93f3eddc3828e6fe258eea6ff4860cc2ad8d8590c5757","knownMappings":384,"unknownMappings":17200},"9201":{"finalized":530,"deleted":528,"lastAt":1067714.166041,"order":"1059","store":"decc5fe692ea2728eab93f3eddc3828e6fe258eea6ff4860cc2ad8d8590c5757","knownMappings":385,"unknownMappings":16874}},"records":1060,"logicalBytes":635342},"resourceTrendPass":false}
[pass] LP26-O05 active 9101
[pass] LP26-O05 active 9201
[pass] LP26-O03 deleted media absent
[pass] LP26-O03 deleted media absent
[pass] LP26-O03 deleted media absent
[pass] LP26-O03 deleted media absent
[pass] LP26-O03 deleted media absent
[pass] LP26-O03 deleted media absent
[current-observation] {"pid":26665,"startIdentity":"macos:1790137862:584770","sampledAt":1790138933873,"phaseAt":1072843.377083,"rssBytes":319160320,"threadCount":25,"fdCount":23,"mutationCount":4258,"typeCounts":{"recording_order_reserved":1068,"segment_v2_bound_finalized":1066,"segment_v2_state":1062,"segment_v2_deleted":1062},"identityBytes":678131,"combinedLogicalIds":9582,"combinedLogicalBytes":1317067,"rotations":0,"partialBytes":0,"progress":{"elapsedMs":1069802.879375,"channels":{"9101":{"finalized":533,"deleted":531,"lastAt":1072843.377083,"order":"1065","store":"decc5fe692ea2728eab93f3eddc3828e6fe258eea6ff4860cc2ad8d8590c5757","knownMappings":387,"unknownMappings":17252},"9201":{"finalized":533,"deleted":531,"lastAt":1072843.377083,"order":"1066","store":"decc5fe692ea2728eab93f3eddc3828e6fe258eea6ff4860cc2ad8d8590c5757","knownMappings":386,"unknownMappings":16968}},"records":1066,"logicalBytes":638936},"resourceTrendPass":false}
[pass] LP26-O05 active 9101
[pass] LP26-O05 active 9201
[pass] LP26-O03 deleted media absent
[pass] LP26-O03 deleted media absent
[pass] LP26-O03 deleted media absent
[pass] LP26-O03 deleted media absent
[current-observation] {"pid":26665,"startIdentity":"macos:1790137862:584770","sampledAt":1790138939009,"phaseAt":1077979.05225,"rssBytes":319340544,"threadCount":25,"fdCount":25,"mutationCount":4274,"typeCounts":{"recording_order_reserved":1072,"segment_v2_bound_finalized":1070,"segment_v2_state":1066,"segment_v2_deleted":1066},"identityBytes":680683,"combinedLogicalIds":9618,"combinedLogicalBytes":1322021,"rotations":0,"partialBytes":0,"progress":{"elapsedMs":1074938.554542,"channels":{"9101":{"finalized":535,"deleted":533,"lastAt":1077979.05225,"order":"1069","store":"decc5fe692ea2728eab93f3eddc3828e6fe258eea6ff4860cc2ad8d8590c5757","knownMappings":388,"unknownMappings":17318},"9201":{"finalized":535,"deleted":533,"lastAt":1077979.05225,"order":"1070","store":"decc5fe692ea2728eab93f3eddc3828e6fe258eea6ff4860cc2ad8d8590c5757","knownMappings":387,"unknownMappings":17030}},"records":1070,"logicalBytes":641338},"resourceTrendPass":false}
[pass] LP26-O05 active 9101
[pass] LP26-O05 active 9201
[pass] LP26-O03 deleted media absent
[pass] LP26-O03 deleted media absent
[pass] LP26-O03 deleted media absent
[pass] LP26-O03 deleted media absent
[pass] LP26-O03 deleted media absent
[pass] LP26-O03 deleted media absent
[current-observation] {"pid":26665,"startIdentity":"macos:1790137862:584770","sampledAt":1790138944142,"phaseAt":1083112.664708,"rssBytes":319635456,"threadCount":25,"fdCount":21,"mutationCount":4298,"typeCounts":{"recording_order_reserved":1078,"segment_v2_bound_finalized":1076,"segment_v2_state":1072,"segment_v2_deleted":1072},"identityBytes":684511,"combinedLogicalIds":9672,"combinedLogicalBytes":1329461,"rotations":0,"partialBytes":0,"progress":{"elapsedMs":1080072.167,"channels":{"9101":{"finalized":538,"deleted":536,"lastAt":1083112.664708,"order":"1075","store":"decc5fe692ea2728eab93f3eddc3828e6fe258eea6ff4860cc2ad8d8590c5757","knownMappings":389,"unknownMappings":17438},"9201":{"finalized":538,"deleted":536,"lastAt":1083112.664708,"order":"1076","store":"decc5fe692ea2728eab93f3eddc3828e6fe258eea6ff4860cc2ad8d8590c5757","knownMappings":390,"unknownMappings":17168}},"records":1076,"logicalBytes":644950},"resourceTrendPass":false}
[pass] LP26-O05 active 9101
[pass] LP26-O05 active 9201
[pass] LP26-O03 deleted media absent
[pass] LP26-O03 deleted media absent
[pass] LP26-O03 deleted media absent
[pass] LP26-O03 deleted media absent
[pass] LP26-O03 deleted media absent
[pass] LP26-O03 deleted media absent
[current-observation] {"pid":26665,"startIdentity":"macos:1790137862:584770","sampledAt":1790138949293,"phaseAt":1088263.10475,"rssBytes":319684608,"threadCount":25,"fdCount":31,"mutationCount":4322,"typeCounts":{"recording_order_reserved":1084,"segment_v2_bound_finalized":1082,"segment_v2_state":1078,"segment_v2_deleted":1078},"identityBytes":688339,"combinedLogicalIds":9726,"combinedLogicalBytes":1336883,"rotations":0,"partialBytes":0,"progress":{"elapsedMs":1085222.607042,"channels":{"9101":{"finalized":541,"deleted":539,"lastAt":1088263.10475,"order":"1081","store":"decc5fe692ea2728eab93f3eddc3828e6fe258eea6ff4860cc2ad8d8590c5757","knownMappings":392,"unknownMappings":17536},"9201":{"finalized":541,"deleted":539,"lastAt":1088263.10475,"order":"1082","store":"decc5fe692ea2728eab93f3eddc3828e6fe258eea6ff4860cc2ad8d8590c5757","knownMappings":393,"unknownMappings":17224}},"records":1082,"logicalBytes":648544},"resourceTrendPass":false}
[pass] LP26-O05 active 9101
[pass] LP26-O05 active 9201
[pass] LP26-O03 deleted media absent
[pass] LP26-O03 deleted media absent
[pass] LP26-O03 deleted media absent
[pass] LP26-O03 deleted media absent
[current-observation] {"pid":26665,"startIdentity":"macos:1790137862:584770","sampledAt":1790138954439,"phaseAt":1093409.130875,"rssBytes":319750144,"threadCount":25,"fdCount":21,"mutationCount":4338,"typeCounts":{"recording_order_reserved":1088,"segment_v2_bound_finalized":1086,"segment_v2_state":1082,"segment_v2_deleted":1082},"identityBytes":690891,"combinedLogicalIds":9762,"combinedLogicalBytes":1341837,"rotations":0,"partialBytes":0,"progress":{"elapsedMs":1090368.633167,"channels":{"9101":{"finalized":543,"deleted":541,"lastAt":1093409.130875,"order":"1085","store":"decc5fe692ea2728eab93f3eddc3828e6fe258eea6ff4860cc2ad8d8590c5757","knownMappings":393,"unknownMappings":17564},"9201":{"finalized":543,"deleted":541,"lastAt":1093409.130875,"order":"1086","store":"decc5fe692ea2728eab93f3eddc3828e6fe258eea6ff4860cc2ad8d8590c5757","knownMappings":395,"unknownMappings":17270}},"records":1086,"logicalBytes":650946},"resourceTrendPass":false}
[pass] LP26-O05 active 9101
[pass] LP26-O05 active 9201
[pass] LP26-O03 deleted media absent
[pass] LP26-O03 deleted media absent
[pass] LP26-O03 deleted media absent
[pass] LP26-O03 deleted media absent
[pass] LP26-O03 deleted media absent
[pass] LP26-O03 deleted media absent
[current-observation] {"pid":26665,"startIdentity":"macos:1790137862:584770","sampledAt":1790138959562,"phaseAt":1098532.414083,"rssBytes":319995904,"threadCount":25,"fdCount":31,"mutationCount":4362,"typeCounts":{"recording_order_reserved":1094,"segment_v2_bound_finalized":1092,"segment_v2_state":1088,"segment_v2_deleted":1088},"identityBytes":694719,"combinedLogicalIds":9816,"combinedLogicalBytes":1349277,"rotations":0,"partialBytes":0,"progress":{"elapsedMs":1095491.916375,"channels":{"9101":{"finalized":546,"deleted":544,"lastAt":1098532.414083,"order":"1091","store":"decc5fe692ea2728eab93f3eddc3828e6fe258eea6ff4860cc2ad8d8590c5757","knownMappings":395,"unknownMappings":17658},"9201":{"finalized":546,"deleted":544,"lastAt":1098532.414083,"order":"1092","store":"decc5fe692ea2728eab93f3eddc3828e6fe258eea6ff4860cc2ad8d8590c5757","knownMappings":397,"unknownMappings":17394}},"records":1092,"logicalBytes":654558},"resourceTrendPass":false}
[pass] LP26-O05 active 9101
[pass] LP26-O05 active 9201
[pass] LP26-O03 deleted media absent
[pass] LP26-O03 deleted media absent
[pass] LP26-O03 deleted media absent
[pass] LP26-O03 deleted media absent
[current-observation] {"pid":26665,"startIdentity":"macos:1790137862:584770","sampledAt":1790138964702,"phaseAt":1103672.752833,"rssBytes":320110592,"threadCount":25,"fdCount":25,"mutationCount":4378,"typeCounts":{"recording_order_reserved":1098,"segment_v2_bound_finalized":1096,"segment_v2_state":1092,"segment_v2_deleted":1092},"identityBytes":697271,"combinedLogicalIds":9852,"combinedLogicalBytes":1354231,"rotations":0,"partialBytes":0,"progress":{"elapsedMs":1100632.255125,"channels":{"9101":{"finalized":548,"deleted":546,"lastAt":1103672.752833,"order":"1095","store":"decc5fe692ea2728eab93f3eddc3828e6fe258eea6ff4860cc2ad8d8590c5757","knownMappings":396,"unknownMappings":17708},"9201":{"finalized":548,"deleted":546,"lastAt":1103672.752833,"order":"1096","store":"decc5fe692ea2728eab93f3eddc3828e6fe258eea6ff4860cc2ad8d8590c5757","knownMappings":397,"unknownMappings":17454}},"records":1096,"logicalBytes":656960},"resourceTrendPass":false}
[pass] LP26-O05 active 9101
[pass] LP26-O05 active 9201
[pass] LP26-O03 deleted media absent
[pass] LP26-O03 deleted media absent
[pass] LP26-O03 deleted media absent
[pass] LP26-O03 deleted media absent
[pass] LP26-O03 deleted media absent
[pass] LP26-O03 deleted media absent
[current-observation] {"pid":26665,"startIdentity":"macos:1790137862:584770","sampledAt":1790138969834,"phaseAt":1108804.184083,"rssBytes":320323584,"threadCount":25,"fdCount":31,"mutationCount":4402,"typeCounts":{"recording_order_reserved":1104,"segment_v2_bound_finalized":1102,"segment_v2_state":1098,"segment_v2_deleted":1098},"identityBytes":701099,"combinedLogicalIds":9906,"combinedLogicalBytes":1361653,"rotations":0,"partialBytes":0,"progress":{"elapsedMs":1105763.686375,"channels":{"9101":{"finalized":551,"deleted":549,"lastAt":1108804.184083,"order":"1101","store":"decc5fe692ea2728eab93f3eddc3828e6fe258eea6ff4860cc2ad8d8590c5757","knownMappings":396,"unknownMappings":17800},"9201":{"finalized":551,"deleted":549,"lastAt":1108804.184083,"order":"1102","store":"decc5fe692ea2728eab93f3eddc3828e6fe258eea6ff4860cc2ad8d8590c5757","knownMappings":400,"unknownMappings":17560}},"records":1102,"logicalBytes":660554},"resourceTrendPass":false}
[pass] LP26-O05 active 9101
[pass] LP26-O05 active 9201
[pass] LP26-O03 deleted media absent
[pass] LP26-O03 deleted media absent
[pass] LP26-O03 deleted media absent
[pass] LP26-O03 deleted media absent
[current-observation] {"pid":26665,"startIdentity":"macos:1790137862:584770","sampledAt":1790138974975,"phaseAt":1113945.476791,"rssBytes":320503808,"threadCount":25,"fdCount":25,"mutationCount":4418,"typeCounts":{"recording_order_reserved":1108,"segment_v2_bound_finalized":1106,"segment_v2_state":1102,"segment_v2_deleted":1102},"identityBytes":703651,"combinedLogicalIds":9942,"combinedLogicalBytes":1366607,"rotations":0,"partialBytes":0,"progress":{"elapsedMs":1110904.979083,"channels":{"9101":{"finalized":553,"deleted":551,"lastAt":1113945.476791,"order":"1105","store":"decc5fe692ea2728eab93f3eddc3828e6fe258eea6ff4860cc2ad8d8590c5757","knownMappings":398,"unknownMappings":17860},"9201":{"finalized":553,"deleted":551,"lastAt":1113945.476791,"order":"1106","store":"decc5fe692ea2728eab93f3eddc3828e6fe258eea6ff4860cc2ad8d8590c5757","knownMappings":401,"unknownMappings":17646}},"records":1106,"logicalBytes":662956},"resourceTrendPass":false}
[pass] LP26-O05 active 9101
[pass] LP26-O05 active 9201
[pass] LP26-O03 deleted media absent
[pass] LP26-O03 deleted media absent
[pass] LP26-O03 deleted media absent
[pass] LP26-O03 deleted media absent
[pass] LP26-O03 deleted media absent
[pass] LP26-O03 deleted media absent
[current-observation] {"pid":26665,"startIdentity":"macos:1790137862:584770","sampledAt":1790138980106,"phaseAt":1119076.250333,"rssBytes":320733184,"threadCount":25,"fdCount":21,"mutationCount":4442,"typeCounts":{"recording_order_reserved":1114,"segment_v2_bound_finalized":1112,"segment_v2_state":1108,"segment_v2_deleted":1108},"identityBytes":707479,"combinedLogicalIds":9996,"combinedLogicalBytes":1374047,"rotations":0,"partialBytes":0,"progress":{"elapsedMs":1116035.752625,"channels":{"9101":{"finalized":556,"deleted":554,"lastAt":1119076.250333,"order":"1112","store":"decc5fe692ea2728eab93f3eddc3828e6fe258eea6ff4860cc2ad8d8590c5757","knownMappings":400,"unknownMappings":17974},"9201":{"finalized":556,"deleted":554,"lastAt":1119076.250333,"order":"1111","store":"decc5fe692ea2728eab93f3eddc3828e6fe258eea6ff4860cc2ad8d8590c5757","knownMappings":403,"unknownMappings":17780}},"records":1112,"logicalBytes":666568},"resourceTrendPass":false}
[pass] LP26-O05 active 9101
[pass] LP26-O05 active 9201
[pass] LP26-O03 deleted media absent
[pass] LP26-O03 deleted media absent
[pass] LP26-O03 deleted media absent
[pass] LP26-O03 deleted media absent
[pass] LP26-O03 deleted media absent
[pass] LP26-O03 deleted media absent
[current-observation] {"pid":26665,"startIdentity":"macos:1790137862:584770","sampledAt":1790138985257,"phaseAt":1124227.506333,"rssBytes":320978944,"threadCount":25,"fdCount":31,"mutationCount":4466,"typeCounts":{"recording_order_reserved":1120,"segment_v2_bound_finalized":1118,"segment_v2_state":1114,"segment_v2_deleted":1114},"identityBytes":711307,"combinedLogicalIds":10050,"combinedLogicalBytes":1381469,"rotations":0,"partialBytes":0,"progress":{"elapsedMs":1121187.008625,"channels":{"9101":{"finalized":559,"deleted":557,"lastAt":1124227.506333,"order":"1117","store":"decc5fe692ea2728eab93f3eddc3828e6fe258eea6ff4860cc2ad8d8590c5757","knownMappings":402,"unknownMappings":18090},"9201":{"finalized":559,"deleted":557,"lastAt":1124227.506333,"order":"1118","store":"decc5fe692ea2728eab93f3eddc3828e6fe258eea6ff4860cc2ad8d8590c5757","knownMappings":406,"unknownMappings":17884}},"records":1118,"logicalBytes":670162},"resourceTrendPass":false}
[pass] LP26-O05 active 9101
[pass] LP26-O05 active 9201
[pass] LP26-O03 deleted media absent
[pass] LP26-O03 deleted media absent
[pass] LP26-O03 deleted media absent
[pass] LP26-O03 deleted media absent
[current-observation] {"pid":26665,"startIdentity":"macos:1790137862:584770","sampledAt":1790138990411,"phaseAt":1129381.27625,"rssBytes":320978944,"threadCount":25,"fdCount":21,"mutationCount":4482,"typeCounts":{"recording_order_reserved":1124,"segment_v2_bound_finalized":1122,"segment_v2_state":1118,"segment_v2_deleted":1118},"identityBytes":713859,"combinedLogicalIds":10086,"combinedLogicalBytes":1386421,"rotations":0,"partialBytes":0,"progress":{"elapsedMs":1126340.778542,"channels":{"9101":{"finalized":561,"deleted":559,"lastAt":1129381.27625,"order":"1121","store":"decc5fe692ea2728eab93f3eddc3828e6fe258eea6ff4860cc2ad8d8590c5757","knownMappings":404,"unknownMappings":18138},"9201":{"finalized":561,"deleted":559,"lastAt":1129381.27625,"order":"1122","store":"decc5fe692ea2728eab93f3eddc3828e6fe258eea6ff4860cc2ad8d8590c5757","knownMappings":408,"unknownMappings":17928}},"records":1122,"logicalBytes":672562},"resourceTrendPass":false}
[pass] LP26-O05 active 9101
[pass] LP26-O05 active 9201
[pass] LP26-O03 deleted media absent
[pass] LP26-O03 deleted media absent
[pass] LP26-O03 deleted media absent
[pass] LP26-O03 deleted media absent
[pass] LP26-O03 deleted media absent
[pass] LP26-O03 deleted media absent
[current-observation] {"pid":26665,"startIdentity":"macos:1790137862:584770","sampledAt":1790138995542,"phaseAt":1134512.53725,"rssBytes":321093632,"threadCount":25,"fdCount":31,"mutationCount":4506,"typeCounts":{"recording_order_reserved":1130,"segment_v2_bound_finalized":1128,"segment_v2_state":1124,"segment_v2_deleted":1124},"identityBytes":717687,"combinedLogicalIds":10140,"combinedLogicalBytes":1393860,"rotations":0,"partialBytes":0,"progress":{"elapsedMs":1131472.039542,"channels":{"9101":{"finalized":564,"deleted":562,"lastAt":1134512.53725,"order":"1127","store":"decc5fe692ea2728eab93f3eddc3828e6fe258eea6ff4860cc2ad8d8590c5757","knownMappings":406,"unknownMappings":18228},"9201":{"finalized":564,"deleted":562,"lastAt":1134512.53725,"order":"1128","store":"decc5fe692ea2728eab93f3eddc3828e6fe258eea6ff4860cc2ad8d8590c5757","knownMappings":410,"unknownMappings":18010}},"records":1128,"logicalBytes":676173},"resourceTrendPass":false}
[pass] LP26-O05 active 9101
[pass] LP26-O05 active 9201
[pass] LP26-O03 deleted media absent
[pass] LP26-O03 deleted media absent
[pass] LP26-O03 deleted media absent
[pass] LP26-O03 deleted media absent
[current-observation] {"pid":26665,"startIdentity":"macos:1790137862:584770","sampledAt":1790139000681,"phaseAt":1139651.289541,"rssBytes":321159168,"threadCount":25,"fdCount":25,"mutationCount":4522,"typeCounts":{"recording_order_reserved":1134,"segment_v2_bound_finalized":1132,"segment_v2_state":1128,"segment_v2_deleted":1128},"identityBytes":720239,"combinedLogicalIds":10176,"combinedLogicalBytes":1398814,"rotations":0,"partialBytes":0,"progress":{"elapsedMs":1136610.791833,"channels":{"9101":{"finalized":566,"deleted":564,"lastAt":1139651.289541,"order":"1131","store":"decc5fe692ea2728eab93f3eddc3828e6fe258eea6ff4860cc2ad8d8590c5757","knownMappings":406,"unknownMappings":18306},"9201":{"finalized":566,"deleted":564,"lastAt":1139651.289541,"order":"1132","store":"decc5fe692ea2728eab93f3eddc3828e6fe258eea6ff4860cc2ad8d8590c5757","knownMappings":411,"unknownMappings":18052}},"records":1132,"logicalBytes":678575},"resourceTrendPass":false}
[pass] LP26-O05 active 9101
[pass] LP26-O05 active 9201
[pass] LP26-O03 deleted media absent
[pass] LP26-O03 deleted media absent
[pass] LP26-O03 deleted media absent
[pass] LP26-O03 deleted media absent
[pass] LP26-O03 deleted media absent
[pass] LP26-O03 deleted media absent
[current-observation] {"pid":26665,"startIdentity":"macos:1790137862:584770","sampledAt":1790139005809,"phaseAt":1144779.079833,"rssBytes":321290240,"threadCount":25,"fdCount":31,"mutationCount":4546,"typeCounts":{"recording_order_reserved":1140,"segment_v2_bound_finalized":1138,"segment_v2_state":1134,"segment_v2_deleted":1134},"identityBytes":724067,"combinedLogicalIds":10230,"combinedLogicalBytes":1406236,"rotations":0,"partialBytes":0,"progress":{"elapsedMs":1141738.582125,"channels":{"9101":{"finalized":569,"deleted":567,"lastAt":1144779.079833,"order":"1137","store":"decc5fe692ea2728eab93f3eddc3828e6fe258eea6ff4860cc2ad8d8590c5757","knownMappings":409,"unknownMappings":18386},"9201":{"finalized":569,"deleted":567,"lastAt":1144779.079833,"order":"1138","store":"decc5fe692ea2728eab93f3eddc3828e6fe258eea6ff4860cc2ad8d8590c5757","knownMappings":413,"unknownMappings":18130}},"records":1138,"logicalBytes":682169},"resourceTrendPass":false}
[pass] LP26-O05 active 9101
[pass] LP26-O05 active 9201
[pass] LP26-O03 deleted media absent
[pass] LP26-O03 deleted media absent
[pass] LP26-O03 deleted media absent
[pass] LP26-O03 deleted media absent
[current-observation] {"pid":26665,"startIdentity":"macos:1790137862:584770","sampledAt":1790139010947,"phaseAt":1149916.981166,"rssBytes":321454080,"threadCount":25,"fdCount":25,"mutationCount":4562,"typeCounts":{"recording_order_reserved":1144,"segment_v2_bound_finalized":1142,"segment_v2_state":1138,"segment_v2_deleted":1138},"identityBytes":726619,"combinedLogicalIds":10266,"combinedLogicalBytes":1411190,"rotations":0,"partialBytes":0,"progress":{"elapsedMs":1146876.483458,"channels":{"9101":{"finalized":571,"deleted":569,"lastAt":1149916.981166,"order":"1141","store":"decc5fe692ea2728eab93f3eddc3828e6fe258eea6ff4860cc2ad8d8590c5757","knownMappings":410,"unknownMappings":18468},"9201":{"finalized":571,"deleted":569,"lastAt":1149916.981166,"order":"1142","store":"decc5fe692ea2728eab93f3eddc3828e6fe258eea6ff4860cc2ad8d8590c5757","knownMappings":414,"unknownMappings":18190}},"records":1142,"logicalBytes":684571},"resourceTrendPass":false}
[pass] LP26-O05 active 9101
[pass] LP26-O05 active 9201
[pass] LP26-O03 deleted media absent
[pass] LP26-O03 deleted media absent
[pass] LP26-O03 deleted media absent
[pass] LP26-O03 deleted media absent
[pass] LP26-O03 deleted media absent
[pass] LP26-O03 deleted media absent
[current-observation] {"pid":26665,"startIdentity":"macos:1790137862:584770","sampledAt":1790139016082,"phaseAt":1155051.671916,"rssBytes":321601536,"threadCount":25,"fdCount":23,"mutationCount":4586,"typeCounts":{"recording_order_reserved":1150,"segment_v2_bound_finalized":1148,"segment_v2_state":1144,"segment_v2_deleted":1144},"identityBytes":730447,"combinedLogicalIds":10320,"combinedLogicalBytes":1418630,"rotations":0,"partialBytes":0,"progress":{"elapsedMs":1152011.174208,"channels":{"9101":{"finalized":574,"deleted":572,"lastAt":1155051.671916,"order":"1147","store":"decc5fe692ea2728eab93f3eddc3828e6fe258eea6ff4860cc2ad8d8590c5757","knownMappings":412,"unknownMappings":18592},"9201":{"finalized":574,"deleted":572,"lastAt":1155051.671916,"order":"1148","store":"decc5fe692ea2728eab93f3eddc3828e6fe258eea6ff4860cc2ad8d8590c5757","knownMappings":416,"unknownMappings":18310}},"records":1148,"logicalBytes":688183},"resourceTrendPass":false}
[pass] LP26-O05 active 9101
[pass] LP26-O05 active 9201
[pass] LP26-O03 deleted media absent
[pass] LP26-O03 deleted media absent
[pass] LP26-O03 deleted media absent
[pass] LP26-O03 deleted media absent
[current-observation] {"pid":26665,"startIdentity":"macos:1790137862:584770","sampledAt":1790139021235,"phaseAt":1160205.086208,"rssBytes":321748992,"threadCount":25,"fdCount":29,"mutationCount":4602,"typeCounts":{"recording_order_reserved":1154,"segment_v2_bound_finalized":1152,"segment_v2_state":1148,"segment_v2_deleted":1148},"identityBytes":732999,"combinedLogicalIds":10356,"combinedLogicalBytes":1423584,"rotations":0,"partialBytes":0,"progress":{"elapsedMs":1157164.5885,"channels":{"9101":{"finalized":576,"deleted":574,"lastAt":1160205.086208,"order":"1151","store":"decc5fe692ea2728eab93f3eddc3828e6fe258eea6ff4860cc2ad8d8590c5757","knownMappings":413,"unknownMappings":18678},"9201":{"finalized":576,"deleted":574,"lastAt":1160205.086208,"order":"1152","store":"decc5fe692ea2728eab93f3eddc3828e6fe258eea6ff4860cc2ad8d8590c5757","knownMappings":418,"unknownMappings":18346}},"records":1152,"logicalBytes":690585},"resourceTrendPass":false}
[pass] LP26-O05 active 9101
[pass] LP26-O05 active 9201
[pass] LP26-O03 deleted media absent
[pass] LP26-O03 deleted media absent
[pass] LP26-O03 deleted media absent
[pass] LP26-O03 deleted media absent
[pass] LP26-O03 deleted media absent
[pass] LP26-O03 deleted media absent
[current-observation] {"pid":26665,"startIdentity":"macos:1790137862:584770","sampledAt":1790139026378,"phaseAt":1165348.12875,"rssBytes":321847296,"threadCount":25,"fdCount":21,"mutationCount":4626,"typeCounts":{"recording_order_reserved":1160,"segment_v2_bound_finalized":1158,"segment_v2_state":1154,"segment_v2_deleted":1154},"identityBytes":736827,"combinedLogicalIds":10410,"combinedLogicalBytes":1431006,"rotations":0,"partialBytes":0,"progress":{"elapsedMs":1162307.631042,"channels":{"9101":{"finalized":579,"deleted":577,"lastAt":1165348.12875,"order":"1157","store":"decc5fe692ea2728eab93f3eddc3828e6fe258eea6ff4860cc2ad8d8590c5757","knownMappings":416,"unknownMappings":18760},"9201":{"finalized":579,"deleted":577,"lastAt":1165348.12875,"order":"1158","store":"decc5fe692ea2728eab93f3eddc3828e6fe258eea6ff4860cc2ad8d8590c5757","knownMappings":420,"unknownMappings":18440}},"records":1158,"logicalBytes":694179},"resourceTrendPass":false}
[pass] LP26-O05 active 9101
[pass] LP26-O05 active 9201
[pass] LP26-O03 deleted media absent
[pass] LP26-O03 deleted media absent
[pass] LP26-O03 deleted media absent
[pass] LP26-O03 deleted media absent
[pass] LP26-O03 deleted media absent
[pass] LP26-O03 deleted media absent
[current-observation] {"pid":26665,"startIdentity":"macos:1790137862:584770","sampledAt":1790139031523,"phaseAt":1170493.057625,"rssBytes":322142208,"threadCount":25,"fdCount":31,"mutationCount":4650,"typeCounts":{"recording_order_reserved":1166,"segment_v2_bound_finalized":1164,"segment_v2_state":1160,"segment_v2_deleted":1160},"identityBytes":740655,"combinedLogicalIds":10464,"combinedLogicalBytes":1438446,"rotations":0,"partialBytes":0,"progress":{"elapsedMs":1167452.559917,"channels":{"9101":{"finalized":582,"deleted":580,"lastAt":1170493.057625,"order":"1163","store":"decc5fe692ea2728eab93f3eddc3828e6fe258eea6ff4860cc2ad8d8590c5757","knownMappings":418,"unknownMappings":18884},"9201":{"finalized":582,"deleted":580,"lastAt":1170493.057625,"order":"1164","store":"decc5fe692ea2728eab93f3eddc3828e6fe258eea6ff4860cc2ad8d8590c5757","knownMappings":421,"unknownMappings":18572}},"records":1164,"logicalBytes":697791},"resourceTrendPass":false}
[pass] LP26-O05 active 9101
[pass] LP26-O05 active 9201
[pass] LP26-O03 deleted media absent
[pass] LP26-O03 deleted media absent
[pass] LP26-O03 deleted media absent
[pass] LP26-O03 deleted media absent
[current-observation] {"pid":26665,"startIdentity":"macos:1790137862:584770","sampledAt":1790139036680,"phaseAt":1175650.049208,"rssBytes":322289664,"threadCount":25,"fdCount":25,"mutationCount":4666,"typeCounts":{"recording_order_reserved":1170,"segment_v2_bound_finalized":1168,"segment_v2_state":1164,"segment_v2_deleted":1164},"identityBytes":743207,"combinedLogicalIds":10500,"combinedLogicalBytes":1443400,"rotations":0,"partialBytes":0,"progress":{"elapsedMs":1172609.5515,"channels":{"9101":{"finalized":584,"deleted":582,"lastAt":1175650.049208,"order":"1167","store":"decc5fe692ea2728eab93f3eddc3828e6fe258eea6ff4860cc2ad8d8590c5757","knownMappings":419,"unknownMappings":18962},"9201":{"finalized":584,"deleted":582,"lastAt":1175650.049208,"order":"1168","store":"decc5fe692ea2728eab93f3eddc3828e6fe258eea6ff4860cc2ad8d8590c5757","knownMappings":421,"unknownMappings":18650}},"records":1168,"logicalBytes":700193},"resourceTrendPass":false}
[pass] LP26-O05 active 9101
[pass] LP26-O05 active 9201
[pass] LP26-O03 deleted media absent
[pass] LP26-O03 deleted media absent
[pass] LP26-O03 deleted media absent
[pass] LP26-O03 deleted media absent
[pass] LP26-O03 deleted media absent
[pass] LP26-O03 deleted media absent
[current-observation] {"pid":26665,"startIdentity":"macos:1790137862:584770","sampledAt":1790139041823,"phaseAt":1180793.4555,"rssBytes":322404352,"threadCount":25,"fdCount":31,"mutationCount":4690,"typeCounts":{"recording_order_reserved":1176,"segment_v2_bound_finalized":1174,"segment_v2_state":1170,"segment_v2_deleted":1170},"identityBytes":747035,"combinedLogicalIds":10554,"combinedLogicalBytes":1450822,"rotations":0,"partialBytes":0,"progress":{"elapsedMs":1177752.957792,"channels":{"9101":{"finalized":587,"deleted":585,"lastAt":1180793.4555,"order":"1173","store":"decc5fe692ea2728eab93f3eddc3828e6fe258eea6ff4860cc2ad8d8590c5757","knownMappings":421,"unknownMappings":19076},"9201":{"finalized":587,"deleted":585,"lastAt":1180793.4555,"order":"1174","store":"decc5fe692ea2728eab93f3eddc3828e6fe258eea6ff4860cc2ad8d8590c5757","knownMappings":423,"unknownMappings":18720}},"records":1174,"logicalBytes":703787},"resourceTrendPass":false}
[pass] LP26-O05 active 9101
[pass] LP26-O05 active 9201
[pass] LP26-O03 deleted media absent
[pass] LP26-O03 deleted media absent
[pass] LP26-O03 deleted media absent
[pass] LP26-O03 deleted media absent
[current-observation] {"pid":26665,"startIdentity":"macos:1790137862:584770","sampledAt":1790139046968,"phaseAt":1185938.397916,"rssBytes":322584576,"threadCount":25,"fdCount":25,"mutationCount":4706,"typeCounts":{"recording_order_reserved":1180,"segment_v2_bound_finalized":1178,"segment_v2_state":1174,"segment_v2_deleted":1174},"identityBytes":749587,"combinedLogicalIds":10590,"combinedLogicalBytes":1455776,"rotations":0,"partialBytes":0,"progress":{"elapsedMs":1182897.900208,"channels":{"9101":{"finalized":589,"deleted":587,"lastAt":1185938.397916,"order":"1177","store":"decc5fe692ea2728eab93f3eddc3828e6fe258eea6ff4860cc2ad8d8590c5757","knownMappings":423,"unknownMappings":19158},"9201":{"finalized":589,"deleted":587,"lastAt":1185938.397916,"order":"1178","store":"decc5fe692ea2728eab93f3eddc3828e6fe258eea6ff4860cc2ad8d8590c5757","knownMappings":423,"unknownMappings":18804}},"records":1178,"logicalBytes":706189},"resourceTrendPass":false}
[pass] LP26-O05 active 9101
[pass] LP26-O05 active 9201
[pass] LP26-O03 deleted media absent
[pass] LP26-O03 deleted media absent
[pass] LP26-O03 deleted media absent
[pass] LP26-O03 deleted media absent
[pass] LP26-O03 deleted media absent
[pass] LP26-O03 deleted media absent
[current-observation] {"pid":26665,"startIdentity":"macos:1790137862:584770","sampledAt":1790139052107,"phaseAt":1191076.586291,"rssBytes":322879488,"threadCount":25,"fdCount":23,"mutationCount":4730,"typeCounts":{"recording_order_reserved":1186,"segment_v2_bound_finalized":1184,"segment_v2_state":1180,"segment_v2_deleted":1180},"identityBytes":753415,"combinedLogicalIds":10644,"combinedLogicalBytes":1463216,"rotations":0,"partialBytes":0,"progress":{"elapsedMs":1188036.088583,"channels":{"9101":{"finalized":592,"deleted":590,"lastAt":1191076.586291,"order":"1183","store":"decc5fe692ea2728eab93f3eddc3828e6fe258eea6ff4860cc2ad8d8590c5757","knownMappings":423,"unknownMappings":19294},"9201":{"finalized":592,"deleted":590,"lastAt":1191076.586291,"order":"1184","store":"decc5fe692ea2728eab93f3eddc3828e6fe258eea6ff4860cc2ad8d8590c5757","knownMappings":425,"unknownMappings":18922}},"records":1184,"logicalBytes":709801},"resourceTrendPass":false}
[pass] LP26-O05 active 9101
[pass] LP26-O05 active 9201
[pass] LP26-O03 deleted media absent
[pass] LP26-O03 deleted media absent
[pass] LP26-O03 deleted media absent
[pass] LP26-O03 deleted media absent
[current-observation] {"pid":26665,"startIdentity":"macos:1790137862:584770","sampledAt":1790139057261,"phaseAt":1196230.955041,"rssBytes":322961408,"threadCount":25,"fdCount":25,"mutationCount":4746,"typeCounts":{"recording_order_reserved":1190,"segment_v2_bound_finalized":1188,"segment_v2_state":1184,"segment_v2_deleted":1184},"identityBytes":755967,"combinedLogicalIds":10680,"combinedLogicalBytes":1468170,"rotations":0,"partialBytes":0,"progress":{"elapsedMs":1193190.457333,"channels":{"9101":{"finalized":594,"deleted":592,"lastAt":1196230.955041,"order":"1187","store":"decc5fe692ea2728eab93f3eddc3828e6fe258eea6ff4860cc2ad8d8590c5757","knownMappings":423,"unknownMappings":19380},"9201":{"finalized":594,"deleted":592,"lastAt":1196230.955041,"order":"1188","store":"decc5fe692ea2728eab93f3eddc3828e6fe258eea6ff4860cc2ad8d8590c5757","knownMappings":426,"unknownMappings":19008}},"records":1188,"logicalBytes":712203},"resourceTrendPass":false}
[pass] LP26-O05 active 9101
[pass] LP26-O05 active 9201
[pass] LP26-O03 deleted media absent
[pass] LP26-O03 deleted media absent
[pass] LP26-O03 deleted media absent
[pass] LP26-O03 deleted media absent
[pass] LP26-O03 deleted media absent
[pass] LP26-O03 deleted media absent
[current-observation] {"pid":26665,"startIdentity":"macos:1790137862:584770","sampledAt":1790139062403,"phaseAt":1201373.231458,"rssBytes":323108864,"threadCount":25,"fdCount":21,"mutationCount":4770,"typeCounts":{"recording_order_reserved":1196,"segment_v2_bound_finalized":1194,"segment_v2_state":1190,"segment_v2_deleted":1190},"identityBytes":759795,"combinedLogicalIds":10734,"combinedLogicalBytes":1475592,"rotations":0,"partialBytes":0,"progress":{"elapsedMs":1198332.73375,"channels":{"9101":{"finalized":597,"deleted":595,"lastAt":1201373.231458,"order":"1193","store":"decc5fe692ea2728eab93f3eddc3828e6fe258eea6ff4860cc2ad8d8590c5757","knownMappings":426,"unknownMappings":19486},"9201":{"finalized":597,"deleted":595,"lastAt":1201373.231458,"order":"1194","store":"decc5fe692ea2728eab93f3eddc3828e6fe258eea6ff4860cc2ad8d8590c5757","knownMappings":427,"unknownMappings":19130}},"records":1194,"logicalBytes":715797},"resourceTrendPass":false}
[pass] LP26-O05 active 9101
[pass] LP26-O05 active 9201
[pass] LP26-O03 deleted media absent
[pass] LP26-O03 deleted media absent
[pass] LP26-O03 deleted media absent
[pass] LP26-O03 deleted media absent
[pass] LP26-O03 deleted media absent
[pass] LP26-O03 deleted media absent
[current-observation] {"pid":26665,"startIdentity":"macos:1790137862:584770","sampledAt":1790139067558,"phaseAt":1206527.320083,"rssBytes":323239936,"threadCount":25,"fdCount":31,"mutationCount":4794,"typeCounts":{"recording_order_reserved":1202,"segment_v2_bound_finalized":1200,"segment_v2_state":1196,"segment_v2_deleted":1196},"identityBytes":763623,"combinedLogicalIds":10788,"combinedLogicalBytes":1483032,"rotations":0,"partialBytes":0,"progress":{"elapsedMs":1203486.822375,"channels":{"9101":{"finalized":600,"deleted":598,"lastAt":1206527.320083,"order":"1199","store":"decc5fe692ea2728eab93f3eddc3828e6fe258eea6ff4860cc2ad8d8590c5757","knownMappings":428,"unknownMappings":19598},"9201":{"finalized":600,"deleted":598,"lastAt":1206527.320083,"order":"1200","store":"decc5fe692ea2728eab93f3eddc3828e6fe258eea6ff4860cc2ad8d8590c5757","knownMappings":430,"unknownMappings":19222}},"records":1200,"logicalBytes":719409},"resourceTrendPass":false}
[pass] LP26-O05 active 9101
[pass] LP26-O05 active 9201
[pass] LP26-O03 deleted media absent
[pass] LP26-O03 deleted media absent
[pass] LP26-O03 deleted media absent
[pass] LP26-O03 deleted media absent
[current-observation] {"pid":26665,"startIdentity":"macos:1790137862:584770","sampledAt":1790139072707,"phaseAt":1211676.3965,"rssBytes":323354624,"threadCount":25,"fdCount":23,"mutationCount":4810,"typeCounts":{"recording_order_reserved":1206,"segment_v2_bound_finalized":1204,"segment_v2_state":1200,"segment_v2_deleted":1200},"identityBytes":766175,"combinedLogicalIds":10824,"combinedLogicalBytes":1487986,"rotations":0,"partialBytes":0,"progress":{"elapsedMs":1208635.898792,"channels":{"9101":{"finalized":602,"deleted":600,"lastAt":1211676.3965,"order":"1203","store":"decc5fe692ea2728eab93f3eddc3828e6fe258eea6ff4860cc2ad8d8590c5757","knownMappings":429,"unknownMappings":19690},"9201":{"finalized":602,"deleted":600,"lastAt":1211676.3965,"order":"1204","store":"decc5fe692ea2728eab93f3eddc3828e6fe258eea6ff4860cc2ad8d8590c5757","knownMappings":432,"unknownMappings":19266}},"records":1204,"logicalBytes":721811},"resourceTrendPass":false}
[pass] LP26-O05 active 9101
[pass] LP26-O05 active 9201
[pass] LP26-O03 deleted media absent
[pass] LP26-O03 deleted media absent
[pass] LP26-O03 deleted media absent
[pass] LP26-O03 deleted media absent
[pass] LP26-O03 deleted media absent
[pass] LP26-O03 deleted media absent
[current-observation] {"pid":26665,"startIdentity":"macos:1790137862:584770","sampledAt":1790139077835,"phaseAt":1216804.435583,"rssBytes":323665920,"threadCount":25,"fdCount":31,"mutationCount":4834,"typeCounts":{"recording_order_reserved":1212,"segment_v2_bound_finalized":1210,"segment_v2_state":1206,"segment_v2_deleted":1206},"identityBytes":770003,"combinedLogicalIds":10878,"combinedLogicalBytes":1495408,"rotations":0,"partialBytes":0,"progress":{"elapsedMs":1213763.937875,"channels":{"9101":{"finalized":605,"deleted":603,"lastAt":1216804.435583,"order":"1209","store":"decc5fe692ea2728eab93f3eddc3828e6fe258eea6ff4860cc2ad8d8590c5757","knownMappings":432,"unknownMappings":19818},"9201":{"finalized":605,"deleted":603,"lastAt":1216804.435583,"order":"1210","store":"decc5fe692ea2728eab93f3eddc3828e6fe258eea6ff4860cc2ad8d8590c5757","knownMappings":435,"unknownMappings":19394}},"records":1210,"logicalBytes":725405},"resourceTrendPass":false}
[pass] LP26-O05 active 9101
[pass] LP26-O05 active 9201
[pass] LP26-O03 deleted media absent
[pass] LP26-O03 deleted media absent
[pass] LP26-O03 deleted media absent
[pass] LP26-O03 deleted media absent
[current-observation] {"pid":26665,"startIdentity":"macos:1790137862:584770","sampledAt":1790139082986,"phaseAt":1221955.909125,"rssBytes":323780608,"threadCount":25,"fdCount":25,"mutationCount":4850,"typeCounts":{"recording_order_reserved":1216,"segment_v2_bound_finalized":1214,"segment_v2_state":1210,"segment_v2_deleted":1210},"identityBytes":772555,"combinedLogicalIds":10914,"combinedLogicalBytes":1500362,"rotations":0,"partialBytes":0,"progress":{"elapsedMs":1218915.411417,"channels":{"9101":{"finalized":607,"deleted":605,"lastAt":1221955.909125,"order":"1213","store":"decc5fe692ea2728eab93f3eddc3828e6fe258eea6ff4860cc2ad8d8590c5757","knownMappings":434,"unknownMappings":19894},"9201":{"finalized":607,"deleted":605,"lastAt":1221955.909125,"order":"1214","store":"decc5fe692ea2728eab93f3eddc3828e6fe258eea6ff4860cc2ad8d8590c5757","knownMappings":435,"unknownMappings":19486}},"records":1214,"logicalBytes":727807},"resourceTrendPass":false}
[pass] LP26-O05 active 9101
[pass] LP26-O05 active 9201
[pass] LP26-O03 deleted media absent
[pass] LP26-O03 deleted media absent
[pass] LP26-O03 deleted media absent
[pass] LP26-O03 deleted media absent
[pass] LP26-O03 deleted media absent
[pass] LP26-O03 deleted media absent
[current-observation] {"pid":26665,"startIdentity":"macos:1790137862:584770","sampledAt":1790139088124,"phaseAt":1227093.425541,"rssBytes":323928064,"threadCount":25,"fdCount":23,"mutationCount":4874,"typeCounts":{"recording_order_reserved":1222,"segment_v2_bound_finalized":1220,"segment_v2_state":1216,"segment_v2_deleted":1216},"identityBytes":776383,"combinedLogicalIds":10968,"combinedLogicalBytes":1507802,"rotations":0,"partialBytes":0,"progress":{"elapsedMs":1224052.927833,"channels":{"9101":{"finalized":610,"deleted":608,"lastAt":1227093.425541,"order":"1219","store":"decc5fe692ea2728eab93f3eddc3828e6fe258eea6ff4860cc2ad8d8590c5757","knownMappings":436,"unknownMappings":20010},"9201":{"finalized":610,"deleted":608,"lastAt":1227093.425541,"order":"1220","store":"decc5fe692ea2728eab93f3eddc3828e6fe258eea6ff4860cc2ad8d8590c5757","knownMappings":437,"unknownMappings":19556}},"records":1220,"logicalBytes":731419},"resourceTrendPass":false}
[pass] LP26-O05 active 9101
[pass] LP26-O05 active 9201
[pass] LP26-O03 deleted media absent
[pass] LP26-O03 deleted media absent
[pass] LP26-O03 deleted media absent
[pass] LP26-O03 deleted media absent
[current-observation] {"pid":26665,"startIdentity":"macos:1790137862:584770","sampledAt":1790139093272,"phaseAt":1232241.386791,"rssBytes":324042752,"threadCount":25,"fdCount":25,"mutationCount":4890,"typeCounts":{"recording_order_reserved":1226,"segment_v2_bound_finalized":1224,"segment_v2_state":1220,"segment_v2_deleted":1220},"identityBytes":778935,"combinedLogicalIds":11004,"combinedLogicalBytes":1512756,"rotations":0,"partialBytes":0,"progress":{"elapsedMs":1229200.889083,"channels":{"9101":{"finalized":612,"deleted":610,"lastAt":1232241.386791,"order":"1223","store":"decc5fe692ea2728eab93f3eddc3828e6fe258eea6ff4860cc2ad8d8590c5757","knownMappings":438,"unknownMappings":20088},"9201":{"finalized":612,"deleted":610,"lastAt":1232241.386791,"order":"1224","store":"decc5fe692ea2728eab93f3eddc3828e6fe258eea6ff4860cc2ad8d8590c5757","knownMappings":437,"unknownMappings":19610}},"records":1224,"logicalBytes":733821},"resourceTrendPass":false}
[pass] LP26-O05 active 9101
[pass] LP26-O05 active 9201
[pass] LP26-O03 deleted media absent
[pass] LP26-O03 deleted media absent
[pass] LP26-O03 deleted media absent
[pass] LP26-O03 deleted media absent
[pass] LP26-O03 deleted media absent
[pass] LP26-O03 deleted media absent
[current-observation] {"pid":26665,"startIdentity":"macos:1790137862:584770","sampledAt":1790139098450,"phaseAt":1237419.963708,"rssBytes":324370432,"threadCount":25,"fdCount":21,"mutationCount":4914,"typeCounts":{"recording_order_reserved":1232,"segment_v2_bound_finalized":1230,"segment_v2_state":1226,"segment_v2_deleted":1226},"identityBytes":782763,"combinedLogicalIds":11058,"combinedLogicalBytes":1520178,"rotations":0,"partialBytes":0,"progress":{"elapsedMs":1234379.466,"channels":{"9101":{"finalized":615,"deleted":613,"lastAt":1237419.963708,"order":"1229","store":"decc5fe692ea2728eab93f3eddc3828e6fe258eea6ff4860cc2ad8d8590c5757","knownMappings":441,"unknownMappings":20206},"9201":{"finalized":615,"deleted":613,"lastAt":1237419.963708,"order":"1230","store":"decc5fe692ea2728eab93f3eddc3828e6fe258eea6ff4860cc2ad8d8590c5757","knownMappings":439,"unknownMappings":19750}},"records":1230,"logicalBytes":737415},"resourceTrendPass":false}
[pass] LP26-O05 active 9101
[pass] LP26-O05 active 9201
[pass] LP26-O03 deleted media absent
[pass] LP26-O03 deleted media absent
[pass] LP26-O03 deleted media absent
[pass] LP26-O03 deleted media absent
[pass] LP26-O03 deleted media absent
[pass] LP26-O03 deleted media absent
[current-observation] {"pid":26665,"startIdentity":"macos:1790137862:584770","sampledAt":1790139103601,"phaseAt":1242570.925833,"rssBytes":324517888,"threadCount":25,"fdCount":31,"mutationCount":4938,"typeCounts":{"recording_order_reserved":1238,"segment_v2_bound_finalized":1236,"segment_v2_state":1232,"segment_v2_deleted":1232},"identityBytes":786591,"combinedLogicalIds":11112,"combinedLogicalBytes":1527618,"rotations":0,"partialBytes":0,"progress":{"elapsedMs":1239530.428125,"channels":{"9101":{"finalized":618,"deleted":616,"lastAt":1242570.925833,"order":"1235","store":"decc5fe692ea2728eab93f3eddc3828e6fe258eea6ff4860cc2ad8d8590c5757","knownMappings":443,"unknownMappings":20330},"9201":{"finalized":618,"deleted":616,"lastAt":1242570.925833,"order":"1236","store":"decc5fe692ea2728eab93f3eddc3828e6fe258eea6ff4860cc2ad8d8590c5757","knownMappings":442,"unknownMappings":19840}},"records":1236,"logicalBytes":741027},"resourceTrendPass":false}
[pass] LP26-O05 active 9101
[pass] LP26-O05 active 9201
[pass] LP26-O03 deleted media absent
[pass] LP26-O03 deleted media absent
[pass] LP26-O03 deleted media absent
[pass] LP26-O03 deleted media absent
[current-observation] {"pid":26665,"startIdentity":"macos:1790137862:584770","sampledAt":1790139108759,"phaseAt":1247728.5885,"rssBytes":324665344,"threadCount":25,"fdCount":21,"mutationCount":4954,"typeCounts":{"recording_order_reserved":1242,"segment_v2_bound_finalized":1240,"segment_v2_state":1236,"segment_v2_deleted":1236},"identityBytes":789143,"combinedLogicalIds":11148,"combinedLogicalBytes":1532572,"rotations":0,"partialBytes":0,"progress":{"elapsedMs":1244688.090792,"channels":{"9101":{"finalized":620,"deleted":618,"lastAt":1247728.5885,"order":"1239","store":"decc5fe692ea2728eab93f3eddc3828e6fe258eea6ff4860cc2ad8d8590c5757","knownMappings":445,"unknownMappings":20418},"9201":{"finalized":620,"deleted":618,"lastAt":1247728.5885,"order":"1240","store":"decc5fe692ea2728eab93f3eddc3828e6fe258eea6ff4860cc2ad8d8590c5757","knownMappings":444,"unknownMappings":19918}},"records":1240,"logicalBytes":743429},"resourceTrendPass":false}
[pass] LP26-O05 active 9101
[pass] LP26-O05 active 9201
[pass] LP26-O03 deleted media absent
[pass] LP26-O03 deleted media absent
[pass] LP26-O03 deleted media absent
[pass] LP26-O03 deleted media absent
[pass] LP26-O03 deleted media absent
[pass] LP26-O03 deleted media absent
[current-observation] {"pid":26665,"startIdentity":"macos:1790137862:584770","sampledAt":1790139113892,"phaseAt":1252861.612375,"rssBytes":324812800,"threadCount":25,"fdCount":31,"mutationCount":4978,"typeCounts":{"recording_order_reserved":1248,"segment_v2_bound_finalized":1246,"segment_v2_state":1242,"segment_v2_deleted":1242},"identityBytes":792971,"combinedLogicalIds":11202,"combinedLogicalBytes":1539994,"rotations":0,"partialBytes":0,"progress":{"elapsedMs":1249821.114667,"channels":{"9101":{"finalized":623,"deleted":621,"lastAt":1252861.612375,"order":"1245","store":"decc5fe692ea2728eab93f3eddc3828e6fe258eea6ff4860cc2ad8d8590c5757","knownMappings":446,"unknownMappings":20550},"9201":{"finalized":623,"deleted":621,"lastAt":1252861.612375,"order":"1246","store":"decc5fe692ea2728eab93f3eddc3828e6fe258eea6ff4860cc2ad8d8590c5757","knownMappings":446,"unknownMappings":20002}},"records":1246,"logicalBytes":747023},"resourceTrendPass":false}
[pass] LP26-O05 active 9101
[pass] LP26-O05 active 9201
[pass] LP26-O03 deleted media absent
[pass] LP26-O03 deleted media absent
[pass] LP26-O03 deleted media absent
[pass] LP26-O03 deleted media absent
[current-observation] {"pid":26665,"startIdentity":"macos:1790137862:584770","sampledAt":1790139119049,"phaseAt":1258018.863375,"rssBytes":324861952,"threadCount":25,"fdCount":25,"mutationCount":4994,"typeCounts":{"recording_order_reserved":1252,"segment_v2_bound_finalized":1250,"segment_v2_state":1246,"segment_v2_deleted":1246},"identityBytes":795523,"combinedLogicalIds":11238,"combinedLogicalBytes":1544948,"rotations":0,"partialBytes":0,"progress":{"elapsedMs":1254978.365667,"channels":{"9101":{"finalized":625,"deleted":623,"lastAt":1258018.863375,"order":"1249","store":"decc5fe692ea2728eab93f3eddc3828e6fe258eea6ff4860cc2ad8d8590c5757","knownMappings":447,"unknownMappings":20614},"9201":{"finalized":625,"deleted":623,"lastAt":1258018.863375,"order":"1250","store":"decc5fe692ea2728eab93f3eddc3828e6fe258eea6ff4860cc2ad8d8590c5757","knownMappings":448,"unknownMappings":20040}},"records":1250,"logicalBytes":749425},"resourceTrendPass":false}
[pass] LP26-O05 active 9101
[pass] LP26-O05 active 9201
[pass] LP26-O03 deleted media absent
[pass] LP26-O03 deleted media absent
[pass] LP26-O03 deleted media absent
[pass] LP26-O03 deleted media absent
[pass] LP26-O03 deleted media absent
[pass] LP26-O03 deleted media absent
[current-observation] {"pid":26665,"startIdentity":"macos:1790137862:584770","sampledAt":1790139124182,"phaseAt":1263151.959125,"rssBytes":324993024,"threadCount":25,"fdCount":23,"mutationCount":5018,"typeCounts":{"recording_order_reserved":1258,"segment_v2_bound_finalized":1256,"segment_v2_state":1252,"segment_v2_deleted":1252},"identityBytes":799351,"combinedLogicalIds":11292,"combinedLogicalBytes":1552388,"rotations":0,"partialBytes":0,"progress":{"elapsedMs":1260111.461417,"channels":{"9101":{"finalized":628,"deleted":626,"lastAt":1263151.959125,"order":"1255","store":"decc5fe692ea2728eab93f3eddc3828e6fe258eea6ff4860cc2ad8d8590c5757","knownMappings":449,"unknownMappings":20700},"9201":{"finalized":628,"deleted":626,"lastAt":1263151.959125,"order":"1256","store":"decc5fe692ea2728eab93f3eddc3828e6fe258eea6ff4860cc2ad8d8590c5757","knownMappings":451,"unknownMappings":20114}},"records":1256,"logicalBytes":753037},"resourceTrendPass":false}
[pass] LP26-O05 active 9101
[pass] LP26-O05 active 9201
[pass] LP26-O03 deleted media absent
[pass] LP26-O03 deleted media absent
[pass] LP26-O03 deleted media absent
[pass] LP26-O03 deleted media absent
[current-observation] {"pid":26665,"startIdentity":"macos:1790137862:584770","sampledAt":1790139129324,"phaseAt":1268293.954458,"rssBytes":325173248,"threadCount":25,"fdCount":25,"mutationCount":5034,"typeCounts":{"recording_order_reserved":1262,"segment_v2_bound_finalized":1260,"segment_v2_state":1256,"segment_v2_deleted":1256},"identityBytes":801903,"combinedLogicalIds":11328,"combinedLogicalBytes":1557342,"rotations":0,"partialBytes":0,"progress":{"elapsedMs":1265253.45675,"channels":{"9101":{"finalized":630,"deleted":628,"lastAt":1268293.954458,"order":"1259","store":"decc5fe692ea2728eab93f3eddc3828e6fe258eea6ff4860cc2ad8d8590c5757","knownMappings":450,"unknownMappings":20776},"9201":{"finalized":630,"deleted":628,"lastAt":1268293.954458,"order":"1260","store":"decc5fe692ea2728eab93f3eddc3828e6fe258eea6ff4860cc2ad8d8590c5757","knownMappings":453,"unknownMappings":20198}},"records":1260,"logicalBytes":755439},"resourceTrendPass":false}
[pass] LP26-O05 active 9101
[pass] LP26-O05 active 9201
[pass] LP26-O03 deleted media absent
[pass] LP26-O03 deleted media absent
[pass] LP26-O03 deleted media absent
[pass] LP26-O03 deleted media absent
[pass] LP26-O03 deleted media absent
[pass] LP26-O03 deleted media absent
[current-observation] {"pid":26665,"startIdentity":"macos:1790137862:584770","sampledAt":1790139134452,"phaseAt":1273421.08725,"rssBytes":325517312,"threadCount":25,"fdCount":23,"mutationCount":5058,"typeCounts":{"recording_order_reserved":1268,"segment_v2_bound_finalized":1266,"segment_v2_state":1262,"segment_v2_deleted":1262},"identityBytes":805731,"combinedLogicalIds":11382,"combinedLogicalBytes":1564764,"rotations":0,"partialBytes":0,"progress":{"elapsedMs":1270380.589542,"channels":{"9101":{"finalized":633,"deleted":631,"lastAt":1273421.08725,"order":"1265","store":"decc5fe692ea2728eab93f3eddc3828e6fe258eea6ff4860cc2ad8d8590c5757","knownMappings":451,"unknownMappings":20922},"9201":{"finalized":633,"deleted":631,"lastAt":1273421.08725,"order":"1266","store":"decc5fe692ea2728eab93f3eddc3828e6fe258eea6ff4860cc2ad8d8590c5757","knownMappings":454,"unknownMappings":20320}},"records":1266,"logicalBytes":759033},"resourceTrendPass":false}
[pass] LP26-O05 active 9101
[pass] LP26-O05 active 9201
[pass] LP26-O03 deleted media absent
[pass] LP26-O03 deleted media absent
[pass] LP26-O03 deleted media absent
[pass] LP26-O03 deleted media absent
[current-observation] {"pid":26665,"startIdentity":"macos:1790137862:584770","sampledAt":1790139139616,"phaseAt":1278585.11325,"rssBytes":325681152,"threadCount":25,"fdCount":25,"mutationCount":5075,"typeCounts":{"recording_order_reserved":1272,"segment_v2_bound_finalized":1271,"segment_v2_state":1266,"segment_v2_deleted":1266},"identityBytes":808444,"combinedLogicalIds":11421,"combinedLogicalBytes":1570484,"rotations":0,"partialBytes":0,"progress":{"elapsedMs":1275544.615542,"channels":{"9101":{"finalized":636,"deleted":633,"lastAt":1278585.11325,"order":"1271","store":"decc5fe692ea2728eab93f3eddc3828e6fe258eea6ff4860cc2ad8d8590c5757","knownMappings":452,"unknownMappings":21050},"9201":{"finalized":635,"deleted":633,"lastAt":1278585.11325,"order":"1270","store":"decc5fe692ea2728eab93f3eddc3828e6fe258eea6ff4860cc2ad8d8590c5757","knownMappings":456,"unknownMappings":20412}},"records":1271,"logicalBytes":762040},"resourceTrendPass":false}
[pass] LP26-O05 active 9101
[pass] LP26-O05 active 9201
[pass] LP26-O03 deleted media absent
[pass] LP26-O03 deleted media absent
[pass] LP26-O03 deleted media absent
[pass] LP26-O03 deleted media absent
[pass] LP26-O03 deleted media absent
[pass] LP26-O03 deleted media absent
[current-observation] {"pid":26665,"startIdentity":"macos:1790137862:584770","sampledAt":1790139144757,"phaseAt":1283726.683708,"rssBytes":325926912,"threadCount":25,"fdCount":21,"mutationCount":5098,"typeCounts":{"recording_order_reserved":1278,"segment_v2_bound_finalized":1276,"segment_v2_state":1272,"segment_v2_deleted":1272},"identityBytes":812111,"combinedLogicalIds":11472,"combinedLogicalBytes":1577158,"rotations":0,"partialBytes":0,"progress":{"elapsedMs":1280686.186,"channels":{"9101":{"finalized":638,"deleted":636,"lastAt":1283726.683708,"order":"1275","store":"decc5fe692ea2728eab93f3eddc3828e6fe258eea6ff4860cc2ad8d8590c5757","knownMappings":452,"unknownMappings":21142},"9201":{"finalized":638,"deleted":636,"lastAt":1283726.683708,"order":"1276","store":"decc5fe692ea2728eab93f3eddc3828e6fe258eea6ff4860cc2ad8d8590c5757","knownMappings":457,"unknownMappings":20542}},"records":1276,"logicalBytes":765047},"resourceTrendPass":false}
[pass] LP26-O05 active 9101
[pass] LP26-O05 active 9201
[pass] LP26-O03 deleted media absent
[pass] LP26-O03 deleted media absent
[pass] LP26-O03 deleted media absent
[pass] LP26-O03 deleted media absent
[pass] LP26-O03 deleted media absent
[pass] LP26-O03 deleted media absent
[current-observation] {"pid":26665,"startIdentity":"macos:1790137862:584770","sampledAt":1790139149909,"phaseAt":1288878.061583,"rssBytes":326090752,"threadCount":25,"fdCount":31,"mutationCount":5122,"typeCounts":{"recording_order_reserved":1284,"segment_v2_bound_finalized":1282,"segment_v2_state":1278,"segment_v2_deleted":1278},"identityBytes":815939,"combinedLogicalIds":11526,"combinedLogicalBytes":1584580,"rotations":0,"partialBytes":0,"progress":{"elapsedMs":1285837.563875,"channels":{"9101":{"finalized":641,"deleted":639,"lastAt":1288878.061583,"order":"1281","store":"decc5fe692ea2728eab93f3eddc3828e6fe258eea6ff4860cc2ad8d8590c5757","knownMappings":454,"unknownMappings":21282},"9201":{"finalized":641,"deleted":639,"lastAt":1288878.061583,"order":"1282","store":"decc5fe692ea2728eab93f3eddc3828e6fe258eea6ff4860cc2ad8d8590c5757","knownMappings":459,"unknownMappings":20628}},"records":1282,"logicalBytes":768641},"resourceTrendPass":false}
[pass] LP26-O05 active 9101
[pass] LP26-O05 active 9201
[pass] LP26-O03 deleted media absent
[pass] LP26-O03 deleted media absent
[pass] LP26-O03 deleted media absent
[pass] LP26-O03 deleted media absent
[current-observation] {"pid":26665,"startIdentity":"macos:1790137862:584770","sampledAt":1790139155067,"phaseAt":1294036.632375,"rssBytes":326303744,"threadCount":25,"fdCount":25,"mutationCount":5138,"typeCounts":{"recording_order_reserved":1288,"segment_v2_bound_finalized":1286,"segment_v2_state":1282,"segment_v2_deleted":1282},"identityBytes":818491,"combinedLogicalIds":11562,"combinedLogicalBytes":1589533,"rotations":0,"partialBytes":0,"progress":{"elapsedMs":1290996.134667,"channels":{"9101":{"finalized":643,"deleted":641,"lastAt":1294036.632375,"order":"1285","store":"decc5fe692ea2728eab93f3eddc3828e6fe258eea6ff4860cc2ad8d8590c5757","knownMappings":455,"unknownMappings":21374},"9201":{"finalized":643,"deleted":641,"lastAt":1294036.632375,"order":"1286","store":"decc5fe692ea2728eab93f3eddc3828e6fe258eea6ff4860cc2ad8d8590c5757","knownMappings":461,"unknownMappings":20680}},"records":1286,"logicalBytes":771042},"resourceTrendPass":false}
[pass] LP26-O05 active 9101
[pass] LP26-O05 active 9201
[pass] LP26-O03 deleted media absent
[pass] LP26-O03 deleted media absent
[pass] LP26-O03 deleted media absent
[pass] LP26-O03 deleted media absent
[pass] LP26-O03 deleted media absent
[pass] LP26-O03 deleted media absent
[current-observation] {"pid":26665,"startIdentity":"macos:1790137862:584770","sampledAt":1790139160199,"phaseAt":1299168.158875,"rssBytes":326533120,"threadCount":25,"fdCount":31,"mutationCount":5162,"typeCounts":{"recording_order_reserved":1294,"segment_v2_bound_finalized":1292,"segment_v2_state":1288,"segment_v2_deleted":1288},"identityBytes":822319,"combinedLogicalIds":11616,"combinedLogicalBytes":1596973,"rotations":0,"partialBytes":0,"progress":{"elapsedMs":1296127.661167,"channels":{"9101":{"finalized":646,"deleted":644,"lastAt":1299168.158875,"order":"1291","store":"decc5fe692ea2728eab93f3eddc3828e6fe258eea6ff4860cc2ad8d8590c5757","knownMappings":456,"unknownMappings":21502},"9201":{"finalized":646,"deleted":644,"lastAt":1299168.158875,"order":"1292","store":"decc5fe692ea2728eab93f3eddc3828e6fe258eea6ff4860cc2ad8d8590c5757","knownMappings":464,"unknownMappings":20798}},"records":1292,"logicalBytes":774654},"resourceTrendPass":false}
[pass] LP26-O05 active 9101
[pass] LP26-O05 active 9201
[pass] LP26-O03 deleted media absent
[pass] LP26-O03 deleted media absent
[pass] LP26-O03 deleted media absent
[pass] LP26-O03 deleted media absent
[current-observation] {"pid":26665,"startIdentity":"macos:1790137862:584770","sampledAt":1790139165345,"phaseAt":1304314.790083,"rssBytes":326680576,"threadCount":25,"fdCount":25,"mutationCount":5178,"typeCounts":{"recording_order_reserved":1298,"segment_v2_bound_finalized":1296,"segment_v2_state":1292,"segment_v2_deleted":1292},"identityBytes":824871,"combinedLogicalIds":11652,"combinedLogicalBytes":1601927,"rotations":0,"partialBytes":0,"progress":{"elapsedMs":1301274.292375,"channels":{"9101":{"finalized":648,"deleted":646,"lastAt":1304314.790083,"order":"1295","store":"decc5fe692ea2728eab93f3eddc3828e6fe258eea6ff4860cc2ad8d8590c5757","knownMappings":458,"unknownMappings":21542},"9201":{"finalized":648,"deleted":646,"lastAt":1304314.790083,"order":"1296","store":"decc5fe692ea2728eab93f3eddc3828e6fe258eea6ff4860cc2ad8d8590c5757","knownMappings":465,"unknownMappings":20890}},"records":1296,"logicalBytes":777056},"resourceTrendPass":false}
[pass] LP26-O05 active 9101
[pass] LP26-O05 active 9201
[pass] LP26-O03 deleted media absent
[pass] LP26-O03 deleted media absent
[pass] LP26-O03 deleted media absent
[pass] LP26-O03 deleted media absent
[pass] LP26-O03 deleted media absent
[pass] LP26-O03 deleted media absent
[current-observation] {"pid":26665,"startIdentity":"macos:1790137862:584770","sampledAt":1790139170482,"phaseAt":1309450.926916,"rssBytes":326926336,"threadCount":25,"fdCount":21,"mutationCount":5202,"typeCounts":{"recording_order_reserved":1304,"segment_v2_bound_finalized":1302,"segment_v2_state":1298,"segment_v2_deleted":1298},"identityBytes":828699,"combinedLogicalIds":11706,"combinedLogicalBytes":1609349,"rotations":0,"partialBytes":0,"progress":{"elapsedMs":1306410.429208,"channels":{"9101":{"finalized":651,"deleted":649,"lastAt":1309450.926916,"order":"1301","store":"decc5fe692ea2728eab93f3eddc3828e6fe258eea6ff4860cc2ad8d8590c5757","knownMappings":460,"unknownMappings":21674},"9201":{"finalized":651,"deleted":649,"lastAt":1309450.926916,"order":"1302","store":"decc5fe692ea2728eab93f3eddc3828e6fe258eea6ff4860cc2ad8d8590c5757","knownMappings":468,"unknownMappings":21014}},"records":1302,"logicalBytes":780650},"resourceTrendPass":false}
[pass] LP26-O05 active 9101
[pass] LP26-O05 active 9201
[pass] LP26-O03 deleted media absent
[pass] LP26-O03 deleted media absent
[pass] LP26-O03 deleted media absent
[pass] LP26-O03 deleted media absent
[pass] LP26-O03 deleted media absent
[pass] LP26-O03 deleted media absent
[current-observation] {"pid":26665,"startIdentity":"macos:1790137862:584770","sampledAt":1790139175630,"phaseAt":1314598.92225,"rssBytes":327073792,"threadCount":25,"fdCount":31,"mutationCount":5226,"typeCounts":{"recording_order_reserved":1310,"segment_v2_bound_finalized":1308,"segment_v2_state":1304,"segment_v2_deleted":1304},"identityBytes":832527,"combinedLogicalIds":11760,"combinedLogicalBytes":1616789,"rotations":0,"partialBytes":0,"progress":{"elapsedMs":1311558.424542,"channels":{"9101":{"finalized":654,"deleted":652,"lastAt":1314598.92225,"order":"1307","store":"decc5fe692ea2728eab93f3eddc3828e6fe258eea6ff4860cc2ad8d8590c5757","knownMappings":462,"unknownMappings":21806},"9201":{"finalized":654,"deleted":652,"lastAt":1314598.92225,"order":"1308","store":"decc5fe692ea2728eab93f3eddc3828e6fe258eea6ff4860cc2ad8d8590c5757","knownMappings":471,"unknownMappings":21128}},"records":1308,"logicalBytes":784262},"resourceTrendPass":false}
[pass] LP26-O05 active 9101
[pass] LP26-O05 active 9201
[pass] LP26-O03 deleted media absent
[pass] LP26-O03 deleted media absent
[pass] LP26-O03 deleted media absent
[pass] LP26-O03 deleted media absent
[current-observation] {"pid":26665,"startIdentity":"macos:1790137862:584770","sampledAt":1790139180782,"phaseAt":1319751.180333,"rssBytes":327221248,"threadCount":25,"fdCount":21,"mutationCount":5242,"typeCounts":{"recording_order_reserved":1314,"segment_v2_bound_finalized":1312,"segment_v2_state":1308,"segment_v2_deleted":1308},"identityBytes":835079,"combinedLogicalIds":11796,"combinedLogicalBytes":1621743,"rotations":0,"partialBytes":0,"progress":{"elapsedMs":1316710.682625,"channels":{"9101":{"finalized":656,"deleted":654,"lastAt":1319751.180333,"order":"1311","store":"decc5fe692ea2728eab93f3eddc3828e6fe258eea6ff4860cc2ad8d8590c5757","knownMappings":464,"unknownMappings":21886},"9201":{"finalized":656,"deleted":654,"lastAt":1319751.180333,"order":"1312","store":"decc5fe692ea2728eab93f3eddc3828e6fe258eea6ff4860cc2ad8d8590c5757","knownMappings":472,"unknownMappings":21224}},"records":1312,"logicalBytes":786664},"resourceTrendPass":false}
[pass] LP26-O05 active 9101
[pass] LP26-O05 active 9201
[pass] LP26-O03 deleted media absent
[pass] LP26-O03 deleted media absent
[pass] LP26-O03 deleted media absent
[pass] LP26-O03 deleted media absent
[pass] LP26-O03 deleted media absent
[pass] LP26-O03 deleted media absent
[current-observation] {"pid":26665,"startIdentity":"macos:1790137862:584770","sampledAt":1790139185917,"phaseAt":1324886.276333,"rssBytes":327467008,"threadCount":25,"fdCount":31,"mutationCount":5266,"typeCounts":{"recording_order_reserved":1320,"segment_v2_bound_finalized":1318,"segment_v2_state":1314,"segment_v2_deleted":1314},"identityBytes":838907,"combinedLogicalIds":11850,"combinedLogicalBytes":1629165,"rotations":0,"partialBytes":0,"progress":{"elapsedMs":1321845.778625,"channels":{"9101":{"finalized":659,"deleted":657,"lastAt":1324886.276333,"order":"1317","store":"decc5fe692ea2728eab93f3eddc3828e6fe258eea6ff4860cc2ad8d8590c5757","knownMappings":465,"unknownMappings":22010},"9201":{"finalized":659,"deleted":657,"lastAt":1324886.276333,"order":"1318","store":"decc5fe692ea2728eab93f3eddc3828e6fe258eea6ff4860cc2ad8d8590c5757","knownMappings":475,"unknownMappings":21316}},"records":1318,"logicalBytes":790258},"resourceTrendPass":false}
[pass] LP26-O05 active 9101
[pass] LP26-O05 active 9201
[pass] LP26-O03 deleted media absent
[pass] LP26-O03 deleted media absent
[pass] LP26-O03 deleted media absent
[pass] LP26-O03 deleted media absent
[current-observation] {"pid":26665,"startIdentity":"macos:1790137862:584770","sampledAt":1790139191067,"phaseAt":1330036.501291,"rssBytes":327516160,"threadCount":25,"fdCount":25,"mutationCount":5282,"typeCounts":{"recording_order_reserved":1324,"segment_v2_bound_finalized":1322,"segment_v2_state":1318,"segment_v2_deleted":1318},"identityBytes":841459,"combinedLogicalIds":11886,"combinedLogicalBytes":1634119,"rotations":0,"partialBytes":0,"progress":{"elapsedMs":1326996.003583,"channels":{"9101":{"finalized":661,"deleted":659,"lastAt":1330036.501291,"order":"1321","store":"decc5fe692ea2728eab93f3eddc3828e6fe258eea6ff4860cc2ad8d8590c5757","knownMappings":467,"unknownMappings":22086},"9201":{"finalized":661,"deleted":659,"lastAt":1330036.501291,"order":"1322","store":"decc5fe692ea2728eab93f3eddc3828e6fe258eea6ff4860cc2ad8d8590c5757","knownMappings":477,"unknownMappings":21350}},"records":1322,"logicalBytes":792660},"resourceTrendPass":false}
[pass] LP26-O05 active 9101
[pass] LP26-O05 active 9201
[pass] LP26-O03 deleted media absent
[pass] LP26-O03 deleted media absent
[pass] LP26-O03 deleted media absent
[pass] LP26-O03 deleted media absent
[pass] LP26-O03 deleted media absent
[pass] LP26-O03 deleted media absent
[current-observation] {"pid":26665,"startIdentity":"macos:1790137862:584770","sampledAt":1790139196194,"phaseAt":1335163.286083,"rssBytes":327680000,"threadCount":25,"fdCount":31,"mutationCount":5306,"typeCounts":{"recording_order_reserved":1330,"segment_v2_bound_finalized":1328,"segment_v2_state":1324,"segment_v2_deleted":1324},"identityBytes":845287,"combinedLogicalIds":11940,"combinedLogicalBytes":1641559,"rotations":0,"partialBytes":0,"progress":{"elapsedMs":1332122.788375,"channels":{"9101":{"finalized":664,"deleted":662,"lastAt":1335163.286083,"order":"1327","store":"decc5fe692ea2728eab93f3eddc3828e6fe258eea6ff4860cc2ad8d8590c5757","knownMappings":470,"unknownMappings":22166},"9201":{"finalized":664,"deleted":662,"lastAt":1335163.286083,"order":"1328","store":"decc5fe692ea2728eab93f3eddc3828e6fe258eea6ff4860cc2ad8d8590c5757","knownMappings":480,"unknownMappings":21424}},"records":1328,"logicalBytes":796272},"resourceTrendPass":false}
[pass] LP26-O05 active 9101
[pass] LP26-O05 active 9201
[pass] LP26-O03 deleted media absent
[pass] LP26-O03 deleted media absent
[pass] LP26-O03 deleted media absent
[pass] LP26-O03 deleted media absent
[current-observation] {"pid":26665,"startIdentity":"macos:1790137862:584770","sampledAt":1790139201332,"phaseAt":1340301.58275,"rssBytes":327745536,"threadCount":25,"fdCount":25,"mutationCount":5322,"typeCounts":{"recording_order_reserved":1334,"segment_v2_bound_finalized":1332,"segment_v2_state":1328,"segment_v2_deleted":1328},"identityBytes":847839,"combinedLogicalIds":11976,"combinedLogicalBytes":1646513,"rotations":0,"partialBytes":0,"progress":{"elapsedMs":1337261.085042,"channels":{"9101":{"finalized":666,"deleted":664,"lastAt":1340301.58275,"order":"1331","store":"decc5fe692ea2728eab93f3eddc3828e6fe258eea6ff4860cc2ad8d8590c5757","knownMappings":471,"unknownMappings":22256},"9201":{"finalized":666,"deleted":664,"lastAt":1340301.58275,"order":"1332","store":"decc5fe692ea2728eab93f3eddc3828e6fe258eea6ff4860cc2ad8d8590c5757","knownMappings":482,"unknownMappings":21464}},"records":1332,"logicalBytes":798674},"resourceTrendPass":false}
[pass] LP26-O05 active 9101
[pass] LP26-O05 active 9201
[pass] LP26-O03 deleted media absent
[pass] LP26-O03 deleted media absent
[pass] LP26-O03 deleted media absent
[pass] LP26-O03 deleted media absent
[pass] LP26-O03 deleted media absent
[pass] LP26-O03 deleted media absent
[current-observation] {"pid":26665,"startIdentity":"macos:1790137862:584770","sampledAt":1790139206464,"phaseAt":1345432.8575,"rssBytes":327892992,"threadCount":25,"fdCount":23,"mutationCount":5346,"typeCounts":{"recording_order_reserved":1340,"segment_v2_bound_finalized":1338,"segment_v2_state":1334,"segment_v2_deleted":1334},"identityBytes":851667,"combinedLogicalIds":12030,"combinedLogicalBytes":1653935,"rotations":0,"partialBytes":0,"progress":{"elapsedMs":1342392.359792,"channels":{"9101":{"finalized":669,"deleted":667,"lastAt":1345432.8575,"order":"1337","store":"decc5fe692ea2728eab93f3eddc3828e6fe258eea6ff4860cc2ad8d8590c5757","knownMappings":473,"unknownMappings":22380},"9201":{"finalized":669,"deleted":667,"lastAt":1345432.8575,"order":"1338","store":"decc5fe692ea2728eab93f3eddc3828e6fe258eea6ff4860cc2ad8d8590c5757","knownMappings":483,"unknownMappings":21556}},"records":1338,"logicalBytes":802268},"resourceTrendPass":false}
[pass] LP26-O05 active 9101
[pass] LP26-O05 active 9201
[pass] LP26-O03 deleted media absent
[pass] LP26-O03 deleted media absent
[pass] LP26-O03 deleted media absent
[pass] LP26-O03 deleted media absent
[current-observation] {"pid":26665,"startIdentity":"macos:1790137862:584770","sampledAt":1790139211611,"phaseAt":1350580.113958,"rssBytes":328007680,"threadCount":25,"fdCount":29,"mutationCount":5362,"typeCounts":{"recording_order_reserved":1344,"segment_v2_bound_finalized":1342,"segment_v2_state":1338,"segment_v2_deleted":1338},"identityBytes":854219,"combinedLogicalIds":12066,"combinedLogicalBytes":1658889,"rotations":0,"partialBytes":0,"progress":{"elapsedMs":1347539.61625,"channels":{"9101":{"finalized":671,"deleted":669,"lastAt":1350580.113958,"order":"1341","store":"decc5fe692ea2728eab93f3eddc3828e6fe258eea6ff4860cc2ad8d8590c5757","knownMappings":474,"unknownMappings":22444},"9201":{"finalized":671,"deleted":669,"lastAt":1350580.113958,"order":"1342","store":"decc5fe692ea2728eab93f3eddc3828e6fe258eea6ff4860cc2ad8d8590c5757","knownMappings":484,"unknownMappings":21638}},"records":1342,"logicalBytes":804670},"resourceTrendPass":false}
[pass] LP26-O05 active 9101
[pass] LP26-O05 active 9201
[pass] LP26-O03 deleted media absent
[pass] LP26-O03 deleted media absent
[pass] LP26-O03 deleted media absent
[pass] LP26-O03 deleted media absent
[pass] LP26-O03 deleted media absent
[pass] LP26-O03 deleted media absent
[current-observation] {"pid":26665,"startIdentity":"macos:1790137862:584770","sampledAt":1790139216746,"phaseAt":1355714.635208,"rssBytes":328335360,"threadCount":25,"fdCount":21,"mutationCount":5386,"typeCounts":{"recording_order_reserved":1350,"segment_v2_bound_finalized":1348,"segment_v2_state":1344,"segment_v2_deleted":1344},"identityBytes":858047,"combinedLogicalIds":12120,"combinedLogicalBytes":1666329,"rotations":0,"partialBytes":0,"progress":{"elapsedMs":1352674.1375,"channels":{"9101":{"finalized":674,"deleted":672,"lastAt":1355714.635208,"order":"1347","store":"decc5fe692ea2728eab93f3eddc3828e6fe258eea6ff4860cc2ad8d8590c5757","knownMappings":477,"unknownMappings":22568},"9201":{"finalized":674,"deleted":672,"lastAt":1355714.635208,"order":"1348","store":"decc5fe692ea2728eab93f3eddc3828e6fe258eea6ff4860cc2ad8d8590c5757","knownMappings":486,"unknownMappings":21784}},"records":1348,"logicalBytes":808282},"resourceTrendPass":false}
[pass] LP26-O05 active 9101
[pass] LP26-O05 active 9201
[pass] LP26-O03 deleted media absent
[pass] LP26-O03 deleted media absent
[pass] LP26-O03 deleted media absent
[pass] LP26-O03 deleted media absent
[pass] LP26-O03 deleted media absent
[pass] LP26-O03 deleted media absent
[current-observation] {"pid":26665,"startIdentity":"macos:1790137862:584770","sampledAt":1790139221900,"phaseAt":1360869.416458,"rssBytes":328646656,"threadCount":25,"fdCount":31,"mutationCount":5410,"typeCounts":{"recording_order_reserved":1356,"segment_v2_bound_finalized":1354,"segment_v2_state":1350,"segment_v2_deleted":1350},"identityBytes":861875,"combinedLogicalIds":12174,"combinedLogicalBytes":1673751,"rotations":0,"partialBytes":0,"progress":{"elapsedMs":1357828.91875,"channels":{"9101":{"finalized":677,"deleted":675,"lastAt":1360869.416458,"order":"1354","store":"decc5fe692ea2728eab93f3eddc3828e6fe258eea6ff4860cc2ad8d8590c5757","knownMappings":480,"unknownMappings":22706},"9201":{"finalized":677,"deleted":675,"lastAt":1360869.416458,"order":"1353","store":"decc5fe692ea2728eab93f3eddc3828e6fe258eea6ff4860cc2ad8d8590c5757","knownMappings":487,"unknownMappings":21906}},"records":1354,"logicalBytes":811876},"resourceTrendPass":false}
[pass] LP26-O05 active 9101
[pass] LP26-O05 active 9201
[pass] LP26-O03 deleted media absent
[pass] LP26-O03 deleted media absent
[pass] LP26-O03 deleted media absent
[pass] LP26-O03 deleted media absent
[current-observation] {"pid":26665,"startIdentity":"macos:1790137862:584770","sampledAt":1790139227068,"phaseAt":1366037.399,"rssBytes":328728576,"threadCount":25,"fdCount":25,"mutationCount":5426,"typeCounts":{"recording_order_reserved":1360,"segment_v2_bound_finalized":1358,"segment_v2_state":1354,"segment_v2_deleted":1354},"identityBytes":864427,"combinedLogicalIds":12210,"combinedLogicalBytes":1678705,"rotations":0,"partialBytes":0,"progress":{"elapsedMs":1362996.901292,"channels":{"9101":{"finalized":679,"deleted":677,"lastAt":1366037.399,"order":"1358","store":"decc5fe692ea2728eab93f3eddc3828e6fe258eea6ff4860cc2ad8d8590c5757","knownMappings":482,"unknownMappings":22802},"9201":{"finalized":679,"deleted":677,"lastAt":1366037.399,"order":"1357","store":"decc5fe692ea2728eab93f3eddc3828e6fe258eea6ff4860cc2ad8d8590c5757","knownMappings":488,"unknownMappings":21988}},"records":1358,"logicalBytes":814278},"resourceTrendPass":false}
[pass] LP26-O05 active 9101
[pass] LP26-O05 active 9201
[pass] LP26-O03 deleted media absent
[pass] LP26-O03 deleted media absent
[pass] LP26-O03 deleted media absent
[pass] LP26-O03 deleted media absent
[pass] LP26-O03 deleted media absent
[pass] LP26-O03 deleted media absent
[current-observation] {"pid":26665,"startIdentity":"macos:1790137862:584770","sampledAt":1790139232208,"phaseAt":1371177.053541,"rssBytes":329007104,"threadCount":25,"fdCount":31,"mutationCount":5450,"typeCounts":{"recording_order_reserved":1366,"segment_v2_bound_finalized":1364,"segment_v2_state":1360,"segment_v2_deleted":1360},"identityBytes":868255,"combinedLogicalIds":12264,"combinedLogicalBytes":1686145,"rotations":0,"partialBytes":0,"progress":{"elapsedMs":1368136.555833,"channels":{"9101":{"finalized":682,"deleted":680,"lastAt":1371177.053541,"order":"1364","store":"decc5fe692ea2728eab93f3eddc3828e6fe258eea6ff4860cc2ad8d8590c5757","knownMappings":485,"unknownMappings":22890},"9201":{"finalized":682,"deleted":680,"lastAt":1371177.053541,"order":"1363","store":"decc5fe692ea2728eab93f3eddc3828e6fe258eea6ff4860cc2ad8d8590c5757","knownMappings":490,"unknownMappings":22116}},"records":1364,"logicalBytes":817890},"resourceTrendPass":false}
[pass] LP26-O05 active 9101
[pass] LP26-O05 active 9201
[pass] LP26-O03 deleted media absent
[pass] LP26-O03 deleted media absent
[pass] LP26-O03 deleted media absent
[pass] LP26-O03 deleted media absent
[current-observation] {"pid":26665,"startIdentity":"macos:1790137862:584770","sampledAt":1790139237357,"phaseAt":1376326.318541,"rssBytes":329121792,"threadCount":25,"fdCount":25,"mutationCount":5466,"typeCounts":{"recording_order_reserved":1370,"segment_v2_bound_finalized":1368,"segment_v2_state":1364,"segment_v2_deleted":1364},"identityBytes":870807,"combinedLogicalIds":12300,"combinedLogicalBytes":1691099,"rotations":0,"partialBytes":0,"progress":{"elapsedMs":1373285.820833,"channels":{"9101":{"finalized":684,"deleted":682,"lastAt":1376326.318541,"order":"1368","store":"decc5fe692ea2728eab93f3eddc3828e6fe258eea6ff4860cc2ad8d8590c5757","knownMappings":487,"unknownMappings":22978},"9201":{"finalized":684,"deleted":682,"lastAt":1376326.318541,"order":"1367","store":"decc5fe692ea2728eab93f3eddc3828e6fe258eea6ff4860cc2ad8d8590c5757","knownMappings":492,"unknownMappings":22138}},"records":1368,"logicalBytes":820292},"resourceTrendPass":false}
[pass] LP26-O05 active 9101
[pass] LP26-O05 active 9201
[pass] LP26-O03 deleted media absent
[pass] LP26-O03 deleted media absent
[pass] LP26-O03 deleted media absent
[pass] LP26-O03 deleted media absent
[pass] LP26-O03 deleted media absent
[pass] LP26-O03 deleted media absent
[current-observation] {"pid":26665,"startIdentity":"macos:1790137862:584770","sampledAt":1790139242489,"phaseAt":1381458.037166,"rssBytes":329236480,"threadCount":25,"fdCount":23,"mutationCount":5490,"typeCounts":{"recording_order_reserved":1376,"segment_v2_bound_finalized":1374,"segment_v2_state":1370,"segment_v2_deleted":1370},"identityBytes":874635,"combinedLogicalIds":12354,"combinedLogicalBytes":1698520,"rotations":0,"partialBytes":0,"progress":{"elapsedMs":1378417.539458,"channels":{"9101":{"finalized":687,"deleted":685,"lastAt":1381458.037166,"order":"1374","store":"decc5fe692ea2728eab93f3eddc3828e6fe258eea6ff4860cc2ad8d8590c5757","knownMappings":489,"unknownMappings":23084},"9201":{"finalized":687,"deleted":685,"lastAt":1381458.037166,"order":"1373","store":"decc5fe692ea2728eab93f3eddc3828e6fe258eea6ff4860cc2ad8d8590c5757","knownMappings":495,"unknownMappings":22208}},"records":1374,"logicalBytes":823885},"resourceTrendPass":false}
[pass] LP26-O05 active 9101
[pass] LP26-O05 active 9201
[pass] LP26-O03 deleted media absent
[pass] LP26-O03 deleted media absent
[pass] LP26-O03 deleted media absent
[pass] LP26-O03 deleted media absent
[current-observation] {"pid":26665,"startIdentity":"macos:1790137862:584770","sampledAt":1790139247627,"phaseAt":1386595.946791,"rssBytes":329416704,"threadCount":25,"fdCount":29,"mutationCount":5506,"typeCounts":{"recording_order_reserved":1380,"segment_v2_bound_finalized":1378,"segment_v2_state":1374,"segment_v2_deleted":1374},"identityBytes":877187,"combinedLogicalIds":12390,"combinedLogicalBytes":1703474,"rotations":0,"partialBytes":0,"progress":{"elapsedMs":1383555.449083,"channels":{"9101":{"finalized":689,"deleted":687,"lastAt":1386595.946791,"order":"1377","store":"decc5fe692ea2728eab93f3eddc3828e6fe258eea6ff4860cc2ad8d8590c5757","knownMappings":490,"unknownMappings":23188},"9201":{"finalized":689,"deleted":687,"lastAt":1386595.946791,"order":"1378","store":"decc5fe692ea2728eab93f3eddc3828e6fe258eea6ff4860cc2ad8d8590c5757","knownMappings":496,"unknownMappings":22292}},"records":1378,"logicalBytes":826287},"resourceTrendPass":false}
[pass] LP26-O05 active 9101
[pass] LP26-O05 active 9201
[pass] LP26-O03 deleted media absent
[pass] LP26-O03 deleted media absent
[pass] LP26-O03 deleted media absent
[pass] LP26-O03 deleted media absent
[pass] LP26-O03 deleted media absent
[pass] LP26-O03 deleted media absent
[current-observation] {"pid":26665,"startIdentity":"macos:1790137862:584770","sampledAt":1790139252789,"phaseAt":1391757.540875,"rssBytes":329498624,"threadCount":25,"fdCount":21,"mutationCount":5530,"typeCounts":{"recording_order_reserved":1386,"segment_v2_bound_finalized":1384,"segment_v2_state":1380,"segment_v2_deleted":1380},"identityBytes":881015,"combinedLogicalIds":12444,"combinedLogicalBytes":1710914,"rotations":0,"partialBytes":0,"progress":{"elapsedMs":1388717.043167,"channels":{"9101":{"finalized":692,"deleted":690,"lastAt":1391757.540875,"order":"1384","store":"decc5fe692ea2728eab93f3eddc3828e6fe258eea6ff4860cc2ad8d8590c5757","knownMappings":492,"unknownMappings":23320},"9201":{"finalized":692,"deleted":690,"lastAt":1391757.540875,"order":"1383","store":"decc5fe692ea2728eab93f3eddc3828e6fe258eea6ff4860cc2ad8d8590c5757","knownMappings":499,"unknownMappings":22394}},"records":1384,"logicalBytes":829899},"resourceTrendPass":false}
[pass] LP26-O05 active 9101
[pass] LP26-O05 active 9201
[pass] LP26-O03 deleted media absent
[pass] LP26-O03 deleted media absent
[pass] LP26-O03 deleted media absent
[pass] LP26-O03 deleted media absent
[pass] LP26-O03 deleted media absent
[pass] LP26-O03 deleted media absent
[current-observation] {"pid":26665,"startIdentity":"macos:1790137862:584770","sampledAt":1790139257943,"phaseAt":1396912.25375,"rssBytes":329728000,"threadCount":25,"fdCount":31,"mutationCount":5554,"typeCounts":{"recording_order_reserved":1392,"segment_v2_bound_finalized":1390,"segment_v2_state":1386,"segment_v2_deleted":1386},"identityBytes":884843,"combinedLogicalIds":12498,"combinedLogicalBytes":1718336,"rotations":0,"partialBytes":0,"progress":{"elapsedMs":1393871.756042,"channels":{"9101":{"finalized":695,"deleted":693,"lastAt":1396912.25375,"order":"1390","store":"decc5fe692ea2728eab93f3eddc3828e6fe258eea6ff4860cc2ad8d8590c5757","knownMappings":495,"unknownMappings":23448},"9201":{"finalized":695,"deleted":693,"lastAt":1396912.25375,"order":"1389","store":"decc5fe692ea2728eab93f3eddc3828e6fe258eea6ff4860cc2ad8d8590c5757","knownMappings":500,"unknownMappings":22504}},"records":1390,"logicalBytes":833493},"resourceTrendPass":false}
[pass] LP26-O05 active 9101
[pass] LP26-O05 active 9201
[pass] LP26-O03 deleted media absent
[pass] LP26-O03 deleted media absent
[pass] LP26-O03 deleted media absent
[pass] LP26-O03 deleted media absent
[current-observation] {"pid":26665,"startIdentity":"macos:1790137862:584770","sampledAt":1790139263100,"phaseAt":1402068.312083,"rssBytes":329842688,"threadCount":25,"fdCount":25,"mutationCount":5570,"typeCounts":{"recording_order_reserved":1396,"segment_v2_bound_finalized":1394,"segment_v2_state":1390,"segment_v2_deleted":1390},"identityBytes":887395,"combinedLogicalIds":12534,"combinedLogicalBytes":1723290,"rotations":0,"partialBytes":0,"progress":{"elapsedMs":1399027.814375,"channels":{"9101":{"finalized":697,"deleted":695,"lastAt":1402068.312083,"order":"1393","store":"decc5fe692ea2728eab93f3eddc3828e6fe258eea6ff4860cc2ad8d8590c5757","knownMappings":495,"unknownMappings":23542},"9201":{"finalized":697,"deleted":695,"lastAt":1402068.312083,"order":"1394","store":"decc5fe692ea2728eab93f3eddc3828e6fe258eea6ff4860cc2ad8d8590c5757","knownMappings":501,"unknownMappings":22588}},"records":1394,"logicalBytes":835895},"resourceTrendPass":false}
[pass] LP26-O05 active 9101
[pass] LP26-O05 active 9201
[pass] LP26-O03 deleted media absent
[pass] LP26-O03 deleted media absent
[pass] LP26-O03 deleted media absent
[pass] LP26-O03 deleted media absent
[pass] LP26-O03 deleted media absent
[pass] LP26-O03 deleted media absent
[current-observation] {"pid":26665,"startIdentity":"macos:1790137862:584770","sampledAt":1790139268236,"phaseAt":1407204.761916,"rssBytes":330104832,"threadCount":25,"fdCount":31,"mutationCount":5594,"typeCounts":{"recording_order_reserved":1402,"segment_v2_bound_finalized":1400,"segment_v2_state":1396,"segment_v2_deleted":1396},"identityBytes":891223,"combinedLogicalIds":12588,"combinedLogicalBytes":1730730,"rotations":0,"partialBytes":0,"progress":{"elapsedMs":1404164.264208,"channels":{"9101":{"finalized":700,"deleted":698,"lastAt":1407204.761916,"order":"1399","store":"decc5fe692ea2728eab93f3eddc3828e6fe258eea6ff4860cc2ad8d8590c5757","knownMappings":498,"unknownMappings":23672},"9201":{"finalized":700,"deleted":698,"lastAt":1407204.761916,"order":"1400","store":"decc5fe692ea2728eab93f3eddc3828e6fe258eea6ff4860cc2ad8d8590c5757","knownMappings":503,"unknownMappings":22720}},"records":1400,"logicalBytes":839507},"resourceTrendPass":false}
[pass] LP26-O05 active 9101
[pass] LP26-O05 active 9201
[pass] LP26-O03 deleted media absent
[pass] LP26-O03 deleted media absent
[pass] LP26-O03 deleted media absent
[pass] LP26-O03 deleted media absent
[current-observation] {"pid":26665,"startIdentity":"macos:1790137862:584770","sampledAt":1790139273397,"phaseAt":1412365.685416,"rssBytes":330203136,"threadCount":25,"fdCount":25,"mutationCount":5610,"typeCounts":{"recording_order_reserved":1406,"segment_v2_bound_finalized":1404,"segment_v2_state":1400,"segment_v2_deleted":1400},"identityBytes":893775,"combinedLogicalIds":12624,"combinedLogicalBytes":1735684,"rotations":0,"partialBytes":0,"progress":{"elapsedMs":1409325.187708,"channels":{"9101":{"finalized":702,"deleted":700,"lastAt":1412365.685416,"order":"1404","store":"decc5fe692ea2728eab93f3eddc3828e6fe258eea6ff4860cc2ad8d8590c5757","knownMappings":499,"unknownMappings":23718},"9201":{"finalized":702,"deleted":700,"lastAt":1412365.685416,"order":"1403","store":"decc5fe692ea2728eab93f3eddc3828e6fe258eea6ff4860cc2ad8d8590c5757","knownMappings":504,"unknownMappings":22802}},"records":1404,"logicalBytes":841909},"resourceTrendPass":false}
[pass] LP26-O05 active 9101
[pass] LP26-O05 active 9201
[pass] LP26-O03 deleted media absent
[pass] LP26-O03 deleted media absent
[pass] LP26-O03 deleted media absent
[pass] LP26-O03 deleted media absent
[pass] LP26-O03 deleted media absent
[pass] LP26-O03 deleted media absent
[current-observation] {"pid":26665,"startIdentity":"macos:1790137862:584770","sampledAt":1790139278542,"phaseAt":1417510.67725,"rssBytes":330432512,"threadCount":25,"fdCount":23,"mutationCount":5634,"typeCounts":{"recording_order_reserved":1412,"segment_v2_bound_finalized":1410,"segment_v2_state":1406,"segment_v2_deleted":1406},"identityBytes":897603,"combinedLogicalIds":12678,"combinedLogicalBytes":1743106,"rotations":0,"partialBytes":0,"progress":{"elapsedMs":1414470.179542,"channels":{"9101":{"finalized":705,"deleted":703,"lastAt":1417510.67725,"order":"1409","store":"decc5fe692ea2728eab93f3eddc3828e6fe258eea6ff4860cc2ad8d8590c5757","knownMappings":500,"unknownMappings":23844},"9201":{"finalized":705,"deleted":703,"lastAt":1417510.67725,"order":"1410","store":"decc5fe692ea2728eab93f3eddc3828e6fe258eea6ff4860cc2ad8d8590c5757","knownMappings":506,"unknownMappings":22928}},"records":1410,"logicalBytes":845503},"resourceTrendPass":false}
[pass] LP26-O05 active 9101
[pass] LP26-O05 active 9201
[pass] LP26-O03 deleted media absent
[pass] LP26-O03 deleted media absent
[pass] LP26-O03 deleted media absent
[pass] LP26-O03 deleted media absent
[current-observation] {"pid":26665,"startIdentity":"macos:1790137862:584770","sampledAt":1790139283692,"phaseAt":1422660.817083,"rssBytes":330596352,"threadCount":25,"fdCount":29,"mutationCount":5650,"typeCounts":{"recording_order_reserved":1416,"segment_v2_bound_finalized":1414,"segment_v2_state":1410,"segment_v2_deleted":1410},"identityBytes":900155,"combinedLogicalIds":12714,"combinedLogicalBytes":1748060,"rotations":0,"partialBytes":0,"progress":{"elapsedMs":1419620.319375,"channels":{"9101":{"finalized":707,"deleted":705,"lastAt":1422660.817083,"order":"1414","store":"decc5fe692ea2728eab93f3eddc3828e6fe258eea6ff4860cc2ad8d8590c5757","knownMappings":502,"unknownMappings":23928},"9201":{"finalized":707,"deleted":705,"lastAt":1422660.817083,"order":"1413","store":"decc5fe692ea2728eab93f3eddc3828e6fe258eea6ff4860cc2ad8d8590c5757","knownMappings":507,"unknownMappings":23020}},"records":1414,"logicalBytes":847905},"resourceTrendPass":false}
[pass] LP26-O05 active 9101
[pass] LP26-O05 active 9201
[pass] LP26-O03 deleted media absent
[pass] LP26-O03 deleted media absent
[pass] LP26-O03 deleted media absent
[pass] LP26-O03 deleted media absent
[pass] LP26-O03 deleted media absent
[pass] LP26-O03 deleted media absent
[current-observation] {"pid":26665,"startIdentity":"macos:1790137862:584770","sampledAt":1790139288829,"phaseAt":1427797.55225,"rssBytes":330743808,"threadCount":25,"fdCount":21,"mutationCount":5674,"typeCounts":{"recording_order_reserved":1422,"segment_v2_bound_finalized":1420,"segment_v2_state":1416,"segment_v2_deleted":1416},"identityBytes":903983,"combinedLogicalIds":12768,"combinedLogicalBytes":1755500,"rotations":0,"partialBytes":0,"progress":{"elapsedMs":1424757.054542,"channels":{"9101":{"finalized":710,"deleted":708,"lastAt":1427797.55225,"order":"1420","store":"decc5fe692ea2728eab93f3eddc3828e6fe258eea6ff4860cc2ad8d8590c5757","knownMappings":505,"unknownMappings":24052},"9201":{"finalized":710,"deleted":708,"lastAt":1427797.55225,"order":"1419","store":"decc5fe692ea2728eab93f3eddc3828e6fe258eea6ff4860cc2ad8d8590c5757","knownMappings":507,"unknownMappings":23154}},"records":1420,"logicalBytes":851517},"resourceTrendPass":false}
[pass] LP26-O05 active 9101
[pass] LP26-O05 active 9201
[pass] LP26-O03 deleted media absent
[pass] LP26-O03 deleted media absent
[pass] LP26-O03 deleted media absent
[pass] LP26-O03 deleted media absent
[pass] LP26-O03 deleted media absent
[pass] LP26-O03 deleted media absent
[current-observation] {"pid":26665,"startIdentity":"macos:1790137862:584770","sampledAt":1790139293984,"phaseAt":1432952.300541,"rssBytes":330973184,"threadCount":25,"fdCount":31,"mutationCount":5698,"typeCounts":{"recording_order_reserved":1428,"segment_v2_bound_finalized":1426,"segment_v2_state":1422,"segment_v2_deleted":1422},"identityBytes":907811,"combinedLogicalIds":12822,"combinedLogicalBytes":1762922,"rotations":0,"partialBytes":0,"progress":{"elapsedMs":1429911.802833,"channels":{"9101":{"finalized":713,"deleted":711,"lastAt":1432952.300541,"order":"1426","store":"decc5fe692ea2728eab93f3eddc3828e6fe258eea6ff4860cc2ad8d8590c5757","knownMappings":506,"unknownMappings":24168},"9201":{"finalized":713,"deleted":711,"lastAt":1432952.300541,"order":"1425","store":"decc5fe692ea2728eab93f3eddc3828e6fe258eea6ff4860cc2ad8d8590c5757","knownMappings":509,"unknownMappings":23286}},"records":1426,"logicalBytes":855111},"resourceTrendPass":false}
[pass] LP26-O05 active 9101
[pass] LP26-O05 active 9201
[pass] LP26-O03 deleted media absent
[pass] LP26-O03 deleted media absent
[pass] LP26-O03 deleted media absent
[pass] LP26-O03 deleted media absent
[current-observation] {"pid":26665,"startIdentity":"macos:1790137862:584770","sampledAt":1790139299140,"phaseAt":1438108.80425,"rssBytes":331071488,"threadCount":25,"fdCount":25,"mutationCount":5714,"typeCounts":{"recording_order_reserved":1432,"segment_v2_bound_finalized":1430,"segment_v2_state":1426,"segment_v2_deleted":1426},"identityBytes":910363,"combinedLogicalIds":12858,"combinedLogicalBytes":1767876,"rotations":0,"partialBytes":0,"progress":{"elapsedMs":1435068.306542,"channels":{"9101":{"finalized":715,"deleted":713,"lastAt":1438108.80425,"order":"1429","store":"decc5fe692ea2728eab93f3eddc3828e6fe258eea6ff4860cc2ad8d8590c5757","knownMappings":507,"unknownMappings":24204},"9201":{"finalized":715,"deleted":713,"lastAt":1438108.80425,"order":"1430","store":"decc5fe692ea2728eab93f3eddc3828e6fe258eea6ff4860cc2ad8d8590c5757","knownMappings":510,"unknownMappings":23362}},"records":1430,"logicalBytes":857513},"resourceTrendPass":false}
[pass] LP26-O05 active 9101
[pass] LP26-O05 active 9201
[pass] LP26-O03 deleted media absent
[pass] LP26-O03 deleted media absent
[pass] LP26-O03 deleted media absent
[pass] LP26-O03 deleted media absent
[pass] LP26-O03 deleted media absent
[pass] LP26-O03 deleted media absent
[current-observation] {"pid":26665,"startIdentity":"macos:1790137862:584770","sampledAt":1790139304278,"phaseAt":1443246.808791,"rssBytes":331186176,"threadCount":25,"fdCount":31,"mutationCount":5738,"typeCounts":{"recording_order_reserved":1438,"segment_v2_bound_finalized":1436,"segment_v2_state":1432,"segment_v2_deleted":1432},"identityBytes":914191,"combinedLogicalIds":12912,"combinedLogicalBytes":1775316,"rotations":0,"partialBytes":0,"progress":{"elapsedMs":1440206.311083,"channels":{"9101":{"finalized":718,"deleted":716,"lastAt":1443246.808791,"order":"1436","store":"decc5fe692ea2728eab93f3eddc3828e6fe258eea6ff4860cc2ad8d8590c5757","knownMappings":509,"unknownMappings":24294},"9201":{"finalized":718,"deleted":716,"lastAt":1443246.808791,"order":"1435","store":"decc5fe692ea2728eab93f3eddc3828e6fe258eea6ff4860cc2ad8d8590c5757","knownMappings":512,"unknownMappings":23442}},"records":1436,"logicalBytes":861125},"resourceTrendPass":false}
[pass] LP26-O05 active 9101
[pass] LP26-O05 active 9201
[pass] LP26-O03 deleted media absent
[pass] LP26-O03 deleted media absent
[pass] LP26-O03 deleted media absent
[pass] LP26-O03 deleted media absent
[current-observation] {"pid":26665,"startIdentity":"macos:1790137862:584770","sampledAt":1790139309422,"phaseAt":1448390.961291,"rssBytes":331284480,"threadCount":25,"fdCount":25,"mutationCount":5754,"typeCounts":{"recording_order_reserved":1442,"segment_v2_bound_finalized":1440,"segment_v2_state":1436,"segment_v2_deleted":1436},"identityBytes":916743,"combinedLogicalIds":12948,"combinedLogicalBytes":1780270,"rotations":0,"partialBytes":0,"progress":{"elapsedMs":1445350.463583,"channels":{"9101":{"finalized":720,"deleted":718,"lastAt":1448390.961291,"order":"1439","store":"decc5fe692ea2728eab93f3eddc3828e6fe258eea6ff4860cc2ad8d8590c5757","knownMappings":510,"unknownMappings":24328},"9201":{"finalized":720,"deleted":718,"lastAt":1448390.961291,"order":"1440","store":"decc5fe692ea2728eab93f3eddc3828e6fe258eea6ff4860cc2ad8d8590c5757","knownMappings":514,"unknownMappings":23496}},"records":1440,"logicalBytes":863527},"resourceTrendPass":false}
[pass] LP26-O05 active 9101
[pass] LP26-O05 active 9201
[pass] LP26-O03 deleted media absent
[pass] LP26-O03 deleted media absent
[pass] LP26-O03 deleted media absent
[pass] LP26-O03 deleted media absent
[pass] LP26-O03 deleted media absent
[pass] LP26-O03 deleted media absent
[current-observation] {"pid":26665,"startIdentity":"macos:1790137862:584770","sampledAt":1790139314558,"phaseAt":1453526.524083,"rssBytes":331448320,"threadCount":25,"fdCount":23,"mutationCount":5778,"typeCounts":{"recording_order_reserved":1448,"segment_v2_bound_finalized":1446,"segment_v2_state":1442,"segment_v2_deleted":1442},"identityBytes":920571,"combinedLogicalIds":13002,"combinedLogicalBytes":1787692,"rotations":0,"partialBytes":0,"progress":{"elapsedMs":1450486.026375,"channels":{"9101":{"finalized":723,"deleted":721,"lastAt":1453526.524083,"order":"1445","store":"decc5fe692ea2728eab93f3eddc3828e6fe258eea6ff4860cc2ad8d8590c5757","knownMappings":512,"unknownMappings":24452},"9201":{"finalized":723,"deleted":721,"lastAt":1453526.524083,"order":"1446","store":"decc5fe692ea2728eab93f3eddc3828e6fe258eea6ff4860cc2ad8d8590c5757","knownMappings":517,"unknownMappings":23550}},"records":1446,"logicalBytes":867121},"resourceTrendPass":false}
[pass] LP26-O05 active 9101
[pass] LP26-O05 active 9201
[pass] LP26-O03 deleted media absent
[pass] LP26-O03 deleted media absent
[pass] LP26-O03 deleted media absent
[pass] LP26-O03 deleted media absent
[current-observation] {"pid":26665,"startIdentity":"macos:1790137862:584770","sampledAt":1790139319697,"phaseAt":1458665.574875,"rssBytes":331497472,"threadCount":25,"fdCount":25,"mutationCount":5794,"typeCounts":{"recording_order_reserved":1452,"segment_v2_bound_finalized":1450,"segment_v2_state":1446,"segment_v2_deleted":1446},"identityBytes":923123,"combinedLogicalIds":13038,"combinedLogicalBytes":1792646,"rotations":0,"partialBytes":0,"progress":{"elapsedMs":1455625.077167,"channels":{"9101":{"finalized":725,"deleted":723,"lastAt":1458665.574875,"order":"1449","store":"decc5fe692ea2728eab93f3eddc3828e6fe258eea6ff4860cc2ad8d8590c5757","knownMappings":513,"unknownMappings":24512},"9201":{"finalized":725,"deleted":723,"lastAt":1458665.574875,"order":"1450","store":"decc5fe692ea2728eab93f3eddc3828e6fe258eea6ff4860cc2ad8d8590c5757","knownMappings":519,"unknownMappings":23610}},"records":1450,"logicalBytes":869523},"resourceTrendPass":false}
[pass] LP26-O05 active 9101
[pass] LP26-O05 active 9201
[pass] LP26-O03 deleted media absent
[pass] LP26-O03 deleted media absent
[pass] LP26-O03 deleted media absent
[pass] LP26-O03 deleted media absent
[pass] LP26-O03 deleted media absent
[pass] LP26-O03 deleted media absent
[current-observation] {"pid":26665,"startIdentity":"macos:1790137862:584770","sampledAt":1790139324871,"phaseAt":1463839.453166,"rssBytes":331726848,"threadCount":25,"fdCount":21,"mutationCount":5818,"typeCounts":{"recording_order_reserved":1458,"segment_v2_bound_finalized":1456,"segment_v2_state":1452,"segment_v2_deleted":1452},"identityBytes":926951,"combinedLogicalIds":13092,"combinedLogicalBytes":1800086,"rotations":0,"partialBytes":0,"progress":{"elapsedMs":1460798.955458,"channels":{"9101":{"finalized":728,"deleted":726,"lastAt":1463839.453166,"order":"1456","store":"decc5fe692ea2728eab93f3eddc3828e6fe258eea6ff4860cc2ad8d8590c5757","knownMappings":516,"unknownMappings":24614},"9201":{"finalized":728,"deleted":726,"lastAt":1463839.453166,"order":"1455","store":"decc5fe692ea2728eab93f3eddc3828e6fe258eea6ff4860cc2ad8d8590c5757","knownMappings":522,"unknownMappings":23690}},"records":1456,"logicalBytes":873135},"resourceTrendPass":false}
[pass] LP26-O05 active 9101
[pass] LP26-O05 active 9201
[pass] LP26-O03 deleted media absent
[pass] LP26-O03 deleted media absent
[pass] LP26-O03 deleted media absent
[pass] LP26-O03 deleted media absent
[pass] LP26-O03 deleted media absent
[pass] LP26-O03 deleted media absent
[current-observation] {"pid":26665,"startIdentity":"macos:1790137862:584770","sampledAt":1790139330015,"phaseAt":1468983.727333,"rssBytes":332054528,"threadCount":25,"fdCount":31,"mutationCount":5842,"typeCounts":{"recording_order_reserved":1464,"segment_v2_bound_finalized":1462,"segment_v2_state":1458,"segment_v2_deleted":1458},"identityBytes":930779,"combinedLogicalIds":13146,"combinedLogicalBytes":1807508,"rotations":0,"partialBytes":0,"progress":{"elapsedMs":1465943.229625,"channels":{"9101":{"finalized":731,"deleted":729,"lastAt":1468983.727333,"order":"1462","store":"decc5fe692ea2728eab93f3eddc3828e6fe258eea6ff4860cc2ad8d8590c5757","knownMappings":518,"unknownMappings":24726},"9201":{"finalized":731,"deleted":729,"lastAt":1468983.727333,"order":"1461","store":"decc5fe692ea2728eab93f3eddc3828e6fe258eea6ff4860cc2ad8d8590c5757","knownMappings":523,"unknownMappings":23794}},"records":1462,"logicalBytes":876729},"resourceTrendPass":false}
[pass] LP26-O05 active 9101
[pass] LP26-O05 active 9201
[pass] LP26-O03 deleted media absent
[pass] LP26-O03 deleted media absent
[pass] LP26-O03 deleted media absent
[pass] LP26-O03 deleted media absent
[current-observation] {"pid":26665,"startIdentity":"macos:1790137862:584770","sampledAt":1790139335162,"phaseAt":1474130.815125,"rssBytes":332234752,"threadCount":25,"fdCount":21,"mutationCount":5858,"typeCounts":{"recording_order_reserved":1468,"segment_v2_bound_finalized":1466,"segment_v2_state":1462,"segment_v2_deleted":1462},"identityBytes":933331,"combinedLogicalIds":13182,"combinedLogicalBytes":1812462,"rotations":0,"partialBytes":0,"progress":{"elapsedMs":1471090.317417,"channels":{"9101":{"finalized":733,"deleted":731,"lastAt":1474130.815125,"order":"1465","store":"decc5fe692ea2728eab93f3eddc3828e6fe258eea6ff4860cc2ad8d8590c5757","knownMappings":519,"unknownMappings":24780},"9201":{"finalized":733,"deleted":731,"lastAt":1474130.815125,"order":"1466","store":"decc5fe692ea2728eab93f3eddc3828e6fe258eea6ff4860cc2ad8d8590c5757","knownMappings":525,"unknownMappings":23890}},"records":1466,"logicalBytes":879131},"resourceTrendPass":false}
[pass] LP26-O05 active 9101
[pass] LP26-O05 active 9201
[pass] LP26-O03 deleted media absent
[pass] LP26-O03 deleted media absent
[pass] LP26-O03 deleted media absent
[pass] LP26-O03 deleted media absent
[pass] LP26-O03 deleted media absent
[pass] LP26-O03 deleted media absent
[current-observation] {"pid":26665,"startIdentity":"macos:1790137862:584770","sampledAt":1790139340297,"phaseAt":1479265.378083,"rssBytes":332349440,"threadCount":25,"fdCount":31,"mutationCount":5882,"typeCounts":{"recording_order_reserved":1474,"segment_v2_bound_finalized":1472,"segment_v2_state":1468,"segment_v2_deleted":1468},"identityBytes":937159,"combinedLogicalIds":13236,"combinedLogicalBytes":1819902,"rotations":0,"partialBytes":0,"progress":{"elapsedMs":1476224.880375,"channels":{"9101":{"finalized":736,"deleted":734,"lastAt":1479265.378083,"order":"1471","store":"decc5fe692ea2728eab93f3eddc3828e6fe258eea6ff4860cc2ad8d8590c5757","knownMappings":521,"unknownMappings":24868},"9201":{"finalized":736,"deleted":734,"lastAt":1479265.378083,"order":"1472","store":"decc5fe692ea2728eab93f3eddc3828e6fe258eea6ff4860cc2ad8d8590c5757","knownMappings":527,"unknownMappings":24026}},"records":1472,"logicalBytes":882743},"resourceTrendPass":false}
[pass] LP26-O05 active 9101
[pass] LP26-O05 active 9201
[pass] LP26-O03 deleted media absent
[pass] LP26-O03 deleted media absent
[pass] LP26-O03 deleted media absent
[pass] LP26-O03 deleted media absent
[current-observation] {"pid":26665,"startIdentity":"macos:1790137862:584770","sampledAt":1790139345448,"phaseAt":1484416.101708,"rssBytes":332611584,"threadCount":25,"fdCount":25,"mutationCount":5898,"typeCounts":{"recording_order_reserved":1478,"segment_v2_bound_finalized":1476,"segment_v2_state":1472,"segment_v2_deleted":1472},"identityBytes":939711,"combinedLogicalIds":13272,"combinedLogicalBytes":1824856,"rotations":0,"partialBytes":0,"progress":{"elapsedMs":1481375.604,"channels":{"9101":{"finalized":738,"deleted":736,"lastAt":1484416.101708,"order":"1475","store":"decc5fe692ea2728eab93f3eddc3828e6fe258eea6ff4860cc2ad8d8590c5757","knownMappings":522,"unknownMappings":24964},"9201":{"finalized":738,"deleted":736,"lastAt":1484416.101708,"order":"1476","store":"decc5fe692ea2728eab93f3eddc3828e6fe258eea6ff4860cc2ad8d8590c5757","knownMappings":529,"unknownMappings":24114}},"records":1476,"logicalBytes":885145},"resourceTrendPass":false}
[pass] LP26-O05 active 9101
[pass] LP26-O05 active 9201
[pass] LP26-O03 deleted media absent
[pass] LP26-O03 deleted media absent
[pass] LP26-O03 deleted media absent
[pass] LP26-O03 deleted media absent
[pass] LP26-O03 deleted media absent
[pass] LP26-O03 deleted media absent
[current-observation] {"pid":26665,"startIdentity":"macos:1790137862:584770","sampledAt":1790139350595,"phaseAt":1489563.404333,"rssBytes":332808192,"threadCount":25,"fdCount":23,"mutationCount":5922,"typeCounts":{"recording_order_reserved":1484,"segment_v2_bound_finalized":1482,"segment_v2_state":1478,"segment_v2_deleted":1478},"identityBytes":943539,"combinedLogicalIds":13326,"combinedLogicalBytes":1832278,"rotations":0,"partialBytes":0,"progress":{"elapsedMs":1486522.906625,"channels":{"9101":{"finalized":741,"deleted":739,"lastAt":1489563.404333,"order":"1482","store":"decc5fe692ea2728eab93f3eddc3828e6fe258eea6ff4860cc2ad8d8590c5757","knownMappings":524,"unknownMappings":25092},"9201":{"finalized":741,"deleted":739,"lastAt":1489563.404333,"order":"1481","store":"decc5fe692ea2728eab93f3eddc3828e6fe258eea6ff4860cc2ad8d8590c5757","knownMappings":531,"unknownMappings":24224}},"records":1482,"logicalBytes":888739},"resourceTrendPass":false}
[pass] LP26-O05 active 9101
[pass] LP26-O05 active 9201
[pass] LP26-O03 deleted media absent
[pass] LP26-O03 deleted media absent
[pass] LP26-O03 deleted media absent
[pass] LP26-O03 deleted media absent
[current-observation] {"pid":26665,"startIdentity":"macos:1790137862:584770","sampledAt":1790139355752,"phaseAt":1494720.281,"rssBytes":332906496,"threadCount":25,"fdCount":25,"mutationCount":5938,"typeCounts":{"recording_order_reserved":1488,"segment_v2_bound_finalized":1486,"segment_v2_state":1482,"segment_v2_deleted":1482},"identityBytes":946091,"combinedLogicalIds":13362,"combinedLogicalBytes":1837232,"rotations":0,"partialBytes":0,"progress":{"elapsedMs":1491679.783292,"channels":{"9101":{"finalized":743,"deleted":741,"lastAt":1494720.281,"order":"1486","store":"decc5fe692ea2728eab93f3eddc3828e6fe258eea6ff4860cc2ad8d8590c5757","knownMappings":526,"unknownMappings":25176},"9201":{"finalized":743,"deleted":741,"lastAt":1494720.281,"order":"1485","store":"decc5fe692ea2728eab93f3eddc3828e6fe258eea6ff4860cc2ad8d8590c5757","knownMappings":533,"unknownMappings":24278}},"records":1486,"logicalBytes":891141},"resourceTrendPass":false}
[pass] LP26-O05 active 9101
[pass] LP26-O05 active 9201
[pass] LP26-O03 deleted media absent
[pass] LP26-O03 deleted media absent
[pass] LP26-O03 deleted media absent
[pass] LP26-O03 deleted media absent
[pass] LP26-O03 deleted media absent
[pass] LP26-O03 deleted media absent
[current-observation] {"pid":26665,"startIdentity":"macos:1790137862:584770","sampledAt":1790139360893,"phaseAt":1499861.7555,"rssBytes":332955648,"threadCount":25,"fdCount":21,"mutationCount":5962,"typeCounts":{"recording_order_reserved":1494,"segment_v2_bound_finalized":1492,"segment_v2_state":1488,"segment_v2_deleted":1488},"identityBytes":949919,"combinedLogicalIds":13416,"combinedLogicalBytes":1844672,"rotations":0,"partialBytes":0,"progress":{"elapsedMs":1496821.257792,"channels":{"9101":{"finalized":746,"deleted":744,"lastAt":1499861.7555,"order":"1492","store":"decc5fe692ea2728eab93f3eddc3828e6fe258eea6ff4860cc2ad8d8590c5757","knownMappings":527,"unknownMappings":25310},"9201":{"finalized":746,"deleted":744,"lastAt":1499861.7555,"order":"1491","store":"decc5fe692ea2728eab93f3eddc3828e6fe258eea6ff4860cc2ad8d8590c5757","knownMappings":535,"unknownMappings":24358}},"records":1492,"logicalBytes":894753},"resourceTrendPass":false}
[pass] LP26-O05 active 9101
[pass] LP26-O05 active 9201
[pass] LP26-O03 deleted media absent
[pass] LP26-O03 deleted media absent
[pass] LP26-O03 deleted media absent
[pass] LP26-O03 deleted media absent
[pass] LP26-O03 deleted media absent
[pass] LP26-O03 deleted media absent
[current-observation] {"pid":26665,"startIdentity":"macos:1790137862:584770","sampledAt":1790139366049,"phaseAt":1505017.345791,"rssBytes":333217792,"threadCount":25,"fdCount":31,"mutationCount":5986,"typeCounts":{"recording_order_reserved":1500,"segment_v2_bound_finalized":1498,"segment_v2_state":1494,"segment_v2_deleted":1494},"identityBytes":953747,"combinedLogicalIds":13470,"combinedLogicalBytes":1852094,"rotations":0,"partialBytes":0,"progress":{"elapsedMs":1501976.848083,"channels":{"9101":{"finalized":749,"deleted":747,"lastAt":1505017.345791,"order":"1498","store":"decc5fe692ea2728eab93f3eddc3828e6fe258eea6ff4860cc2ad8d8590c5757","knownMappings":529,"unknownMappings":25442},"9201":{"finalized":749,"deleted":747,"lastAt":1505017.345791,"order":"1497","store":"decc5fe692ea2728eab93f3eddc3828e6fe258eea6ff4860cc2ad8d8590c5757","knownMappings":536,"unknownMappings":24466}},"records":1498,"logicalBytes":898347},"resourceTrendPass":false}
[pass] LP26-O05 active 9101
[pass] LP26-O05 active 9201
[pass] LP26-O03 deleted media absent
[pass] LP26-O03 deleted media absent
[pass] LP26-O03 deleted media absent
[pass] LP26-O03 deleted media absent
[current-observation] {"pid":26665,"startIdentity":"macos:1790137862:584770","sampledAt":1790139371200,"phaseAt":1510167.803208,"rssBytes":333283328,"threadCount":25,"fdCount":21,"mutationCount":6002,"typeCounts":{"recording_order_reserved":1504,"segment_v2_bound_finalized":1502,"segment_v2_state":1498,"segment_v2_deleted":1498},"identityBytes":956299,"combinedLogicalIds":13506,"combinedLogicalBytes":1857048,"rotations":0,"partialBytes":0,"progress":{"elapsedMs":1507127.3055,"channels":{"9101":{"finalized":751,"deleted":749,"lastAt":1510167.803208,"order":"1502","store":"decc5fe692ea2728eab93f3eddc3828e6fe258eea6ff4860cc2ad8d8590c5757","knownMappings":530,"unknownMappings":25494},"9201":{"finalized":751,"deleted":749,"lastAt":1510167.803208,"order":"1501","store":"decc5fe692ea2728eab93f3eddc3828e6fe258eea6ff4860cc2ad8d8590c5757","knownMappings":537,"unknownMappings":24532}},"records":1502,"logicalBytes":900749},"resourceTrendPass":false}
[pass] LP26-O05 active 9101
[pass] LP26-O05 active 9201
[pass] LP26-O03 deleted media absent
[pass] LP26-O03 deleted media absent
[pass] LP26-O03 deleted media absent
[pass] LP26-O03 deleted media absent
[pass] LP26-O03 deleted media absent
[pass] LP26-O03 deleted media absent
[current-observation] {"pid":26665,"startIdentity":"macos:1790137862:584770","sampledAt":1790139376333,"phaseAt":1515301.243291,"rssBytes":333594624,"threadCount":25,"fdCount":31,"mutationCount":6026,"typeCounts":{"recording_order_reserved":1510,"segment_v2_bound_finalized":1508,"segment_v2_state":1504,"segment_v2_deleted":1504},"identityBytes":960127,"combinedLogicalIds":13560,"combinedLogicalBytes":1864488,"rotations":0,"partialBytes":0,"progress":{"elapsedMs":1512260.745583,"channels":{"9101":{"finalized":754,"deleted":752,"lastAt":1515301.243291,"order":"1508","store":"decc5fe692ea2728eab93f3eddc3828e6fe258eea6ff4860cc2ad8d8590c5757","knownMappings":533,"unknownMappings":25592},"9201":{"finalized":754,"deleted":752,"lastAt":1515301.243291,"order":"1507","store":"decc5fe692ea2728eab93f3eddc3828e6fe258eea6ff4860cc2ad8d8590c5757","knownMappings":538,"unknownMappings":24668}},"records":1508,"logicalBytes":904361},"resourceTrendPass":false}
[pass] LP26-O05 active 9101
[pass] LP26-O05 active 9201
[pass] LP26-O03 deleted media absent
[pass] LP26-O03 deleted media absent
[pass] LP26-O03 deleted media absent
[pass] LP26-O03 deleted media absent
[current-observation] {"pid":26665,"startIdentity":"macos:1790137862:584770","sampledAt":1790139381480,"phaseAt":1520448.292958,"rssBytes":333807616,"threadCount":25,"fdCount":25,"mutationCount":6042,"typeCounts":{"recording_order_reserved":1514,"segment_v2_bound_finalized":1512,"segment_v2_state":1508,"segment_v2_deleted":1508},"identityBytes":962679,"combinedLogicalIds":13596,"combinedLogicalBytes":1869442,"rotations":0,"partialBytes":0,"progress":{"elapsedMs":1517407.79525,"channels":{"9101":{"finalized":756,"deleted":754,"lastAt":1520448.292958,"order":"1512","store":"decc5fe692ea2728eab93f3eddc3828e6fe258eea6ff4860cc2ad8d8590c5757","knownMappings":535,"unknownMappings":25676},"9201":{"finalized":756,"deleted":754,"lastAt":1520448.292958,"order":"1511","store":"decc5fe692ea2728eab93f3eddc3828e6fe258eea6ff4860cc2ad8d8590c5757","knownMappings":539,"unknownMappings":24762}},"records":1512,"logicalBytes":906763},"resourceTrendPass":false}
[pass] LP26-O05 active 9101
[pass] LP26-O05 active 9201
[pass] LP26-O03 deleted media absent
[pass] LP26-O03 deleted media absent
[pass] LP26-O03 deleted media absent
[pass] LP26-O03 deleted media absent
[pass] LP26-O03 deleted media absent
[pass] LP26-O03 deleted media absent
[current-observation] {"pid":26665,"startIdentity":"macos:1790137862:584770","sampledAt":1790139386621,"phaseAt":1525588.69425,"rssBytes":333938688,"threadCount":25,"fdCount":31,"mutationCount":6066,"typeCounts":{"recording_order_reserved":1520,"segment_v2_bound_finalized":1518,"segment_v2_state":1514,"segment_v2_deleted":1514},"identityBytes":966507,"combinedLogicalIds":13650,"combinedLogicalBytes":1876864,"rotations":0,"partialBytes":0,"progress":{"elapsedMs":1522548.196542,"channels":{"9101":{"finalized":759,"deleted":757,"lastAt":1525588.69425,"order":"1518","store":"decc5fe692ea2728eab93f3eddc3828e6fe258eea6ff4860cc2ad8d8590c5757","knownMappings":536,"unknownMappings":25806},"9201":{"finalized":759,"deleted":757,"lastAt":1525588.69425,"order":"1517","store":"decc5fe692ea2728eab93f3eddc3828e6fe258eea6ff4860cc2ad8d8590c5757","knownMappings":542,"unknownMappings":24832}},"records":1518,"logicalBytes":910357},"resourceTrendPass":false}
[pass] LP26-O05 active 9101
[pass] LP26-O05 active 9201
[pass] LP26-O03 deleted media absent
[pass] LP26-O03 deleted media absent
[pass] LP26-O03 deleted media absent
[pass] LP26-O03 deleted media absent
[current-observation] {"pid":26665,"startIdentity":"macos:1790137862:584770","sampledAt":1790139391771,"phaseAt":1530739.237791,"rssBytes":334086144,"threadCount":25,"fdCount":25,"mutationCount":6082,"typeCounts":{"recording_order_reserved":1524,"segment_v2_bound_finalized":1522,"segment_v2_state":1518,"segment_v2_deleted":1518},"identityBytes":969059,"combinedLogicalIds":13686,"combinedLogicalBytes":1881818,"rotations":0,"partialBytes":0,"progress":{"elapsedMs":1527698.740083,"channels":{"9101":{"finalized":761,"deleted":759,"lastAt":1530739.237791,"order":"1522","store":"decc5fe692ea2728eab93f3eddc3828e6fe258eea6ff4860cc2ad8d8590c5757","knownMappings":537,"unknownMappings":25884},"9201":{"finalized":761,"deleted":759,"lastAt":1530739.237791,"order":"1521","store":"decc5fe692ea2728eab93f3eddc3828e6fe258eea6ff4860cc2ad8d8590c5757","knownMappings":544,"unknownMappings":24912}},"records":1522,"logicalBytes":912759},"resourceTrendPass":false}
[pass] LP26-O05 active 9101
[pass] LP26-O05 active 9201
[pass] LP26-O03 deleted media absent
[pass] LP26-O03 deleted media absent
[pass] LP26-O03 deleted media absent
[pass] LP26-O03 deleted media absent
[pass] LP26-O03 deleted media absent
[pass] LP26-O03 deleted media absent
[current-observation] {"pid":26665,"startIdentity":"macos:1790137862:584770","sampledAt":1790139396908,"phaseAt":1535876.152041,"rssBytes":334233600,"threadCount":25,"fdCount":21,"mutationCount":6106,"typeCounts":{"recording_order_reserved":1530,"segment_v2_bound_finalized":1528,"segment_v2_state":1524,"segment_v2_deleted":1524},"identityBytes":972887,"combinedLogicalIds":13740,"combinedLogicalBytes":1889258,"rotations":0,"partialBytes":0,"progress":{"elapsedMs":1532835.654333,"channels":{"9101":{"finalized":764,"deleted":762,"lastAt":1535876.152041,"order":"1528","store":"decc5fe692ea2728eab93f3eddc3828e6fe258eea6ff4860cc2ad8d8590c5757","knownMappings":539,"unknownMappings":26022},"9201":{"finalized":764,"deleted":762,"lastAt":1535876.152041,"order":"1527","store":"decc5fe692ea2728eab93f3eddc3828e6fe258eea6ff4860cc2ad8d8590c5757","knownMappings":547,"unknownMappings":25032}},"records":1528,"logicalBytes":916371},"resourceTrendPass":false}
[pass] LP26-O05 active 9101
[pass] LP26-O05 active 9201
[pass] LP26-O03 deleted media absent
[pass] LP26-O03 deleted media absent
[pass] LP26-O03 deleted media absent
[pass] LP26-O03 deleted media absent
[pass] LP26-O03 deleted media absent
[pass] LP26-O03 deleted media absent
[current-observation] {"pid":26665,"startIdentity":"macos:1790137862:584770","sampledAt":1790139402058,"phaseAt":1541026.435208,"rssBytes":334512128,"threadCount":25,"fdCount":31,"mutationCount":6130,"typeCounts":{"recording_order_reserved":1536,"segment_v2_bound_finalized":1534,"segment_v2_state":1530,"segment_v2_deleted":1530},"identityBytes":976715,"combinedLogicalIds":13794,"combinedLogicalBytes":1896680,"rotations":0,"partialBytes":0,"progress":{"elapsedMs":1537985.9375,"channels":{"9101":{"finalized":767,"deleted":765,"lastAt":1541026.435208,"order":"1534","store":"decc5fe692ea2728eab93f3eddc3828e6fe258eea6ff4860cc2ad8d8590c5757","knownMappings":542,"unknownMappings":26150},"9201":{"finalized":767,"deleted":765,"lastAt":1541026.435208,"order":"1533","store":"decc5fe692ea2728eab93f3eddc3828e6fe258eea6ff4860cc2ad8d8590c5757","knownMappings":549,"unknownMappings":25134}},"records":1534,"logicalBytes":919965},"resourceTrendPass":false}
[pass] LP26-O05 active 9101
[pass] LP26-O05 active 9201
[pass] LP26-O03 deleted media absent
[pass] LP26-O03 deleted media absent
[pass] LP26-O03 deleted media absent
[pass] LP26-O03 deleted media absent
[current-observation] {"pid":26665,"startIdentity":"macos:1790137862:584770","sampledAt":1790139407213,"phaseAt":1546180.969166,"rssBytes":334659584,"threadCount":25,"fdCount":21,"mutationCount":6146,"typeCounts":{"recording_order_reserved":1540,"segment_v2_bound_finalized":1538,"segment_v2_state":1534,"segment_v2_deleted":1534},"identityBytes":979267,"combinedLogicalIds":13830,"combinedLogicalBytes":1901634,"rotations":0,"partialBytes":0,"progress":{"elapsedMs":1543140.471458,"channels":{"9101":{"finalized":769,"deleted":767,"lastAt":1546180.969166,"order":"1538","store":"decc5fe692ea2728eab93f3eddc3828e6fe258eea6ff4860cc2ad8d8590c5757","knownMappings":543,"unknownMappings":26246},"9201":{"finalized":769,"deleted":767,"lastAt":1546180.969166,"order":"1537","store":"decc5fe692ea2728eab93f3eddc3828e6fe258eea6ff4860cc2ad8d8590c5757","knownMappings":551,"unknownMappings":25196}},"records":1538,"logicalBytes":922367},"resourceTrendPass":false}
[pass] LP26-O05 active 9101
[pass] LP26-O05 active 9201
[pass] LP26-O03 deleted media absent
[pass] LP26-O03 deleted media absent
[pass] LP26-O03 deleted media absent
[pass] LP26-O03 deleted media absent
[pass] LP26-O03 deleted media absent
[pass] LP26-O03 deleted media absent
[current-observation] {"pid":26665,"startIdentity":"macos:1790137862:584770","sampledAt":1790139412346,"phaseAt":1551314.249,"rssBytes":334807040,"threadCount":25,"fdCount":31,"mutationCount":6170,"typeCounts":{"recording_order_reserved":1546,"segment_v2_bound_finalized":1544,"segment_v2_state":1540,"segment_v2_deleted":1540},"identityBytes":983095,"combinedLogicalIds":13884,"combinedLogicalBytes":1909074,"rotations":0,"partialBytes":0,"progress":{"elapsedMs":1548273.751292,"channels":{"9101":{"finalized":772,"deleted":770,"lastAt":1551314.249,"order":"1544","store":"decc5fe692ea2728eab93f3eddc3828e6fe258eea6ff4860cc2ad8d8590c5757","knownMappings":545,"unknownMappings":26388},"9201":{"finalized":772,"deleted":770,"lastAt":1551314.249,"order":"1543","store":"decc5fe692ea2728eab93f3eddc3828e6fe258eea6ff4860cc2ad8d8590c5757","knownMappings":553,"unknownMappings":25326}},"records":1544,"logicalBytes":925979},"resourceTrendPass":false}
[pass] LP26-O05 active 9101
[pass] LP26-O05 active 9201
[pass] LP26-O03 deleted media absent
[pass] LP26-O03 deleted media absent
[pass] LP26-O03 deleted media absent
[pass] LP26-O03 deleted media absent
[current-observation] {"pid":26665,"startIdentity":"macos:1790137862:584770","sampledAt":1790139417500,"phaseAt":1556467.983791,"rssBytes":334872576,"threadCount":25,"fdCount":25,"mutationCount":6186,"typeCounts":{"recording_order_reserved":1550,"segment_v2_bound_finalized":1548,"segment_v2_state":1544,"segment_v2_deleted":1544},"identityBytes":985647,"combinedLogicalIds":13920,"combinedLogicalBytes":1914028,"rotations":0,"partialBytes":0,"progress":{"elapsedMs":1553427.486083,"channels":{"9101":{"finalized":774,"deleted":772,"lastAt":1556467.983791,"order":"1548","store":"decc5fe692ea2728eab93f3eddc3828e6fe258eea6ff4860cc2ad8d8590c5757","knownMappings":547,"unknownMappings":26426},"9201":{"finalized":774,"deleted":772,"lastAt":1556467.983791,"order":"1547","store":"decc5fe692ea2728eab93f3eddc3828e6fe258eea6ff4860cc2ad8d8590c5757","knownMappings":555,"unknownMappings":25414}},"records":1548,"logicalBytes":928381},"resourceTrendPass":false}
[pass] LP26-O05 active 9101
[pass] LP26-O05 active 9201
[pass] LP26-O03 deleted media absent
[pass] LP26-O03 deleted media absent
[pass] LP26-O03 deleted media absent
[pass] LP26-O03 deleted media absent
[pass] LP26-O03 deleted media absent
[pass] LP26-O03 deleted media absent
[current-observation] {"pid":26665,"startIdentity":"macos:1790137862:584770","sampledAt":1790139422638,"phaseAt":1561605.611708,"rssBytes":335069184,"threadCount":25,"fdCount":31,"mutationCount":6210,"typeCounts":{"recording_order_reserved":1556,"segment_v2_bound_finalized":1554,"segment_v2_state":1550,"segment_v2_deleted":1550},"identityBytes":989475,"combinedLogicalIds":13974,"combinedLogicalBytes":1921450,"rotations":0,"partialBytes":0,"progress":{"elapsedMs":1558565.114,"channels":{"9101":{"finalized":777,"deleted":775,"lastAt":1561605.611708,"order":"1554","store":"decc5fe692ea2728eab93f3eddc3828e6fe258eea6ff4860cc2ad8d8590c5757","knownMappings":550,"unknownMappings":26556},"9201":{"finalized":777,"deleted":775,"lastAt":1561605.611708,"order":"1553","store":"decc5fe692ea2728eab93f3eddc3828e6fe258eea6ff4860cc2ad8d8590c5757","knownMappings":557,"unknownMappings":25542}},"records":1554,"logicalBytes":931975},"resourceTrendPass":false}
[pass] LP26-O05 active 9101
[pass] LP26-O05 active 9201
[pass] LP26-O03 deleted media absent
[pass] LP26-O03 deleted media absent
[pass] LP26-O03 deleted media absent
[pass] LP26-O03 deleted media absent
[current-observation] {"pid":26665,"startIdentity":"macos:1790137862:584770","sampledAt":1790139427790,"phaseAt":1566758.074333,"rssBytes":335265792,"threadCount":25,"fdCount":25,"mutationCount":6226,"typeCounts":{"recording_order_reserved":1560,"segment_v2_bound_finalized":1558,"segment_v2_state":1554,"segment_v2_deleted":1554},"identityBytes":992027,"combinedLogicalIds":14010,"combinedLogicalBytes":1926404,"rotations":0,"partialBytes":0,"progress":{"elapsedMs":1563717.576625,"channels":{"9101":{"finalized":779,"deleted":777,"lastAt":1566758.074333,"order":"1558","store":"decc5fe692ea2728eab93f3eddc3828e6fe258eea6ff4860cc2ad8d8590c5757","knownMappings":552,"unknownMappings":26648},"9201":{"finalized":779,"deleted":777,"lastAt":1566758.074333,"order":"1557","store":"decc5fe692ea2728eab93f3eddc3828e6fe258eea6ff4860cc2ad8d8590c5757","knownMappings":559,"unknownMappings":25602}},"records":1558,"logicalBytes":934377},"resourceTrendPass":false}
[pass] LP26-O05 active 9101
[pass] LP26-O05 active 9201
[pass] LP26-O03 deleted media absent
[pass] LP26-O03 deleted media absent
[pass] LP26-O03 deleted media absent
[pass] LP26-O03 deleted media absent
[pass] LP26-O03 deleted media absent
[pass] LP26-O03 deleted media absent
[current-observation] {"pid":26665,"startIdentity":"macos:1790137862:584770","sampledAt":1790139432925,"phaseAt":1571892.990916,"rssBytes":335380480,"threadCount":25,"fdCount":22,"mutationCount":6250,"typeCounts":{"recording_order_reserved":1566,"segment_v2_bound_finalized":1564,"segment_v2_state":1560,"segment_v2_deleted":1560},"identityBytes":995855,"combinedLogicalIds":14064,"combinedLogicalBytes":1933844,"rotations":0,"partialBytes":0,"progress":{"elapsedMs":1568852.493208,"channels":{"9101":{"finalized":782,"deleted":780,"lastAt":1571892.990916,"order":"1564","store":"decc5fe692ea2728eab93f3eddc3828e6fe258eea6ff4860cc2ad8d8590c5757","knownMappings":555,"unknownMappings":26776},"9201":{"finalized":782,"deleted":780,"lastAt":1571892.990916,"order":"1563","store":"decc5fe692ea2728eab93f3eddc3828e6fe258eea6ff4860cc2ad8d8590c5757","knownMappings":562,"unknownMappings":25640}},"records":1564,"logicalBytes":937989},"resourceTrendPass":false}
[pass] LP26-O05 active 9101
[pass] LP26-O05 active 9201
[pass] LP26-O03 deleted media absent
[pass] LP26-O03 deleted media absent
[pass] LP26-O03 deleted media absent
[pass] LP26-O03 deleted media absent
[current-observation] {"pid":26665,"startIdentity":"macos:1790137862:584770","sampledAt":1790139438067,"phaseAt":1577034.698666,"rssBytes":335626240,"threadCount":25,"fdCount":25,"mutationCount":6269,"typeCounts":{"recording_order_reserved":1571,"segment_v2_bound_finalized":1569,"segment_v2_state":1565,"segment_v2_deleted":1564},"identityBytes":998892,"combinedLogicalIds":14107,"combinedLogicalBytes":1939879,"rotations":0,"partialBytes":0,"progress":{"elapsedMs":1573994.200958,"channels":{"9101":{"finalized":784,"deleted":782,"lastAt":1577034.698666,"order":"1568","store":"decc5fe692ea2728eab93f3eddc3828e6fe258eea6ff4860cc2ad8d8590c5757","knownMappings":557,"unknownMappings":26816},"9201":{"finalized":785,"deleted":782,"lastAt":1577034.698666,"order":"1569","store":"decc5fe692ea2728eab93f3eddc3828e6fe258eea6ff4860cc2ad8d8590c5757","knownMappings":563,"unknownMappings":25746}},"records":1569,"logicalBytes":940987},"resourceTrendPass":false}
[pass] LP26-O05 active 9101
[pass] LP26-O05 active 9201
[pass] LP26-O03 deleted media absent
[pass] LP26-O03 deleted media absent
[pass] LP26-O03 deleted media absent
[pass] LP26-O03 deleted media absent
[pass] LP26-O03 deleted media absent
[pass] LP26-O03 deleted media absent
[current-observation] {"pid":26665,"startIdentity":"macos:1790137862:584770","sampledAt":1790139443202,"phaseAt":1582169.392333,"rssBytes":335806464,"threadCount":25,"fdCount":21,"mutationCount":6290,"typeCounts":{"recording_order_reserved":1576,"segment_v2_bound_finalized":1574,"segment_v2_state":1570,"segment_v2_deleted":1570},"identityBytes":1002235,"combinedLogicalIds":14154,"combinedLogicalBytes":1946220,"rotations":0,"partialBytes":0,"progress":{"elapsedMs":1579128.894625,"channels":{"9101":{"finalized":787,"deleted":785,"lastAt":1582169.392333,"order":"1574","store":"decc5fe692ea2728eab93f3eddc3828e6fe258eea6ff4860cc2ad8d8590c5757","knownMappings":559,"unknownMappings":26912},"9201":{"finalized":787,"deleted":785,"lastAt":1582169.392333,"order":"1573","store":"decc5fe692ea2728eab93f3eddc3828e6fe258eea6ff4860cc2ad8d8590c5757","knownMappings":564,"unknownMappings":25832}},"records":1574,"logicalBytes":943985},"resourceTrendPass":false}
[pass] LP26-O05 active 9101
[pass] LP26-O05 active 9201
[pass] LP26-O03 deleted media absent
[pass] LP26-O03 deleted media absent
[pass] LP26-O03 deleted media absent
[pass] LP26-O03 deleted media absent
[pass] LP26-O03 deleted media absent
[pass] LP26-O03 deleted media absent
[current-observation] {"pid":26665,"startIdentity":"macos:1790137862:584770","sampledAt":1790139448345,"phaseAt":1587312.584583,"rssBytes":336003072,"threadCount":25,"fdCount":31,"mutationCount":6314,"typeCounts":{"recording_order_reserved":1582,"segment_v2_bound_finalized":1580,"segment_v2_state":1576,"segment_v2_deleted":1576},"identityBytes":1006063,"combinedLogicalIds":14208,"combinedLogicalBytes":1953660,"rotations":0,"partialBytes":0,"progress":{"elapsedMs":1584272.086875,"channels":{"9101":{"finalized":790,"deleted":788,"lastAt":1587312.584583,"order":"1580","store":"decc5fe692ea2728eab93f3eddc3828e6fe258eea6ff4860cc2ad8d8590c5757","knownMappings":560,"unknownMappings":27006},"9201":{"finalized":790,"deleted":788,"lastAt":1587312.584583,"order":"1579","store":"decc5fe692ea2728eab93f3eddc3828e6fe258eea6ff4860cc2ad8d8590c5757","knownMappings":566,"unknownMappings":25918}},"records":1580,"logicalBytes":947597},"resourceTrendPass":false}
[pass] LP26-O05 active 9101
[pass] LP26-O05 active 9201
[pass] LP26-O03 deleted media absent
[pass] LP26-O03 deleted media absent
[pass] LP26-O03 deleted media absent
[pass] LP26-O03 deleted media absent
[current-observation] {"pid":26665,"startIdentity":"macos:1790137862:584770","sampledAt":1790139453488,"phaseAt":1592455.676166,"rssBytes":336101376,"threadCount":25,"fdCount":25,"mutationCount":6330,"typeCounts":{"recording_order_reserved":1586,"segment_v2_bound_finalized":1584,"segment_v2_state":1580,"segment_v2_deleted":1580},"identityBytes":1008615,"combinedLogicalIds":14244,"combinedLogicalBytes":1958614,"rotations":0,"partialBytes":0,"progress":{"elapsedMs":1589415.178458,"channels":{"9101":{"finalized":792,"deleted":790,"lastAt":1592455.676166,"order":"1584","store":"decc5fe692ea2728eab93f3eddc3828e6fe258eea6ff4860cc2ad8d8590c5757","knownMappings":561,"unknownMappings":27034},"9201":{"finalized":792,"deleted":790,"lastAt":1592455.676166,"order":"1583","store":"decc5fe692ea2728eab93f3eddc3828e6fe258eea6ff4860cc2ad8d8590c5757","knownMappings":566,"unknownMappings":26010}},"records":1584,"logicalBytes":949999},"resourceTrendPass":false}
[pass] LP26-O05 active 9101
[pass] LP26-O05 active 9201
[pass] LP26-O03 deleted media absent
[pass] LP26-O03 deleted media absent
[pass] LP26-O03 deleted media absent
[pass] LP26-O03 deleted media absent
[pass] LP26-O03 deleted media absent
[pass] LP26-O03 deleted media absent
[current-observation] {"pid":26665,"startIdentity":"macos:1790137862:584770","sampledAt":1790139458618,"phaseAt":1597585.834625,"rssBytes":336363520,"threadCount":25,"fdCount":31,"mutationCount":6354,"typeCounts":{"recording_order_reserved":1592,"segment_v2_bound_finalized":1590,"segment_v2_state":1586,"segment_v2_deleted":1586},"identityBytes":1012443,"combinedLogicalIds":14298,"combinedLogicalBytes":1966036,"rotations":0,"partialBytes":0,"progress":{"elapsedMs":1594545.336917,"channels":{"9101":{"finalized":795,"deleted":793,"lastAt":1597585.834625,"order":"1590","store":"decc5fe692ea2728eab93f3eddc3828e6fe258eea6ff4860cc2ad8d8590c5757","knownMappings":564,"unknownMappings":27158},"9201":{"finalized":795,"deleted":793,"lastAt":1597585.834625,"order":"1589","store":"decc5fe692ea2728eab93f3eddc3828e6fe258eea6ff4860cc2ad8d8590c5757","knownMappings":567,"unknownMappings":26124}},"records":1590,"logicalBytes":953593},"resourceTrendPass":false}
[pass] LP26-O05 active 9101
[pass] LP26-O05 active 9201
[pass] LP26-O03 deleted media absent
[pass] LP26-O03 deleted media absent
[pass] LP26-O03 deleted media absent
[pass] LP26-O03 deleted media absent
[current-observation] {"pid":26665,"startIdentity":"macos:1790137862:584770","sampledAt":1790139463767,"phaseAt":1602734.885333,"rssBytes":336412672,"threadCount":25,"fdCount":25,"mutationCount":6370,"typeCounts":{"recording_order_reserved":1596,"segment_v2_bound_finalized":1594,"segment_v2_state":1590,"segment_v2_deleted":1590},"identityBytes":1014995,"combinedLogicalIds":14334,"combinedLogicalBytes":1970990,"rotations":0,"partialBytes":0,"progress":{"elapsedMs":1599694.387625,"channels":{"9101":{"finalized":797,"deleted":795,"lastAt":1602734.885333,"order":"1594","store":"decc5fe692ea2728eab93f3eddc3828e6fe258eea6ff4860cc2ad8d8590c5757","knownMappings":565,"unknownMappings":27246},"9201":{"finalized":797,"deleted":795,"lastAt":1602734.885333,"order":"1593","store":"decc5fe692ea2728eab93f3eddc3828e6fe258eea6ff4860cc2ad8d8590c5757","knownMappings":568,"unknownMappings":26180}},"records":1594,"logicalBytes":955995},"resourceTrendPass":false}
[pass] LP26-O05 active 9101
[pass] LP26-O05 active 9201
[pass] LP26-O03 deleted media absent
[pass] LP26-O03 deleted media absent
[pass] LP26-O03 deleted media absent
[pass] LP26-O03 deleted media absent
[pass] LP26-O03 deleted media absent
[pass] LP26-O03 deleted media absent
[current-observation] {"pid":26665,"startIdentity":"macos:1790137862:584770","sampledAt":1790139468905,"phaseAt":1607873.095458,"rssBytes":336723968,"threadCount":25,"fdCount":23,"mutationCount":6394,"typeCounts":{"recording_order_reserved":1602,"segment_v2_bound_finalized":1600,"segment_v2_state":1596,"segment_v2_deleted":1596},"identityBytes":1018823,"combinedLogicalIds":14388,"combinedLogicalBytes":1978430,"rotations":0,"partialBytes":0,"progress":{"elapsedMs":1604832.59775,"channels":{"9101":{"finalized":800,"deleted":798,"lastAt":1607873.095458,"order":"1600","store":"decc5fe692ea2728eab93f3eddc3828e6fe258eea6ff4860cc2ad8d8590c5757","knownMappings":567,"unknownMappings":27370},"9201":{"finalized":800,"deleted":798,"lastAt":1607873.095458,"order":"1599","store":"decc5fe692ea2728eab93f3eddc3828e6fe258eea6ff4860cc2ad8d8590c5757","knownMappings":568,"unknownMappings":26298}},"records":1600,"logicalBytes":959607},"resourceTrendPass":false}
[pass] LP26-O05 active 9101
[pass] LP26-O05 active 9201
[pass] LP26-O03 deleted media absent
[pass] LP26-O03 deleted media absent
[pass] LP26-O03 deleted media absent
[pass] LP26-O03 deleted media absent
[current-observation] {"pid":26665,"startIdentity":"macos:1790137862:584770","sampledAt":1790139474054,"phaseAt":1613021.65925,"rssBytes":336920576,"threadCount":25,"fdCount":27,"mutationCount":6410,"typeCounts":{"recording_order_reserved":1606,"segment_v2_bound_finalized":1604,"segment_v2_state":1600,"segment_v2_deleted":1600},"identityBytes":1021375,"combinedLogicalIds":14424,"combinedLogicalBytes":1983384,"rotations":0,"partialBytes":0,"progress":{"elapsedMs":1609981.161542,"channels":{"9101":{"finalized":802,"deleted":800,"lastAt":1613021.65925,"order":"1604","store":"decc5fe692ea2728eab93f3eddc3828e6fe258eea6ff4860cc2ad8d8590c5757","knownMappings":569,"unknownMappings":27452},"9201":{"finalized":802,"deleted":800,"lastAt":1613021.65925,"order":"1603","store":"decc5fe692ea2728eab93f3eddc3828e6fe258eea6ff4860cc2ad8d8590c5757","knownMappings":569,"unknownMappings":26342}},"records":1604,"logicalBytes":962009},"resourceTrendPass":false}
[pass] LP26-O05 active 9101
[pass] LP26-O05 active 9201
[pass] LP26-O03 deleted media absent
[pass] LP26-O03 deleted media absent
[pass] LP26-O03 deleted media absent
[pass] LP26-O03 deleted media absent
[pass] LP26-O03 deleted media absent
[pass] LP26-O03 deleted media absent
[current-observation] {"pid":26665,"startIdentity":"macos:1790137862:584770","sampledAt":1790139479194,"phaseAt":1618161.857166,"rssBytes":337100800,"threadCount":25,"fdCount":21,"mutationCount":6434,"typeCounts":{"recording_order_reserved":1612,"segment_v2_bound_finalized":1610,"segment_v2_state":1606,"segment_v2_deleted":1606},"identityBytes":1025203,"combinedLogicalIds":14478,"combinedLogicalBytes":1990806,"rotations":0,"partialBytes":0,"progress":{"elapsedMs":1615121.359458,"channels":{"9101":{"finalized":805,"deleted":803,"lastAt":1618161.857166,"order":"1610","store":"decc5fe692ea2728eab93f3eddc3828e6fe258eea6ff4860cc2ad8d8590c5757","knownMappings":571,"unknownMappings":27562},"9201":{"finalized":805,"deleted":803,"lastAt":1618161.857166,"order":"1609","store":"decc5fe692ea2728eab93f3eddc3828e6fe258eea6ff4860cc2ad8d8590c5757","knownMappings":569,"unknownMappings":26482}},"records":1610,"logicalBytes":965603},"resourceTrendPass":false}
[pass] LP26-O05 active 9101
[pass] LP26-O05 active 9201
[pass] LP26-O03 deleted media absent
[pass] LP26-O03 deleted media absent
[pass] LP26-O03 deleted media absent
[pass] LP26-O03 deleted media absent
[pass] LP26-O03 deleted media absent
[pass] LP26-O03 deleted media absent
[current-observation] {"pid":26665,"startIdentity":"macos:1790137862:584770","sampledAt":1790139484342,"phaseAt":1623309.706916,"rssBytes":337281024,"threadCount":25,"fdCount":31,"mutationCount":6458,"typeCounts":{"recording_order_reserved":1618,"segment_v2_bound_finalized":1616,"segment_v2_state":1612,"segment_v2_deleted":1612},"identityBytes":1029031,"combinedLogicalIds":14532,"combinedLogicalBytes":1998246,"rotations":0,"partialBytes":0,"progress":{"elapsedMs":1620269.209208,"channels":{"9101":{"finalized":808,"deleted":806,"lastAt":1623309.706916,"order":"1616","store":"decc5fe692ea2728eab93f3eddc3828e6fe258eea6ff4860cc2ad8d8590c5757","knownMappings":574,"unknownMappings":27610},"9201":{"finalized":808,"deleted":806,"lastAt":1623309.706916,"order":"1615","store":"decc5fe692ea2728eab93f3eddc3828e6fe258eea6ff4860cc2ad8d8590c5757","knownMappings":571,"unknownMappings":26628}},"records":1616,"logicalBytes":969215},"resourceTrendPass":false}
[pass] LP26-O05 active 9101
[pass] LP26-O05 active 9201
[pass] LP26-O03 deleted media absent
[pass] LP26-O03 deleted media absent
[pass] LP26-O03 deleted media absent
[pass] LP26-O03 deleted media absent
[current-observation] {"pid":26665,"startIdentity":"macos:1790137862:584770","sampledAt":1790139489492,"phaseAt":1628459.532583,"rssBytes":337379328,"threadCount":25,"fdCount":23,"mutationCount":6474,"typeCounts":{"recording_order_reserved":1622,"segment_v2_bound_finalized":1620,"segment_v2_state":1616,"segment_v2_deleted":1616},"identityBytes":1031583,"combinedLogicalIds":14568,"combinedLogicalBytes":2003200,"rotations":0,"partialBytes":0,"progress":{"elapsedMs":1625419.034875,"channels":{"9101":{"finalized":810,"deleted":808,"lastAt":1628459.532583,"order":"1620","store":"decc5fe692ea2728eab93f3eddc3828e6fe258eea6ff4860cc2ad8d8590c5757","knownMappings":576,"unknownMappings":27680},"9201":{"finalized":810,"deleted":808,"lastAt":1628459.532583,"order":"1619","store":"decc5fe692ea2728eab93f3eddc3828e6fe258eea6ff4860cc2ad8d8590c5757","knownMappings":572,"unknownMappings":26704}},"records":1620,"logicalBytes":971617},"resourceTrendPass":false}
[pass] LP26-O05 active 9101
[pass] LP26-O05 active 9201
[pass] LP26-O03 deleted media absent
[pass] LP26-O03 deleted media absent
[pass] LP26-O03 deleted media absent
[pass] LP26-O03 deleted media absent
[pass] LP26-O03 deleted media absent
[pass] LP26-O03 deleted media absent
[current-observation] {"pid":26665,"startIdentity":"macos:1790137862:584770","sampledAt":1790139494624,"phaseAt":1633591.976666,"rssBytes":337674240,"threadCount":25,"fdCount":31,"mutationCount":6498,"typeCounts":{"recording_order_reserved":1628,"segment_v2_bound_finalized":1626,"segment_v2_state":1622,"segment_v2_deleted":1622},"identityBytes":1035411,"combinedLogicalIds":14622,"combinedLogicalBytes":2010622,"rotations":0,"partialBytes":0,"progress":{"elapsedMs":1630551.478958,"channels":{"9101":{"finalized":813,"deleted":811,"lastAt":1633591.976666,"order":"1626","store":"decc5fe692ea2728eab93f3eddc3828e6fe258eea6ff4860cc2ad8d8590c5757","knownMappings":579,"unknownMappings":27808},"9201":{"finalized":813,"deleted":811,"lastAt":1633591.976666,"order":"1625","store":"decc5fe692ea2728eab93f3eddc3828e6fe258eea6ff4860cc2ad8d8590c5757","knownMappings":575,"unknownMappings":26842}},"records":1626,"logicalBytes":975211},"resourceTrendPass":false}
[pass] LP26-O05 active 9101
[pass] LP26-O05 active 9201
[pass] LP26-O03 deleted media absent
[pass] LP26-O03 deleted media absent
[pass] LP26-O03 deleted media absent
[pass] LP26-O03 deleted media absent
[current-observation] {"pid":26665,"startIdentity":"macos:1790137862:584770","sampledAt":1790139499778,"phaseAt":1638745.956166,"rssBytes":337887232,"threadCount":25,"fdCount":25,"mutationCount":6514,"typeCounts":{"recording_order_reserved":1632,"segment_v2_bound_finalized":1630,"segment_v2_state":1626,"segment_v2_deleted":1626},"identityBytes":1037963,"combinedLogicalIds":14658,"combinedLogicalBytes":2015576,"rotations":0,"partialBytes":0,"progress":{"elapsedMs":1635705.458458,"channels":{"9101":{"finalized":815,"deleted":813,"lastAt":1638745.956166,"order":"1630","store":"decc5fe692ea2728eab93f3eddc3828e6fe258eea6ff4860cc2ad8d8590c5757","knownMappings":579,"unknownMappings":27904},"9201":{"finalized":815,"deleted":813,"lastAt":1638745.956166,"order":"1629","store":"decc5fe692ea2728eab93f3eddc3828e6fe258eea6ff4860cc2ad8d8590c5757","knownMappings":576,"unknownMappings":26928}},"records":1630,"logicalBytes":977613},"resourceTrendPass":false}
[pass] LP26-O05 active 9101
[pass] LP26-O05 active 9201
[pass] LP26-O03 deleted media absent
[pass] LP26-O03 deleted media absent
[pass] LP26-O03 deleted media absent
[pass] LP26-O03 deleted media absent
[pass] LP26-O03 deleted media absent
[pass] LP26-O03 deleted media absent
[current-observation] {"pid":26665,"startIdentity":"macos:1790137862:584770","sampledAt":1790139504919,"phaseAt":1643886.306125,"rssBytes":338100224,"threadCount":25,"fdCount":23,"mutationCount":6538,"typeCounts":{"recording_order_reserved":1638,"segment_v2_bound_finalized":1636,"segment_v2_state":1632,"segment_v2_deleted":1632},"identityBytes":1041791,"combinedLogicalIds":14712,"combinedLogicalBytes":2023016,"rotations":0,"partialBytes":0,"progress":{"elapsedMs":1640845.8084169999,"channels":{"9101":{"finalized":818,"deleted":816,"lastAt":1643886.306125,"order":"1636","store":"decc5fe692ea2728eab93f3eddc3828e6fe258eea6ff4860cc2ad8d8590c5757","knownMappings":581,"unknownMappings":28040},"9201":{"finalized":818,"deleted":816,"lastAt":1643886.306125,"order":"1635","store":"decc5fe692ea2728eab93f3eddc3828e6fe258eea6ff4860cc2ad8d8590c5757","knownMappings":577,"unknownMappings":27070}},"records":1636,"logicalBytes":981225},"resourceTrendPass":false}
[pass] LP26-O05 active 9101
[pass] LP26-O05 active 9201
[pass] LP26-O03 deleted media absent
[pass] LP26-O03 deleted media absent
[pass] LP26-O03 deleted media absent
[pass] LP26-O03 deleted media absent
[current-observation] {"pid":26665,"startIdentity":"macos:1790137862:584770","sampledAt":1790139510074,"phaseAt":1649041.76,"rssBytes":338198528,"threadCount":25,"fdCount":25,"mutationCount":6554,"typeCounts":{"recording_order_reserved":1642,"segment_v2_bound_finalized":1640,"segment_v2_state":1636,"segment_v2_deleted":1636},"identityBytes":1044343,"combinedLogicalIds":14748,"combinedLogicalBytes":2027970,"rotations":0,"partialBytes":0,"progress":{"elapsedMs":1646001.262292,"channels":{"9101":{"finalized":820,"deleted":818,"lastAt":1649041.76,"order":"1640","store":"decc5fe692ea2728eab93f3eddc3828e6fe258eea6ff4860cc2ad8d8590c5757","knownMappings":582,"unknownMappings":28136},"9201":{"finalized":820,"deleted":818,"lastAt":1649041.76,"order":"1639","store":"decc5fe692ea2728eab93f3eddc3828e6fe258eea6ff4860cc2ad8d8590c5757","knownMappings":579,"unknownMappings":27142}},"records":1640,"logicalBytes":983627},"resourceTrendPass":false}
[pass] LP26-O05 active 9101
[pass] LP26-O05 active 9201
[pass] LP26-O03 deleted media absent
[pass] LP26-O03 deleted media absent
[pass] LP26-O03 deleted media absent
[pass] LP26-O03 deleted media absent
[pass] LP26-O03 deleted media absent
[pass] LP26-O03 deleted media absent
[current-observation] {"pid":26665,"startIdentity":"macos:1790137862:584770","sampledAt":1790139515220,"phaseAt":1654187.451458,"rssBytes":338280448,"threadCount":25,"fdCount":21,"mutationCount":6578,"typeCounts":{"recording_order_reserved":1648,"segment_v2_bound_finalized":1646,"segment_v2_state":1642,"segment_v2_deleted":1642},"identityBytes":1048171,"combinedLogicalIds":14802,"combinedLogicalBytes":2035392,"rotations":0,"partialBytes":0,"progress":{"elapsedMs":1651146.95375,"channels":{"9101":{"finalized":823,"deleted":821,"lastAt":1654187.451458,"order":"1646","store":"decc5fe692ea2728eab93f3eddc3828e6fe258eea6ff4860cc2ad8d8590c5757","knownMappings":585,"unknownMappings":28180},"9201":{"finalized":823,"deleted":821,"lastAt":1654187.451458,"order":"1645","store":"decc5fe692ea2728eab93f3eddc3828e6fe258eea6ff4860cc2ad8d8590c5757","knownMappings":581,"unknownMappings":27276}},"records":1646,"logicalBytes":987221},"resourceTrendPass":false}
[pass] LP26-O05 active 9101
[pass] LP26-O05 active 9201
[pass] LP26-O03 deleted media absent
[pass] LP26-O03 deleted media absent
[pass] LP26-O03 deleted media absent
[pass] LP26-O03 deleted media absent
[pass] LP26-O03 deleted media absent
[pass] LP26-O03 deleted media absent
[current-observation] {"pid":26665,"startIdentity":"macos:1790137862:584770","sampledAt":1790139520373,"phaseAt":1659340.537541,"rssBytes":338345984,"threadCount":25,"fdCount":31,"mutationCount":6602,"typeCounts":{"recording_order_reserved":1654,"segment_v2_bound_finalized":1652,"segment_v2_state":1648,"segment_v2_deleted":1648},"identityBytes":1051999,"combinedLogicalIds":14856,"combinedLogicalBytes":2042831,"rotations":0,"partialBytes":0,"progress":{"elapsedMs":1656300.039833,"channels":{"9101":{"finalized":826,"deleted":824,"lastAt":1659340.537541,"order":"1652","store":"decc5fe692ea2728eab93f3eddc3828e6fe258eea6ff4860cc2ad8d8590c5757","knownMappings":588,"unknownMappings":28284},"9201":{"finalized":826,"deleted":824,"lastAt":1659340.537541,"order":"1651","store":"decc5fe692ea2728eab93f3eddc3828e6fe258eea6ff4860cc2ad8d8590c5757","knownMappings":583,"unknownMappings":27336}},"records":1652,"logicalBytes":990832},"resourceTrendPass":false}
[pass] LP26-O05 active 9101
[pass] LP26-O05 active 9201
[pass] LP26-O03 deleted media absent
[pass] LP26-O03 deleted media absent
[pass] LP26-O03 deleted media absent
[pass] LP26-O03 deleted media absent
[current-observation] {"pid":26665,"startIdentity":"macos:1790137862:584770","sampledAt":1790139525517,"phaseAt":1664484.7165,"rssBytes":338477056,"threadCount":25,"fdCount":21,"mutationCount":6618,"typeCounts":{"recording_order_reserved":1658,"segment_v2_bound_finalized":1656,"segment_v2_state":1652,"segment_v2_deleted":1652},"identityBytes":1054551,"combinedLogicalIds":14892,"combinedLogicalBytes":2047785,"rotations":0,"partialBytes":0,"progress":{"elapsedMs":1661444.218792,"channels":{"9101":{"finalized":828,"deleted":826,"lastAt":1664484.7165,"order":"1656","store":"decc5fe692ea2728eab93f3eddc3828e6fe258eea6ff4860cc2ad8d8590c5757","knownMappings":589,"unknownMappings":28368},"9201":{"finalized":828,"deleted":826,"lastAt":1664484.7165,"order":"1655","store":"decc5fe692ea2728eab93f3eddc3828e6fe258eea6ff4860cc2ad8d8590c5757","knownMappings":584,"unknownMappings":27370}},"records":1656,"logicalBytes":993234},"resourceTrendPass":false}
[pass] LP26-O05 active 9101
[pass] LP26-O05 active 9201
[pass] LP26-O03 deleted media absent
[pass] LP26-O03 deleted media absent
[pass] LP26-O03 deleted media absent
[pass] LP26-O03 deleted media absent
[pass] LP26-O03 deleted media absent
[pass] LP26-O03 deleted media absent
[current-observation] {"pid":26665,"startIdentity":"macos:1790137862:584770","sampledAt":1790139530649,"phaseAt":1669615.988708,"rssBytes":338804736,"threadCount":25,"fdCount":31,"mutationCount":6642,"typeCounts":{"recording_order_reserved":1664,"segment_v2_bound_finalized":1662,"segment_v2_state":1658,"segment_v2_deleted":1658},"identityBytes":1058379,"combinedLogicalIds":14946,"combinedLogicalBytes":2055207,"rotations":0,"partialBytes":0,"progress":{"elapsedMs":1666575.491,"channels":{"9101":{"finalized":831,"deleted":829,"lastAt":1669615.988708,"order":"1662","store":"decc5fe692ea2728eab93f3eddc3828e6fe258eea6ff4860cc2ad8d8590c5757","knownMappings":591,"unknownMappings":28496},"9201":{"finalized":831,"deleted":829,"lastAt":1669615.988708,"order":"1661","store":"decc5fe692ea2728eab93f3eddc3828e6fe258eea6ff4860cc2ad8d8590c5757","knownMappings":587,"unknownMappings":27462}},"records":1662,"logicalBytes":996828},"resourceTrendPass":false}
[pass] LP26-O05 active 9101
[pass] LP26-O05 active 9201
[pass] LP26-O03 deleted media absent
[pass] LP26-O03 deleted media absent
[pass] LP26-O03 deleted media absent
[pass] LP26-O03 deleted media absent
[current-observation] {"pid":26665,"startIdentity":"macos:1790137862:584770","sampledAt":1790139535800,"phaseAt":1674767.157166,"rssBytes":338903040,"threadCount":25,"fdCount":25,"mutationCount":6658,"typeCounts":{"recording_order_reserved":1668,"segment_v2_bound_finalized":1666,"segment_v2_state":1662,"segment_v2_deleted":1662},"identityBytes":1060931,"combinedLogicalIds":14982,"combinedLogicalBytes":2060161,"rotations":0,"partialBytes":0,"progress":{"elapsedMs":1671726.659458,"channels":{"9101":{"finalized":833,"deleted":831,"lastAt":1674767.157166,"order":"1666","store":"decc5fe692ea2728eab93f3eddc3828e6fe258eea6ff4860cc2ad8d8590c5757","knownMappings":593,"unknownMappings":28584},"9201":{"finalized":833,"deleted":831,"lastAt":1674767.157166,"order":"1665","store":"decc5fe692ea2728eab93f3eddc3828e6fe258eea6ff4860cc2ad8d8590c5757","knownMappings":589,"unknownMappings":27502}},"records":1666,"logicalBytes":999230},"resourceTrendPass":false}
[pass] LP26-O05 active 9101
[pass] LP26-O05 active 9201
[pass] LP26-O03 deleted media absent
[pass] LP26-O03 deleted media absent
[pass] LP26-O03 deleted media absent
[pass] LP26-O03 deleted media absent
[pass] LP26-O03 deleted media absent
[pass] LP26-O03 deleted media absent
[current-observation] {"pid":26665,"startIdentity":"macos:1790137862:584770","sampledAt":1790139540932,"phaseAt":1679899.209541,"rssBytes":339034112,"threadCount":25,"fdCount":30,"mutationCount":6682,"typeCounts":{"recording_order_reserved":1674,"segment_v2_bound_finalized":1672,"segment_v2_state":1668,"segment_v2_deleted":1668},"identityBytes":1064759,"combinedLogicalIds":15036,"combinedLogicalBytes":2067601,"rotations":0,"partialBytes":0,"progress":{"elapsedMs":1676858.711833,"channels":{"9101":{"finalized":836,"deleted":834,"lastAt":1679899.209541,"order":"1672","store":"decc5fe692ea2728eab93f3eddc3828e6fe258eea6ff4860cc2ad8d8590c5757","knownMappings":595,"unknownMappings":28706},"9201":{"finalized":836,"deleted":834,"lastAt":1679899.209541,"order":"1671","store":"decc5fe692ea2728eab93f3eddc3828e6fe258eea6ff4860cc2ad8d8590c5757","knownMappings":592,"unknownMappings":27574}},"records":1672,"logicalBytes":1002842},"resourceTrendPass":false}
[pass] LP26-O05 active 9101
[pass] LP26-O05 active 9201
[pass] LP26-O03 deleted media absent
[pass] LP26-O03 deleted media absent
[pass] LP26-O03 deleted media absent
[pass] LP26-O03 deleted media absent
[current-observation] {"pid":26665,"startIdentity":"macos:1790137862:584770","sampledAt":1790139546082,"phaseAt":1685049.811875,"rssBytes":339116032,"threadCount":25,"fdCount":25,"mutationCount":6698,"typeCounts":{"recording_order_reserved":1678,"segment_v2_bound_finalized":1676,"segment_v2_state":1672,"segment_v2_deleted":1672},"identityBytes":1067311,"combinedLogicalIds":15072,"combinedLogicalBytes":2072555,"rotations":0,"partialBytes":0,"progress":{"elapsedMs":1682009.314167,"channels":{"9101":{"finalized":838,"deleted":836,"lastAt":1685049.811875,"order":"1676","store":"decc5fe692ea2728eab93f3eddc3828e6fe258eea6ff4860cc2ad8d8590c5757","knownMappings":597,"unknownMappings":28742},"9201":{"finalized":838,"deleted":836,"lastAt":1685049.811875,"order":"1675","store":"decc5fe692ea2728eab93f3eddc3828e6fe258eea6ff4860cc2ad8d8590c5757","knownMappings":594,"unknownMappings":27660}},"records":1676,"logicalBytes":1005244},"resourceTrendPass":false}
[pass] LP26-O05 active 9101
[pass] LP26-O05 active 9201
[pass] LP26-O03 deleted media absent
[pass] LP26-O03 deleted media absent
[pass] LP26-O03 deleted media absent
[pass] LP26-O03 deleted media absent
[pass] LP26-O03 deleted media absent
[pass] LP26-O03 deleted media absent
[current-observation] {"pid":26665,"startIdentity":"macos:1790137862:584770","sampledAt":1790139551212,"phaseAt":1690179.05025,"rssBytes":339394560,"threadCount":25,"fdCount":21,"mutationCount":6722,"typeCounts":{"recording_order_reserved":1684,"segment_v2_bound_finalized":1682,"segment_v2_state":1678,"segment_v2_deleted":1678},"identityBytes":1071139,"combinedLogicalIds":15126,"combinedLogicalBytes":2079977,"rotations":0,"partialBytes":0,"progress":{"elapsedMs":1687138.552542,"channels":{"9101":{"finalized":841,"deleted":839,"lastAt":1690179.05025,"order":"1682","store":"decc5fe692ea2728eab93f3eddc3828e6fe258eea6ff4860cc2ad8d8590c5757","knownMappings":599,"unknownMappings":28828},"9201":{"finalized":841,"deleted":839,"lastAt":1690179.05025,"order":"1681","store":"decc5fe692ea2728eab93f3eddc3828e6fe258eea6ff4860cc2ad8d8590c5757","knownMappings":596,"unknownMappings":27782}},"records":1682,"logicalBytes":1008838},"resourceTrendPass":false}
[pass] LP26-O05 active 9101
[pass] LP26-O05 active 9201
[pass] LP26-O03 deleted media absent
[pass] LP26-O03 deleted media absent
[pass] LP26-O03 deleted media absent
[pass] LP26-O03 deleted media absent
[pass] LP26-O03 deleted media absent
[pass] LP26-O03 deleted media absent
[current-observation] {"pid":26665,"startIdentity":"macos:1790137862:584770","sampledAt":1790139556363,"phaseAt":1695330.569791,"rssBytes":339607552,"threadCount":25,"fdCount":31,"mutationCount":6746,"typeCounts":{"recording_order_reserved":1690,"segment_v2_bound_finalized":1688,"segment_v2_state":1684,"segment_v2_deleted":1684},"identityBytes":1074967,"combinedLogicalIds":15180,"combinedLogicalBytes":2087417,"rotations":0,"partialBytes":0,"progress":{"elapsedMs":1692290.072083,"channels":{"9101":{"finalized":844,"deleted":842,"lastAt":1695330.569791,"order":"1688","store":"decc5fe692ea2728eab93f3eddc3828e6fe258eea6ff4860cc2ad8d8590c5757","knownMappings":600,"unknownMappings":28930},"9201":{"finalized":844,"deleted":842,"lastAt":1695330.569791,"order":"1687","store":"decc5fe692ea2728eab93f3eddc3828e6fe258eea6ff4860cc2ad8d8590c5757","knownMappings":598,"unknownMappings":27924}},"records":1688,"logicalBytes":1012450},"resourceTrendPass":false}
[pass] LP26-O05 active 9101
[pass] LP26-O05 active 9201
[pass] LP26-O03 deleted media absent
[pass] LP26-O03 deleted media absent
[pass] LP26-O03 deleted media absent
[pass] LP26-O03 deleted media absent
[current-observation] {"pid":26665,"startIdentity":"macos:1790137862:584770","sampledAt":1790139561514,"phaseAt":1700481.130083,"rssBytes":339689472,"threadCount":25,"fdCount":21,"mutationCount":6762,"typeCounts":{"recording_order_reserved":1694,"segment_v2_bound_finalized":1692,"segment_v2_state":1688,"segment_v2_deleted":1688},"identityBytes":1077519,"combinedLogicalIds":15216,"combinedLogicalBytes":2092371,"rotations":0,"partialBytes":0,"progress":{"elapsedMs":1697440.632375,"channels":{"9101":{"finalized":846,"deleted":844,"lastAt":1700481.130083,"order":"1692","store":"decc5fe692ea2728eab93f3eddc3828e6fe258eea6ff4860cc2ad8d8590c5757","knownMappings":602,"unknownMappings":28958},"9201":{"finalized":846,"deleted":844,"lastAt":1700481.130083,"order":"1691","store":"decc5fe692ea2728eab93f3eddc3828e6fe258eea6ff4860cc2ad8d8590c5757","knownMappings":599,"unknownMappings":28014}},"records":1692,"logicalBytes":1014852},"resourceTrendPass":false}
[pass] LP26-O05 active 9101
[pass] LP26-O05 active 9201
[pass] LP26-O03 deleted media absent
[pass] LP26-O03 deleted media absent
[pass] LP26-O03 deleted media absent
[pass] LP26-O03 deleted media absent
[pass] LP26-O03 deleted media absent
[pass] LP26-O03 deleted media absent
[current-observation] {"pid":26665,"startIdentity":"macos:1790137862:584770","sampledAt":1790139566646,"phaseAt":1705613.538583,"rssBytes":339804160,"threadCount":25,"fdCount":31,"mutationCount":6786,"typeCounts":{"recording_order_reserved":1700,"segment_v2_bound_finalized":1698,"segment_v2_state":1694,"segment_v2_deleted":1694},"identityBytes":1081347,"combinedLogicalIds":15270,"combinedLogicalBytes":2099793,"rotations":0,"partialBytes":0,"progress":{"elapsedMs":1702573.040875,"channels":{"9101":{"finalized":849,"deleted":847,"lastAt":1705613.538583,"order":"1698","store":"decc5fe692ea2728eab93f3eddc3828e6fe258eea6ff4860cc2ad8d8590c5757","knownMappings":605,"unknownMappings":29028},"9201":{"finalized":849,"deleted":847,"lastAt":1705613.538583,"order":"1697","store":"decc5fe692ea2728eab93f3eddc3828e6fe258eea6ff4860cc2ad8d8590c5757","knownMappings":601,"unknownMappings":28114}},"records":1698,"logicalBytes":1018446},"resourceTrendPass":false}
[pass] LP26-O05 active 9101
[pass] LP26-O05 active 9201
[pass] LP26-O03 deleted media absent
[pass] LP26-O03 deleted media absent
[pass] LP26-O03 deleted media absent
[pass] LP26-O03 deleted media absent
[current-observation] {"pid":26665,"startIdentity":"macos:1790137862:584770","sampledAt":1790139571794,"phaseAt":1710761.151791,"rssBytes":339984384,"threadCount":25,"fdCount":25,"mutationCount":6802,"typeCounts":{"recording_order_reserved":1704,"segment_v2_bound_finalized":1702,"segment_v2_state":1698,"segment_v2_deleted":1698},"identityBytes":1083899,"combinedLogicalIds":15306,"combinedLogicalBytes":2104747,"rotations":0,"partialBytes":0,"progress":{"elapsedMs":1707720.654083,"channels":{"9101":{"finalized":851,"deleted":849,"lastAt":1710761.151791,"order":"1702","store":"decc5fe692ea2728eab93f3eddc3828e6fe258eea6ff4860cc2ad8d8590c5757","knownMappings":607,"unknownMappings":29094},"9201":{"finalized":851,"deleted":849,"lastAt":1710761.151791,"order":"1701","store":"decc5fe692ea2728eab93f3eddc3828e6fe258eea6ff4860cc2ad8d8590c5757","knownMappings":602,"unknownMappings":28182}},"records":1702,"logicalBytes":1020848},"resourceTrendPass":false}
[pass] LP26-O05 active 9101
[pass] LP26-O05 active 9201
[pass] LP26-O03 deleted media absent
[pass] LP26-O03 deleted media absent
[pass] LP26-O03 deleted media absent
[pass] LP26-O03 deleted media absent
[pass] LP26-O03 deleted media absent
[pass] LP26-O03 deleted media absent
[current-observation] {"pid":26665,"startIdentity":"macos:1790137862:584770","sampledAt":1790139576919,"phaseAt":1715885.764666,"rssBytes":340115456,"threadCount":25,"fdCount":31,"mutationCount":6826,"typeCounts":{"recording_order_reserved":1710,"segment_v2_bound_finalized":1708,"segment_v2_state":1704,"segment_v2_deleted":1704},"identityBytes":1087727,"combinedLogicalIds":15360,"combinedLogicalBytes":2112187,"rotations":0,"partialBytes":0,"progress":{"elapsedMs":1712845.266958,"channels":{"9101":{"finalized":854,"deleted":852,"lastAt":1715885.764666,"order":"1708","store":"decc5fe692ea2728eab93f3eddc3828e6fe258eea6ff4860cc2ad8d8590c5757","knownMappings":609,"unknownMappings":29194},"9201":{"finalized":854,"deleted":852,"lastAt":1715885.764666,"order":"1707","store":"decc5fe692ea2728eab93f3eddc3828e6fe258eea6ff4860cc2ad8d8590c5757","knownMappings":605,"unknownMappings":28248}},"records":1708,"logicalBytes":1024460},"resourceTrendPass":false}
[pass] LP26-O05 active 9101
[pass] LP26-O05 active 9201
[pass] LP26-O03 deleted media absent
[pass] LP26-O03 deleted media absent
[pass] LP26-O03 deleted media absent
[pass] LP26-O03 deleted media absent
[current-observation] {"pid":26665,"startIdentity":"macos:1790137862:584770","sampledAt":1790139582060,"phaseAt":1721027.286291,"rssBytes":340279296,"threadCount":25,"fdCount":25,"mutationCount":6842,"typeCounts":{"recording_order_reserved":1714,"segment_v2_bound_finalized":1712,"segment_v2_state":1708,"segment_v2_deleted":1708},"identityBytes":1090279,"combinedLogicalIds":15396,"combinedLogicalBytes":2117141,"rotations":0,"partialBytes":0,"progress":{"elapsedMs":1717986.788583,"channels":{"9101":{"finalized":856,"deleted":854,"lastAt":1721027.286291,"order":"1712","store":"decc5fe692ea2728eab93f3eddc3828e6fe258eea6ff4860cc2ad8d8590c5757","knownMappings":609,"unknownMappings":29294},"9201":{"finalized":856,"deleted":854,"lastAt":1721027.286291,"order":"1711","store":"decc5fe692ea2728eab93f3eddc3828e6fe258eea6ff4860cc2ad8d8590c5757","knownMappings":607,"unknownMappings":28326}},"records":1712,"logicalBytes":1026862},"resourceTrendPass":false}
[pass] LP26-O05 active 9101
[pass] LP26-O05 active 9201
[pass] LP26-O03 deleted media absent
[pass] LP26-O03 deleted media absent
[pass] LP26-O03 deleted media absent
[pass] LP26-O03 deleted media absent
[pass] LP26-O03 deleted media absent
[pass] LP26-O03 deleted media absent
[current-observation] {"pid":26665,"startIdentity":"macos:1790137862:584770","sampledAt":1790139587193,"phaseAt":1726160.167291,"rssBytes":340492288,"threadCount":25,"fdCount":23,"mutationCount":6866,"typeCounts":{"recording_order_reserved":1720,"segment_v2_bound_finalized":1718,"segment_v2_state":1714,"segment_v2_deleted":1714},"identityBytes":1094107,"combinedLogicalIds":15450,"combinedLogicalBytes":2124563,"rotations":0,"partialBytes":0,"progress":{"elapsedMs":1723119.669583,"channels":{"9101":{"finalized":859,"deleted":857,"lastAt":1726160.167291,"order":"1718","store":"decc5fe692ea2728eab93f3eddc3828e6fe258eea6ff4860cc2ad8d8590c5757","knownMappings":611,"unknownMappings":29428},"9201":{"finalized":859,"deleted":857,"lastAt":1726160.167291,"order":"1717","store":"decc5fe692ea2728eab93f3eddc3828e6fe258eea6ff4860cc2ad8d8590c5757","knownMappings":610,"unknownMappings":28438}},"records":1718,"logicalBytes":1030456},"resourceTrendPass":false}
[pass] LP26-O05 active 9101
[pass] LP26-O05 active 9201
[pass] LP26-O03 deleted media absent
[pass] LP26-O03 deleted media absent
[pass] LP26-O03 deleted media absent
[pass] LP26-O03 deleted media absent
[current-observation] {"pid":26665,"startIdentity":"macos:1790137862:584770","sampledAt":1790139592347,"phaseAt":1731314.522625,"rssBytes":340656128,"threadCount":25,"fdCount":26,"mutationCount":6883,"typeCounts":{"recording_order_reserved":1724,"segment_v2_bound_finalized":1723,"segment_v2_state":1718,"segment_v2_deleted":1718},"identityBytes":1096820,"combinedLogicalIds":15489,"combinedLogicalBytes":2130283,"rotations":0,"partialBytes":0,"progress":{"elapsedMs":1728274.024917,"channels":{"9101":{"finalized":861,"deleted":859,"lastAt":1731314.522625,"order":"1722","store":"decc5fe692ea2728eab93f3eddc3828e6fe258eea6ff4860cc2ad8d8590c5757","knownMappings":611,"unknownMappings":29512},"9201":{"finalized":862,"deleted":859,"lastAt":1731314.522625,"order":"1723","store":"decc5fe692ea2728eab93f3eddc3828e6fe258eea6ff4860cc2ad8d8590c5757","knownMappings":613,"unknownMappings":28538}},"records":1723,"logicalBytes":1033463},"resourceTrendPass":false}
[pass] LP26-O05 active 9101
[pass] LP26-O05 active 9201
[pass] LP26-O03 deleted media absent
[pass] LP26-O03 deleted media absent
[pass] LP26-O03 deleted media absent
[pass] LP26-O03 deleted media absent
[pass] LP26-O03 deleted media absent
[pass] LP26-O03 deleted media absent
[current-observation] {"pid":26665,"startIdentity":"macos:1790137862:584770","sampledAt":1790139597483,"phaseAt":1736450.274666,"rssBytes":340819968,"threadCount":25,"fdCount":21,"mutationCount":6906,"typeCounts":{"recording_order_reserved":1730,"segment_v2_bound_finalized":1728,"segment_v2_state":1724,"segment_v2_deleted":1724},"identityBytes":1100487,"combinedLogicalIds":15540,"combinedLogicalBytes":2136957,"rotations":0,"partialBytes":0,"progress":{"elapsedMs":1733409.776958,"channels":{"9101":{"finalized":864,"deleted":862,"lastAt":1736450.274666,"order":"1728","store":"decc5fe692ea2728eab93f3eddc3828e6fe258eea6ff4860cc2ad8d8590c5757","knownMappings":613,"unknownMappings":29604},"9201":{"finalized":864,"deleted":862,"lastAt":1736450.274666,"order":"1727","store":"decc5fe692ea2728eab93f3eddc3828e6fe258eea6ff4860cc2ad8d8590c5757","knownMappings":615,"unknownMappings":28578}},"records":1728,"logicalBytes":1036470},"resourceTrendPass":false}
[pass] LP26-O05 active 9101
[pass] LP26-O05 active 9201
[pass] LP26-O03 deleted media absent
[pass] LP26-O03 deleted media absent
[pass] LP26-O03 deleted media absent
[pass] LP26-O03 deleted media absent
[pass] LP26-O03 deleted media absent
[pass] LP26-O03 deleted media absent
[current-observation] {"pid":26665,"startIdentity":"macos:1790137862:584770","sampledAt":1790139602632,"phaseAt":1741599.330791,"rssBytes":340951040,"threadCount":25,"fdCount":31,"mutationCount":6930,"typeCounts":{"recording_order_reserved":1736,"segment_v2_bound_finalized":1734,"segment_v2_state":1730,"segment_v2_deleted":1730},"identityBytes":1104315,"combinedLogicalIds":15594,"combinedLogicalBytes":2144379,"rotations":0,"partialBytes":0,"progress":{"elapsedMs":1738558.833083,"channels":{"9101":{"finalized":867,"deleted":865,"lastAt":1741599.330791,"order":"1734","store":"decc5fe692ea2728eab93f3eddc3828e6fe258eea6ff4860cc2ad8d8590c5757","knownMappings":615,"unknownMappings":29736},"9201":{"finalized":867,"deleted":865,"lastAt":1741599.330791,"order":"1733","store":"decc5fe692ea2728eab93f3eddc3828e6fe258eea6ff4860cc2ad8d8590c5757","knownMappings":617,"unknownMappings":28700}},"records":1734,"logicalBytes":1040064},"resourceTrendPass":false}
[pass] LP26-O05 active 9101
[pass] LP26-O05 active 9201
[pass] LP26-O03 deleted media absent
[pass] LP26-O03 deleted media absent
[pass] LP26-O03 deleted media absent
[pass] LP26-O03 deleted media absent
[current-observation] {"pid":26665,"startIdentity":"macos:1790137862:584770","sampledAt":1790139607783,"phaseAt":1746750.19575,"rssBytes":341065728,"threadCount":25,"fdCount":25,"mutationCount":6946,"typeCounts":{"recording_order_reserved":1740,"segment_v2_bound_finalized":1738,"segment_v2_state":1734,"segment_v2_deleted":1734},"identityBytes":1106867,"combinedLogicalIds":15630,"combinedLogicalBytes":2149333,"rotations":0,"partialBytes":0,"progress":{"elapsedMs":1743709.698042,"channels":{"9101":{"finalized":869,"deleted":867,"lastAt":1746750.19575,"order":"1738","store":"decc5fe692ea2728eab93f3eddc3828e6fe258eea6ff4860cc2ad8d8590c5757","knownMappings":616,"unknownMappings":29824},"9201":{"finalized":869,"deleted":867,"lastAt":1746750.19575,"order":"1737","store":"decc5fe692ea2728eab93f3eddc3828e6fe258eea6ff4860cc2ad8d8590c5757","knownMappings":618,"unknownMappings":28770}},"records":1738,"logicalBytes":1042466},"resourceTrendPass":false}
[pass] LP26-O05 active 9101
[pass] LP26-O05 active 9201
[pass] LP26-O03 deleted media absent
[pass] LP26-O03 deleted media absent
[pass] LP26-O03 deleted media absent
[pass] LP26-O03 deleted media absent
[pass] LP26-O03 deleted media absent
[pass] LP26-O03 deleted media absent
[current-observation] {"pid":26665,"startIdentity":"macos:1790137862:584770","sampledAt":1790139612921,"phaseAt":1751888.218416,"rssBytes":341245952,"threadCount":25,"fdCount":31,"mutationCount":6970,"typeCounts":{"recording_order_reserved":1746,"segment_v2_bound_finalized":1744,"segment_v2_state":1740,"segment_v2_deleted":1740},"identityBytes":1110695,"combinedLogicalIds":15684,"combinedLogicalBytes":2156773,"rotations":0,"partialBytes":0,"progress":{"elapsedMs":1748847.720708,"channels":{"9101":{"finalized":872,"deleted":870,"lastAt":1751888.218416,"order":"1744","store":"decc5fe692ea2728eab93f3eddc3828e6fe258eea6ff4860cc2ad8d8590c5757","knownMappings":619,"unknownMappings":29946},"9201":{"finalized":872,"deleted":870,"lastAt":1751888.218416,"order":"1743","store":"decc5fe692ea2728eab93f3eddc3828e6fe258eea6ff4860cc2ad8d8590c5757","knownMappings":621,"unknownMappings":28868}},"records":1744,"logicalBytes":1046078},"resourceTrendPass":false}
[pass] LP26-O05 active 9101
[pass] LP26-O05 active 9201
[pass] LP26-O03 deleted media absent
[pass] LP26-O03 deleted media absent
[pass] LP26-O03 deleted media absent
[pass] LP26-O03 deleted media absent
[current-observation] {"pid":26665,"startIdentity":"macos:1790137862:584770","sampledAt":1790139618070,"phaseAt":1757037.044916,"rssBytes":341262336,"threadCount":25,"fdCount":25,"mutationCount":6986,"typeCounts":{"recording_order_reserved":1750,"segment_v2_bound_finalized":1748,"segment_v2_state":1744,"segment_v2_deleted":1744},"identityBytes":1113247,"combinedLogicalIds":15720,"combinedLogicalBytes":2161727,"rotations":0,"partialBytes":0,"progress":{"elapsedMs":1753996.547208,"channels":{"9101":{"finalized":874,"deleted":872,"lastAt":1757037.044916,"order":"1748","store":"decc5fe692ea2728eab93f3eddc3828e6fe258eea6ff4860cc2ad8d8590c5757","knownMappings":621,"unknownMappings":29982},"9201":{"finalized":874,"deleted":872,"lastAt":1757037.044916,"order":"1747","store":"decc5fe692ea2728eab93f3eddc3828e6fe258eea6ff4860cc2ad8d8590c5757","knownMappings":623,"unknownMappings":28898}},"records":1748,"logicalBytes":1048480},"resourceTrendPass":false}
[pass] LP26-O05 active 9101
[pass] LP26-O05 active 9201
[pass] LP26-O03 deleted media absent
[pass] LP26-O03 deleted media absent
[pass] LP26-O03 deleted media absent
[pass] LP26-O03 deleted media absent
[pass] LP26-O03 deleted media absent
[pass] LP26-O03 deleted media absent
[current-observation] {"pid":26665,"startIdentity":"macos:1790137862:584770","sampledAt":1790139623200,"phaseAt":1762167.208416,"rssBytes":341590016,"threadCount":25,"fdCount":23,"mutationCount":7010,"typeCounts":{"recording_order_reserved":1756,"segment_v2_bound_finalized":1754,"segment_v2_state":1750,"segment_v2_deleted":1750},"identityBytes":1117075,"combinedLogicalIds":15774,"combinedLogicalBytes":2169148,"rotations":0,"partialBytes":0,"progress":{"elapsedMs":1759126.710708,"channels":{"9101":{"finalized":877,"deleted":875,"lastAt":1762167.208416,"order":"1754","store":"decc5fe692ea2728eab93f3eddc3828e6fe258eea6ff4860cc2ad8d8590c5757","knownMappings":623,"unknownMappings":30122},"9201":{"finalized":877,"deleted":875,"lastAt":1762167.208416,"order":"1753","store":"decc5fe692ea2728eab93f3eddc3828e6fe258eea6ff4860cc2ad8d8590c5757","knownMappings":624,"unknownMappings":29008}},"records":1754,"logicalBytes":1052073},"resourceTrendPass":false}
[pass] LP26-O05 active 9101
[pass] LP26-O05 active 9201
[pass] LP26-O03 deleted media absent
[pass] LP26-O03 deleted media absent
[pass] LP26-O03 deleted media absent
[pass] LP26-O03 deleted media absent
[current-observation] {"pid":26665,"startIdentity":"macos:1790137862:584770","sampledAt":1790139628348,"phaseAt":1767314.854875,"rssBytes":341786624,"threadCount":25,"fdCount":27,"mutationCount":7026,"typeCounts":{"recording_order_reserved":1760,"segment_v2_bound_finalized":1758,"segment_v2_state":1754,"segment_v2_deleted":1754},"identityBytes":1119627,"combinedLogicalIds":15810,"combinedLogicalBytes":2174102,"rotations":0,"partialBytes":0,"progress":{"elapsedMs":1764274.357167,"channels":{"9101":{"finalized":879,"deleted":877,"lastAt":1767314.854875,"order":"1758","store":"decc5fe692ea2728eab93f3eddc3828e6fe258eea6ff4860cc2ad8d8590c5757","knownMappings":625,"unknownMappings":30208},"9201":{"finalized":879,"deleted":877,"lastAt":1767314.854875,"order":"1757","store":"decc5fe692ea2728eab93f3eddc3828e6fe258eea6ff4860cc2ad8d8590c5757","knownMappings":625,"unknownMappings":29078}},"records":1758,"logicalBytes":1054475},"resourceTrendPass":false}
[pass] LP26-O05 active 9101
[pass] LP26-O05 active 9201
[pass] LP26-O03 deleted media absent
[pass] LP26-O03 deleted media absent
[pass] LP26-O03 deleted media absent
[pass] LP26-O03 deleted media absent
[pass] LP26-O03 deleted media absent
[pass] LP26-O03 deleted media absent
[current-observation] {"pid":26665,"startIdentity":"macos:1790137862:584770","sampledAt":1790139633483,"phaseAt":1772449.967166,"rssBytes":341934080,"threadCount":25,"fdCount":21,"mutationCount":7050,"typeCounts":{"recording_order_reserved":1766,"segment_v2_bound_finalized":1764,"segment_v2_state":1760,"segment_v2_deleted":1760},"identityBytes":1123455,"combinedLogicalIds":15864,"combinedLogicalBytes":2181542,"rotations":0,"partialBytes":0,"progress":{"elapsedMs":1769409.469458,"channels":{"9101":{"finalized":882,"deleted":880,"lastAt":1772449.967166,"order":"1764","store":"decc5fe692ea2728eab93f3eddc3828e6fe258eea6ff4860cc2ad8d8590c5757","knownMappings":626,"unknownMappings":30334},"9201":{"finalized":882,"deleted":880,"lastAt":1772449.967166,"order":"1763","store":"decc5fe692ea2728eab93f3eddc3828e6fe258eea6ff4860cc2ad8d8590c5757","knownMappings":626,"unknownMappings":29202}},"records":1764,"logicalBytes":1058087},"resourceTrendPass":false}
[pass] LP26-O05 active 9101
[pass] LP26-O05 active 9201
[pass] LP26-O03 deleted media absent
[pass] LP26-O03 deleted media absent
[pass] LP26-O03 deleted media absent
[pass] LP26-O03 deleted media absent
[pass] LP26-O03 deleted media absent
[pass] LP26-O03 deleted media absent
[current-observation] {"pid":26665,"startIdentity":"macos:1790137862:584770","sampledAt":1790139638638,"phaseAt":1777604.61725,"rssBytes":342114304,"threadCount":25,"fdCount":31,"mutationCount":7074,"typeCounts":{"recording_order_reserved":1772,"segment_v2_bound_finalized":1770,"segment_v2_state":1766,"segment_v2_deleted":1766},"identityBytes":1127283,"combinedLogicalIds":15918,"combinedLogicalBytes":2188964,"rotations":0,"partialBytes":0,"progress":{"elapsedMs":1774564.119542,"channels":{"9101":{"finalized":885,"deleted":883,"lastAt":1777604.61725,"order":"1770","store":"decc5fe692ea2728eab93f3eddc3828e6fe258eea6ff4860cc2ad8d8590c5757","knownMappings":627,"unknownMappings":30410},"9201":{"finalized":885,"deleted":883,"lastAt":1777604.61725,"order":"1769","store":"decc5fe692ea2728eab93f3eddc3828e6fe258eea6ff4860cc2ad8d8590c5757","knownMappings":628,"unknownMappings":29312}},"records":1770,"logicalBytes":1061681},"resourceTrendPass":false}
[pass] LP26-O05 active 9101
[pass] LP26-O05 active 9201
[pass] LP26-O03 deleted media absent
[pass] LP26-O03 deleted media absent
[pass] LP26-O03 deleted media absent
[pass] LP26-O03 deleted media absent
[current-observation] {"pid":26665,"startIdentity":"macos:1790137862:584770","sampledAt":1790139643787,"phaseAt":1782754.025208,"rssBytes":342310912,"threadCount":25,"fdCount":23,"mutationCount":7090,"typeCounts":{"recording_order_reserved":1776,"segment_v2_bound_finalized":1774,"segment_v2_state":1770,"segment_v2_deleted":1770},"identityBytes":1129835,"combinedLogicalIds":15954,"combinedLogicalBytes":2193918,"rotations":0,"partialBytes":0,"progress":{"elapsedMs":1779713.5275,"channels":{"9101":{"finalized":887,"deleted":885,"lastAt":1782754.025208,"order":"1774","store":"decc5fe692ea2728eab93f3eddc3828e6fe258eea6ff4860cc2ad8d8590c5757","knownMappings":628,"unknownMappings":30498},"9201":{"finalized":887,"deleted":885,"lastAt":1782754.025208,"order":"1773","store":"decc5fe692ea2728eab93f3eddc3828e6fe258eea6ff4860cc2ad8d8590c5757","knownMappings":629,"unknownMappings":29388}},"records":1774,"logicalBytes":1064083},"resourceTrendPass":false}
[pass] LP26-O05 active 9101
[pass] LP26-O05 active 9201
[pass] LP26-O03 deleted media absent
[pass] LP26-O03 deleted media absent
[pass] LP26-O03 deleted media absent
[pass] LP26-O03 deleted media absent
[pass] LP26-O03 deleted media absent
[pass] LP26-O03 deleted media absent
[current-observation] {"pid":26665,"startIdentity":"macos:1790137862:584770","sampledAt":1790139648926,"phaseAt":1787892.366666,"rssBytes":342507520,"threadCount":25,"fdCount":31,"mutationCount":7114,"typeCounts":{"recording_order_reserved":1782,"segment_v2_bound_finalized":1780,"segment_v2_state":1776,"segment_v2_deleted":1776},"identityBytes":1133663,"combinedLogicalIds":16008,"combinedLogicalBytes":2201358,"rotations":0,"partialBytes":0,"progress":{"elapsedMs":1784851.868958,"channels":{"9101":{"finalized":890,"deleted":888,"lastAt":1787892.366666,"order":"1780","store":"decc5fe692ea2728eab93f3eddc3828e6fe258eea6ff4860cc2ad8d8590c5757","knownMappings":630,"unknownMappings":30576},"9201":{"finalized":890,"deleted":888,"lastAt":1787892.366666,"order":"1779","store":"decc5fe692ea2728eab93f3eddc3828e6fe258eea6ff4860cc2ad8d8590c5757","knownMappings":632,"unknownMappings":29524}},"records":1780,"logicalBytes":1067695},"resourceTrendPass":false}
[pass] LP26-O05 active 9101
[pass] LP26-O05 active 9201
[pass] LP26-O03 deleted media absent
[pass] LP26-O03 deleted media absent
[pass] LP26-O03 deleted media absent
[pass] LP26-O03 deleted media absent
[current-observation] {"pid":26665,"startIdentity":"macos:1790137862:584770","sampledAt":1790139654078,"phaseAt":1793044.551708,"rssBytes":342704128,"threadCount":25,"fdCount":25,"mutationCount":7130,"typeCounts":{"recording_order_reserved":1786,"segment_v2_bound_finalized":1784,"segment_v2_state":1780,"segment_v2_deleted":1780},"identityBytes":1136215,"combinedLogicalIds":16044,"combinedLogicalBytes":2206312,"rotations":0,"partialBytes":0,"progress":{"elapsedMs":1790004.054,"channels":{"9101":{"finalized":892,"deleted":890,"lastAt":1793044.551708,"order":"1784","store":"decc5fe692ea2728eab93f3eddc3828e6fe258eea6ff4860cc2ad8d8590c5757","knownMappings":632,"unknownMappings":30664},"9201":{"finalized":892,"deleted":890,"lastAt":1793044.551708,"order":"1783","store":"decc5fe692ea2728eab93f3eddc3828e6fe258eea6ff4860cc2ad8d8590c5757","knownMappings":634,"unknownMappings":29564}},"records":1784,"logicalBytes":1070097},"resourceTrendPass":false}
[pass] LP26-O05 active 9101
[pass] LP26-O05 active 9201
[pass] LP26-O03 deleted media absent
[pass] LP26-O03 deleted media absent
[pass] LP26-O03 deleted media absent
[pass] LP26-O03 deleted media absent
[pass] LP26-O03 deleted media absent
[pass] LP26-O03 deleted media absent
[current-observation] {"pid":26665,"startIdentity":"macos:1790137862:584770","sampledAt":1790139659209,"phaseAt":1798175.422291,"rssBytes":342867968,"threadCount":25,"fdCount":23,"mutationCount":7154,"typeCounts":{"recording_order_reserved":1792,"segment_v2_bound_finalized":1790,"segment_v2_state":1786,"segment_v2_deleted":1786},"identityBytes":1140043,"combinedLogicalIds":16098,"combinedLogicalBytes":2213734,"rotations":0,"partialBytes":0,"progress":{"elapsedMs":1795134.924583,"channels":{"9101":{"finalized":895,"deleted":893,"lastAt":1798175.422291,"order":"1790","store":"decc5fe692ea2728eab93f3eddc3828e6fe258eea6ff4860cc2ad8d8590c5757","knownMappings":634,"unknownMappings":30726},"9201":{"finalized":895,"deleted":893,"lastAt":1798175.422291,"order":"1789","store":"decc5fe692ea2728eab93f3eddc3828e6fe258eea6ff4860cc2ad8d8590c5757","knownMappings":635,"unknownMappings":29678}},"records":1790,"logicalBytes":1073691},"resourceTrendPass":false}
[pass] LP26-O05 active 9101
[pass] LP26-O05 active 9201
[pass] LP26-O03 deleted media absent
[pass] LP26-O03 deleted media absent
[pass] LP26-O03 deleted media absent
[pass] LP26-O03 deleted media absent
[current-observation] {"pid":26665,"startIdentity":"macos:1790137862:584770","sampledAt":1790139664351,"phaseAt":1803317.807208,"rssBytes":342933504,"threadCount":25,"fdCount":25,"mutationCount":7170,"typeCounts":{"recording_order_reserved":1796,"segment_v2_bound_finalized":1794,"segment_v2_state":1790,"segment_v2_deleted":1790},"identityBytes":1142595,"combinedLogicalIds":16134,"combinedLogicalBytes":2218688,"rotations":0,"partialBytes":0,"progress":{"elapsedMs":1800277.3095,"channels":{"9101":{"finalized":897,"deleted":895,"lastAt":1803317.807208,"order":"1794","store":"decc5fe692ea2728eab93f3eddc3828e6fe258eea6ff4860cc2ad8d8590c5757","knownMappings":636,"unknownMappings":30764},"9201":{"finalized":897,"deleted":895,"lastAt":1803317.807208,"order":"1793","store":"decc5fe692ea2728eab93f3eddc3828e6fe258eea6ff4860cc2ad8d8590c5757","knownMappings":637,"unknownMappings":29718}},"records":1794,"logicalBytes":1076093},"resourceTrendPass":false}
[pass] LP26-O05 active 9101
[pass] LP26-O05 active 9201
[pass] LP26-O03 deleted media absent
[pass] LP26-O03 deleted media absent
[pass] LP26-O03 deleted media absent
[pass] LP26-O03 deleted media absent
[pass] LP26-O03 deleted media absent
[pass] LP26-O03 deleted media absent
[current-observation] {"pid":26665,"startIdentity":"macos:1790137862:584770","sampledAt":1790139669477,"phaseAt":1808443.432,"rssBytes":343130112,"threadCount":25,"fdCount":21,"mutationCount":7194,"typeCounts":{"recording_order_reserved":1802,"segment_v2_bound_finalized":1800,"segment_v2_state":1796,"segment_v2_deleted":1796},"identityBytes":1146423,"combinedLogicalIds":16188,"combinedLogicalBytes":2226128,"rotations":0,"partialBytes":0,"progress":{"elapsedMs":1805402.934292,"channels":{"9101":{"finalized":900,"deleted":898,"lastAt":1808443.432,"order":"1800","store":"decc5fe692ea2728eab93f3eddc3828e6fe258eea6ff4860cc2ad8d8590c5757","knownMappings":639,"unknownMappings":30862},"9201":{"finalized":900,"deleted":898,"lastAt":1808443.432,"order":"1799","store":"decc5fe692ea2728eab93f3eddc3828e6fe258eea6ff4860cc2ad8d8590c5757","knownMappings":640,"unknownMappings":29786}},"records":1800,"logicalBytes":1079705},"resourceTrendPass":false}
[pass] LP26-O05 active 9101
[pass] LP26-O05 active 9201
[pass] LP26-O03 deleted media absent
[pass] LP26-O03 deleted media absent
[pass] LP26-O03 deleted media absent
[pass] LP26-O03 deleted media absent
[pass] LP26-O03 deleted media absent
[pass] LP26-O03 deleted media absent
[current-observation] {"pid":26665,"startIdentity":"macos:1790137862:584770","sampledAt":1790139674610,"phaseAt":1813577.173666,"rssBytes":343425024,"threadCount":25,"fdCount":31,"mutationCount":7218,"typeCounts":{"recording_order_reserved":1808,"segment_v2_bound_finalized":1806,"segment_v2_state":1802,"segment_v2_deleted":1802},"identityBytes":1150251,"combinedLogicalIds":16242,"combinedLogicalBytes":2233550,"rotations":0,"partialBytes":0,"progress":{"elapsedMs":1810536.675958,"channels":{"9101":{"finalized":903,"deleted":901,"lastAt":1813577.173666,"order":"1806","store":"decc5fe692ea2728eab93f3eddc3828e6fe258eea6ff4860cc2ad8d8590c5757","knownMappings":639,"unknownMappings":30990},"9201":{"finalized":903,"deleted":901,"lastAt":1813577.173666,"order":"1805","store":"decc5fe692ea2728eab93f3eddc3828e6fe258eea6ff4860cc2ad8d8590c5757","knownMappings":641,"unknownMappings":29912}},"records":1806,"logicalBytes":1083299},"resourceTrendPass":false}
[pass] LP26-O05 active 9101
[pass] LP26-O05 active 9201
[pass] LP26-O03 deleted media absent
[pass] LP26-O03 deleted media absent
[pass] LP26-O03 deleted media absent
[pass] LP26-O03 deleted media absent
[current-observation] {"pid":26665,"startIdentity":"macos:1790137862:584770","sampledAt":1790139679764,"phaseAt":1818730.4985,"rssBytes":343523328,"threadCount":25,"fdCount":21,"mutationCount":7234,"typeCounts":{"recording_order_reserved":1812,"segment_v2_bound_finalized":1810,"segment_v2_state":1806,"segment_v2_deleted":1806},"identityBytes":1152803,"combinedLogicalIds":16278,"combinedLogicalBytes":2238504,"rotations":0,"partialBytes":0,"progress":{"elapsedMs":1815690.000792,"channels":{"9101":{"finalized":905,"deleted":903,"lastAt":1818730.4985,"order":"1810","store":"decc5fe692ea2728eab93f3eddc3828e6fe258eea6ff4860cc2ad8d8590c5757","knownMappings":639,"unknownMappings":31074},"9201":{"finalized":905,"deleted":903,"lastAt":1818730.4985,"order":"1809","store":"decc5fe692ea2728eab93f3eddc3828e6fe258eea6ff4860cc2ad8d8590c5757","knownMappings":642,"unknownMappings":29972}},"records":1810,"logicalBytes":1085701},"resourceTrendPass":false}
[pass] LP26-O05 active 9101
[pass] LP26-O05 active 9201
[pass] LP26-O03 deleted media absent
[pass] LP26-O03 deleted media absent
[pass] LP26-O03 deleted media absent
[pass] LP26-O03 deleted media absent
[pass] LP26-O03 deleted media absent
[pass] LP26-O03 deleted media absent
[current-observation] {"pid":26665,"startIdentity":"macos:1790137862:584770","sampledAt":1790139684900,"phaseAt":1823867.055833,"rssBytes":343703552,"threadCount":25,"fdCount":31,"mutationCount":7258,"typeCounts":{"recording_order_reserved":1818,"segment_v2_bound_finalized":1816,"segment_v2_state":1812,"segment_v2_deleted":1812},"identityBytes":1156631,"combinedLogicalIds":16332,"combinedLogicalBytes":2245944,"rotations":0,"partialBytes":0,"progress":{"elapsedMs":1820826.558125,"channels":{"9101":{"finalized":908,"deleted":906,"lastAt":1823867.055833,"order":"1816","store":"decc5fe692ea2728eab93f3eddc3828e6fe258eea6ff4860cc2ad8d8590c5757","knownMappings":640,"unknownMappings":31210},"9201":{"finalized":908,"deleted":906,"lastAt":1823867.055833,"order":"1815","store":"decc5fe692ea2728eab93f3eddc3828e6fe258eea6ff4860cc2ad8d8590c5757","knownMappings":644,"unknownMappings":30074}},"records":1816,"logicalBytes":1089313},"resourceTrendPass":false}
[pass] LP26-O05 active 9101
[pass] LP26-O05 active 9201
[pass] LP26-O03 deleted media absent
[pass] LP26-O03 deleted media absent
[pass] LP26-O03 deleted media absent
[pass] LP26-O03 deleted media absent
[current-observation] {"pid":26665,"startIdentity":"macos:1790137862:584770","sampledAt":1790139690060,"phaseAt":1829026.749083,"rssBytes":343801856,"threadCount":25,"fdCount":25,"mutationCount":7274,"typeCounts":{"recording_order_reserved":1822,"segment_v2_bound_finalized":1820,"segment_v2_state":1816,"segment_v2_deleted":1816},"identityBytes":1159183,"combinedLogicalIds":16368,"combinedLogicalBytes":2250898,"rotations":0,"partialBytes":0,"progress":{"elapsedMs":1825986.251375,"channels":{"9101":{"finalized":910,"deleted":908,"lastAt":1829026.749083,"order":"1820","store":"decc5fe692ea2728eab93f3eddc3828e6fe258eea6ff4860cc2ad8d8590c5757","knownMappings":642,"unknownMappings":31264},"9201":{"finalized":910,"deleted":908,"lastAt":1829026.749083,"order":"1819","store":"decc5fe692ea2728eab93f3eddc3828e6fe258eea6ff4860cc2ad8d8590c5757","knownMappings":645,"unknownMappings":30162}},"records":1820,"logicalBytes":1091715},"resourceTrendPass":false}
[pass] LP26-O05 active 9101
[pass] LP26-O05 active 9201
[pass] LP26-O03 deleted media absent
[pass] LP26-O03 deleted media absent
[pass] LP26-O03 deleted media absent
[pass] LP26-O03 deleted media absent
[pass] LP26-O03 deleted media absent
[pass] LP26-O03 deleted media absent
[current-observation] {"pid":26665,"startIdentity":"macos:1790137862:584770","sampledAt":1790139695198,"phaseAt":1834164.977833,"rssBytes":343998464,"threadCount":25,"fdCount":31,"mutationCount":7298,"typeCounts":{"recording_order_reserved":1828,"segment_v2_bound_finalized":1826,"segment_v2_state":1822,"segment_v2_deleted":1822},"identityBytes":1163011,"combinedLogicalIds":16422,"combinedLogicalBytes":2258320,"rotations":0,"partialBytes":0,"progress":{"elapsedMs":1831124.480125,"channels":{"9101":{"finalized":913,"deleted":911,"lastAt":1834164.977833,"order":"1826","store":"decc5fe692ea2728eab93f3eddc3828e6fe258eea6ff4860cc2ad8d8590c5757","knownMappings":644,"unknownMappings":31388},"9201":{"finalized":913,"deleted":911,"lastAt":1834164.977833,"order":"1825","store":"decc5fe692ea2728eab93f3eddc3828e6fe258eea6ff4860cc2ad8d8590c5757","knownMappings":647,"unknownMappings":30250}},"records":1826,"logicalBytes":1095309},"resourceTrendPass":false}
[pass] LP26-O05 active 9101
[pass] LP26-O05 active 9201
[pass] LP26-O03 deleted media absent
[pass] LP26-O03 deleted media absent
[pass] LP26-O03 deleted media absent
[pass] LP26-O03 deleted media absent
[current-observation] {"pid":26665,"startIdentity":"macos:1790137862:584770","sampledAt":1790139700347,"phaseAt":1839313.399083,"rssBytes":344145920,"threadCount":25,"fdCount":25,"mutationCount":7314,"typeCounts":{"recording_order_reserved":1832,"segment_v2_bound_finalized":1830,"segment_v2_state":1826,"segment_v2_deleted":1826},"identityBytes":1165563,"combinedLogicalIds":16458,"combinedLogicalBytes":2263273,"rotations":0,"partialBytes":0,"progress":{"elapsedMs":1836272.901375,"channels":{"9101":{"finalized":915,"deleted":913,"lastAt":1839313.399083,"order":"1830","store":"decc5fe692ea2728eab93f3eddc3828e6fe258eea6ff4860cc2ad8d8590c5757","knownMappings":644,"unknownMappings":31484},"9201":{"finalized":915,"deleted":913,"lastAt":1839313.399083,"order":"1829","store":"decc5fe692ea2728eab93f3eddc3828e6fe258eea6ff4860cc2ad8d8590c5757","knownMappings":649,"unknownMappings":30304}},"records":1830,"logicalBytes":1097710},"resourceTrendPass":false}
[pass] LP26-O05 active 9101
[pass] LP26-O05 active 9201
[pass] LP26-O03 deleted media absent
[pass] LP26-O03 deleted media absent
[pass] LP26-O03 deleted media absent
[pass] LP26-O03 deleted media absent
[pass] LP26-O03 deleted media absent
[pass] LP26-O03 deleted media absent
[current-observation] {"pid":26665,"startIdentity":"macos:1790137862:584770","sampledAt":1790139705489,"phaseAt":1844455.428458,"rssBytes":344358912,"threadCount":25,"fdCount":21,"mutationCount":7338,"typeCounts":{"recording_order_reserved":1838,"segment_v2_bound_finalized":1836,"segment_v2_state":1832,"segment_v2_deleted":1832},"identityBytes":1169391,"combinedLogicalIds":16512,"combinedLogicalBytes":2270713,"rotations":0,"partialBytes":0,"progress":{"elapsedMs":1841414.93075,"channels":{"9101":{"finalized":918,"deleted":916,"lastAt":1844455.428458,"order":"1836","store":"decc5fe692ea2728eab93f3eddc3828e6fe258eea6ff4860cc2ad8d8590c5757","knownMappings":647,"unknownMappings":31608},"9201":{"finalized":918,"deleted":916,"lastAt":1844455.428458,"order":"1835","store":"decc5fe692ea2728eab93f3eddc3828e6fe258eea6ff4860cc2ad8d8590c5757","knownMappings":652,"unknownMappings":30436}},"records":1836,"logicalBytes":1101322},"resourceTrendPass":false}
[pass] LP26-O05 active 9101
[pass] LP26-O05 active 9201
[pass] LP26-O03 deleted media absent
[pass] LP26-O03 deleted media absent
[pass] LP26-O03 deleted media absent
[pass] LP26-O03 deleted media absent
[pass] LP26-O03 deleted media absent
[pass] LP26-O03 deleted media absent
[current-observation] {"pid":26665,"startIdentity":"macos:1790137862:584770","sampledAt":1790139710645,"phaseAt":1849611.946083,"rssBytes":344473600,"threadCount":25,"fdCount":31,"mutationCount":7362,"typeCounts":{"recording_order_reserved":1844,"segment_v2_bound_finalized":1842,"segment_v2_state":1838,"segment_v2_deleted":1838},"identityBytes":1173219,"combinedLogicalIds":16566,"combinedLogicalBytes":2278135,"rotations":0,"partialBytes":0,"progress":{"elapsedMs":1846571.448375,"channels":{"9101":{"finalized":921,"deleted":919,"lastAt":1849611.946083,"order":"1842","store":"decc5fe692ea2728eab93f3eddc3828e6fe258eea6ff4860cc2ad8d8590c5757","knownMappings":649,"unknownMappings":31712},"9201":{"finalized":921,"deleted":919,"lastAt":1849611.946083,"order":"1841","store":"decc5fe692ea2728eab93f3eddc3828e6fe258eea6ff4860cc2ad8d8590c5757","knownMappings":655,"unknownMappings":30508}},"records":1842,"logicalBytes":1104916},"resourceTrendPass":false}
[pass] LP26-O05 active 9101
[pass] LP26-O05 active 9201
[pass] LP26-O03 deleted media absent
[pass] LP26-O03 deleted media absent
[pass] LP26-O03 deleted media absent
[pass] LP26-O03 deleted media absent
[current-observation] {"pid":26665,"startIdentity":"macos:1790137862:584770","sampledAt":1790139715795,"phaseAt":1854760.998333,"rssBytes":344539136,"threadCount":25,"fdCount":21,"mutationCount":7378,"typeCounts":{"recording_order_reserved":1848,"segment_v2_bound_finalized":1846,"segment_v2_state":1842,"segment_v2_deleted":1842},"identityBytes":1175771,"combinedLogicalIds":16602,"combinedLogicalBytes":2283089,"rotations":0,"partialBytes":0,"progress":{"elapsedMs":1851720.500625,"channels":{"9101":{"finalized":923,"deleted":921,"lastAt":1854760.998333,"order":"1846","store":"decc5fe692ea2728eab93f3eddc3828e6fe258eea6ff4860cc2ad8d8590c5757","knownMappings":651,"unknownMappings":31764},"9201":{"finalized":923,"deleted":921,"lastAt":1854760.998333,"order":"1845","store":"decc5fe692ea2728eab93f3eddc3828e6fe258eea6ff4860cc2ad8d8590c5757","knownMappings":656,"unknownMappings":30546}},"records":1846,"logicalBytes":1107318},"resourceTrendPass":false}
[pass] LP26-O05 active 9101
[pass] LP26-O05 active 9201
[pass] LP26-O03 deleted media absent
[pass] LP26-O03 deleted media absent
[pass] LP26-O03 deleted media absent
[pass] LP26-O03 deleted media absent
[pass] LP26-O03 deleted media absent
[pass] LP26-O03 deleted media absent
[current-observation] {"pid":26665,"startIdentity":"macos:1790137862:584770","sampledAt":1790139720923,"phaseAt":1859889.375833,"rssBytes":344719360,"threadCount":25,"fdCount":31,"mutationCount":7402,"typeCounts":{"recording_order_reserved":1854,"segment_v2_bound_finalized":1852,"segment_v2_state":1848,"segment_v2_deleted":1848},"identityBytes":1179599,"combinedLogicalIds":16656,"combinedLogicalBytes":2290529,"rotations":0,"partialBytes":0,"progress":{"elapsedMs":1856848.878125,"channels":{"9101":{"finalized":926,"deleted":924,"lastAt":1859889.375833,"order":"1852","store":"decc5fe692ea2728eab93f3eddc3828e6fe258eea6ff4860cc2ad8d8590c5757","knownMappings":653,"unknownMappings":31894},"9201":{"finalized":926,"deleted":924,"lastAt":1859889.375833,"order":"1851","store":"decc5fe692ea2728eab93f3eddc3828e6fe258eea6ff4860cc2ad8d8590c5757","knownMappings":658,"unknownMappings":30650}},"records":1852,"logicalBytes":1110930},"resourceTrendPass":false}
[pass] LP26-O05 active 9101
[pass] LP26-O05 active 9201
[pass] LP26-O03 deleted media absent
[pass] LP26-O03 deleted media absent
[pass] LP26-O03 deleted media absent
[pass] LP26-O03 deleted media absent
[current-observation] {"pid":26665,"startIdentity":"macos:1790137862:584770","sampledAt":1790139726068,"phaseAt":1865034.736291,"rssBytes":344948736,"threadCount":25,"fdCount":25,"mutationCount":7418,"typeCounts":{"recording_order_reserved":1858,"segment_v2_bound_finalized":1856,"segment_v2_state":1852,"segment_v2_deleted":1852},"identityBytes":1182151,"combinedLogicalIds":16692,"combinedLogicalBytes":2295483,"rotations":0,"partialBytes":0,"progress":{"elapsedMs":1861994.238583,"channels":{"9101":{"finalized":928,"deleted":926,"lastAt":1865034.736291,"order":"1856","store":"decc5fe692ea2728eab93f3eddc3828e6fe258eea6ff4860cc2ad8d8590c5757","knownMappings":653,"unknownMappings":31980},"9201":{"finalized":928,"deleted":926,"lastAt":1865034.736291,"order":"1855","store":"decc5fe692ea2728eab93f3eddc3828e6fe258eea6ff4860cc2ad8d8590c5757","knownMappings":660,"unknownMappings":30742}},"records":1856,"logicalBytes":1113332},"resourceTrendPass":false}
[pass] LP26-O05 active 9101
[pass] LP26-O05 active 9201
[pass] LP26-O03 deleted media absent
[pass] LP26-O03 deleted media absent
[pass] LP26-O03 deleted media absent
[pass] LP26-O03 deleted media absent
[pass] LP26-O03 deleted media absent
[pass] LP26-O03 deleted media absent
[current-observation] {"pid":26665,"startIdentity":"macos:1790137862:584770","sampledAt":1790139731207,"phaseAt":1870173.413,"rssBytes":345079808,"threadCount":25,"fdCount":31,"mutationCount":7442,"typeCounts":{"recording_order_reserved":1864,"segment_v2_bound_finalized":1862,"segment_v2_state":1858,"segment_v2_deleted":1858},"identityBytes":1185979,"combinedLogicalIds":16746,"combinedLogicalBytes":2302905,"rotations":0,"partialBytes":0,"progress":{"elapsedMs":1867132.915292,"channels":{"9101":{"finalized":931,"deleted":929,"lastAt":1870173.413,"order":"1862","store":"decc5fe692ea2728eab93f3eddc3828e6fe258eea6ff4860cc2ad8d8590c5757","knownMappings":655,"unknownMappings":32088},"9201":{"finalized":931,"deleted":929,"lastAt":1870173.413,"order":"1861","store":"decc5fe692ea2728eab93f3eddc3828e6fe258eea6ff4860cc2ad8d8590c5757","knownMappings":662,"unknownMappings":30822}},"records":1862,"logicalBytes":1116926},"resourceTrendPass":false}
[pass] LP26-O05 active 9101
[pass] LP26-O05 active 9201
[pass] LP26-O03 deleted media absent
[pass] LP26-O03 deleted media absent
[pass] LP26-O03 deleted media absent
[pass] LP26-O03 deleted media absent
[current-observation] {"pid":26665,"startIdentity":"macos:1790137862:584770","sampledAt":1790139736356,"phaseAt":1875322.889625,"rssBytes":345128960,"threadCount":25,"fdCount":25,"mutationCount":7458,"typeCounts":{"recording_order_reserved":1868,"segment_v2_bound_finalized":1866,"segment_v2_state":1862,"segment_v2_deleted":1862},"identityBytes":1188531,"combinedLogicalIds":16782,"combinedLogicalBytes":2307859,"rotations":0,"partialBytes":0,"progress":{"elapsedMs":1872282.391917,"channels":{"9101":{"finalized":933,"deleted":931,"lastAt":1875322.889625,"order":"1866","store":"decc5fe692ea2728eab93f3eddc3828e6fe258eea6ff4860cc2ad8d8590c5757","knownMappings":657,"unknownMappings":32146},"9201":{"finalized":933,"deleted":931,"lastAt":1875322.889625,"order":"1865","store":"decc5fe692ea2728eab93f3eddc3828e6fe258eea6ff4860cc2ad8d8590c5757","knownMappings":663,"unknownMappings":30886}},"records":1866,"logicalBytes":1119328},"resourceTrendPass":false}
[pass] LP26-O05 active 9101
[pass] LP26-O05 active 9201
[pass] LP26-O03 deleted media absent
[pass] LP26-O03 deleted media absent
[pass] LP26-O03 deleted media absent
[pass] LP26-O03 deleted media absent
[pass] LP26-O03 deleted media absent
[pass] LP26-O03 deleted media absent
[current-observation] {"pid":26665,"startIdentity":"macos:1790137862:584770","sampledAt":1790139741490,"phaseAt":1880456.796458,"rssBytes":345440256,"threadCount":25,"fdCount":22,"mutationCount":7482,"typeCounts":{"recording_order_reserved":1874,"segment_v2_bound_finalized":1872,"segment_v2_state":1868,"segment_v2_deleted":1868},"identityBytes":1192359,"combinedLogicalIds":16836,"combinedLogicalBytes":2315299,"rotations":0,"partialBytes":0,"progress":{"elapsedMs":1877416.29875,"channels":{"9101":{"finalized":936,"deleted":934,"lastAt":1880456.796458,"order":"1872","store":"decc5fe692ea2728eab93f3eddc3828e6fe258eea6ff4860cc2ad8d8590c5757","knownMappings":660,"unknownMappings":32266},"9201":{"finalized":936,"deleted":934,"lastAt":1880456.796458,"order":"1871","store":"decc5fe692ea2728eab93f3eddc3828e6fe258eea6ff4860cc2ad8d8590c5757","knownMappings":665,"unknownMappings":31030}},"records":1872,"logicalBytes":1122940},"resourceTrendPass":false}
[pass] LP26-O05 active 9101
[pass] LP26-O05 active 9201
[pass] LP26-O03 deleted media absent
[pass] LP26-O03 deleted media absent
[pass] LP26-O03 deleted media absent
[pass] LP26-O03 deleted media absent
[pass] LP26-O03 deleted media absent
[current-observation] {"pid":26665,"startIdentity":"macos:1790137862:584770","sampledAt":1790139746639,"phaseAt":1885605.414375,"rssBytes":345620480,"threadCount":25,"fdCount":30,"mutationCount":7502,"typeCounts":{"recording_order_reserved":1879,"segment_v2_bound_finalized":1877,"segment_v2_state":1873,"segment_v2_deleted":1873},"identityBytes":1195549,"combinedLogicalIds":16881,"combinedLogicalBytes":2321487,"rotations":0,"partialBytes":0,"progress":{"elapsedMs":1882564.916667,"channels":{"9101":{"finalized":938,"deleted":936,"lastAt":1885605.414375,"order":"1876","store":"decc5fe692ea2728eab93f3eddc3828e6fe258eea6ff4860cc2ad8d8590c5757","knownMappings":661,"unknownMappings":32340},"9201":{"finalized":939,"deleted":937,"lastAt":1885605.414375,"order":"1877","store":"decc5fe692ea2728eab93f3eddc3828e6fe258eea6ff4860cc2ad8d8590c5757","knownMappings":666,"unknownMappings":31172}},"records":1877,"logicalBytes":1125938},"resourceTrendPass":false}
[pass] LP26-O05 active 9101
[pass] LP26-O05 active 9201
[pass] LP26-O03 deleted media absent
[pass] LP26-O03 deleted media absent
[pass] LP26-O03 deleted media absent
[pass] LP26-O03 deleted media absent
[pass] LP26-O03 deleted media absent
[current-observation] {"pid":26665,"startIdentity":"macos:1790137862:584770","sampledAt":1790139751788,"phaseAt":1890754.539625,"rssBytes":345833472,"threadCount":25,"fdCount":21,"mutationCount":7522,"typeCounts":{"recording_order_reserved":1884,"segment_v2_bound_finalized":1882,"segment_v2_state":1878,"segment_v2_deleted":1878},"identityBytes":1198739,"combinedLogicalIds":16926,"combinedLogicalBytes":2327675,"rotations":0,"partialBytes":0,"progress":{"elapsedMs":1887714.041917,"channels":{"9101":{"finalized":941,"deleted":939,"lastAt":1890754.539625,"order":"1882","store":"decc5fe692ea2728eab93f3eddc3828e6fe258eea6ff4860cc2ad8d8590c5757","knownMappings":662,"unknownMappings":32452},"9201":{"finalized":941,"deleted":939,"lastAt":1890754.539625,"order":"1881","store":"decc5fe692ea2728eab93f3eddc3828e6fe258eea6ff4860cc2ad8d8590c5757","knownMappings":667,"unknownMappings":31254}},"records":1882,"logicalBytes":1128936},"resourceTrendPass":false}
[pass] LP26-O05 active 9101
[pass] LP26-O05 active 9201
[pass] LP26-O03 deleted media absent
[pass] LP26-O03 deleted media absent
[pass] LP26-O03 deleted media absent
[pass] LP26-O03 deleted media absent
[pass] LP26-O03 deleted media absent
[pass] LP26-O03 deleted media absent
[current-observation] {"pid":26665,"startIdentity":"macos:1790137862:584770","sampledAt":1790139756934,"phaseAt":1895900.261333,"rssBytes":345948160,"threadCount":25,"fdCount":31,"mutationCount":7546,"typeCounts":{"recording_order_reserved":1890,"segment_v2_bound_finalized":1888,"segment_v2_state":1884,"segment_v2_deleted":1884},"identityBytes":1202567,"combinedLogicalIds":16980,"combinedLogicalBytes":2335115,"rotations":0,"partialBytes":0,"progress":{"elapsedMs":1892859.763625,"channels":{"9101":{"finalized":944,"deleted":942,"lastAt":1895900.261333,"order":"1888","store":"decc5fe692ea2728eab93f3eddc3828e6fe258eea6ff4860cc2ad8d8590c5757","knownMappings":665,"unknownMappings":32514},"9201":{"finalized":944,"deleted":942,"lastAt":1895900.261333,"order":"1887","store":"decc5fe692ea2728eab93f3eddc3828e6fe258eea6ff4860cc2ad8d8590c5757","knownMappings":668,"unknownMappings":31378}},"records":1888,"logicalBytes":1132548},"resourceTrendPass":false}
[pass] LP26-O05 active 9101
[pass] LP26-O05 active 9201
[pass] LP26-O03 deleted media absent
[pass] LP26-O03 deleted media absent
[pass] LP26-O03 deleted media absent
[pass] LP26-O03 deleted media absent
[current-observation] {"pid":26665,"startIdentity":"macos:1790137862:584770","sampledAt":1790139762081,"phaseAt":1901047.735833,"rssBytes":346177536,"threadCount":25,"fdCount":25,"mutationCount":7562,"typeCounts":{"recording_order_reserved":1894,"segment_v2_bound_finalized":1892,"segment_v2_state":1888,"segment_v2_deleted":1888},"identityBytes":1205119,"combinedLogicalIds":17016,"combinedLogicalBytes":2340069,"rotations":0,"partialBytes":0,"progress":{"elapsedMs":1898007.238125,"channels":{"9101":{"finalized":946,"deleted":944,"lastAt":1901047.735833,"order":"1892","store":"decc5fe692ea2728eab93f3eddc3828e6fe258eea6ff4860cc2ad8d8590c5757","knownMappings":666,"unknownMappings":32612},"9201":{"finalized":946,"deleted":944,"lastAt":1901047.735833,"order":"1891","store":"decc5fe692ea2728eab93f3eddc3828e6fe258eea6ff4860cc2ad8d8590c5757","knownMappings":670,"unknownMappings":31404}},"records":1892,"logicalBytes":1134950},"resourceTrendPass":false}
[pass] LP26-O05 active 9101
[pass] LP26-O05 active 9201
[pass] LP26-O03 deleted media absent
[pass] LP26-O03 deleted media absent
[pass] LP26-O03 deleted media absent
[pass] LP26-O03 deleted media absent
[pass] LP26-O03 deleted media absent
[pass] LP26-O03 deleted media absent
[current-observation] {"pid":26665,"startIdentity":"macos:1790137862:584770","sampledAt":1790139767210,"phaseAt":1906176.245166,"rssBytes":346374144,"threadCount":25,"fdCount":31,"mutationCount":7586,"typeCounts":{"recording_order_reserved":1900,"segment_v2_bound_finalized":1898,"segment_v2_state":1894,"segment_v2_deleted":1894},"identityBytes":1208947,"combinedLogicalIds":17070,"combinedLogicalBytes":2347491,"rotations":0,"partialBytes":0,"progress":{"elapsedMs":1903135.747458,"channels":{"9101":{"finalized":949,"deleted":947,"lastAt":1906176.245166,"order":"1898","store":"decc5fe692ea2728eab93f3eddc3828e6fe258eea6ff4860cc2ad8d8590c5757","knownMappings":668,"unknownMappings":32726},"9201":{"finalized":949,"deleted":947,"lastAt":1906176.245166,"order":"1897","store":"decc5fe692ea2728eab93f3eddc3828e6fe258eea6ff4860cc2ad8d8590c5757","knownMappings":671,"unknownMappings":31504}},"records":1898,"logicalBytes":1138544},"resourceTrendPass":false}
[pass] LP26-O05 active 9101
[pass] LP26-O05 active 9201
[pass] LP26-O03 deleted media absent
[pass] LP26-O03 deleted media absent
[pass] LP26-O03 deleted media absent
[pass] LP26-O03 deleted media absent
[current-observation] {"pid":26665,"startIdentity":"macos:1790137862:584770","sampledAt":1790139772357,"phaseAt":1911322.708416,"rssBytes":346406912,"threadCount":25,"fdCount":25,"mutationCount":7602,"typeCounts":{"recording_order_reserved":1904,"segment_v2_bound_finalized":1902,"segment_v2_state":1898,"segment_v2_deleted":1898},"identityBytes":1211499,"combinedLogicalIds":17106,"combinedLogicalBytes":2352445,"rotations":0,"partialBytes":0,"progress":{"elapsedMs":1908282.210708,"channels":{"9101":{"finalized":951,"deleted":949,"lastAt":1911322.708416,"order":"1902","store":"decc5fe692ea2728eab93f3eddc3828e6fe258eea6ff4860cc2ad8d8590c5757","knownMappings":670,"unknownMappings":32772},"9201":{"finalized":951,"deleted":949,"lastAt":1911322.708416,"order":"1901","store":"decc5fe692ea2728eab93f3eddc3828e6fe258eea6ff4860cc2ad8d8590c5757","knownMappings":672,"unknownMappings":31568}},"records":1902,"logicalBytes":1140946},"resourceTrendPass":false}
[pass] LP26-O05 active 9101
[pass] LP26-O05 active 9201
[pass] LP26-O03 deleted media absent
[pass] LP26-O03 deleted media absent
[pass] LP26-O03 deleted media absent
[pass] LP26-O03 deleted media absent
[pass] LP26-O03 deleted media absent
[pass] LP26-O03 deleted media absent
[current-observation] {"pid":26665,"startIdentity":"macos:1790137862:584770","sampledAt":1790139777489,"phaseAt":1916455.313625,"rssBytes":346570752,"threadCount":25,"fdCount":23,"mutationCount":7626,"typeCounts":{"recording_order_reserved":1910,"segment_v2_bound_finalized":1908,"segment_v2_state":1904,"segment_v2_deleted":1904},"identityBytes":1215327,"combinedLogicalIds":17160,"combinedLogicalBytes":2359885,"rotations":0,"partialBytes":0,"progress":{"elapsedMs":1913414.815917,"channels":{"9101":{"finalized":954,"deleted":952,"lastAt":1916455.313625,"order":"1908","store":"decc5fe692ea2728eab93f3eddc3828e6fe258eea6ff4860cc2ad8d8590c5757","knownMappings":673,"unknownMappings":32890},"9201":{"finalized":954,"deleted":952,"lastAt":1916455.313625,"order":"1907","store":"decc5fe692ea2728eab93f3eddc3828e6fe258eea6ff4860cc2ad8d8590c5757","knownMappings":674,"unknownMappings":31654}},"records":1908,"logicalBytes":1144558},"resourceTrendPass":false}
[pass] LP26-O05 active 9101
[pass] LP26-O05 active 9201
[pass] LP26-O03 deleted media absent
[pass] LP26-O03 deleted media absent
[pass] LP26-O03 deleted media absent
[pass] LP26-O03 deleted media absent
[current-observation] {"pid":26665,"startIdentity":"macos:1790137862:584770","sampledAt":1790139782636,"phaseAt":1921602.024541,"rssBytes":346669056,"threadCount":25,"fdCount":27,"mutationCount":7642,"typeCounts":{"recording_order_reserved":1914,"segment_v2_bound_finalized":1912,"segment_v2_state":1908,"segment_v2_deleted":1908},"identityBytes":1217879,"combinedLogicalIds":17196,"combinedLogicalBytes":2364839,"rotations":0,"partialBytes":0,"progress":{"elapsedMs":1918561.526833,"channels":{"9101":{"finalized":956,"deleted":954,"lastAt":1921602.024541,"order":"1912","store":"decc5fe692ea2728eab93f3eddc3828e6fe258eea6ff4860cc2ad8d8590c5757","knownMappings":675,"unknownMappings":32966},"9201":{"finalized":956,"deleted":954,"lastAt":1921602.024541,"order":"1911","store":"decc5fe692ea2728eab93f3eddc3828e6fe258eea6ff4860cc2ad8d8590c5757","knownMappings":676,"unknownMappings":31688}},"records":1912,"logicalBytes":1146960},"resourceTrendPass":false}
[pass] LP26-O05 active 9101
[pass] LP26-O05 active 9201
[pass] LP26-O03 deleted media absent
[pass] LP26-O03 deleted media absent
[pass] LP26-O03 deleted media absent
[pass] LP26-O03 deleted media absent
[pass] LP26-O03 deleted media absent
[pass] LP26-O03 deleted media absent
[current-observation] {"pid":26665,"startIdentity":"macos:1790137862:584770","sampledAt":1790139787765,"phaseAt":1926731.405375,"rssBytes":346849280,"threadCount":25,"fdCount":21,"mutationCount":7666,"typeCounts":{"recording_order_reserved":1920,"segment_v2_bound_finalized":1918,"segment_v2_state":1914,"segment_v2_deleted":1914},"identityBytes":1221707,"combinedLogicalIds":17250,"combinedLogicalBytes":2372261,"rotations":0,"partialBytes":0,"progress":{"elapsedMs":1923690.907667,"channels":{"9101":{"finalized":959,"deleted":957,"lastAt":1926731.405375,"order":"1918","store":"decc5fe692ea2728eab93f3eddc3828e6fe258eea6ff4860cc2ad8d8590c5757","knownMappings":676,"unknownMappings":33062},"9201":{"finalized":959,"deleted":957,"lastAt":1926731.405375,"order":"1917","store":"decc5fe692ea2728eab93f3eddc3828e6fe258eea6ff4860cc2ad8d8590c5757","knownMappings":678,"unknownMappings":31808}},"records":1918,"logicalBytes":1150554},"resourceTrendPass":false}
[pass] LP26-O05 active 9101
[pass] LP26-O05 active 9201
[pass] LP26-O03 deleted media absent
[pass] LP26-O03 deleted media absent
[pass] LP26-O03 deleted media absent
[pass] LP26-O03 deleted media absent
[pass] LP26-O03 deleted media absent
[pass] LP26-O03 deleted media absent
[current-observation] {"pid":26665,"startIdentity":"macos:1790137862:584770","sampledAt":1790139792908,"phaseAt":1931874.572541,"rssBytes":347095040,"threadCount":25,"fdCount":31,"mutationCount":7690,"typeCounts":{"recording_order_reserved":1926,"segment_v2_bound_finalized":1924,"segment_v2_state":1920,"segment_v2_deleted":1920},"identityBytes":1225535,"combinedLogicalIds":17304,"combinedLogicalBytes":2379701,"rotations":0,"partialBytes":0,"progress":{"elapsedMs":1928834.074833,"channels":{"9101":{"finalized":962,"deleted":960,"lastAt":1931874.572541,"order":"1924","store":"decc5fe692ea2728eab93f3eddc3828e6fe258eea6ff4860cc2ad8d8590c5757","knownMappings":679,"unknownMappings":33182},"9201":{"finalized":962,"deleted":960,"lastAt":1931874.572541,"order":"1923","store":"decc5fe692ea2728eab93f3eddc3828e6fe258eea6ff4860cc2ad8d8590c5757","knownMappings":679,"unknownMappings":31912}},"records":1924,"logicalBytes":1154166},"resourceTrendPass":false}
[pass] LP26-O05 active 9101
[pass] LP26-O05 active 9201
[pass] LP26-O03 deleted media absent
[pass] LP26-O03 deleted media absent
[pass] LP26-O03 deleted media absent
[pass] LP26-O03 deleted media absent
[current-observation] {"pid":26665,"startIdentity":"macos:1790137862:584770","sampledAt":1790139798061,"phaseAt":1937027.323083,"rssBytes":347176960,"threadCount":25,"fdCount":23,"mutationCount":7706,"typeCounts":{"recording_order_reserved":1930,"segment_v2_bound_finalized":1928,"segment_v2_state":1924,"segment_v2_deleted":1924},"identityBytes":1228087,"combinedLogicalIds":17340,"combinedLogicalBytes":2384655,"rotations":0,"partialBytes":0,"progress":{"elapsedMs":1933986.825375,"channels":{"9101":{"finalized":964,"deleted":962,"lastAt":1937027.323083,"order":"1928","store":"decc5fe692ea2728eab93f3eddc3828e6fe258eea6ff4860cc2ad8d8590c5757","knownMappings":681,"unknownMappings":33266},"9201":{"finalized":964,"deleted":962,"lastAt":1937027.323083,"order":"1927","store":"decc5fe692ea2728eab93f3eddc3828e6fe258eea6ff4860cc2ad8d8590c5757","knownMappings":679,"unknownMappings":31984}},"records":1928,"logicalBytes":1156568},"resourceTrendPass":false}
[pass] LP26-O05 active 9101
[pass] LP26-O05 active 9201
[pass] LP26-O03 deleted media absent
[pass] LP26-O03 deleted media absent
[pass] LP26-O03 deleted media absent
[pass] LP26-O03 deleted media absent
[pass] LP26-O03 deleted media absent
[pass] LP26-O03 deleted media absent
[current-observation] {"pid":26665,"startIdentity":"macos:1790137862:584770","sampledAt":1790139803200,"phaseAt":1942165.898833,"rssBytes":347422720,"threadCount":25,"fdCount":31,"mutationCount":7730,"typeCounts":{"recording_order_reserved":1936,"segment_v2_bound_finalized":1934,"segment_v2_state":1930,"segment_v2_deleted":1930},"identityBytes":1231915,"combinedLogicalIds":17394,"combinedLogicalBytes":2392077,"rotations":0,"partialBytes":0,"progress":{"elapsedMs":1939125.401125,"channels":{"9101":{"finalized":967,"deleted":965,"lastAt":1942165.898833,"order":"1934","store":"decc5fe692ea2728eab93f3eddc3828e6fe258eea6ff4860cc2ad8d8590c5757","knownMappings":681,"unknownMappings":33380},"9201":{"finalized":967,"deleted":965,"lastAt":1942165.898833,"order":"1933","store":"decc5fe692ea2728eab93f3eddc3828e6fe258eea6ff4860cc2ad8d8590c5757","knownMappings":681,"unknownMappings":32100}},"records":1934,"logicalBytes":1160162},"resourceTrendPass":false}
[pass] LP26-O05 active 9101
[pass] LP26-O05 active 9201
[pass] LP26-O03 deleted media absent
[pass] LP26-O03 deleted media absent
[pass] LP26-O03 deleted media absent
[pass] LP26-O03 deleted media absent
[current-observation] {"pid":26665,"startIdentity":"macos:1790137862:584770","sampledAt":1790139808354,"phaseAt":1947320.233291,"rssBytes":347488256,"threadCount":25,"fdCount":25,"mutationCount":7746,"typeCounts":{"recording_order_reserved":1940,"segment_v2_bound_finalized":1938,"segment_v2_state":1934,"segment_v2_deleted":1934},"identityBytes":1234467,"combinedLogicalIds":17430,"combinedLogicalBytes":2397031,"rotations":0,"partialBytes":0,"progress":{"elapsedMs":1944279.735583,"channels":{"9101":{"finalized":969,"deleted":967,"lastAt":1947320.233291,"order":"1938","store":"decc5fe692ea2728eab93f3eddc3828e6fe258eea6ff4860cc2ad8d8590c5757","knownMappings":683,"unknownMappings":33418},"9201":{"finalized":969,"deleted":967,"lastAt":1947320.233291,"order":"1937","store":"decc5fe692ea2728eab93f3eddc3828e6fe258eea6ff4860cc2ad8d8590c5757","knownMappings":682,"unknownMappings":32186}},"records":1938,"logicalBytes":1162564},"resourceTrendPass":false}
[pass] LP26-O05 active 9101
[pass] LP26-O05 active 9201
[pass] LP26-O03 deleted media absent
[pass] LP26-O03 deleted media absent
[pass] LP26-O03 deleted media absent
[pass] LP26-O03 deleted media absent
[pass] LP26-O03 deleted media absent
[pass] LP26-O03 deleted media absent
[current-observation] {"pid":26665,"startIdentity":"macos:1790137862:584770","sampledAt":1790139813491,"phaseAt":1952456.513666,"rssBytes":347734016,"threadCount":25,"fdCount":23,"mutationCount":7770,"typeCounts":{"recording_order_reserved":1946,"segment_v2_bound_finalized":1944,"segment_v2_state":1940,"segment_v2_deleted":1940},"identityBytes":1238295,"combinedLogicalIds":17484,"combinedLogicalBytes":2404471,"rotations":0,"partialBytes":0,"progress":{"elapsedMs":1949416.015958,"channels":{"9101":{"finalized":972,"deleted":970,"lastAt":1952456.513666,"order":"1944","store":"decc5fe692ea2728eab93f3eddc3828e6fe258eea6ff4860cc2ad8d8590c5757","knownMappings":685,"unknownMappings":33502},"9201":{"finalized":972,"deleted":970,"lastAt":1952456.513666,"order":"1943","store":"decc5fe692ea2728eab93f3eddc3828e6fe258eea6ff4860cc2ad8d8590c5757","knownMappings":684,"unknownMappings":32296}},"records":1944,"logicalBytes":1166176},"resourceTrendPass":false}
[pass] LP26-O05 active 9101
[pass] LP26-O05 active 9201
[pass] LP26-O03 deleted media absent
[pass] LP26-O03 deleted media absent
[pass] LP26-O03 deleted media absent
[pass] LP26-O03 deleted media absent
[current-observation] {"pid":26665,"startIdentity":"macos:1790137862:584770","sampledAt":1790139818633,"phaseAt":1957598.808083,"rssBytes":347897856,"threadCount":25,"fdCount":25,"mutationCount":7786,"typeCounts":{"recording_order_reserved":1950,"segment_v2_bound_finalized":1948,"segment_v2_state":1944,"segment_v2_deleted":1944},"identityBytes":1240847,"combinedLogicalIds":17520,"combinedLogicalBytes":2409425,"rotations":0,"partialBytes":0,"progress":{"elapsedMs":1954558.310375,"channels":{"9101":{"finalized":974,"deleted":972,"lastAt":1957598.808083,"order":"1948","store":"decc5fe692ea2728eab93f3eddc3828e6fe258eea6ff4860cc2ad8d8590c5757","knownMappings":685,"unknownMappings":33590},"9201":{"finalized":974,"deleted":972,"lastAt":1957598.808083,"order":"1947","store":"decc5fe692ea2728eab93f3eddc3828e6fe258eea6ff4860cc2ad8d8590c5757","knownMappings":686,"unknownMappings":32384}},"records":1948,"logicalBytes":1168578},"resourceTrendPass":false}
[pass] LP26-O05 active 9101
[pass] LP26-O05 active 9201
[pass] LP26-O03 deleted media absent
[pass] LP26-O03 deleted media absent
[pass] LP26-O03 deleted media absent
[pass] LP26-O03 deleted media absent
[pass] LP26-O03 deleted media absent
[pass] LP26-O03 deleted media absent
[current-observation] {"pid":26665,"startIdentity":"macos:1790137862:584770","sampledAt":1790139823775,"phaseAt":1962741.337333,"rssBytes":348028928,"threadCount":25,"fdCount":21,"mutationCount":7810,"typeCounts":{"recording_order_reserved":1956,"segment_v2_bound_finalized":1954,"segment_v2_state":1950,"segment_v2_deleted":1950},"identityBytes":1244675,"combinedLogicalIds":17574,"combinedLogicalBytes":2416847,"rotations":0,"partialBytes":0,"progress":{"elapsedMs":1959700.839625,"channels":{"9101":{"finalized":977,"deleted":975,"lastAt":1962741.337333,"order":"1954","store":"decc5fe692ea2728eab93f3eddc3828e6fe258eea6ff4860cc2ad8d8590c5757","knownMappings":687,"unknownMappings":33714},"9201":{"finalized":977,"deleted":975,"lastAt":1962741.337333,"order":"1953","store":"decc5fe692ea2728eab93f3eddc3828e6fe258eea6ff4860cc2ad8d8590c5757","knownMappings":689,"unknownMappings":32474}},"records":1954,"logicalBytes":1172172},"resourceTrendPass":false}
[pass] LP26-O05 active 9101
[pass] LP26-O05 active 9201
[pass] LP26-O03 deleted media absent
[pass] LP26-O03 deleted media absent
[pass] LP26-O03 deleted media absent
[pass] LP26-O03 deleted media absent
[pass] LP26-O03 deleted media absent
[pass] LP26-O03 deleted media absent
[current-observation] {"pid":26665,"startIdentity":"macos:1790137862:584770","sampledAt":1790139828924,"phaseAt":1967890.06,"rssBytes":348274688,"threadCount":25,"fdCount":31,"mutationCount":7834,"typeCounts":{"recording_order_reserved":1962,"segment_v2_bound_finalized":1960,"segment_v2_state":1956,"segment_v2_deleted":1956},"identityBytes":1248503,"combinedLogicalIds":17628,"combinedLogicalBytes":2424287,"rotations":0,"partialBytes":0,"progress":{"elapsedMs":1964849.562292,"channels":{"9101":{"finalized":980,"deleted":978,"lastAt":1967890.06,"order":"1960","store":"decc5fe692ea2728eab93f3eddc3828e6fe258eea6ff4860cc2ad8d8590c5757","knownMappings":689,"unknownMappings":33836},"9201":{"finalized":980,"deleted":978,"lastAt":1967890.06,"order":"1959","store":"decc5fe692ea2728eab93f3eddc3828e6fe258eea6ff4860cc2ad8d8590c5757","knownMappings":691,"unknownMappings":32600}},"records":1960,"logicalBytes":1175784},"resourceTrendPass":false}
[pass] LP26-O05 active 9101
[pass] LP26-O05 active 9201
[pass] LP26-O03 deleted media absent
[pass] LP26-O03 deleted media absent
[pass] LP26-O03 deleted media absent
[pass] LP26-O03 deleted media absent
[current-observation] {"pid":26665,"startIdentity":"macos:1790137862:584770","sampledAt":1790139834078,"phaseAt":1973043.748333,"rssBytes":348356608,"threadCount":25,"fdCount":21,"mutationCount":7850,"typeCounts":{"recording_order_reserved":1966,"segment_v2_bound_finalized":1964,"segment_v2_state":1960,"segment_v2_deleted":1960},"identityBytes":1251055,"combinedLogicalIds":17664,"combinedLogicalBytes":2429241,"rotations":0,"partialBytes":0,"progress":{"elapsedMs":1970003.250625,"channels":{"9101":{"finalized":982,"deleted":980,"lastAt":1973043.748333,"order":"1964","store":"decc5fe692ea2728eab93f3eddc3828e6fe258eea6ff4860cc2ad8d8590c5757","knownMappings":691,"unknownMappings":33886},"9201":{"finalized":982,"deleted":980,"lastAt":1973043.748333,"order":"1963","store":"decc5fe692ea2728eab93f3eddc3828e6fe258eea6ff4860cc2ad8d8590c5757","knownMappings":693,"unknownMappings":32654}},"records":1964,"logicalBytes":1178186},"resourceTrendPass":false}
[pass] LP26-O05 active 9101
[pass] LP26-O05 active 9201
[pass] LP26-O03 deleted media absent
[pass] LP26-O03 deleted media absent
[pass] LP26-O03 deleted media absent
[pass] LP26-O03 deleted media absent
[pass] LP26-O03 deleted media absent
[pass] LP26-O03 deleted media absent
[current-observation] {"pid":26665,"startIdentity":"macos:1790137862:584770","sampledAt":1790139839214,"phaseAt":1978180.270208,"rssBytes":348553216,"threadCount":25,"fdCount":31,"mutationCount":7874,"typeCounts":{"recording_order_reserved":1972,"segment_v2_bound_finalized":1970,"segment_v2_state":1966,"segment_v2_deleted":1966},"identityBytes":1254883,"combinedLogicalIds":17718,"combinedLogicalBytes":2436663,"rotations":0,"partialBytes":0,"progress":{"elapsedMs":1975139.7725,"channels":{"9101":{"finalized":985,"deleted":983,"lastAt":1978180.270208,"order":"1970","store":"decc5fe692ea2728eab93f3eddc3828e6fe258eea6ff4860cc2ad8d8590c5757","knownMappings":693,"unknownMappings":34018},"9201":{"finalized":985,"deleted":983,"lastAt":1978180.270208,"order":"1969","store":"decc5fe692ea2728eab93f3eddc3828e6fe258eea6ff4860cc2ad8d8590c5757","knownMappings":694,"unknownMappings":32762}},"records":1970,"logicalBytes":1181780},"resourceTrendPass":false}
[pass] LP26-O05 active 9101
[pass] LP26-O05 active 9201
[pass] LP26-O03 deleted media absent
[pass] LP26-O03 deleted media absent
[pass] LP26-O03 deleted media absent
[pass] LP26-O03 deleted media absent
[current-observation] {"pid":26665,"startIdentity":"macos:1790137862:584770","sampledAt":1790139844363,"phaseAt":1983328.819791,"rssBytes":348717056,"threadCount":25,"fdCount":25,"mutationCount":7890,"typeCounts":{"recording_order_reserved":1976,"segment_v2_bound_finalized":1974,"segment_v2_state":1970,"segment_v2_deleted":1970},"identityBytes":1257435,"combinedLogicalIds":17754,"combinedLogicalBytes":2441617,"rotations":0,"partialBytes":0,"progress":{"elapsedMs":1980288.322083,"channels":{"9101":{"finalized":987,"deleted":985,"lastAt":1983328.819791,"order":"1974","store":"decc5fe692ea2728eab93f3eddc3828e6fe258eea6ff4860cc2ad8d8590c5757","knownMappings":695,"unknownMappings":34102},"9201":{"finalized":987,"deleted":985,"lastAt":1983328.819791,"order":"1973","store":"decc5fe692ea2728eab93f3eddc3828e6fe258eea6ff4860cc2ad8d8590c5757","knownMappings":695,"unknownMappings":32818}},"records":1974,"logicalBytes":1184182},"resourceTrendPass":false}
[pass] LP26-O05 active 9101
[pass] LP26-O05 active 9201
[pass] LP26-O03 deleted media absent
[pass] LP26-O03 deleted media absent
[pass] LP26-O03 deleted media absent
[pass] LP26-O03 deleted media absent
[pass] LP26-O03 deleted media absent
[pass] LP26-O03 deleted media absent
[current-observation] {"pid":26665,"startIdentity":"macos:1790137862:584770","sampledAt":1790139849497,"phaseAt":1988462.820291,"rssBytes":348848128,"threadCount":25,"fdCount":31,"mutationCount":7914,"typeCounts":{"recording_order_reserved":1982,"segment_v2_bound_finalized":1980,"segment_v2_state":1976,"segment_v2_deleted":1976},"identityBytes":1261263,"combinedLogicalIds":17808,"combinedLogicalBytes":2449057,"rotations":0,"partialBytes":0,"progress":{"elapsedMs":1985422.322583,"channels":{"9101":{"finalized":990,"deleted":988,"lastAt":1988462.820291,"order":"1980","store":"decc5fe692ea2728eab93f3eddc3828e6fe258eea6ff4860cc2ad8d8590c5757","knownMappings":697,"unknownMappings":34164},"9201":{"finalized":990,"deleted":988,"lastAt":1988462.820291,"order":"1979","store":"decc5fe692ea2728eab93f3eddc3828e6fe258eea6ff4860cc2ad8d8590c5757","knownMappings":696,"unknownMappings":32936}},"records":1980,"logicalBytes":1187794},"resourceTrendPass":false}
[pass] LP26-O05 active 9101
[pass] LP26-O05 active 9201
[pass] LP26-O03 deleted media absent
[pass] LP26-O03 deleted media absent
[pass] LP26-O03 deleted media absent
[pass] LP26-O03 deleted media absent
[current-observation] {"pid":26665,"startIdentity":"macos:1790137862:584770","sampledAt":1790139854642,"phaseAt":1993607.783583,"rssBytes":349028352,"threadCount":25,"fdCount":25,"mutationCount":7930,"typeCounts":{"recording_order_reserved":1986,"segment_v2_bound_finalized":1984,"segment_v2_state":1980,"segment_v2_deleted":1980},"identityBytes":1263815,"combinedLogicalIds":17844,"combinedLogicalBytes":2454011,"rotations":0,"partialBytes":0,"progress":{"elapsedMs":1990567.285875,"channels":{"9101":{"finalized":992,"deleted":990,"lastAt":1993607.783583,"order":"1984","store":"decc5fe692ea2728eab93f3eddc3828e6fe258eea6ff4860cc2ad8d8590c5757","knownMappings":698,"unknownMappings":34256},"9201":{"finalized":992,"deleted":990,"lastAt":1993607.783583,"order":"1983","store":"decc5fe692ea2728eab93f3eddc3828e6fe258eea6ff4860cc2ad8d8590c5757","knownMappings":697,"unknownMappings":32988}},"records":1984,"logicalBytes":1190196},"resourceTrendPass":false}
[pass] LP26-O05 active 9101
[pass] LP26-O05 active 9201
[pass] LP26-O03 deleted media absent
[pass] LP26-O03 deleted media absent
[pass] LP26-O03 deleted media absent
[pass] LP26-O03 deleted media absent
[pass] LP26-O03 deleted media absent
[pass] LP26-O03 deleted media absent
[current-observation] {"pid":26665,"startIdentity":"macos:1790137862:584770","sampledAt":1790139859769,"phaseAt":1998734.995833,"rssBytes":349143040,"threadCount":25,"fdCount":21,"mutationCount":7954,"typeCounts":{"recording_order_reserved":1992,"segment_v2_bound_finalized":1990,"segment_v2_state":1986,"segment_v2_deleted":1986},"identityBytes":1267643,"combinedLogicalIds":17898,"combinedLogicalBytes":2461433,"rotations":0,"partialBytes":0,"progress":{"elapsedMs":1995694.498125,"channels":{"9101":{"finalized":995,"deleted":993,"lastAt":1998734.995833,"order":"1990","store":"decc5fe692ea2728eab93f3eddc3828e6fe258eea6ff4860cc2ad8d8590c5757","knownMappings":699,"unknownMappings":34360},"9201":{"finalized":995,"deleted":993,"lastAt":1998734.995833,"order":"1989","store":"decc5fe692ea2728eab93f3eddc3828e6fe258eea6ff4860cc2ad8d8590c5757","knownMappings":700,"unknownMappings":33080}},"records":1990,"logicalBytes":1193790},"resourceTrendPass":false}
[pass] LP26-O05 active 9101
[pass] LP26-O05 active 9201
[pass] LP26-O03 deleted media absent
[pass] LP26-O03 deleted media absent
[pass] LP26-O03 deleted media absent
[pass] LP26-O03 deleted media absent
[pass] LP26-O03 deleted media absent
[pass] LP26-O03 deleted media absent
[current-observation] {"pid":26665,"startIdentity":"macos:1790137862:584770","sampledAt":1790139864914,"phaseAt":2003879.368541,"rssBytes":349339648,"threadCount":25,"fdCount":31,"mutationCount":7978,"typeCounts":{"recording_order_reserved":1998,"segment_v2_bound_finalized":1996,"segment_v2_state":1992,"segment_v2_deleted":1992},"identityBytes":1271471,"combinedLogicalIds":17952,"combinedLogicalBytes":2468873,"rotations":0,"partialBytes":0,"progress":{"elapsedMs":2000838.870833,"channels":{"9101":{"finalized":998,"deleted":996,"lastAt":2003879.368541,"order":"1996","store":"decc5fe692ea2728eab93f3eddc3828e6fe258eea6ff4860cc2ad8d8590c5757","knownMappings":700,"unknownMappings":34464},"9201":{"finalized":998,"deleted":996,"lastAt":2003879.368541,"order":"1995","store":"decc5fe692ea2728eab93f3eddc3828e6fe258eea6ff4860cc2ad8d8590c5757","knownMappings":701,"unknownMappings":33172}},"records":1996,"logicalBytes":1197402},"resourceTrendPass":false}
[pass] LP26-O05 active 9101
[pass] LP26-O05 active 9201
[pass] LP26-O03 deleted media absent
[pass] LP26-O03 deleted media absent
[pass] LP26-O03 deleted media absent
[pass] LP26-O03 deleted media absent
[current-observation] {"pid":26665,"startIdentity":"macos:1790137862:584770","sampledAt":1790139870057,"phaseAt":2009022.920083,"rssBytes":349503488,"threadCount":25,"fdCount":21,"mutationCount":7994,"typeCounts":{"recording_order_reserved":2002,"segment_v2_bound_finalized":2000,"segment_v2_state":1996,"segment_v2_deleted":1996},"identityBytes":1274023,"combinedLogicalIds":17988,"combinedLogicalBytes":2473827,"rotations":0,"partialBytes":0,"progress":{"elapsedMs":2005982.422375,"channels":{"9101":{"finalized":1000,"deleted":998,"lastAt":2009022.920083,"order":"2000","store":"decc5fe692ea2728eab93f3eddc3828e6fe258eea6ff4860cc2ad8d8590c5757","knownMappings":701,"unknownMappings":34542},"9201":{"finalized":1000,"deleted":998,"lastAt":2009022.920083,"order":"1999","store":"decc5fe692ea2728eab93f3eddc3828e6fe258eea6ff4860cc2ad8d8590c5757","knownMappings":702,"unknownMappings":33210}},"records":2000,"logicalBytes":1199804},"resourceTrendPass":false}
[pass] LP26-O05 active 9101
[pass] LP26-O05 active 9201
[pass] LP26-O03 deleted media absent
[pass] LP26-O03 deleted media absent
[pass] LP26-O03 deleted media absent
[pass] LP26-O03 deleted media absent
[pass] LP26-O03 deleted media absent
[pass] LP26-O03 deleted media absent
[current-observation] {"pid":26665,"startIdentity":"macos:1790137862:584770","sampledAt":1790139875196,"phaseAt":2014161.410583,"rssBytes":349749248,"threadCount":25,"fdCount":31,"mutationCount":8018,"typeCounts":{"recording_order_reserved":2008,"segment_v2_bound_finalized":2006,"segment_v2_state":2002,"segment_v2_deleted":2002},"identityBytes":1277851,"combinedLogicalIds":18042,"combinedLogicalBytes":2481249,"rotations":0,"partialBytes":0,"progress":{"elapsedMs":2011120.912875,"channels":{"9101":{"finalized":1003,"deleted":1001,"lastAt":2014161.410583,"order":"2006","store":"decc5fe692ea2728eab93f3eddc3828e6fe258eea6ff4860cc2ad8d8590c5757","knownMappings":703,"unknownMappings":34628},"9201":{"finalized":1003,"deleted":1001,"lastAt":2014161.410583,"order":"2005","store":"decc5fe692ea2728eab93f3eddc3828e6fe258eea6ff4860cc2ad8d8590c5757","knownMappings":703,"unknownMappings":33338}},"records":2006,"logicalBytes":1203398},"resourceTrendPass":false}
[pass] LP26-O05 active 9101
[pass] LP26-O05 active 9201
[pass] LP26-O03 deleted media absent
[pass] LP26-O03 deleted media absent
[pass] LP26-O03 deleted media absent
[pass] LP26-O03 deleted media absent
[current-observation] {"pid":26665,"startIdentity":"macos:1790137862:584770","sampledAt":1790139880342,"phaseAt":2019307.538041,"rssBytes":349896704,"threadCount":25,"fdCount":25,"mutationCount":8034,"typeCounts":{"recording_order_reserved":2012,"segment_v2_bound_finalized":2010,"segment_v2_state":2006,"segment_v2_deleted":2006},"identityBytes":1280403,"combinedLogicalIds":18078,"combinedLogicalBytes":2486203,"rotations":0,"partialBytes":0,"progress":{"elapsedMs":2016267.040333,"channels":{"9101":{"finalized":1005,"deleted":1003,"lastAt":2019307.538041,"order":"2010","store":"decc5fe692ea2728eab93f3eddc3828e6fe258eea6ff4860cc2ad8d8590c5757","knownMappings":705,"unknownMappings":34710},"9201":{"finalized":1005,"deleted":1003,"lastAt":2019307.538041,"order":"2009","store":"decc5fe692ea2728eab93f3eddc3828e6fe258eea6ff4860cc2ad8d8590c5757","knownMappings":705,"unknownMappings":33420}},"records":2010,"logicalBytes":1205800},"resourceTrendPass":false}
[pass] LP26-O05 active 9101
[pass] LP26-O05 active 9201
[pass] LP26-O03 deleted media absent
[pass] LP26-O03 deleted media absent
[pass] LP26-O03 deleted media absent
[pass] LP26-O03 deleted media absent
[pass] LP26-O03 deleted media absent
[pass] LP26-O03 deleted media absent
[current-observation] {"pid":26665,"startIdentity":"macos:1790137862:584770","sampledAt":1790139885480,"phaseAt":2024445.872333,"rssBytes":350044160,"threadCount":25,"fdCount":31,"mutationCount":8058,"typeCounts":{"recording_order_reserved":2018,"segment_v2_bound_finalized":2016,"segment_v2_state":2012,"segment_v2_deleted":2012},"identityBytes":1284231,"combinedLogicalIds":18132,"combinedLogicalBytes":2493643,"rotations":0,"partialBytes":0,"progress":{"elapsedMs":2021405.374625,"channels":{"9101":{"finalized":1008,"deleted":1006,"lastAt":2024445.872333,"order":"2016","store":"decc5fe692ea2728eab93f3eddc3828e6fe258eea6ff4860cc2ad8d8590c5757","knownMappings":706,"unknownMappings":34814},"9201":{"finalized":1008,"deleted":1006,"lastAt":2024445.872333,"order":"2015","store":"decc5fe692ea2728eab93f3eddc3828e6fe258eea6ff4860cc2ad8d8590c5757","knownMappings":706,"unknownMappings":33540}},"records":2016,"logicalBytes":1209412},"resourceTrendPass":false}
[pass] LP26-O05 active 9101
[pass] LP26-O05 active 9201
[pass] LP26-O03 deleted media absent
[pass] LP26-O03 deleted media absent
[pass] LP26-O03 deleted media absent
[pass] LP26-O03 deleted media absent
[current-observation] {"pid":26665,"startIdentity":"macos:1790137862:584770","sampledAt":1790139890629,"phaseAt":2029594.238791,"rssBytes":350158848,"threadCount":25,"fdCount":25,"mutationCount":8074,"typeCounts":{"recording_order_reserved":2022,"segment_v2_bound_finalized":2020,"segment_v2_state":2016,"segment_v2_deleted":2016},"identityBytes":1286783,"combinedLogicalIds":18168,"combinedLogicalBytes":2498597,"rotations":0,"partialBytes":0,"progress":{"elapsedMs":2026553.741083,"channels":{"9101":{"finalized":1010,"deleted":1008,"lastAt":2029594.238791,"order":"2020","store":"decc5fe692ea2728eab93f3eddc3828e6fe258eea6ff4860cc2ad8d8590c5757","knownMappings":707,"unknownMappings":34888},"9201":{"finalized":1010,"deleted":1008,"lastAt":2029594.238791,"order":"2019","store":"decc5fe692ea2728eab93f3eddc3828e6fe258eea6ff4860cc2ad8d8590c5757","knownMappings":708,"unknownMappings":33606}},"records":2020,"logicalBytes":1211814},"resourceTrendPass":false}
[pass] LP26-O05 active 9101
[pass] LP26-O05 active 9201
[pass] LP26-O03 deleted media absent
[pass] LP26-O03 deleted media absent
[pass] LP26-O03 deleted media absent
[pass] LP26-O03 deleted media absent
[pass] LP26-O03 deleted media absent
[pass] LP26-O03 deleted media absent
[current-observation] {"pid":26665,"startIdentity":"macos:1790137862:584770","sampledAt":1790139895765,"phaseAt":2034730.947916,"rssBytes":350420992,"threadCount":25,"fdCount":22,"mutationCount":8098,"typeCounts":{"recording_order_reserved":2028,"segment_v2_bound_finalized":2026,"segment_v2_state":2022,"segment_v2_deleted":2022},"identityBytes":1290611,"combinedLogicalIds":18222,"combinedLogicalBytes":2506019,"rotations":0,"partialBytes":0,"progress":{"elapsedMs":2031690.450208,"channels":{"9101":{"finalized":1013,"deleted":1011,"lastAt":2034730.947916,"order":"2026","store":"decc5fe692ea2728eab93f3eddc3828e6fe258eea6ff4860cc2ad8d8590c5757","knownMappings":709,"unknownMappings":35016},"9201":{"finalized":1013,"deleted":1011,"lastAt":2034730.947916,"order":"2025","store":"decc5fe692ea2728eab93f3eddc3828e6fe258eea6ff4860cc2ad8d8590c5757","knownMappings":710,"unknownMappings":33738}},"records":2026,"logicalBytes":1215408},"resourceTrendPass":false}
[pass] LP26-O05 active 9101
[pass] LP26-O05 active 9201
[pass] LP26-O03 deleted media absent
[pass] LP26-O03 deleted media absent
[pass] LP26-O03 deleted media absent
[pass] LP26-O03 deleted media absent
[current-observation] {"pid":26665,"startIdentity":"macos:1790137862:584770","sampledAt":1790139900916,"phaseAt":2039881.668541,"rssBytes":350748672,"threadCount":25,"fdCount":23,"mutationCount":8118,"typeCounts":{"recording_order_reserved":2033,"segment_v2_bound_finalized":2032,"segment_v2_state":2027,"segment_v2_deleted":2026},"identityBytes":1293809,"combinedLogicalIds":18268,"combinedLogicalBytes":2512829,"rotations":0,"partialBytes":0,"progress":{"elapsedMs":2036841.170833,"channels":{"9101":{"finalized":1016,"deleted":1013,"lastAt":2039881.668541,"order":"2032","store":"decc5fe692ea2728eab93f3eddc3828e6fe258eea6ff4860cc2ad8d8590c5757","knownMappings":712,"unknownMappings":35122},"9201":{"finalized":1016,"deleted":1013,"lastAt":2039881.668541,"order":"2031","store":"decc5fe692ea2728eab93f3eddc3828e6fe258eea6ff4860cc2ad8d8590c5757","knownMappings":713,"unknownMappings":33842}},"records":2032,"logicalBytes":1219020},"resourceTrendPass":false}
[pass] LP26-O05 active 9101
[pass] LP26-O05 active 9201
[pass] LP26-O03 deleted media absent
[pass] LP26-O03 deleted media absent
[pass] LP26-O03 deleted media absent
[pass] LP26-O03 deleted media absent
[pass] LP26-O03 deleted media absent
[pass] LP26-O03 deleted media absent
[current-observation] {"pid":26665,"startIdentity":"macos:1790137862:584770","sampledAt":1790139906061,"phaseAt":2045026.610166,"rssBytes":350830592,"threadCount":25,"fdCount":21,"mutationCount":8138,"typeCounts":{"recording_order_reserved":2038,"segment_v2_bound_finalized":2036,"segment_v2_state":2032,"segment_v2_deleted":2032},"identityBytes":1296991,"combinedLogicalIds":18312,"combinedLogicalBytes":2518413,"rotations":0,"partialBytes":0,"progress":{"elapsedMs":2041986.112458,"channels":{"9101":{"finalized":1018,"deleted":1016,"lastAt":2045026.610166,"order":"2036","store":"decc5fe692ea2728eab93f3eddc3828e6fe258eea6ff4860cc2ad8d8590c5757","knownMappings":714,"unknownMappings":35196},"9201":{"finalized":1018,"deleted":1016,"lastAt":2045026.610166,"order":"2035","store":"decc5fe692ea2728eab93f3eddc3828e6fe258eea6ff4860cc2ad8d8590c5757","knownMappings":715,"unknownMappings":33926}},"records":2036,"logicalBytes":1221422},"resourceTrendPass":false}
[pass] LP26-O05 active 9101
[pass] LP26-O05 active 9201
[pass] LP26-O03 deleted media absent
[pass] LP26-O03 deleted media absent
[pass] LP26-O03 deleted media absent
[pass] LP26-O03 deleted media absent
[pass] LP26-O03 deleted media absent
[pass] LP26-O03 deleted media absent
[current-observation] {"pid":26665,"startIdentity":"macos:1790137862:584770","sampledAt":1790139911208,"phaseAt":2050173.440666,"rssBytes":350961664,"threadCount":25,"fdCount":31,"mutationCount":8162,"typeCounts":{"recording_order_reserved":2044,"segment_v2_bound_finalized":2042,"segment_v2_state":2038,"segment_v2_deleted":2038},"identityBytes":1300819,"combinedLogicalIds":18366,"combinedLogicalBytes":2525835,"rotations":0,"partialBytes":0,"progress":{"elapsedMs":2047132.9429579999,"channels":{"9101":{"finalized":1021,"deleted":1019,"lastAt":2050173.440666,"order":"2042","store":"decc5fe692ea2728eab93f3eddc3828e6fe258eea6ff4860cc2ad8d8590c5757","knownMappings":715,"unknownMappings":35286},"9201":{"finalized":1021,"deleted":1019,"lastAt":2050173.440666,"order":"2041","store":"decc5fe692ea2728eab93f3eddc3828e6fe258eea6ff4860cc2ad8d8590c5757","knownMappings":717,"unknownMappings":34010}},"records":2042,"logicalBytes":1225016},"resourceTrendPass":false}
[pass] LP26-O05 active 9101
[pass] LP26-O05 active 9201
[pass] LP26-O03 deleted media absent
[pass] LP26-O03 deleted media absent
[pass] LP26-O03 deleted media absent
[pass] LP26-O03 deleted media absent
[current-observation] {"pid":26665,"startIdentity":"macos:1790137862:584770","sampledAt":1790139916353,"phaseAt":2055318.206833,"rssBytes":351141888,"threadCount":25,"fdCount":25,"mutationCount":8178,"typeCounts":{"recording_order_reserved":2048,"segment_v2_bound_finalized":2046,"segment_v2_state":2042,"segment_v2_deleted":2042},"identityBytes":1303371,"combinedLogicalIds":18402,"combinedLogicalBytes":2530789,"rotations":0,"partialBytes":0,"progress":{"elapsedMs":2052277.709125,"channels":{"9101":{"finalized":1023,"deleted":1021,"lastAt":2055318.206833,"order":"2046","store":"decc5fe692ea2728eab93f3eddc3828e6fe258eea6ff4860cc2ad8d8590c5757","knownMappings":716,"unknownMappings":35372},"9201":{"finalized":1023,"deleted":1021,"lastAt":2055318.206833,"order":"2045","store":"decc5fe692ea2728eab93f3eddc3828e6fe258eea6ff4860cc2ad8d8590c5757","knownMappings":719,"unknownMappings":34100}},"records":2046,"logicalBytes":1227418},"resourceTrendPass":false}
[pass] LP26-O05 active 9101
[pass] LP26-O05 active 9201
[pass] LP26-O03 deleted media absent
[pass] LP26-O03 deleted media absent
[pass] LP26-O03 deleted media absent
[pass] LP26-O03 deleted media absent
[pass] LP26-O03 deleted media absent
[pass] LP26-O03 deleted media absent
[current-observation] {"pid":26665,"startIdentity":"macos:1790137862:584770","sampledAt":1790139921486,"phaseAt":2060451.203166,"rssBytes":351371264,"threadCount":25,"fdCount":31,"mutationCount":8202,"typeCounts":{"recording_order_reserved":2054,"segment_v2_bound_finalized":2052,"segment_v2_state":2048,"segment_v2_deleted":2048},"identityBytes":1307199,"combinedLogicalIds":18456,"combinedLogicalBytes":2538229,"rotations":0,"partialBytes":0,"progress":{"elapsedMs":2057410.705458,"channels":{"9101":{"finalized":1026,"deleted":1024,"lastAt":2060451.203166,"order":"2052","store":"decc5fe692ea2728eab93f3eddc3828e6fe258eea6ff4860cc2ad8d8590c5757","knownMappings":718,"unknownMappings":35484},"9201":{"finalized":1026,"deleted":1024,"lastAt":2060451.203166,"order":"2051","store":"decc5fe692ea2728eab93f3eddc3828e6fe258eea6ff4860cc2ad8d8590c5757","knownMappings":721,"unknownMappings":34204}},"records":2052,"logicalBytes":1231030},"resourceTrendPass":false}
[pass] LP26-O05 active 9101
[pass] LP26-O05 active 9201
[pass] LP26-O03 deleted media absent
[pass] LP26-O03 deleted media absent
[pass] LP26-O03 deleted media absent
[pass] LP26-O03 deleted media absent
[current-observation] {"pid":26665,"startIdentity":"macos:1790137862:584770","sampledAt":1790139926639,"phaseAt":2065604.096,"rssBytes":351420416,"threadCount":25,"fdCount":25,"mutationCount":8218,"typeCounts":{"recording_order_reserved":2058,"segment_v2_bound_finalized":2056,"segment_v2_state":2052,"segment_v2_deleted":2052},"identityBytes":1309751,"combinedLogicalIds":18492,"combinedLogicalBytes":2543183,"rotations":0,"partialBytes":0,"progress":{"elapsedMs":2062563.598292,"channels":{"9101":{"finalized":1028,"deleted":1026,"lastAt":2065604.096,"order":"2056","store":"decc5fe692ea2728eab93f3eddc3828e6fe258eea6ff4860cc2ad8d8590c5757","knownMappings":720,"unknownMappings":35528},"9201":{"finalized":1028,"deleted":1026,"lastAt":2065604.096,"order":"2055","store":"decc5fe692ea2728eab93f3eddc3828e6fe258eea6ff4860cc2ad8d8590c5757","knownMappings":723,"unknownMappings":34288}},"records":2056,"logicalBytes":1233432},"resourceTrendPass":false}
[pass] LP26-O05 active 9101
[pass] LP26-O05 active 9201
[pass] LP26-O03 deleted media absent
[pass] LP26-O03 deleted media absent
[pass] LP26-O03 deleted media absent
[pass] LP26-O03 deleted media absent
[pass] LP26-O03 deleted media absent
[pass] LP26-O03 deleted media absent
[current-observation] {"pid":26665,"startIdentity":"macos:1790137862:584770","sampledAt":1790139931775,"phaseAt":2070740.484083,"rssBytes":351518720,"threadCount":25,"fdCount":23,"mutationCount":8242,"typeCounts":{"recording_order_reserved":2064,"segment_v2_bound_finalized":2062,"segment_v2_state":2058,"segment_v2_deleted":2058},"identityBytes":1313579,"combinedLogicalIds":18546,"combinedLogicalBytes":2550605,"rotations":0,"partialBytes":0,"progress":{"elapsedMs":2067699.986375,"channels":{"9101":{"finalized":1031,"deleted":1029,"lastAt":2070740.484083,"order":"2062","store":"decc5fe692ea2728eab93f3eddc3828e6fe258eea6ff4860cc2ad8d8590c5757","knownMappings":722,"unknownMappings":35638},"9201":{"finalized":1031,"deleted":1029,"lastAt":2070740.484083,"order":"2061","store":"decc5fe692ea2728eab93f3eddc3828e6fe258eea6ff4860cc2ad8d8590c5757","knownMappings":725,"unknownMappings":34370}},"records":2062,"logicalBytes":1237026},"resourceTrendPass":false}
[pass] LP26-O05 active 9101
[pass] LP26-O05 active 9201
[pass] LP26-O03 deleted media absent
[pass] LP26-O03 deleted media absent
[pass] LP26-O03 deleted media absent
[pass] LP26-O03 deleted media absent
[current-observation] {"pid":26665,"startIdentity":"macos:1790137862:584770","sampledAt":1790139936919,"phaseAt":2075884.560916,"rssBytes":351633408,"threadCount":25,"fdCount":27,"mutationCount":8258,"typeCounts":{"recording_order_reserved":2068,"segment_v2_bound_finalized":2066,"segment_v2_state":2062,"segment_v2_deleted":2062},"identityBytes":1316131,"combinedLogicalIds":18582,"combinedLogicalBytes":2555558,"rotations":0,"partialBytes":0,"progress":{"elapsedMs":2072844.063208,"channels":{"9101":{"finalized":1033,"deleted":1031,"lastAt":2075884.560916,"order":"2066","store":"decc5fe692ea2728eab93f3eddc3828e6fe258eea6ff4860cc2ad8d8590c5757","knownMappings":723,"unknownMappings":35692},"9201":{"finalized":1033,"deleted":1031,"lastAt":2075884.560916,"order":"2065","store":"decc5fe692ea2728eab93f3eddc3828e6fe258eea6ff4860cc2ad8d8590c5757","knownMappings":727,"unknownMappings":34452}},"records":2066,"logicalBytes":1239427},"resourceTrendPass":false}
[pass] LP26-O05 active 9101
[pass] LP26-O05 active 9201
[pass] LP26-O03 deleted media absent
[pass] LP26-O03 deleted media absent
[pass] LP26-O03 deleted media absent
[pass] LP26-O03 deleted media absent
[pass] LP26-O03 deleted media absent
[pass] LP26-O03 deleted media absent
[current-observation] {"pid":26665,"startIdentity":"macos:1790137862:584770","sampledAt":1790139942055,"phaseAt":2081020.05175,"rssBytes":351830016,"threadCount":25,"fdCount":21,"mutationCount":8282,"typeCounts":{"recording_order_reserved":2074,"segment_v2_bound_finalized":2072,"segment_v2_state":2068,"segment_v2_deleted":2068},"identityBytes":1319959,"combinedLogicalIds":18636,"combinedLogicalBytes":2562998,"rotations":0,"partialBytes":0,"progress":{"elapsedMs":2077979.554042,"channels":{"9101":{"finalized":1036,"deleted":1034,"lastAt":2081020.05175,"order":"2072","store":"decc5fe692ea2728eab93f3eddc3828e6fe258eea6ff4860cc2ad8d8590c5757","knownMappings":724,"unknownMappings":35758},"9201":{"finalized":1036,"deleted":1034,"lastAt":2081020.05175,"order":"2071","store":"decc5fe692ea2728eab93f3eddc3828e6fe258eea6ff4860cc2ad8d8590c5757","knownMappings":729,"unknownMappings":34578}},"records":2072,"logicalBytes":1243039},"resourceTrendPass":false}
[pass] LP26-O05 active 9101
[pass] LP26-O05 active 9201
[pass] LP26-O03 deleted media absent
[pass] LP26-O03 deleted media absent
[pass] LP26-O03 deleted media absent
[pass] LP26-O03 deleted media absent
[pass] LP26-O03 deleted media absent
[pass] LP26-O03 deleted media absent
[current-observation] {"pid":26665,"startIdentity":"macos:1790137862:584770","sampledAt":1790139947200,"phaseAt":2086164.784041,"rssBytes":351911936,"threadCount":25,"fdCount":31,"mutationCount":8306,"typeCounts":{"recording_order_reserved":2080,"segment_v2_bound_finalized":2078,"segment_v2_state":2074,"segment_v2_deleted":2074},"identityBytes":1323787,"combinedLogicalIds":18690,"combinedLogicalBytes":2570420,"rotations":0,"partialBytes":0,"progress":{"elapsedMs":2083124.286333,"channels":{"9101":{"finalized":1039,"deleted":1037,"lastAt":2086164.784041,"order":"2078","store":"decc5fe692ea2728eab93f3eddc3828e6fe258eea6ff4860cc2ad8d8590c5757","knownMappings":727,"unknownMappings":35800},"9201":{"finalized":1039,"deleted":1037,"lastAt":2086164.784041,"order":"2077","store":"decc5fe692ea2728eab93f3eddc3828e6fe258eea6ff4860cc2ad8d8590c5757","knownMappings":731,"unknownMappings":34654}},"records":2078,"logicalBytes":1246633},"resourceTrendPass":false}
[pass] LP26-O05 active 9101
[pass] LP26-O05 active 9201
[pass] LP26-O03 deleted media absent
[pass] LP26-O03 deleted media absent
[pass] LP26-O03 deleted media absent
[pass] LP26-O03 deleted media absent
[current-observation] {"pid":26665,"startIdentity":"macos:1790137862:584770","sampledAt":1790139952337,"phaseAt":2091302.048208,"rssBytes":352010240,"threadCount":25,"fdCount":23,"mutationCount":8322,"typeCounts":{"recording_order_reserved":2084,"segment_v2_bound_finalized":2082,"segment_v2_state":2078,"segment_v2_deleted":2078},"identityBytes":1326339,"combinedLogicalIds":18726,"combinedLogicalBytes":2575374,"rotations":0,"partialBytes":0,"progress":{"elapsedMs":2088261.5505,"channels":{"9101":{"finalized":1041,"deleted":1039,"lastAt":2091302.048208,"order":"2082","store":"decc5fe692ea2728eab93f3eddc3828e6fe258eea6ff4860cc2ad8d8590c5757","knownMappings":729,"unknownMappings":35834},"9201":{"finalized":1041,"deleted":1039,"lastAt":2091302.048208,"order":"2081","store":"decc5fe692ea2728eab93f3eddc3828e6fe258eea6ff4860cc2ad8d8590c5757","knownMappings":732,"unknownMappings":34702}},"records":2082,"logicalBytes":1249035},"resourceTrendPass":false}
[pass] LP26-O05 active 9101
[pass] LP26-O05 active 9201
[pass] LP26-O03 deleted media absent
[pass] LP26-O03 deleted media absent
[pass] LP26-O03 deleted media absent
[pass] LP26-O03 deleted media absent
[pass] LP26-O03 deleted media absent
[pass] LP26-O03 deleted media absent
[current-observation] {"pid":26665,"startIdentity":"macos:1790137862:584770","sampledAt":1790139957463,"phaseAt":2096427.899416,"rssBytes":352223232,"threadCount":25,"fdCount":31,"mutationCount":8346,"typeCounts":{"recording_order_reserved":2090,"segment_v2_bound_finalized":2088,"segment_v2_state":2084,"segment_v2_deleted":2084},"identityBytes":1330167,"combinedLogicalIds":18780,"combinedLogicalBytes":2582814,"rotations":0,"partialBytes":0,"progress":{"elapsedMs":2093387.4017079999,"channels":{"9101":{"finalized":1044,"deleted":1042,"lastAt":2096427.899416,"order":"2088","store":"decc5fe692ea2728eab93f3eddc3828e6fe258eea6ff4860cc2ad8d8590c5757","knownMappings":731,"unknownMappings":35942},"9201":{"finalized":1044,"deleted":1042,"lastAt":2096427.899416,"order":"2087","store":"decc5fe692ea2728eab93f3eddc3828e6fe258eea6ff4860cc2ad8d8590c5757","knownMappings":735,"unknownMappings":34830}},"records":2088,"logicalBytes":1252647},"resourceTrendPass":false}
[pass] LP26-O05 active 9101
[pass] LP26-O05 active 9201
[pass] LP26-O03 deleted media absent
[pass] LP26-O03 deleted media absent
[pass] LP26-O03 deleted media absent
[pass] LP26-O03 deleted media absent
[current-observation] {"pid":26665,"startIdentity":"macos:1790137862:584770","sampledAt":1790139962607,"phaseAt":2101571.97725,"rssBytes":352534528,"threadCount":25,"fdCount":25,"mutationCount":8362,"typeCounts":{"recording_order_reserved":2094,"segment_v2_bound_finalized":2092,"segment_v2_state":2088,"segment_v2_deleted":2088},"identityBytes":1332719,"combinedLogicalIds":18816,"combinedLogicalBytes":2587768,"rotations":0,"partialBytes":0,"progress":{"elapsedMs":2098531.479542,"channels":{"9101":{"finalized":1046,"deleted":1044,"lastAt":2101571.97725,"order":"2092","store":"decc5fe692ea2728eab93f3eddc3828e6fe258eea6ff4860cc2ad8d8590c5757","knownMappings":732,"unknownMappings":36028},"9201":{"finalized":1046,"deleted":1044,"lastAt":2101571.97725,"order":"2091","store":"decc5fe692ea2728eab93f3eddc3828e6fe258eea6ff4860cc2ad8d8590c5757","knownMappings":736,"unknownMappings":34918}},"records":2092,"logicalBytes":1255049},"resourceTrendPass":false}
[pass] LP26-O05 active 9101
[pass] LP26-O05 active 9201
[pass] LP26-O03 deleted media absent
[pass] LP26-O03 deleted media absent
[pass] LP26-O03 deleted media absent
[pass] LP26-O03 deleted media absent
[pass] LP26-O03 deleted media absent
[pass] LP26-O03 deleted media absent
[current-observation] {"pid":26665,"startIdentity":"macos:1790137862:584770","sampledAt":1790139967750,"phaseAt":2106715.639041,"rssBytes":352780288,"threadCount":25,"fdCount":23,"mutationCount":8386,"typeCounts":{"recording_order_reserved":2100,"segment_v2_bound_finalized":2098,"segment_v2_state":2094,"segment_v2_deleted":2094},"identityBytes":1336547,"combinedLogicalIds":18870,"combinedLogicalBytes":2595190,"rotations":0,"partialBytes":0,"progress":{"elapsedMs":2103675.1413330003,"channels":{"9101":{"finalized":1049,"deleted":1047,"lastAt":2106715.639041,"order":"2098","store":"decc5fe692ea2728eab93f3eddc3828e6fe258eea6ff4860cc2ad8d8590c5757","knownMappings":734,"unknownMappings":36162},"9201":{"finalized":1049,"deleted":1047,"lastAt":2106715.639041,"order":"2097","store":"decc5fe692ea2728eab93f3eddc3828e6fe258eea6ff4860cc2ad8d8590c5757","knownMappings":737,"unknownMappings":35028}},"records":2098,"logicalBytes":1258643},"resourceTrendPass":false}
[pass] LP26-O05 active 9101
[pass] LP26-O05 active 9201
[pass] LP26-O03 deleted media absent
[pass] LP26-O03 deleted media absent
[pass] LP26-O03 deleted media absent
[pass] LP26-O03 deleted media absent
[current-observation] {"pid":26665,"startIdentity":"macos:1790137862:584770","sampledAt":1790139972905,"phaseAt":2111870.555625,"rssBytes":352845824,"threadCount":25,"fdCount":25,"mutationCount":8402,"typeCounts":{"recording_order_reserved":2104,"segment_v2_bound_finalized":2102,"segment_v2_state":2098,"segment_v2_deleted":2098},"identityBytes":1339099,"combinedLogicalIds":18906,"combinedLogicalBytes":2600144,"rotations":0,"partialBytes":0,"progress":{"elapsedMs":2108830.0579170003,"channels":{"9101":{"finalized":1051,"deleted":1049,"lastAt":2111870.555625,"order":"2102","store":"decc5fe692ea2728eab93f3eddc3828e6fe258eea6ff4860cc2ad8d8590c5757","knownMappings":735,"unknownMappings":36244},"9201":{"finalized":1051,"deleted":1049,"lastAt":2111870.555625,"order":"2101","store":"decc5fe692ea2728eab93f3eddc3828e6fe258eea6ff4860cc2ad8d8590c5757","knownMappings":739,"unknownMappings":35090}},"records":2102,"logicalBytes":1261045},"resourceTrendPass":false}
[pass] LP26-O05 active 9101
[pass] LP26-O05 active 9201
[pass] LP26-O03 deleted media absent
[pass] LP26-O03 deleted media absent
[pass] LP26-O03 deleted media absent
[pass] LP26-O03 deleted media absent
[pass] LP26-O03 deleted media absent
[pass] LP26-O03 deleted media absent
[current-observation] {"pid":26665,"startIdentity":"macos:1790137862:584770","sampledAt":1790139978041,"phaseAt":2117005.969625,"rssBytes":353026048,"threadCount":25,"fdCount":21,"mutationCount":8426,"typeCounts":{"recording_order_reserved":2110,"segment_v2_bound_finalized":2108,"segment_v2_state":2104,"segment_v2_deleted":2104},"identityBytes":1342927,"combinedLogicalIds":18960,"combinedLogicalBytes":2607584,"rotations":0,"partialBytes":0,"progress":{"elapsedMs":2113965.471917,"channels":{"9101":{"finalized":1054,"deleted":1052,"lastAt":2117005.969625,"order":"2108","store":"decc5fe692ea2728eab93f3eddc3828e6fe258eea6ff4860cc2ad8d8590c5757","knownMappings":737,"unknownMappings":36338},"9201":{"finalized":1054,"deleted":1052,"lastAt":2117005.969625,"order":"2107","store":"decc5fe692ea2728eab93f3eddc3828e6fe258eea6ff4860cc2ad8d8590c5757","knownMappings":741,"unknownMappings":35176}},"records":2108,"logicalBytes":1264657},"resourceTrendPass":false}
[pass] LP26-O05 active 9101
[pass] LP26-O05 active 9201
[pass] LP26-O03 deleted media absent
[pass] LP26-O03 deleted media absent
[pass] LP26-O03 deleted media absent
[pass] LP26-O03 deleted media absent
[pass] LP26-O03 deleted media absent
[pass] LP26-O03 deleted media absent
[current-observation] {"pid":26665,"startIdentity":"macos:1790137862:584770","sampledAt":1790139983188,"phaseAt":2122152.758041,"rssBytes":353304576,"threadCount":25,"fdCount":31,"mutationCount":8450,"typeCounts":{"recording_order_reserved":2116,"segment_v2_bound_finalized":2114,"segment_v2_state":2110,"segment_v2_deleted":2110},"identityBytes":1346755,"combinedLogicalIds":19014,"combinedLogicalBytes":2615006,"rotations":0,"partialBytes":0,"progress":{"elapsedMs":2119112.260333,"channels":{"9101":{"finalized":1057,"deleted":1055,"lastAt":2122152.758041,"order":"2114","store":"decc5fe692ea2728eab93f3eddc3828e6fe258eea6ff4860cc2ad8d8590c5757","knownMappings":739,"unknownMappings":36464},"9201":{"finalized":1057,"deleted":1055,"lastAt":2122152.758041,"order":"2113","store":"decc5fe692ea2728eab93f3eddc3828e6fe258eea6ff4860cc2ad8d8590c5757","knownMappings":743,"unknownMappings":35316}},"records":2114,"logicalBytes":1268251},"resourceTrendPass":false}
[pass] LP26-O05 active 9101
[pass] LP26-O05 active 9201
[pass] LP26-O03 deleted media absent
[pass] LP26-O03 deleted media absent
[pass] LP26-O03 deleted media absent
[pass] LP26-O03 deleted media absent
[current-observation] {"pid":26665,"startIdentity":"macos:1790137862:584770","sampledAt":1790139988338,"phaseAt":2127302.961375,"rssBytes":353370112,"threadCount":25,"fdCount":21,"mutationCount":8466,"typeCounts":{"recording_order_reserved":2120,"segment_v2_bound_finalized":2118,"segment_v2_state":2114,"segment_v2_deleted":2114},"identityBytes":1349307,"combinedLogicalIds":19050,"combinedLogicalBytes":2619960,"rotations":0,"partialBytes":0,"progress":{"elapsedMs":2124262.463667,"channels":{"9101":{"finalized":1059,"deleted":1057,"lastAt":2127302.961375,"order":"2118","store":"decc5fe692ea2728eab93f3eddc3828e6fe258eea6ff4860cc2ad8d8590c5757","knownMappings":740,"unknownMappings":36532},"9201":{"finalized":1059,"deleted":1057,"lastAt":2127302.961375,"order":"2117","store":"decc5fe692ea2728eab93f3eddc3828e6fe258eea6ff4860cc2ad8d8590c5757","knownMappings":745,"unknownMappings":35410}},"records":2118,"logicalBytes":1270653},"resourceTrendPass":false}
[pass] LP26-O05 active 9101
[pass] LP26-O05 active 9201
[pass] LP26-O03 deleted media absent
[pass] LP26-O03 deleted media absent
[pass] LP26-O03 deleted media absent
[pass] LP26-O03 deleted media absent
[pass] LP26-O03 deleted media absent
[pass] LP26-O03 deleted media absent
[current-observation] {"pid":26665,"startIdentity":"macos:1790137862:584770","sampledAt":1790139993483,"phaseAt":2132448.400041,"rssBytes":353501184,"threadCount":25,"fdCount":31,"mutationCount":8490,"typeCounts":{"recording_order_reserved":2126,"segment_v2_bound_finalized":2124,"segment_v2_state":2120,"segment_v2_deleted":2120},"identityBytes":1353135,"combinedLogicalIds":19104,"combinedLogicalBytes":2627400,"rotations":0,"partialBytes":0,"progress":{"elapsedMs":2129407.902333,"channels":{"9101":{"finalized":1062,"deleted":1060,"lastAt":2132448.400041,"order":"2124","store":"decc5fe692ea2728eab93f3eddc3828e6fe258eea6ff4860cc2ad8d8590c5757","knownMappings":742,"unknownMappings":36628},"9201":{"finalized":1062,"deleted":1060,"lastAt":2132448.400041,"order":"2123","store":"decc5fe692ea2728eab93f3eddc3828e6fe258eea6ff4860cc2ad8d8590c5757","knownMappings":745,"unknownMappings":35546}},"records":2124,"logicalBytes":1274265},"resourceTrendPass":false}
[pass] LP26-O05 active 9101
[pass] LP26-O05 active 9201
[pass] LP26-O03 deleted media absent
[pass] LP26-O03 deleted media absent
[pass] LP26-O03 deleted media absent
[pass] LP26-O03 deleted media absent
[current-observation] {"pid":26665,"startIdentity":"macos:1790137862:584770","sampledAt":1790139998634,"phaseAt":2137599.215208,"rssBytes":353665024,"threadCount":25,"fdCount":25,"mutationCount":8506,"typeCounts":{"recording_order_reserved":2130,"segment_v2_bound_finalized":2128,"segment_v2_state":2124,"segment_v2_deleted":2124},"identityBytes":1355687,"combinedLogicalIds":19140,"combinedLogicalBytes":2632354,"rotations":0,"partialBytes":0,"progress":{"elapsedMs":2134558.7175000003,"channels":{"9101":{"finalized":1064,"deleted":1062,"lastAt":2137599.215208,"order":"2128","store":"decc5fe692ea2728eab93f3eddc3828e6fe258eea6ff4860cc2ad8d8590c5757","knownMappings":744,"unknownMappings":36710},"9201":{"finalized":1064,"deleted":1062,"lastAt":2137599.215208,"order":"2127","store":"decc5fe692ea2728eab93f3eddc3828e6fe258eea6ff4860cc2ad8d8590c5757","knownMappings":747,"unknownMappings":35632}},"records":2128,"logicalBytes":1276667},"resourceTrendPass":false}
[pass] LP26-O05 active 9101
[pass] LP26-O05 active 9201
[pass] LP26-O03 deleted media absent
[pass] LP26-O03 deleted media absent
[pass] LP26-O03 deleted media absent
[pass] LP26-O03 deleted media absent
[pass] LP26-O03 deleted media absent
[pass] LP26-O03 deleted media absent
[current-observation] {"pid":26665,"startIdentity":"macos:1790137862:584770","sampledAt":1790140003773,"phaseAt":2142737.704708,"rssBytes":353730560,"threadCount":25,"fdCount":27,"mutationCount":8530,"typeCounts":{"recording_order_reserved":2136,"segment_v2_bound_finalized":2134,"segment_v2_state":2130,"segment_v2_deleted":2130},"identityBytes":1359515,"combinedLogicalIds":19194,"combinedLogicalBytes":2639776,"rotations":0,"partialBytes":0,"progress":{"elapsedMs":2139697.2070000004,"channels":{"9101":{"finalized":1067,"deleted":1065,"lastAt":2142737.704708,"order":"2134","store":"decc5fe692ea2728eab93f3eddc3828e6fe258eea6ff4860cc2ad8d8590c5757","knownMappings":747,"unknownMappings":36810},"9201":{"finalized":1067,"deleted":1065,"lastAt":2142737.704708,"order":"2133","store":"decc5fe692ea2728eab93f3eddc3828e6fe258eea6ff4860cc2ad8d8590c5757","knownMappings":750,"unknownMappings":35748}},"records":2134,"logicalBytes":1280261},"resourceTrendPass":false}
[pass] LP26-O05 active 9101
[pass] LP26-O05 active 9201
[pass] LP26-O03 deleted media absent
[pass] LP26-O03 deleted media absent
[pass] LP26-O03 deleted media absent
[pass] LP26-O03 deleted media absent
[current-observation] {"pid":26665,"startIdentity":"macos:1790137862:584770","sampledAt":1790140008928,"phaseAt":2147893.34675,"rssBytes":353943552,"threadCount":25,"fdCount":25,"mutationCount":8546,"typeCounts":{"recording_order_reserved":2140,"segment_v2_bound_finalized":2138,"segment_v2_state":2134,"segment_v2_deleted":2134},"identityBytes":1362067,"combinedLogicalIds":19230,"combinedLogicalBytes":2644730,"rotations":0,"partialBytes":0,"progress":{"elapsedMs":2144852.8490420002,"channels":{"9101":{"finalized":1069,"deleted":1067,"lastAt":2147893.34675,"order":"2138","store":"decc5fe692ea2728eab93f3eddc3828e6fe258eea6ff4860cc2ad8d8590c5757","knownMappings":748,"unknownMappings":36856},"9201":{"finalized":1069,"deleted":1067,"lastAt":2147893.34675,"order":"2137","store":"decc5fe692ea2728eab93f3eddc3828e6fe258eea6ff4860cc2ad8d8590c5757","knownMappings":752,"unknownMappings":35820}},"records":2138,"logicalBytes":1282663},"resourceTrendPass":false}
[pass] LP26-O05 active 9101
[pass] LP26-O05 active 9201
[pass] LP26-O03 deleted media absent
[pass] LP26-O03 deleted media absent
[pass] LP26-O03 deleted media absent
[pass] LP26-O03 deleted media absent
[pass] LP26-O03 deleted media absent
[pass] LP26-O03 deleted media absent
[current-observation] {"pid":26665,"startIdentity":"macos:1790137862:584770","sampledAt":1790140014058,"phaseAt":2153022.358791,"rssBytes":354107392,"threadCount":25,"fdCount":21,"mutationCount":8570,"typeCounts":{"recording_order_reserved":2146,"segment_v2_bound_finalized":2144,"segment_v2_state":2140,"segment_v2_deleted":2140},"identityBytes":1365895,"combinedLogicalIds":19284,"combinedLogicalBytes":2652170,"rotations":0,"partialBytes":0,"progress":{"elapsedMs":2149981.8610830004,"channels":{"9101":{"finalized":1072,"deleted":1070,"lastAt":2153022.358791,"order":"2144","store":"decc5fe692ea2728eab93f3eddc3828e6fe258eea6ff4860cc2ad8d8590c5757","knownMappings":751,"unknownMappings":36962},"9201":{"finalized":1072,"deleted":1070,"lastAt":2153022.358791,"order":"2143","store":"decc5fe692ea2728eab93f3eddc3828e6fe258eea6ff4860cc2ad8d8590c5757","knownMappings":754,"unknownMappings":35910}},"records":2144,"logicalBytes":1286275},"resourceTrendPass":false}
[pass] LP26-O05 active 9101
[pass] LP26-O05 active 9201
[pass] LP26-O03 deleted media absent
[pass] LP26-O03 deleted media absent
[pass] LP26-O03 deleted media absent
[pass] LP26-O03 deleted media absent
[pass] LP26-O03 deleted media absent
[pass] LP26-O03 deleted media absent
[current-observation] {"pid":26665,"startIdentity":"macos:1790137862:584770","sampledAt":1790140019204,"phaseAt":2158167.308208,"rssBytes":354304000,"threadCount":25,"fdCount":31,"mutationCount":8594,"typeCounts":{"recording_order_reserved":2152,"segment_v2_bound_finalized":2150,"segment_v2_state":2146,"segment_v2_deleted":2146},"identityBytes":1369723,"combinedLogicalIds":19338,"combinedLogicalBytes":2659592,"rotations":0,"partialBytes":0,"progress":{"elapsedMs":2155126.8105,"channels":{"9101":{"finalized":1075,"deleted":1073,"lastAt":2158167.308208,"order":"2150","store":"decc5fe692ea2728eab93f3eddc3828e6fe258eea6ff4860cc2ad8d8590c5757","knownMappings":754,"unknownMappings":37044},"9201":{"finalized":1075,"deleted":1073,"lastAt":2158167.308208,"order":"2149","store":"decc5fe692ea2728eab93f3eddc3828e6fe258eea6ff4860cc2ad8d8590c5757","knownMappings":756,"unknownMappings":35996}},"records":2150,"logicalBytes":1289869},"resourceTrendPass":false}
[pass] LP26-O05 active 9101
[pass] LP26-O05 active 9201
[pass] LP26-O03 deleted media absent
[pass] LP26-O03 deleted media absent
[pass] LP26-O03 deleted media absent
[pass] LP26-O03 deleted media absent
[current-observation] {"pid":26665,"startIdentity":"macos:1790137862:584770","sampledAt":1790140024357,"phaseAt":2163319.785541,"rssBytes":354435072,"threadCount":25,"fdCount":21,"mutationCount":8610,"typeCounts":{"recording_order_reserved":2156,"segment_v2_bound_finalized":2154,"segment_v2_state":2150,"segment_v2_deleted":2150},"identityBytes":1372275,"combinedLogicalIds":19374,"combinedLogicalBytes":2664546,"rotations":0,"partialBytes":0,"progress":{"elapsedMs":2160279.287833,"channels":{"9101":{"finalized":1077,"deleted":1075,"lastAt":2163319.785541,"order":"2154","store":"decc5fe692ea2728eab93f3eddc3828e6fe258eea6ff4860cc2ad8d8590c5757","knownMappings":755,"unknownMappings":37128},"9201":{"finalized":1077,"deleted":1075,"lastAt":2163319.785541,"order":"2153","store":"decc5fe692ea2728eab93f3eddc3828e6fe258eea6ff4860cc2ad8d8590c5757","knownMappings":758,"unknownMappings":36070}},"records":2154,"logicalBytes":1292271},"resourceTrendPass":false}
[pass] LP26-O05 active 9101
[pass] LP26-O05 active 9201
[pass] LP26-O03 deleted media absent
[pass] LP26-O03 deleted media absent
[pass] LP26-O03 deleted media absent
[pass] LP26-O03 deleted media absent
[pass] LP26-O03 deleted media absent
[pass] LP26-O03 deleted media absent
[current-observation] {"pid":26665,"startIdentity":"macos:1790137862:584770","sampledAt":1790140029492,"phaseAt":2168454.782375,"rssBytes":354598912,"threadCount":25,"fdCount":31,"mutationCount":8634,"typeCounts":{"recording_order_reserved":2162,"segment_v2_bound_finalized":2160,"segment_v2_state":2156,"segment_v2_deleted":2156},"identityBytes":1376103,"combinedLogicalIds":19428,"combinedLogicalBytes":2671986,"rotations":0,"partialBytes":0,"progress":{"elapsedMs":2165414.284667,"channels":{"9101":{"finalized":1080,"deleted":1078,"lastAt":2168454.782375,"order":"2160","store":"decc5fe692ea2728eab93f3eddc3828e6fe258eea6ff4860cc2ad8d8590c5757","knownMappings":756,"unknownMappings":37260},"9201":{"finalized":1080,"deleted":1078,"lastAt":2168454.782375,"order":"2159","store":"decc5fe692ea2728eab93f3eddc3828e6fe258eea6ff4860cc2ad8d8590c5757","knownMappings":760,"unknownMappings":36160}},"records":2160,"logicalBytes":1295883},"resourceTrendPass":false}
[pass] LP26-O05 active 9101
[pass] LP26-O05 active 9201
[pass] LP26-O03 deleted media absent
[pass] LP26-O03 deleted media absent
[pass] LP26-O03 deleted media absent
[pass] LP26-O03 deleted media absent
[current-observation] {"pid":26665,"startIdentity":"macos:1790137862:584770","sampledAt":1790140034650,"phaseAt":2173612.641458,"rssBytes":354598912,"threadCount":25,"fdCount":25,"mutationCount":8650,"typeCounts":{"recording_order_reserved":2166,"segment_v2_bound_finalized":2164,"segment_v2_state":2160,"segment_v2_deleted":2160},"identityBytes":1378655,"combinedLogicalIds":19464,"combinedLogicalBytes":2676940,"rotations":0,"partialBytes":0,"progress":{"elapsedMs":2170572.1437500003,"channels":{"9101":{"finalized":1082,"deleted":1080,"lastAt":2173612.641458,"order":"2164","store":"decc5fe692ea2728eab93f3eddc3828e6fe258eea6ff4860cc2ad8d8590c5757","knownMappings":758,"unknownMappings":37298},"9201":{"finalized":1082,"deleted":1080,"lastAt":2173612.641458,"order":"2163","store":"decc5fe692ea2728eab93f3eddc3828e6fe258eea6ff4860cc2ad8d8590c5757","knownMappings":761,"unknownMappings":36200}},"records":2164,"logicalBytes":1298285},"resourceTrendPass":false}
[pass] LP26-O05 active 9101
[pass] LP26-O05 active 9201
[pass] LP26-O03 deleted media absent
[pass] LP26-O03 deleted media absent
[pass] LP26-O03 deleted media absent
[pass] LP26-O03 deleted media absent
[pass] LP26-O03 deleted media absent
[pass] LP26-O03 deleted media absent
[current-observation] {"pid":26665,"startIdentity":"macos:1790137862:584770","sampledAt":1790140039777,"phaseAt":2178738.986875,"rssBytes":354861056,"threadCount":25,"fdCount":31,"mutationCount":8674,"typeCounts":{"recording_order_reserved":2172,"segment_v2_bound_finalized":2170,"segment_v2_state":2166,"segment_v2_deleted":2166},"identityBytes":1382483,"combinedLogicalIds":19518,"combinedLogicalBytes":2684362,"rotations":0,"partialBytes":0,"progress":{"elapsedMs":2175698.489167,"channels":{"9101":{"finalized":1085,"deleted":1083,"lastAt":2178738.986875,"order":"2170","store":"decc5fe692ea2728eab93f3eddc3828e6fe258eea6ff4860cc2ad8d8590c5757","knownMappings":760,"unknownMappings":37426},"9201":{"finalized":1085,"deleted":1083,"lastAt":2178738.986875,"order":"2169","store":"decc5fe692ea2728eab93f3eddc3828e6fe258eea6ff4860cc2ad8d8590c5757","knownMappings":764,"unknownMappings":36266}},"records":2170,"logicalBytes":1301879},"resourceTrendPass":false}
[pass] LP26-O05 active 9101
[pass] LP26-O05 active 9201
[pass] LP26-O03 deleted media absent
[pass] LP26-O03 deleted media absent
[pass] LP26-O03 deleted media absent
[pass] LP26-O03 deleted media absent
[current-observation] {"pid":26665,"startIdentity":"macos:1790137862:584770","sampledAt":1790140044921,"phaseAt":2183882.692625,"rssBytes":354926592,"threadCount":25,"fdCount":25,"mutationCount":8690,"typeCounts":{"recording_order_reserved":2176,"segment_v2_bound_finalized":2174,"segment_v2_state":2170,"segment_v2_deleted":2170},"identityBytes":1385035,"combinedLogicalIds":19554,"combinedLogicalBytes":2689316,"rotations":0,"partialBytes":0,"progress":{"elapsedMs":2180842.1949170004,"channels":{"9101":{"finalized":1087,"deleted":1085,"lastAt":2183882.692625,"order":"2174","store":"decc5fe692ea2728eab93f3eddc3828e6fe258eea6ff4860cc2ad8d8590c5757","knownMappings":761,"unknownMappings":37508},"9201":{"finalized":1087,"deleted":1085,"lastAt":2183882.692625,"order":"2173","store":"decc5fe692ea2728eab93f3eddc3828e6fe258eea6ff4860cc2ad8d8590c5757","knownMappings":766,"unknownMappings":36306}},"records":2174,"logicalBytes":1304281},"resourceTrendPass":false}
[pass] LP26-O05 active 9101
[pass] LP26-O05 active 9201
[pass] LP26-O03 deleted media absent
[pass] LP26-O03 deleted media absent
[pass] LP26-O03 deleted media absent
[pass] LP26-O03 deleted media absent
[pass] LP26-O03 deleted media absent
[pass] LP26-O03 deleted media absent
[current-observation] {"pid":26665,"startIdentity":"macos:1790137862:584770","sampledAt":1790140050058,"phaseAt":2189020.348208,"rssBytes":355123200,"threadCount":25,"fdCount":21,"mutationCount":8714,"typeCounts":{"recording_order_reserved":2182,"segment_v2_bound_finalized":2180,"segment_v2_state":2176,"segment_v2_deleted":2176},"identityBytes":1388863,"combinedLogicalIds":19608,"combinedLogicalBytes":2696756,"rotations":0,"partialBytes":0,"progress":{"elapsedMs":2185979.8505,"channels":{"9101":{"finalized":1090,"deleted":1088,"lastAt":2189020.348208,"order":"2180","store":"decc5fe692ea2728eab93f3eddc3828e6fe258eea6ff4860cc2ad8d8590c5757","knownMappings":763,"unknownMappings":37648},"9201":{"finalized":1090,"deleted":1088,"lastAt":2189020.348208,"order":"2179","store":"decc5fe692ea2728eab93f3eddc3828e6fe258eea6ff4860cc2ad8d8590c5757","knownMappings":769,"unknownMappings":36386}},"records":2180,"logicalBytes":1307893},"resourceTrendPass":false}
[pass] LP26-O05 active 9101
[pass] LP26-O05 active 9201
[pass] LP26-O03 deleted media absent
[pass] LP26-O03 deleted media absent
[pass] LP26-O03 deleted media absent
[pass] LP26-O03 deleted media absent
[pass] LP26-O03 deleted media absent
[current-observation] {"pid":26665,"startIdentity":"macos:1790137862:584770","sampledAt":1790140055205,"phaseAt":2194166.580041,"rssBytes":355319808,"threadCount":25,"fdCount":26,"mutationCount":8736,"typeCounts":{"recording_order_reserved":2188,"segment_v2_bound_finalized":2186,"segment_v2_state":2181,"segment_v2_deleted":2181},"identityBytes":1392387,"combinedLogicalIds":19658,"combinedLogicalBytes":2703874,"rotations":0,"partialBytes":0,"progress":{"elapsedMs":2191126.0823330004,"channels":{"9101":{"finalized":1093,"deleted":1090,"lastAt":2194166.580041,"order":"2186","store":"decc5fe692ea2728eab93f3eddc3828e6fe258eea6ff4860cc2ad8d8590c5757","knownMappings":765,"unknownMappings":37726},"9201":{"finalized":1093,"deleted":1091,"lastAt":2194166.580041,"order":"2185","store":"decc5fe692ea2728eab93f3eddc3828e6fe258eea6ff4860cc2ad8d8590c5757","knownMappings":772,"unknownMappings":36470}},"records":2186,"logicalBytes":1311487},"resourceTrendPass":false}
[pass] LP26-O05 active 9101
[pass] LP26-O05 active 9201
[pass] LP26-O03 deleted media absent
[pass] LP26-O03 deleted media absent
[pass] LP26-O03 deleted media absent
[pass] LP26-O03 deleted media absent
[pass] LP26-O03 deleted media absent
[current-observation] {"pid":26665,"startIdentity":"macos:1790137862:584770","sampledAt":1790140060350,"phaseAt":2199311.860791,"rssBytes":355532800,"threadCount":25,"fdCount":21,"mutationCount":8754,"typeCounts":{"recording_order_reserved":2192,"segment_v2_bound_finalized":2190,"segment_v2_state":2186,"segment_v2_deleted":2186},"identityBytes":1395243,"combinedLogicalIds":19698,"combinedLogicalBytes":2709132,"rotations":0,"partialBytes":0,"progress":{"elapsedMs":2196271.3630830003,"channels":{"9101":{"finalized":1095,"deleted":1093,"lastAt":2199311.860791,"order":"2189","store":"decc5fe692ea2728eab93f3eddc3828e6fe258eea6ff4860cc2ad8d8590c5757","knownMappings":766,"unknownMappings":37798},"9201":{"finalized":1095,"deleted":1093,"lastAt":2199311.860791,"order":"2190","store":"decc5fe692ea2728eab93f3eddc3828e6fe258eea6ff4860cc2ad8d8590c5757","knownMappings":774,"unknownMappings":36526}},"records":2190,"logicalBytes":1313889},"resourceTrendPass":false}
[pass] LP26-O05 active 9101
[pass] LP26-O05 active 9201
[pass] LP26-O03 deleted media absent
[pass] LP26-O03 deleted media absent
[pass] LP26-O03 deleted media absent
[pass] LP26-O03 deleted media absent
[pass] LP26-O03 deleted media absent
[pass] LP26-O03 deleted media absent
[current-observation] {"pid":26665,"startIdentity":"macos:1790137862:584770","sampledAt":1790140065483,"phaseAt":2204444.988666,"rssBytes":355745792,"threadCount":25,"fdCount":31,"mutationCount":8778,"typeCounts":{"recording_order_reserved":2198,"segment_v2_bound_finalized":2196,"segment_v2_state":2192,"segment_v2_deleted":2192},"identityBytes":1399071,"combinedLogicalIds":19752,"combinedLogicalBytes":2716572,"rotations":0,"partialBytes":0,"progress":{"elapsedMs":2201404.490958,"channels":{"9101":{"finalized":1098,"deleted":1096,"lastAt":2204444.988666,"order":"2195","store":"decc5fe692ea2728eab93f3eddc3828e6fe258eea6ff4860cc2ad8d8590c5757","knownMappings":767,"unknownMappings":37930},"9201":{"finalized":1098,"deleted":1096,"lastAt":2204444.988666,"order":"2196","store":"decc5fe692ea2728eab93f3eddc3828e6fe258eea6ff4860cc2ad8d8590c5757","knownMappings":777,"unknownMappings":36626}},"records":2196,"logicalBytes":1317501},"resourceTrendPass":false}
[pass] LP26-O05 active 9101
[pass] LP26-O05 active 9201
[pass] LP26-O03 deleted media absent
[pass] LP26-O03 deleted media absent
[pass] LP26-O03 deleted media absent
[pass] LP26-O03 deleted media absent
[current-observation] {"pid":26665,"startIdentity":"macos:1790137862:584770","sampledAt":1790140070631,"phaseAt":2209593.04375,"rssBytes":355926016,"threadCount":25,"fdCount":25,"mutationCount":8794,"typeCounts":{"recording_order_reserved":2202,"segment_v2_bound_finalized":2200,"segment_v2_state":2196,"segment_v2_deleted":2196},"identityBytes":1401623,"combinedLogicalIds":19788,"combinedLogicalBytes":2721526,"rotations":0,"partialBytes":0,"progress":{"elapsedMs":2206552.5460420004,"channels":{"9101":{"finalized":1100,"deleted":1098,"lastAt":2209593.04375,"order":"2199","store":"decc5fe692ea2728eab93f3eddc3828e6fe258eea6ff4860cc2ad8d8590c5757","knownMappings":769,"unknownMappings":38012},"9201":{"finalized":1100,"deleted":1098,"lastAt":2209593.04375,"order":"2200","store":"decc5fe692ea2728eab93f3eddc3828e6fe258eea6ff4860cc2ad8d8590c5757","knownMappings":779,"unknownMappings":36710}},"records":2200,"logicalBytes":1319903},"resourceTrendPass":false}
[pass] LP26-O05 active 9101
[pass] LP26-O05 active 9201
[pass] LP26-O03 deleted media absent
[pass] LP26-O03 deleted media absent
[pass] LP26-O03 deleted media absent
[pass] LP26-O03 deleted media absent
[pass] LP26-O03 deleted media absent
[pass] LP26-O03 deleted media absent
[current-observation] {"pid":26665,"startIdentity":"macos:1790137862:584770","sampledAt":1790140075767,"phaseAt":2214728.240333,"rssBytes":356073472,"threadCount":25,"fdCount":31,"mutationCount":8818,"typeCounts":{"recording_order_reserved":2208,"segment_v2_bound_finalized":2206,"segment_v2_state":2202,"segment_v2_deleted":2202},"identityBytes":1405451,"combinedLogicalIds":19842,"combinedLogicalBytes":2728948,"rotations":0,"partialBytes":0,"progress":{"elapsedMs":2211687.7426250004,"channels":{"9101":{"finalized":1103,"deleted":1101,"lastAt":2214728.240333,"order":"2205","store":"decc5fe692ea2728eab93f3eddc3828e6fe258eea6ff4860cc2ad8d8590c5757","knownMappings":772,"unknownMappings":38088},"9201":{"finalized":1103,"deleted":1101,"lastAt":2214728.240333,"order":"2206","store":"decc5fe692ea2728eab93f3eddc3828e6fe258eea6ff4860cc2ad8d8590c5757","knownMappings":780,"unknownMappings":36840}},"records":2206,"logicalBytes":1323497},"resourceTrendPass":false}
[pass] LP26-O05 active 9101
[pass] LP26-O05 active 9201
[pass] LP26-O03 deleted media absent
[pass] LP26-O03 deleted media absent
[pass] LP26-O03 deleted media absent
[pass] LP26-O03 deleted media absent
[current-observation] {"pid":26665,"startIdentity":"macos:1790137862:584770","sampledAt":1790140080915,"phaseAt":2219876.347541,"rssBytes":356286464,"threadCount":25,"fdCount":25,"mutationCount":8834,"typeCounts":{"recording_order_reserved":2212,"segment_v2_bound_finalized":2210,"segment_v2_state":2206,"segment_v2_deleted":2206},"identityBytes":1408003,"combinedLogicalIds":19878,"combinedLogicalBytes":2733902,"rotations":0,"partialBytes":0,"progress":{"elapsedMs":2216835.8498330005,"channels":{"9101":{"finalized":1105,"deleted":1103,"lastAt":2219876.347541,"order":"2209","store":"decc5fe692ea2728eab93f3eddc3828e6fe258eea6ff4860cc2ad8d8590c5757","knownMappings":774,"unknownMappings":38166},"9201":{"finalized":1105,"deleted":1103,"lastAt":2219876.347541,"order":"2210","store":"decc5fe692ea2728eab93f3eddc3828e6fe258eea6ff4860cc2ad8d8590c5757","knownMappings":782,"unknownMappings":36920}},"records":2210,"logicalBytes":1325899},"resourceTrendPass":false}
[pass] LP26-O05 active 9101
[pass] LP26-O05 active 9201
[pass] LP26-O03 deleted media absent
[pass] LP26-O03 deleted media absent
[pass] LP26-O03 deleted media absent
[pass] LP26-O03 deleted media absent
[pass] LP26-O03 deleted media absent
[pass] LP26-O03 deleted media absent
[current-observation] {"pid":26665,"startIdentity":"macos:1790137862:584770","sampledAt":1790140086064,"phaseAt":2225025.232625,"rssBytes":356499456,"threadCount":25,"fdCount":23,"mutationCount":8858,"typeCounts":{"recording_order_reserved":2218,"segment_v2_bound_finalized":2216,"segment_v2_state":2212,"segment_v2_deleted":2212},"identityBytes":1411831,"combinedLogicalIds":19932,"combinedLogicalBytes":2741342,"rotations":0,"partialBytes":0,"progress":{"elapsedMs":2221984.7349170004,"channels":{"9101":{"finalized":1108,"deleted":1106,"lastAt":2225025.232625,"order":"2215","store":"decc5fe692ea2728eab93f3eddc3828e6fe258eea6ff4860cc2ad8d8590c5757","knownMappings":775,"unknownMappings":38302},"9201":{"finalized":1108,"deleted":1106,"lastAt":2225025.232625,"order":"2216","store":"decc5fe692ea2728eab93f3eddc3828e6fe258eea6ff4860cc2ad8d8590c5757","knownMappings":785,"unknownMappings":37044}},"records":2216,"logicalBytes":1329511},"resourceTrendPass":false}
[pass] LP26-O05 active 9101
[pass] LP26-O05 active 9201
[pass] LP26-O03 deleted media absent
[pass] LP26-O03 deleted media absent
[pass] LP26-O03 deleted media absent
[pass] LP26-O03 deleted media absent
[current-observation] {"pid":26665,"startIdentity":"macos:1790137862:584770","sampledAt":1790140091213,"phaseAt":2230174.040958,"rssBytes":356646912,"threadCount":25,"fdCount":29,"mutationCount":8874,"typeCounts":{"recording_order_reserved":2222,"segment_v2_bound_finalized":2220,"segment_v2_state":2216,"segment_v2_deleted":2216},"identityBytes":1414383,"combinedLogicalIds":19968,"combinedLogicalBytes":2746296,"rotations":0,"partialBytes":0,"progress":{"elapsedMs":2227133.54325,"channels":{"9101":{"finalized":1110,"deleted":1108,"lastAt":2230174.040958,"order":"2219","store":"decc5fe692ea2728eab93f3eddc3828e6fe258eea6ff4860cc2ad8d8590c5757","knownMappings":776,"unknownMappings":38394},"9201":{"finalized":1110,"deleted":1108,"lastAt":2230174.040958,"order":"2220","store":"decc5fe692ea2728eab93f3eddc3828e6fe258eea6ff4860cc2ad8d8590c5757","knownMappings":787,"unknownMappings":37118}},"records":2220,"logicalBytes":1331913},"resourceTrendPass":false}
[pass] LP26-O05 active 9101
[pass] LP26-O05 active 9201
[pass] LP26-O03 deleted media absent
[pass] LP26-O03 deleted media absent
[pass] LP26-O03 deleted media absent
[pass] LP26-O03 deleted media absent
[pass] LP26-O03 deleted media absent
[pass] LP26-O03 deleted media absent
[current-observation] {"pid":26665,"startIdentity":"macos:1790137862:584770","sampledAt":1790140096352,"phaseAt":2235313.660125,"rssBytes":356794368,"threadCount":25,"fdCount":21,"mutationCount":8898,"typeCounts":{"recording_order_reserved":2228,"segment_v2_bound_finalized":2226,"segment_v2_state":2222,"segment_v2_deleted":2222},"identityBytes":1418211,"combinedLogicalIds":20022,"combinedLogicalBytes":2753718,"rotations":0,"partialBytes":0,"progress":{"elapsedMs":2232273.162417,"channels":{"9101":{"finalized":1113,"deleted":1111,"lastAt":2235313.660125,"order":"2225","store":"decc5fe692ea2728eab93f3eddc3828e6fe258eea6ff4860cc2ad8d8590c5757","knownMappings":776,"unknownMappings":38482},"9201":{"finalized":1113,"deleted":1111,"lastAt":2235313.660125,"order":"2226","store":"decc5fe692ea2728eab93f3eddc3828e6fe258eea6ff4860cc2ad8d8590c5757","knownMappings":790,"unknownMappings":37230}},"records":2226,"logicalBytes":1335507},"resourceTrendPass":false}
[pass] LP26-O05 active 9101
[pass] LP26-O05 active 9201
[pass] LP26-O03 deleted media absent
[pass] LP26-O03 deleted media absent
[pass] LP26-O03 deleted media absent
[pass] LP26-O03 deleted media absent
[pass] LP26-O03 deleted media absent
[pass] LP26-O03 deleted media absent
[current-observation] {"pid":26665,"startIdentity":"macos:1790137862:584770","sampledAt":1790140101503,"phaseAt":2240464.4145,"rssBytes":357122048,"threadCount":25,"fdCount":31,"mutationCount":8922,"typeCounts":{"recording_order_reserved":2234,"segment_v2_bound_finalized":2232,"segment_v2_state":2228,"segment_v2_deleted":2228},"identityBytes":1422039,"combinedLogicalIds":20076,"combinedLogicalBytes":2761158,"rotations":0,"partialBytes":0,"progress":{"elapsedMs":2237423.916792,"channels":{"9101":{"finalized":1116,"deleted":1114,"lastAt":2240464.4145,"order":"2231","store":"decc5fe692ea2728eab93f3eddc3828e6fe258eea6ff4860cc2ad8d8590c5757","knownMappings":778,"unknownMappings":38618},"9201":{"finalized":1116,"deleted":1114,"lastAt":2240464.4145,"order":"2232","store":"decc5fe692ea2728eab93f3eddc3828e6fe258eea6ff4860cc2ad8d8590c5757","knownMappings":792,"unknownMappings":37382}},"records":2232,"logicalBytes":1339119},"resourceTrendPass":false}
[pass] LP26-O05 active 9101
[pass] LP26-O05 active 9201
[pass] LP26-O03 deleted media absent
[pass] LP26-O03 deleted media absent
[pass] LP26-O03 deleted media absent
[pass] LP26-O03 deleted media absent
[current-observation] {"pid":26665,"startIdentity":"macos:1790137862:584770","sampledAt":1790140106662,"phaseAt":2245622.988208,"rssBytes":357220352,"threadCount":25,"fdCount":25,"mutationCount":8938,"typeCounts":{"recording_order_reserved":2238,"segment_v2_bound_finalized":2236,"segment_v2_state":2232,"segment_v2_deleted":2232},"identityBytes":1424591,"combinedLogicalIds":20112,"combinedLogicalBytes":2766112,"rotations":0,"partialBytes":0,"progress":{"elapsedMs":2242582.4905000003,"channels":{"9101":{"finalized":1118,"deleted":1116,"lastAt":2245622.988208,"order":"2235","store":"decc5fe692ea2728eab93f3eddc3828e6fe258eea6ff4860cc2ad8d8590c5757","knownMappings":779,"unknownMappings":38704},"9201":{"finalized":1118,"deleted":1116,"lastAt":2245622.988208,"order":"2236","store":"decc5fe692ea2728eab93f3eddc3828e6fe258eea6ff4860cc2ad8d8590c5757","knownMappings":794,"unknownMappings":37416}},"records":2236,"logicalBytes":1341521},"resourceTrendPass":false}
[pass] LP26-O05 active 9101
[pass] LP26-O05 active 9201
[pass] LP26-O03 deleted media absent
[pass] LP26-O03 deleted media absent
[pass] LP26-O03 deleted media absent
[pass] LP26-O03 deleted media absent
[pass] LP26-O03 deleted media absent
[pass] LP26-O03 deleted media absent
[current-observation] {"pid":26665,"startIdentity":"macos:1790137862:584770","sampledAt":1790140111798,"phaseAt":2250759.0045,"rssBytes":357384192,"threadCount":25,"fdCount":31,"mutationCount":8962,"typeCounts":{"recording_order_reserved":2244,"segment_v2_bound_finalized":2242,"segment_v2_state":2238,"segment_v2_deleted":2238},"identityBytes":1428419,"combinedLogicalIds":20166,"combinedLogicalBytes":2773534,"rotations":0,"partialBytes":0,"progress":{"elapsedMs":2247718.506792,"channels":{"9101":{"finalized":1121,"deleted":1119,"lastAt":2250759.0045,"order":"2241","store":"decc5fe692ea2728eab93f3eddc3828e6fe258eea6ff4860cc2ad8d8590c5757","knownMappings":782,"unknownMappings":38790},"9201":{"finalized":1121,"deleted":1119,"lastAt":2250759.0045,"order":"2242","store":"decc5fe692ea2728eab93f3eddc3828e6fe258eea6ff4860cc2ad8d8590c5757","knownMappings":797,"unknownMappings":37514}},"records":2242,"logicalBytes":1345115},"resourceTrendPass":false}
[pass] LP26-O05 active 9101
[pass] LP26-O05 active 9201
[pass] LP26-O03 deleted media absent
[pass] LP26-O03 deleted media absent
[pass] LP26-O03 deleted media absent
[pass] LP26-O03 deleted media absent
[current-observation] {"pid":26665,"startIdentity":"macos:1790137862:584770","sampledAt":1790140116944,"phaseAt":2255905.739125,"rssBytes":357498880,"threadCount":25,"fdCount":25,"mutationCount":8978,"typeCounts":{"recording_order_reserved":2248,"segment_v2_bound_finalized":2246,"segment_v2_state":2242,"segment_v2_deleted":2242},"identityBytes":1430971,"combinedLogicalIds":20202,"combinedLogicalBytes":2778488,"rotations":0,"partialBytes":0,"progress":{"elapsedMs":2252865.241417,"channels":{"9101":{"finalized":1123,"deleted":1121,"lastAt":2255905.739125,"order":"2245","store":"decc5fe692ea2728eab93f3eddc3828e6fe258eea6ff4860cc2ad8d8590c5757","knownMappings":783,"unknownMappings":38872},"9201":{"finalized":1123,"deleted":1121,"lastAt":2255905.739125,"order":"2246","store":"decc5fe692ea2728eab93f3eddc3828e6fe258eea6ff4860cc2ad8d8590c5757","knownMappings":798,"unknownMappings":37574}},"records":2246,"logicalBytes":1347517},"resourceTrendPass":false}
[fail] current observation: observation-root-cap
[process-cleanup] {"schema":"recording-process-cleanup-v1","attemptCount":1,"pid":26665,"exitCode":0,"signalCode":null,"exitedObserved":true,"stopCode":"complete","forcedTermination":"not-used","normalExitPass":true,"normalShutdownPass":true,"archiveSafe":true,"ports":[{"kind":"http","port":56147,"status":"pass","code":"closed","closed":true},{"kind":"rtsp","port":56148,"status":"pass","code":"closed","closed":true}]}
[server-diagnostic] {"pid":26665,"bytes":1398,"capturedBytes":1398,"sha256":"33363b9eb4cc33518a7b79ad93bde20022307acd0d54850868944affb40a0e9f","overflow":false,"categories":[{"code":"file evidence unavailable","count":0},{"code":"storageBlocked","count":0},{"code":"shutdown","count":0},{"code":"ERROR","count":0},{"code":"WARNING","count":0}],"rawBodyPublished":false,"privateCaptureRemovedWithRoot":true}
{"mode":"current-recording-120","passed":3123,"failed":1,"elapsedMs":2258793,"verifiedDurationMs":null,"longrunObservationCompleted":false,"shortPreparationPass":false,"resourceTrendPass":false,"reviewRequired":true,"uiFulltestPass":false,"phase":null,"resources":null,"processCount":1,"processesClosed":true,"udpClosed":true,"tokenStart":null,"tokenEnd":null,"tokenConsumed":null,"tokenSource":"전용 집계 없음"}
[cleanup] {"root":"/private/var/folders/k0/qhmr6zdx11q0_41wfx4dsd200000gn/T/media-server-current-observer-d1Qq4n","bytes":426873756,"absent":true}
