[start] utc=2026-09-25T14:09:15Z mode=bounded-deleted root=/private/var/folders/k0/qhmr6zdx11q0_41wfx4dsd200000gn/T/media-server-generation-scale.upGeQX
Darwin arm64
Apple clang version 21.0.0 (clang-2100.3.34.2)
591f4a7959bd43a3441f242c8b6c412ed112ddeec937f4003a7f518ff177e46c  /Users/dhseo/Workspace/mediaServer/scripts/internal/recording_generation_scale_probe.cpp
a70f4de25edc322c6925595a8eaea3d8cc05c291f8c65346ddd9cba0d66e8fa5  /Users/dhseo/Workspace/mediaServer/scripts/internal/verify_recording_generation_scale.sh
c80f0c0c0188b024dc4258cb1b4b55474dcbdd5c889af0fb6e74c39f993565ee  /Users/dhseo/Workspace/mediaServer/scripts/internal/recording_file_evidence_smoke.cpp
404784ececbb74556fa2e32975f879e2632a96311bc7ed0e41bce069d167b8a6  /Users/dhseo/Workspace/mediaServer/scripts/internal/recording_media_test_fixture.h
3a5561e8195d49bdbe64de5813d398bfa0fbd711d0d30b544559c8c0b7143cfe  /Users/dhseo/Workspace/mediaServer/scripts/internal/recording_generation_observation.h
e2194189c5251fbd474b02db5bb336ac9c3ba201d21e81097736a30684b2dce3  /Users/dhseo/Workspace/mediaServer/include/recording/recording_latency_trace.h
27c5db0c380668c8c06cad503e7a25dedfe0821b4cd7e2674998d1b11f4210f5  /Users/dhseo/Workspace/mediaServer/include/recording/recording_catalog.h
daad400b3350c9afd556e52342bab1fd656f72650a5f4629b16575978fdf95cc  /Users/dhseo/Workspace/mediaServer/include/recording/recording_journal.h
a1ba3a9fe8ef16bfebf0e3f66740a90f848436d9a7b4b26c196f403763605447  /Users/dhseo/Workspace/mediaServer/src/recording/recording_catalog.cpp
489313b38ba57a5f5a6bdaba3d80a9c692c742debd8387510c0be9ff489c8623  /Users/dhseo/Workspace/mediaServer/src/recording/recording_journal.cpp
196589a9fcbcf1e9d20ea11c2f4d09f1412ff6c4f43361084d5d006527ca2540  /Users/dhseo/Workspace/mediaServer/src/recording/recording_runtime_composition.cpp
11464cd46070bab1819dc41f44f149a909b1de92c56e1c0ae6d783927f4fae1c  /Users/dhseo/Workspace/mediaServer/build-gst-onnx/libmedia_server_runtime.a
[scope] observer=file-index-only normalize=synthetic js-semantic=not-run historical-detail-io-counter=not-instrumented
[scope] bounded=1 observer_interval=32 observer_batch_limit=128 complete_drain_at_checkpoint=true
[pass] template FE02 writer start
[pass] template FE04 bound finalized mutation segment0
[measure] writer_push_finalize_us=29135 input_aus=60 segments=1
[measure] op=legacy-template-preparation count=1 us=56824 rss_peak_bytes=51412992
[template] samples=60 file_bytes=55626 binding_bytes=15413 sha256=2a0e429fa266d695997f0a412293ff2da2d136554c71f86677f8f3c9e53f7545
[measure] op=runtime-open count=0 us=11327 rss_peak_bytes=52215808
[measure] op=reserve-finalize count=1 us=9769 rss_peak_bytes=52232192
[measure] op=delete count=1 us=5274 rss_peak_bytes=52232192
[measure] op=reserve-finalize count=2 us=9485 rss_peak_bytes=52248576
[measure] op=delete count=2 us=5071 rss_peak_bytes=52248576
[measure] op=reserve-finalize count=3 us=9515 rss_peak_bytes=52314112
[measure] op=delete count=3 us=4904 rss_peak_bytes=52314112
[measure] op=reserve-finalize count=4 us=9277 rss_peak_bytes=52396032
[measure] op=delete count=4 us=4932 rss_peak_bytes=52428800
[measure] op=reserve-finalize count=5 us=9274 rss_peak_bytes=52428800
[measure] op=delete count=5 us=4919 rss_peak_bytes=52428800
[measure] op=reserve-finalize count=6 us=9325 rss_peak_bytes=52445184
[measure] op=delete count=6 us=4932 rss_peak_bytes=52461568
[measure] op=reserve-finalize count=7 us=9676 rss_peak_bytes=52477952
[measure] op=delete count=7 us=5317 rss_peak_bytes=52494336
[measure] op=reserve-finalize count=8 us=9545 rss_peak_bytes=52494336
[measure] op=delete count=8 us=5232 rss_peak_bytes=52494336
[measure] op=reserve-finalize count=9 us=9548 rss_peak_bytes=52559872
[measure] op=delete count=9 us=5138 rss_peak_bytes=52559872
[measure] op=reserve-finalize count=10 us=9360 rss_peak_bytes=52658176
[measure] op=delete count=10 us=5260 rss_peak_bytes=52658176
[measure] op=reserve-finalize count=11 us=9382 rss_peak_bytes=52674560
[measure] op=delete count=11 us=5021 rss_peak_bytes=52674560
[measure] op=reserve-finalize count=12 us=9301 rss_peak_bytes=52674560
[measure] op=delete count=12 us=5009 rss_peak_bytes=52674560
[measure] op=reserve-finalize count=13 us=9355 rss_peak_bytes=52707328
[measure] op=delete count=13 us=5049 rss_peak_bytes=52707328
[measure] op=reserve-finalize count=14 us=9285 rss_peak_bytes=52707328
[measure] op=delete count=14 us=4970 rss_peak_bytes=52723712
[measure] op=reserve-finalize count=15 us=9419 rss_peak_bytes=52805632
[measure] op=delete count=15 us=5030 rss_peak_bytes=52822016
[measure] op=reserve-finalize count=16 us=9835 rss_peak_bytes=52920320
[measure] op=delete count=16 us=5048 rss_peak_bytes=52920320
[measure] op=reserve-finalize count=17 us=9614 rss_peak_bytes=52936704
[measure] op=delete count=17 us=5041 rss_peak_bytes=52936704
[measure] op=reserve-finalize count=18 us=9293 rss_peak_bytes=52936704
[measure] op=delete count=18 us=5006 rss_peak_bytes=52969472
[measure] op=reserve-finalize count=19 us=9340 rss_peak_bytes=52969472
[measure] op=delete count=19 us=4994 rss_peak_bytes=52969472
[measure] op=reserve-finalize count=20 us=9340 rss_peak_bytes=52969472
[measure] op=delete count=20 us=4991 rss_peak_bytes=52969472
[measure] op=reserve-finalize count=21 us=9467 rss_peak_bytes=53035008
[measure] op=delete count=21 us=5264 rss_peak_bytes=53051392
[measure] op=reserve-finalize count=22 us=9539 rss_peak_bytes=53149696
[measure] op=delete count=22 us=5228 rss_peak_bytes=53149696
[measure] op=reserve-finalize count=23 us=9465 rss_peak_bytes=53166080
[measure] op=delete count=23 us=5322 rss_peak_bytes=53166080
[measure] op=reserve-finalize count=24 us=9386 rss_peak_bytes=53166080
[measure] op=delete count=24 us=5372 rss_peak_bytes=53198848
[measure] op=reserve-finalize count=25 us=9703 rss_peak_bytes=53198848
[measure] op=delete count=25 us=5110 rss_peak_bytes=53198848
[measure] op=reserve-finalize count=26 us=9436 rss_peak_bytes=53198848
[measure] op=delete count=26 us=5027 rss_peak_bytes=53215232
[measure] op=reserve-finalize count=27 us=9909 rss_peak_bytes=53264384
[measure] op=delete count=27 us=5008 rss_peak_bytes=53280768
[measure] op=reserve-finalize count=28 us=9585 rss_peak_bytes=53362688
[measure] op=delete count=28 us=5076 rss_peak_bytes=53362688
[measure] op=reserve-finalize count=29 us=9707 rss_peak_bytes=53379072
[measure] op=delete count=29 us=4993 rss_peak_bytes=53395456
[measure] op=reserve-finalize count=30 us=9753 rss_peak_bytes=53395456
[measure] op=delete count=30 us=5050 rss_peak_bytes=53411840
[measure] op=reserve-finalize count=31 us=10214 rss_peak_bytes=53411840
[measure] op=delete count=31 us=5074 rss_peak_bytes=53411840
[measure] op=reserve-finalize count=32 us=9483 rss_peak_bytes=53428224
[measure] op=delete count=32 us=5017 rss_peak_bytes=53428224
[child] exit=0 signal=0
[measure] op=incremental-native-observe count=128 us=193778 rss_peak_bytes=53428224
[measure] op=reserve-finalize count=33 us=9894 rss_peak_bytes=53477376
[measure] op=delete count=33 us=5290 rss_peak_bytes=53477376
[measure] op=reserve-finalize count=34 us=9938 rss_peak_bytes=53559296
[measure] op=delete count=34 us=5284 rss_peak_bytes=53559296
[measure] op=reserve-finalize count=35 us=9816 rss_peak_bytes=53575680
[measure] op=delete count=35 us=5255 rss_peak_bytes=53575680
[measure] op=reserve-finalize count=36 us=9976 rss_peak_bytes=53608448
[measure] op=delete count=36 us=5281 rss_peak_bytes=53608448
[measure] op=reserve-finalize count=37 us=9670 rss_peak_bytes=53608448
[measure] op=delete count=37 us=5138 rss_peak_bytes=53608448
[measure] op=reserve-finalize count=38 us=9703 rss_peak_bytes=53657600
[measure] op=delete count=38 us=4998 rss_peak_bytes=53657600
[measure] op=reserve-finalize count=39 us=9857 rss_peak_bytes=53755904
[measure] op=delete count=39 us=5103 rss_peak_bytes=53772288
[measure] op=reserve-finalize count=40 us=9719 rss_peak_bytes=53772288
[measure] op=delete count=40 us=5043 rss_peak_bytes=53772288
[measure] op=reserve-finalize count=41 us=9509 rss_peak_bytes=53772288
[measure] op=delete count=41 us=5004 rss_peak_bytes=53772288
[measure] op=reserve-finalize count=42 us=9646 rss_peak_bytes=53788672
[measure] op=delete count=42 us=5071 rss_peak_bytes=53805056
[measure] op=reserve-finalize count=43 us=9359 rss_peak_bytes=53821440
[measure] op=delete count=43 us=5017 rss_peak_bytes=53821440
[measure] op=reserve-finalize count=44 us=9385 rss_peak_bytes=53870592
[measure] op=delete count=44 us=5045 rss_peak_bytes=53886976
[measure] op=reserve-finalize count=45 us=9300 rss_peak_bytes=53968896
[measure] op=delete count=45 us=5216 rss_peak_bytes=53968896
[measure] op=reserve-finalize count=46 us=9507 rss_peak_bytes=53968896
[measure] op=delete count=46 us=5138 rss_peak_bytes=53968896
[measure] op=reserve-finalize count=47 us=9830 rss_peak_bytes=53985280
[measure] op=delete count=47 us=5125 rss_peak_bytes=53985280
[measure] op=reserve-finalize count=48 us=9363 rss_peak_bytes=53985280
[measure] op=delete count=48 us=5191 rss_peak_bytes=53985280
[measure] op=reserve-finalize count=49 us=9352 rss_peak_bytes=54001664
[measure] op=delete count=49 us=5103 rss_peak_bytes=54001664
[measure] op=reserve-finalize count=50 us=9341 rss_peak_bytes=54083584
[measure] op=delete count=50 us=5086 rss_peak_bytes=54083584
[measure] op=reserve-finalize count=51 us=9698 rss_peak_bytes=54165504
[measure] op=delete count=51 us=5230 rss_peak_bytes=54181888
[measure] op=reserve-finalize count=52 us=9596 rss_peak_bytes=54181888
[measure] op=delete count=52 us=4981 rss_peak_bytes=54181888
[measure] op=reserve-finalize count=53 us=9683 rss_peak_bytes=54181888
[measure] op=delete count=53 us=5049 rss_peak_bytes=54198272
[measure] op=reserve-finalize count=54 us=9574 rss_peak_bytes=54198272
[measure] op=delete count=54 us=5229 rss_peak_bytes=54214656
[measure] op=reserve-finalize count=55 us=9926 rss_peak_bytes=54214656
[measure] op=delete count=55 us=5297 rss_peak_bytes=54214656
[measure] op=reserve-finalize count=56 us=9900 rss_peak_bytes=54296576
[measure] op=delete count=56 us=33998 rss_peak_bytes=55443456
[measure] op=reserve-finalize count=57 us=9443 rss_peak_bytes=55459840
[measure] op=delete count=57 us=5465 rss_peak_bytes=55476224
[measure] op=reserve-finalize count=58 us=9371 rss_peak_bytes=55476224
[measure] op=delete count=58 us=5115 rss_peak_bytes=55492608
[measure] op=reserve-finalize count=59 us=9399 rss_peak_bytes=55492608
[measure] op=delete count=59 us=5135 rss_peak_bytes=55492608
[measure] op=reserve-finalize count=60 us=9604 rss_peak_bytes=55492608
[measure] op=delete count=60 us=5044 rss_peak_bytes=55508992
[measure] op=reserve-finalize count=61 us=9675 rss_peak_bytes=55525376
[measure] op=delete count=61 us=5064 rss_peak_bytes=55525376
[measure] op=reserve-finalize count=62 us=9554 rss_peak_bytes=55525376
[measure] op=delete count=62 us=5066 rss_peak_bytes=55525376
[measure] op=reserve-finalize count=63 us=9357 rss_peak_bytes=55525376
[measure] op=delete count=63 us=4951 rss_peak_bytes=55525376
[measure] op=reserve-finalize count=64 us=9367 rss_peak_bytes=55525376
[measure] op=delete count=64 us=5078 rss_peak_bytes=55541760
[child] exit=0 signal=0
[measure] op=incremental-native-observe count=256 us=215194 rss_peak_bytes=55541760
[measure] op=reserve-finalize count=65 us=9921 rss_peak_bytes=55541760
[measure] op=delete count=65 us=5829 rss_peak_bytes=55541760
[measure] op=reserve-finalize count=66 us=9550 rss_peak_bytes=55558144
[measure] op=delete count=66 us=5537 rss_peak_bytes=55574528
[measure] op=reserve-finalize count=67 us=9356 rss_peak_bytes=55574528
[measure] op=delete count=67 us=5053 rss_peak_bytes=55574528
[measure] op=reserve-finalize count=68 us=9730 rss_peak_bytes=55574528
[measure] op=delete count=68 us=5243 rss_peak_bytes=55590912
[measure] op=reserve-finalize count=69 us=9980 rss_peak_bytes=55590912
[measure] op=delete count=69 us=5207 rss_peak_bytes=55590912
[measure] op=reserve-finalize count=70 us=9609 rss_peak_bytes=55590912
[measure] op=delete count=70 us=5117 rss_peak_bytes=55607296
[measure] op=reserve-finalize count=71 us=9380 rss_peak_bytes=55623680
[measure] op=delete count=71 us=5006 rss_peak_bytes=55623680
[measure] op=reserve-finalize count=72 us=9393 rss_peak_bytes=55623680
[measure] op=delete count=72 us=5034 rss_peak_bytes=55623680
[measure] op=reserve-finalize count=73 us=9299 rss_peak_bytes=55623680
[measure] op=delete count=73 us=4961 rss_peak_bytes=55623680
[measure] op=reserve-finalize count=74 us=9671 rss_peak_bytes=55623680
[measure] op=delete count=74 us=5157 rss_peak_bytes=55623680
[measure] op=reserve-finalize count=75 us=9567 rss_peak_bytes=55640064
[measure] op=delete count=75 us=5406 rss_peak_bytes=55640064
[measure] op=reserve-finalize count=76 us=9578 rss_peak_bytes=55656448
[measure] op=delete count=76 us=5111 rss_peak_bytes=55656448
[measure] op=reserve-finalize count=77 us=9403 rss_peak_bytes=55672832
[measure] op=delete count=77 us=5189 rss_peak_bytes=55672832
[measure] op=reserve-finalize count=78 us=9395 rss_peak_bytes=55689216
[measure] op=delete count=78 us=5086 rss_peak_bytes=55689216
[measure] op=reserve-finalize count=79 us=9560 rss_peak_bytes=55705600
[measure] op=delete count=79 us=5251 rss_peak_bytes=55705600
[measure] op=reserve-finalize count=80 us=9660 rss_peak_bytes=55705600
[measure] op=delete count=80 us=5378 rss_peak_bytes=55705600
[measure] op=reserve-finalize count=81 us=9509 rss_peak_bytes=55721984
[measure] op=delete count=81 us=5341 rss_peak_bytes=55721984
[measure] op=reserve-finalize count=82 us=9417 rss_peak_bytes=55721984
[measure] op=delete count=82 us=5088 rss_peak_bytes=55721984
[measure] op=reserve-finalize count=83 us=9373 rss_peak_bytes=55721984
[measure] op=delete count=83 us=5051 rss_peak_bytes=55738368
[measure] op=reserve-finalize count=84 us=9316 rss_peak_bytes=55738368
[measure] op=delete count=84 us=5002 rss_peak_bytes=55738368
[measure] op=reserve-finalize count=85 us=9615 rss_peak_bytes=55738368
[measure] op=delete count=85 us=5092 rss_peak_bytes=55754752
[measure] op=reserve-finalize count=86 us=9537 rss_peak_bytes=55754752
[measure] op=delete count=86 us=5104 rss_peak_bytes=55754752
[measure] op=reserve-finalize count=87 us=9633 rss_peak_bytes=55771136
[measure] op=delete count=87 us=5020 rss_peak_bytes=55771136
[measure] op=reserve-finalize count=88 us=9421 rss_peak_bytes=55771136
[measure] op=delete count=88 us=5087 rss_peak_bytes=55771136
[measure] op=reserve-finalize count=89 us=9364 rss_peak_bytes=55771136
[measure] op=delete count=89 us=5061 rss_peak_bytes=55771136
[measure] op=reserve-finalize count=90 us=9307 rss_peak_bytes=55771136
[measure] op=delete count=90 us=5080 rss_peak_bytes=55771136
[measure] op=reserve-finalize count=91 us=9680 rss_peak_bytes=55803904
[measure] op=delete count=91 us=5423 rss_peak_bytes=55803904
[measure] op=reserve-finalize count=92 us=9498 rss_peak_bytes=55803904
[measure] op=delete count=92 us=5392 rss_peak_bytes=55803904
[measure] op=reserve-finalize count=93 us=9584 rss_peak_bytes=55820288
[measure] op=delete count=93 us=5085 rss_peak_bytes=55820288
[measure] op=reserve-finalize count=94 us=9432 rss_peak_bytes=55836672
[measure] op=delete count=94 us=5107 rss_peak_bytes=55853056
[measure] op=reserve-finalize count=95 us=9414 rss_peak_bytes=55853056
[measure] op=delete count=95 us=5161 rss_peak_bytes=55853056
[measure] op=reserve-finalize count=96 us=9313 rss_peak_bytes=55853056
[measure] op=delete count=96 us=5092 rss_peak_bytes=55853056
[child] exit=0 signal=0
[measure] op=incremental-native-observe count=384 us=242057 rss_peak_bytes=55885824
[measure] op=reserve-finalize count=97 us=9926 rss_peak_bytes=55902208
[measure] op=delete count=97 us=5228 rss_peak_bytes=55902208
[measure] op=reserve-finalize count=98 us=9706 rss_peak_bytes=55934976
[measure] op=delete count=98 us=5121 rss_peak_bytes=55934976
[measure] op=reserve-finalize count=99 us=9687 rss_peak_bytes=55934976
[measure] op=delete count=99 us=5115 rss_peak_bytes=55934976
[measure] op=reserve-finalize count=100 us=9481 rss_peak_bytes=55951360
[measure] op=delete count=100 us=4983 rss_peak_bytes=55951360
[measure] op=reserve-finalize count=101 us=9674 rss_peak_bytes=55951360
[measure] op=delete count=101 us=5016 rss_peak_bytes=55967744
[measure] op=reserve-finalize count=102 us=9459 rss_peak_bytes=55967744
[measure] op=delete count=102 us=5075 rss_peak_bytes=55967744
[measure] op=reserve-finalize count=103 us=9452 rss_peak_bytes=55967744
[measure] op=delete count=103 us=5112 rss_peak_bytes=55967744
[measure] op=reserve-finalize count=104 us=9876 rss_peak_bytes=55967744
[measure] op=delete count=104 us=5524 rss_peak_bytes=55967744
[measure] op=reserve-finalize count=105 us=9682 rss_peak_bytes=55967744
[measure] op=delete count=105 us=5644 rss_peak_bytes=55967744
[measure] op=reserve-finalize count=106 us=9798 rss_peak_bytes=55984128
[measure] op=delete count=106 us=5384 rss_peak_bytes=55984128
[measure] op=reserve-finalize count=107 us=9524 rss_peak_bytes=55984128
[measure] op=delete count=107 us=5400 rss_peak_bytes=56000512
[measure] op=reserve-finalize count=108 us=9599 rss_peak_bytes=56016896
[measure] op=delete count=108 us=5078 rss_peak_bytes=56016896
[measure] op=reserve-finalize count=109 us=9486 rss_peak_bytes=56016896
[measure] op=delete count=109 us=5124 rss_peak_bytes=56016896
[measure] op=reserve-finalize count=110 us=9343 rss_peak_bytes=56016896
[measure] op=delete count=110 us=5001 rss_peak_bytes=56016896
[measure] op=reserve-finalize count=111 us=9888 rss_peak_bytes=56066048
[measure] op=delete count=111 us=5031 rss_peak_bytes=56066048
[measure] op=reserve-finalize count=112 us=9698 rss_peak_bytes=56066048
[measure] op=delete count=112 us=50743 rss_peak_bytes=57262080
[measure] op=reserve-finalize count=113 us=9410 rss_peak_bytes=57262080
[measure] op=delete count=113 us=5103 rss_peak_bytes=57262080
[measure] op=reserve-finalize count=114 us=9554 rss_peak_bytes=57262080
[measure] op=delete count=114 us=5356 rss_peak_bytes=57278464
[measure] op=reserve-finalize count=115 us=9481 rss_peak_bytes=57278464
[measure] op=delete count=115 us=5794 rss_peak_bytes=57278464
[measure] op=reserve-finalize count=116 us=9634 rss_peak_bytes=57278464
[measure] op=delete count=116 us=5469 rss_peak_bytes=57278464
[measure] op=reserve-finalize count=117 us=9674 rss_peak_bytes=57311232
[measure] op=delete count=117 us=5102 rss_peak_bytes=57327616
[measure] op=reserve-finalize count=118 us=9448 rss_peak_bytes=57327616
[measure] op=delete count=118 us=5016 rss_peak_bytes=57327616
[measure] op=reserve-finalize count=119 us=9418 rss_peak_bytes=57327616
[measure] op=delete count=119 us=5029 rss_peak_bytes=57327616
[measure] op=reserve-finalize count=120 us=9863 rss_peak_bytes=57327616
[measure] op=delete count=120 us=5416 rss_peak_bytes=57327616
[measure] op=reserve-finalize count=121 us=9728 rss_peak_bytes=57360384
[measure] op=delete count=121 us=5307 rss_peak_bytes=57360384
[measure] op=reserve-finalize count=122 us=9451 rss_peak_bytes=57360384
[measure] op=delete count=122 us=5430 rss_peak_bytes=57360384
[measure] op=reserve-finalize count=123 us=9380 rss_peak_bytes=57360384
[measure] op=delete count=123 us=5308 rss_peak_bytes=57376768
[measure] op=reserve-finalize count=124 us=9577 rss_peak_bytes=57376768
[measure] op=delete count=124 us=5118 rss_peak_bytes=57376768
[measure] op=reserve-finalize count=125 us=9611 rss_peak_bytes=57376768
[measure] op=delete count=125 us=5109 rss_peak_bytes=57376768
[measure] op=reserve-finalize count=126 us=9369 rss_peak_bytes=57376768
[measure] op=delete count=126 us=5155 rss_peak_bytes=57376768
[measure] op=reserve-finalize count=127 us=9356 rss_peak_bytes=57393152
[measure] op=delete count=127 us=5108 rss_peak_bytes=57393152
[measure] op=reserve-finalize count=128 us=9320 rss_peak_bytes=57393152
[measure] op=delete count=128 us=4977 rss_peak_bytes=57393152
[child] exit=0 signal=0
[measure] op=incremental-native-observe count=512 us=258392 rss_peak_bytes=57393152
[measure] op=reserve-finalize count=129 us=10035 rss_peak_bytes=57409536
[measure] op=delete count=129 us=5150 rss_peak_bytes=57409536
[measure] op=reserve-finalize count=130 us=9717 rss_peak_bytes=57409536
[measure] op=delete count=130 us=5028 rss_peak_bytes=57409536
[measure] op=reserve-finalize count=131 us=9458 rss_peak_bytes=57409536
[measure] op=delete count=131 us=5064 rss_peak_bytes=57409536
[measure] op=reserve-finalize count=132 us=9503 rss_peak_bytes=57442304
[measure] op=delete count=132 us=5885 rss_peak_bytes=57442304
[measure] op=reserve-finalize count=133 us=9863 rss_peak_bytes=57442304
[measure] op=delete count=133 us=5347 rss_peak_bytes=57458688
[measure] op=reserve-finalize count=134 us=9752 rss_peak_bytes=57458688
[measure] op=delete count=134 us=5257 rss_peak_bytes=57475072
[measure] op=reserve-finalize count=135 us=9429 rss_peak_bytes=57475072
[measure] op=delete count=135 us=5363 rss_peak_bytes=57475072
[measure] op=reserve-finalize count=136 us=9478 rss_peak_bytes=57475072
[measure] op=delete count=136 us=5130 rss_peak_bytes=57475072
[measure] op=reserve-finalize count=137 us=9417 rss_peak_bytes=57491456
[measure] op=delete count=137 us=5119 rss_peak_bytes=57491456
[measure] op=reserve-finalize count=138 us=9379 rss_peak_bytes=57491456
[measure] op=delete count=138 us=5356 rss_peak_bytes=57491456
[measure] op=reserve-finalize count=139 us=9354 rss_peak_bytes=57491456
[measure] op=delete count=139 us=5279 rss_peak_bytes=57491456
[measure] op=reserve-finalize count=140 us=9278 rss_peak_bytes=57491456
[measure] op=delete count=140 us=5063 rss_peak_bytes=57491456
[measure] op=reserve-finalize count=141 us=9517 rss_peak_bytes=57507840
[measure] op=delete count=141 us=5387 rss_peak_bytes=57507840
[measure] op=reserve-finalize count=142 us=9691 rss_peak_bytes=57507840
[measure] op=delete count=142 us=5017 rss_peak_bytes=57507840
[measure] op=reserve-finalize count=143 us=9868 rss_peak_bytes=57524224
[measure] op=delete count=143 us=5368 rss_peak_bytes=57524224
[measure] op=reserve-finalize count=144 us=9871 rss_peak_bytes=57524224
[measure] op=delete count=144 us=5483 rss_peak_bytes=57524224
[measure] op=reserve-finalize count=145 us=9537 rss_peak_bytes=57540608
[measure] op=delete count=145 us=5256 rss_peak_bytes=57540608
[measure] op=reserve-finalize count=146 us=9732 rss_peak_bytes=57540608
[measure] op=delete count=146 us=5038 rss_peak_bytes=57540608
[measure] op=reserve-finalize count=147 us=10044 rss_peak_bytes=57556992
[measure] op=delete count=147 us=5528 rss_peak_bytes=57556992
[measure] op=reserve-finalize count=148 us=10381 rss_peak_bytes=57606144
[measure] op=delete count=148 us=5492 rss_peak_bytes=57606144
[measure] op=reserve-finalize count=149 us=9529 rss_peak_bytes=57606144
[measure] op=delete count=149 us=5192 rss_peak_bytes=57622528
[measure] op=reserve-finalize count=150 us=9999 rss_peak_bytes=57622528
[measure] op=delete count=150 us=5311 rss_peak_bytes=57622528
[measure] op=reserve-finalize count=151 us=9595 rss_peak_bytes=57638912
[measure] op=delete count=151 us=5332 rss_peak_bytes=57638912
[measure] op=reserve-finalize count=152 us=9466 rss_peak_bytes=57638912
[measure] op=delete count=152 us=4949 rss_peak_bytes=57638912
[measure] op=reserve-finalize count=153 us=9774 rss_peak_bytes=57638912
[measure] op=delete count=153 us=5102 rss_peak_bytes=57655296
[measure] op=reserve-finalize count=154 us=9691 rss_peak_bytes=57655296
[measure] op=delete count=154 us=5131 rss_peak_bytes=57655296
[measure] op=reserve-finalize count=155 us=9713 rss_peak_bytes=57655296
[measure] op=delete count=155 us=5373 rss_peak_bytes=57671680
[measure] op=reserve-finalize count=156 us=9706 rss_peak_bytes=57671680
[measure] op=delete count=156 us=5122 rss_peak_bytes=57671680
[measure] op=reserve-finalize count=157 us=9497 rss_peak_bytes=57688064
[measure] op=delete count=157 us=5025 rss_peak_bytes=57688064
[measure] op=reserve-finalize count=158 us=9606 rss_peak_bytes=57688064
[measure] op=delete count=158 us=5532 rss_peak_bytes=57688064
[measure] op=reserve-finalize count=159 us=9818 rss_peak_bytes=57688064
[measure] op=delete count=159 us=5320 rss_peak_bytes=57688064
[measure] op=reserve-finalize count=160 us=9537 rss_peak_bytes=57688064
[measure] op=delete count=160 us=5247 rss_peak_bytes=57688064
[child] exit=0 signal=0
[measure] op=incremental-native-observe count=640 us=287063 rss_peak_bytes=57688064
[measure] op=reserve-finalize count=161 us=10359 rss_peak_bytes=57704448
[measure] op=delete count=161 us=5357 rss_peak_bytes=57704448
[measure] op=reserve-finalize count=162 us=9499 rss_peak_bytes=57704448
[measure] op=delete count=162 us=5254 rss_peak_bytes=57704448
[measure] op=reserve-finalize count=163 us=9438 rss_peak_bytes=57704448
[measure] op=delete count=163 us=5194 rss_peak_bytes=57704448
[measure] op=reserve-finalize count=164 us=9429 rss_peak_bytes=57802752
[measure] op=delete count=164 us=5040 rss_peak_bytes=57802752
[measure] op=reserve-finalize count=165 us=9972 rss_peak_bytes=57835520
[measure] op=delete count=165 us=5364 rss_peak_bytes=57835520
[measure] op=reserve-finalize count=166 us=9958 rss_peak_bytes=57851904
[measure] op=delete count=166 us=5187 rss_peak_bytes=57851904
[measure] op=reserve-finalize count=167 us=9939 rss_peak_bytes=57851904
[measure] op=delete count=167 us=5209 rss_peak_bytes=57851904
[measure] op=reserve-finalize count=168 us=9495 rss_peak_bytes=57868288
[measure] op=delete count=168 us=68393 rss_peak_bytes=59277312
[measure] op=reserve-finalize count=169 us=9874 rss_peak_bytes=59277312
[measure] op=delete count=169 us=5202 rss_peak_bytes=59310080
[measure] op=reserve-finalize count=170 us=9468 rss_peak_bytes=59310080
[measure] op=delete count=170 us=5084 rss_peak_bytes=59310080
[measure] op=reserve-finalize count=171 us=9410 rss_peak_bytes=59310080
[measure] op=delete count=171 us=5060 rss_peak_bytes=59310080
[measure] op=reserve-finalize count=172 us=9407 rss_peak_bytes=59310080
[measure] op=delete count=172 us=5097 rss_peak_bytes=59310080
[measure] op=reserve-finalize count=173 us=9673 rss_peak_bytes=59310080
[measure] op=delete count=173 us=5208 rss_peak_bytes=59326464
[measure] op=reserve-finalize count=174 us=9525 rss_peak_bytes=59326464
[measure] op=delete count=174 us=5301 rss_peak_bytes=59326464
[measure] op=reserve-finalize count=175 us=9425 rss_peak_bytes=59326464
[measure] op=delete count=175 us=5068 rss_peak_bytes=59326464
[measure] op=reserve-finalize count=176 us=9429 rss_peak_bytes=59326464
[measure] op=delete count=176 us=5019 rss_peak_bytes=59342848
[measure] op=reserve-finalize count=177 us=9411 rss_peak_bytes=59342848
[measure] op=delete count=177 us=4994 rss_peak_bytes=59342848
[measure] op=reserve-finalize count=178 us=9353 rss_peak_bytes=59342848
[measure] op=delete count=178 us=5037 rss_peak_bytes=59342848
[measure] op=reserve-finalize count=179 us=9407 rss_peak_bytes=59342848
[measure] op=delete count=179 us=5004 rss_peak_bytes=59342848
[measure] op=reserve-finalize count=180 us=9390 rss_peak_bytes=59342848
[measure] op=delete count=180 us=5093 rss_peak_bytes=59342848
[measure] op=reserve-finalize count=181 us=9643 rss_peak_bytes=59359232
[measure] op=delete count=181 us=5333 rss_peak_bytes=59375616
[measure] op=reserve-finalize count=182 us=9683 rss_peak_bytes=59375616
[measure] op=delete count=182 us=5521 rss_peak_bytes=59392000
[measure] op=reserve-finalize count=183 us=9753 rss_peak_bytes=59408384
[measure] op=delete count=183 us=5520 rss_peak_bytes=59408384
[measure] op=reserve-finalize count=184 us=9586 rss_peak_bytes=59408384
[measure] op=delete count=184 us=5111 rss_peak_bytes=59408384
[measure] op=reserve-finalize count=185 us=9376 rss_peak_bytes=59408384
[measure] op=delete count=185 us=4980 rss_peak_bytes=59408384
[measure] op=reserve-finalize count=186 us=9421 rss_peak_bytes=59424768
[measure] op=delete count=186 us=5323 rss_peak_bytes=59424768
[measure] op=reserve-finalize count=187 us=9724 rss_peak_bytes=59424768
[measure] op=delete count=187 us=5255 rss_peak_bytes=59424768
[measure] op=reserve-finalize count=188 us=9445 rss_peak_bytes=59424768
[measure] op=delete count=188 us=5199 rss_peak_bytes=59424768
[measure] op=reserve-finalize count=189 us=9536 rss_peak_bytes=59441152
[measure] op=delete count=189 us=4973 rss_peak_bytes=59441152
[measure] op=reserve-finalize count=190 us=10012 rss_peak_bytes=59441152
[measure] op=delete count=190 us=5150 rss_peak_bytes=59441152
[measure] op=reserve-finalize count=191 us=9560 rss_peak_bytes=59441152
[measure] op=delete count=191 us=5231 rss_peak_bytes=59441152
[measure] op=reserve-finalize count=192 us=9463 rss_peak_bytes=59441152
[measure] op=delete count=192 us=5022 rss_peak_bytes=59457536
[child] exit=0 signal=0
[measure] op=incremental-native-observe count=768 us=304504 rss_peak_bytes=59457536
[measure] op=reserve-finalize count=193 us=10081 rss_peak_bytes=59457536
[measure] op=delete count=193 us=5467 rss_peak_bytes=59457536
[measure] op=reserve-finalize count=194 us=9642 rss_peak_bytes=59457536
[measure] op=delete count=194 us=5300 rss_peak_bytes=59457536
[measure] op=reserve-finalize count=195 us=9865 rss_peak_bytes=59457536
[measure] op=delete count=195 us=5410 rss_peak_bytes=59457536
[measure] op=reserve-finalize count=196 us=9699 rss_peak_bytes=59473920
[measure] op=delete count=196 us=5313 rss_peak_bytes=59473920
[measure] op=reserve-finalize count=197 us=9637 rss_peak_bytes=59473920
[measure] op=delete count=197 us=5092 rss_peak_bytes=59490304
[measure] op=reserve-finalize count=198 us=9404 rss_peak_bytes=59506688
[measure] op=delete count=198 us=5450 rss_peak_bytes=59506688
[measure] op=reserve-finalize count=199 us=9444 rss_peak_bytes=59506688
[measure] op=delete count=199 us=5464 rss_peak_bytes=59523072
[measure] op=reserve-finalize count=200 us=9864 rss_peak_bytes=59555840
[measure] op=delete count=200 us=5650 rss_peak_bytes=59555840
[measure] op=reserve-finalize count=201 us=9614 rss_peak_bytes=59572224
[measure] op=delete count=201 us=5416 rss_peak_bytes=59572224
[measure] op=reserve-finalize count=202 us=9862 rss_peak_bytes=59604992
[measure] op=delete count=202 us=5234 rss_peak_bytes=59604992
[measure] op=reserve-finalize count=203 us=9866 rss_peak_bytes=59604992
[measure] op=delete count=203 us=5320 rss_peak_bytes=59604992
[measure] op=reserve-finalize count=204 us=9775 rss_peak_bytes=59604992
[measure] op=delete count=204 us=5323 rss_peak_bytes=59604992
[measure] op=reserve-finalize count=205 us=9395 rss_peak_bytes=59604992
[measure] op=delete count=205 us=5419 rss_peak_bytes=59604992
[measure] op=reserve-finalize count=206 us=9397 rss_peak_bytes=59637760
[measure] op=delete count=206 us=5156 rss_peak_bytes=59637760
[measure] op=reserve-finalize count=207 us=10110 rss_peak_bytes=59637760
[measure] op=delete count=207 us=5191 rss_peak_bytes=59637760
[measure] op=reserve-finalize count=208 us=9845 rss_peak_bytes=59637760
[measure] op=delete count=208 us=5026 rss_peak_bytes=59637760
[measure] op=reserve-finalize count=209 us=9364 rss_peak_bytes=59637760
[measure] op=delete count=209 us=4982 rss_peak_bytes=59654144
[measure] op=reserve-finalize count=210 us=9319 rss_peak_bytes=59654144
[measure] op=delete count=210 us=4985 rss_peak_bytes=59654144
[measure] op=reserve-finalize count=211 us=9488 rss_peak_bytes=59654144
[measure] op=delete count=211 us=5024 rss_peak_bytes=59654144
[measure] op=reserve-finalize count=212 us=9418 rss_peak_bytes=59654144
[measure] op=delete count=212 us=5151 rss_peak_bytes=59654144
[measure] op=reserve-finalize count=213 us=9791 rss_peak_bytes=59654144
[measure] op=delete count=213 us=5304 rss_peak_bytes=59686912
[measure] op=reserve-finalize count=214 us=9452 rss_peak_bytes=59686912
[measure] op=delete count=214 us=5153 rss_peak_bytes=59703296
[measure] op=reserve-finalize count=215 us=9405 rss_peak_bytes=59703296
[measure] op=delete count=215 us=5016 rss_peak_bytes=59703296
[measure] op=reserve-finalize count=216 us=9340 rss_peak_bytes=59703296
[measure] op=delete count=216 us=4996 rss_peak_bytes=59703296
[measure] op=reserve-finalize count=217 us=9425 rss_peak_bytes=59703296
[measure] op=delete count=217 us=5539 rss_peak_bytes=59703296
[measure] op=reserve-finalize count=218 us=9784 rss_peak_bytes=59703296
[measure] op=delete count=218 us=5324 rss_peak_bytes=59703296
[measure] op=reserve-finalize count=219 us=9605 rss_peak_bytes=59752448
[measure] op=delete count=219 us=5974 rss_peak_bytes=59768832
[measure] op=reserve-finalize count=220 us=9638 rss_peak_bytes=59768832
[measure] op=delete count=220 us=5072 rss_peak_bytes=59768832
[measure] op=reserve-finalize count=221 us=9699 rss_peak_bytes=59768832
[measure] op=delete count=221 us=5244 rss_peak_bytes=59768832
[measure] op=reserve-finalize count=222 us=10119 rss_peak_bytes=59768832
[measure] op=delete count=222 us=5290 rss_peak_bytes=59768832
[measure] op=reserve-finalize count=223 us=9696 rss_peak_bytes=59768832
[measure] op=delete count=223 us=5363 rss_peak_bytes=59785216
[measure] op=reserve-finalize count=224 us=9950 rss_peak_bytes=59785216
[measure] op=delete count=224 us=86051 rss_peak_bytes=60817408
[child] exit=0 signal=0
[measure] op=incremental-native-observe count=896 us=317371 rss_peak_bytes=60817408
[measure] op=reserve-finalize count=225 us=10426 rss_peak_bytes=60817408
[measure] op=delete count=225 us=5648 rss_peak_bytes=60817408
[measure] op=reserve-finalize count=226 us=9786 rss_peak_bytes=60817408
[measure] op=delete count=226 us=5097 rss_peak_bytes=60850176
[measure] op=reserve-finalize count=227 us=9587 rss_peak_bytes=60850176
[measure] op=delete count=227 us=5102 rss_peak_bytes=60850176
[measure] op=reserve-finalize count=228 us=9346 rss_peak_bytes=60850176
[measure] op=delete count=228 us=5012 rss_peak_bytes=60866560
[measure] op=reserve-finalize count=229 us=9358 rss_peak_bytes=60866560
[measure] op=delete count=229 us=5372 rss_peak_bytes=60866560
[measure] op=reserve-finalize count=230 us=9293 rss_peak_bytes=60866560
[measure] op=delete count=230 us=5146 rss_peak_bytes=60866560
[measure] op=reserve-finalize count=231 us=9868 rss_peak_bytes=60866560
[measure] op=delete count=231 us=5151 rss_peak_bytes=60866560
[measure] op=reserve-finalize count=232 us=9592 rss_peak_bytes=60866560
[measure] op=delete count=232 us=5201 rss_peak_bytes=60882944
[measure] op=reserve-finalize count=233 us=9385 rss_peak_bytes=60882944
[measure] op=delete count=233 us=5036 rss_peak_bytes=60882944
[measure] op=reserve-finalize count=234 us=9907 rss_peak_bytes=60882944
[measure] op=delete count=234 us=5112 rss_peak_bytes=60882944
[measure] op=reserve-finalize count=235 us=9792 rss_peak_bytes=60882944
[measure] op=delete count=235 us=4977 rss_peak_bytes=60882944
[measure] op=reserve-finalize count=236 us=9818 rss_peak_bytes=60882944
[measure] op=delete count=236 us=5348 rss_peak_bytes=60882944
[measure] op=reserve-finalize count=237 us=9749 rss_peak_bytes=60915712
[measure] op=delete count=237 us=5302 rss_peak_bytes=60915712
[measure] op=reserve-finalize count=238 us=9741 rss_peak_bytes=60915712
[measure] op=delete count=238 us=5202 rss_peak_bytes=60915712
[measure] op=reserve-finalize count=239 us=9546 rss_peak_bytes=60915712
[measure] op=delete count=239 us=5722 rss_peak_bytes=60915712
[measure] op=reserve-finalize count=240 us=9469 rss_peak_bytes=60915712
[measure] op=delete count=240 us=5165 rss_peak_bytes=60932096
[measure] op=reserve-finalize count=241 us=9784 rss_peak_bytes=60948480
[measure] op=delete count=241 us=5035 rss_peak_bytes=60948480
[measure] op=reserve-finalize count=242 us=9537 rss_peak_bytes=60948480
[measure] op=delete count=242 us=5230 rss_peak_bytes=60948480
[measure] op=reserve-finalize count=243 us=9577 rss_peak_bytes=60948480
[measure] op=delete count=243 us=5760 rss_peak_bytes=60964864
[measure] op=reserve-finalize count=244 us=9535 rss_peak_bytes=60964864
[measure] op=delete count=244 us=5155 rss_peak_bytes=60964864
[measure] op=reserve-finalize count=245 us=9872 rss_peak_bytes=60964864
[measure] op=delete count=245 us=5186 rss_peak_bytes=60981248
[measure] op=reserve-finalize count=246 us=9825 rss_peak_bytes=60981248
[measure] op=delete count=246 us=5213 rss_peak_bytes=60997632
[measure] op=reserve-finalize count=247 us=9546 rss_peak_bytes=60997632
[measure] op=delete count=247 us=5031 rss_peak_bytes=60997632
[measure] op=reserve-finalize count=248 us=9418 rss_peak_bytes=60997632
[measure] op=delete count=248 us=5223 rss_peak_bytes=60997632
[measure] op=reserve-finalize count=249 us=9529 rss_peak_bytes=61014016
[measure] op=delete count=249 us=4989 rss_peak_bytes=61030400
[measure] op=reserve-finalize count=250 us=10026 rss_peak_bytes=61030400
[measure] op=delete count=250 us=5259 rss_peak_bytes=61030400
[measure] op=reserve-finalize count=251 us=9890 rss_peak_bytes=61030400
[measure] op=delete count=251 us=5225 rss_peak_bytes=61030400
[measure] op=reserve-finalize count=252 us=9711 rss_peak_bytes=61046784
[measure] op=delete count=252 us=5377 rss_peak_bytes=61046784
[measure] op=reserve-finalize count=253 us=9712 rss_peak_bytes=61046784
[measure] op=delete count=253 us=5256 rss_peak_bytes=61046784
[measure] op=reserve-finalize count=254 us=9618 rss_peak_bytes=61046784
[measure] op=delete count=254 us=4989 rss_peak_bytes=61046784
[measure] op=reserve-finalize count=255 us=9365 rss_peak_bytes=61079552
[measure] op=delete count=255 us=4985 rss_peak_bytes=61079552
[measure] op=reserve-finalize count=256 us=9628 rss_peak_bytes=61079552
[measure] op=delete count=256 us=5417 rss_peak_bytes=61095936
[child] exit=0 signal=0
[measure] op=incremental-native-observe count=1024 us=343139 rss_peak_bytes=61095936
[measure] op=reserve-finalize count=257 us=10355 rss_peak_bytes=61095936
[measure] op=delete count=257 us=5504 rss_peak_bytes=61095936
[measure] op=reserve-finalize count=258 us=9810 rss_peak_bytes=61095936
[measure] op=delete count=258 us=5573 rss_peak_bytes=61095936
[measure] op=reserve-finalize count=259 us=9389 rss_peak_bytes=61095936
[measure] op=delete count=259 us=5127 rss_peak_bytes=61112320
[measure] op=reserve-finalize count=260 us=9421 rss_peak_bytes=61112320
[measure] op=delete count=260 us=5061 rss_peak_bytes=61112320
[measure] op=reserve-finalize count=261 us=9362 rss_peak_bytes=61112320
[measure] op=delete count=261 us=5264 rss_peak_bytes=61112320
[measure] op=reserve-finalize count=262 us=9387 rss_peak_bytes=61112320
[measure] op=delete count=262 us=5239 rss_peak_bytes=61112320
[measure] op=reserve-finalize count=263 us=9418 rss_peak_bytes=61112320
[measure] op=delete count=263 us=5148 rss_peak_bytes=61128704
[measure] op=reserve-finalize count=264 us=9851 rss_peak_bytes=61128704
[measure] op=delete count=264 us=5405 rss_peak_bytes=61128704
[measure] op=reserve-finalize count=265 us=9713 rss_peak_bytes=61128704
[measure] op=delete count=265 us=5466 rss_peak_bytes=61145088
[measure] op=reserve-finalize count=266 us=9422 rss_peak_bytes=61145088
[measure] op=delete count=266 us=5213 rss_peak_bytes=61177856
[measure] op=reserve-finalize count=267 us=9390 rss_peak_bytes=61177856
[measure] op=delete count=267 us=5351 rss_peak_bytes=61177856
[measure] op=reserve-finalize count=268 us=9589 rss_peak_bytes=61177856
[measure] op=delete count=268 us=5481 rss_peak_bytes=61194240
[measure] op=reserve-finalize count=269 us=9498 rss_peak_bytes=61194240
[measure] op=delete count=269 us=5369 rss_peak_bytes=61194240
[measure] op=reserve-finalize count=270 us=9640 rss_peak_bytes=61210624
[measure] op=delete count=270 us=4968 rss_peak_bytes=61210624
[measure] op=reserve-finalize count=271 us=9847 rss_peak_bytes=61227008
[measure] op=delete count=271 us=5039 rss_peak_bytes=61227008
[measure] op=reserve-finalize count=272 us=9446 rss_peak_bytes=61227008
[measure] op=delete count=272 us=5086 rss_peak_bytes=61227008
[measure] op=reserve-finalize count=273 us=9438 rss_peak_bytes=61259776
[measure] op=delete count=273 us=5083 rss_peak_bytes=61276160
[measure] op=reserve-finalize count=274 us=9717 rss_peak_bytes=61276160
[measure] op=delete count=274 us=5234 rss_peak_bytes=61276160
[measure] op=reserve-finalize count=275 us=9685 rss_peak_bytes=61276160
[measure] op=delete count=275 us=5411 rss_peak_bytes=61292544
[measure] op=reserve-finalize count=276 us=9743 rss_peak_bytes=61292544
[measure] op=delete count=276 us=5323 rss_peak_bytes=61292544
[measure] op=reserve-finalize count=277 us=9318 rss_peak_bytes=61292544
[measure] op=delete count=277 us=5049 rss_peak_bytes=61308928
[measure] op=reserve-finalize count=278 us=9387 rss_peak_bytes=61308928
[measure] op=delete count=278 us=5147 rss_peak_bytes=61325312
[measure] op=reserve-finalize count=279 us=9324 rss_peak_bytes=61325312
[measure] op=delete count=279 us=4986 rss_peak_bytes=61325312
[measure] op=reserve-finalize count=280 us=9435 rss_peak_bytes=61325312
[measure] op=delete count=280 us=102485 rss_peak_bytes=63848448
[measure] op=reserve-finalize count=281 us=10004 rss_peak_bytes=63848448
[measure] op=delete count=281 us=5218 rss_peak_bytes=63864832
[measure] op=reserve-finalize count=282 us=9469 rss_peak_bytes=63864832
[measure] op=delete count=282 us=5072 rss_peak_bytes=63881216
[measure] op=reserve-finalize count=283 us=9387 rss_peak_bytes=63897600
[measure] op=delete count=283 us=5146 rss_peak_bytes=63897600
[measure] op=reserve-finalize count=284 us=9344 rss_peak_bytes=63897600
[measure] op=delete count=284 us=5046 rss_peak_bytes=63913984
[measure] op=reserve-finalize count=285 us=9600 rss_peak_bytes=63913984
[measure] op=delete count=285 us=5462 rss_peak_bytes=63913984
[measure] op=reserve-finalize count=286 us=9632 rss_peak_bytes=63913984
[measure] op=delete count=286 us=5401 rss_peak_bytes=63930368
[measure] op=reserve-finalize count=287 us=9397 rss_peak_bytes=63930368
[measure] op=delete count=287 us=5438 rss_peak_bytes=63930368
[measure] op=reserve-finalize count=288 us=9624 rss_peak_bytes=63930368
[measure] op=delete count=288 us=5799 rss_peak_bytes=63930368
[child] exit=0 signal=0
[measure] op=incremental-native-observe count=1152 us=359595 rss_peak_bytes=63930368
[measure] op=reserve-finalize count=289 us=11147 rss_peak_bytes=63930368
[measure] op=delete count=289 us=5248 rss_peak_bytes=63946752
[measure] op=reserve-finalize count=290 us=9765 rss_peak_bytes=63946752
[measure] op=delete count=290 us=5225 rss_peak_bytes=63946752
[measure] op=reserve-finalize count=291 us=9497 rss_peak_bytes=63979520
[measure] op=delete count=291 us=5010 rss_peak_bytes=63979520
[measure] op=reserve-finalize count=292 us=9485 rss_peak_bytes=63979520
[measure] op=delete count=292 us=5082 rss_peak_bytes=63995904
[measure] op=reserve-finalize count=293 us=9732 rss_peak_bytes=63995904
[measure] op=delete count=293 us=5108 rss_peak_bytes=63995904
[measure] op=reserve-finalize count=294 us=9700 rss_peak_bytes=63995904
[measure] op=delete count=294 us=5584 rss_peak_bytes=63995904
[measure] op=reserve-finalize count=295 us=9413 rss_peak_bytes=63995904
[measure] op=delete count=295 us=5352 rss_peak_bytes=64012288
[measure] op=reserve-finalize count=296 us=9423 rss_peak_bytes=64012288
[measure] op=delete count=296 us=5306 rss_peak_bytes=64012288
[measure] op=reserve-finalize count=297 us=9383 rss_peak_bytes=64012288
[measure] op=delete count=297 us=5109 rss_peak_bytes=64012288
[measure] op=reserve-finalize count=298 us=9963 rss_peak_bytes=64012288
[measure] op=delete count=298 us=5161 rss_peak_bytes=64028672
[measure] op=reserve-finalize count=299 us=9662 rss_peak_bytes=64028672
[measure] op=delete count=299 us=5131 rss_peak_bytes=64028672
[measure] op=reserve-finalize count=300 us=9727 rss_peak_bytes=64028672
[measure] op=delete count=300 us=5506 rss_peak_bytes=64028672
[measure] op=reserve-finalize count=301 us=9496 rss_peak_bytes=64045056
[measure] op=delete count=301 us=5125 rss_peak_bytes=64045056
[measure] op=reserve-finalize count=302 us=9380 rss_peak_bytes=64045056
[measure] op=delete count=302 us=5282 rss_peak_bytes=64045056
[measure] op=reserve-finalize count=303 us=9402 rss_peak_bytes=64045056
[measure] op=delete count=303 us=5315 rss_peak_bytes=64045056
[measure] op=reserve-finalize count=304 us=9432 rss_peak_bytes=64045056
[measure] op=delete count=304 us=5370 rss_peak_bytes=64061440
[measure] op=reserve-finalize count=305 us=10120 rss_peak_bytes=64061440
[measure] op=delete count=305 us=5371 rss_peak_bytes=64061440
[measure] op=reserve-finalize count=306 us=9710 rss_peak_bytes=64061440
[measure] op=delete count=306 us=5288 rss_peak_bytes=64077824
[measure] op=reserve-finalize count=307 us=9617 rss_peak_bytes=64077824
[measure] op=delete count=307 us=5053 rss_peak_bytes=64077824
[measure] op=reserve-finalize count=308 us=9726 rss_peak_bytes=64077824
[measure] op=delete count=308 us=5069 rss_peak_bytes=64077824
[measure] op=reserve-finalize count=309 us=9401 rss_peak_bytes=64094208
[measure] op=delete count=309 us=5036 rss_peak_bytes=64126976
[measure] op=reserve-finalize count=310 us=9416 rss_peak_bytes=64126976
[measure] op=delete count=310 us=4964 rss_peak_bytes=64126976
[measure] op=reserve-finalize count=311 us=9776 rss_peak_bytes=64126976
[measure] op=delete count=311 us=5224 rss_peak_bytes=64126976
[measure] op=reserve-finalize count=312 us=9548 rss_peak_bytes=64126976
[measure] op=delete count=312 us=5604 rss_peak_bytes=64143360
[measure] op=reserve-finalize count=313 us=9391 rss_peak_bytes=64143360
[measure] op=delete count=313 us=5136 rss_peak_bytes=64143360
[measure] op=reserve-finalize count=314 us=10038 rss_peak_bytes=64143360
[measure] op=delete count=314 us=5210 rss_peak_bytes=64143360
[measure] op=reserve-finalize count=315 us=9599 rss_peak_bytes=64143360
[measure] op=delete count=315 us=5151 rss_peak_bytes=64143360
[measure] op=reserve-finalize count=316 us=9533 rss_peak_bytes=64159744
[measure] op=delete count=316 us=5199 rss_peak_bytes=64159744
[measure] op=reserve-finalize count=317 us=9463 rss_peak_bytes=64159744
[measure] op=delete count=317 us=5167 rss_peak_bytes=64159744
[measure] op=reserve-finalize count=318 us=9761 rss_peak_bytes=64176128
[measure] op=delete count=318 us=5208 rss_peak_bytes=64176128
[measure] op=reserve-finalize count=319 us=9511 rss_peak_bytes=64176128
[measure] op=delete count=319 us=5261 rss_peak_bytes=64176128
[measure] op=reserve-finalize count=320 us=9505 rss_peak_bytes=64176128
[measure] op=delete count=320 us=5116 rss_peak_bytes=64192512
[child] exit=0 signal=0
[measure] op=incremental-native-observe count=1280 us=387568 rss_peak_bytes=64192512
[measure] op=reserve-finalize count=321 us=10735 rss_peak_bytes=64208896
[measure] op=delete count=321 us=5600 rss_peak_bytes=64208896
[measure] op=reserve-finalize count=322 us=10427 rss_peak_bytes=64208896
[measure] op=delete count=322 us=6054 rss_peak_bytes=64208896
[measure] op=reserve-finalize count=323 us=9924 rss_peak_bytes=64208896
[measure] op=delete count=323 us=5266 rss_peak_bytes=64225280
[measure] op=reserve-finalize count=324 us=9450 rss_peak_bytes=64225280
[measure] op=delete count=324 us=5210 rss_peak_bytes=64225280
[measure] op=reserve-finalize count=325 us=9725 rss_peak_bytes=64225280
[measure] op=delete count=325 us=5127 rss_peak_bytes=64241664
[measure] op=reserve-finalize count=326 us=9702 rss_peak_bytes=64241664
[measure] op=delete count=326 us=5153 rss_peak_bytes=64258048
[measure] op=reserve-finalize count=327 us=9847 rss_peak_bytes=64290816
[measure] op=delete count=327 us=5156 rss_peak_bytes=64290816
[measure] op=reserve-finalize count=328 us=9854 rss_peak_bytes=64290816
[measure] op=delete count=328 us=5225 rss_peak_bytes=64290816
[measure] op=reserve-finalize count=329 us=9840 rss_peak_bytes=64290816
[measure] op=delete count=329 us=5325 rss_peak_bytes=64307200
[measure] op=reserve-finalize count=330 us=9534 rss_peak_bytes=64307200
[measure] op=delete count=330 us=5347 rss_peak_bytes=64307200
[measure] op=reserve-finalize count=331 us=9442 rss_peak_bytes=64323584
[measure] op=delete count=331 us=5353 rss_peak_bytes=64323584
[measure] op=reserve-finalize count=332 us=10158 rss_peak_bytes=64323584
[measure] op=delete count=332 us=5494 rss_peak_bytes=64323584
[measure] op=reserve-finalize count=333 us=9882 rss_peak_bytes=64323584
[measure] op=delete count=333 us=5295 rss_peak_bytes=64323584
[measure] op=reserve-finalize count=334 us=9914 rss_peak_bytes=64339968
[measure] op=delete count=334 us=5567 rss_peak_bytes=64356352
[measure] op=reserve-finalize count=335 us=10182 rss_peak_bytes=64356352
[measure] op=delete count=335 us=4996 rss_peak_bytes=64356352
[measure] op=reserve-finalize count=336 us=9426 rss_peak_bytes=64356352
[measure] op=delete count=336 us=121647 rss_peak_bytes=65683456
[measure] op=reserve-finalize count=337 us=9864 rss_peak_bytes=65683456
[measure] op=delete count=337 us=5200 rss_peak_bytes=65699840
[measure] op=reserve-finalize count=338 us=9642 rss_peak_bytes=65699840
[measure] op=delete count=338 us=5185 rss_peak_bytes=65699840
[measure] op=reserve-finalize count=339 us=9434 rss_peak_bytes=65699840
[measure] op=delete count=339 us=5156 rss_peak_bytes=65716224
[measure] op=reserve-finalize count=340 us=9525 rss_peak_bytes=65716224
[measure] op=delete count=340 us=5235 rss_peak_bytes=65732608
[measure] op=reserve-finalize count=341 us=9657 rss_peak_bytes=65732608
[measure] op=delete count=341 us=5057 rss_peak_bytes=65748992
[measure] op=reserve-finalize count=342 us=9336 rss_peak_bytes=65748992
[measure] op=delete count=342 us=5182 rss_peak_bytes=65765376
[measure] op=reserve-finalize count=343 us=9341 rss_peak_bytes=65765376
[measure] op=delete count=343 us=5143 rss_peak_bytes=65765376
[measure] op=reserve-finalize count=344 us=9573 rss_peak_bytes=65765376
[measure] op=delete count=344 us=5353 rss_peak_bytes=65765376
[measure] op=reserve-finalize count=345 us=9636 rss_peak_bytes=65781760
[measure] op=delete count=345 us=5275 rss_peak_bytes=65781760
[measure] op=reserve-finalize count=346 us=9769 rss_peak_bytes=65798144
[measure] op=delete count=346 us=5036 rss_peak_bytes=65798144
[measure] op=reserve-finalize count=347 us=9459 rss_peak_bytes=65814528
[measure] op=delete count=347 us=4970 rss_peak_bytes=65814528
[measure] op=reserve-finalize count=348 us=9413 rss_peak_bytes=65830912
[measure] op=delete count=348 us=5071 rss_peak_bytes=65830912
[measure] op=reserve-finalize count=349 us=9732 rss_peak_bytes=65830912
[measure] op=delete count=349 us=5648 rss_peak_bytes=65830912
[measure] op=reserve-finalize count=350 us=9729 rss_peak_bytes=65830912
[measure] op=delete count=350 us=5114 rss_peak_bytes=65830912
[measure] op=reserve-finalize count=351 us=9574 rss_peak_bytes=65830912
[measure] op=delete count=351 us=5424 rss_peak_bytes=65847296
[measure] op=reserve-finalize count=352 us=9412 rss_peak_bytes=65847296
[measure] op=delete count=352 us=5147 rss_peak_bytes=65847296
[child] exit=0 signal=0
[measure] op=incremental-native-observe count=1408 us=407812 rss_peak_bytes=65847296
[measure] op=reserve-finalize count=353 us=10390 rss_peak_bytes=65847296
[measure] op=delete count=353 us=5817 rss_peak_bytes=65847296
[measure] op=reserve-finalize count=354 us=9904 rss_peak_bytes=65863680
[measure] op=delete count=354 us=5180 rss_peak_bytes=65863680
[measure] op=reserve-finalize count=355 us=9808 rss_peak_bytes=65863680
[measure] op=delete count=355 us=5628 rss_peak_bytes=65863680
[measure] op=reserve-finalize count=356 us=9859 rss_peak_bytes=65863680
[measure] op=delete count=356 us=5224 rss_peak_bytes=65863680
[measure] op=reserve-finalize count=357 us=9800 rss_peak_bytes=65880064
[measure] op=delete count=357 us=5117 rss_peak_bytes=65880064
[measure] op=reserve-finalize count=358 us=9515 rss_peak_bytes=65880064
[measure] op=delete count=358 us=5795 rss_peak_bytes=65880064
[measure] op=reserve-finalize count=359 us=9726 rss_peak_bytes=65880064
[measure] op=delete count=359 us=5484 rss_peak_bytes=65880064
[measure] op=reserve-finalize count=360 us=9495 rss_peak_bytes=65896448
[measure] op=delete count=360 us=5111 rss_peak_bytes=65896448
[measure] op=reserve-finalize count=361 us=9637 rss_peak_bytes=65896448
[measure] op=delete count=361 us=5265 rss_peak_bytes=65896448
[measure] op=reserve-finalize count=362 us=9430 rss_peak_bytes=65896448
[measure] op=delete count=362 us=5399 rss_peak_bytes=65912832
[measure] op=reserve-finalize count=363 us=9473 rss_peak_bytes=65929216
[measure] op=delete count=363 us=5031 rss_peak_bytes=65929216
[measure] op=reserve-finalize count=364 us=9397 rss_peak_bytes=65929216
[measure] op=delete count=364 us=5112 rss_peak_bytes=65929216
[measure] op=reserve-finalize count=365 us=9505 rss_peak_bytes=65929216
[measure] op=delete count=365 us=5411 rss_peak_bytes=65945600
[measure] op=reserve-finalize count=366 us=9703 rss_peak_bytes=65945600
[measure] op=delete count=366 us=5374 rss_peak_bytes=65945600
[measure] op=reserve-finalize count=367 us=9769 rss_peak_bytes=65945600
[measure] op=delete count=367 us=5354 rss_peak_bytes=65961984
[measure] op=reserve-finalize count=368 us=9751 rss_peak_bytes=65961984
[measure] op=delete count=368 us=5382 rss_peak_bytes=65978368
[measure] op=reserve-finalize count=369 us=9591 rss_peak_bytes=65978368
[measure] op=delete count=369 us=5304 rss_peak_bytes=65978368
[measure] op=reserve-finalize count=370 us=9814 rss_peak_bytes=65978368
[measure] op=delete count=370 us=5599 rss_peak_bytes=65978368
[measure] op=reserve-finalize count=371 us=9695 rss_peak_bytes=65978368
[measure] op=delete count=371 us=5476 rss_peak_bytes=65978368
[measure] op=reserve-finalize count=372 us=9621 rss_peak_bytes=66011136
[measure] op=delete count=372 us=5199 rss_peak_bytes=66011136
[measure] op=reserve-finalize count=373 us=10103 rss_peak_bytes=66011136
[measure] op=delete count=373 us=5307 rss_peak_bytes=66027520
[measure] op=reserve-finalize count=374 us=9561 rss_peak_bytes=66027520
[measure] op=delete count=374 us=5262 rss_peak_bytes=66043904
[measure] op=reserve-finalize count=375 us=9425 rss_peak_bytes=66043904
[measure] op=delete count=375 us=5097 rss_peak_bytes=66043904
[measure] op=reserve-finalize count=376 us=9577 rss_peak_bytes=66060288
[measure] op=delete count=376 us=5184 rss_peak_bytes=66076672
[measure] op=reserve-finalize count=377 us=9847 rss_peak_bytes=66076672
[measure] op=delete count=377 us=5131 rss_peak_bytes=66076672
[measure] op=reserve-finalize count=378 us=9719 rss_peak_bytes=66076672
[measure] op=delete count=378 us=5274 rss_peak_bytes=66093056
[measure] op=reserve-finalize count=379 us=10181 rss_peak_bytes=66093056
[measure] op=delete count=379 us=5263 rss_peak_bytes=66093056
[measure] op=reserve-finalize count=380 us=9586 rss_peak_bytes=66093056
[measure] op=delete count=380 us=5188 rss_peak_bytes=66093056
[measure] op=reserve-finalize count=381 us=9880 rss_peak_bytes=66109440
[measure] op=delete count=381 us=5124 rss_peak_bytes=66125824
[measure] op=reserve-finalize count=382 us=9654 rss_peak_bytes=66125824
[measure] op=delete count=382 us=5189 rss_peak_bytes=66125824
[measure] op=reserve-finalize count=383 us=9567 rss_peak_bytes=66125824
[measure] op=delete count=383 us=5084 rss_peak_bytes=66125824
[measure] op=reserve-finalize count=384 us=9410 rss_peak_bytes=66125824
[measure] op=delete count=384 us=5219 rss_peak_bytes=66142208
[child] exit=0 signal=0
[measure] op=incremental-native-observe count=1536 us=435488 rss_peak_bytes=66142208
[measure] op=reserve-finalize count=385 us=10181 rss_peak_bytes=66142208
[measure] op=delete count=385 us=5252 rss_peak_bytes=66142208
[measure] op=reserve-finalize count=386 us=9717 rss_peak_bytes=66142208
[measure] op=delete count=386 us=5001 rss_peak_bytes=66142208
[measure] op=reserve-finalize count=387 us=9528 rss_peak_bytes=66142208
[measure] op=delete count=387 us=5194 rss_peak_bytes=66158592
[measure] op=reserve-finalize count=388 us=9977 rss_peak_bytes=66158592
[measure] op=delete count=388 us=5259 rss_peak_bytes=66158592
[measure] op=reserve-finalize count=389 us=10159 rss_peak_bytes=66158592
[measure] op=delete count=389 us=5296 rss_peak_bytes=66158592
[measure] op=reserve-finalize count=390 us=9850 rss_peak_bytes=66158592
[measure] op=delete count=390 us=5234 rss_peak_bytes=66174976
[measure] op=reserve-finalize count=391 us=9563 rss_peak_bytes=66174976
[measure] op=delete count=391 us=5028 rss_peak_bytes=66174976
[measure] op=reserve-finalize count=392 us=9449 rss_peak_bytes=66174976
[measure] op=delete count=392 us=138376 rss_peak_bytes=67174400
[measure] op=reserve-finalize count=393 us=9694 rss_peak_bytes=67174400
[measure] op=delete count=393 us=5088 rss_peak_bytes=67190784
[measure] op=reserve-finalize count=394 us=9845 rss_peak_bytes=67190784
[measure] op=delete count=394 us=5146 rss_peak_bytes=67190784
[measure] op=reserve-finalize count=395 us=9508 rss_peak_bytes=67190784
[measure] op=delete count=395 us=5243 rss_peak_bytes=67190784
[measure] op=reserve-finalize count=396 us=9585 rss_peak_bytes=67223552
[measure] op=delete count=396 us=5130 rss_peak_bytes=67223552
[measure] op=reserve-finalize count=397 us=9501 rss_peak_bytes=67223552
[measure] op=delete count=397 us=5365 rss_peak_bytes=67223552
[measure] op=reserve-finalize count=398 us=9765 rss_peak_bytes=67272704
[measure] op=delete count=398 us=5564 rss_peak_bytes=67305472
[measure] op=reserve-finalize count=399 us=9736 rss_peak_bytes=67321856
[measure] op=delete count=399 us=5180 rss_peak_bytes=67321856
[measure] op=reserve-finalize count=400 us=9842 rss_peak_bytes=67387392
[measure] op=delete count=400 us=5284 rss_peak_bytes=67387392
[measure] op=reserve-finalize count=401 us=9387 rss_peak_bytes=67387392
[measure] op=delete count=401 us=5179 rss_peak_bytes=67403776
[measure] op=reserve-finalize count=402 us=9437 rss_peak_bytes=67403776
[measure] op=delete count=402 us=5381 rss_peak_bytes=67403776
[measure] op=reserve-finalize count=403 us=9401 rss_peak_bytes=67403776
[measure] op=delete count=403 us=5152 rss_peak_bytes=67403776
[measure] op=reserve-finalize count=404 us=9814 rss_peak_bytes=67403776
[measure] op=delete count=404 us=5176 rss_peak_bytes=67420160
[measure] op=reserve-finalize count=405 us=9713 rss_peak_bytes=67420160
[measure] op=delete count=405 us=5093 rss_peak_bytes=67436544
[measure] op=reserve-finalize count=406 us=9747 rss_peak_bytes=67436544
[measure] op=delete count=406 us=5240 rss_peak_bytes=67452928
[measure] op=reserve-finalize count=407 us=9465 rss_peak_bytes=67452928
[measure] op=delete count=407 us=5121 rss_peak_bytes=67452928
[measure] op=reserve-finalize count=408 us=9591 rss_peak_bytes=67452928
[measure] op=delete count=408 us=5059 rss_peak_bytes=67469312
[measure] op=reserve-finalize count=409 us=9389 rss_peak_bytes=67469312
[measure] op=delete count=409 us=5121 rss_peak_bytes=67469312
[measure] op=reserve-finalize count=410 us=10003 rss_peak_bytes=67469312
[measure] op=delete count=410 us=5541 rss_peak_bytes=67485696
[measure] op=reserve-finalize count=411 us=9797 rss_peak_bytes=67485696
[measure] op=delete count=411 us=5378 rss_peak_bytes=67502080
[measure] op=reserve-finalize count=412 us=9975 rss_peak_bytes=67502080
[measure] op=delete count=412 us=5313 rss_peak_bytes=67502080
[measure] op=reserve-finalize count=413 us=9749 rss_peak_bytes=67502080
[measure] op=delete count=413 us=5292 rss_peak_bytes=67502080
[measure] op=reserve-finalize count=414 us=9506 rss_peak_bytes=67502080
[measure] op=delete count=414 us=5346 rss_peak_bytes=67518464
[measure] op=reserve-finalize count=415 us=9362 rss_peak_bytes=67518464
[measure] op=delete count=415 us=5096 rss_peak_bytes=67518464
[measure] op=reserve-finalize count=416 us=9508 rss_peak_bytes=67518464
[measure] op=delete count=416 us=5445 rss_peak_bytes=67518464
[child] exit=0 signal=0
[measure] op=incremental-native-observe count=1664 us=453151 rss_peak_bytes=67518464
[measure] op=reserve-finalize count=417 us=10270 rss_peak_bytes=67534848
[measure] op=delete count=417 us=5227 rss_peak_bytes=67534848
[measure] op=reserve-finalize count=418 us=9911 rss_peak_bytes=67534848
[measure] op=delete count=418 us=5192 rss_peak_bytes=67551232
[measure] op=reserve-finalize count=419 us=9540 rss_peak_bytes=67567616
[measure] op=delete count=419 us=5007 rss_peak_bytes=67567616
[measure] op=reserve-finalize count=420 us=9419 rss_peak_bytes=67567616
[measure] op=delete count=420 us=5009 rss_peak_bytes=67584000
[measure] op=reserve-finalize count=421 us=9657 rss_peak_bytes=67584000
[measure] op=delete count=421 us=5202 rss_peak_bytes=67584000
[measure] op=reserve-finalize count=422 us=9730 rss_peak_bytes=67584000
[measure] op=delete count=422 us=5607 rss_peak_bytes=67584000
[measure] op=reserve-finalize count=423 us=9703 rss_peak_bytes=67600384
[measure] op=delete count=423 us=5604 rss_peak_bytes=67616768
[measure] op=reserve-finalize count=424 us=9658 rss_peak_bytes=67616768
[measure] op=delete count=424 us=5304 rss_peak_bytes=67616768
[measure] op=reserve-finalize count=425 us=9569 rss_peak_bytes=67616768
[measure] op=delete count=425 us=5203 rss_peak_bytes=67616768
[measure] op=reserve-finalize count=426 us=9684 rss_peak_bytes=67633152
[measure] op=delete count=426 us=5069 rss_peak_bytes=67633152
[measure] op=reserve-finalize count=427 us=9420 rss_peak_bytes=67633152
[measure] op=delete count=427 us=5345 rss_peak_bytes=67633152
[measure] op=reserve-finalize count=428 us=9640 rss_peak_bytes=67633152
[measure] op=delete count=428 us=5350 rss_peak_bytes=67633152
[measure] op=reserve-finalize count=429 us=9735 rss_peak_bytes=67633152
[measure] op=delete count=429 us=5215 rss_peak_bytes=67649536
[measure] op=reserve-finalize count=430 us=9444 rss_peak_bytes=67649536
[measure] op=delete count=430 us=5049 rss_peak_bytes=67649536
[measure] op=reserve-finalize count=431 us=9328 rss_peak_bytes=67649536
[measure] op=delete count=431 us=5393 rss_peak_bytes=67649536
[measure] op=reserve-finalize count=432 us=9658 rss_peak_bytes=67665920
[measure] op=delete count=432 us=5381 rss_peak_bytes=67665920
[measure] op=reserve-finalize count=433 us=9713 rss_peak_bytes=67665920
[measure] op=delete count=433 us=5874 rss_peak_bytes=67665920
[measure] op=reserve-finalize count=434 us=9685 rss_peak_bytes=67665920
[measure] op=delete count=434 us=5161 rss_peak_bytes=67665920
[measure] op=reserve-finalize count=435 us=10024 rss_peak_bytes=67682304
[measure] op=delete count=435 us=5191 rss_peak_bytes=67698688
[measure] op=reserve-finalize count=436 us=9398 rss_peak_bytes=67698688
[measure] op=delete count=436 us=5107 rss_peak_bytes=67698688
[measure] op=reserve-finalize count=437 us=9455 rss_peak_bytes=67698688
[measure] op=delete count=437 us=5058 rss_peak_bytes=67715072
[measure] op=reserve-finalize count=438 us=9443 rss_peak_bytes=67731456
[measure] op=delete count=438 us=5138 rss_peak_bytes=67731456
[measure] op=reserve-finalize count=439 us=9400 rss_peak_bytes=67731456
[measure] op=delete count=439 us=5017 rss_peak_bytes=67731456
[measure] op=reserve-finalize count=440 us=9796 rss_peak_bytes=67731456
[measure] op=delete count=440 us=6323 rss_peak_bytes=67731456
[measure] op=reserve-finalize count=441 us=11299 rss_peak_bytes=67731456
[measure] op=delete count=441 us=5731 rss_peak_bytes=67747840
[measure] op=reserve-finalize count=442 us=9744 rss_peak_bytes=67747840
[measure] op=delete count=442 us=5765 rss_peak_bytes=67747840
[measure] op=reserve-finalize count=443 us=9665 rss_peak_bytes=67747840
[measure] op=delete count=443 us=5402 rss_peak_bytes=67747840
[measure] op=reserve-finalize count=444 us=9918 rss_peak_bytes=67764224
[measure] op=delete count=444 us=5381 rss_peak_bytes=67764224
[measure] op=reserve-finalize count=445 us=9711 rss_peak_bytes=67764224
[measure] op=delete count=445 us=5630 rss_peak_bytes=67764224
[measure] op=reserve-finalize count=446 us=9643 rss_peak_bytes=67764224
[measure] op=delete count=446 us=5250 rss_peak_bytes=67780608
[measure] op=reserve-finalize count=447 us=9547 rss_peak_bytes=67780608
[measure] op=delete count=447 us=5337 rss_peak_bytes=67780608
[measure] op=reserve-finalize count=448 us=9568 rss_peak_bytes=67780608
[measure] op=delete count=448 us=154764 rss_peak_bytes=69009408
[child] exit=0 signal=0
[measure] op=incremental-native-observe count=1792 us=467682 rss_peak_bytes=69009408
[measure] op=reserve-finalize count=449 us=9962 rss_peak_bytes=69009408
[measure] op=delete count=449 us=5515 rss_peak_bytes=69025792
[measure] op=reserve-finalize count=450 us=9922 rss_peak_bytes=69025792
[measure] op=delete count=450 us=5315 rss_peak_bytes=69025792
[measure] op=reserve-finalize count=451 us=9572 rss_peak_bytes=69025792
[measure] op=delete count=451 us=5348 rss_peak_bytes=69042176
[measure] op=reserve-finalize count=452 us=9629 rss_peak_bytes=69042176
[measure] op=delete count=452 us=5139 rss_peak_bytes=69074944
[measure] op=reserve-finalize count=453 us=9489 rss_peak_bytes=69091328
[measure] op=delete count=453 us=5122 rss_peak_bytes=69107712
[measure] op=reserve-finalize count=454 us=9370 rss_peak_bytes=69107712
[measure] op=delete count=454 us=4992 rss_peak_bytes=69107712
[measure] op=reserve-finalize count=455 us=9522 rss_peak_bytes=69107712
[measure] op=delete count=455 us=5016 rss_peak_bytes=69107712
[measure] op=reserve-finalize count=456 us=9806 rss_peak_bytes=69107712
[measure] op=delete count=456 us=5120 rss_peak_bytes=69124096
[measure] op=reserve-finalize count=457 us=9634 rss_peak_bytes=69124096
[measure] op=delete count=457 us=5240 rss_peak_bytes=69124096
[measure] op=reserve-finalize count=458 us=9515 rss_peak_bytes=69124096
[measure] op=delete count=458 us=5100 rss_peak_bytes=69124096
[measure] op=reserve-finalize count=459 us=9396 rss_peak_bytes=69124096
[measure] op=delete count=459 us=5039 rss_peak_bytes=69124096
[measure] op=reserve-finalize count=460 us=9429 rss_peak_bytes=69124096
[measure] op=delete count=460 us=5140 rss_peak_bytes=69140480
[measure] op=reserve-finalize count=461 us=9778 rss_peak_bytes=69156864
[measure] op=delete count=461 us=5140 rss_peak_bytes=69156864
[measure] op=reserve-finalize count=462 us=9900 rss_peak_bytes=69156864
[measure] op=delete count=462 us=5547 rss_peak_bytes=69156864
[measure] op=reserve-finalize count=463 us=9820 rss_peak_bytes=69156864
[measure] op=delete count=463 us=5353 rss_peak_bytes=69173248
[measure] op=reserve-finalize count=464 us=9659 rss_peak_bytes=69173248
[measure] op=delete count=464 us=5416 rss_peak_bytes=69173248
[measure] op=reserve-finalize count=465 us=9609 rss_peak_bytes=69173248
[measure] op=delete count=465 us=5176 rss_peak_bytes=69173248
[measure] op=reserve-finalize count=466 us=9812 rss_peak_bytes=69189632
[measure] op=delete count=466 us=5379 rss_peak_bytes=69189632
[measure] op=reserve-finalize count=467 us=9858 rss_peak_bytes=69189632
[measure] op=delete count=467 us=5328 rss_peak_bytes=69189632
[measure] op=reserve-finalize count=468 us=9559 rss_peak_bytes=69206016
[measure] op=delete count=468 us=5191 rss_peak_bytes=69206016
[measure] op=reserve-finalize count=469 us=9587 rss_peak_bytes=69206016
[measure] op=delete count=469 us=5187 rss_peak_bytes=69222400
[measure] op=reserve-finalize count=470 us=9401 rss_peak_bytes=69222400
[measure] op=delete count=470 us=5292 rss_peak_bytes=69222400
[measure] op=reserve-finalize count=471 us=9428 rss_peak_bytes=69238784
[measure] op=delete count=471 us=5185 rss_peak_bytes=69255168
[measure] op=reserve-finalize count=472 us=9647 rss_peak_bytes=69255168
[measure] op=delete count=472 us=5229 rss_peak_bytes=69255168
[measure] op=reserve-finalize count=473 us=9634 rss_peak_bytes=69255168
[measure] op=delete count=473 us=5183 rss_peak_bytes=69271552
[measure] op=reserve-finalize count=474 us=9679 rss_peak_bytes=69287936
[measure] op=delete count=474 us=5147 rss_peak_bytes=69287936
[measure] op=reserve-finalize count=475 us=9478 rss_peak_bytes=69287936
[measure] op=delete count=475 us=5112 rss_peak_bytes=69304320
[measure] op=reserve-finalize count=476 us=9401 rss_peak_bytes=69304320
[measure] op=delete count=476 us=5179 rss_peak_bytes=69304320
[measure] op=reserve-finalize count=477 us=9456 rss_peak_bytes=69304320
[measure] op=delete count=477 us=5156 rss_peak_bytes=69304320
[measure] op=reserve-finalize count=478 us=9503 rss_peak_bytes=69304320
[measure] op=delete count=478 us=5583 rss_peak_bytes=69320704
[measure] op=reserve-finalize count=479 us=9512 rss_peak_bytes=69320704
[measure] op=delete count=479 us=5345 rss_peak_bytes=69320704
[measure] op=reserve-finalize count=480 us=9568 rss_peak_bytes=69320704
[measure] op=delete count=480 us=5078 rss_peak_bytes=69337088
[child] exit=0 signal=0
[measure] op=incremental-native-observe count=1920 us=494966 rss_peak_bytes=69337088
[measure] op=reserve-finalize count=481 us=10116 rss_peak_bytes=69337088
[measure] op=delete count=481 us=5182 rss_peak_bytes=69337088
[measure] op=reserve-finalize count=482 us=9665 rss_peak_bytes=69337088
[measure] op=delete count=482 us=5085 rss_peak_bytes=69337088
[measure] op=reserve-finalize count=483 us=9538 rss_peak_bytes=69337088
[measure] op=delete count=483 us=5226 rss_peak_bytes=69353472
[measure] op=reserve-finalize count=484 us=9418 rss_peak_bytes=69353472
[measure] op=delete count=484 us=5169 rss_peak_bytes=69353472
[measure] op=reserve-finalize count=485 us=9772 rss_peak_bytes=69353472
[measure] op=delete count=485 us=5461 rss_peak_bytes=69353472
[measure] op=reserve-finalize count=486 us=9778 rss_peak_bytes=69369856
[measure] op=delete count=486 us=5350 rss_peak_bytes=69369856
[measure] op=reserve-finalize count=487 us=9529 rss_peak_bytes=69369856
[measure] op=delete count=487 us=5520 rss_peak_bytes=69369856
[measure] op=reserve-finalize count=488 us=9539 rss_peak_bytes=69369856
[measure] op=delete count=488 us=5148 rss_peak_bytes=69369856
[measure] op=reserve-finalize count=489 us=9410 rss_peak_bytes=69386240
[measure] op=delete count=489 us=5140 rss_peak_bytes=69402624
[measure] op=reserve-finalize count=490 us=9618 rss_peak_bytes=69402624
[measure] op=delete count=490 us=5378 rss_peak_bytes=69402624
[measure] op=reserve-finalize count=491 us=9806 rss_peak_bytes=69402624
[measure] op=delete count=491 us=5475 rss_peak_bytes=69402624
[measure] op=reserve-finalize count=492 us=9861 rss_peak_bytes=69402624
[measure] op=delete count=492 us=5284 rss_peak_bytes=69419008
[measure] op=reserve-finalize count=493 us=9399 rss_peak_bytes=69419008
[measure] op=delete count=493 us=5230 rss_peak_bytes=69419008
[measure] op=reserve-finalize count=494 us=9358 rss_peak_bytes=69419008
[measure] op=delete count=494 us=5125 rss_peak_bytes=69419008
[measure] op=reserve-finalize count=495 us=9543 rss_peak_bytes=69419008
[measure] op=delete count=495 us=5566 rss_peak_bytes=69435392
[measure] op=reserve-finalize count=496 us=9722 rss_peak_bytes=69451776
[measure] op=delete count=496 us=5246 rss_peak_bytes=69451776
[measure] op=reserve-finalize count=497 us=9769 rss_peak_bytes=69451776
[measure] op=delete count=497 us=5334 rss_peak_bytes=69468160
[measure] op=reserve-finalize count=498 us=9436 rss_peak_bytes=69468160
[measure] op=delete count=498 us=5104 rss_peak_bytes=69468160
[measure] op=reserve-finalize count=499 us=9390 rss_peak_bytes=69468160
[measure] op=delete count=499 us=5136 rss_peak_bytes=69468160
[measure] op=reserve-finalize count=500 us=9429 rss_peak_bytes=69468160
[measure] op=delete count=500 us=5320 rss_peak_bytes=69484544
[measure] op=reserve-finalize count=501 us=9726 rss_peak_bytes=69484544
[measure] op=delete count=501 us=5384 rss_peak_bytes=69500928
[measure] op=reserve-finalize count=502 us=10008 rss_peak_bytes=69500928
[measure] op=delete count=502 us=5258 rss_peak_bytes=69500928
[measure] op=reserve-finalize count=503 us=9682 rss_peak_bytes=69500928
[measure] op=delete count=503 us=5264 rss_peak_bytes=69517312
[measure] op=reserve-finalize count=504 us=9815 rss_peak_bytes=69533696
[measure] op=delete count=504 us=175276 rss_peak_bytes=72450048
[measure] op=reserve-finalize count=505 us=10034 rss_peak_bytes=72450048
[measure] op=delete count=505 us=5317 rss_peak_bytes=72466432
[measure] op=reserve-finalize count=506 us=9539 rss_peak_bytes=72466432
[measure] op=delete count=506 us=5147 rss_peak_bytes=72466432
[measure] op=reserve-finalize count=507 us=9434 rss_peak_bytes=72482816
[measure] op=delete count=507 us=5255 rss_peak_bytes=72482816
[measure] op=reserve-finalize count=508 us=10026 rss_peak_bytes=72482816
[measure] op=delete count=508 us=5257 rss_peak_bytes=72499200
[measure] op=reserve-finalize count=509 us=9777 rss_peak_bytes=72499200
[measure] op=delete count=509 us=5251 rss_peak_bytes=72515584
[measure] op=reserve-finalize count=510 us=9482 rss_peak_bytes=72515584
[measure] op=delete count=510 us=5107 rss_peak_bytes=72515584
[measure] op=reserve-finalize count=511 us=9577 rss_peak_bytes=72531968
[measure] op=delete count=511 us=5110 rss_peak_bytes=72531968
[measure] op=reserve-finalize count=512 us=9583 rss_peak_bytes=72531968
[measure] op=delete count=512 us=5122 rss_peak_bytes=72531968
[child] exit=0 signal=0
[measure] op=incremental-native-observe count=2048 us=512413 rss_peak_bytes=72531968
[measure] op=reserve-finalize count=513 us=10422 rss_peak_bytes=72531968
[measure] op=delete count=513 us=5439 rss_peak_bytes=72531968
[measure] op=reserve-finalize count=514 us=9921 rss_peak_bytes=72531968
[measure] op=delete count=514 us=5361 rss_peak_bytes=72548352
[measure] op=reserve-finalize count=515 us=9784 rss_peak_bytes=72548352
[measure] op=delete count=515 us=5428 rss_peak_bytes=72548352
[measure] op=reserve-finalize count=516 us=9678 rss_peak_bytes=72548352
[measure] op=delete count=516 us=5141 rss_peak_bytes=72548352
[measure] op=reserve-finalize count=517 us=9470 rss_peak_bytes=72548352
[measure] op=delete count=517 us=5157 rss_peak_bytes=72564736
[measure] op=reserve-finalize count=518 us=9483 rss_peak_bytes=72564736
[measure] op=delete count=518 us=5267 rss_peak_bytes=72564736
[measure] op=reserve-finalize count=519 us=9764 rss_peak_bytes=72564736
[measure] op=delete count=519 us=5404 rss_peak_bytes=72564736
[measure] op=reserve-finalize count=520 us=9468 rss_peak_bytes=72564736
[measure] op=delete count=520 us=5230 rss_peak_bytes=72581120
[measure] op=reserve-finalize count=521 us=9560 rss_peak_bytes=72581120
[measure] op=delete count=521 us=5083 rss_peak_bytes=72581120
[measure] op=reserve-finalize count=522 us=9529 rss_peak_bytes=72581120
[measure] op=delete count=522 us=5307 rss_peak_bytes=72581120
[measure] op=reserve-finalize count=523 us=9455 rss_peak_bytes=72597504
[measure] op=delete count=523 us=4983 rss_peak_bytes=72597504
[measure] op=reserve-finalize count=524 us=9819 rss_peak_bytes=72597504
[measure] op=delete count=524 us=5091 rss_peak_bytes=72597504
[measure] op=reserve-finalize count=525 us=9658 rss_peak_bytes=72630272
[measure] op=delete count=525 us=5226 rss_peak_bytes=72630272
[measure] op=reserve-finalize count=526 us=9807 rss_peak_bytes=72646656
[measure] op=delete count=526 us=5125 rss_peak_bytes=72646656
[measure] op=reserve-finalize count=527 us=9590 rss_peak_bytes=72646656
[measure] op=delete count=527 us=5368 rss_peak_bytes=72646656
[measure] op=reserve-finalize count=528 us=10019 rss_peak_bytes=72646656
[measure] op=delete count=528 us=5216 rss_peak_bytes=72663040
[measure] op=reserve-finalize count=529 us=9779 rss_peak_bytes=72663040
[measure] op=delete count=529 us=5136 rss_peak_bytes=72663040
[measure] op=reserve-finalize count=530 us=9611 rss_peak_bytes=72663040
[measure] op=delete count=530 us=5353 rss_peak_bytes=72663040
[measure] op=reserve-finalize count=531 us=9907 rss_peak_bytes=72663040
[measure] op=delete count=531 us=5329 rss_peak_bytes=72679424
[measure] op=reserve-finalize count=532 us=9585 rss_peak_bytes=72679424
[measure] op=delete count=532 us=5617 rss_peak_bytes=72679424
[measure] op=reserve-finalize count=533 us=9641 rss_peak_bytes=72679424
[measure] op=delete count=533 us=5406 rss_peak_bytes=72744960
[measure] op=reserve-finalize count=534 us=9436 rss_peak_bytes=72744960
[measure] op=delete count=534 us=5247 rss_peak_bytes=72744960
[measure] op=reserve-finalize count=535 us=9553 rss_peak_bytes=72761344
[measure] op=delete count=535 us=5266 rss_peak_bytes=72777728
[measure] op=reserve-finalize count=536 us=9520 rss_peak_bytes=72777728
[measure] op=delete count=536 us=5199 rss_peak_bytes=72777728
[measure] op=reserve-finalize count=537 us=9793 rss_peak_bytes=72777728
[measure] op=delete count=537 us=5120 rss_peak_bytes=72794112
[measure] op=reserve-finalize count=538 us=9616 rss_peak_bytes=72794112
[measure] op=delete count=538 us=5105 rss_peak_bytes=72794112
[measure] op=reserve-finalize count=539 us=9539 rss_peak_bytes=72794112
[measure] op=delete count=539 us=5194 rss_peak_bytes=72810496
[measure] op=reserve-finalize count=540 us=9542 rss_peak_bytes=72810496
[measure] op=delete count=540 us=5078 rss_peak_bytes=72826880
[measure] op=reserve-finalize count=541 us=9372 rss_peak_bytes=72826880
[measure] op=delete count=541 us=5215 rss_peak_bytes=72826880
[measure] op=reserve-finalize count=542 us=9745 rss_peak_bytes=72826880
[measure] op=delete count=542 us=5235 rss_peak_bytes=72826880
[measure] op=reserve-finalize count=543 us=9779 rss_peak_bytes=72843264
[measure] op=delete count=543 us=5340 rss_peak_bytes=72859648
[measure] op=reserve-finalize count=544 us=9603 rss_peak_bytes=72941568
[measure] op=delete count=544 us=5045 rss_peak_bytes=72941568
[child] exit=0 signal=0
[measure] op=incremental-native-observe count=2176 us=537866 rss_peak_bytes=72941568
[measure] op=reserve-finalize count=545 us=10400 rss_peak_bytes=72941568
[measure] op=delete count=545 us=5455 rss_peak_bytes=72941568
[measure] op=reserve-finalize count=546 us=9621 rss_peak_bytes=72941568
[measure] op=delete count=546 us=5634 rss_peak_bytes=72941568
[measure] op=reserve-finalize count=547 us=9557 rss_peak_bytes=72941568
[measure] op=delete count=547 us=5175 rss_peak_bytes=72941568
[measure] op=reserve-finalize count=548 us=9578 rss_peak_bytes=72941568
[measure] op=delete count=548 us=5306 rss_peak_bytes=72941568
[measure] op=reserve-finalize count=549 us=9608 rss_peak_bytes=72941568
[measure] op=delete count=549 us=5538 rss_peak_bytes=72941568
[measure] op=reserve-finalize count=550 us=9674 rss_peak_bytes=72941568
[measure] op=delete count=550 us=5222 rss_peak_bytes=72941568
[measure] op=reserve-finalize count=551 us=9898 rss_peak_bytes=72941568
[measure] op=delete count=551 us=5156 rss_peak_bytes=72941568
[measure] op=reserve-finalize count=552 us=9486 rss_peak_bytes=72941568
[measure] op=delete count=552 us=5091 rss_peak_bytes=72941568
[measure] op=reserve-finalize count=553 us=9564 rss_peak_bytes=72941568
[measure] op=delete count=553 us=5381 rss_peak_bytes=72941568
[measure] op=reserve-finalize count=554 us=9882 rss_peak_bytes=72941568
[measure] op=delete count=554 us=5290 rss_peak_bytes=72941568
[measure] op=reserve-finalize count=555 us=9732 rss_peak_bytes=72941568
[measure] op=delete count=555 us=5675 rss_peak_bytes=72941568
[measure] op=reserve-finalize count=556 us=9470 rss_peak_bytes=72941568
[measure] op=delete count=556 us=5363 rss_peak_bytes=72957952
[measure] op=reserve-finalize count=557 us=9447 rss_peak_bytes=72957952
[measure] op=delete count=557 us=5245 rss_peak_bytes=72957952
[measure] op=reserve-finalize count=558 us=9513 rss_peak_bytes=72957952
[measure] op=delete count=558 us=5285 rss_peak_bytes=72974336
[measure] op=reserve-finalize count=559 us=9448 rss_peak_bytes=72974336
[measure] op=delete count=559 us=5091 rss_peak_bytes=72974336
[measure] op=reserve-finalize count=560 us=9807 rss_peak_bytes=72974336
[measure] op=delete count=560 us=190631 rss_peak_bytes=76152832
[measure] op=reserve-finalize count=561 us=10007 rss_peak_bytes=76169216
[measure] op=delete count=561 us=5704 rss_peak_bytes=76185600
[measure] op=reserve-finalize count=562 us=10054 rss_peak_bytes=76185600
[measure] op=delete count=562 us=5496 rss_peak_bytes=76185600
[measure] op=reserve-finalize count=563 us=9742 rss_peak_bytes=76185600
[measure] op=delete count=563 us=5348 rss_peak_bytes=76201984
[measure] op=reserve-finalize count=564 us=9543 rss_peak_bytes=76201984
[measure] op=delete count=564 us=5218 rss_peak_bytes=76201984
[measure] op=reserve-finalize count=565 us=9576 rss_peak_bytes=76201984
[measure] op=delete count=565 us=5186 rss_peak_bytes=76218368
[measure] op=reserve-finalize count=566 us=9781 rss_peak_bytes=76234752
[measure] op=delete count=566 us=5617 rss_peak_bytes=76251136
[measure] op=reserve-finalize count=567 us=9472 rss_peak_bytes=76251136
[measure] op=delete count=567 us=5340 rss_peak_bytes=76251136
[measure] op=reserve-finalize count=568 us=9447 rss_peak_bytes=76251136
[measure] op=delete count=568 us=5108 rss_peak_bytes=76251136
[measure] op=reserve-finalize count=569 us=9395 rss_peak_bytes=76251136
[measure] op=delete count=569 us=5004 rss_peak_bytes=76251136
[measure] op=reserve-finalize count=570 us=9421 rss_peak_bytes=76267520
[measure] op=delete count=570 us=5001 rss_peak_bytes=76267520
[measure] op=reserve-finalize count=571 us=9794 rss_peak_bytes=76267520
[measure] op=delete count=571 us=5234 rss_peak_bytes=76283904
[measure] op=reserve-finalize count=572 us=9867 rss_peak_bytes=76283904
[measure] op=delete count=572 us=5233 rss_peak_bytes=76283904
[measure] op=reserve-finalize count=573 us=9516 rss_peak_bytes=76283904
[measure] op=delete count=573 us=5043 rss_peak_bytes=76283904
[measure] op=reserve-finalize count=574 us=9387 rss_peak_bytes=76283904
[measure] op=delete count=574 us=5095 rss_peak_bytes=76283904
[measure] op=reserve-finalize count=575 us=9444 rss_peak_bytes=76283904
[measure] op=delete count=575 us=5186 rss_peak_bytes=76300288
[measure] op=reserve-finalize count=576 us=9549 rss_peak_bytes=76316672
[measure] op=delete count=576 us=5328 rss_peak_bytes=76316672
[child] exit=0 signal=0
[measure] op=incremental-native-observe count=2304 us=554609 rss_peak_bytes=76316672
[measure] op=reserve-finalize count=577 us=10033 rss_peak_bytes=76316672
[measure] op=delete count=577 us=5369 rss_peak_bytes=76316672
[measure] op=reserve-finalize count=578 us=9676 rss_peak_bytes=76333056
[measure] op=delete count=578 us=5286 rss_peak_bytes=76333056
[measure] op=reserve-finalize count=579 us=9583 rss_peak_bytes=76349440
[measure] op=delete count=579 us=5098 rss_peak_bytes=76349440
[measure] op=reserve-finalize count=580 us=9595 rss_peak_bytes=76349440
[measure] op=delete count=580 us=5273 rss_peak_bytes=76365824
[measure] op=reserve-finalize count=581 us=9529 rss_peak_bytes=76365824
[measure] op=delete count=581 us=5138 rss_peak_bytes=76382208
[measure] op=reserve-finalize count=582 us=9526 rss_peak_bytes=76382208
[measure] op=delete count=582 us=5105 rss_peak_bytes=76382208
[measure] op=reserve-finalize count=583 us=9392 rss_peak_bytes=76382208
[measure] op=delete count=583 us=5238 rss_peak_bytes=76398592
[measure] op=reserve-finalize count=584 us=9595 rss_peak_bytes=76398592
[measure] op=delete count=584 us=5740 rss_peak_bytes=76398592
[measure] op=reserve-finalize count=585 us=9439 rss_peak_bytes=76398592
[measure] op=delete count=585 us=5258 rss_peak_bytes=76398592
[measure] op=reserve-finalize count=586 us=9746 rss_peak_bytes=76414976
[measure] op=delete count=586 us=5661 rss_peak_bytes=76414976
[measure] op=reserve-finalize count=587 us=9950 rss_peak_bytes=76414976
[measure] op=delete count=587 us=5560 rss_peak_bytes=76414976
[measure] op=reserve-finalize count=588 us=9913 rss_peak_bytes=76414976
[measure] op=delete count=588 us=5707 rss_peak_bytes=76431360
[measure] op=reserve-finalize count=589 us=9559 rss_peak_bytes=76447744
[measure] op=delete count=589 us=5650 rss_peak_bytes=76447744
[measure] op=reserve-finalize count=590 us=9539 rss_peak_bytes=76447744
[measure] op=delete count=590 us=5562 rss_peak_bytes=76447744
[measure] op=reserve-finalize count=591 us=9516 rss_peak_bytes=76447744
[measure] op=delete count=591 us=5684 rss_peak_bytes=76447744
[measure] op=reserve-finalize count=592 us=9332 rss_peak_bytes=76447744
[measure] op=delete count=592 us=5101 rss_peak_bytes=76464128
[measure] op=reserve-finalize count=593 us=9472 rss_peak_bytes=76464128
[measure] op=delete count=593 us=5165 rss_peak_bytes=76464128
[measure] op=reserve-finalize count=594 us=9579 rss_peak_bytes=76464128
[measure] op=delete count=594 us=5316 rss_peak_bytes=76480512
[measure] op=reserve-finalize count=595 us=9445 rss_peak_bytes=76480512
[measure] op=delete count=595 us=5244 rss_peak_bytes=76480512
[measure] op=reserve-finalize count=596 us=9604 rss_peak_bytes=76480512
[measure] op=delete count=596 us=5478 rss_peak_bytes=76480512
[measure] op=reserve-finalize count=597 us=9673 rss_peak_bytes=76496896
[measure] op=delete count=597 us=5173 rss_peak_bytes=76529664
[measure] op=reserve-finalize count=598 us=9666 rss_peak_bytes=76529664
[measure] op=delete count=598 us=5271 rss_peak_bytes=76529664
[measure] op=reserve-finalize count=599 us=9433 rss_peak_bytes=76529664
[measure] op=delete count=599 us=5095 rss_peak_bytes=76529664
[measure] op=reserve-finalize count=600 us=9406 rss_peak_bytes=76529664
[measure] op=delete count=600 us=5073 rss_peak_bytes=76546048
[measure] op=reserve-finalize count=601 us=9386 rss_peak_bytes=76562432
[measure] op=delete count=601 us=5218 rss_peak_bytes=76562432
[measure] op=reserve-finalize count=602 us=9623 rss_peak_bytes=76562432
[measure] op=delete count=602 us=5069 rss_peak_bytes=76562432
[measure] op=reserve-finalize count=603 us=9678 rss_peak_bytes=76562432
[measure] op=delete count=603 us=5133 rss_peak_bytes=76578816
[measure] op=reserve-finalize count=604 us=9917 rss_peak_bytes=76578816
[measure] op=delete count=604 us=5113 rss_peak_bytes=76578816
[measure] op=reserve-finalize count=605 us=9487 rss_peak_bytes=76578816
[measure] op=delete count=605 us=5120 rss_peak_bytes=76578816
[measure] op=reserve-finalize count=606 us=9741 rss_peak_bytes=76595200
[measure] op=delete count=606 us=5136 rss_peak_bytes=76595200
[measure] op=reserve-finalize count=607 us=9727 rss_peak_bytes=76595200
[measure] op=delete count=607 us=5644 rss_peak_bytes=76595200
[measure] op=reserve-finalize count=608 us=9571 rss_peak_bytes=76595200
[measure] op=delete count=608 us=5447 rss_peak_bytes=76595200
[child] exit=0 signal=0
[measure] op=incremental-native-observe count=2432 us=581806 rss_peak_bytes=76595200
[measure] op=reserve-finalize count=609 us=10316 rss_peak_bytes=76595200
[measure] op=delete count=609 us=5588 rss_peak_bytes=76611584
[measure] op=reserve-finalize count=610 us=9942 rss_peak_bytes=76611584
[measure] op=delete count=610 us=5619 rss_peak_bytes=76611584
[measure] op=reserve-finalize count=611 us=9919 rss_peak_bytes=76611584
[measure] op=delete count=611 us=5767 rss_peak_bytes=76611584
[measure] op=reserve-finalize count=612 us=9758 rss_peak_bytes=76627968
[measure] op=delete count=612 us=5325 rss_peak_bytes=76627968
[measure] op=reserve-finalize count=613 us=9968 rss_peak_bytes=76627968
[measure] op=delete count=613 us=5419 rss_peak_bytes=76627968
[measure] op=reserve-finalize count=614 us=9516 rss_peak_bytes=76627968
[measure] op=delete count=614 us=5507 rss_peak_bytes=76627968
[measure] op=reserve-finalize count=615 us=9609 rss_peak_bytes=76644352
[measure] op=delete count=615 us=5152 rss_peak_bytes=76660736
[measure] op=reserve-finalize count=616 us=9511 rss_peak_bytes=76660736
[measure] op=delete count=616 us=207528 rss_peak_bytes=77676544
[measure] op=reserve-finalize count=617 us=10447 rss_peak_bytes=77676544
[measure] op=delete count=617 us=5305 rss_peak_bytes=77692928
[measure] op=reserve-finalize count=618 us=10014 rss_peak_bytes=77692928
[measure] op=delete count=618 us=5238 rss_peak_bytes=77692928
[measure] op=reserve-finalize count=619 us=9891 rss_peak_bytes=77692928
[measure] op=delete count=619 us=5158 rss_peak_bytes=77692928
[measure] op=reserve-finalize count=620 us=9881 rss_peak_bytes=77692928
[measure] op=delete count=620 us=5220 rss_peak_bytes=77709312
[measure] op=reserve-finalize count=621 us=9459 rss_peak_bytes=77709312
[measure] op=delete count=621 us=5128 rss_peak_bytes=77709312
[measure] op=reserve-finalize count=622 us=9467 rss_peak_bytes=77709312
[measure] op=delete count=622 us=5196 rss_peak_bytes=77742080
[measure] op=reserve-finalize count=623 us=9458 rss_peak_bytes=77742080
[measure] op=delete count=623 us=5427 rss_peak_bytes=77742080
[measure] op=reserve-finalize count=624 us=9558 rss_peak_bytes=77758464
[measure] op=delete count=624 us=5296 rss_peak_bytes=77758464
[measure] op=reserve-finalize count=625 us=9690 rss_peak_bytes=77758464
[measure] op=delete count=625 us=5146 rss_peak_bytes=77758464
[measure] op=reserve-finalize count=626 us=9723 rss_peak_bytes=77758464
[measure] op=delete count=626 us=5218 rss_peak_bytes=77758464
[measure] op=reserve-finalize count=627 us=9545 rss_peak_bytes=77774848
[measure] op=delete count=627 us=5234 rss_peak_bytes=77791232
[measure] op=reserve-finalize count=628 us=9507 rss_peak_bytes=77791232
[measure] op=delete count=628 us=5202 rss_peak_bytes=77791232
[measure] op=reserve-finalize count=629 us=9866 rss_peak_bytes=77791232
[measure] op=delete count=629 us=5345 rss_peak_bytes=77807616
[measure] op=reserve-finalize count=630 us=9902 rss_peak_bytes=77824000
[measure] op=delete count=630 us=5365 rss_peak_bytes=77824000
[measure] op=reserve-finalize count=631 us=9516 rss_peak_bytes=77840384
[measure] op=delete count=631 us=5440 rss_peak_bytes=77840384
[measure] op=reserve-finalize count=632 us=9564 rss_peak_bytes=77840384
[measure] op=delete count=632 us=5238 rss_peak_bytes=77856768
[measure] op=reserve-finalize count=633 us=9523 rss_peak_bytes=77889536
[measure] op=delete count=633 us=5195 rss_peak_bytes=77889536
[measure] op=reserve-finalize count=634 us=9574 rss_peak_bytes=77889536
[measure] op=delete count=634 us=5245 rss_peak_bytes=77889536
[measure] op=reserve-finalize count=635 us=9743 rss_peak_bytes=77889536
[measure] op=delete count=635 us=5416 rss_peak_bytes=77905920
[measure] op=reserve-finalize count=636 us=9687 rss_peak_bytes=77905920
[measure] op=delete count=636 us=5517 rss_peak_bytes=77905920
[measure] op=reserve-finalize count=637 us=9857 rss_peak_bytes=77905920
[measure] op=delete count=637 us=5227 rss_peak_bytes=77905920
[measure] op=reserve-finalize count=638 us=9931 rss_peak_bytes=77905920
[measure] op=delete count=638 us=5511 rss_peak_bytes=77922304
[measure] op=reserve-finalize count=639 us=9888 rss_peak_bytes=77922304
[measure] op=delete count=639 us=5178 rss_peak_bytes=77922304
[measure] op=reserve-finalize count=640 us=9433 rss_peak_bytes=77922304
[measure] op=delete count=640 us=5163 rss_peak_bytes=77938688
[child] exit=0 signal=0
[measure] op=incremental-native-observe count=2560 us=599935 rss_peak_bytes=77938688
[measure] op=reserve-finalize count=641 us=10494 rss_peak_bytes=77938688
[measure] op=delete count=641 us=5527 rss_peak_bytes=77938688
[measure] op=reserve-finalize count=642 us=9930 rss_peak_bytes=77938688
[measure] op=delete count=642 us=5366 rss_peak_bytes=77938688
[measure] op=reserve-finalize count=643 us=9738 rss_peak_bytes=77938688
[measure] op=delete count=643 us=5210 rss_peak_bytes=77955072
[measure] op=reserve-finalize count=644 us=9579 rss_peak_bytes=77955072
[measure] op=delete count=644 us=5191 rss_peak_bytes=77955072
[measure] op=reserve-finalize count=645 us=9441 rss_peak_bytes=77955072
[measure] op=delete count=645 us=5108 rss_peak_bytes=77955072
[measure] op=reserve-finalize count=646 us=9572 rss_peak_bytes=77971456
[measure] op=delete count=646 us=5131 rss_peak_bytes=77971456
[measure] op=reserve-finalize count=647 us=9455 rss_peak_bytes=77971456
[measure] op=delete count=647 us=5234 rss_peak_bytes=77971456
[measure] op=reserve-finalize count=648 us=9528 rss_peak_bytes=77971456
[measure] op=delete count=648 us=5151 rss_peak_bytes=77987840
[measure] op=reserve-finalize count=649 us=9469 rss_peak_bytes=77987840
[measure] op=delete count=649 us=5285 rss_peak_bytes=77987840
[measure] op=reserve-finalize count=650 us=9592 rss_peak_bytes=77987840
[measure] op=delete count=650 us=5634 rss_peak_bytes=78004224
[measure] op=reserve-finalize count=651 us=9633 rss_peak_bytes=78020608
[measure] op=delete count=651 us=5597 rss_peak_bytes=78020608
[measure] op=reserve-finalize count=652 us=9545 rss_peak_bytes=78020608
[measure] op=delete count=652 us=5159 rss_peak_bytes=78020608
[measure] op=reserve-finalize count=653 us=9604 rss_peak_bytes=78020608
[measure] op=delete count=653 us=5237 rss_peak_bytes=78020608
[measure] op=reserve-finalize count=654 us=9453 rss_peak_bytes=78036992
[measure] op=delete count=654 us=5129 rss_peak_bytes=78036992
[measure] op=reserve-finalize count=655 us=9636 rss_peak_bytes=78036992
[measure] op=delete count=655 us=5157 rss_peak_bytes=78036992
[measure] op=reserve-finalize count=656 us=9449 rss_peak_bytes=78036992
[measure] op=delete count=656 us=5022 rss_peak_bytes=78036992
[measure] op=reserve-finalize count=657 us=9838 rss_peak_bytes=78036992
[measure] op=delete count=657 us=5145 rss_peak_bytes=78053376
[measure] op=reserve-finalize count=658 us=9868 rss_peak_bytes=78053376
[measure] op=delete count=658 us=5736 rss_peak_bytes=78053376
[measure] op=reserve-finalize count=659 us=9920 rss_peak_bytes=78053376
[measure] op=delete count=659 us=5669 rss_peak_bytes=78053376
[measure] op=reserve-finalize count=660 us=9815 rss_peak_bytes=78053376
[measure] op=delete count=660 us=5879 rss_peak_bytes=78069760
[measure] op=reserve-finalize count=661 us=9616 rss_peak_bytes=78069760
[measure] op=delete count=661 us=5285 rss_peak_bytes=78086144
[measure] op=reserve-finalize count=662 us=9441 rss_peak_bytes=78086144
[measure] op=delete count=662 us=5211 rss_peak_bytes=78102528
[measure] op=reserve-finalize count=663 us=9501 rss_peak_bytes=78102528
[measure] op=delete count=663 us=5261 rss_peak_bytes=78102528
[measure] op=reserve-finalize count=664 us=9634 rss_peak_bytes=78102528
[measure] op=delete count=664 us=5308 rss_peak_bytes=78102528
[measure] op=reserve-finalize count=665 us=9556 rss_peak_bytes=78118912
[measure] op=delete count=665 us=5285 rss_peak_bytes=78151680
[measure] op=reserve-finalize count=666 us=9470 rss_peak_bytes=78151680
[measure] op=delete count=666 us=5203 rss_peak_bytes=78151680
[measure] op=reserve-finalize count=667 us=9672 rss_peak_bytes=78151680
[measure] op=delete count=667 us=5205 rss_peak_bytes=78168064
[measure] op=reserve-finalize count=668 us=9758 rss_peak_bytes=78168064
[measure] op=delete count=668 us=5078 rss_peak_bytes=78168064
[measure] op=reserve-finalize count=669 us=9949 rss_peak_bytes=78184448
[measure] op=delete count=669 us=5168 rss_peak_bytes=78200832
[measure] op=reserve-finalize count=670 us=9558 rss_peak_bytes=78200832
[measure] op=delete count=670 us=5085 rss_peak_bytes=78200832
[measure] op=reserve-finalize count=671 us=9467 rss_peak_bytes=78200832
[measure] op=delete count=671 us=5060 rss_peak_bytes=78200832
[measure] op=reserve-finalize count=672 us=9755 rss_peak_bytes=78217216
[measure] op=delete count=672 us=226196 rss_peak_bytes=79167488
[child] exit=0 signal=0
[measure] op=incremental-native-observe count=2688 us=614820 rss_peak_bytes=79167488
[measure] op=reserve-finalize count=673 us=10285 rss_peak_bytes=79167488
[measure] op=delete count=673 us=5403 rss_peak_bytes=79167488
[measure] op=reserve-finalize count=674 us=9944 rss_peak_bytes=79183872
[measure] op=delete count=674 us=5368 rss_peak_bytes=79183872
[measure] op=reserve-finalize count=675 us=9452 rss_peak_bytes=79183872
[measure] op=delete count=675 us=5364 rss_peak_bytes=79200256
[measure] op=reserve-finalize count=676 us=9439 rss_peak_bytes=79200256
[measure] op=delete count=676 us=5120 rss_peak_bytes=79200256
[measure] op=reserve-finalize count=677 us=9421 rss_peak_bytes=79200256
[measure] op=delete count=677 us=5011 rss_peak_bytes=79216640
[measure] op=reserve-finalize count=678 us=9853 rss_peak_bytes=79233024
[measure] op=delete count=678 us=5171 rss_peak_bytes=79233024
[measure] op=reserve-finalize count=679 us=9700 rss_peak_bytes=79233024
[measure] op=delete count=679 us=5220 rss_peak_bytes=79249408
[measure] op=reserve-finalize count=680 us=9697 rss_peak_bytes=79249408
[measure] op=delete count=680 us=5156 rss_peak_bytes=79265792
[measure] op=reserve-finalize count=681 us=9331 rss_peak_bytes=79265792
[measure] op=delete count=681 us=5120 rss_peak_bytes=79265792
[measure] op=reserve-finalize count=682 us=9412 rss_peak_bytes=79265792
[measure] op=delete count=682 us=5176 rss_peak_bytes=79265792
[measure] op=reserve-finalize count=683 us=9430 rss_peak_bytes=79265792
[measure] op=delete count=683 us=5042 rss_peak_bytes=79282176
[measure] op=reserve-finalize count=684 us=9822 rss_peak_bytes=79282176
[measure] op=delete count=684 us=5172 rss_peak_bytes=79282176
[measure] op=reserve-finalize count=685 us=9786 rss_peak_bytes=79282176
[measure] op=delete count=685 us=5653 rss_peak_bytes=79282176
[measure] op=reserve-finalize count=686 us=9965 rss_peak_bytes=79282176
[measure] op=delete count=686 us=5406 rss_peak_bytes=79298560
[measure] op=reserve-finalize count=687 us=9740 rss_peak_bytes=79314944
[measure] op=delete count=687 us=5609 rss_peak_bytes=79314944
[measure] op=reserve-finalize count=688 us=9497 rss_peak_bytes=79314944
[measure] op=delete count=688 us=5145 rss_peak_bytes=79314944
[measure] op=reserve-finalize count=689 us=9438 rss_peak_bytes=79314944
[measure] op=delete count=689 us=5059 rss_peak_bytes=79331328
[measure] op=reserve-finalize count=690 us=9418 rss_peak_bytes=79331328
[measure] op=delete count=690 us=5546 rss_peak_bytes=79331328
[measure] op=reserve-finalize count=691 us=9576 rss_peak_bytes=79331328
[measure] op=delete count=691 us=5597 rss_peak_bytes=79347712
[measure] op=reserve-finalize count=692 us=9655 rss_peak_bytes=79347712
[measure] op=delete count=692 us=5204 rss_peak_bytes=79347712
[measure] op=reserve-finalize count=693 us=9660 rss_peak_bytes=79347712
[measure] op=delete count=693 us=5170 rss_peak_bytes=79380480
[measure] op=reserve-finalize count=694 us=9432 rss_peak_bytes=79380480
[measure] op=delete count=694 us=5156 rss_peak_bytes=79380480
[measure] op=reserve-finalize count=695 us=9619 rss_peak_bytes=79380480
[measure] op=delete count=695 us=5086 rss_peak_bytes=79380480
[measure] op=reserve-finalize count=696 us=9417 rss_peak_bytes=79380480
[measure] op=delete count=696 us=4997 rss_peak_bytes=79396864
[measure] op=reserve-finalize count=697 us=9778 rss_peak_bytes=79413248
[measure] op=delete count=697 us=5039 rss_peak_bytes=79413248
[measure] op=reserve-finalize count=698 us=9950 rss_peak_bytes=79413248
[measure] op=delete count=698 us=5182 rss_peak_bytes=79413248
[measure] op=reserve-finalize count=699 us=9761 rss_peak_bytes=79413248
[measure] op=delete count=699 us=5236 rss_peak_bytes=79413248
[measure] op=reserve-finalize count=700 us=9678 rss_peak_bytes=79413248
[measure] op=delete count=700 us=5242 rss_peak_bytes=79429632
[measure] op=reserve-finalize count=701 us=9909 rss_peak_bytes=79429632
[measure] op=delete count=701 us=5056 rss_peak_bytes=79429632
[measure] op=reserve-finalize count=702 us=9330 rss_peak_bytes=79429632
[measure] op=delete count=702 us=5095 rss_peak_bytes=79429632
[measure] op=reserve-finalize count=703 us=9700 rss_peak_bytes=79429632
[measure] op=delete count=703 us=5129 rss_peak_bytes=79446016
[measure] op=reserve-finalize count=704 us=9489 rss_peak_bytes=79446016
[measure] op=delete count=704 us=5453 rss_peak_bytes=79446016
[child] exit=0 signal=0
[measure] op=incremental-native-observe count=2816 us=641399 rss_peak_bytes=79446016
[measure] op=reserve-finalize count=705 us=10039 rss_peak_bytes=79462400
[measure] op=delete count=705 us=5797 rss_peak_bytes=79462400
[measure] op=reserve-finalize count=706 us=10161 rss_peak_bytes=79478784
[measure] op=delete count=706 us=5672 rss_peak_bytes=79478784
[measure] op=reserve-finalize count=707 us=9884 rss_peak_bytes=79478784
[measure] op=delete count=707 us=5828 rss_peak_bytes=79495168
[measure] op=reserve-finalize count=708 us=9779 rss_peak_bytes=79495168
[measure] op=delete count=708 us=5143 rss_peak_bytes=79511552
[measure] op=reserve-finalize count=709 us=9482 rss_peak_bytes=79511552
[measure] op=delete count=709 us=5387 rss_peak_bytes=79511552
[measure] op=reserve-finalize count=710 us=9536 rss_peak_bytes=79511552
[measure] op=delete count=710 us=5180 rss_peak_bytes=79511552
[measure] op=reserve-finalize count=711 us=9470 rss_peak_bytes=79511552
[measure] op=delete count=711 us=5188 rss_peak_bytes=79511552
[measure] op=reserve-finalize count=712 us=9448 rss_peak_bytes=79511552
[measure] op=delete count=712 us=5009 rss_peak_bytes=79527936
[measure] op=reserve-finalize count=713 us=9960 rss_peak_bytes=79527936
[measure] op=delete count=713 us=5230 rss_peak_bytes=79527936
[measure] op=reserve-finalize count=714 us=10042 rss_peak_bytes=79527936
[measure] op=delete count=714 us=5419 rss_peak_bytes=79527936
[measure] op=reserve-finalize count=715 us=9525 rss_peak_bytes=79527936
[measure] op=delete count=715 us=5273 rss_peak_bytes=79544320
[measure] op=reserve-finalize count=716 us=9473 rss_peak_bytes=79560704
[measure] op=delete count=716 us=5103 rss_peak_bytes=79560704
[measure] op=reserve-finalize count=717 us=9527 rss_peak_bytes=79560704
[measure] op=delete count=717 us=5289 rss_peak_bytes=79577088
[measure] op=reserve-finalize count=718 us=9907 rss_peak_bytes=79577088
[measure] op=delete count=718 us=5306 rss_peak_bytes=79577088
[measure] op=reserve-finalize count=719 us=9951 rss_peak_bytes=79577088
[measure] op=delete count=719 us=5241 rss_peak_bytes=79577088
[measure] op=reserve-finalize count=720 us=9582 rss_peak_bytes=79593472
[measure] op=delete count=720 us=5259 rss_peak_bytes=79593472
[measure] op=reserve-finalize count=721 us=9690 rss_peak_bytes=79593472
[measure] op=delete count=721 us=5132 rss_peak_bytes=79593472
[measure] op=reserve-finalize count=722 us=9418 rss_peak_bytes=79593472
[measure] op=delete count=722 us=5095 rss_peak_bytes=79609856
[measure] op=reserve-finalize count=723 us=9546 rss_peak_bytes=79626240
[measure] op=delete count=723 us=5057 rss_peak_bytes=79626240
[measure] op=reserve-finalize count=724 us=9742 rss_peak_bytes=79626240
[measure] op=delete count=724 us=5416 rss_peak_bytes=79626240
[measure] op=reserve-finalize count=725 us=10134 rss_peak_bytes=79626240
[measure] op=delete count=725 us=5318 rss_peak_bytes=79642624
[measure] op=reserve-finalize count=726 us=10107 rss_peak_bytes=79675392
[measure] op=delete count=726 us=5243 rss_peak_bytes=79675392
[measure] op=reserve-finalize count=727 us=9809 rss_peak_bytes=79675392
[measure] op=delete count=727 us=5251 rss_peak_bytes=79675392
[measure] op=reserve-finalize count=728 us=9495 rss_peak_bytes=79675392
[measure] op=delete count=728 us=243600 rss_peak_bytes=80510976
[measure] op=reserve-finalize count=729 us=9790 rss_peak_bytes=80527360
[measure] op=delete count=729 us=5343 rss_peak_bytes=80527360
[measure] op=reserve-finalize count=730 us=9958 rss_peak_bytes=80527360
[measure] op=delete count=730 us=5552 rss_peak_bytes=80527360
[measure] op=reserve-finalize count=731 us=9810 rss_peak_bytes=80527360
[measure] op=delete count=731 us=5308 rss_peak_bytes=80527360
[measure] op=reserve-finalize count=732 us=9868 rss_peak_bytes=80543744
[measure] op=delete count=732 us=5215 rss_peak_bytes=80543744
[measure] op=reserve-finalize count=733 us=9752 rss_peak_bytes=80543744
[measure] op=delete count=733 us=5227 rss_peak_bytes=80543744
[measure] op=reserve-finalize count=734 us=9631 rss_peak_bytes=80543744
[measure] op=delete count=734 us=5207 rss_peak_bytes=80543744
[measure] op=reserve-finalize count=735 us=9756 rss_peak_bytes=80543744
[measure] op=delete count=735 us=5375 rss_peak_bytes=80560128
[measure] op=reserve-finalize count=736 us=10035 rss_peak_bytes=80560128
[measure] op=delete count=736 us=5376 rss_peak_bytes=80576512
[child] exit=0 signal=0
[measure] op=incremental-native-observe count=2944 us=661776 rss_peak_bytes=80576512
[measure] op=reserve-finalize count=737 us=10437 rss_peak_bytes=80592896
[measure] op=delete count=737 us=5417 rss_peak_bytes=80592896
[measure] op=reserve-finalize count=738 us=10150 rss_peak_bytes=80592896
[measure] op=delete count=738 us=5371 rss_peak_bytes=80609280
[measure] op=reserve-finalize count=739 us=9770 rss_peak_bytes=80609280
[measure] op=delete count=739 us=5211 rss_peak_bytes=80609280
[measure] op=reserve-finalize count=740 us=9572 rss_peak_bytes=80609280
[measure] op=delete count=740 us=5172 rss_peak_bytes=80609280
[measure] op=reserve-finalize count=741 us=9451 rss_peak_bytes=80625664
[measure] op=delete count=741 us=5142 rss_peak_bytes=80625664
[measure] op=reserve-finalize count=742 us=9581 rss_peak_bytes=80642048
[measure] op=delete count=742 us=5509 rss_peak_bytes=80642048
[measure] op=reserve-finalize count=743 us=9558 rss_peak_bytes=80642048
[measure] op=delete count=743 us=5719 rss_peak_bytes=80642048
[measure] op=reserve-finalize count=744 us=9547 rss_peak_bytes=80642048
[measure] op=delete count=744 us=5200 rss_peak_bytes=80658432
[measure] op=reserve-finalize count=745 us=9745 rss_peak_bytes=80658432
[measure] op=delete count=745 us=5306 rss_peak_bytes=80658432
[measure] op=reserve-finalize count=746 us=9585 rss_peak_bytes=80658432
[measure] op=delete count=746 us=5185 rss_peak_bytes=80658432
[measure] op=reserve-finalize count=747 us=9388 rss_peak_bytes=80658432
[measure] op=delete count=747 us=5432 rss_peak_bytes=80674816
[measure] op=reserve-finalize count=748 us=9696 rss_peak_bytes=80674816
[measure] op=delete count=748 us=5443 rss_peak_bytes=80674816
[measure] op=reserve-finalize count=749 us=9815 rss_peak_bytes=80674816
[measure] op=delete count=749 us=5175 rss_peak_bytes=80674816
[measure] op=reserve-finalize count=750 us=9797 rss_peak_bytes=80691200
[measure] op=delete count=750 us=5195 rss_peak_bytes=80707584
[measure] op=reserve-finalize count=751 us=9725 rss_peak_bytes=80707584
[measure] op=delete count=751 us=5285 rss_peak_bytes=80707584
[measure] op=reserve-finalize count=752 us=9385 rss_peak_bytes=80707584
[measure] op=delete count=752 us=5375 rss_peak_bytes=80723968
[measure] op=reserve-finalize count=753 us=9511 rss_peak_bytes=80723968
[measure] op=delete count=753 us=5280 rss_peak_bytes=80723968
[measure] op=reserve-finalize count=754 us=9441 rss_peak_bytes=80723968
[measure] op=delete count=754 us=5398 rss_peak_bytes=80723968
[measure] op=reserve-finalize count=755 us=9470 rss_peak_bytes=80723968
[measure] op=delete count=755 us=5600 rss_peak_bytes=80740352
[measure] op=reserve-finalize count=756 us=9585 rss_peak_bytes=80740352
[measure] op=delete count=756 us=5037 rss_peak_bytes=80740352
[measure] op=reserve-finalize count=757 us=9855 rss_peak_bytes=80740352
[measure] op=delete count=757 us=5141 rss_peak_bytes=80756736
[measure] op=reserve-finalize count=758 us=9498 rss_peak_bytes=80756736
[measure] op=delete count=758 us=5065 rss_peak_bytes=80773120
[measure] op=reserve-finalize count=759 us=9387 rss_peak_bytes=80805888
[measure] op=delete count=759 us=5064 rss_peak_bytes=80805888
[measure] op=reserve-finalize count=760 us=9439 rss_peak_bytes=80805888
[measure] op=delete count=760 us=5197 rss_peak_bytes=80805888
[measure] op=reserve-finalize count=761 us=9681 rss_peak_bytes=80822272
[measure] op=delete count=761 us=5325 rss_peak_bytes=80838656
[measure] op=reserve-finalize count=762 us=9558 rss_peak_bytes=80838656
[measure] op=delete count=762 us=5166 rss_peak_bytes=80838656
[measure] op=reserve-finalize count=763 us=9520 rss_peak_bytes=80838656
[measure] op=delete count=763 us=5177 rss_peak_bytes=80838656
[measure] op=reserve-finalize count=764 us=9495 rss_peak_bytes=80838656
[measure] op=delete count=764 us=5145 rss_peak_bytes=80855040
[measure] op=reserve-finalize count=765 us=9460 rss_peak_bytes=80855040
[measure] op=delete count=765 us=5095 rss_peak_bytes=80855040
[measure] op=reserve-finalize count=766 us=9342 rss_peak_bytes=80855040
[measure] op=delete count=766 us=5301 rss_peak_bytes=80855040
[measure] op=reserve-finalize count=767 us=9742 rss_peak_bytes=80855040
[measure] op=delete count=767 us=5764 rss_peak_bytes=80871424
[measure] op=reserve-finalize count=768 us=9815 rss_peak_bytes=80871424
[measure] op=delete count=768 us=5506 rss_peak_bytes=80871424
[child] exit=0 signal=0
[measure] op=incremental-native-observe count=3072 us=686616 rss_peak_bytes=80871424
[measure] op=reserve-finalize count=769 us=10077 rss_peak_bytes=80871424
[measure] op=delete count=769 us=5400 rss_peak_bytes=80871424
[measure] op=reserve-finalize count=770 us=9602 rss_peak_bytes=80871424
[measure] op=delete count=770 us=5064 rss_peak_bytes=80887808
[measure] op=reserve-finalize count=771 us=9561 rss_peak_bytes=80887808
[measure] op=delete count=771 us=5316 rss_peak_bytes=80887808
[measure] op=reserve-finalize count=772 us=9908 rss_peak_bytes=80887808
[measure] op=delete count=772 us=5229 rss_peak_bytes=80904192
[measure] op=reserve-finalize count=773 us=9807 rss_peak_bytes=80904192
[measure] op=delete count=773 us=5310 rss_peak_bytes=80904192
[measure] op=reserve-finalize count=774 us=9505 rss_peak_bytes=80904192
[measure] op=delete count=774 us=5517 rss_peak_bytes=80904192
[measure] op=reserve-finalize count=775 us=9572 rss_peak_bytes=80904192
[measure] op=delete count=775 us=5144 rss_peak_bytes=80920576
[measure] op=reserve-finalize count=776 us=9519 rss_peak_bytes=80920576
[measure] op=delete count=776 us=5091 rss_peak_bytes=80920576
[measure] op=reserve-finalize count=777 us=9509 rss_peak_bytes=80936960
[measure] op=delete count=777 us=5111 rss_peak_bytes=80936960
[measure] op=reserve-finalize count=778 us=9706 rss_peak_bytes=80936960
[measure] op=delete count=778 us=5368 rss_peak_bytes=80953344
[measure] op=reserve-finalize count=779 us=9855 rss_peak_bytes=80953344
[measure] op=delete count=779 us=5405 rss_peak_bytes=80953344
[measure] op=reserve-finalize count=780 us=9786 rss_peak_bytes=80969728
[measure] op=delete count=780 us=5268 rss_peak_bytes=80969728
[measure] op=reserve-finalize count=781 us=9383 rss_peak_bytes=80986112
[measure] op=delete count=781 us=5123 rss_peak_bytes=80986112
[measure] op=reserve-finalize count=782 us=9362 rss_peak_bytes=80986112
[measure] op=delete count=782 us=5332 rss_peak_bytes=80986112
[measure] op=reserve-finalize count=783 us=9890 rss_peak_bytes=80986112
[measure] op=delete count=783 us=5419 rss_peak_bytes=81002496
[measure] op=reserve-finalize count=784 us=9778 rss_peak_bytes=81002496
[measure] op=delete count=784 us=260616 rss_peak_bytes=84312064
[measure] op=reserve-finalize count=785 us=9664 rss_peak_bytes=84312064
[measure] op=delete count=785 us=5188 rss_peak_bytes=84312064
[measure] op=reserve-finalize count=786 us=9910 rss_peak_bytes=84328448
[measure] op=delete count=786 us=5184 rss_peak_bytes=84328448
[measure] op=reserve-finalize count=787 us=9485 rss_peak_bytes=84328448
[measure] op=delete count=787 us=5502 rss_peak_bytes=84328448
[measure] op=reserve-finalize count=788 us=9854 rss_peak_bytes=84328448
[measure] op=delete count=788 us=5604 rss_peak_bytes=84328448
[measure] op=reserve-finalize count=789 us=9945 rss_peak_bytes=84328448
[measure] op=delete count=789 us=5375 rss_peak_bytes=84361216
[measure] op=reserve-finalize count=790 us=9731 rss_peak_bytes=84361216
[measure] op=delete count=790 us=5600 rss_peak_bytes=84361216
[measure] op=reserve-finalize count=791 us=9624 rss_peak_bytes=84361216
[measure] op=delete count=791 us=5568 rss_peak_bytes=84361216
[measure] op=reserve-finalize count=792 us=9742 rss_peak_bytes=84361216
[measure] op=delete count=792 us=5252 rss_peak_bytes=84393984
[measure] op=reserve-finalize count=793 us=9613 rss_peak_bytes=84426752
[measure] op=delete count=793 us=5048 rss_peak_bytes=84426752
[measure] op=reserve-finalize count=794 us=9907 rss_peak_bytes=84426752
[measure] op=delete count=794 us=5193 rss_peak_bytes=84426752
[measure] op=reserve-finalize count=795 us=9498 rss_peak_bytes=84443136
[measure] op=delete count=795 us=5377 rss_peak_bytes=84459520
[measure] op=reserve-finalize count=796 us=9642 rss_peak_bytes=84459520
[measure] op=delete count=796 us=5170 rss_peak_bytes=84459520
[measure] op=reserve-finalize count=797 us=9584 rss_peak_bytes=84475904
[measure] op=delete count=797 us=5181 rss_peak_bytes=84475904
[measure] op=reserve-finalize count=798 us=10310 rss_peak_bytes=84525056
[measure] op=delete count=798 us=5527 rss_peak_bytes=84574208
[measure] op=reserve-finalize count=799 us=9551 rss_peak_bytes=84574208
[measure] op=delete count=799 us=5541 rss_peak_bytes=84574208
[measure] op=reserve-finalize count=800 us=9588 rss_peak_bytes=84574208
[measure] op=delete count=800 us=5095 rss_peak_bytes=84574208
[child] exit=0 signal=0
[measure] op=incremental-native-observe count=3200 us=705675 rss_peak_bytes=84574208
[measure] op=reserve-finalize count=801 us=9966 rss_peak_bytes=84590592
[measure] op=delete count=801 us=5541 rss_peak_bytes=84590592
[measure] op=reserve-finalize count=802 us=9487 rss_peak_bytes=84590592
[measure] op=delete count=802 us=5137 rss_peak_bytes=84606976
[measure] op=reserve-finalize count=803 us=9689 rss_peak_bytes=84606976
[measure] op=delete count=803 us=5190 rss_peak_bytes=84606976
[measure] op=reserve-finalize count=804 us=9998 rss_peak_bytes=84606976
[measure] op=delete count=804 us=5475 rss_peak_bytes=84623360
[measure] op=reserve-finalize count=805 us=9862 rss_peak_bytes=84623360
[measure] op=delete count=805 us=5235 rss_peak_bytes=84623360
[measure] op=reserve-finalize count=806 us=9725 rss_peak_bytes=84623360
[measure] op=delete count=806 us=5377 rss_peak_bytes=84623360
[measure] op=reserve-finalize count=807 us=9489 rss_peak_bytes=84623360
[measure] op=delete count=807 us=5269 rss_peak_bytes=84623360
[measure] op=reserve-finalize count=808 us=9410 rss_peak_bytes=84623360
[measure] op=delete count=808 us=5156 rss_peak_bytes=84639744
[measure] op=reserve-finalize count=809 us=9854 rss_peak_bytes=84639744
[measure] op=delete count=809 us=5084 rss_peak_bytes=84639744
[measure] op=reserve-finalize count=810 us=9969 rss_peak_bytes=84639744
[measure] op=delete count=810 us=5159 rss_peak_bytes=84639744
[measure] op=reserve-finalize count=811 us=9600 rss_peak_bytes=84656128
[measure] op=delete count=811 us=5293 rss_peak_bytes=84656128
[measure] op=reserve-finalize count=812 us=9640 rss_peak_bytes=84656128
[measure] op=delete count=812 us=5071 rss_peak_bytes=84656128
[measure] op=reserve-finalize count=813 us=9422 rss_peak_bytes=84672512
[measure] op=delete count=813 us=5259 rss_peak_bytes=84672512
[measure] op=reserve-finalize count=814 us=9585 rss_peak_bytes=84672512
[measure] op=delete count=814 us=5142 rss_peak_bytes=84688896
[measure] op=reserve-finalize count=815 us=9495 rss_peak_bytes=84688896
[measure] op=delete count=815 us=5234 rss_peak_bytes=84688896
[measure] op=reserve-finalize count=816 us=9421 rss_peak_bytes=84688896
[measure] op=delete count=816 us=5159 rss_peak_bytes=84705280
[measure] op=reserve-finalize count=817 us=9561 rss_peak_bytes=84705280
[measure] op=delete count=817 us=5139 rss_peak_bytes=84705280
[measure] op=reserve-finalize count=818 us=9500 rss_peak_bytes=84705280
[measure] op=delete count=818 us=5560 rss_peak_bytes=84705280
[measure] op=reserve-finalize count=819 us=9549 rss_peak_bytes=84705280
[measure] op=delete count=819 us=5489 rss_peak_bytes=84721664
[measure] op=reserve-finalize count=820 us=9518 rss_peak_bytes=84721664
[measure] op=delete count=820 us=5327 rss_peak_bytes=84721664
[measure] op=reserve-finalize count=821 us=9417 rss_peak_bytes=84721664
[measure] op=delete count=821 us=5206 rss_peak_bytes=84738048
[measure] op=reserve-finalize count=822 us=9341 rss_peak_bytes=84738048
[measure] op=delete count=822 us=5200 rss_peak_bytes=84754432
[measure] op=reserve-finalize count=823 us=9565 rss_peak_bytes=84754432
[measure] op=delete count=823 us=5375 rss_peak_bytes=84754432
[measure] op=reserve-finalize count=824 us=9783 rss_peak_bytes=84754432
[measure] op=delete count=824 us=5315 rss_peak_bytes=84754432
[measure] op=reserve-finalize count=825 us=9675 rss_peak_bytes=84770816
[measure] op=delete count=825 us=5383 rss_peak_bytes=84787200
[measure] op=reserve-finalize count=826 us=9452 rss_peak_bytes=84787200
[measure] op=delete count=826 us=5113 rss_peak_bytes=84787200
[measure] op=reserve-finalize count=827 us=9771 rss_peak_bytes=84787200
[measure] op=delete count=827 us=5288 rss_peak_bytes=84803584
[measure] op=reserve-finalize count=828 us=9543 rss_peak_bytes=84803584
[measure] op=delete count=828 us=5056 rss_peak_bytes=84803584
[measure] op=reserve-finalize count=829 us=9433 rss_peak_bytes=84803584
[measure] op=delete count=829 us=5157 rss_peak_bytes=84819968
[measure] op=reserve-finalize count=830 us=9637 rss_peak_bytes=84819968
[measure] op=delete count=830 us=5324 rss_peak_bytes=84819968
[measure] op=reserve-finalize count=831 us=9457 rss_peak_bytes=84852736
[measure] op=delete count=831 us=5330 rss_peak_bytes=84852736
[measure] op=reserve-finalize count=832 us=9612 rss_peak_bytes=84852736
[measure] op=delete count=832 us=5177 rss_peak_bytes=84852736
[child] exit=0 signal=0
[measure] op=incremental-native-observe count=3328 us=733374 rss_peak_bytes=84852736
[measure] op=reserve-finalize count=833 us=10077 rss_peak_bytes=84852736
[measure] op=delete count=833 us=5349 rss_peak_bytes=84869120
[measure] op=reserve-finalize count=834 us=9686 rss_peak_bytes=84869120
[measure] op=delete count=834 us=5265 rss_peak_bytes=84869120
[measure] op=reserve-finalize count=835 us=9476 rss_peak_bytes=84869120
[measure] op=delete count=835 us=5431 rss_peak_bytes=84901888
[measure] op=reserve-finalize count=836 us=9515 rss_peak_bytes=84901888
[measure] op=delete count=836 us=5537 rss_peak_bytes=84901888
[measure] op=reserve-finalize count=837 us=9877 rss_peak_bytes=84901888
[measure] op=delete count=837 us=5445 rss_peak_bytes=84901888
[measure] op=reserve-finalize count=838 us=9742 rss_peak_bytes=84901888
[measure] op=delete count=838 us=5529 rss_peak_bytes=84918272
[measure] op=reserve-finalize count=839 us=9742 rss_peak_bytes=84918272
[measure] op=delete count=839 us=5213 rss_peak_bytes=84918272
[measure] op=reserve-finalize count=840 us=9518 rss_peak_bytes=84918272
[measure] op=delete count=840 us=280649 rss_peak_bytes=88424448
[measure] op=reserve-finalize count=841 us=9999 rss_peak_bytes=88440832
[measure] op=delete count=841 us=5368 rss_peak_bytes=88440832
[measure] op=reserve-finalize count=842 us=9533 rss_peak_bytes=88440832
[measure] op=delete count=842 us=5537 rss_peak_bytes=88440832
[measure] op=reserve-finalize count=843 us=9659 rss_peak_bytes=88440832
[measure] op=delete count=843 us=5155 rss_peak_bytes=88440832
[measure] op=reserve-finalize count=844 us=9493 rss_peak_bytes=88457216
[measure] op=delete count=844 us=5088 rss_peak_bytes=88473600
[measure] op=reserve-finalize count=845 us=9508 rss_peak_bytes=88473600
[measure] op=delete count=845 us=5240 rss_peak_bytes=88473600
[measure] op=reserve-finalize count=846 us=9770 rss_peak_bytes=88473600
[measure] op=delete count=846 us=5182 rss_peak_bytes=88473600
[measure] op=reserve-finalize count=847 us=9825 rss_peak_bytes=88473600
[measure] op=delete count=847 us=5395 rss_peak_bytes=88489984
[measure] op=reserve-finalize count=848 us=9693 rss_peak_bytes=88489984
[measure] op=delete count=848 us=5234 rss_peak_bytes=88489984
[measure] op=reserve-finalize count=849 us=9480 rss_peak_bytes=88506368
[measure] op=delete count=849 us=5231 rss_peak_bytes=88522752
[measure] op=reserve-finalize count=850 us=9516 rss_peak_bytes=88522752
[measure] op=delete count=850 us=5229 rss_peak_bytes=88539136
[measure] op=reserve-finalize count=851 us=9463 rss_peak_bytes=88539136
[measure] op=delete count=851 us=5137 rss_peak_bytes=88539136
[measure] op=reserve-finalize count=852 us=9466 rss_peak_bytes=88539136
[measure] op=delete count=852 us=5002 rss_peak_bytes=88555520
[measure] op=reserve-finalize count=853 us=9455 rss_peak_bytes=88555520
[measure] op=delete count=853 us=4983 rss_peak_bytes=88571904
[measure] op=reserve-finalize count=854 us=9752 rss_peak_bytes=88571904
[measure] op=delete count=854 us=5227 rss_peak_bytes=88571904
[measure] op=reserve-finalize count=855 us=9854 rss_peak_bytes=88571904
[measure] op=delete count=855 us=5103 rss_peak_bytes=88571904
[measure] op=reserve-finalize count=856 us=9298 rss_peak_bytes=88588288
[measure] op=delete count=856 us=5053 rss_peak_bytes=88588288
[measure] op=reserve-finalize count=857 us=9403 rss_peak_bytes=88604672
[measure] op=delete count=857 us=5154 rss_peak_bytes=88604672
[measure] op=reserve-finalize count=858 us=9637 rss_peak_bytes=88604672
[measure] op=delete count=858 us=5069 rss_peak_bytes=88621056
[measure] op=reserve-finalize count=859 us=9946 rss_peak_bytes=88621056
[measure] op=delete count=859 us=5359 rss_peak_bytes=88621056
[measure] op=reserve-finalize count=860 us=9682 rss_peak_bytes=88621056
[measure] op=delete count=860 us=5416 rss_peak_bytes=88621056
[measure] op=reserve-finalize count=861 us=9665 rss_peak_bytes=88621056
[measure] op=delete count=861 us=5550 rss_peak_bytes=88637440
[measure] op=reserve-finalize count=862 us=9699 rss_peak_bytes=88637440
[measure] op=delete count=862 us=5483 rss_peak_bytes=88637440
[measure] op=reserve-finalize count=863 us=9619 rss_peak_bytes=88637440
[measure] op=delete count=863 us=5160 rss_peak_bytes=88637440
[measure] op=reserve-finalize count=864 us=9434 rss_peak_bytes=88637440
[measure] op=delete count=864 us=5182 rss_peak_bytes=88653824
[child] exit=0 signal=0
[measure] op=incremental-native-observe count=3456 us=743420 rss_peak_bytes=88686592
[measure] op=reserve-finalize count=865 us=10029 rss_peak_bytes=88686592
[measure] op=delete count=865 us=5399 rss_peak_bytes=88686592
[measure] op=reserve-finalize count=866 us=9585 rss_peak_bytes=88686592
[measure] op=delete count=866 us=5138 rss_peak_bytes=88686592
[measure] op=reserve-finalize count=867 us=9552 rss_peak_bytes=88702976
[measure] op=delete count=867 us=5239 rss_peak_bytes=88702976
[measure] op=reserve-finalize count=868 us=9538 rss_peak_bytes=88702976
[measure] op=delete count=868 us=5456 rss_peak_bytes=88719360
[measure] op=reserve-finalize count=869 us=9554 rss_peak_bytes=88719360
[measure] op=delete count=869 us=5557 rss_peak_bytes=88719360
[measure] op=reserve-finalize count=870 us=9797 rss_peak_bytes=88719360
[measure] op=delete count=870 us=5708 rss_peak_bytes=88719360
[measure] op=reserve-finalize count=871 us=9633 rss_peak_bytes=88735744
[measure] op=delete count=871 us=5254 rss_peak_bytes=88735744
[measure] op=reserve-finalize count=872 us=9448 rss_peak_bytes=88735744
[measure] op=delete count=872 us=5344 rss_peak_bytes=88735744
[measure] op=reserve-finalize count=873 us=9966 rss_peak_bytes=88735744
[measure] op=delete count=873 us=5352 rss_peak_bytes=88752128
[measure] op=reserve-finalize count=874 us=9823 rss_peak_bytes=88752128
[measure] op=delete count=874 us=5569 rss_peak_bytes=88752128
[measure] op=reserve-finalize count=875 us=9798 rss_peak_bytes=88752128
[measure] op=delete count=875 us=5453 rss_peak_bytes=88768512
[measure] op=reserve-finalize count=876 us=9748 rss_peak_bytes=88768512
[measure] op=delete count=876 us=5232 rss_peak_bytes=88768512
[measure] op=reserve-finalize count=877 us=9495 rss_peak_bytes=88768512
[measure] op=delete count=877 us=5282 rss_peak_bytes=88784896
[measure] op=reserve-finalize count=878 us=9739 rss_peak_bytes=88784896
[measure] op=delete count=878 us=5384 rss_peak_bytes=88801280
[measure] op=reserve-finalize count=879 us=9434 rss_peak_bytes=88801280
[measure] op=delete count=879 us=5240 rss_peak_bytes=88801280
[measure] op=reserve-finalize count=880 us=9512 rss_peak_bytes=88801280
[measure] op=delete count=880 us=5060 rss_peak_bytes=88801280
[measure] op=reserve-finalize count=881 us=9635 rss_peak_bytes=88801280
[measure] op=delete count=881 us=5242 rss_peak_bytes=88817664
[measure] op=reserve-finalize count=882 us=9689 rss_peak_bytes=88834048
[measure] op=delete count=882 us=5112 rss_peak_bytes=88834048
[measure] op=reserve-finalize count=883 us=9815 rss_peak_bytes=88834048
[measure] op=delete count=883 us=5108 rss_peak_bytes=88850432
[measure] op=reserve-finalize count=884 us=9553 rss_peak_bytes=88850432
[measure] op=delete count=884 us=5063 rss_peak_bytes=88850432
[measure] op=reserve-finalize count=885 us=9442 rss_peak_bytes=88866816
[measure] op=delete count=885 us=5292 rss_peak_bytes=88883200
[measure] op=reserve-finalize count=886 us=9523 rss_peak_bytes=88899584
[measure] op=delete count=886 us=5589 rss_peak_bytes=88915968
[measure] op=reserve-finalize count=887 us=9442 rss_peak_bytes=88915968
[measure] op=delete count=887 us=5620 rss_peak_bytes=88915968
[measure] op=reserve-finalize count=888 us=9505 rss_peak_bytes=88915968
[measure] op=delete count=888 us=5336 rss_peak_bytes=88915968
[measure] op=reserve-finalize count=889 us=9625 rss_peak_bytes=88932352
[measure] op=delete count=889 us=5369 rss_peak_bytes=88948736
[measure] op=reserve-finalize count=890 us=9659 rss_peak_bytes=88948736
[measure] op=delete count=890 us=5236 rss_peak_bytes=88948736
[measure] op=reserve-finalize count=891 us=9466 rss_peak_bytes=88948736
[measure] op=delete count=891 us=5185 rss_peak_bytes=88948736
[measure] op=reserve-finalize count=892 us=9518 rss_peak_bytes=88948736
[measure] op=delete count=892 us=5520 rss_peak_bytes=88948736
[measure] op=reserve-finalize count=893 us=9979 rss_peak_bytes=88948736
[measure] op=delete count=893 us=5490 rss_peak_bytes=88965120
[measure] op=reserve-finalize count=894 us=9695 rss_peak_bytes=88965120
[measure] op=delete count=894 us=5793 rss_peak_bytes=88965120
[measure] op=reserve-finalize count=895 us=9723 rss_peak_bytes=88981504
[measure] op=delete count=895 us=5440 rss_peak_bytes=88981504
[measure] op=reserve-finalize count=896 us=9565 rss_peak_bytes=88981504
[measure] op=delete count=896 us=297364 rss_peak_bytes=89882624
[child] exit=0 signal=0
[measure] op=incremental-native-observe count=3584 us=763354 rss_peak_bytes=89882624
[measure] op=reserve-finalize count=897 us=9999 rss_peak_bytes=89882624
[measure] op=delete count=897 us=5282 rss_peak_bytes=89882624
[measure] op=reserve-finalize count=898 us=9632 rss_peak_bytes=89882624
[measure] op=delete count=898 us=5480 rss_peak_bytes=89899008
[measure] op=reserve-finalize count=899 us=9670 rss_peak_bytes=89899008
[measure] op=delete count=899 us=5138 rss_peak_bytes=89899008
[measure] op=reserve-finalize count=900 us=9808 rss_peak_bytes=89899008
[measure] op=delete count=900 us=5216 rss_peak_bytes=89899008
[measure] op=reserve-finalize count=901 us=9877 rss_peak_bytes=89915392
[measure] op=delete count=901 us=5180 rss_peak_bytes=89915392
[measure] op=reserve-finalize count=902 us=9509 rss_peak_bytes=89915392
[measure] op=delete count=902 us=5128 rss_peak_bytes=89915392
[measure] op=reserve-finalize count=903 us=9415 rss_peak_bytes=89931776
[measure] op=delete count=903 us=5125 rss_peak_bytes=89948160
[measure] op=reserve-finalize count=904 us=9726 rss_peak_bytes=89948160
[measure] op=delete count=904 us=5229 rss_peak_bytes=89948160
[measure] op=reserve-finalize count=905 us=9808 rss_peak_bytes=89948160
[measure] op=delete count=905 us=5517 rss_peak_bytes=89964544
[measure] op=reserve-finalize count=906 us=9970 rss_peak_bytes=89964544
[measure] op=delete count=906 us=5204 rss_peak_bytes=89980928
[measure] op=reserve-finalize count=907 us=10244 rss_peak_bytes=89980928
[measure] op=delete count=907 us=5165 rss_peak_bytes=89997312
[measure] op=reserve-finalize count=908 us=9668 rss_peak_bytes=89997312
[measure] op=delete count=908 us=5060 rss_peak_bytes=89997312
[measure] op=reserve-finalize count=909 us=9402 rss_peak_bytes=89997312
[measure] op=delete count=909 us=5203 rss_peak_bytes=89997312
[measure] op=reserve-finalize count=910 us=9425 rss_peak_bytes=89997312
[measure] op=delete count=910 us=5183 rss_peak_bytes=89997312
[measure] op=reserve-finalize count=911 us=9686 rss_peak_bytes=89997312
[measure] op=delete count=911 us=5261 rss_peak_bytes=90013696
[measure] op=reserve-finalize count=912 us=9365 rss_peak_bytes=90013696
[measure] op=delete count=912 us=5322 rss_peak_bytes=90013696
[measure] op=reserve-finalize count=913 us=9757 rss_peak_bytes=90013696
[measure] op=delete count=913 us=5489 rss_peak_bytes=90013696
[measure] op=reserve-finalize count=914 us=9589 rss_peak_bytes=90013696
[measure] op=delete count=914 us=5226 rss_peak_bytes=90030080
[measure] op=reserve-finalize count=915 us=9469 rss_peak_bytes=90046464
[measure] op=delete count=915 us=5258 rss_peak_bytes=90046464
[measure] op=reserve-finalize count=916 us=9291 rss_peak_bytes=90062848
[measure] op=delete count=916 us=5198 rss_peak_bytes=90062848
[measure] op=reserve-finalize count=917 us=9321 rss_peak_bytes=90062848
[measure] op=delete count=917 us=5227 rss_peak_bytes=90079232
[measure] op=reserve-finalize count=918 us=9331 rss_peak_bytes=90079232
[measure] op=delete count=918 us=5071 rss_peak_bytes=90095616
[measure] op=reserve-finalize count=919 us=9236 rss_peak_bytes=90095616
[measure] op=delete count=919 us=5000 rss_peak_bytes=90095616
[measure] op=reserve-finalize count=920 us=9607 rss_peak_bytes=90095616
[measure] op=delete count=920 us=5127 rss_peak_bytes=90112000
[measure] op=reserve-finalize count=921 us=9721 rss_peak_bytes=90144768
[measure] op=delete count=921 us=5056 rss_peak_bytes=90161152
[measure] op=reserve-finalize count=922 us=9357 rss_peak_bytes=90161152
[measure] op=delete count=922 us=5148 rss_peak_bytes=90177536
[measure] op=reserve-finalize count=923 us=9268 rss_peak_bytes=90177536
[measure] op=delete count=923 us=5124 rss_peak_bytes=90177536
[measure] op=reserve-finalize count=924 us=9354 rss_peak_bytes=90177536
[measure] op=delete count=924 us=5083 rss_peak_bytes=90177536
[measure] op=reserve-finalize count=925 us=9470 rss_peak_bytes=90177536
[measure] op=delete count=925 us=5348 rss_peak_bytes=90193920
[measure] op=reserve-finalize count=926 us=9721 rss_peak_bytes=90193920
[measure] op=delete count=926 us=5566 rss_peak_bytes=90193920
[measure] op=reserve-finalize count=927 us=9685 rss_peak_bytes=90193920
[measure] op=delete count=927 us=5487 rss_peak_bytes=90193920
[measure] op=reserve-finalize count=928 us=10048 rss_peak_bytes=90193920
[measure] op=delete count=928 us=5345 rss_peak_bytes=90210304
[child] exit=0 signal=0
[measure] op=incremental-native-observe count=3712 us=787813 rss_peak_bytes=90210304
[measure] op=reserve-finalize count=929 us=9989 rss_peak_bytes=90226688
[measure] op=delete count=929 us=5262 rss_peak_bytes=90226688
[measure] op=reserve-finalize count=930 us=9589 rss_peak_bytes=90226688
[measure] op=delete count=930 us=5210 rss_peak_bytes=90226688
[measure] op=reserve-finalize count=931 us=9423 rss_peak_bytes=90243072
[measure] op=delete count=931 us=5404 rss_peak_bytes=90243072
[measure] op=reserve-finalize count=932 us=9644 rss_peak_bytes=90243072
[measure] op=delete count=932 us=5212 rss_peak_bytes=90243072
[measure] op=reserve-finalize count=933 us=9709 rss_peak_bytes=90259456
[measure] op=delete count=933 us=5178 rss_peak_bytes=90275840
[measure] op=reserve-finalize count=934 us=9448 rss_peak_bytes=90275840
[measure] op=delete count=934 us=5114 rss_peak_bytes=90275840
[measure] op=reserve-finalize count=935 us=9443 rss_peak_bytes=90275840
[measure] op=delete count=935 us=5223 rss_peak_bytes=90275840
[measure] op=reserve-finalize count=936 us=9503 rss_peak_bytes=90292224
[measure] op=delete count=936 us=5424 rss_peak_bytes=90292224
[measure] op=reserve-finalize count=937 us=9762 rss_peak_bytes=90292224
[measure] op=delete count=937 us=5579 rss_peak_bytes=90292224
[measure] op=reserve-finalize count=938 us=9780 rss_peak_bytes=90292224
[measure] op=delete count=938 us=5330 rss_peak_bytes=90308608
[measure] op=reserve-finalize count=939 us=9616 rss_peak_bytes=90324992
[measure] op=delete count=939 us=5062 rss_peak_bytes=90324992
[measure] op=reserve-finalize count=940 us=9457 rss_peak_bytes=90324992
[measure] op=delete count=940 us=5173 rss_peak_bytes=90324992
[measure] op=reserve-finalize count=941 us=9558 rss_peak_bytes=90324992
[measure] op=delete count=941 us=5137 rss_peak_bytes=90324992
[measure] op=reserve-finalize count=942 us=9484 rss_peak_bytes=90341376
[measure] op=delete count=942 us=5649 rss_peak_bytes=90341376
[measure] op=reserve-finalize count=943 us=9400 rss_peak_bytes=90341376
[measure] op=delete count=943 us=5559 rss_peak_bytes=90341376
[measure] op=reserve-finalize count=944 us=9709 rss_peak_bytes=90341376
[measure] op=delete count=944 us=5201 rss_peak_bytes=90341376
[measure] op=reserve-finalize count=945 us=9411 rss_peak_bytes=90341376
[measure] op=delete count=945 us=5119 rss_peak_bytes=90357760
[measure] op=reserve-finalize count=946 us=9300 rss_peak_bytes=90357760
[measure] op=delete count=946 us=5103 rss_peak_bytes=90357760
[measure] op=reserve-finalize count=947 us=9401 rss_peak_bytes=90357760
[measure] op=delete count=947 us=5098 rss_peak_bytes=90357760
[measure] op=reserve-finalize count=948 us=9445 rss_peak_bytes=90374144
[measure] op=delete count=948 us=5011 rss_peak_bytes=90374144
[measure] op=reserve-finalize count=949 us=9440 rss_peak_bytes=90374144
[measure] op=delete count=949 us=5161 rss_peak_bytes=90406912
[measure] op=reserve-finalize count=950 us=9929 rss_peak_bytes=90406912
[measure] op=delete count=950 us=5217 rss_peak_bytes=90406912
[measure] op=reserve-finalize count=951 us=9455 rss_peak_bytes=90406912
[measure] op=delete count=951 us=5234 rss_peak_bytes=90406912
[measure] op=reserve-finalize count=952 us=9561 rss_peak_bytes=90406912
[measure] op=delete count=952 us=317483 rss_peak_bytes=94306304
[measure] op=reserve-finalize count=953 us=9664 rss_peak_bytes=94322688
[measure] op=delete count=953 us=5305 rss_peak_bytes=94339072
[measure] op=reserve-finalize count=954 us=9611 rss_peak_bytes=94339072
[measure] op=delete count=954 us=5089 rss_peak_bytes=94339072
[measure] op=reserve-finalize count=955 us=9439 rss_peak_bytes=94339072
[measure] op=delete count=955 us=5295 rss_peak_bytes=94355456
[measure] op=reserve-finalize count=956 us=9404 rss_peak_bytes=94355456
[measure] op=delete count=956 us=5104 rss_peak_bytes=94355456
[measure] op=reserve-finalize count=957 us=10142 rss_peak_bytes=94371840
[measure] op=delete count=957 us=5372 rss_peak_bytes=94371840
[measure] op=reserve-finalize count=958 us=10030 rss_peak_bytes=94371840
[measure] op=delete count=958 us=5405 rss_peak_bytes=94388224
[measure] op=reserve-finalize count=959 us=9888 rss_peak_bytes=94388224
[measure] op=delete count=959 us=5372 rss_peak_bytes=94388224
[measure] op=reserve-finalize count=960 us=9663 rss_peak_bytes=94388224
[measure] op=delete count=960 us=5091 rss_peak_bytes=94404608
[child] exit=0 signal=0
[measure] op=incremental-native-observe count=3840 us=806488 rss_peak_bytes=94404608
[measure] op=reserve-finalize count=961 us=10044 rss_peak_bytes=94404608
[measure] op=delete count=961 us=5349 rss_peak_bytes=94404608
[measure] op=reserve-finalize count=962 us=9565 rss_peak_bytes=94404608
[measure] op=delete count=962 us=5200 rss_peak_bytes=94420992
[measure] op=reserve-finalize count=963 us=9421 rss_peak_bytes=94437376
[measure] op=delete count=963 us=5136 rss_peak_bytes=94453760
[measure] op=reserve-finalize count=964 us=9361 rss_peak_bytes=94453760
[measure] op=delete count=964 us=5483 rss_peak_bytes=94453760
[measure] op=reserve-finalize count=965 us=9579 rss_peak_bytes=94453760
[measure] op=delete count=965 us=5394 rss_peak_bytes=94453760
[measure] op=reserve-finalize count=966 us=9798 rss_peak_bytes=94453760
[measure] op=delete count=966 us=5479 rss_peak_bytes=94470144
[measure] op=reserve-finalize count=967 us=9759 rss_peak_bytes=94470144
[measure] op=delete count=967 us=5637 rss_peak_bytes=94470144
[measure] op=reserve-finalize count=968 us=9676 rss_peak_bytes=94470144
[measure] op=delete count=968 us=5193 rss_peak_bytes=94470144
[measure] op=reserve-finalize count=969 us=9562 rss_peak_bytes=94470144
[measure] op=delete count=969 us=5444 rss_peak_bytes=94470144
[measure] op=reserve-finalize count=970 us=9510 rss_peak_bytes=94470144
[measure] op=delete count=970 us=5497 rss_peak_bytes=94486528
[measure] op=reserve-finalize count=971 us=9551 rss_peak_bytes=94502912
[measure] op=delete count=971 us=5601 rss_peak_bytes=94502912
[measure] op=reserve-finalize count=972 us=9538 rss_peak_bytes=94502912
[measure] op=delete count=972 us=5449 rss_peak_bytes=94519296
[measure] op=reserve-finalize count=973 us=9506 rss_peak_bytes=94519296
[measure] op=delete count=973 us=5402 rss_peak_bytes=94519296
[measure] op=reserve-finalize count=974 us=9601 rss_peak_bytes=94519296
[measure] op=delete count=974 us=5307 rss_peak_bytes=94519296
[measure] op=reserve-finalize count=975 us=9696 rss_peak_bytes=94535680
[measure] op=delete count=975 us=5206 rss_peak_bytes=94535680
[measure] op=reserve-finalize count=976 us=9493 rss_peak_bytes=94552064
[measure] op=delete count=976 us=5237 rss_peak_bytes=94552064
[measure] op=reserve-finalize count=977 us=9399 rss_peak_bytes=94552064
[measure] op=delete count=977 us=5154 rss_peak_bytes=94552064
[measure] op=reserve-finalize count=978 us=9854 rss_peak_bytes=94552064
[measure] op=delete count=978 us=5253 rss_peak_bytes=94568448
[measure] op=reserve-finalize count=979 us=9863 rss_peak_bytes=94568448
[measure] op=delete count=979 us=5136 rss_peak_bytes=94568448
[measure] op=reserve-finalize count=980 us=9502 rss_peak_bytes=94568448
[measure] op=delete count=980 us=5278 rss_peak_bytes=94568448
[measure] op=reserve-finalize count=981 us=9547 rss_peak_bytes=94568448
[measure] op=delete count=981 us=5187 rss_peak_bytes=94584832
[measure] op=reserve-finalize count=982 us=9501 rss_peak_bytes=94584832
[measure] op=delete count=982 us=5057 rss_peak_bytes=94601216
[measure] op=reserve-finalize count=983 us=9551 rss_peak_bytes=94601216
[measure] op=delete count=983 us=5241 rss_peak_bytes=94601216
[measure] op=reserve-finalize count=984 us=9475 rss_peak_bytes=94617600
[measure] op=delete count=984 us=5731 rss_peak_bytes=94633984
[measure] op=reserve-finalize count=985 us=9819 rss_peak_bytes=94650368
[measure] op=delete count=985 us=5522 rss_peak_bytes=94650368
[measure] op=reserve-finalize count=986 us=10001 rss_peak_bytes=94650368
[measure] op=delete count=986 us=5329 rss_peak_bytes=94666752
[measure] op=reserve-finalize count=987 us=9938 rss_peak_bytes=94666752
[measure] op=delete count=987 us=5315 rss_peak_bytes=94666752
[measure] op=reserve-finalize count=988 us=9644 rss_peak_bytes=94666752
[measure] op=delete count=988 us=5073 rss_peak_bytes=94666752
[measure] op=reserve-finalize count=989 us=9424 rss_peak_bytes=94666752
[measure] op=delete count=989 us=5086 rss_peak_bytes=94666752
[measure] op=reserve-finalize count=990 us=9434 rss_peak_bytes=94683136
[measure] op=delete count=990 us=5109 rss_peak_bytes=94683136
[measure] op=reserve-finalize count=991 us=9520 rss_peak_bytes=94683136
[measure] op=delete count=991 us=5080 rss_peak_bytes=94683136
[measure] op=reserve-finalize count=992 us=9688 rss_peak_bytes=94683136
[measure] op=delete count=992 us=5144 rss_peak_bytes=94699520
[child] exit=0 signal=0
[measure] op=incremental-native-observe count=3968 us=831271 rss_peak_bytes=94699520
[measure] op=reserve-finalize count=993 us=10639 rss_peak_bytes=94715904
[measure] op=delete count=993 us=6112 rss_peak_bytes=94715904
[measure] op=reserve-finalize count=994 us=10494 rss_peak_bytes=94715904
[measure] op=delete count=994 us=5893 rss_peak_bytes=94715904
[measure] op=reserve-finalize count=995 us=9815 rss_peak_bytes=94715904
[measure] op=delete count=995 us=5783 rss_peak_bytes=94732288
[measure] op=reserve-finalize count=996 us=9659 rss_peak_bytes=94732288
[measure] op=delete count=996 us=5096 rss_peak_bytes=94732288
[measure] op=reserve-finalize count=997 us=9513 rss_peak_bytes=94748672
[measure] op=delete count=997 us=5175 rss_peak_bytes=94748672
[measure] op=reserve-finalize count=998 us=9815 rss_peak_bytes=94748672
[measure] op=delete count=998 us=5316 rss_peak_bytes=94748672
[measure] op=reserve-finalize count=999 us=9666 rss_peak_bytes=94748672
[measure] op=delete count=999 us=5239 rss_peak_bytes=94748672
[measure] op=reserve-finalize count=1000 us=9515 rss_peak_bytes=94748672
[measure] op=delete count=1000 us=5137 rss_peak_bytes=94765056
[measure] op=reserve-finalize count=1001 us=9471 rss_peak_bytes=94765056
[measure] op=delete count=1001 us=5239 rss_peak_bytes=94765056
[measure] op=reserve-finalize count=1002 us=9416 rss_peak_bytes=94765056
[measure] op=delete count=1002 us=4988 rss_peak_bytes=94765056
[measure] op=reserve-finalize count=1003 us=9430 rss_peak_bytes=94765056
[measure] op=delete count=1003 us=4974 rss_peak_bytes=94781440
[measure] op=reserve-finalize count=1004 us=9432 rss_peak_bytes=94781440
[measure] op=delete count=1004 us=5051 rss_peak_bytes=94781440
[measure] op=reserve-finalize count=1005 us=9444 rss_peak_bytes=94781440
[measure] op=delete count=1005 us=5306 rss_peak_bytes=94814208
[measure] op=reserve-finalize count=1006 us=9669 rss_peak_bytes=94814208
[measure] op=delete count=1006 us=5286 rss_peak_bytes=94814208
[measure] op=reserve-finalize count=1007 us=9569 rss_peak_bytes=94814208
[measure] op=delete count=1007 us=5577 rss_peak_bytes=94814208
[measure] op=reserve-finalize count=1008 us=9458 rss_peak_bytes=94830592
[measure] op=delete count=1008 us=333509 rss_peak_bytes=96174080
[measure] op=reserve-finalize count=1009 us=9841 rss_peak_bytes=96174080
[measure] op=delete count=1009 us=5265 rss_peak_bytes=96174080
[measure] op=reserve-finalize count=1010 us=9560 rss_peak_bytes=96174080
[measure] op=delete count=1010 us=5045 rss_peak_bytes=96190464
[measure] op=reserve-finalize count=1011 us=9498 rss_peak_bytes=96206848
[measure] op=delete count=1011 us=5219 rss_peak_bytes=96206848
[measure] op=reserve-finalize count=1012 us=9729 rss_peak_bytes=96206848
[measure] op=delete count=1012 us=5212 rss_peak_bytes=96206848
[measure] op=reserve-finalize count=1013 us=10008 rss_peak_bytes=96206848
[measure] op=delete count=1013 us=5285 rss_peak_bytes=96223232
[measure] op=reserve-finalize count=1014 us=9622 rss_peak_bytes=96256000
[measure] op=delete count=1014 us=5110 rss_peak_bytes=96256000
[measure] op=reserve-finalize count=1015 us=9929 rss_peak_bytes=96256000
[measure] op=delete count=1015 us=5175 rss_peak_bytes=96256000
[measure] op=reserve-finalize count=1016 us=9799 rss_peak_bytes=96256000
[measure] op=delete count=1016 us=5409 rss_peak_bytes=96272384
[measure] op=reserve-finalize count=1017 us=9748 rss_peak_bytes=96288768
[measure] op=delete count=1017 us=5409 rss_peak_bytes=96288768
[measure] op=reserve-finalize count=1018 us=9924 rss_peak_bytes=96288768
[measure] op=delete count=1018 us=5444 rss_peak_bytes=96288768
[measure] op=reserve-finalize count=1019 us=9592 rss_peak_bytes=96288768
[measure] op=delete count=1019 us=5021 rss_peak_bytes=96305152
[measure] op=reserve-finalize count=1020 us=9413 rss_peak_bytes=96321536
[measure] op=delete count=1020 us=5417 rss_peak_bytes=96321536
[pass] B07-S02 independent-current count=1020 deleted=1
[measure] op=query-and-independent-hash-outside-product-timing count=1020 us=144657 rss_peak_bytes=96354304
[measure] op=checkpoint count=1020 us=327869 rss_peak_bytes=97124352
[child] exit=0 signal=0
[measure] op=incremental-native-observe count=4080 us=836112 rss_peak_bytes=97124352
[pass] B08-C01 complete-drain count=1020 mutations=4080
[pass] B08-C01 snapshot-count=1 count=1020 bytes=3487953 generation=20
[pass] B07-S03 checkpoint-old-detail-unchanged count=1020
[measure] op=reopen-sqlite count=1020 us=1814776 rss_peak_bytes=82919424
[pass] B07-S02 independent-current count=1020 deleted=1
[measure] op=query-and-independent-hash-outside-product-timing count=1020 us=146073 rss_peak_bytes=83132416
[recording-latency] {"k":0,"o":1,"s":1,"l":557,"m":1,"t":1,"r":0,"b":0,"a":625,"e":628120292,"n":1,"w":625,"h":628119667,"x":625,"y":628119667}
[recording-slow-summary] {"seen":1,"retained":1,"thresholdNs":10000000}
[recording-complete-summary] {"lockCount":2044,"spanCount":0,"maxWaitNs":5875,"maxHoldNs":628119667,"maxSpanNs":0,"countOverflow":false}
[child] exit=0 signal=0
[measure] op=reopen-jsonl count=1020 us=1740563 rss_peak_bytes=76316672
[pass] B07-S02 independent-current count=1020 deleted=1
[measure] op=query-and-independent-hash-outside-product-timing count=1020 us=145918 rss_peak_bytes=76529664
[recording-latency] {"k":0,"o":1,"s":1,"l":557,"m":1,"t":1,"r":0,"b":42,"a":208,"e":554288500,"n":1,"w":166,"h":554288292,"x":166,"y":554288292}
[recording-slow-summary] {"seen":1,"retained":1,"thresholdNs":10000000}
[recording-complete-summary] {"lockCount":2044,"spanCount":0,"maxWaitNs":375,"maxHoldNs":554288292,"maxSpanNs":0,"countOverflow":false}
[child] exit=0 signal=0
[bytes] count=1020 kind=active bytes=19152930
[bytes] count=1020 kind=identity bytes=1681055
[bytes] count=1020 kind=media bytes=55626
[bytes] count=1020 kind=other bytes=34367
[bytes] count=1020 kind=snapshot bytes=3487953
[bytes] count=1020 kind=sqlite bytes=5709824
[bytes] count=1020 kind=total bytes=30121755
[measure] op=runtime-open count=1020 us=1811497 rss_peak_bytes=108953600
[measure] op=reserve-finalize count=1021 us=10145 rss_peak_bytes=108953600
[measure] op=delete count=1021 us=5504 rss_peak_bytes=108953600
[measure] op=reserve-finalize count=1022 us=9809 rss_peak_bytes=108953600
[measure] op=delete count=1022 us=5258 rss_peak_bytes=108953600
[measure] op=reserve-finalize count=1023 us=9939 rss_peak_bytes=108953600
[measure] op=delete count=1023 us=5325 rss_peak_bytes=108969984
[measure] op=reserve-finalize count=1024 us=9671 rss_peak_bytes=108969984
[measure] op=delete count=1024 us=5194 rss_peak_bytes=108969984
[child] exit=0 signal=0
[measure] op=incremental-native-observe count=4096 us=828008 rss_peak_bytes=109019136
[measure] op=reserve-finalize count=1025 us=10871 rss_peak_bytes=109019136
[measure] op=delete count=1025 us=5984 rss_peak_bytes=109019136
[measure] op=reserve-finalize count=1026 us=10135 rss_peak_bytes=109019136
[measure] op=delete count=1026 us=5786 rss_peak_bytes=109019136
[measure] op=reserve-finalize count=1027 us=9945 rss_peak_bytes=109019136
[measure] op=delete count=1027 us=5510 rss_peak_bytes=109019136
[measure] op=reserve-finalize count=1028 us=9728 rss_peak_bytes=109019136
[measure] op=delete count=1028 us=5285 rss_peak_bytes=109019136
[measure] op=reserve-finalize count=1029 us=9553 rss_peak_bytes=109019136
[measure] op=delete count=1029 us=5668 rss_peak_bytes=109019136
[measure] op=reserve-finalize count=1030 us=9911 rss_peak_bytes=109019136
[measure] op=delete count=1030 us=5437 rss_peak_bytes=109019136
[measure] op=reserve-finalize count=1031 us=10014 rss_peak_bytes=109019136
[measure] op=delete count=1031 us=5978 rss_peak_bytes=109019136
[measure] op=reserve-finalize count=1032 us=9606 rss_peak_bytes=109019136
[measure] op=delete count=1032 us=5414 rss_peak_bytes=109019136
[measure] op=reserve-finalize count=1033 us=9450 rss_peak_bytes=109019136
[measure] op=delete count=1033 us=5434 rss_peak_bytes=109019136
[measure] op=reserve-finalize count=1034 us=9981 rss_peak_bytes=109019136
[measure] op=delete count=1034 us=5492 rss_peak_bytes=109019136
[measure] op=reserve-finalize count=1035 us=9933 rss_peak_bytes=109035520
[measure] op=delete count=1035 us=5618 rss_peak_bytes=109035520
[measure] op=reserve-finalize count=1036 us=10155 rss_peak_bytes=109035520
[measure] op=delete count=1036 us=5579 rss_peak_bytes=109035520
[measure] op=reserve-finalize count=1037 us=9585 rss_peak_bytes=109035520
[measure] op=delete count=1037 us=5640 rss_peak_bytes=109035520
[measure] op=reserve-finalize count=1038 us=9717 rss_peak_bytes=109035520
[measure] op=delete count=1038 us=5242 rss_peak_bytes=109035520
[measure] op=reserve-finalize count=1039 us=9697 rss_peak_bytes=109035520
[measure] op=delete count=1039 us=5220 rss_peak_bytes=109035520
[measure] op=reserve-finalize count=1040 us=9428 rss_peak_bytes=109035520
[measure] op=delete count=1040 us=5265 rss_peak_bytes=109035520
[measure] op=reserve-finalize count=1041 us=9858 rss_peak_bytes=109035520
[measure] op=delete count=1041 us=5892 rss_peak_bytes=109035520
[measure] op=reserve-finalize count=1042 us=9699 rss_peak_bytes=109035520
[measure] op=delete count=1042 us=5535 rss_peak_bytes=109035520
[measure] op=reserve-finalize count=1043 us=9528 rss_peak_bytes=109035520
[measure] op=delete count=1043 us=5426 rss_peak_bytes=109051904
[measure] op=reserve-finalize count=1044 us=9844 rss_peak_bytes=109051904
[measure] op=delete count=1044 us=5460 rss_peak_bytes=109051904
[measure] op=reserve-finalize count=1045 us=9868 rss_peak_bytes=109051904
[measure] op=delete count=1045 us=5435 rss_peak_bytes=109068288
[measure] op=reserve-finalize count=1046 us=9919 rss_peak_bytes=109068288
[measure] op=delete count=1046 us=5819 rss_peak_bytes=109084672
[measure] op=reserve-finalize count=1047 us=9540 rss_peak_bytes=109084672
[measure] op=delete count=1047 us=5646 rss_peak_bytes=109101056
[measure] op=reserve-finalize count=1048 us=10028 rss_peak_bytes=109101056
[measure] op=delete count=1048 us=5727 rss_peak_bytes=109117440
[measure] op=reserve-finalize count=1049 us=9678 rss_peak_bytes=109133824
[measure] op=delete count=1049 us=5124 rss_peak_bytes=109133824
[measure] op=reserve-finalize count=1050 us=9466 rss_peak_bytes=109133824
[measure] op=delete count=1050 us=5289 rss_peak_bytes=109150208
[measure] op=reserve-finalize count=1051 us=9468 rss_peak_bytes=109150208
[measure] op=delete count=1051 us=5475 rss_peak_bytes=109150208
[measure] op=reserve-finalize count=1052 us=9532 rss_peak_bytes=109150208
[measure] op=delete count=1052 us=5332 rss_peak_bytes=109150208
[measure] op=reserve-finalize count=1053 us=9529 rss_peak_bytes=109150208
[measure] op=delete count=1053 us=5111 rss_peak_bytes=109166592
[measure] op=reserve-finalize count=1054 us=9397 rss_peak_bytes=109166592
[measure] op=delete count=1054 us=5060 rss_peak_bytes=109166592
[measure] op=reserve-finalize count=1055 us=9509 rss_peak_bytes=109166592
[measure] op=delete count=1055 us=5166 rss_peak_bytes=109166592
[measure] op=reserve-finalize count=1056 us=9504 rss_peak_bytes=109166592
[measure] op=delete count=1056 us=5445 rss_peak_bytes=109166592
[child] exit=0 signal=0
[measure] op=incremental-native-observe count=4224 us=874312 rss_peak_bytes=109166592
[measure] op=reserve-finalize count=1057 us=10497 rss_peak_bytes=109166592
[measure] op=delete count=1057 us=5326 rss_peak_bytes=109182976
[measure] op=reserve-finalize count=1058 us=10361 rss_peak_bytes=109182976
[measure] op=delete count=1058 us=5410 rss_peak_bytes=109182976
[measure] op=reserve-finalize count=1059 us=9751 rss_peak_bytes=109182976
[measure] op=delete count=1059 us=5524 rss_peak_bytes=109182976
[measure] op=reserve-finalize count=1060 us=9521 rss_peak_bytes=109182976
[measure] op=delete count=1060 us=5444 rss_peak_bytes=109199360
[measure] op=reserve-finalize count=1061 us=9528 rss_peak_bytes=109199360
[measure] op=delete count=1061 us=5194 rss_peak_bytes=109199360
[measure] op=reserve-finalize count=1062 us=9502 rss_peak_bytes=109199360
[measure] op=delete count=1062 us=5330 rss_peak_bytes=109215744
[measure] op=reserve-finalize count=1063 us=9514 rss_peak_bytes=109215744
[measure] op=delete count=1063 us=5244 rss_peak_bytes=109215744
[measure] op=reserve-finalize count=1064 us=9778 rss_peak_bytes=109215744
[measure] op=delete count=1064 us=5642 rss_peak_bytes=109215744
[measure] op=reserve-finalize count=1065 us=9628 rss_peak_bytes=109232128
[measure] op=delete count=1065 us=6211 rss_peak_bytes=109232128
[measure] op=reserve-finalize count=1066 us=10200 rss_peak_bytes=109232128
[measure] op=delete count=1066 us=5307 rss_peak_bytes=109232128
[measure] op=reserve-finalize count=1067 us=10058 rss_peak_bytes=109232128
[measure] op=delete count=1067 us=5211 rss_peak_bytes=109232128
[measure] op=reserve-finalize count=1068 us=9645 rss_peak_bytes=109232128
[measure] op=delete count=1068 us=5530 rss_peak_bytes=109248512
[measure] op=reserve-finalize count=1069 us=10160 rss_peak_bytes=109248512
[measure] op=delete count=1069 us=5323 rss_peak_bytes=109248512
[measure] op=reserve-finalize count=1070 us=10079 rss_peak_bytes=109264896
[measure] op=delete count=1070 us=5322 rss_peak_bytes=109264896
[measure] op=reserve-finalize count=1071 us=9627 rss_peak_bytes=109264896
[measure] op=delete count=1071 us=5263 rss_peak_bytes=109281280
[measure] op=reserve-finalize count=1072 us=9609 rss_peak_bytes=109281280
[measure] op=delete count=1072 us=5189 rss_peak_bytes=109281280
[measure] op=reserve-finalize count=1073 us=9443 rss_peak_bytes=109281280
[measure] op=delete count=1073 us=5174 rss_peak_bytes=109281280
[measure] op=reserve-finalize count=1074 us=9405 rss_peak_bytes=109281280
[measure] op=delete count=1074 us=5189 rss_peak_bytes=109281280
[measure] op=reserve-finalize count=1075 us=9428 rss_peak_bytes=109281280
[measure] op=delete count=1075 us=5261 rss_peak_bytes=109297664
[measure] op=reserve-finalize count=1076 us=9756 rss_peak_bytes=109297664
[measure] op=delete count=1076 us=357387 rss_peak_bytes=110166016
[measure] op=reserve-finalize count=1077 us=9569 rss_peak_bytes=110166016
[measure] op=delete count=1077 us=5298 rss_peak_bytes=110198784
[measure] op=reserve-finalize count=1078 us=9520 rss_peak_bytes=110198784
[measure] op=delete count=1078 us=5295 rss_peak_bytes=110198784
[measure] op=reserve-finalize count=1079 us=9541 rss_peak_bytes=110198784
[measure] op=delete count=1079 us=5235 rss_peak_bytes=110198784
[measure] op=reserve-finalize count=1080 us=9403 rss_peak_bytes=110198784
[measure] op=delete count=1080 us=5216 rss_peak_bytes=110198784
[measure] op=reserve-finalize count=1081 us=9668 rss_peak_bytes=110215168
[measure] op=delete count=1081 us=5264 rss_peak_bytes=110231552
[measure] op=reserve-finalize count=1082 us=9507 rss_peak_bytes=110231552
[measure] op=delete count=1082 us=5237 rss_peak_bytes=110231552
[measure] op=reserve-finalize count=1083 us=9956 rss_peak_bytes=110231552
[measure] op=delete count=1083 us=5347 rss_peak_bytes=110247936
[measure] op=reserve-finalize count=1084 us=9619 rss_peak_bytes=110247936
[measure] op=delete count=1084 us=5673 rss_peak_bytes=110247936
[measure] op=reserve-finalize count=1085 us=9537 rss_peak_bytes=110247936
[measure] op=delete count=1085 us=5216 rss_peak_bytes=110247936
[measure] op=reserve-finalize count=1086 us=9829 rss_peak_bytes=110264320
[measure] op=delete count=1086 us=5357 rss_peak_bytes=110264320
[measure] op=reserve-finalize count=1087 us=9773 rss_peak_bytes=110264320
[measure] op=delete count=1087 us=5456 rss_peak_bytes=110280704
[measure] op=reserve-finalize count=1088 us=9764 rss_peak_bytes=110280704
[measure] op=delete count=1088 us=5510 rss_peak_bytes=110280704
[child] exit=0 signal=0
[measure] op=incremental-native-observe count=4352 us=896138 rss_peak_bytes=110280704
[measure] op=reserve-finalize count=1089 us=10224 rss_peak_bytes=110280704
[measure] op=delete count=1089 us=5234 rss_peak_bytes=110280704
[measure] op=reserve-finalize count=1090 us=10126 rss_peak_bytes=110280704
[measure] op=delete count=1090 us=5363 rss_peak_bytes=110313472
[measure] op=reserve-finalize count=1091 us=9907 rss_peak_bytes=110313472
[measure] op=delete count=1091 us=5382 rss_peak_bytes=110313472
[measure] op=reserve-finalize count=1092 us=10190 rss_peak_bytes=110313472
[measure] op=delete count=1092 us=5506 rss_peak_bytes=110313472
[measure] op=reserve-finalize count=1093 us=9698 rss_peak_bytes=110329856
[measure] op=delete count=1093 us=5231 rss_peak_bytes=110329856
[measure] op=reserve-finalize count=1094 us=9504 rss_peak_bytes=110329856
[measure] op=delete count=1094 us=5164 rss_peak_bytes=110329856
[measure] op=reserve-finalize count=1095 us=9651 rss_peak_bytes=110346240
[measure] op=delete count=1095 us=5089 rss_peak_bytes=110346240
[measure] op=reserve-finalize count=1096 us=10048 rss_peak_bytes=110346240
[measure] op=delete count=1096 us=5247 rss_peak_bytes=110346240
[measure] op=reserve-finalize count=1097 us=9902 rss_peak_bytes=110346240
[measure] op=delete count=1097 us=5421 rss_peak_bytes=110362624
[measure] op=reserve-finalize count=1098 us=9803 rss_peak_bytes=110362624
[measure] op=delete count=1098 us=5251 rss_peak_bytes=110362624
[measure] op=reserve-finalize count=1099 us=9562 rss_peak_bytes=110362624
[measure] op=delete count=1099 us=5129 rss_peak_bytes=110362624
[measure] op=reserve-finalize count=1100 us=9472 rss_peak_bytes=110362624
[measure] op=delete count=1100 us=5098 rss_peak_bytes=110362624
[measure] op=reserve-finalize count=1101 us=9558 rss_peak_bytes=110379008
[measure] op=delete count=1101 us=5263 rss_peak_bytes=110379008
[measure] op=reserve-finalize count=1102 us=9552 rss_peak_bytes=110379008
[measure] op=delete count=1102 us=5356 rss_peak_bytes=110379008
[measure] op=reserve-finalize count=1103 us=9785 rss_peak_bytes=110379008
[measure] op=delete count=1103 us=5430 rss_peak_bytes=110395392
[measure] op=reserve-finalize count=1104 us=9495 rss_peak_bytes=110395392
[measure] op=delete count=1104 us=5282 rss_peak_bytes=110395392
[measure] op=reserve-finalize count=1105 us=9668 rss_peak_bytes=110395392
[measure] op=delete count=1105 us=5278 rss_peak_bytes=110411776
[measure] op=reserve-finalize count=1106 us=9593 rss_peak_bytes=110411776
[measure] op=delete count=1106 us=5167 rss_peak_bytes=110411776
[measure] op=reserve-finalize count=1107 us=9541 rss_peak_bytes=110411776
[measure] op=delete count=1107 us=5242 rss_peak_bytes=110411776
[measure] op=reserve-finalize count=1108 us=9415 rss_peak_bytes=110411776
[measure] op=delete count=1108 us=5201 rss_peak_bytes=110428160
[measure] op=reserve-finalize count=1109 us=9511 rss_peak_bytes=110428160
[measure] op=delete count=1109 us=5586 rss_peak_bytes=110444544
[measure] op=reserve-finalize count=1110 us=10007 rss_peak_bytes=110444544
[measure] op=delete count=1110 us=5610 rss_peak_bytes=110444544
[measure] op=reserve-finalize count=1111 us=9891 rss_peak_bytes=110444544
[measure] op=delete count=1111 us=5700 rss_peak_bytes=110444544
[measure] op=reserve-finalize count=1112 us=9666 rss_peak_bytes=110444544
[measure] op=delete count=1112 us=5685 rss_peak_bytes=110444544
[measure] op=reserve-finalize count=1113 us=9709 rss_peak_bytes=110477312
[measure] op=delete count=1113 us=5157 rss_peak_bytes=110477312
[measure] op=reserve-finalize count=1114 us=9327 rss_peak_bytes=110477312
[measure] op=delete count=1114 us=5160 rss_peak_bytes=110477312
[measure] op=reserve-finalize count=1115 us=9336 rss_peak_bytes=110477312
[measure] op=delete count=1115 us=5318 rss_peak_bytes=110477312
[measure] op=reserve-finalize count=1116 us=9793 rss_peak_bytes=110477312
[measure] op=delete count=1116 us=5269 rss_peak_bytes=110493696
[measure] op=reserve-finalize count=1117 us=9436 rss_peak_bytes=110493696
[measure] op=delete count=1117 us=5165 rss_peak_bytes=110493696
[measure] op=reserve-finalize count=1118 us=9591 rss_peak_bytes=110493696
[measure] op=delete count=1118 us=5207 rss_peak_bytes=110493696
[measure] op=reserve-finalize count=1119 us=9479 rss_peak_bytes=110510080
[measure] op=delete count=1119 us=5141 rss_peak_bytes=110510080
[measure] op=reserve-finalize count=1120 us=9755 rss_peak_bytes=110510080
[measure] op=delete count=1120 us=5009 rss_peak_bytes=110510080
[child] exit=0 signal=0
[measure] op=incremental-native-observe count=4480 us=921372 rss_peak_bytes=110510080
[measure] op=reserve-finalize count=1121 us=10173 rss_peak_bytes=110510080
[measure] op=delete count=1121 us=5336 rss_peak_bytes=110526464
[measure] op=reserve-finalize count=1122 us=9969 rss_peak_bytes=110526464
[measure] op=delete count=1122 us=5407 rss_peak_bytes=110526464
[measure] op=reserve-finalize count=1123 us=9676 rss_peak_bytes=110526464
[measure] op=delete count=1123 us=5308 rss_peak_bytes=110526464
[measure] op=reserve-finalize count=1124 us=9759 rss_peak_bytes=110526464
[measure] op=delete count=1124 us=5381 rss_peak_bytes=110526464
[measure] op=reserve-finalize count=1125 us=9572 rss_peak_bytes=110542848
[measure] op=delete count=1125 us=5197 rss_peak_bytes=110542848
[measure] op=reserve-finalize count=1126 us=9431 rss_peak_bytes=110542848
[measure] op=delete count=1126 us=5247 rss_peak_bytes=110559232
[measure] op=reserve-finalize count=1127 us=9697 rss_peak_bytes=110559232
[measure] op=delete count=1127 us=5279 rss_peak_bytes=110559232
[measure] op=reserve-finalize count=1128 us=9789 rss_peak_bytes=110559232
[measure] op=delete count=1128 us=5134 rss_peak_bytes=110575616
[measure] op=reserve-finalize count=1129 us=9607 rss_peak_bytes=110575616
[measure] op=delete count=1129 us=5137 rss_peak_bytes=110575616
[measure] op=reserve-finalize count=1130 us=9420 rss_peak_bytes=110575616
[measure] op=delete count=1130 us=5240 rss_peak_bytes=110575616
[measure] op=reserve-finalize count=1131 us=9451 rss_peak_bytes=110575616
[measure] op=delete count=1131 us=5358 rss_peak_bytes=110592000
[measure] op=reserve-finalize count=1132 us=9852 rss_peak_bytes=110592000
[measure] op=delete count=1132 us=370159 rss_peak_bytes=111575040
[measure] op=reserve-finalize count=1133 us=9612 rss_peak_bytes=111575040
[measure] op=delete count=1133 us=5370 rss_peak_bytes=111575040
[measure] op=reserve-finalize count=1134 us=9808 rss_peak_bytes=111575040
[measure] op=delete count=1134 us=5300 rss_peak_bytes=111591424
[measure] op=reserve-finalize count=1135 us=9693 rss_peak_bytes=111591424
[measure] op=delete count=1135 us=5513 rss_peak_bytes=111591424
[measure] op=reserve-finalize count=1136 us=9418 rss_peak_bytes=111591424
[measure] op=delete count=1136 us=5161 rss_peak_bytes=111591424
[measure] op=reserve-finalize count=1137 us=9609 rss_peak_bytes=111607808
[measure] op=delete count=1137 us=5116 rss_peak_bytes=111624192
[measure] op=reserve-finalize count=1138 us=9625 rss_peak_bytes=111624192
[measure] op=delete count=1138 us=5160 rss_peak_bytes=111624192
[measure] op=reserve-finalize count=1139 us=9556 rss_peak_bytes=111624192
[measure] op=delete count=1139 us=5141 rss_peak_bytes=111624192
[measure] op=reserve-finalize count=1140 us=9514 rss_peak_bytes=111624192
[measure] op=delete count=1140 us=5459 rss_peak_bytes=111640576
[measure] op=reserve-finalize count=1141 us=9639 rss_peak_bytes=111640576
[measure] op=delete count=1141 us=5166 rss_peak_bytes=111656960
[measure] op=reserve-finalize count=1142 us=9720 rss_peak_bytes=111656960
[measure] op=delete count=1142 us=5328 rss_peak_bytes=111656960
[measure] op=reserve-finalize count=1143 us=9370 rss_peak_bytes=111656960
[measure] op=delete count=1143 us=5106 rss_peak_bytes=111673344
[measure] op=reserve-finalize count=1144 us=9445 rss_peak_bytes=111673344
[measure] op=delete count=1144 us=5139 rss_peak_bytes=111673344
[measure] op=reserve-finalize count=1145 us=9456 rss_peak_bytes=111689728
[measure] op=delete count=1145 us=5351 rss_peak_bytes=111689728
[measure] op=reserve-finalize count=1146 us=9579 rss_peak_bytes=111689728
[measure] op=delete count=1146 us=5169 rss_peak_bytes=111706112
[measure] op=reserve-finalize count=1147 us=9631 rss_peak_bytes=111706112
[measure] op=delete count=1147 us=5236 rss_peak_bytes=111706112
[measure] op=reserve-finalize count=1148 us=9699 rss_peak_bytes=111706112
[measure] op=delete count=1148 us=5252 rss_peak_bytes=111722496
[measure] op=reserve-finalize count=1149 us=9844 rss_peak_bytes=111738880
[measure] op=delete count=1149 us=5116 rss_peak_bytes=111738880
[measure] op=reserve-finalize count=1150 us=9588 rss_peak_bytes=111738880
[measure] op=delete count=1150 us=5071 rss_peak_bytes=111755264
[measure] op=reserve-finalize count=1151 us=9806 rss_peak_bytes=111755264
[measure] op=delete count=1151 us=5170 rss_peak_bytes=111755264
[measure] op=reserve-finalize count=1152 us=10056 rss_peak_bytes=111755264
[measure] op=delete count=1152 us=5232 rss_peak_bytes=111755264
[child] exit=0 signal=0
[measure] op=incremental-native-observe count=4608 us=937547 rss_peak_bytes=111755264
[measure] op=reserve-finalize count=1153 us=10319 rss_peak_bytes=111755264
[measure] op=delete count=1153 us=5834 rss_peak_bytes=111755264
[measure] op=reserve-finalize count=1154 us=9786 rss_peak_bytes=111755264
[measure] op=delete count=1154 us=5598 rss_peak_bytes=111771648
[measure] op=reserve-finalize count=1155 us=9712 rss_peak_bytes=111771648
[measure] op=delete count=1155 us=5543 rss_peak_bytes=111771648
[measure] op=reserve-finalize count=1156 us=9888 rss_peak_bytes=111771648
[measure] op=delete count=1156 us=5217 rss_peak_bytes=111771648
[measure] op=reserve-finalize count=1157 us=9558 rss_peak_bytes=111771648
[measure] op=delete count=1157 us=5676 rss_peak_bytes=111788032
[measure] op=reserve-finalize count=1158 us=9417 rss_peak_bytes=111788032
[measure] op=delete count=1158 us=5077 rss_peak_bytes=111788032
[measure] op=reserve-finalize count=1159 us=9490 rss_peak_bytes=111788032
[measure] op=delete count=1159 us=5603 rss_peak_bytes=111788032
[measure] op=reserve-finalize count=1160 us=9533 rss_peak_bytes=111788032
[measure] op=delete count=1160 us=5621 rss_peak_bytes=111788032
[measure] op=reserve-finalize count=1161 us=9609 rss_peak_bytes=111804416
[measure] op=delete count=1161 us=5244 rss_peak_bytes=111804416
[measure] op=reserve-finalize count=1162 us=9883 rss_peak_bytes=111804416
[measure] op=delete count=1162 us=5231 rss_peak_bytes=111820800
[measure] op=reserve-finalize count=1163 us=9396 rss_peak_bytes=111820800
[measure] op=delete count=1163 us=5329 rss_peak_bytes=111820800
[measure] op=reserve-finalize count=1164 us=9375 rss_peak_bytes=111820800
[measure] op=delete count=1164 us=5356 rss_peak_bytes=111820800
[measure] op=reserve-finalize count=1165 us=9393 rss_peak_bytes=111820800
[measure] op=delete count=1165 us=5188 rss_peak_bytes=111837184
[measure] op=reserve-finalize count=1166 us=9740 rss_peak_bytes=111837184
[measure] op=delete count=1166 us=5153 rss_peak_bytes=111837184
[measure] op=reserve-finalize count=1167 us=9918 rss_peak_bytes=111837184
[measure] op=delete count=1167 us=5349 rss_peak_bytes=111837184
[measure] op=reserve-finalize count=1168 us=9943 rss_peak_bytes=111837184
[measure] op=delete count=1168 us=5305 rss_peak_bytes=111853568
[measure] op=reserve-finalize count=1169 us=10401 rss_peak_bytes=111853568
[measure] op=delete count=1169 us=5348 rss_peak_bytes=111853568
[measure] op=reserve-finalize count=1170 us=9787 rss_peak_bytes=111853568
[measure] op=delete count=1170 us=5333 rss_peak_bytes=111853568
[measure] op=reserve-finalize count=1171 us=9719 rss_peak_bytes=111853568
[measure] op=delete count=1171 us=5255 rss_peak_bytes=111869952
[measure] op=reserve-finalize count=1172 us=9754 rss_peak_bytes=111869952
[measure] op=delete count=1172 us=5132 rss_peak_bytes=111869952
[measure] op=reserve-finalize count=1173 us=10071 rss_peak_bytes=111869952
[measure] op=delete count=1173 us=5155 rss_peak_bytes=111902720
[measure] op=reserve-finalize count=1174 us=9503 rss_peak_bytes=111902720
[measure] op=delete count=1174 us=5079 rss_peak_bytes=111902720
[measure] op=reserve-finalize count=1175 us=9532 rss_peak_bytes=111902720
[measure] op=delete count=1175 us=5159 rss_peak_bytes=111919104
[measure] op=reserve-finalize count=1176 us=9506 rss_peak_bytes=111919104
[measure] op=delete count=1176 us=5402 rss_peak_bytes=111935488
[measure] op=reserve-finalize count=1177 us=9559 rss_peak_bytes=111951872
[measure] op=delete count=1177 us=5487 rss_peak_bytes=111951872
[measure] op=reserve-finalize count=1178 us=10076 rss_peak_bytes=111951872
[measure] op=delete count=1178 us=5172 rss_peak_bytes=111968256
[measure] op=reserve-finalize count=1179 us=11281 rss_peak_bytes=111968256
[measure] op=delete count=1179 us=5260 rss_peak_bytes=111968256
[measure] op=reserve-finalize count=1180 us=9897 rss_peak_bytes=111968256
[measure] op=delete count=1180 us=5212 rss_peak_bytes=111968256
[measure] op=reserve-finalize count=1181 us=9861 rss_peak_bytes=111968256
[measure] op=delete count=1181 us=5337 rss_peak_bytes=111984640
[measure] op=reserve-finalize count=1182 us=9447 rss_peak_bytes=111984640
[measure] op=delete count=1182 us=5160 rss_peak_bytes=111984640
[measure] op=reserve-finalize count=1183 us=9553 rss_peak_bytes=111984640
[measure] op=delete count=1183 us=5257 rss_peak_bytes=111984640
[measure] op=reserve-finalize count=1184 us=9780 rss_peak_bytes=111984640
[measure] op=delete count=1184 us=5313 rss_peak_bytes=112001024
[child] exit=0 signal=0
[measure] op=incremental-native-observe count=4736 us=959434 rss_peak_bytes=112001024
[measure] op=reserve-finalize count=1185 us=10240 rss_peak_bytes=112001024
[measure] op=delete count=1185 us=5345 rss_peak_bytes=112001024
[measure] op=reserve-finalize count=1186 us=9872 rss_peak_bytes=112001024
[measure] op=delete count=1186 us=5066 rss_peak_bytes=112001024
[measure] op=reserve-finalize count=1187 us=9889 rss_peak_bytes=112001024
[measure] op=delete count=1187 us=5202 rss_peak_bytes=112001024
[measure] op=reserve-finalize count=1188 us=9833 rss_peak_bytes=112001024
[measure] op=delete count=1188 us=389015 rss_peak_bytes=112001024
[measure] op=reserve-finalize count=1189 us=9582 rss_peak_bytes=112001024
[measure] op=delete count=1189 us=5260 rss_peak_bytes=112001024
[measure] op=reserve-finalize count=1190 us=9584 rss_peak_bytes=112001024
[measure] op=delete count=1190 us=5115 rss_peak_bytes=112001024
[measure] op=reserve-finalize count=1191 us=9466 rss_peak_bytes=112001024
[measure] op=delete count=1191 us=5057 rss_peak_bytes=112001024
[measure] op=reserve-finalize count=1192 us=9424 rss_peak_bytes=112001024
[measure] op=delete count=1192 us=5128 rss_peak_bytes=112001024
[measure] op=reserve-finalize count=1193 us=9441 rss_peak_bytes=112001024
[measure] op=delete count=1193 us=5240 rss_peak_bytes=112001024
[measure] op=reserve-finalize count=1194 us=9674 rss_peak_bytes=112001024
[measure] op=delete count=1194 us=5247 rss_peak_bytes=112001024
[measure] op=reserve-finalize count=1195 us=9811 rss_peak_bytes=112001024
[measure] op=delete count=1195 us=5148 rss_peak_bytes=112001024
[measure] op=reserve-finalize count=1196 us=9681 rss_peak_bytes=112001024
[measure] op=delete count=1196 us=5395 rss_peak_bytes=112001024
[measure] op=reserve-finalize count=1197 us=9567 rss_peak_bytes=112001024
[measure] op=delete count=1197 us=5129 rss_peak_bytes=112001024
[measure] op=reserve-finalize count=1198 us=9711 rss_peak_bytes=112001024
[measure] op=delete count=1198 us=5117 rss_peak_bytes=112001024
[measure] op=reserve-finalize count=1199 us=9387 rss_peak_bytes=112001024
[measure] op=delete count=1199 us=5084 rss_peak_bytes=112001024
[measure] op=reserve-finalize count=1200 us=10022 rss_peak_bytes=112001024
[measure] op=delete count=1200 us=5543 rss_peak_bytes=112001024
[measure] op=reserve-finalize count=1201 us=9835 rss_peak_bytes=112001024
[measure] op=delete count=1201 us=5162 rss_peak_bytes=112001024
[measure] op=reserve-finalize count=1202 us=9398 rss_peak_bytes=112001024
[measure] op=delete count=1202 us=5093 rss_peak_bytes=112001024
[measure] op=reserve-finalize count=1203 us=9571 rss_peak_bytes=112001024
[measure] op=delete count=1203 us=5114 rss_peak_bytes=112001024
[measure] op=reserve-finalize count=1204 us=9853 rss_peak_bytes=112001024
[measure] op=delete count=1204 us=5462 rss_peak_bytes=112001024
[measure] op=reserve-finalize count=1205 us=9744 rss_peak_bytes=112001024
[measure] op=delete count=1205 us=5490 rss_peak_bytes=112001024
[measure] op=reserve-finalize count=1206 us=9734 rss_peak_bytes=112001024
[measure] op=delete count=1206 us=5154 rss_peak_bytes=112001024
[measure] op=reserve-finalize count=1207 us=9951 rss_peak_bytes=112001024
[measure] op=delete count=1207 us=5231 rss_peak_bytes=112001024
[measure] op=reserve-finalize count=1208 us=9411 rss_peak_bytes=112001024
[measure] op=delete count=1208 us=5252 rss_peak_bytes=112001024
[measure] op=reserve-finalize count=1209 us=9502 rss_peak_bytes=112001024
[measure] op=delete count=1209 us=5083 rss_peak_bytes=112001024
[measure] op=reserve-finalize count=1210 us=9539 rss_peak_bytes=112001024
[measure] op=delete count=1210 us=5103 rss_peak_bytes=112001024
[measure] op=reserve-finalize count=1211 us=9596 rss_peak_bytes=112001024
[measure] op=delete count=1211 us=5242 rss_peak_bytes=112001024
[measure] op=reserve-finalize count=1212 us=10010 rss_peak_bytes=112001024
[measure] op=delete count=1212 us=5363 rss_peak_bytes=112001024
[measure] op=reserve-finalize count=1213 us=9732 rss_peak_bytes=112001024
[measure] op=delete count=1213 us=5105 rss_peak_bytes=112001024
[measure] op=reserve-finalize count=1214 us=9887 rss_peak_bytes=112001024
[measure] op=delete count=1214 us=5107 rss_peak_bytes=112001024
[measure] op=reserve-finalize count=1215 us=9625 rss_peak_bytes=112001024
[measure] op=delete count=1215 us=5053 rss_peak_bytes=112001024
[measure] op=reserve-finalize count=1216 us=9564 rss_peak_bytes=112001024
[measure] op=delete count=1216 us=5215 rss_peak_bytes=112001024
[child] exit=0 signal=0
[measure] op=incremental-native-observe count=4864 us=978523 rss_peak_bytes=112001024
[measure] op=reserve-finalize count=1217 us=10206 rss_peak_bytes=112001024
[measure] op=delete count=1217 us=5833 rss_peak_bytes=112001024
[measure] op=reserve-finalize count=1218 us=9728 rss_peak_bytes=112001024
[measure] op=delete count=1218 us=5667 rss_peak_bytes=112001024
[measure] op=reserve-finalize count=1219 us=9563 rss_peak_bytes=112001024
[measure] op=delete count=1219 us=5212 rss_peak_bytes=112001024
[measure] op=reserve-finalize count=1220 us=9733 rss_peak_bytes=112001024
[measure] op=delete count=1220 us=5255 rss_peak_bytes=112001024
[measure] op=reserve-finalize count=1221 us=9570 rss_peak_bytes=112001024
[measure] op=delete count=1221 us=5059 rss_peak_bytes=112001024
[measure] op=reserve-finalize count=1222 us=9566 rss_peak_bytes=112001024
[measure] op=delete count=1222 us=5219 rss_peak_bytes=112001024
[measure] op=reserve-finalize count=1223 us=9785 rss_peak_bytes=112001024
[measure] op=delete count=1223 us=5194 rss_peak_bytes=112001024
[measure] op=reserve-finalize count=1224 us=9493 rss_peak_bytes=112001024
[measure] op=delete count=1224 us=5168 rss_peak_bytes=112001024
[measure] op=reserve-finalize count=1225 us=9553 rss_peak_bytes=112001024
[measure] op=delete count=1225 us=5144 rss_peak_bytes=112001024
[measure] op=reserve-finalize count=1226 us=9467 rss_peak_bytes=112001024
[measure] op=delete count=1226 us=5160 rss_peak_bytes=112001024
[measure] op=reserve-finalize count=1227 us=9539 rss_peak_bytes=112001024
[measure] op=delete count=1227 us=5033 rss_peak_bytes=112001024
[measure] op=reserve-finalize count=1228 us=9428 rss_peak_bytes=112001024
[measure] op=delete count=1228 us=5232 rss_peak_bytes=112001024
[measure] op=reserve-finalize count=1229 us=9574 rss_peak_bytes=112001024
[measure] op=delete count=1229 us=5163 rss_peak_bytes=112001024
[measure] op=reserve-finalize count=1230 us=9676 rss_peak_bytes=112001024
[measure] op=delete count=1230 us=5121 rss_peak_bytes=112001024
[measure] op=reserve-finalize count=1231 us=9640 rss_peak_bytes=112001024
[measure] op=delete count=1231 us=5110 rss_peak_bytes=112001024
[measure] op=reserve-finalize count=1232 us=9457 rss_peak_bytes=112001024
[measure] op=delete count=1232 us=5309 rss_peak_bytes=112001024
[measure] op=reserve-finalize count=1233 us=9539 rss_peak_bytes=112001024
[measure] op=delete count=1233 us=5091 rss_peak_bytes=112001024
[measure] op=reserve-finalize count=1234 us=9431 rss_peak_bytes=112001024
[measure] op=delete count=1234 us=5360 rss_peak_bytes=112001024
[measure] op=reserve-finalize count=1235 us=9483 rss_peak_bytes=112001024
[measure] op=delete count=1235 us=5173 rss_peak_bytes=112001024
[measure] op=reserve-finalize count=1236 us=9586 rss_peak_bytes=112001024
[measure] op=delete count=1236 us=5540 rss_peak_bytes=112001024
[measure] op=reserve-finalize count=1237 us=9703 rss_peak_bytes=112001024
[measure] op=delete count=1237 us=5201 rss_peak_bytes=112001024
[measure] op=reserve-finalize count=1238 us=9920 rss_peak_bytes=112001024
[measure] op=delete count=1238 us=5159 rss_peak_bytes=112001024
[measure] op=reserve-finalize count=1239 us=9501 rss_peak_bytes=112001024
[measure] op=delete count=1239 us=5092 rss_peak_bytes=112001024
[measure] op=reserve-finalize count=1240 us=9402 rss_peak_bytes=112001024
[measure] op=delete count=1240 us=5132 rss_peak_bytes=112001024
[measure] op=reserve-finalize count=1241 us=9582 rss_peak_bytes=112001024
[measure] op=delete count=1241 us=5112 rss_peak_bytes=112001024
[measure] op=reserve-finalize count=1242 us=10245 rss_peak_bytes=112001024
[measure] op=delete count=1242 us=5298 rss_peak_bytes=112001024
[measure] op=reserve-finalize count=1243 us=10035 rss_peak_bytes=112001024
[measure] op=delete count=1243 us=5248 rss_peak_bytes=112001024
[measure] op=reserve-finalize count=1244 us=9605 rss_peak_bytes=112001024
[measure] op=delete count=1244 us=406731 rss_peak_bytes=112001024
[measure] op=reserve-finalize count=1245 us=9618 rss_peak_bytes=112001024
[measure] op=delete count=1245 us=5378 rss_peak_bytes=112001024
[measure] op=reserve-finalize count=1246 us=9509 rss_peak_bytes=112001024
[measure] op=delete count=1246 us=5229 rss_peak_bytes=112001024
[measure] op=reserve-finalize count=1247 us=9576 rss_peak_bytes=112001024
[measure] op=delete count=1247 us=5135 rss_peak_bytes=112001024
[measure] op=reserve-finalize count=1248 us=9814 rss_peak_bytes=112001024
[measure] op=delete count=1248 us=5188 rss_peak_bytes=112001024
[child] exit=0 signal=0
[measure] op=incremental-native-observe count=4992 us=1001173 rss_peak_bytes=112001024
[measure] op=reserve-finalize count=1249 us=9941 rss_peak_bytes=112001024
[measure] op=delete count=1249 us=5348 rss_peak_bytes=112001024
[measure] op=reserve-finalize count=1250 us=10020 rss_peak_bytes=112001024
[measure] op=delete count=1250 us=5284 rss_peak_bytes=112001024
[measure] op=reserve-finalize count=1251 us=9897 rss_peak_bytes=112001024
[measure] op=delete count=1251 us=5214 rss_peak_bytes=112001024
[measure] op=reserve-finalize count=1252 us=9828 rss_peak_bytes=112001024
[measure] op=delete count=1252 us=5262 rss_peak_bytes=112001024
[measure] op=reserve-finalize count=1253 us=9527 rss_peak_bytes=112001024
[measure] op=delete count=1253 us=5082 rss_peak_bytes=112001024
[measure] op=reserve-finalize count=1254 us=9603 rss_peak_bytes=112001024
[measure] op=delete count=1254 us=5094 rss_peak_bytes=112001024
[measure] op=reserve-finalize count=1255 us=9813 rss_peak_bytes=112001024
[measure] op=delete count=1255 us=5248 rss_peak_bytes=112001024
[measure] op=reserve-finalize count=1256 us=9919 rss_peak_bytes=112001024
[measure] op=delete count=1256 us=5437 rss_peak_bytes=112001024
[measure] op=reserve-finalize count=1257 us=9774 rss_peak_bytes=112001024
[measure] op=delete count=1257 us=5223 rss_peak_bytes=112001024
[measure] op=reserve-finalize count=1258 us=9400 rss_peak_bytes=112001024
[measure] op=delete count=1258 us=5050 rss_peak_bytes=112001024
[measure] op=reserve-finalize count=1259 us=9369 rss_peak_bytes=112001024
[measure] op=delete count=1259 us=5135 rss_peak_bytes=112001024
[measure] op=reserve-finalize count=1260 us=9498 rss_peak_bytes=112001024
[measure] op=delete count=1260 us=5139 rss_peak_bytes=112001024
[measure] op=reserve-finalize count=1261 us=9412 rss_peak_bytes=112001024
[measure] op=delete count=1261 us=5154 rss_peak_bytes=112001024
[measure] op=reserve-finalize count=1262 us=9675 rss_peak_bytes=112001024
[measure] op=delete count=1262 us=5303 rss_peak_bytes=112001024
[measure] op=reserve-finalize count=1263 us=9710 rss_peak_bytes=112001024
[measure] op=delete count=1263 us=5152 rss_peak_bytes=112001024
[measure] op=reserve-finalize count=1264 us=9725 rss_peak_bytes=112001024
[measure] op=delete count=1264 us=5242 rss_peak_bytes=112001024
[measure] op=reserve-finalize count=1265 us=9297 rss_peak_bytes=112001024
[measure] op=delete count=1265 us=5244 rss_peak_bytes=112001024
[measure] op=reserve-finalize count=1266 us=9516 rss_peak_bytes=112001024
[measure] op=delete count=1266 us=5190 rss_peak_bytes=112001024
[measure] op=reserve-finalize count=1267 us=9526 rss_peak_bytes=112001024
[measure] op=delete count=1267 us=5623 rss_peak_bytes=112001024
[measure] op=reserve-finalize count=1268 us=9609 rss_peak_bytes=112001024
[measure] op=delete count=1268 us=5334 rss_peak_bytes=112001024
[measure] op=reserve-finalize count=1269 us=10047 rss_peak_bytes=112001024
[measure] op=delete count=1269 us=5131 rss_peak_bytes=112001024
[measure] op=reserve-finalize count=1270 us=9894 rss_peak_bytes=112001024
[measure] op=delete count=1270 us=5116 rss_peak_bytes=112001024
[measure] op=reserve-finalize count=1271 us=9571 rss_peak_bytes=112001024
[measure] op=delete count=1271 us=5212 rss_peak_bytes=112001024
[measure] op=reserve-finalize count=1272 us=9429 rss_peak_bytes=112001024
[measure] op=delete count=1272 us=5102 rss_peak_bytes=112001024
[measure] op=reserve-finalize count=1273 us=9629 rss_peak_bytes=112001024
[measure] op=delete count=1273 us=5230 rss_peak_bytes=112001024
[measure] op=reserve-finalize count=1274 us=10072 rss_peak_bytes=112001024
[measure] op=delete count=1274 us=5442 rss_peak_bytes=112001024
[measure] op=reserve-finalize count=1275 us=10548 rss_peak_bytes=112001024
[measure] op=delete count=1275 us=5280 rss_peak_bytes=112001024
[measure] op=reserve-finalize count=1276 us=9649 rss_peak_bytes=112001024
[measure] op=delete count=1276 us=5254 rss_peak_bytes=112001024
[measure] op=reserve-finalize count=1277 us=9444 rss_peak_bytes=112001024
[measure] op=delete count=1277 us=5095 rss_peak_bytes=112001024
[measure] op=reserve-finalize count=1278 us=9541 rss_peak_bytes=112001024
[measure] op=delete count=1278 us=5239 rss_peak_bytes=112001024
[measure] op=reserve-finalize count=1279 us=9700 rss_peak_bytes=112001024
[measure] op=delete count=1279 us=5361 rss_peak_bytes=112001024
[measure] op=reserve-finalize count=1280 us=9678 rss_peak_bytes=112001024
[measure] op=delete count=1280 us=5546 rss_peak_bytes=112001024
[child] exit=0 signal=0
[measure] op=incremental-native-observe count=5120 us=1023134 rss_peak_bytes=112001024
[measure] op=reserve-finalize count=1281 us=9847 rss_peak_bytes=112001024
[measure] op=delete count=1281 us=5265 rss_peak_bytes=112001024
[measure] op=reserve-finalize count=1282 us=9511 rss_peak_bytes=112001024
[measure] op=delete count=1282 us=5236 rss_peak_bytes=112001024
[measure] op=reserve-finalize count=1283 us=9439 rss_peak_bytes=112001024
[measure] op=delete count=1283 us=5205 rss_peak_bytes=112001024
[measure] op=reserve-finalize count=1284 us=9805 rss_peak_bytes=112001024
[measure] op=delete count=1284 us=5730 rss_peak_bytes=112001024
[measure] op=reserve-finalize count=1285 us=9657 rss_peak_bytes=112001024
[measure] op=delete count=1285 us=5434 rss_peak_bytes=112001024
[measure] op=reserve-finalize count=1286 us=9598 rss_peak_bytes=112001024
[measure] op=delete count=1286 us=5141 rss_peak_bytes=112001024
[measure] op=reserve-finalize count=1287 us=9550 rss_peak_bytes=112001024
[measure] op=delete count=1287 us=5185 rss_peak_bytes=112001024
[measure] op=reserve-finalize count=1288 us=9513 rss_peak_bytes=112001024
[measure] op=delete count=1288 us=5178 rss_peak_bytes=112001024
[measure] op=reserve-finalize count=1289 us=10027 rss_peak_bytes=112001024
[measure] op=delete count=1289 us=5613 rss_peak_bytes=112001024
[measure] op=reserve-finalize count=1290 us=9759 rss_peak_bytes=112001024
[measure] op=delete count=1290 us=5445 rss_peak_bytes=112001024
[measure] op=reserve-finalize count=1291 us=9541 rss_peak_bytes=112001024
[measure] op=delete count=1291 us=5498 rss_peak_bytes=112001024
[measure] op=reserve-finalize count=1292 us=9649 rss_peak_bytes=112001024
[measure] op=delete count=1292 us=5215 rss_peak_bytes=112001024
[measure] op=reserve-finalize count=1293 us=9372 rss_peak_bytes=112001024
[measure] op=delete count=1293 us=5487 rss_peak_bytes=112001024
[measure] op=reserve-finalize count=1294 us=9484 rss_peak_bytes=112001024
[measure] op=delete count=1294 us=5205 rss_peak_bytes=112001024
[measure] op=reserve-finalize count=1295 us=9364 rss_peak_bytes=112001024
[measure] op=delete count=1295 us=5108 rss_peak_bytes=112001024
[measure] op=reserve-finalize count=1296 us=9601 rss_peak_bytes=112001024
[measure] op=delete count=1296 us=5073 rss_peak_bytes=112001024
[measure] op=reserve-finalize count=1297 us=9549 rss_peak_bytes=112001024
[measure] op=delete count=1297 us=5218 rss_peak_bytes=112001024
[measure] op=reserve-finalize count=1298 us=9866 rss_peak_bytes=112001024
[measure] op=delete count=1298 us=5173 rss_peak_bytes=112001024
[measure] op=reserve-finalize count=1299 us=9804 rss_peak_bytes=112001024
[measure] op=delete count=1299 us=5298 rss_peak_bytes=112001024
[measure] op=reserve-finalize count=1300 us=9477 rss_peak_bytes=112001024
[measure] op=delete count=1300 us=423230 rss_peak_bytes=112476160
[measure] op=reserve-finalize count=1301 us=10135 rss_peak_bytes=112476160
[measure] op=delete count=1301 us=5162 rss_peak_bytes=112492544
[measure] op=reserve-finalize count=1302 us=9467 rss_peak_bytes=112492544
[measure] op=delete count=1302 us=5341 rss_peak_bytes=112525312
[measure] op=reserve-finalize count=1303 us=10175 rss_peak_bytes=112525312
[measure] op=delete count=1303 us=5260 rss_peak_bytes=112525312
[measure] op=reserve-finalize count=1304 us=10054 rss_peak_bytes=112525312
[measure] op=delete count=1304 us=5256 rss_peak_bytes=112525312
[measure] op=reserve-finalize count=1305 us=9810 rss_peak_bytes=112558080
[measure] op=delete count=1305 us=5174 rss_peak_bytes=112558080
[measure] op=reserve-finalize count=1306 us=9689 rss_peak_bytes=112558080
[measure] op=delete count=1306 us=5264 rss_peak_bytes=112558080
[measure] op=reserve-finalize count=1307 us=9728 rss_peak_bytes=112558080
[measure] op=delete count=1307 us=5487 rss_peak_bytes=112558080
[measure] op=reserve-finalize count=1308 us=9843 rss_peak_bytes=112558080
[measure] op=delete count=1308 us=5305 rss_peak_bytes=112574464
[measure] op=reserve-finalize count=1309 us=9892 rss_peak_bytes=112574464
[measure] op=delete count=1309 us=5050 rss_peak_bytes=112574464
[measure] op=reserve-finalize count=1310 us=9569 rss_peak_bytes=112574464
[measure] op=delete count=1310 us=5313 rss_peak_bytes=112574464
[measure] op=reserve-finalize count=1311 us=9703 rss_peak_bytes=112590848
[measure] op=delete count=1311 us=5436 rss_peak_bytes=112590848
[measure] op=reserve-finalize count=1312 us=9809 rss_peak_bytes=112590848
[measure] op=delete count=1312 us=5624 rss_peak_bytes=112590848
[child] exit=0 signal=0
[measure] op=incremental-native-observe count=5248 us=1046878 rss_peak_bytes=112656384
[measure] op=reserve-finalize count=1313 us=10476 rss_peak_bytes=112656384
[measure] op=delete count=1313 us=5464 rss_peak_bytes=112656384
[measure] op=reserve-finalize count=1314 us=9774 rss_peak_bytes=112656384
[measure] op=delete count=1314 us=5308 rss_peak_bytes=112672768
[measure] op=reserve-finalize count=1315 us=9524 rss_peak_bytes=112672768
[measure] op=delete count=1315 us=5230 rss_peak_bytes=112672768
[measure] op=reserve-finalize count=1316 us=9503 rss_peak_bytes=112672768
[measure] op=delete count=1316 us=5300 rss_peak_bytes=112689152
[measure] op=reserve-finalize count=1317 us=9608 rss_peak_bytes=112689152
[measure] op=delete count=1317 us=5644 rss_peak_bytes=112689152
[measure] op=reserve-finalize count=1318 us=9863 rss_peak_bytes=112689152
[measure] op=delete count=1318 us=5584 rss_peak_bytes=112721920
[measure] op=reserve-finalize count=1319 us=9910 rss_peak_bytes=112721920
[measure] op=delete count=1319 us=5770 rss_peak_bytes=112721920
[measure] op=reserve-finalize count=1320 us=9778 rss_peak_bytes=112721920
[measure] op=delete count=1320 us=5630 rss_peak_bytes=112721920
[measure] op=reserve-finalize count=1321 us=9566 rss_peak_bytes=112721920
[measure] op=delete count=1321 us=5369 rss_peak_bytes=112738304
[measure] op=reserve-finalize count=1322 us=9548 rss_peak_bytes=112738304
[measure] op=delete count=1322 us=5219 rss_peak_bytes=112738304
[measure] op=reserve-finalize count=1323 us=9850 rss_peak_bytes=112738304
[measure] op=delete count=1323 us=5732 rss_peak_bytes=112738304
[measure] op=reserve-finalize count=1324 us=9931 rss_peak_bytes=112738304
[measure] op=delete count=1324 us=5686 rss_peak_bytes=112754688
[measure] op=reserve-finalize count=1325 us=9667 rss_peak_bytes=112754688
[measure] op=delete count=1325 us=5548 rss_peak_bytes=112754688
[measure] op=reserve-finalize count=1326 us=9696 rss_peak_bytes=112754688
[measure] op=delete count=1326 us=5130 rss_peak_bytes=112754688
[measure] op=reserve-finalize count=1327 us=9397 rss_peak_bytes=112754688
[measure] op=delete count=1327 us=5417 rss_peak_bytes=112771072
[measure] op=reserve-finalize count=1328 us=9487 rss_peak_bytes=112771072
[measure] op=delete count=1328 us=5231 rss_peak_bytes=112771072
[measure] op=reserve-finalize count=1329 us=9555 rss_peak_bytes=112771072
[measure] op=delete count=1329 us=5449 rss_peak_bytes=112787456
[measure] op=reserve-finalize count=1330 us=9721 rss_peak_bytes=112787456
[measure] op=delete count=1330 us=5570 rss_peak_bytes=112787456
[measure] op=reserve-finalize count=1331 us=9830 rss_peak_bytes=112787456
[measure] op=delete count=1331 us=5443 rss_peak_bytes=112787456
[measure] op=reserve-finalize count=1332 us=9857 rss_peak_bytes=112787456
[measure] op=delete count=1332 us=5253 rss_peak_bytes=112787456
[measure] op=reserve-finalize count=1333 us=9845 rss_peak_bytes=112787456
[measure] op=delete count=1333 us=5547 rss_peak_bytes=112820224
[measure] op=reserve-finalize count=1334 us=9462 rss_peak_bytes=112820224
[measure] op=delete count=1334 us=5080 rss_peak_bytes=112820224
[measure] op=reserve-finalize count=1335 us=9918 rss_peak_bytes=112820224
[measure] op=delete count=1335 us=5123 rss_peak_bytes=112820224
[measure] op=reserve-finalize count=1336 us=9759 rss_peak_bytes=112820224
[measure] op=delete count=1336 us=5294 rss_peak_bytes=112836608
[measure] op=reserve-finalize count=1337 us=10039 rss_peak_bytes=112852992
[measure] op=delete count=1337 us=5419 rss_peak_bytes=112852992
[measure] op=reserve-finalize count=1338 us=9941 rss_peak_bytes=112852992
[measure] op=delete count=1338 us=5143 rss_peak_bytes=112852992
[measure] op=reserve-finalize count=1339 us=9436 rss_peak_bytes=112852992
[measure] op=delete count=1339 us=5230 rss_peak_bytes=112869376
[measure] op=reserve-finalize count=1340 us=9612 rss_peak_bytes=112869376
[measure] op=delete count=1340 us=5360 rss_peak_bytes=112869376
[measure] op=reserve-finalize count=1341 us=9714 rss_peak_bytes=112885760
[measure] op=delete count=1341 us=5157 rss_peak_bytes=112885760
[measure] op=reserve-finalize count=1342 us=10032 rss_peak_bytes=112885760
[measure] op=delete count=1342 us=5138 rss_peak_bytes=112902144
[measure] op=reserve-finalize count=1343 us=9952 rss_peak_bytes=112902144
[measure] op=delete count=1343 us=5487 rss_peak_bytes=112902144
[measure] op=reserve-finalize count=1344 us=9690 rss_peak_bytes=112902144
[measure] op=delete count=1344 us=5254 rss_peak_bytes=112902144
[child] exit=0 signal=0
[measure] op=incremental-native-observe count=5376 us=1069798 rss_peak_bytes=112951296
[measure] op=reserve-finalize count=1345 us=10154 rss_peak_bytes=112951296
[measure] op=delete count=1345 us=5985 rss_peak_bytes=112984064
[measure] op=reserve-finalize count=1346 us=10106 rss_peak_bytes=112984064
[measure] op=delete count=1346 us=5537 rss_peak_bytes=112984064
[measure] op=reserve-finalize count=1347 us=9932 rss_peak_bytes=112984064
[measure] op=delete count=1347 us=5457 rss_peak_bytes=113000448
[measure] op=reserve-finalize count=1348 us=9589 rss_peak_bytes=113000448
[measure] op=delete count=1348 us=5210 rss_peak_bytes=113000448
[measure] op=reserve-finalize count=1349 us=9723 rss_peak_bytes=113000448
[measure] op=delete count=1349 us=5828 rss_peak_bytes=113016832
[measure] op=reserve-finalize count=1350 us=9947 rss_peak_bytes=113016832
[measure] op=delete count=1350 us=5340 rss_peak_bytes=113016832
[measure] op=reserve-finalize count=1351 us=9896 rss_peak_bytes=113016832
[measure] op=delete count=1351 us=5637 rss_peak_bytes=113016832
[measure] op=reserve-finalize count=1352 us=9776 rss_peak_bytes=113016832
[measure] op=delete count=1352 us=5616 rss_peak_bytes=113033216
[measure] op=reserve-finalize count=1353 us=9655 rss_peak_bytes=113033216
[measure] op=delete count=1353 us=5147 rss_peak_bytes=113033216
[measure] op=reserve-finalize count=1354 us=9477 rss_peak_bytes=113033216
[measure] op=delete count=1354 us=5203 rss_peak_bytes=113049600
[measure] op=reserve-finalize count=1355 us=9487 rss_peak_bytes=113049600
[measure] op=delete count=1355 us=5546 rss_peak_bytes=113049600
[measure] op=reserve-finalize count=1356 us=9861 rss_peak_bytes=113049600
[measure] op=delete count=1356 us=440321 rss_peak_bytes=113786880
[measure] op=reserve-finalize count=1357 us=9883 rss_peak_bytes=113786880
[measure] op=delete count=1357 us=5336 rss_peak_bytes=113803264
[measure] op=reserve-finalize count=1358 us=9558 rss_peak_bytes=113803264
[measure] op=delete count=1358 us=5173 rss_peak_bytes=113803264
[measure] op=reserve-finalize count=1359 us=9513 rss_peak_bytes=113803264
[measure] op=delete count=1359 us=5414 rss_peak_bytes=113836032
[measure] op=reserve-finalize count=1360 us=9466 rss_peak_bytes=113836032
[measure] op=delete count=1360 us=5154 rss_peak_bytes=113836032
[measure] op=reserve-finalize count=1361 us=9636 rss_peak_bytes=113836032
[measure] op=delete count=1361 us=5380 rss_peak_bytes=113836032
[measure] op=reserve-finalize count=1362 us=9682 rss_peak_bytes=113836032
[measure] op=delete count=1362 us=5504 rss_peak_bytes=113836032
[measure] op=reserve-finalize count=1363 us=9879 rss_peak_bytes=113836032
[measure] op=delete count=1363 us=5686 rss_peak_bytes=113852416
[measure] op=reserve-finalize count=1364 us=9948 rss_peak_bytes=113852416
[measure] op=delete count=1364 us=5415 rss_peak_bytes=113852416
[measure] op=reserve-finalize count=1365 us=9596 rss_peak_bytes=113852416
[measure] op=delete count=1365 us=5125 rss_peak_bytes=113868800
[measure] op=reserve-finalize count=1366 us=9415 rss_peak_bytes=113868800
[measure] op=delete count=1366 us=5177 rss_peak_bytes=113885184
[measure] op=reserve-finalize count=1367 us=9441 rss_peak_bytes=113885184
[measure] op=delete count=1367 us=5329 rss_peak_bytes=113885184
[measure] op=reserve-finalize count=1368 us=9527 rss_peak_bytes=113885184
[measure] op=delete count=1368 us=5402 rss_peak_bytes=113885184
[measure] op=reserve-finalize count=1369 us=9694 rss_peak_bytes=113901568
[measure] op=delete count=1369 us=5220 rss_peak_bytes=113901568
[measure] op=reserve-finalize count=1370 us=9501 rss_peak_bytes=113901568
[measure] op=delete count=1370 us=5040 rss_peak_bytes=113917952
[measure] op=reserve-finalize count=1371 us=9537 rss_peak_bytes=113917952
[measure] op=delete count=1371 us=5206 rss_peak_bytes=113934336
[measure] op=reserve-finalize count=1372 us=9501 rss_peak_bytes=113934336
[measure] op=delete count=1372 us=5310 rss_peak_bytes=113934336
[measure] op=reserve-finalize count=1373 us=9377 rss_peak_bytes=113934336
[measure] op=delete count=1373 us=5291 rss_peak_bytes=113934336
[measure] op=reserve-finalize count=1374 us=10125 rss_peak_bytes=113934336
[measure] op=delete count=1374 us=5181 rss_peak_bytes=113950720
[measure] op=reserve-finalize count=1375 us=9725 rss_peak_bytes=113950720
[measure] op=delete count=1375 us=5111 rss_peak_bytes=113950720
[measure] op=reserve-finalize count=1376 us=9657 rss_peak_bytes=113950720
[measure] op=delete count=1376 us=5203 rss_peak_bytes=113950720
[child] exit=0 signal=0
[measure] op=incremental-native-observe count=5504 us=1090004 rss_peak_bytes=113950720
[measure] op=reserve-finalize count=1377 us=9942 rss_peak_bytes=113950720
[measure] op=delete count=1377 us=5321 rss_peak_bytes=113950720
[measure] op=reserve-finalize count=1378 us=9750 rss_peak_bytes=113950720
[measure] op=delete count=1378 us=5426 rss_peak_bytes=113950720
[measure] op=reserve-finalize count=1379 us=9949 rss_peak_bytes=113950720
[measure] op=delete count=1379 us=5722 rss_peak_bytes=113950720
[measure] op=reserve-finalize count=1380 us=9533 rss_peak_bytes=113950720
[measure] op=delete count=1380 us=5764 rss_peak_bytes=113950720
[measure] op=reserve-finalize count=1381 us=9543 rss_peak_bytes=113950720
[measure] op=delete count=1381 us=5186 rss_peak_bytes=113950720
[measure] op=reserve-finalize count=1382 us=9584 rss_peak_bytes=113950720
[measure] op=delete count=1382 us=5264 rss_peak_bytes=113950720
[measure] op=reserve-finalize count=1383 us=9570 rss_peak_bytes=113950720
[measure] op=delete count=1383 us=5163 rss_peak_bytes=113950720
[measure] op=reserve-finalize count=1384 us=9455 rss_peak_bytes=113950720
[measure] op=delete count=1384 us=5509 rss_peak_bytes=113950720
[measure] op=reserve-finalize count=1385 us=9581 rss_peak_bytes=113950720
[measure] op=delete count=1385 us=5922 rss_peak_bytes=113950720
[measure] op=reserve-finalize count=1386 us=9860 rss_peak_bytes=113950720
[measure] op=delete count=1386 us=5180 rss_peak_bytes=113950720
[measure] op=reserve-finalize count=1387 us=9427 rss_peak_bytes=113950720
[measure] op=delete count=1387 us=5322 rss_peak_bytes=113950720
[measure] op=reserve-finalize count=1388 us=9460 rss_peak_bytes=113950720
[measure] op=delete count=1388 us=5263 rss_peak_bytes=113950720
[measure] op=reserve-finalize count=1389 us=9688 rss_peak_bytes=113950720
[measure] op=delete count=1389 us=5198 rss_peak_bytes=113950720
[measure] op=reserve-finalize count=1390 us=9378 rss_peak_bytes=113950720
[measure] op=delete count=1390 us=5103 rss_peak_bytes=113950720
[measure] op=reserve-finalize count=1391 us=9607 rss_peak_bytes=113950720
[measure] op=delete count=1391 us=5520 rss_peak_bytes=113950720
[measure] op=reserve-finalize count=1392 us=9627 rss_peak_bytes=113950720
[measure] op=delete count=1392 us=5223 rss_peak_bytes=113950720
[measure] op=reserve-finalize count=1393 us=10242 rss_peak_bytes=113950720
[measure] op=delete count=1393 us=5350 rss_peak_bytes=113950720
[measure] op=reserve-finalize count=1394 us=9913 rss_peak_bytes=113950720
[measure] op=delete count=1394 us=5349 rss_peak_bytes=113950720
[measure] op=reserve-finalize count=1395 us=9832 rss_peak_bytes=113950720
[measure] op=delete count=1395 us=5412 rss_peak_bytes=113950720
[measure] op=reserve-finalize count=1396 us=9905 rss_peak_bytes=113950720
[measure] op=delete count=1396 us=5376 rss_peak_bytes=113950720
[measure] op=reserve-finalize count=1397 us=9547 rss_peak_bytes=113950720
[measure] op=delete count=1397 us=5554 rss_peak_bytes=113950720
[measure] op=reserve-finalize count=1398 us=9738 rss_peak_bytes=113950720
[measure] op=delete count=1398 us=5163 rss_peak_bytes=113950720
[measure] op=reserve-finalize count=1399 us=9563 rss_peak_bytes=113950720
[measure] op=delete count=1399 us=5011 rss_peak_bytes=113950720
[measure] op=reserve-finalize count=1400 us=9796 rss_peak_bytes=113950720
[measure] op=delete count=1400 us=5467 rss_peak_bytes=113950720
[measure] op=reserve-finalize count=1401 us=9518 rss_peak_bytes=113950720
[measure] op=delete count=1401 us=5040 rss_peak_bytes=113950720
[measure] op=reserve-finalize count=1402 us=9962 rss_peak_bytes=113950720
[measure] op=delete count=1402 us=5109 rss_peak_bytes=113950720
[measure] op=reserve-finalize count=1403 us=9959 rss_peak_bytes=113950720
[measure] op=delete count=1403 us=5222 rss_peak_bytes=113950720
[measure] op=reserve-finalize count=1404 us=9698 rss_peak_bytes=113950720
[measure] op=delete count=1404 us=5166 rss_peak_bytes=113950720
[measure] op=reserve-finalize count=1405 us=9591 rss_peak_bytes=113950720
[measure] op=delete count=1405 us=5069 rss_peak_bytes=113950720
[measure] op=reserve-finalize count=1406 us=9473 rss_peak_bytes=113950720
[measure] op=delete count=1406 us=5119 rss_peak_bytes=113950720
[measure] op=reserve-finalize count=1407 us=9400 rss_peak_bytes=113950720
[measure] op=delete count=1407 us=5165 rss_peak_bytes=113950720
[measure] op=reserve-finalize count=1408 us=9762 rss_peak_bytes=113950720
[measure] op=delete count=1408 us=5372 rss_peak_bytes=113950720
[child] exit=0 signal=0
[measure] op=incremental-native-observe count=5632 us=1109779 rss_peak_bytes=113950720
[measure] op=reserve-finalize count=1409 us=10042 rss_peak_bytes=113950720
[measure] op=delete count=1409 us=5407 rss_peak_bytes=113950720
[measure] op=reserve-finalize count=1410 us=9691 rss_peak_bytes=113950720
[measure] op=delete count=1410 us=5714 rss_peak_bytes=113950720
[measure] op=reserve-finalize count=1411 us=9668 rss_peak_bytes=113950720
[measure] op=delete count=1411 us=5600 rss_peak_bytes=113950720
[measure] op=reserve-finalize count=1412 us=9818 rss_peak_bytes=113950720
[measure] op=delete count=1412 us=461020 rss_peak_bytes=115884032
[measure] op=reserve-finalize count=1413 us=9627 rss_peak_bytes=115884032
[measure] op=delete count=1413 us=5150 rss_peak_bytes=115900416
[measure] op=reserve-finalize count=1414 us=9561 rss_peak_bytes=115900416
[measure] op=delete count=1414 us=5447 rss_peak_bytes=115900416
[measure] op=reserve-finalize count=1415 us=9756 rss_peak_bytes=115900416
[measure] op=delete count=1415 us=5592 rss_peak_bytes=115900416
[measure] op=reserve-finalize count=1416 us=9868 rss_peak_bytes=115900416
[measure] op=delete count=1416 us=5660 rss_peak_bytes=115933184
[measure] op=reserve-finalize count=1417 us=9591 rss_peak_bytes=115933184
[measure] op=delete count=1417 us=5226 rss_peak_bytes=115933184
[measure] op=reserve-finalize count=1418 us=10285 rss_peak_bytes=115933184
[measure] op=delete count=1418 us=5237 rss_peak_bytes=115933184
[measure] op=reserve-finalize count=1419 us=9470 rss_peak_bytes=115933184
[measure] op=delete count=1419 us=5231 rss_peak_bytes=115949568
[measure] op=reserve-finalize count=1420 us=9406 rss_peak_bytes=115949568
[measure] op=delete count=1420 us=5137 rss_peak_bytes=115949568
[measure] op=reserve-finalize count=1421 us=9532 rss_peak_bytes=115949568
[measure] op=delete count=1421 us=5033 rss_peak_bytes=115949568
[measure] op=reserve-finalize count=1422 us=9524 rss_peak_bytes=115949568
[measure] op=delete count=1422 us=5444 rss_peak_bytes=115949568
[measure] op=reserve-finalize count=1423 us=9410 rss_peak_bytes=115949568
[measure] op=delete count=1423 us=5045 rss_peak_bytes=115965952
[measure] op=reserve-finalize count=1424 us=9619 rss_peak_bytes=115965952
[measure] op=delete count=1424 us=5205 rss_peak_bytes=115965952
[measure] op=reserve-finalize count=1425 us=10015 rss_peak_bytes=115965952
[measure] op=delete count=1425 us=5151 rss_peak_bytes=115965952
[measure] op=reserve-finalize count=1426 us=10067 rss_peak_bytes=115965952
[measure] op=delete count=1426 us=5197 rss_peak_bytes=115982336
[measure] op=reserve-finalize count=1427 us=9700 rss_peak_bytes=115982336
[measure] op=delete count=1427 us=5352 rss_peak_bytes=115998720
[measure] op=reserve-finalize count=1428 us=9769 rss_peak_bytes=115998720
[measure] op=delete count=1428 us=5300 rss_peak_bytes=115998720
[measure] op=reserve-finalize count=1429 us=9657 rss_peak_bytes=115998720
[measure] op=delete count=1429 us=5139 rss_peak_bytes=116015104
[measure] op=reserve-finalize count=1430 us=9453 rss_peak_bytes=116031488
[measure] op=delete count=1430 us=5247 rss_peak_bytes=116047872
[measure] op=reserve-finalize count=1431 us=9651 rss_peak_bytes=116047872
[measure] op=delete count=1431 us=5444 rss_peak_bytes=116047872
[measure] op=reserve-finalize count=1432 us=9539 rss_peak_bytes=116047872
[measure] op=delete count=1432 us=5482 rss_peak_bytes=116064256
[measure] op=reserve-finalize count=1433 us=9614 rss_peak_bytes=116080640
[measure] op=delete count=1433 us=5606 rss_peak_bytes=116080640
[measure] op=reserve-finalize count=1434 us=9685 rss_peak_bytes=116080640
[measure] op=delete count=1434 us=5502 rss_peak_bytes=116080640
[measure] op=reserve-finalize count=1435 us=10197 rss_peak_bytes=116080640
[measure] op=delete count=1435 us=5245 rss_peak_bytes=116080640
[measure] op=reserve-finalize count=1436 us=9802 rss_peak_bytes=116080640
[measure] op=delete count=1436 us=5276 rss_peak_bytes=116097024
[measure] op=reserve-finalize count=1437 us=9440 rss_peak_bytes=116097024
[measure] op=delete count=1437 us=5113 rss_peak_bytes=116097024
[measure] op=reserve-finalize count=1438 us=9500 rss_peak_bytes=116097024
[measure] op=delete count=1438 us=5160 rss_peak_bytes=116113408
[measure] op=reserve-finalize count=1439 us=9379 rss_peak_bytes=116113408
[measure] op=delete count=1439 us=5087 rss_peak_bytes=116113408
[measure] op=reserve-finalize count=1440 us=9428 rss_peak_bytes=116113408
[measure] op=delete count=1440 us=5290 rss_peak_bytes=116113408
[child] exit=0 signal=0
[measure] op=incremental-native-observe count=5760 us=1131572 rss_peak_bytes=116146176
[measure] op=reserve-finalize count=1441 us=10507 rss_peak_bytes=116146176
[measure] op=delete count=1441 us=5627 rss_peak_bytes=116162560
[measure] op=reserve-finalize count=1442 us=9559 rss_peak_bytes=116162560
[measure] op=delete count=1442 us=5494 rss_peak_bytes=116162560
[measure] op=reserve-finalize count=1443 us=10158 rss_peak_bytes=116178944
[measure] op=delete count=1443 us=5869 rss_peak_bytes=116178944
[measure] op=reserve-finalize count=1444 us=9913 rss_peak_bytes=116178944
[measure] op=delete count=1444 us=5518 rss_peak_bytes=116195328
[measure] op=reserve-finalize count=1445 us=9961 rss_peak_bytes=116195328
[measure] op=delete count=1445 us=5469 rss_peak_bytes=116195328
[measure] op=reserve-finalize count=1446 us=9517 rss_peak_bytes=116195328
[measure] op=delete count=1446 us=5202 rss_peak_bytes=116195328
[measure] op=reserve-finalize count=1447 us=9427 rss_peak_bytes=116195328
[measure] op=delete count=1447 us=5515 rss_peak_bytes=116211712
[measure] op=reserve-finalize count=1448 us=9492 rss_peak_bytes=116211712
[measure] op=delete count=1448 us=5372 rss_peak_bytes=116211712
[measure] op=reserve-finalize count=1449 us=9444 rss_peak_bytes=116228096
[measure] op=delete count=1449 us=5445 rss_peak_bytes=116228096
[measure] op=reserve-finalize count=1450 us=9476 rss_peak_bytes=116228096
[measure] op=delete count=1450 us=5105 rss_peak_bytes=116228096
[measure] op=reserve-finalize count=1451 us=9725 rss_peak_bytes=116228096
[measure] op=delete count=1451 us=5196 rss_peak_bytes=116244480
[measure] op=reserve-finalize count=1452 us=9858 rss_peak_bytes=116244480
[measure] op=delete count=1452 us=5306 rss_peak_bytes=116244480
[measure] op=reserve-finalize count=1453 us=9518 rss_peak_bytes=116244480
[measure] op=delete count=1453 us=5344 rss_peak_bytes=116244480
[measure] op=reserve-finalize count=1454 us=9610 rss_peak_bytes=116244480
[measure] op=delete count=1454 us=5240 rss_peak_bytes=116260864
[measure] op=reserve-finalize count=1455 us=9467 rss_peak_bytes=116260864
[measure] op=delete count=1455 us=5033 rss_peak_bytes=116260864
[measure] op=reserve-finalize count=1456 us=9405 rss_peak_bytes=116260864
[measure] op=delete count=1456 us=5171 rss_peak_bytes=116277248
[measure] op=reserve-finalize count=1457 us=9665 rss_peak_bytes=116277248
[measure] op=delete count=1457 us=5210 rss_peak_bytes=116277248
[measure] op=reserve-finalize count=1458 us=9876 rss_peak_bytes=116277248
[measure] op=delete count=1458 us=5235 rss_peak_bytes=116293632
[measure] op=reserve-finalize count=1459 us=9550 rss_peak_bytes=116293632
[measure] op=delete count=1459 us=5121 rss_peak_bytes=116293632
[measure] op=reserve-finalize count=1460 us=9461 rss_peak_bytes=116293632
[measure] op=delete count=1460 us=5230 rss_peak_bytes=116293632
[measure] op=reserve-finalize count=1461 us=9544 rss_peak_bytes=116310016
[measure] op=delete count=1461 us=5181 rss_peak_bytes=116342784
[measure] op=reserve-finalize count=1462 us=9549 rss_peak_bytes=116342784
[measure] op=delete count=1462 us=5620 rss_peak_bytes=116342784
[measure] op=reserve-finalize count=1463 us=9799 rss_peak_bytes=116342784
[measure] op=delete count=1463 us=5670 rss_peak_bytes=116342784
[measure] op=reserve-finalize count=1464 us=10047 rss_peak_bytes=116342784
[measure] op=delete count=1464 us=5757 rss_peak_bytes=116342784
[measure] op=reserve-finalize count=1465 us=9554 rss_peak_bytes=116359168
[measure] op=delete count=1465 us=5214 rss_peak_bytes=116375552
[measure] op=reserve-finalize count=1466 us=9479 rss_peak_bytes=116375552
[measure] op=delete count=1466 us=5285 rss_peak_bytes=116375552
[measure] op=reserve-finalize count=1467 us=9532 rss_peak_bytes=116375552
[measure] op=delete count=1467 us=5648 rss_peak_bytes=116375552
[measure] op=reserve-finalize count=1468 us=9581 rss_peak_bytes=116375552
[measure] op=delete count=1468 us=478202 rss_peak_bytes=117096448
[measure] op=reserve-finalize count=1469 us=9796 rss_peak_bytes=117096448
[measure] op=delete count=1469 us=5643 rss_peak_bytes=117096448
[measure] op=reserve-finalize count=1470 us=9728 rss_peak_bytes=117096448
[measure] op=delete count=1470 us=5228 rss_peak_bytes=117112832
[measure] op=reserve-finalize count=1471 us=9431 rss_peak_bytes=117112832
[measure] op=delete count=1471 us=5336 rss_peak_bytes=117112832
[measure] op=reserve-finalize count=1472 us=9702 rss_peak_bytes=117112832
[measure] op=delete count=1472 us=5270 rss_peak_bytes=117129216
[child] exit=0 signal=0
[measure] op=incremental-native-observe count=5888 us=1150960 rss_peak_bytes=117178368
[measure] op=reserve-finalize count=1473 us=10526 rss_peak_bytes=117194752
[measure] op=delete count=1473 us=5412 rss_peak_bytes=117211136
[measure] op=reserve-finalize count=1474 us=9627 rss_peak_bytes=117211136
[measure] op=delete count=1474 us=5517 rss_peak_bytes=117211136
[measure] op=reserve-finalize count=1475 us=9689 rss_peak_bytes=117211136
[measure] op=delete count=1475 us=5526 rss_peak_bytes=117211136
[measure] op=reserve-finalize count=1476 us=10247 rss_peak_bytes=117211136
[measure] op=delete count=1476 us=5872 rss_peak_bytes=117227520
[measure] op=reserve-finalize count=1477 us=9697 rss_peak_bytes=117227520
[measure] op=delete count=1477 us=5559 rss_peak_bytes=117227520
[measure] op=reserve-finalize count=1478 us=9654 rss_peak_bytes=117227520
[measure] op=delete count=1478 us=5182 rss_peak_bytes=117227520
[measure] op=reserve-finalize count=1479 us=9456 rss_peak_bytes=117227520
[measure] op=delete count=1479 us=5012 rss_peak_bytes=117243904
[measure] op=reserve-finalize count=1480 us=9676 rss_peak_bytes=117243904
[measure] op=delete count=1480 us=5714 rss_peak_bytes=117243904
[measure] op=reserve-finalize count=1481 us=10339 rss_peak_bytes=117243904
[measure] op=delete count=1481 us=5663 rss_peak_bytes=117260288
[measure] op=reserve-finalize count=1482 us=9840 rss_peak_bytes=117260288
[measure] op=delete count=1482 us=5779 rss_peak_bytes=117260288
[measure] op=reserve-finalize count=1483 us=9884 rss_peak_bytes=117260288
[measure] op=delete count=1483 us=5262 rss_peak_bytes=117260288
[measure] op=reserve-finalize count=1484 us=9787 rss_peak_bytes=117260288
[measure] op=delete count=1484 us=5187 rss_peak_bytes=117276672
[measure] op=reserve-finalize count=1485 us=9440 rss_peak_bytes=117276672
[measure] op=delete count=1485 us=5097 rss_peak_bytes=117276672
[measure] op=reserve-finalize count=1486 us=9434 rss_peak_bytes=117276672
[measure] op=delete count=1486 us=5354 rss_peak_bytes=117276672
[measure] op=reserve-finalize count=1487 us=9496 rss_peak_bytes=117276672
[measure] op=delete count=1487 us=5078 rss_peak_bytes=117293056
[measure] op=reserve-finalize count=1488 us=9452 rss_peak_bytes=117293056
[measure] op=delete count=1488 us=5178 rss_peak_bytes=117293056
[measure] op=reserve-finalize count=1489 us=9765 rss_peak_bytes=117293056
[measure] op=delete count=1489 us=5234 rss_peak_bytes=117293056
[measure] op=reserve-finalize count=1490 us=9882 rss_peak_bytes=117293056
[measure] op=delete count=1490 us=5156 rss_peak_bytes=117293056
[measure] op=reserve-finalize count=1491 us=9651 rss_peak_bytes=117309440
[measure] op=delete count=1491 us=5220 rss_peak_bytes=117309440
[measure] op=reserve-finalize count=1492 us=9643 rss_peak_bytes=117309440
[measure] op=delete count=1492 us=5183 rss_peak_bytes=117309440
[measure] op=reserve-finalize count=1493 us=9488 rss_peak_bytes=117309440
[measure] op=delete count=1493 us=5204 rss_peak_bytes=117342208
[measure] op=reserve-finalize count=1494 us=9880 rss_peak_bytes=117358592
[measure] op=delete count=1494 us=5266 rss_peak_bytes=117358592
[measure] op=reserve-finalize count=1495 us=9662 rss_peak_bytes=117358592
[measure] op=delete count=1495 us=5668 rss_peak_bytes=117358592
[measure] op=reserve-finalize count=1496 us=9642 rss_peak_bytes=117358592
[measure] op=delete count=1496 us=5548 rss_peak_bytes=117358592
[measure] op=reserve-finalize count=1497 us=9511 rss_peak_bytes=117391360
[measure] op=delete count=1497 us=5071 rss_peak_bytes=117391360
[measure] op=reserve-finalize count=1498 us=9596 rss_peak_bytes=117391360
[measure] op=delete count=1498 us=5155 rss_peak_bytes=117391360
[measure] op=reserve-finalize count=1499 us=9450 rss_peak_bytes=117391360
[measure] op=delete count=1499 us=5363 rss_peak_bytes=117407744
[measure] op=reserve-finalize count=1500 us=10242 rss_peak_bytes=117407744
[measure] op=delete count=1500 us=5901 rss_peak_bytes=117407744
[measure] op=reserve-finalize count=1501 us=10322 rss_peak_bytes=117407744
[measure] op=delete count=1501 us=5552 rss_peak_bytes=117407744
[measure] op=reserve-finalize count=1502 us=9625 rss_peak_bytes=117407744
[measure] op=delete count=1502 us=5200 rss_peak_bytes=117407744
[measure] op=reserve-finalize count=1503 us=9587 rss_peak_bytes=117424128
[measure] op=delete count=1503 us=5267 rss_peak_bytes=117424128
[measure] op=reserve-finalize count=1504 us=9461 rss_peak_bytes=117424128
[measure] op=delete count=1504 us=5291 rss_peak_bytes=117424128
[child] exit=0 signal=0
[measure] op=incremental-native-observe count=6016 us=1176369 rss_peak_bytes=117473280
[measure] op=reserve-finalize count=1505 us=10201 rss_peak_bytes=117473280
[measure] op=delete count=1505 us=5980 rss_peak_bytes=117489664
[measure] op=reserve-finalize count=1506 us=10427 rss_peak_bytes=117489664
[measure] op=delete count=1506 us=5320 rss_peak_bytes=117489664
[measure] op=reserve-finalize count=1507 us=10159 rss_peak_bytes=117489664
[measure] op=delete count=1507 us=5583 rss_peak_bytes=117489664
[measure] op=reserve-finalize count=1508 us=9568 rss_peak_bytes=117489664
[measure] op=delete count=1508 us=5203 rss_peak_bytes=117506048
[measure] op=reserve-finalize count=1509 us=9803 rss_peak_bytes=117506048
[measure] op=delete count=1509 us=5220 rss_peak_bytes=117506048
[measure] op=reserve-finalize count=1510 us=9859 rss_peak_bytes=117506048
[measure] op=delete count=1510 us=5258 rss_peak_bytes=117506048
[measure] op=reserve-finalize count=1511 us=9985 rss_peak_bytes=117522432
[measure] op=delete count=1511 us=5197 rss_peak_bytes=117522432
[measure] op=reserve-finalize count=1512 us=9470 rss_peak_bytes=117522432
[measure] op=delete count=1512 us=5124 rss_peak_bytes=117522432
[measure] op=reserve-finalize count=1513 us=9456 rss_peak_bytes=117522432
[measure] op=delete count=1513 us=5353 rss_peak_bytes=117538816
[measure] op=reserve-finalize count=1514 us=9449 rss_peak_bytes=117555200
[measure] op=delete count=1514 us=5187 rss_peak_bytes=117555200
[measure] op=reserve-finalize count=1515 us=9924 rss_peak_bytes=117555200
[measure] op=delete count=1515 us=5179 rss_peak_bytes=117587968
[measure] op=reserve-finalize count=1516 us=9779 rss_peak_bytes=117587968
[measure] op=delete count=1516 us=5128 rss_peak_bytes=117587968
[measure] op=reserve-finalize count=1517 us=9480 rss_peak_bytes=117587968
[measure] op=delete count=1517 us=5187 rss_peak_bytes=117587968
[measure] op=reserve-finalize count=1518 us=9563 rss_peak_bytes=117587968
[measure] op=delete count=1518 us=5137 rss_peak_bytes=117587968
[measure] op=reserve-finalize count=1519 us=9546 rss_peak_bytes=117587968
[measure] op=delete count=1519 us=5115 rss_peak_bytes=117604352
[measure] op=reserve-finalize count=1520 us=9804 rss_peak_bytes=117604352
[measure] op=delete count=1520 us=5427 rss_peak_bytes=117604352
[measure] op=reserve-finalize count=1521 us=9495 rss_peak_bytes=117604352
[measure] op=delete count=1521 us=5381 rss_peak_bytes=117604352
[measure] op=reserve-finalize count=1522 us=9591 rss_peak_bytes=117604352
[measure] op=delete count=1522 us=5232 rss_peak_bytes=117620736
[measure] op=reserve-finalize count=1523 us=9496 rss_peak_bytes=117620736
[measure] op=delete count=1523 us=5127 rss_peak_bytes=117620736
[measure] op=reserve-finalize count=1524 us=9506 rss_peak_bytes=117620736
[measure] op=delete count=1524 us=497033 rss_peak_bytes=118390784
[measure] op=reserve-finalize count=1525 us=9891 rss_peak_bytes=118407168
[measure] op=delete count=1525 us=5121 rss_peak_bytes=118423552
[measure] op=reserve-finalize count=1526 us=9623 rss_peak_bytes=118423552
[measure] op=delete count=1526 us=5125 rss_peak_bytes=118423552
[measure] op=reserve-finalize count=1527 us=9411 rss_peak_bytes=118439936
[measure] op=delete count=1527 us=5246 rss_peak_bytes=118439936
[measure] op=reserve-finalize count=1528 us=9400 rss_peak_bytes=118439936
[measure] op=delete count=1528 us=4992 rss_peak_bytes=118439936
[measure] op=reserve-finalize count=1529 us=9591 rss_peak_bytes=118456320
[measure] op=delete count=1529 us=5145 rss_peak_bytes=118456320
[measure] op=reserve-finalize count=1530 us=10036 rss_peak_bytes=118472704
[measure] op=delete count=1530 us=5345 rss_peak_bytes=118489088
[measure] op=reserve-finalize count=1531 us=9876 rss_peak_bytes=118489088
[measure] op=delete count=1531 us=5278 rss_peak_bytes=118489088
[measure] op=reserve-finalize count=1532 us=9558 rss_peak_bytes=118489088
[measure] op=delete count=1532 us=5206 rss_peak_bytes=118489088
[measure] op=reserve-finalize count=1533 us=9374 rss_peak_bytes=118505472
[measure] op=delete count=1533 us=5201 rss_peak_bytes=118505472
[measure] op=reserve-finalize count=1534 us=9515 rss_peak_bytes=118505472
[measure] op=delete count=1534 us=5181 rss_peak_bytes=118505472
[measure] op=reserve-finalize count=1535 us=9754 rss_peak_bytes=118505472
[measure] op=delete count=1535 us=5448 rss_peak_bytes=118521856
[measure] op=reserve-finalize count=1536 us=9755 rss_peak_bytes=118521856
[measure] op=delete count=1536 us=5471 rss_peak_bytes=118538240
[child] exit=0 signal=0
[measure] op=incremental-native-observe count=6144 us=1182503 rss_peak_bytes=118571008
[measure] op=reserve-finalize count=1537 us=10087 rss_peak_bytes=118587392
[measure] op=delete count=1537 us=5335 rss_peak_bytes=118587392
[measure] op=reserve-finalize count=1538 us=9590 rss_peak_bytes=118587392
[measure] op=delete count=1538 us=5310 rss_peak_bytes=118603776
[measure] op=reserve-finalize count=1539 us=9614 rss_peak_bytes=118603776
[measure] op=delete count=1539 us=5134 rss_peak_bytes=118603776
[measure] op=reserve-finalize count=1540 us=9410 rss_peak_bytes=118603776
[measure] op=delete count=1540 us=5133 rss_peak_bytes=118620160
[measure] op=reserve-finalize count=1541 us=9921 rss_peak_bytes=118620160
[measure] op=delete count=1541 us=5466 rss_peak_bytes=118620160
[measure] op=reserve-finalize count=1542 us=9690 rss_peak_bytes=118620160
[measure] op=delete count=1542 us=5671 rss_peak_bytes=118620160
[measure] op=reserve-finalize count=1543 us=9752 rss_peak_bytes=118620160
[measure] op=delete count=1543 us=5202 rss_peak_bytes=118620160
[measure] op=reserve-finalize count=1544 us=9689 rss_peak_bytes=118620160
[measure] op=delete count=1544 us=5257 rss_peak_bytes=118636544
[measure] op=reserve-finalize count=1545 us=9448 rss_peak_bytes=118652928
[measure] op=delete count=1545 us=5158 rss_peak_bytes=118652928
[measure] op=reserve-finalize count=1546 us=9434 rss_peak_bytes=118652928
[measure] op=delete count=1546 us=5199 rss_peak_bytes=118652928
[measure] op=reserve-finalize count=1547 us=9547 rss_peak_bytes=118652928
[measure] op=delete count=1547 us=5292 rss_peak_bytes=118669312
[measure] op=reserve-finalize count=1548 us=9331 rss_peak_bytes=118669312
[measure] op=delete count=1548 us=5141 rss_peak_bytes=118669312
[measure] op=reserve-finalize count=1549 us=9606 rss_peak_bytes=118669312
[measure] op=delete count=1549 us=5261 rss_peak_bytes=118669312
[measure] op=reserve-finalize count=1550 us=9624 rss_peak_bytes=118669312
[measure] op=delete count=1550 us=5099 rss_peak_bytes=118669312
[measure] op=reserve-finalize count=1551 us=9557 rss_peak_bytes=118669312
[measure] op=delete count=1551 us=5257 rss_peak_bytes=118669312
[measure] op=reserve-finalize count=1552 us=9359 rss_peak_bytes=118669312
[measure] op=delete count=1552 us=5133 rss_peak_bytes=118669312
[measure] op=reserve-finalize count=1553 us=9372 rss_peak_bytes=118669312
[measure] op=delete count=1553 us=5243 rss_peak_bytes=118669312
[measure] op=reserve-finalize count=1554 us=9747 rss_peak_bytes=118669312
[measure] op=delete count=1554 us=5303 rss_peak_bytes=118669312
[measure] op=reserve-finalize count=1555 us=9697 rss_peak_bytes=118669312
[measure] op=delete count=1555 us=5172 rss_peak_bytes=118669312
[measure] op=reserve-finalize count=1556 us=9408 rss_peak_bytes=118669312
[measure] op=delete count=1556 us=5686 rss_peak_bytes=118669312
[measure] op=reserve-finalize count=1557 us=9596 rss_peak_bytes=118669312
[measure] op=delete count=1557 us=5263 rss_peak_bytes=118669312
[measure] op=reserve-finalize count=1558 us=9551 rss_peak_bytes=118669312
[measure] op=delete count=1558 us=5241 rss_peak_bytes=118669312
[measure] op=reserve-finalize count=1559 us=9791 rss_peak_bytes=118669312
[measure] op=delete count=1559 us=5085 rss_peak_bytes=118669312
[measure] op=reserve-finalize count=1560 us=10140 rss_peak_bytes=118669312
[measure] op=delete count=1560 us=5781 rss_peak_bytes=118669312
[measure] op=reserve-finalize count=1561 us=10020 rss_peak_bytes=118669312
[measure] op=delete count=1561 us=5502 rss_peak_bytes=118669312
[measure] op=reserve-finalize count=1562 us=9805 rss_peak_bytes=118669312
[measure] op=delete count=1562 us=5553 rss_peak_bytes=118669312
[measure] op=reserve-finalize count=1563 us=9577 rss_peak_bytes=118669312
[measure] op=delete count=1563 us=5279 rss_peak_bytes=118669312
[measure] op=reserve-finalize count=1564 us=9535 rss_peak_bytes=118669312
[measure] op=delete count=1564 us=5350 rss_peak_bytes=118669312
[measure] op=reserve-finalize count=1565 us=10073 rss_peak_bytes=118669312
[measure] op=delete count=1565 us=5428 rss_peak_bytes=118669312
[measure] op=reserve-finalize count=1566 us=9534 rss_peak_bytes=118669312
[measure] op=delete count=1566 us=5573 rss_peak_bytes=118669312
[measure] op=reserve-finalize count=1567 us=9696 rss_peak_bytes=118669312
[measure] op=delete count=1567 us=5144 rss_peak_bytes=118669312
[measure] op=reserve-finalize count=1568 us=9479 rss_peak_bytes=118669312
[measure] op=delete count=1568 us=5177 rss_peak_bytes=118669312
[child] exit=0 signal=0
[measure] op=incremental-native-observe count=6272 us=1221256 rss_peak_bytes=118669312
[measure] op=reserve-finalize count=1569 us=10080 rss_peak_bytes=118669312
[measure] op=delete count=1569 us=5452 rss_peak_bytes=118669312
[measure] op=reserve-finalize count=1570 us=9763 rss_peak_bytes=118669312
[measure] op=delete count=1570 us=5169 rss_peak_bytes=118669312
[measure] op=reserve-finalize count=1571 us=9561 rss_peak_bytes=118669312
[measure] op=delete count=1571 us=5147 rss_peak_bytes=118669312
[measure] op=reserve-finalize count=1572 us=9593 rss_peak_bytes=118669312
[measure] op=delete count=1572 us=5431 rss_peak_bytes=118669312
[measure] op=reserve-finalize count=1573 us=9491 rss_peak_bytes=118669312
[measure] op=delete count=1573 us=5677 rss_peak_bytes=118669312
[measure] op=reserve-finalize count=1574 us=9504 rss_peak_bytes=118669312
[measure] op=delete count=1574 us=5216 rss_peak_bytes=118669312
[measure] op=reserve-finalize count=1575 us=9507 rss_peak_bytes=118669312
[measure] op=delete count=1575 us=5172 rss_peak_bytes=118669312
[measure] op=reserve-finalize count=1576 us=9580 rss_peak_bytes=118669312
[measure] op=delete count=1576 us=5239 rss_peak_bytes=118669312
[measure] op=reserve-finalize count=1577 us=9631 rss_peak_bytes=118669312
[measure] op=delete count=1577 us=5228 rss_peak_bytes=118669312
[measure] op=reserve-finalize count=1578 us=9634 rss_peak_bytes=118669312
[measure] op=delete count=1578 us=5348 rss_peak_bytes=118669312
[measure] op=reserve-finalize count=1579 us=9684 rss_peak_bytes=118669312
[measure] op=delete count=1579 us=5237 rss_peak_bytes=118669312
[measure] op=reserve-finalize count=1580 us=9549 rss_peak_bytes=118669312
[measure] op=delete count=1580 us=514794 rss_peak_bytes=121372672
[measure] op=reserve-finalize count=1581 us=9659 rss_peak_bytes=121389056
[measure] op=delete count=1581 us=5671 rss_peak_bytes=121389056
[measure] op=reserve-finalize count=1582 us=9646 rss_peak_bytes=121389056
[measure] op=delete count=1582 us=5379 rss_peak_bytes=121389056
[measure] op=reserve-finalize count=1583 us=9954 rss_peak_bytes=121389056
[measure] op=delete count=1583 us=5247 rss_peak_bytes=121405440
[measure] op=reserve-finalize count=1584 us=9493 rss_peak_bytes=121405440
[measure] op=delete count=1584 us=5235 rss_peak_bytes=121405440
[measure] op=reserve-finalize count=1585 us=9437 rss_peak_bytes=121405440
[measure] op=delete count=1585 us=5135 rss_peak_bytes=121405440
[measure] op=reserve-finalize count=1586 us=9417 rss_peak_bytes=121405440
[measure] op=delete count=1586 us=5355 rss_peak_bytes=121421824
[measure] op=reserve-finalize count=1587 us=10078 rss_peak_bytes=121438208
[measure] op=delete count=1587 us=5343 rss_peak_bytes=121438208
[measure] op=reserve-finalize count=1588 us=9709 rss_peak_bytes=121438208
[measure] op=delete count=1588 us=5190 rss_peak_bytes=121438208
[measure] op=reserve-finalize count=1589 us=9683 rss_peak_bytes=121438208
[measure] op=delete count=1589 us=5217 rss_peak_bytes=121470976
[measure] op=reserve-finalize count=1590 us=9506 rss_peak_bytes=121470976
[measure] op=delete count=1590 us=5074 rss_peak_bytes=121470976
[measure] op=reserve-finalize count=1591 us=9823 rss_peak_bytes=121487360
[measure] op=delete count=1591 us=5273 rss_peak_bytes=121487360
[measure] op=reserve-finalize count=1592 us=9928 rss_peak_bytes=121487360
[measure] op=delete count=1592 us=5269 rss_peak_bytes=121503744
[measure] op=reserve-finalize count=1593 us=10004 rss_peak_bytes=121520128
[measure] op=delete count=1593 us=5148 rss_peak_bytes=121520128
[measure] op=reserve-finalize count=1594 us=9864 rss_peak_bytes=121520128
[measure] op=delete count=1594 us=5213 rss_peak_bytes=121520128
[measure] op=reserve-finalize count=1595 us=9739 rss_peak_bytes=121536512
[measure] op=delete count=1595 us=5422 rss_peak_bytes=121536512
[measure] op=reserve-finalize count=1596 us=9731 rss_peak_bytes=121552896
[measure] op=delete count=1596 us=5234 rss_peak_bytes=121569280
[measure] op=reserve-finalize count=1597 us=9523 rss_peak_bytes=121569280
[measure] op=delete count=1597 us=5074 rss_peak_bytes=121569280
[measure] op=reserve-finalize count=1598 us=10099 rss_peak_bytes=121602048
[measure] op=delete count=1598 us=5299 rss_peak_bytes=121651200
[measure] op=reserve-finalize count=1599 us=9507 rss_peak_bytes=121651200
[measure] op=delete count=1599 us=5093 rss_peak_bytes=121651200
[measure] op=reserve-finalize count=1600 us=9750 rss_peak_bytes=121651200
[measure] op=delete count=1600 us=5129 rss_peak_bytes=121667584
[child] exit=0 signal=0
[measure] op=incremental-native-observe count=6400 us=1235324 rss_peak_bytes=121716736
[measure] op=reserve-finalize count=1601 us=10052 rss_peak_bytes=121716736
[measure] op=delete count=1601 us=5348 rss_peak_bytes=121716736
[measure] op=reserve-finalize count=1602 us=9570 rss_peak_bytes=121716736
[measure] op=delete count=1602 us=5269 rss_peak_bytes=121716736
[measure] op=reserve-finalize count=1603 us=9424 rss_peak_bytes=121716736
[measure] op=delete count=1603 us=5093 rss_peak_bytes=121716736
[measure] op=reserve-finalize count=1604 us=9394 rss_peak_bytes=121716736
[measure] op=delete count=1604 us=5110 rss_peak_bytes=121716736
[measure] op=reserve-finalize count=1605 us=9580 rss_peak_bytes=121716736
[measure] op=delete count=1605 us=5182 rss_peak_bytes=121716736
[measure] op=reserve-finalize count=1606 us=9919 rss_peak_bytes=121716736
[measure] op=delete count=1606 us=5136 rss_peak_bytes=121716736
[measure] op=reserve-finalize count=1607 us=9915 rss_peak_bytes=121716736
[measure] op=delete count=1607 us=5291 rss_peak_bytes=121716736
[measure] op=reserve-finalize count=1608 us=9533 rss_peak_bytes=121716736
[measure] op=delete count=1608 us=5107 rss_peak_bytes=121716736
[measure] op=reserve-finalize count=1609 us=9358 rss_peak_bytes=121749504
[measure] op=delete count=1609 us=5163 rss_peak_bytes=121749504
[measure] op=reserve-finalize count=1610 us=9336 rss_peak_bytes=121749504
[measure] op=delete count=1610 us=5116 rss_peak_bytes=121749504
[measure] op=reserve-finalize count=1611 us=9437 rss_peak_bytes=121749504
[measure] op=delete count=1611 us=5491 rss_peak_bytes=121749504
[measure] op=reserve-finalize count=1612 us=9481 rss_peak_bytes=121749504
[measure] op=delete count=1612 us=5406 rss_peak_bytes=121749504
[measure] op=reserve-finalize count=1613 us=9558 rss_peak_bytes=121749504
[measure] op=delete count=1613 us=5440 rss_peak_bytes=121749504
[measure] op=reserve-finalize count=1614 us=9916 rss_peak_bytes=121749504
[measure] op=delete count=1614 us=6124 rss_peak_bytes=121749504
[measure] op=reserve-finalize count=1615 us=9771 rss_peak_bytes=121749504
[measure] op=delete count=1615 us=5862 rss_peak_bytes=121749504
[measure] op=reserve-finalize count=1616 us=9882 rss_peak_bytes=121749504
[measure] op=delete count=1616 us=5216 rss_peak_bytes=121749504
[measure] op=reserve-finalize count=1617 us=9574 rss_peak_bytes=121749504
[measure] op=delete count=1617 us=5344 rss_peak_bytes=121749504
[measure] op=reserve-finalize count=1618 us=9823 rss_peak_bytes=121749504
[measure] op=delete count=1618 us=5500 rss_peak_bytes=121749504
[measure] op=reserve-finalize count=1619 us=9641 rss_peak_bytes=121749504
[measure] op=delete count=1619 us=5123 rss_peak_bytes=121749504
[measure] op=reserve-finalize count=1620 us=9419 rss_peak_bytes=121749504
[measure] op=delete count=1620 us=5125 rss_peak_bytes=121749504
[measure] op=reserve-finalize count=1621 us=9579 rss_peak_bytes=121749504
[measure] op=delete count=1621 us=5758 rss_peak_bytes=121765888
[measure] op=reserve-finalize count=1622 us=9555 rss_peak_bytes=121765888
[measure] op=delete count=1622 us=5260 rss_peak_bytes=121765888
[measure] op=reserve-finalize count=1623 us=9743 rss_peak_bytes=121765888
[measure] op=delete count=1623 us=5206 rss_peak_bytes=121765888
[measure] op=reserve-finalize count=1624 us=9650 rss_peak_bytes=121765888
[measure] op=delete count=1624 us=5151 rss_peak_bytes=121765888
[measure] op=reserve-finalize count=1625 us=9573 rss_peak_bytes=121782272
[measure] op=delete count=1625 us=5202 rss_peak_bytes=121782272
[measure] op=reserve-finalize count=1626 us=9364 rss_peak_bytes=121782272
[measure] op=delete count=1626 us=5208 rss_peak_bytes=121782272
[measure] op=reserve-finalize count=1627 us=9688 rss_peak_bytes=121798656
[measure] op=delete count=1627 us=5255 rss_peak_bytes=121798656
[measure] op=reserve-finalize count=1628 us=9894 rss_peak_bytes=121798656
[measure] op=delete count=1628 us=5159 rss_peak_bytes=121798656
[measure] op=reserve-finalize count=1629 us=9618 rss_peak_bytes=121798656
[measure] op=delete count=1629 us=5109 rss_peak_bytes=121798656
[measure] op=reserve-finalize count=1630 us=9448 rss_peak_bytes=121798656
[measure] op=delete count=1630 us=5197 rss_peak_bytes=121798656
[measure] op=reserve-finalize count=1631 us=9468 rss_peak_bytes=121798656
[measure] op=delete count=1631 us=5194 rss_peak_bytes=121798656
[measure] op=reserve-finalize count=1632 us=9932 rss_peak_bytes=121798656
[measure] op=delete count=1632 us=5354 rss_peak_bytes=121798656
[child] exit=0 signal=0
[measure] op=incremental-native-observe count=6528 us=1260853 rss_peak_bytes=121847808
[measure] op=reserve-finalize count=1633 us=9972 rss_peak_bytes=121847808
[measure] op=delete count=1633 us=5559 rss_peak_bytes=121847808
[measure] op=reserve-finalize count=1634 us=9843 rss_peak_bytes=121847808
[measure] op=delete count=1634 us=5805 rss_peak_bytes=121847808
[measure] op=reserve-finalize count=1635 us=10029 rss_peak_bytes=121847808
[measure] op=delete count=1635 us=5685 rss_peak_bytes=121847808
[measure] op=reserve-finalize count=1636 us=9886 rss_peak_bytes=121847808
[measure] op=delete count=1636 us=531485 rss_peak_bytes=122617856
[measure] op=reserve-finalize count=1637 us=9621 rss_peak_bytes=122617856
[measure] op=delete count=1637 us=5288 rss_peak_bytes=122617856
[measure] op=reserve-finalize count=1638 us=9718 rss_peak_bytes=122617856
[measure] op=delete count=1638 us=5406 rss_peak_bytes=122617856
[measure] op=reserve-finalize count=1639 us=9982 rss_peak_bytes=122617856
[measure] op=delete count=1639 us=5411 rss_peak_bytes=122617856
[measure] op=reserve-finalize count=1640 us=9726 rss_peak_bytes=122617856
[measure] op=delete count=1640 us=5778 rss_peak_bytes=122617856
[measure] op=reserve-finalize count=1641 us=10566 rss_peak_bytes=122617856
[measure] op=delete count=1641 us=5652 rss_peak_bytes=122617856
[measure] op=reserve-finalize count=1642 us=9877 rss_peak_bytes=122617856
[measure] op=delete count=1642 us=5440 rss_peak_bytes=122634240
[measure] op=reserve-finalize count=1643 us=10216 rss_peak_bytes=122634240
[measure] op=delete count=1643 us=5253 rss_peak_bytes=122650624
[measure] op=reserve-finalize count=1644 us=10063 rss_peak_bytes=122650624
[measure] op=delete count=1644 us=5246 rss_peak_bytes=122650624
[measure] op=reserve-finalize count=1645 us=10051 rss_peak_bytes=122667008
[measure] op=delete count=1645 us=5396 rss_peak_bytes=122667008
[measure] op=reserve-finalize count=1646 us=10179 rss_peak_bytes=122667008
[measure] op=delete count=1646 us=5940 rss_peak_bytes=122667008
[measure] op=reserve-finalize count=1647 us=9478 rss_peak_bytes=122683392
[measure] op=delete count=1647 us=5197 rss_peak_bytes=122683392
[measure] op=reserve-finalize count=1648 us=9716 rss_peak_bytes=122683392
[measure] op=delete count=1648 us=5431 rss_peak_bytes=122683392
[measure] op=reserve-finalize count=1649 us=9805 rss_peak_bytes=122683392
[measure] op=delete count=1649 us=5310 rss_peak_bytes=122683392
[measure] op=reserve-finalize count=1650 us=9877 rss_peak_bytes=122683392
[measure] op=delete count=1650 us=5732 rss_peak_bytes=122683392
[measure] op=reserve-finalize count=1651 us=9731 rss_peak_bytes=122699776
[measure] op=delete count=1651 us=5635 rss_peak_bytes=122699776
[measure] op=reserve-finalize count=1652 us=9648 rss_peak_bytes=122699776
[measure] op=delete count=1652 us=5392 rss_peak_bytes=122699776
[measure] op=reserve-finalize count=1653 us=9755 rss_peak_bytes=122699776
[measure] op=delete count=1653 us=5423 rss_peak_bytes=122716160
[measure] op=reserve-finalize count=1654 us=9617 rss_peak_bytes=122716160
[measure] op=delete count=1654 us=5215 rss_peak_bytes=122716160
[measure] op=reserve-finalize count=1655 us=9758 rss_peak_bytes=122716160
[measure] op=delete count=1655 us=5024 rss_peak_bytes=122716160
[measure] op=reserve-finalize count=1656 us=9500 rss_peak_bytes=122716160
[measure] op=delete count=1656 us=5489 rss_peak_bytes=122716160
[measure] op=reserve-finalize count=1657 us=10227 rss_peak_bytes=122732544
[measure] op=delete count=1657 us=5499 rss_peak_bytes=122732544
[measure] op=reserve-finalize count=1658 us=9727 rss_peak_bytes=122732544
[measure] op=delete count=1658 us=5486 rss_peak_bytes=122732544
[measure] op=reserve-finalize count=1659 us=9668 rss_peak_bytes=122732544
[measure] op=delete count=1659 us=5083 rss_peak_bytes=122732544
[measure] op=reserve-finalize count=1660 us=10091 rss_peak_bytes=122732544
[measure] op=delete count=1660 us=5654 rss_peak_bytes=122732544
[measure] op=reserve-finalize count=1661 us=10307 rss_peak_bytes=122732544
[measure] op=delete count=1661 us=5762 rss_peak_bytes=122732544
[measure] op=reserve-finalize count=1662 us=10496 rss_peak_bytes=122732544
[measure] op=delete count=1662 us=5816 rss_peak_bytes=122732544
[measure] op=reserve-finalize count=1663 us=9824 rss_peak_bytes=122748928
[measure] op=delete count=1663 us=5757 rss_peak_bytes=122748928
[measure] op=reserve-finalize count=1664 us=9499 rss_peak_bytes=122748928
[measure] op=delete count=1664 us=5260 rss_peak_bytes=122748928
[child] exit=0 signal=0
[measure] op=incremental-native-observe count=6656 us=1277683 rss_peak_bytes=122781696
[measure] op=reserve-finalize count=1665 us=9996 rss_peak_bytes=122781696
[measure] op=delete count=1665 us=5624 rss_peak_bytes=122781696
[measure] op=reserve-finalize count=1666 us=9914 rss_peak_bytes=122781696
[measure] op=delete count=1666 us=5790 rss_peak_bytes=122781696
[measure] op=reserve-finalize count=1667 us=10237 rss_peak_bytes=122781696
[measure] op=delete count=1667 us=5868 rss_peak_bytes=122781696
[measure] op=reserve-finalize count=1668 us=9887 rss_peak_bytes=122781696
[measure] op=delete count=1668 us=5600 rss_peak_bytes=122781696
[measure] op=reserve-finalize count=1669 us=9612 rss_peak_bytes=122781696
[measure] op=delete count=1669 us=5402 rss_peak_bytes=122781696
[measure] op=reserve-finalize count=1670 us=9631 rss_peak_bytes=122781696
[measure] op=delete count=1670 us=5289 rss_peak_bytes=122781696
[measure] op=reserve-finalize count=1671 us=10104 rss_peak_bytes=122781696
[measure] op=delete count=1671 us=5371 rss_peak_bytes=122781696
[measure] op=reserve-finalize count=1672 us=9422 rss_peak_bytes=122781696
[measure] op=delete count=1672 us=5792 rss_peak_bytes=122781696
[measure] op=reserve-finalize count=1673 us=9536 rss_peak_bytes=122781696
[measure] op=delete count=1673 us=5508 rss_peak_bytes=122781696
[measure] op=reserve-finalize count=1674 us=9708 rss_peak_bytes=122781696
[measure] op=delete count=1674 us=5699 rss_peak_bytes=122781696
[measure] op=reserve-finalize count=1675 us=9856 rss_peak_bytes=122781696
[measure] op=delete count=1675 us=5491 rss_peak_bytes=122781696
[measure] op=reserve-finalize count=1676 us=10028 rss_peak_bytes=122781696
[measure] op=delete count=1676 us=5404 rss_peak_bytes=122781696
[measure] op=reserve-finalize count=1677 us=9900 rss_peak_bytes=122781696
[measure] op=delete count=1677 us=5887 rss_peak_bytes=122781696
[measure] op=reserve-finalize count=1678 us=9517 rss_peak_bytes=122781696
[measure] op=delete count=1678 us=5762 rss_peak_bytes=122781696
[measure] op=reserve-finalize count=1679 us=9888 rss_peak_bytes=122781696
[measure] op=delete count=1679 us=5733 rss_peak_bytes=122781696
[measure] op=reserve-finalize count=1680 us=9780 rss_peak_bytes=122781696
[measure] op=delete count=1680 us=5493 rss_peak_bytes=122781696
[measure] op=reserve-finalize count=1681 us=9458 rss_peak_bytes=122798080
[measure] op=delete count=1681 us=5133 rss_peak_bytes=122798080
[measure] op=reserve-finalize count=1682 us=9536 rss_peak_bytes=122798080
[measure] op=delete count=1682 us=5254 rss_peak_bytes=122798080
[measure] op=reserve-finalize count=1683 us=9773 rss_peak_bytes=122798080
[measure] op=delete count=1683 us=5701 rss_peak_bytes=122798080
[measure] op=reserve-finalize count=1684 us=9936 rss_peak_bytes=122798080
[measure] op=delete count=1684 us=5988 rss_peak_bytes=122798080
[measure] op=reserve-finalize count=1685 us=10084 rss_peak_bytes=122798080
[measure] op=delete count=1685 us=5843 rss_peak_bytes=122830848
[measure] op=reserve-finalize count=1686 us=9736 rss_peak_bytes=122830848
[measure] op=delete count=1686 us=5422 rss_peak_bytes=122830848
[measure] op=reserve-finalize count=1687 us=9919 rss_peak_bytes=122830848
[measure] op=delete count=1687 us=5724 rss_peak_bytes=122830848
[measure] op=reserve-finalize count=1688 us=9581 rss_peak_bytes=122830848
[measure] op=delete count=1688 us=5246 rss_peak_bytes=122830848
[measure] op=reserve-finalize count=1689 us=9653 rss_peak_bytes=122847232
[measure] op=delete count=1689 us=5249 rss_peak_bytes=122847232
[measure] op=reserve-finalize count=1690 us=9493 rss_peak_bytes=122847232
[measure] op=delete count=1690 us=5528 rss_peak_bytes=122847232
[measure] op=reserve-finalize count=1691 us=10061 rss_peak_bytes=122847232
[measure] op=delete count=1691 us=5626 rss_peak_bytes=122847232
[measure] op=reserve-finalize count=1692 us=10050 rss_peak_bytes=122847232
[measure] op=delete count=1692 us=549390 rss_peak_bytes=123568128
[measure] op=reserve-finalize count=1693 us=9612 rss_peak_bytes=123568128
[measure] op=delete count=1693 us=5356 rss_peak_bytes=123568128
[measure] op=reserve-finalize count=1694 us=9604 rss_peak_bytes=123584512
[measure] op=delete count=1694 us=5367 rss_peak_bytes=123584512
[measure] op=reserve-finalize count=1695 us=9746 rss_peak_bytes=123584512
[measure] op=delete count=1695 us=5173 rss_peak_bytes=123584512
[measure] op=reserve-finalize count=1696 us=9809 rss_peak_bytes=123584512
[measure] op=delete count=1696 us=5242 rss_peak_bytes=123584512
[child] exit=0 signal=0
[measure] op=incremental-native-observe count=6784 us=1295560 rss_peak_bytes=123584512
[measure] op=reserve-finalize count=1697 us=10212 rss_peak_bytes=123584512
[measure] op=delete count=1697 us=5538 rss_peak_bytes=123584512
[measure] op=reserve-finalize count=1698 us=9794 rss_peak_bytes=123584512
[measure] op=delete count=1698 us=5430 rss_peak_bytes=123584512
[measure] op=reserve-finalize count=1699 us=9995 rss_peak_bytes=123584512
[measure] op=delete count=1699 us=5364 rss_peak_bytes=123584512
[measure] op=reserve-finalize count=1700 us=9564 rss_peak_bytes=123584512
[measure] op=delete count=1700 us=5198 rss_peak_bytes=123584512
[measure] op=reserve-finalize count=1701 us=9492 rss_peak_bytes=123584512
[measure] op=delete count=1701 us=5139 rss_peak_bytes=123584512
[measure] op=reserve-finalize count=1702 us=9891 rss_peak_bytes=123584512
[measure] op=delete count=1702 us=5198 rss_peak_bytes=123584512
[measure] op=reserve-finalize count=1703 us=9937 rss_peak_bytes=123584512
[measure] op=delete count=1703 us=5401 rss_peak_bytes=123584512
[measure] op=reserve-finalize count=1704 us=9908 rss_peak_bytes=123584512
[measure] op=delete count=1704 us=5248 rss_peak_bytes=123584512
[measure] op=reserve-finalize count=1705 us=10094 rss_peak_bytes=123584512
[measure] op=delete count=1705 us=5418 rss_peak_bytes=123584512
[measure] op=reserve-finalize count=1706 us=9881 rss_peak_bytes=123584512
[measure] op=delete count=1706 us=5730 rss_peak_bytes=123584512
[measure] op=reserve-finalize count=1707 us=9737 rss_peak_bytes=123584512
[measure] op=delete count=1707 us=5364 rss_peak_bytes=123584512
[measure] op=reserve-finalize count=1708 us=9675 rss_peak_bytes=123584512
[measure] op=delete count=1708 us=5340 rss_peak_bytes=123584512
[measure] op=reserve-finalize count=1709 us=9727 rss_peak_bytes=123584512
[measure] op=delete count=1709 us=5186 rss_peak_bytes=123584512
[measure] op=reserve-finalize count=1710 us=9395 rss_peak_bytes=123584512
[measure] op=delete count=1710 us=5060 rss_peak_bytes=123584512
[measure] op=reserve-finalize count=1711 us=9469 rss_peak_bytes=123584512
[measure] op=delete count=1711 us=5228 rss_peak_bytes=123584512
[measure] op=reserve-finalize count=1712 us=9717 rss_peak_bytes=123584512
[measure] op=delete count=1712 us=5149 rss_peak_bytes=123584512
[measure] op=reserve-finalize count=1713 us=9699 rss_peak_bytes=123584512
[measure] op=delete count=1713 us=5465 rss_peak_bytes=123584512
[measure] op=reserve-finalize count=1714 us=9984 rss_peak_bytes=123584512
[measure] op=delete count=1714 us=5625 rss_peak_bytes=123584512
[measure] op=reserve-finalize count=1715 us=9796 rss_peak_bytes=123584512
[measure] op=delete count=1715 us=5236 rss_peak_bytes=123584512
[measure] op=reserve-finalize count=1716 us=9537 rss_peak_bytes=123584512
[measure] op=delete count=1716 us=5356 rss_peak_bytes=123584512
[measure] op=reserve-finalize count=1717 us=9402 rss_peak_bytes=123584512
[measure] op=delete count=1717 us=5425 rss_peak_bytes=123584512
[measure] op=reserve-finalize count=1718 us=9813 rss_peak_bytes=123584512
[measure] op=delete count=1718 us=5472 rss_peak_bytes=123584512
[measure] op=reserve-finalize count=1719 us=9622 rss_peak_bytes=123584512
[measure] op=delete count=1719 us=5163 rss_peak_bytes=123584512
[measure] op=reserve-finalize count=1720 us=10068 rss_peak_bytes=123584512
[measure] op=delete count=1720 us=5406 rss_peak_bytes=123584512
[measure] op=reserve-finalize count=1721 us=9410 rss_peak_bytes=123584512
[measure] op=delete count=1721 us=5253 rss_peak_bytes=123584512
[measure] op=reserve-finalize count=1722 us=9879 rss_peak_bytes=123584512
[measure] op=delete count=1722 us=5394 rss_peak_bytes=123584512
[measure] op=reserve-finalize count=1723 us=9763 rss_peak_bytes=123584512
[measure] op=delete count=1723 us=5702 rss_peak_bytes=123584512
[measure] op=reserve-finalize count=1724 us=9800 rss_peak_bytes=123584512
[measure] op=delete count=1724 us=5941 rss_peak_bytes=123584512
[measure] op=reserve-finalize count=1725 us=9622 rss_peak_bytes=123584512
[measure] op=delete count=1725 us=5567 rss_peak_bytes=123584512
[measure] op=reserve-finalize count=1726 us=9729 rss_peak_bytes=123584512
[measure] op=delete count=1726 us=5402 rss_peak_bytes=123584512
[measure] op=reserve-finalize count=1727 us=9660 rss_peak_bytes=123584512
[measure] op=delete count=1727 us=5750 rss_peak_bytes=123584512
[measure] op=reserve-finalize count=1728 us=9625 rss_peak_bytes=123584512
[measure] op=delete count=1728 us=5484 rss_peak_bytes=123584512
[child] exit=0 signal=0
[measure] op=incremental-native-observe count=6912 us=1318305 rss_peak_bytes=123584512
[measure] op=reserve-finalize count=1729 us=10168 rss_peak_bytes=123584512
[measure] op=delete count=1729 us=5352 rss_peak_bytes=123584512
[measure] op=reserve-finalize count=1730 us=9752 rss_peak_bytes=123584512
[measure] op=delete count=1730 us=5102 rss_peak_bytes=123584512
[measure] op=reserve-finalize count=1731 us=10606 rss_peak_bytes=123584512
[measure] op=delete count=1731 us=5258 rss_peak_bytes=123584512
[measure] op=reserve-finalize count=1732 us=9862 rss_peak_bytes=123584512
[measure] op=delete count=1732 us=5121 rss_peak_bytes=123584512
[measure] op=reserve-finalize count=1733 us=10317 rss_peak_bytes=123584512
[measure] op=delete count=1733 us=5292 rss_peak_bytes=123584512
[measure] op=reserve-finalize count=1734 us=9707 rss_peak_bytes=123584512
[measure] op=delete count=1734 us=5147 rss_peak_bytes=123584512
[measure] op=reserve-finalize count=1735 us=9589 rss_peak_bytes=123584512
[measure] op=delete count=1735 us=5093 rss_peak_bytes=123584512
[measure] op=reserve-finalize count=1736 us=9517 rss_peak_bytes=123584512
[measure] op=delete count=1736 us=5198 rss_peak_bytes=123584512
[measure] op=reserve-finalize count=1737 us=9527 rss_peak_bytes=123584512
[measure] op=delete count=1737 us=5252 rss_peak_bytes=123584512
[measure] op=reserve-finalize count=1738 us=10134 rss_peak_bytes=123584512
[measure] op=delete count=1738 us=5215 rss_peak_bytes=123584512
[measure] op=reserve-finalize count=1739 us=9500 rss_peak_bytes=123584512
[measure] op=delete count=1739 us=5488 rss_peak_bytes=123584512
[measure] op=reserve-finalize count=1740 us=9607 rss_peak_bytes=123584512
[measure] op=delete count=1740 us=5725 rss_peak_bytes=123584512
[measure] op=reserve-finalize count=1741 us=10046 rss_peak_bytes=123584512
[measure] op=delete count=1741 us=5683 rss_peak_bytes=123584512
[measure] op=reserve-finalize count=1742 us=9566 rss_peak_bytes=123584512
[measure] op=delete count=1742 us=5507 rss_peak_bytes=123584512
[measure] op=reserve-finalize count=1743 us=9908 rss_peak_bytes=123584512
[measure] op=delete count=1743 us=5549 rss_peak_bytes=123584512
[measure] op=reserve-finalize count=1744 us=9775 rss_peak_bytes=123584512
[measure] op=delete count=1744 us=5763 rss_peak_bytes=123584512
[measure] op=reserve-finalize count=1745 us=9647 rss_peak_bytes=123584512
[measure] op=delete count=1745 us=5474 rss_peak_bytes=123584512
[measure] op=reserve-finalize count=1746 us=9453 rss_peak_bytes=123584512
[measure] op=delete count=1746 us=5433 rss_peak_bytes=123584512
[measure] op=reserve-finalize count=1747 us=9590 rss_peak_bytes=123584512
[measure] op=delete count=1747 us=5310 rss_peak_bytes=123584512
[measure] op=reserve-finalize count=1748 us=9440 rss_peak_bytes=123584512
[measure] op=delete count=1748 us=568693 rss_peak_bytes=124600320
[measure] op=reserve-finalize count=1749 us=10067 rss_peak_bytes=124600320
[measure] op=delete count=1749 us=5307 rss_peak_bytes=124616704
[measure] op=reserve-finalize count=1750 us=9909 rss_peak_bytes=124616704
[measure] op=delete count=1750 us=5523 rss_peak_bytes=124616704
[measure] op=reserve-finalize count=1751 us=9483 rss_peak_bytes=124616704
[measure] op=delete count=1751 us=5159 rss_peak_bytes=124616704
[measure] op=reserve-finalize count=1752 us=9426 rss_peak_bytes=124616704
[measure] op=delete count=1752 us=5106 rss_peak_bytes=124616704
[measure] op=reserve-finalize count=1753 us=9601 rss_peak_bytes=124649472
[measure] op=delete count=1753 us=5047 rss_peak_bytes=124649472
[measure] op=reserve-finalize count=1754 us=9737 rss_peak_bytes=124649472
[measure] op=delete count=1754 us=5127 rss_peak_bytes=124649472
[measure] op=reserve-finalize count=1755 us=9763 rss_peak_bytes=124649472
[measure] op=delete count=1755 us=5650 rss_peak_bytes=124649472
[measure] op=reserve-finalize count=1756 us=10113 rss_peak_bytes=124649472
[measure] op=delete count=1756 us=5115 rss_peak_bytes=124665856
[measure] op=reserve-finalize count=1757 us=9874 rss_peak_bytes=124665856
[measure] op=delete count=1757 us=5394 rss_peak_bytes=124665856
[measure] op=reserve-finalize count=1758 us=9578 rss_peak_bytes=124665856
[measure] op=delete count=1758 us=5364 rss_peak_bytes=124665856
[measure] op=reserve-finalize count=1759 us=9699 rss_peak_bytes=124665856
[measure] op=delete count=1759 us=5355 rss_peak_bytes=124665856
[measure] op=reserve-finalize count=1760 us=9609 rss_peak_bytes=124665856
[measure] op=delete count=1760 us=5191 rss_peak_bytes=124665856
[child] exit=0 signal=0
[measure] op=incremental-native-observe count=7040 us=1327954 rss_peak_bytes=124665856
[measure] op=reserve-finalize count=1761 us=10577 rss_peak_bytes=124665856
[measure] op=delete count=1761 us=6035 rss_peak_bytes=124665856
[measure] op=reserve-finalize count=1762 us=9921 rss_peak_bytes=124665856
[measure] op=delete count=1762 us=6082 rss_peak_bytes=124665856
[measure] op=reserve-finalize count=1763 us=10072 rss_peak_bytes=124665856
[measure] op=delete count=1763 us=5273 rss_peak_bytes=124665856
[measure] op=reserve-finalize count=1764 us=9853 rss_peak_bytes=124665856
[measure] op=delete count=1764 us=5724 rss_peak_bytes=124665856
[measure] op=reserve-finalize count=1765 us=10006 rss_peak_bytes=124665856
[measure] op=delete count=1765 us=5173 rss_peak_bytes=124665856
[measure] op=reserve-finalize count=1766 us=9893 rss_peak_bytes=124665856
[measure] op=delete count=1766 us=5301 rss_peak_bytes=124665856
[measure] op=reserve-finalize count=1767 us=9828 rss_peak_bytes=124665856
[measure] op=delete count=1767 us=5315 rss_peak_bytes=124665856
[measure] op=reserve-finalize count=1768 us=9491 rss_peak_bytes=124665856
[measure] op=delete count=1768 us=5658 rss_peak_bytes=124665856
[measure] op=reserve-finalize count=1769 us=9516 rss_peak_bytes=124665856
[measure] op=delete count=1769 us=5374 rss_peak_bytes=124665856
[measure] op=reserve-finalize count=1770 us=9526 rss_peak_bytes=124665856
[measure] op=delete count=1770 us=5034 rss_peak_bytes=124682240
[measure] op=reserve-finalize count=1771 us=9397 rss_peak_bytes=124698624
[measure] op=delete count=1771 us=5178 rss_peak_bytes=124698624
[measure] op=reserve-finalize count=1772 us=9728 rss_peak_bytes=124698624
[measure] op=delete count=1772 us=5376 rss_peak_bytes=124698624
[measure] op=reserve-finalize count=1773 us=9845 rss_peak_bytes=124698624
[measure] op=delete count=1773 us=5499 rss_peak_bytes=124698624
[measure] op=reserve-finalize count=1774 us=9774 rss_peak_bytes=124698624
[measure] op=delete count=1774 us=5763 rss_peak_bytes=124698624
[measure] op=reserve-finalize count=1775 us=9463 rss_peak_bytes=124698624
[measure] op=delete count=1775 us=5262 rss_peak_bytes=124698624
[measure] op=reserve-finalize count=1776 us=9455 rss_peak_bytes=124698624
[measure] op=delete count=1776 us=5227 rss_peak_bytes=124698624
[measure] op=reserve-finalize count=1777 us=9449 rss_peak_bytes=124698624
[measure] op=delete count=1777 us=5434 rss_peak_bytes=124698624
[measure] op=reserve-finalize count=1778 us=10265 rss_peak_bytes=124698624
[measure] op=delete count=1778 us=5208 rss_peak_bytes=124698624
[measure] op=reserve-finalize count=1779 us=9516 rss_peak_bytes=124715008
[measure] op=delete count=1779 us=5154 rss_peak_bytes=124715008
[measure] op=reserve-finalize count=1780 us=10061 rss_peak_bytes=124715008
[measure] op=delete count=1780 us=5349 rss_peak_bytes=124715008
[measure] op=reserve-finalize count=1781 us=9954 rss_peak_bytes=124715008
[measure] op=delete count=1781 us=5131 rss_peak_bytes=124731392
[measure] op=reserve-finalize count=1782 us=9642 rss_peak_bytes=124731392
[measure] op=delete count=1782 us=5111 rss_peak_bytes=124731392
[measure] op=reserve-finalize count=1783 us=9423 rss_peak_bytes=124731392
[measure] op=delete count=1783 us=5215 rss_peak_bytes=124731392
[measure] op=reserve-finalize count=1784 us=9770 rss_peak_bytes=124731392
[measure] op=delete count=1784 us=5356 rss_peak_bytes=124731392
[measure] op=reserve-finalize count=1785 us=9940 rss_peak_bytes=124747776
[measure] op=delete count=1785 us=5377 rss_peak_bytes=124747776
[measure] op=reserve-finalize count=1786 us=9680 rss_peak_bytes=124747776
[measure] op=delete count=1786 us=5115 rss_peak_bytes=124747776
[measure] op=reserve-finalize count=1787 us=9717 rss_peak_bytes=124747776
[measure] op=delete count=1787 us=5286 rss_peak_bytes=124747776
[measure] op=reserve-finalize count=1788 us=9450 rss_peak_bytes=124747776
[measure] op=delete count=1788 us=5066 rss_peak_bytes=124747776
[measure] op=reserve-finalize count=1789 us=9958 rss_peak_bytes=124764160
[measure] op=delete count=1789 us=5663 rss_peak_bytes=124764160
[measure] op=reserve-finalize count=1790 us=9849 rss_peak_bytes=124764160
[measure] op=delete count=1790 us=5289 rss_peak_bytes=124764160
[measure] op=reserve-finalize count=1791 us=9457 rss_peak_bytes=124764160
[measure] op=delete count=1791 us=5230 rss_peak_bytes=124764160
[measure] op=reserve-finalize count=1792 us=9763 rss_peak_bytes=124764160
[measure] op=delete count=1792 us=5056 rss_peak_bytes=124764160
[child] exit=0 signal=0
[measure] op=incremental-native-observe count=7168 us=1362989 rss_peak_bytes=124764160
[measure] op=reserve-finalize count=1793 us=9966 rss_peak_bytes=124764160
[measure] op=delete count=1793 us=5279 rss_peak_bytes=124780544
[measure] op=reserve-finalize count=1794 us=9509 rss_peak_bytes=124780544
[measure] op=delete count=1794 us=5526 rss_peak_bytes=124780544
[measure] op=reserve-finalize count=1795 us=9872 rss_peak_bytes=124780544
[measure] op=delete count=1795 us=5676 rss_peak_bytes=124780544
[measure] op=reserve-finalize count=1796 us=9856 rss_peak_bytes=124780544
[measure] op=delete count=1796 us=5747 rss_peak_bytes=124780544
[measure] op=reserve-finalize count=1797 us=9455 rss_peak_bytes=124780544
[measure] op=delete count=1797 us=5783 rss_peak_bytes=124780544
[measure] op=reserve-finalize count=1798 us=9579 rss_peak_bytes=124780544
[measure] op=delete count=1798 us=5408 rss_peak_bytes=124780544
[measure] op=reserve-finalize count=1799 us=9437 rss_peak_bytes=124780544
[measure] op=delete count=1799 us=5213 rss_peak_bytes=124780544
[measure] op=reserve-finalize count=1800 us=9433 rss_peak_bytes=124796928
[measure] op=delete count=1800 us=5288 rss_peak_bytes=124796928
[measure] op=reserve-finalize count=1801 us=10008 rss_peak_bytes=124796928
[measure] op=delete count=1801 us=5529 rss_peak_bytes=124796928
[measure] op=reserve-finalize count=1802 us=9695 rss_peak_bytes=124796928
[measure] op=delete count=1802 us=5187 rss_peak_bytes=124796928
[measure] op=reserve-finalize count=1803 us=9501 rss_peak_bytes=124796928
[measure] op=delete count=1803 us=5179 rss_peak_bytes=124796928
[measure] op=reserve-finalize count=1804 us=9532 rss_peak_bytes=124796928
[measure] op=delete count=1804 us=587978 rss_peak_bytes=125566976
[measure] op=reserve-finalize count=1805 us=9810 rss_peak_bytes=125566976
[measure] op=delete count=1805 us=5298 rss_peak_bytes=125566976
[measure] op=reserve-finalize count=1806 us=10228 rss_peak_bytes=125566976
[measure] op=delete count=1806 us=5219 rss_peak_bytes=125566976
[measure] op=reserve-finalize count=1807 us=9937 rss_peak_bytes=125583360
[measure] op=delete count=1807 us=5159 rss_peak_bytes=125583360
[measure] op=reserve-finalize count=1808 us=9559 rss_peak_bytes=125583360
[measure] op=delete count=1808 us=5115 rss_peak_bytes=125583360
[measure] op=reserve-finalize count=1809 us=9988 rss_peak_bytes=125583360
[measure] op=delete count=1809 us=5177 rss_peak_bytes=125583360
[measure] op=reserve-finalize count=1810 us=9369 rss_peak_bytes=125583360
[measure] op=delete count=1810 us=5097 rss_peak_bytes=125583360
[measure] op=reserve-finalize count=1811 us=9661 rss_peak_bytes=125583360
[measure] op=delete count=1811 us=5187 rss_peak_bytes=125583360
[measure] op=reserve-finalize count=1812 us=9813 rss_peak_bytes=125583360
[measure] op=delete count=1812 us=5708 rss_peak_bytes=125599744
[measure] op=reserve-finalize count=1813 us=9703 rss_peak_bytes=125599744
[measure] op=delete count=1813 us=5512 rss_peak_bytes=125632512
[measure] op=reserve-finalize count=1814 us=9670 rss_peak_bytes=125632512
[measure] op=delete count=1814 us=5186 rss_peak_bytes=125632512
[measure] op=reserve-finalize count=1815 us=9663 rss_peak_bytes=125632512
[measure] op=delete count=1815 us=5161 rss_peak_bytes=125632512
[measure] op=reserve-finalize count=1816 us=9420 rss_peak_bytes=125632512
[measure] op=delete count=1816 us=5122 rss_peak_bytes=125632512
[measure] op=reserve-finalize count=1817 us=9319 rss_peak_bytes=125648896
[measure] op=delete count=1817 us=5325 rss_peak_bytes=125648896
[measure] op=reserve-finalize count=1818 us=9759 rss_peak_bytes=125648896
[measure] op=delete count=1818 us=5511 rss_peak_bytes=125648896
[measure] op=reserve-finalize count=1819 us=10766 rss_peak_bytes=125648896
[measure] op=delete count=1819 us=5330 rss_peak_bytes=125648896
[measure] op=reserve-finalize count=1820 us=9789 rss_peak_bytes=125648896
[measure] op=delete count=1820 us=5173 rss_peak_bytes=125648896
[measure] op=reserve-finalize count=1821 us=9584 rss_peak_bytes=125665280
[measure] op=delete count=1821 us=5162 rss_peak_bytes=125665280
[measure] op=reserve-finalize count=1822 us=9334 rss_peak_bytes=125665280
[measure] op=delete count=1822 us=5350 rss_peak_bytes=125665280
[measure] op=reserve-finalize count=1823 us=9519 rss_peak_bytes=125665280
[measure] op=delete count=1823 us=5253 rss_peak_bytes=125665280
[measure] op=reserve-finalize count=1824 us=9574 rss_peak_bytes=125665280
[measure] op=delete count=1824 us=5732 rss_peak_bytes=125665280
[child] exit=0 signal=0
[measure] op=incremental-native-observe count=7296 us=1388055 rss_peak_bytes=125665280
[measure] op=reserve-finalize count=1825 us=10090 rss_peak_bytes=125681664
[measure] op=delete count=1825 us=5311 rss_peak_bytes=125681664
[measure] op=reserve-finalize count=1826 us=9536 rss_peak_bytes=125681664
[measure] op=delete count=1826 us=5316 rss_peak_bytes=125681664
[measure] op=reserve-finalize count=1827 us=9966 rss_peak_bytes=125681664
[measure] op=delete count=1827 us=5329 rss_peak_bytes=125681664
[measure] op=reserve-finalize count=1828 us=9737 rss_peak_bytes=125681664
[measure] op=delete count=1828 us=5133 rss_peak_bytes=125681664
[measure] op=reserve-finalize count=1829 us=10001 rss_peak_bytes=125681664
[measure] op=delete count=1829 us=5234 rss_peak_bytes=125681664
[measure] op=reserve-finalize count=1830 us=9571 rss_peak_bytes=125681664
[measure] op=delete count=1830 us=5418 rss_peak_bytes=125681664
[measure] op=reserve-finalize count=1831 us=9768 rss_peak_bytes=125681664
[measure] op=delete count=1831 us=5765 rss_peak_bytes=125681664
[measure] op=reserve-finalize count=1832 us=9703 rss_peak_bytes=125681664
[measure] op=delete count=1832 us=5376 rss_peak_bytes=125681664
[measure] op=reserve-finalize count=1833 us=9714 rss_peak_bytes=125681664
[measure] op=delete count=1833 us=5298 rss_peak_bytes=125681664
[measure] op=reserve-finalize count=1834 us=9751 rss_peak_bytes=125681664
[measure] op=delete count=1834 us=5198 rss_peak_bytes=125681664
[measure] op=reserve-finalize count=1835 us=9794 rss_peak_bytes=125681664
[measure] op=delete count=1835 us=5310 rss_peak_bytes=125681664
[measure] op=reserve-finalize count=1836 us=9970 rss_peak_bytes=125681664
[measure] op=delete count=1836 us=5568 rss_peak_bytes=125681664
[measure] op=reserve-finalize count=1837 us=9670 rss_peak_bytes=125681664
[measure] op=delete count=1837 us=5634 rss_peak_bytes=125681664
[measure] op=reserve-finalize count=1838 us=9556 rss_peak_bytes=125681664
[measure] op=delete count=1838 us=5227 rss_peak_bytes=125681664
[measure] op=reserve-finalize count=1839 us=9484 rss_peak_bytes=125681664
[measure] op=delete count=1839 us=5144 rss_peak_bytes=125681664
[measure] op=reserve-finalize count=1840 us=9598 rss_peak_bytes=125681664
[measure] op=delete count=1840 us=5950 rss_peak_bytes=125681664
[measure] op=reserve-finalize count=1841 us=9651 rss_peak_bytes=125681664
[measure] op=delete count=1841 us=5445 rss_peak_bytes=125681664
[measure] op=reserve-finalize count=1842 us=9655 rss_peak_bytes=125681664
[measure] op=delete count=1842 us=5218 rss_peak_bytes=125681664
[measure] op=reserve-finalize count=1843 us=9838 rss_peak_bytes=125698048
[measure] op=delete count=1843 us=5137 rss_peak_bytes=125698048
[measure] op=reserve-finalize count=1844 us=9660 rss_peak_bytes=125698048
[measure] op=delete count=1844 us=5506 rss_peak_bytes=125698048
[measure] op=reserve-finalize count=1845 us=9481 rss_peak_bytes=125698048
[measure] op=delete count=1845 us=5162 rss_peak_bytes=125714432
[measure] op=reserve-finalize count=1846 us=9492 rss_peak_bytes=125714432
[measure] op=delete count=1846 us=5573 rss_peak_bytes=125714432
[measure] op=reserve-finalize count=1847 us=9597 rss_peak_bytes=125714432
[measure] op=delete count=1847 us=5301 rss_peak_bytes=125714432
[measure] op=reserve-finalize count=1848 us=9947 rss_peak_bytes=125714432
[measure] op=delete count=1848 us=5490 rss_peak_bytes=125714432
[measure] op=reserve-finalize count=1849 us=9444 rss_peak_bytes=125730816
[measure] op=delete count=1849 us=5354 rss_peak_bytes=125730816
[measure] op=reserve-finalize count=1850 us=9810 rss_peak_bytes=125730816
[measure] op=delete count=1850 us=5424 rss_peak_bytes=125730816
[measure] op=reserve-finalize count=1851 us=9963 rss_peak_bytes=125747200
[measure] op=delete count=1851 us=5290 rss_peak_bytes=125747200
[measure] op=reserve-finalize count=1852 us=9698 rss_peak_bytes=125747200
[measure] op=delete count=1852 us=5318 rss_peak_bytes=125747200
[measure] op=reserve-finalize count=1853 us=9687 rss_peak_bytes=125747200
[measure] op=delete count=1853 us=5707 rss_peak_bytes=125747200
[measure] op=reserve-finalize count=1854 us=9498 rss_peak_bytes=125747200
[measure] op=delete count=1854 us=5236 rss_peak_bytes=125747200
[measure] op=reserve-finalize count=1855 us=9478 rss_peak_bytes=125747200
[measure] op=delete count=1855 us=5129 rss_peak_bytes=125763584
[measure] op=reserve-finalize count=1856 us=9835 rss_peak_bytes=125763584
[measure] op=delete count=1856 us=5195 rss_peak_bytes=125763584
[child] exit=0 signal=0
[measure] op=incremental-native-observe count=7424 us=1407926 rss_peak_bytes=125763584
[measure] op=reserve-finalize count=1857 us=9980 rss_peak_bytes=125763584
[measure] op=delete count=1857 us=5438 rss_peak_bytes=125763584
[measure] op=reserve-finalize count=1858 us=10050 rss_peak_bytes=125763584
[measure] op=delete count=1858 us=5351 rss_peak_bytes=125763584
[measure] op=reserve-finalize count=1859 us=9948 rss_peak_bytes=125763584
[measure] op=delete count=1859 us=5292 rss_peak_bytes=125763584
[measure] op=reserve-finalize count=1860 us=9478 rss_peak_bytes=125763584
[measure] op=delete count=1860 us=609669 rss_peak_bytes=135954432
[measure] op=reserve-finalize count=1861 us=10266 rss_peak_bytes=135970816
[measure] op=delete count=1861 us=5544 rss_peak_bytes=135970816
[measure] op=reserve-finalize count=1862 us=9525 rss_peak_bytes=135970816
[measure] op=delete count=1862 us=5291 rss_peak_bytes=135970816
[measure] op=reserve-finalize count=1863 us=9631 rss_peak_bytes=135970816
[measure] op=delete count=1863 us=5341 rss_peak_bytes=135970816
[measure] op=reserve-finalize count=1864 us=9737 rss_peak_bytes=135987200
[measure] op=delete count=1864 us=5342 rss_peak_bytes=135987200
[measure] op=reserve-finalize count=1865 us=9518 rss_peak_bytes=135987200
[measure] op=delete count=1865 us=5272 rss_peak_bytes=135987200
[measure] op=reserve-finalize count=1866 us=10099 rss_peak_bytes=135987200
[measure] op=delete count=1866 us=5132 rss_peak_bytes=135987200
[measure] op=reserve-finalize count=1867 us=9497 rss_peak_bytes=135987200
[measure] op=delete count=1867 us=5188 rss_peak_bytes=135987200
[measure] op=reserve-finalize count=1868 us=9415 rss_peak_bytes=135987200
[measure] op=delete count=1868 us=5455 rss_peak_bytes=135987200
[measure] op=reserve-finalize count=1869 us=9440 rss_peak_bytes=135987200
[measure] op=delete count=1869 us=5078 rss_peak_bytes=135987200
[measure] op=reserve-finalize count=1870 us=9813 rss_peak_bytes=136003584
[measure] op=delete count=1870 us=5143 rss_peak_bytes=136003584
[measure] op=reserve-finalize count=1871 us=9935 rss_peak_bytes=136003584
[measure] op=delete count=1871 us=5612 rss_peak_bytes=136003584
[measure] op=reserve-finalize count=1872 us=9586 rss_peak_bytes=136003584
[measure] op=delete count=1872 us=5449 rss_peak_bytes=136003584
[measure] op=reserve-finalize count=1873 us=9472 rss_peak_bytes=136003584
[measure] op=delete count=1873 us=5132 rss_peak_bytes=136003584
[measure] op=reserve-finalize count=1874 us=9564 rss_peak_bytes=136003584
[measure] op=delete count=1874 us=5247 rss_peak_bytes=136003584
[measure] op=reserve-finalize count=1875 us=9570 rss_peak_bytes=136003584
[measure] op=delete count=1875 us=5433 rss_peak_bytes=136003584
[measure] op=reserve-finalize count=1876 us=9606 rss_peak_bytes=136003584
[measure] op=delete count=1876 us=5196 rss_peak_bytes=136003584
[measure] op=reserve-finalize count=1877 us=9720 rss_peak_bytes=136003584
[measure] op=delete count=1877 us=5301 rss_peak_bytes=136019968
[measure] op=reserve-finalize count=1878 us=10095 rss_peak_bytes=136019968
[measure] op=delete count=1878 us=5143 rss_peak_bytes=136019968
[measure] op=reserve-finalize count=1879 us=9573 rss_peak_bytes=136036352
[measure] op=delete count=1879 us=5045 rss_peak_bytes=136036352
[measure] op=reserve-finalize count=1880 us=9745 rss_peak_bytes=136036352
[measure] op=delete count=1880 us=5372 rss_peak_bytes=136036352
[measure] op=reserve-finalize count=1881 us=9962 rss_peak_bytes=136052736
[measure] op=delete count=1881 us=5465 rss_peak_bytes=136052736
[measure] op=reserve-finalize count=1882 us=9741 rss_peak_bytes=136052736
[measure] op=delete count=1882 us=5607 rss_peak_bytes=136052736
[measure] op=reserve-finalize count=1883 us=10285 rss_peak_bytes=136052736
[measure] op=delete count=1883 us=5272 rss_peak_bytes=136052736
[measure] op=reserve-finalize count=1884 us=10245 rss_peak_bytes=136052736
[measure] op=delete count=1884 us=5363 rss_peak_bytes=136052736
[measure] op=reserve-finalize count=1885 us=10058 rss_peak_bytes=136052736
[measure] op=delete count=1885 us=5224 rss_peak_bytes=136052736
[measure] op=reserve-finalize count=1886 us=9839 rss_peak_bytes=136052736
[measure] op=delete count=1886 us=5189 rss_peak_bytes=136052736
[measure] op=reserve-finalize count=1887 us=9815 rss_peak_bytes=136052736
[measure] op=delete count=1887 us=5180 rss_peak_bytes=136052736
[measure] op=reserve-finalize count=1888 us=9655 rss_peak_bytes=136052736
[measure] op=delete count=1888 us=5371 rss_peak_bytes=136052736
[child] exit=0 signal=0
[measure] op=incremental-native-observe count=7552 us=1420083 rss_peak_bytes=136052736
[measure] op=reserve-finalize count=1889 us=10477 rss_peak_bytes=136052736
[measure] op=delete count=1889 us=5522 rss_peak_bytes=136052736
[measure] op=reserve-finalize count=1890 us=9604 rss_peak_bytes=136052736
[measure] op=delete count=1890 us=5447 rss_peak_bytes=136052736
[measure] op=reserve-finalize count=1891 us=9695 rss_peak_bytes=136052736
[measure] op=delete count=1891 us=5306 rss_peak_bytes=136052736
[measure] op=reserve-finalize count=1892 us=9770 rss_peak_bytes=136052736
[measure] op=delete count=1892 us=5215 rss_peak_bytes=136052736
[measure] op=reserve-finalize count=1893 us=9889 rss_peak_bytes=136052736
[measure] op=delete count=1893 us=5598 rss_peak_bytes=136052736
[measure] op=reserve-finalize count=1894 us=9806 rss_peak_bytes=136052736
[measure] op=delete count=1894 us=5725 rss_peak_bytes=136052736
[measure] op=reserve-finalize count=1895 us=9939 rss_peak_bytes=136052736
[measure] op=delete count=1895 us=5730 rss_peak_bytes=136052736
[measure] op=reserve-finalize count=1896 us=9785 rss_peak_bytes=136052736
[measure] op=delete count=1896 us=5214 rss_peak_bytes=136052736
[measure] op=reserve-finalize count=1897 us=9847 rss_peak_bytes=136069120
[measure] op=delete count=1897 us=5426 rss_peak_bytes=136085504
[measure] op=reserve-finalize count=1898 us=9819 rss_peak_bytes=136085504
[measure] op=delete count=1898 us=5637 rss_peak_bytes=136085504
[measure] op=reserve-finalize count=1899 us=9549 rss_peak_bytes=136085504
[measure] op=delete count=1899 us=5072 rss_peak_bytes=136085504
[measure] op=reserve-finalize count=1900 us=9413 rss_peak_bytes=136085504
[measure] op=delete count=1900 us=5164 rss_peak_bytes=136085504
[measure] op=reserve-finalize count=1901 us=9495 rss_peak_bytes=136085504
[measure] op=delete count=1901 us=5143 rss_peak_bytes=136085504
[measure] op=reserve-finalize count=1902 us=9490 rss_peak_bytes=136101888
[measure] op=delete count=1902 us=5888 rss_peak_bytes=136101888
[measure] op=reserve-finalize count=1903 us=9666 rss_peak_bytes=136101888
[measure] op=delete count=1903 us=5452 rss_peak_bytes=136101888
[measure] op=reserve-finalize count=1904 us=9507 rss_peak_bytes=136101888
[measure] op=delete count=1904 us=5147 rss_peak_bytes=136101888
[measure] op=reserve-finalize count=1905 us=9697 rss_peak_bytes=136101888
[measure] op=delete count=1905 us=5151 rss_peak_bytes=136101888
[measure] op=reserve-finalize count=1906 us=9466 rss_peak_bytes=136118272
[measure] op=delete count=1906 us=5368 rss_peak_bytes=136118272
[measure] op=reserve-finalize count=1907 us=9660 rss_peak_bytes=136118272
[measure] op=delete count=1907 us=5177 rss_peak_bytes=136118272
[measure] op=reserve-finalize count=1908 us=9775 rss_peak_bytes=136118272
[measure] op=delete count=1908 us=5363 rss_peak_bytes=136118272
[measure] op=reserve-finalize count=1909 us=9526 rss_peak_bytes=136118272
[measure] op=delete count=1909 us=5170 rss_peak_bytes=136134656
[measure] op=reserve-finalize count=1910 us=9571 rss_peak_bytes=136134656
[measure] op=delete count=1910 us=5260 rss_peak_bytes=136134656
[measure] op=reserve-finalize count=1911 us=9884 rss_peak_bytes=136134656
[measure] op=delete count=1911 us=5192 rss_peak_bytes=136134656
[measure] op=reserve-finalize count=1912 us=9734 rss_peak_bytes=136134656
[measure] op=delete count=1912 us=5331 rss_peak_bytes=136134656
[measure] op=reserve-finalize count=1913 us=9655 rss_peak_bytes=136151040
[measure] op=delete count=1913 us=5633 rss_peak_bytes=136151040
[measure] op=reserve-finalize count=1914 us=9674 rss_peak_bytes=136151040
[measure] op=delete count=1914 us=5363 rss_peak_bytes=136151040
[measure] op=reserve-finalize count=1915 us=9892 rss_peak_bytes=136167424
[measure] op=delete count=1915 us=5447 rss_peak_bytes=136167424
[measure] op=reserve-finalize count=1916 us=9760 rss_peak_bytes=136167424
[measure] op=delete count=1916 us=624818 rss_peak_bytes=136937472
[measure] op=reserve-finalize count=1917 us=9528 rss_peak_bytes=136937472
[measure] op=delete count=1917 us=5262 rss_peak_bytes=136937472
[measure] op=reserve-finalize count=1918 us=9497 rss_peak_bytes=136937472
[measure] op=delete count=1918 us=5064 rss_peak_bytes=136937472
[measure] op=reserve-finalize count=1919 us=9528 rss_peak_bytes=136937472
[measure] op=delete count=1919 us=5360 rss_peak_bytes=136937472
[measure] op=reserve-finalize count=1920 us=9732 rss_peak_bytes=136937472
[measure] op=delete count=1920 us=5306 rss_peak_bytes=136937472
[child] exit=0 signal=0
[measure] op=incremental-native-observe count=7680 us=1440147 rss_peak_bytes=136937472
[measure] op=reserve-finalize count=1921 us=10595 rss_peak_bytes=136937472
[measure] op=delete count=1921 us=5355 rss_peak_bytes=136937472
[measure] op=reserve-finalize count=1922 us=9503 rss_peak_bytes=136937472
[measure] op=delete count=1922 us=5487 rss_peak_bytes=136937472
[measure] op=reserve-finalize count=1923 us=9578 rss_peak_bytes=136937472
[measure] op=delete count=1923 us=5510 rss_peak_bytes=136937472
[measure] op=reserve-finalize count=1924 us=9456 rss_peak_bytes=136937472
[measure] op=delete count=1924 us=5585 rss_peak_bytes=136937472
[measure] op=reserve-finalize count=1925 us=9526 rss_peak_bytes=136937472
[measure] op=delete count=1925 us=5382 rss_peak_bytes=136937472
[measure] op=reserve-finalize count=1926 us=10159 rss_peak_bytes=136937472
[measure] op=delete count=1926 us=5367 rss_peak_bytes=136953856
[measure] op=reserve-finalize count=1927 us=9400 rss_peak_bytes=136953856
[measure] op=delete count=1927 us=5186 rss_peak_bytes=136953856
[measure] op=reserve-finalize count=1928 us=9555 rss_peak_bytes=136953856
[measure] op=delete count=1928 us=5322 rss_peak_bytes=136953856
[measure] op=reserve-finalize count=1929 us=9811 rss_peak_bytes=136953856
[measure] op=delete count=1929 us=5477 rss_peak_bytes=136953856
[measure] op=reserve-finalize count=1930 us=9531 rss_peak_bytes=136953856
[measure] op=delete count=1930 us=5454 rss_peak_bytes=136953856
[measure] op=reserve-finalize count=1931 us=9631 rss_peak_bytes=136953856
[measure] op=delete count=1931 us=5139 rss_peak_bytes=136953856
[measure] op=reserve-finalize count=1932 us=9284 rss_peak_bytes=136953856
[measure] op=delete count=1932 us=5200 rss_peak_bytes=136953856
[measure] op=reserve-finalize count=1933 us=9510 rss_peak_bytes=136970240
[measure] op=delete count=1933 us=5324 rss_peak_bytes=136970240
[measure] op=reserve-finalize count=1934 us=9924 rss_peak_bytes=136970240
[measure] op=delete count=1934 us=5427 rss_peak_bytes=136970240
[measure] op=reserve-finalize count=1935 us=9961 rss_peak_bytes=136970240
[measure] op=delete count=1935 us=5283 rss_peak_bytes=136970240
[measure] op=reserve-finalize count=1936 us=9957 rss_peak_bytes=136970240
[measure] op=delete count=1936 us=5621 rss_peak_bytes=136970240
[measure] op=reserve-finalize count=1937 us=9461 rss_peak_bytes=136970240
[measure] op=delete count=1937 us=5127 rss_peak_bytes=136970240
[measure] op=reserve-finalize count=1938 us=9410 rss_peak_bytes=136970240
[measure] op=delete count=1938 us=5196 rss_peak_bytes=136970240
[measure] op=reserve-finalize count=1939 us=9611 rss_peak_bytes=136970240
[measure] op=delete count=1939 us=5013 rss_peak_bytes=136970240
[measure] op=reserve-finalize count=1940 us=9442 rss_peak_bytes=136970240
[measure] op=delete count=1940 us=5430 rss_peak_bytes=136986624
[measure] op=reserve-finalize count=1941 us=9603 rss_peak_bytes=136986624
[measure] op=delete count=1941 us=5128 rss_peak_bytes=137003008
[measure] op=reserve-finalize count=1942 us=9625 rss_peak_bytes=137003008
[measure] op=delete count=1942 us=5255 rss_peak_bytes=137003008
[measure] op=reserve-finalize count=1943 us=9829 rss_peak_bytes=137003008
[measure] op=delete count=1943 us=5122 rss_peak_bytes=137003008
[measure] op=reserve-finalize count=1944 us=9980 rss_peak_bytes=137003008
[measure] op=delete count=1944 us=5480 rss_peak_bytes=137003008
[measure] op=reserve-finalize count=1945 us=10346 rss_peak_bytes=137019392
[measure] op=delete count=1945 us=5469 rss_peak_bytes=137019392
[measure] op=reserve-finalize count=1946 us=9792 rss_peak_bytes=137019392
[measure] op=delete count=1946 us=5098 rss_peak_bytes=137019392
[measure] op=reserve-finalize count=1947 us=9488 rss_peak_bytes=137019392
[measure] op=delete count=1947 us=5143 rss_peak_bytes=137019392
[measure] op=reserve-finalize count=1948 us=9669 rss_peak_bytes=137019392
[measure] op=delete count=1948 us=5483 rss_peak_bytes=137019392
[measure] op=reserve-finalize count=1949 us=9365 rss_peak_bytes=137035776
[measure] op=delete count=1949 us=5092 rss_peak_bytes=137035776
[measure] op=reserve-finalize count=1950 us=9665 rss_peak_bytes=137035776
[measure] op=delete count=1950 us=5202 rss_peak_bytes=137035776
[measure] op=reserve-finalize count=1951 us=9736 rss_peak_bytes=137052160
[measure] op=delete count=1951 us=5193 rss_peak_bytes=137052160
[measure] op=reserve-finalize count=1952 us=9433 rss_peak_bytes=137052160
[measure] op=delete count=1952 us=5041 rss_peak_bytes=137052160
[child] exit=0 signal=0
[measure] op=incremental-native-observe count=7808 us=1463027 rss_peak_bytes=137052160
[measure] op=reserve-finalize count=1953 us=10922 rss_peak_bytes=137068544
[measure] op=delete count=1953 us=5609 rss_peak_bytes=137068544
[measure] op=reserve-finalize count=1954 us=9748 rss_peak_bytes=137068544
[measure] op=delete count=1954 us=5664 rss_peak_bytes=137068544
[measure] op=reserve-finalize count=1955 us=9747 rss_peak_bytes=137068544
[measure] op=delete count=1955 us=5213 rss_peak_bytes=137068544
[measure] op=reserve-finalize count=1956 us=9841 rss_peak_bytes=137068544
[measure] op=delete count=1956 us=5220 rss_peak_bytes=137068544
[measure] op=reserve-finalize count=1957 us=9585 rss_peak_bytes=137068544
[measure] op=delete count=1957 us=5316 rss_peak_bytes=137068544
[measure] op=reserve-finalize count=1958 us=9571 rss_peak_bytes=137068544
[measure] op=delete count=1958 us=5253 rss_peak_bytes=137068544
[measure] op=reserve-finalize count=1959 us=9705 rss_peak_bytes=137068544
[measure] op=delete count=1959 us=5138 rss_peak_bytes=137068544
[measure] op=reserve-finalize count=1960 us=9800 rss_peak_bytes=137068544
[measure] op=delete count=1960 us=5331 rss_peak_bytes=137068544
[measure] op=reserve-finalize count=1961 us=9772 rss_peak_bytes=137068544
[measure] op=delete count=1961 us=5442 rss_peak_bytes=137068544
[measure] op=reserve-finalize count=1962 us=9405 rss_peak_bytes=137068544
[measure] op=delete count=1962 us=5098 rss_peak_bytes=137068544
[measure] op=reserve-finalize count=1963 us=9429 rss_peak_bytes=137068544
[measure] op=delete count=1963 us=5029 rss_peak_bytes=137068544
[measure] op=reserve-finalize count=1964 us=9414 rss_peak_bytes=137068544
[measure] op=delete count=1964 us=5043 rss_peak_bytes=137068544
[measure] op=reserve-finalize count=1965 us=9319 rss_peak_bytes=137068544
[measure] op=delete count=1965 us=5204 rss_peak_bytes=137068544
[measure] op=reserve-finalize count=1966 us=9705 rss_peak_bytes=137068544
[measure] op=delete count=1966 us=5150 rss_peak_bytes=137068544
[measure] op=reserve-finalize count=1967 us=9908 rss_peak_bytes=137068544
[measure] op=delete count=1967 us=5464 rss_peak_bytes=137068544
[measure] op=reserve-finalize count=1968 us=9559 rss_peak_bytes=137068544
[measure] op=delete count=1968 us=5247 rss_peak_bytes=137068544
[measure] op=reserve-finalize count=1969 us=9602 rss_peak_bytes=137084928
[measure] op=delete count=1969 us=5115 rss_peak_bytes=137084928
[measure] op=reserve-finalize count=1970 us=9538 rss_peak_bytes=137084928
[measure] op=delete count=1970 us=5389 rss_peak_bytes=137084928
[measure] op=reserve-finalize count=1971 us=9378 rss_peak_bytes=137084928
[measure] op=delete count=1971 us=5365 rss_peak_bytes=137084928
[measure] op=reserve-finalize count=1972 us=9757 rss_peak_bytes=137084928
[measure] op=delete count=1972 us=691143 rss_peak_bytes=137871360
[measure] op=reserve-finalize count=1973 us=11238 rss_peak_bytes=137871360
[measure] op=delete count=1973 us=5363 rss_peak_bytes=137887744
[measure] op=reserve-finalize count=1974 us=10140 rss_peak_bytes=137887744
[measure] op=delete count=1974 us=5142 rss_peak_bytes=137887744
[measure] op=reserve-finalize count=1975 us=9939 rss_peak_bytes=137887744
[measure] op=delete count=1975 us=5122 rss_peak_bytes=137887744
[measure] op=reserve-finalize count=1976 us=9631 rss_peak_bytes=137887744
[measure] op=delete count=1976 us=5150 rss_peak_bytes=137887744
[measure] op=reserve-finalize count=1977 us=9539 rss_peak_bytes=137904128
[measure] op=delete count=1977 us=5170 rss_peak_bytes=137904128
[measure] op=reserve-finalize count=1978 us=9646 rss_peak_bytes=137904128
[measure] op=delete count=1978 us=5403 rss_peak_bytes=137904128
[measure] op=reserve-finalize count=1979 us=9507 rss_peak_bytes=137904128
[measure] op=delete count=1979 us=5587 rss_peak_bytes=137904128
[measure] op=reserve-finalize count=1980 us=9591 rss_peak_bytes=137904128
[measure] op=delete count=1980 us=5585 rss_peak_bytes=137904128
[measure] op=reserve-finalize count=1981 us=9610 rss_peak_bytes=137904128
[measure] op=delete count=1981 us=5456 rss_peak_bytes=137904128
[measure] op=reserve-finalize count=1982 us=9476 rss_peak_bytes=137904128
[measure] op=delete count=1982 us=5118 rss_peak_bytes=137920512
[measure] op=reserve-finalize count=1983 us=9486 rss_peak_bytes=137920512
[measure] op=delete count=1983 us=5080 rss_peak_bytes=137936896
[measure] op=reserve-finalize count=1984 us=9495 rss_peak_bytes=137936896
[measure] op=delete count=1984 us=5188 rss_peak_bytes=137936896
[child] exit=0 signal=0
[measure] op=incremental-native-observe count=7936 us=1508552 rss_peak_bytes=137936896
[measure] op=reserve-finalize count=1985 us=10038 rss_peak_bytes=137936896
[measure] op=delete count=1985 us=5455 rss_peak_bytes=137936896
[measure] op=reserve-finalize count=1986 us=9554 rss_peak_bytes=137936896
[measure] op=delete count=1986 us=5337 rss_peak_bytes=137936896
[measure] op=reserve-finalize count=1987 us=9680 rss_peak_bytes=137953280
[measure] op=delete count=1987 us=5857 rss_peak_bytes=137953280
[measure] op=reserve-finalize count=1988 us=9663 rss_peak_bytes=137953280
[measure] op=delete count=1988 us=5478 rss_peak_bytes=137953280
[measure] op=reserve-finalize count=1989 us=9426 rss_peak_bytes=137953280
[measure] op=delete count=1989 us=5408 rss_peak_bytes=137953280
[measure] op=reserve-finalize count=1990 us=9825 rss_peak_bytes=137953280
[measure] op=delete count=1990 us=5209 rss_peak_bytes=137953280
[measure] op=reserve-finalize count=1991 us=9765 rss_peak_bytes=137969664
[measure] op=delete count=1991 us=5184 rss_peak_bytes=137969664
[measure] op=reserve-finalize count=1992 us=9529 rss_peak_bytes=137969664
[measure] op=delete count=1992 us=5167 rss_peak_bytes=137969664
[measure] op=reserve-finalize count=1993 us=9372 rss_peak_bytes=137969664
[measure] op=delete count=1993 us=5261 rss_peak_bytes=137969664
[measure] op=reserve-finalize count=1994 us=9673 rss_peak_bytes=137969664
[measure] op=delete count=1994 us=5685 rss_peak_bytes=137969664
[measure] op=reserve-finalize count=1995 us=9836 rss_peak_bytes=137969664
[measure] op=delete count=1995 us=5518 rss_peak_bytes=137969664
[measure] op=reserve-finalize count=1996 us=10035 rss_peak_bytes=137969664
[measure] op=delete count=1996 us=5286 rss_peak_bytes=137969664
[measure] op=reserve-finalize count=1997 us=9371 rss_peak_bytes=137969664
[measure] op=delete count=1997 us=5064 rss_peak_bytes=137969664
[measure] op=reserve-finalize count=1998 us=9356 rss_peak_bytes=137969664
[measure] op=delete count=1998 us=5188 rss_peak_bytes=137969664
[measure] op=reserve-finalize count=1999 us=9564 rss_peak_bytes=137969664
[measure] op=delete count=1999 us=5074 rss_peak_bytes=137969664
[measure] op=reserve-finalize count=2000 us=9343 rss_peak_bytes=137969664
[measure] op=delete count=2000 us=5171 rss_peak_bytes=137969664
[measure] op=reserve-finalize count=2001 us=9752 rss_peak_bytes=137969664
[measure] op=delete count=2001 us=5163 rss_peak_bytes=137969664
[measure] op=reserve-finalize count=2002 us=9729 rss_peak_bytes=137969664
[measure] op=delete count=2002 us=5139 rss_peak_bytes=137969664
[measure] op=reserve-finalize count=2003 us=9385 rss_peak_bytes=137969664
[measure] op=delete count=2003 us=5083 rss_peak_bytes=137969664
[measure] op=reserve-finalize count=2004 us=9344 rss_peak_bytes=137969664
[measure] op=delete count=2004 us=5323 rss_peak_bytes=137969664
[measure] op=reserve-finalize count=2005 us=9588 rss_peak_bytes=137969664
[measure] op=delete count=2005 us=5225 rss_peak_bytes=137969664
[measure] op=reserve-finalize count=2006 us=9632 rss_peak_bytes=137969664
[measure] op=delete count=2006 us=5179 rss_peak_bytes=137969664
[measure] op=reserve-finalize count=2007 us=9570 rss_peak_bytes=137969664
[measure] op=delete count=2007 us=5226 rss_peak_bytes=137969664
[measure] op=reserve-finalize count=2008 us=9481 rss_peak_bytes=137969664
[measure] op=delete count=2008 us=5241 rss_peak_bytes=137969664
[measure] op=reserve-finalize count=2009 us=9657 rss_peak_bytes=137969664
[measure] op=delete count=2009 us=5248 rss_peak_bytes=137969664
[measure] op=reserve-finalize count=2010 us=9299 rss_peak_bytes=137969664
[measure] op=delete count=2010 us=5231 rss_peak_bytes=137969664
[measure] op=reserve-finalize count=2011 us=9469 rss_peak_bytes=137969664
[measure] op=delete count=2011 us=5664 rss_peak_bytes=137969664
[measure] op=reserve-finalize count=2012 us=9723 rss_peak_bytes=137969664
[measure] op=delete count=2012 us=5706 rss_peak_bytes=137969664
[measure] op=reserve-finalize count=2013 us=9632 rss_peak_bytes=137969664
[measure] op=delete count=2013 us=5748 rss_peak_bytes=137969664
[measure] op=reserve-finalize count=2014 us=9741 rss_peak_bytes=137969664
[measure] op=delete count=2014 us=5652 rss_peak_bytes=137969664
[measure] op=reserve-finalize count=2015 us=9891 rss_peak_bytes=137969664
[measure] op=delete count=2015 us=5458 rss_peak_bytes=137969664
[measure] op=reserve-finalize count=2016 us=9810 rss_peak_bytes=137969664
[measure] op=delete count=2016 us=5201 rss_peak_bytes=137969664
[child] exit=0 signal=0
[measure] op=incremental-native-observe count=8064 us=1509935 rss_peak_bytes=137969664
[measure] op=reserve-finalize count=2017 us=10050 rss_peak_bytes=137969664
[measure] op=delete count=2017 us=5337 rss_peak_bytes=137969664
[measure] op=reserve-finalize count=2018 us=9553 rss_peak_bytes=137969664
[measure] op=delete count=2018 us=5161 rss_peak_bytes=137969664
[measure] op=reserve-finalize count=2019 us=9537 rss_peak_bytes=137969664
[measure] op=delete count=2019 us=5594 rss_peak_bytes=137969664
[measure] op=reserve-finalize count=2020 us=9816 rss_peak_bytes=137969664
[measure] op=delete count=2020 us=5600 rss_peak_bytes=137969664
[measure] op=reserve-finalize count=2021 us=9904 rss_peak_bytes=137969664
[measure] op=delete count=2021 us=5600 rss_peak_bytes=137969664
[measure] op=reserve-finalize count=2022 us=9787 rss_peak_bytes=137969664
[measure] op=delete count=2022 us=5294 rss_peak_bytes=137969664
[measure] op=reserve-finalize count=2023 us=9676 rss_peak_bytes=137969664
[measure] op=delete count=2023 us=5092 rss_peak_bytes=137969664
[measure] op=reserve-finalize count=2024 us=9417 rss_peak_bytes=137969664
[measure] op=delete count=2024 us=5104 rss_peak_bytes=137969664
[measure] op=reserve-finalize count=2025 us=9821 rss_peak_bytes=137969664
[measure] op=delete count=2025 us=5566 rss_peak_bytes=137969664
[measure] op=reserve-finalize count=2026 us=11490 rss_peak_bytes=137969664
[measure] op=delete count=2026 us=5316 rss_peak_bytes=137969664
[measure] op=reserve-finalize count=2027 us=9789 rss_peak_bytes=137969664
[measure] op=delete count=2027 us=5601 rss_peak_bytes=137969664
[measure] op=reserve-finalize count=2028 us=9585 rss_peak_bytes=137969664
[measure] op=delete count=2028 us=658390 rss_peak_bytes=143048704
[measure] op=reserve-finalize count=2029 us=9678 rss_peak_bytes=143048704
[measure] op=delete count=2029 us=5072 rss_peak_bytes=143048704
[measure] op=reserve-finalize count=2030 us=9407 rss_peak_bytes=143048704
[measure] op=delete count=2030 us=5127 rss_peak_bytes=143048704
[measure] op=reserve-finalize count=2031 us=9610 rss_peak_bytes=143048704
[measure] op=delete count=2031 us=5218 rss_peak_bytes=143048704
[measure] op=reserve-finalize count=2032 us=9698 rss_peak_bytes=143048704
[measure] op=delete count=2032 us=5504 rss_peak_bytes=143048704
[measure] op=reserve-finalize count=2033 us=9472 rss_peak_bytes=143048704
[measure] op=delete count=2033 us=5430 rss_peak_bytes=143048704
[measure] op=reserve-finalize count=2034 us=9445 rss_peak_bytes=143065088
[measure] op=delete count=2034 us=5352 rss_peak_bytes=143065088
[measure] op=reserve-finalize count=2035 us=9563 rss_peak_bytes=143065088
[measure] op=delete count=2035 us=5298 rss_peak_bytes=143065088
[measure] op=reserve-finalize count=2036 us=9536 rss_peak_bytes=143065088
[measure] op=delete count=2036 us=5236 rss_peak_bytes=143065088
[measure] op=reserve-finalize count=2037 us=9433 rss_peak_bytes=143065088
[measure] op=delete count=2037 us=5397 rss_peak_bytes=143081472
[measure] op=reserve-finalize count=2038 us=9979 rss_peak_bytes=143081472
[measure] op=delete count=2038 us=5964 rss_peak_bytes=143081472
[measure] op=reserve-finalize count=2039 us=9729 rss_peak_bytes=143081472
[measure] op=delete count=2039 us=5127 rss_peak_bytes=143081472
[measure] op=reserve-finalize count=2040 us=9756 rss_peak_bytes=143081472
[measure] op=delete count=2040 us=6299 rss_peak_bytes=143097856
[measure] op=reserve-finalize count=2041 us=10161 rss_peak_bytes=143130624
[measure] op=delete count=2041 us=5627 rss_peak_bytes=143130624
[measure] op=reserve-finalize count=2042 us=9538 rss_peak_bytes=143130624
[measure] op=delete count=2042 us=5155 rss_peak_bytes=143130624
[measure] op=reserve-finalize count=2043 us=9490 rss_peak_bytes=143130624
[measure] op=delete count=2043 us=5294 rss_peak_bytes=143130624
[measure] op=reserve-finalize count=2044 us=9792 rss_peak_bytes=143130624
[measure] op=delete count=2044 us=5299 rss_peak_bytes=143130624
[measure] op=reserve-finalize count=2045 us=9589 rss_peak_bytes=143130624
[measure] op=delete count=2045 us=5355 rss_peak_bytes=143130624
[measure] op=reserve-finalize count=2046 us=9496 rss_peak_bytes=143130624
[measure] op=delete count=2046 us=5098 rss_peak_bytes=143130624
[measure] op=reserve-finalize count=2047 us=9460 rss_peak_bytes=143130624
[measure] op=delete count=2047 us=5110 rss_peak_bytes=143130624
[measure] op=reserve-finalize count=2048 us=9409 rss_peak_bytes=143130624
[measure] op=delete count=2048 us=5198 rss_peak_bytes=143130624
[child] exit=0 signal=0
[measure] op=incremental-native-observe count=8192 us=1528239 rss_peak_bytes=143130624
[measure] op=reserve-finalize count=2049 us=10132 rss_peak_bytes=143130624
[measure] op=delete count=2049 us=5898 rss_peak_bytes=143147008
[pass] B07-S02 independent-current count=2049 deleted=1
[measure] op=query-and-independent-hash-outside-product-timing count=2049 us=290103 rss_peak_bytes=143147008
[measure] op=checkpoint count=2049 us=656373 rss_peak_bytes=143425536
[child] exit=0 signal=0
[measure] op=incremental-native-observe count=8196 us=1513267 rss_peak_bytes=143425536
[pass] B08-C01 complete-drain count=2049 mutations=8196
[pass] B08-C01 snapshot-count=1 count=2049 bytes=7027713 generation=39
[pass] B07-S03 checkpoint-old-detail-unchanged count=2049
[measure] op=reopen-sqlite count=2049 us=3650380 rss_peak_bytes=129613824
[pass] B07-S02 independent-current count=2049 deleted=1
[measure] op=query-and-independent-hash-outside-product-timing count=2049 us=286739 rss_peak_bytes=129613824
[recording-latency] {"k":0,"o":1,"s":1,"l":557,"m":1,"t":1,"r":0,"b":0,"a":334,"e":1249144000,"n":1,"w":334,"h":1249143666,"x":334,"y":1249143666}
[recording-slow-summary] {"seen":1,"retained":1,"thresholdNs":10000000}
[recording-complete-summary] {"lockCount":4102,"spanCount":0,"maxWaitNs":1000,"maxHoldNs":1249143666,"maxSpanNs":0,"countOverflow":false}
[child] exit=0 signal=0
[measure] op=reopen-jsonl count=2049 us=3510782 rss_peak_bytes=118210560
[pass] B07-S02 independent-current count=2049 deleted=1
[measure] op=query-and-independent-hash-outside-product-timing count=2049 us=289461 rss_peak_bytes=118210560
[recording-latency] {"k":0,"o":1,"s":1,"l":557,"m":1,"t":1,"r":0,"b":0,"a":334,"e":1116834625,"n":1,"w":334,"h":1116834291,"x":334,"y":1116834291}
[recording-slow-summary] {"seen":1,"retained":1,"thresholdNs":10000000}
[recording-complete-summary] {"lockCount":4102,"spanCount":0,"maxWaitNs":375,"maxHoldNs":1116834291,"maxSpanNs":0,"countOverflow":false}
[child] exit=0 signal=0
[bytes] count=2049 kind=active bytes=38496072
[bytes] count=2049 kind=identity bytes=3387912
[bytes] count=2049 kind=media bytes=55626
[bytes] count=2049 kind=other bytes=34367
[bytes] count=2049 kind=snapshot bytes=7027713
[bytes] count=2049 kind=sqlite bytes=10924032
[bytes] count=2049 kind=total bytes=59925722
[pass] B07-S03 isolated-pin-protection
[summary] generation_scale_pass=true mode=bounded-deleted template_only=true fresh_full_observer_drain=not-run
[recording-latency] {"k":0,"o":1,"s":1,"l":2749,"m":4,"t":1,"r":0,"b":8725532041,"a":8725532083,"e":8844084666,"n":1,"w":42,"h":118552583,"x":42,"y":118552583}
[recording-latency] {"k":1,"o":7,"s":1,"l":1894,"m":4,"t":1,"r":0,"b":10600024750,"a":10600024750,"e":10735203958,"n":1,"w":0,"h":135179208,"x":0,"y":135179208}
[recording-latency] {"k":0,"o":1,"s":1,"l":2749,"m":4,"t":1,"r":0,"b":10599884583,"a":10599884625,"e":10735205458,"n":1,"w":42,"h":135320833,"x":42,"y":135320833}
[recording-latency] {"k":1,"o":7,"s":1,"l":1894,"m":4,"t":1,"r":0,"b":12103209666,"a":12103209666,"e":12254769250,"n":1,"w":0,"h":151559584,"x":0,"y":151559584}
[recording-latency] {"k":0,"o":1,"s":1,"l":2749,"m":4,"t":1,"r":0,"b":12103058416,"a":12103058458,"e":12254770416,"n":1,"w":42,"h":151711958,"x":42,"y":151711958}
[recording-latency] {"k":1,"o":7,"s":1,"l":1894,"m":4,"t":1,"r":0,"b":14126496125,"a":14126496125,"e":14298351916,"n":1,"w":0,"h":171855791,"x":0,"y":171855791}
[recording-latency] {"k":0,"o":1,"s":1,"l":2749,"m":4,"t":1,"r":0,"b":14126351208,"a":14126351250,"e":14298353083,"n":1,"w":42,"h":172001833,"x":42,"y":172001833}
[recording-latency] {"k":1,"o":7,"s":1,"l":1894,"m":4,"t":1,"r":0,"b":16261161291,"a":16261161291,"e":16448519000,"n":1,"w":0,"h":187357709,"x":0,"y":187357709}
[recording-latency] {"k":0,"o":1,"s":1,"l":2749,"m":4,"t":1,"r":0,"b":16261020625,"a":16261020666,"e":16448520375,"n":1,"w":41,"h":187499709,"x":41,"y":187499709}
[recording-latency] {"k":1,"o":7,"s":1,"l":1894,"m":4,"t":1,"r":0,"b":18499129958,"a":18499129958,"e":18703220625,"n":1,"w":0,"h":204090667,"x":0,"y":204090667}
[recording-latency] {"k":0,"o":1,"s":1,"l":2749,"m":4,"t":1,"r":0,"b":18498985291,"a":18498985333,"e":18703221625,"n":1,"w":42,"h":204236292,"x":42,"y":204236292}
[recording-latency] {"k":1,"o":7,"s":1,"l":1894,"m":4,"t":1,"r":0,"b":20217711916,"a":20217711916,"e":20440564916,"n":1,"w":0,"h":222853000,"x":0,"y":222853000}
[recording-latency] {"k":0,"o":1,"s":1,"l":2749,"m":4,"t":1,"r":0,"b":20217559500,"a":20217559541,"e":20440566083,"n":1,"w":41,"h":223006542,"x":41,"y":223006542}
[recording-latency] {"k":1,"o":7,"s":1,"l":1894,"m":4,"t":1,"r":0,"b":22609699500,"a":22609699500,"e":22849678333,"n":1,"w":0,"h":239978833,"x":0,"y":239978833}
[recording-latency] {"k":0,"o":1,"s":1,"l":2749,"m":4,"t":1,"r":0,"b":22609558458,"a":22609558500,"e":22849679500,"n":1,"w":42,"h":240121000,"x":42,"y":240121000}
[recording-latency] {"k":1,"o":7,"s":1,"l":1894,"m":4,"t":1,"r":0,"b":25112525125,"a":25112525125,"e":25369682958,"n":1,"w":0,"h":257157833,"x":0,"y":257157833}
[recording-latency] {"k":0,"o":1,"s":1,"l":2749,"m":4,"t":1,"r":0,"b":25112371875,"a":25112371958,"e":25369684166,"n":1,"w":83,"h":257312208,"x":83,"y":257312208}
[recording-latency] {"k":1,"o":7,"s":1,"l":1894,"m":4,"t":1,"r":0,"b":27723356291,"a":27723356291,"e":28000551208,"n":1,"w":0,"h":277194917,"x":0,"y":277194917}
[recording-latency] {"k":0,"o":1,"s":1,"l":2749,"m":4,"t":1,"r":0,"b":27723216166,"a":27723216208,"e":28000552833,"n":1,"w":42,"h":277336625,"x":42,"y":277336625}
[recording-latency] {"k":1,"o":7,"s":1,"l":1894,"m":4,"t":1,"r":0,"b":29656483916,"a":29656483916,"e":29950635625,"n":1,"w":0,"h":294151709,"x":0,"y":294151709}
[recording-latency] {"k":0,"o":1,"s":1,"l":2749,"m":4,"t":1,"r":0,"b":29656341500,"a":29656341541,"e":29950637541,"n":1,"w":41,"h":294296000,"x":41,"y":294296000}
[recording-latency] {"k":1,"o":7,"s":1,"l":1894,"m":4,"t":1,"r":0,"b":32408542500,"a":32408542500,"e":32722524916,"n":1,"w":0,"h":313982416,"x":0,"y":313982416}
[recording-latency] {"k":0,"o":1,"s":1,"l":2749,"m":4,"t":1,"r":0,"b":32408398416,"a":32408398458,"e":32722526291,"n":1,"w":42,"h":314127833,"x":42,"y":314127833}
[recording-latency] {"k":1,"o":7,"s":1,"l":1894,"m":4,"t":1,"r":0,"b":35275149166,"a":35275149166,"e":35605427083,"n":1,"w":0,"h":330277917,"x":0,"y":330277917}
[recording-latency] {"k":0,"o":1,"s":1,"l":2749,"m":4,"t":1,"r":0,"b":35275004916,"a":35275004958,"e":35605428291,"n":1,"w":42,"h":330423333,"x":42,"y":330423333}
[recording-latency] {"k":0,"o":1,"s":1,"l":662,"m":4,"t":1,"r":0,"b":36544021083,"a":36544021541,"e":36871868625,"n":1,"w":458,"h":327847084,"x":458,"y":327847084}
[recording-latency] {"k":0,"o":1,"s":1,"l":557,"m":4,"t":1,"r":0,"b":43749854875,"a":43749854916,"e":44371167583,"n":1,"w":41,"h":621312667,"x":41,"y":621312667}
[recording-latency] {"k":1,"o":7,"s":1,"l":1894,"m":4,"t":1,"r":0,"b":46998559208,"a":46998559208,"e":47352536541,"n":1,"w":0,"h":353977333,"x":0,"y":353977333}
[recording-latency] {"k":0,"o":1,"s":1,"l":2749,"m":4,"t":1,"r":0,"b":46998412625,"a":46998412666,"e":47352537833,"n":1,"w":41,"h":354125167,"x":41,"y":354125167}
[recording-latency] {"k":1,"o":7,"s":1,"l":1894,"m":4,"t":1,"r":0,"b":50086106458,"a":50086106458,"e":50452883208,"n":1,"w":0,"h":366776750,"x":0,"y":366776750}
[recording-latency] {"k":0,"o":1,"s":1,"l":2749,"m":4,"t":1,"r":0,"b":50085947458,"a":50085947500,"e":50452884250,"n":1,"w":42,"h":366936750,"x":42,"y":366936750}
[recording-latency] {"k":1,"o":7,"s":1,"l":1894,"m":4,"t":1,"r":0,"b":53269003000,"a":53269003000,"e":53654791333,"n":1,"w":0,"h":385788333,"x":0,"y":385788333}
[recording-latency] {"k":0,"o":1,"s":1,"l":2749,"m":4,"t":1,"r":0,"b":53268851125,"a":53268851166,"e":53654792541,"n":1,"w":41,"h":385941375,"x":41,"y":385941375}
[recording-latency] {"k":1,"o":7,"s":1,"l":1894,"m":4,"t":1,"r":0,"b":55542901958,"a":55542901958,"e":55946407333,"n":1,"w":0,"h":403505375,"x":0,"y":403505375}
[recording-latency] {"k":0,"o":1,"s":1,"l":2749,"m":4,"t":1,"r":0,"b":55542760958,"a":55542761000,"e":55946408541,"n":1,"w":42,"h":403647541,"x":42,"y":403647541}
[recording-latency] {"k":1,"o":7,"s":1,"l":1894,"m":4,"t":1,"r":0,"b":58883931708,"a":58883931708,"e":59303756625,"n":1,"w":0,"h":419824917,"x":0,"y":419824917}
[recording-latency] {"k":0,"o":1,"s":1,"l":2749,"m":4,"t":1,"r":0,"b":58883787041,"a":58883787083,"e":59303757958,"n":1,"w":42,"h":419970875,"x":42,"y":419970875}
[recording-latency] {"k":1,"o":7,"s":1,"l":1894,"m":4,"t":1,"r":0,"b":62346749291,"a":62346749291,"e":62783448958,"n":1,"w":0,"h":436699667,"x":0,"y":436699667}
[recording-latency] {"k":0,"o":1,"s":1,"l":2749,"m":4,"t":1,"r":0,"b":62346607916,"a":62346607958,"e":62783450500,"n":1,"w":42,"h":436842542,"x":42,"y":436842542}
[recording-latency] {"k":1,"o":7,"s":1,"l":1894,"m":4,"t":1,"r":0,"b":65900235708,"a":65900235708,"e":66357519083,"n":1,"w":0,"h":457283375,"x":0,"y":457283375}
[recording-latency] {"k":0,"o":1,"s":1,"l":2749,"m":4,"t":1,"r":0,"b":65899963750,"a":65899963791,"e":66357520625,"n":1,"w":41,"h":457556834,"x":41,"y":457556834}
[recording-latency] {"k":1,"o":7,"s":1,"l":1894,"m":4,"t":1,"r":0,"b":68405288666,"a":68405288666,"e":68880173875,"n":1,"w":0,"h":474885209,"x":0,"y":474885209}
[recording-latency] {"k":0,"o":1,"s":1,"l":2749,"m":4,"t":1,"r":0,"b":68405145166,"a":68405145208,"e":68880174833,"n":1,"w":42,"h":475029625,"x":42,"y":475029625}
[recording-latency] {"k":1,"o":7,"s":1,"l":1894,"m":4,"t":1,"r":0,"b":72128312250,"a":72128312250,"e":72621761708,"n":1,"w":0,"h":493449458,"x":0,"y":493449458}
[recording-latency] {"k":0,"o":1,"s":1,"l":2749,"m":4,"t":1,"r":0,"b":72128156708,"a":72128156750,"e":72621763041,"n":1,"w":42,"h":493606291,"x":42,"y":493606291}
[recording-latency] {"k":1,"o":7,"s":1,"l":1894,"m":4,"t":1,"r":0,"b":75938696083,"a":75938696083,"e":76449655916,"n":1,"w":0,"h":510959833,"x":0,"y":510959833}
[recording-latency] {"k":0,"o":1,"s":1,"l":2749,"m":4,"t":1,"r":0,"b":75938553208,"a":75938553250,"e":76449657500,"n":1,"w":42,"h":511104250,"x":42,"y":511104250}
[recording-latency] {"k":1,"o":7,"s":1,"l":1894,"m":4,"t":1,"r":0,"b":79863138333,"a":79863138333,"e":80391222750,"n":1,"w":0,"h":528084417,"x":0,"y":528084417}
[recording-latency] {"k":0,"o":1,"s":1,"l":2749,"m":4,"t":1,"r":0,"b":79862993125,"a":79862993166,"e":80391224208,"n":1,"w":41,"h":528231042,"x":41,"y":528231042}
[recording-latency] {"k":1,"o":7,"s":1,"l":1894,"m":4,"t":1,"r":0,"b":82604938000,"a":82604938000,"e":83151027958,"n":1,"w":0,"h":546089958,"x":0,"y":546089958}
[recording-latency] {"k":0,"o":1,"s":1,"l":2749,"m":4,"t":1,"r":0,"b":82604786833,"a":82604786875,"e":83151029250,"n":1,"w":42,"h":546242375,"x":42,"y":546242375}
[recording-latency] {"k":1,"o":7,"s":1,"l":1894,"m":4,"t":1,"r":0,"b":86690411166,"a":86690411166,"e":87255633458,"n":1,"w":0,"h":565222292,"x":0,"y":565222292}
[recording-latency] {"k":0,"o":1,"s":1,"l":2749,"m":4,"t":1,"r":0,"b":86690268583,"a":86690268625,"e":87255634791,"n":1,"w":42,"h":565366166,"x":42,"y":565366166}
[recording-latency] {"k":1,"o":7,"s":1,"l":1894,"m":4,"t":1,"r":0,"b":90868819791,"a":90868819791,"e":91453418666,"n":1,"w":0,"h":584598875,"x":0,"y":584598875}
[recording-latency] {"k":0,"o":1,"s":1,"l":2749,"m":4,"t":1,"r":0,"b":90868674458,"a":90868674500,"e":91453419958,"n":1,"w":42,"h":584745458,"x":42,"y":584745458}
[recording-latency] {"k":1,"o":7,"s":1,"l":1894,"m":4,"t":1,"r":0,"b":95169369625,"a":95169369625,"e":95775738291,"n":1,"w":0,"h":606368666,"x":0,"y":606368666}
[recording-latency] {"k":0,"o":1,"s":1,"l":2749,"m":4,"t":1,"r":0,"b":95169223083,"a":95169223125,"e":95775739750,"n":1,"w":42,"h":606516625,"x":42,"y":606516625}
[recording-latency] {"k":1,"o":7,"s":1,"l":1894,"m":4,"t":1,"r":0,"b":98116566416,"a":98116566416,"e":98738079958,"n":1,"w":0,"h":621513542,"x":0,"y":621513542}
[recording-latency] {"k":0,"o":1,"s":1,"l":2749,"m":4,"t":1,"r":0,"b":98116395166,"a":98116395208,"e":98738081125,"n":1,"w":42,"h":621685917,"x":42,"y":621685917}
[recording-latency] {"k":1,"o":7,"s":1,"l":1894,"m":4,"t":1,"r":0,"b":102555501958,"a":102555501958,"e":103241973250,"n":1,"w":0,"h":686471292,"x":0,"y":686471292}
[recording-latency] {"k":0,"o":1,"s":1,"l":2749,"m":4,"t":1,"r":0,"b":102555360708,"a":102555360750,"e":103241975625,"n":1,"w":42,"h":686614875,"x":42,"y":686614875}
[recording-latency] {"k":1,"o":7,"s":1,"l":1894,"m":4,"t":1,"r":0,"b":107181086958,"a":107181086958,"e":107836279583,"n":1,"w":0,"h":655192625,"x":0,"y":655192625}
[recording-latency] {"k":0,"o":1,"s":1,"l":2749,"m":4,"t":1,"r":0,"b":107180930666,"a":107180930708,"e":107836280750,"n":1,"w":42,"h":655350042,"x":42,"y":655350042}
[recording-latency] {"k":0,"o":1,"s":1,"l":662,"m":4,"t":1,"r":0,"b":111197937291,"a":111197937833,"e":111854286666,"n":1,"w":542,"h":656348833,"x":542,"y":656348833}
[recording-slow-summary] {"seen":75,"retained":64,"thresholdNs":10000000}
[recording-complete-summary] {"lockCount":14369,"spanCount":6150,"maxWaitNs":6750,"maxHoldNs":686614875,"maxSpanNs":686471292,"countOverflow":false}
[cleanup] path=/private/var/folders/k0/qhmr6zdx11q0_41wfx4dsd200000gn/T/media-server-generation-scale.upGeQX bytes=71466673 removed=true
[end] exit=0 elapsed_seconds=125
