[recording] file evidence unavailable: file evidence profile/bound 오류
[recording] file evidence unavailable: file evidence profile/bound 오류
[recording] file evidence unavailable: file evidence profile/bound 오류
[pass] D3D-01 actual managed 원본과 jobComplete2출력·physical 검증
[cleanup] path=/private/var/folders/k0/qhmr6zdx11q0_41wfx4dsd200000gn/T/media-server-http-seed.XgQI9N bytes=6701816 removed=true
[elapsed] seconds=2 source=bash-SECONDS
[seed-subcheck] PASS D3D-01 generated2출력 manifest/containment/hash
[http-subcheck] PASS I01 실제 status projection
[http-subcheck] PASS I03/I06 실제 HTTP generated2출력·jobComplete timeline
[http-subcheck] PASS I07 HTTP 전체/부분 중첩 원본 구별
[http-subcheck] PASS D3D-02 accepted 미확인 독립 목록
[http-subcheck] PASS D3D-02 문자열 시간·요청축 보존
[http-subcheck] PASS D3D-04 actual Event output 전체 byte/hash·MIME
[http-subcheck] PASS D3D-04 actual Event output 전체 byte/hash·MIME
[http-subcheck] PASS I17 HTTP 내부 path 비노출
[http-subcheck] PASS I04 HTTP 잘못된 query 거부 8
[http-subcheck] PASS I04 HTTP 잘못된 query 거부 9
[http-subcheck] PASS I04 HTTP 잘못된 query 거부 10
[http-subcheck] PASS I04 HTTP 잘못된 query 거부 11
[http-subcheck] PASS I04 HTTP 잘못된 query 거부 12
[http-subcheck] PASS I20 Range status expected=206 actual=206
[http-subcheck] PASS I20 Range Content-Range 일치
[http-subcheck] PASS I20 Range body expected=4 actual=4 byte 일치
[http-subcheck] PASS I20 range status expected=206 actual=206
[http-subcheck] PASS I20 range Content-Range 일치
[http-subcheck] PASS I20 range body expected=4 actual=4 byte 일치
[http-subcheck] PASS I20 rAnGe status expected=206 actual=206
[http-subcheck] PASS I20 rAnGe Content-Range 일치
[http-subcheck] PASS I20 rAnGe body expected=4 actual=4 byte 일치
[http-subcheck] PASS I20/I21 실제 Range bytes=2-5
[http-subcheck] PASS I20/I21 실제 Range bytes=10-
[http-subcheck] PASS I20/I21 실제 Range bytes=-7
[http-subcheck] PASS I24 HTTP 전체 byte 일치
[http-subcheck] PASS I22 HTTP 범위 거부 bytes=1-0
[http-subcheck] PASS I22 HTTP 범위 거부 bytes=-0
[http-subcheck] PASS I22 HTTP 범위 거부 bytes=0-1,3-4
[http-subcheck] PASS I22 HTTP 범위 거부 bytes=18446744073709551616-
[http-subcheck] PASS I22 HTTP 범위 거부 bytes=0-11002
[http-subcheck] PASS I22 HTTP 범위 거부 invalid
[http-subcheck] PASS I23 실제 HEAD full
[http-subcheck] PASS I23 실제 HEAD bytes=2-5
[http-subcheck] PASS I17 HTTP 없는 opaque ID 거부
[S06 HTTP API] checks=35 fail=0 authMode=off roleTests=NOT_RUN
[cleanup] PASS {"root":"/private/var/folders/k0/qhmr6zdx11q0_41wfx4dsd200000gn/T/media-server-v410-s06-SGcNhp","rootBeforeBytes":2174389,"rootBeforeEntries":311,"rootSymlinksNotFollowed":277,"rootAbsent":true,"process":{"pid":62660,"exitCode":0,"signalCode":null,"graceful":true},"ports":[{"kind":"rtsp","port":63220,"closed":true,"evidence":"ECONNREFUSED"},{"kind":"http","port":63221,"closed":true,"evidence":"ECONNREFUSED"}],"attempted":6,"failureCount":0,"cleanupElapsedMs":582,"verifierElapsedMs":3862}
[recording] file evidence unavailable: file evidence profile/bound 오류
[recording] file evidence unavailable: file evidence profile/bound 오류
[recording] file evidence unavailable: file evidence profile/bound 오류
[pass] D3D-01 actual managed 원본과 jobComplete2출력·physical 검증
[cleanup] path=/private/var/folders/k0/qhmr6zdx11q0_41wfx4dsd200000gn/T/media-server-http-seed.d1E6Wo bytes=6701816 removed=true
[elapsed] seconds=1 source=bash-SECONDS
[seed-subcheck] PASS D3D-01 generated2출력 manifest/containment/hash
[auth-subcheck] PASS I12~I16 principal 0 route 0 expected=200 actual=200
[auth-subcheck] PASS I02 principal 0 허용 채널만 status 반환
[auth-subcheck] PASS I01 principal 0 실제 비녹화 상태
[auth-subcheck] PASS S07-http-observations-global
[auth-subcheck] PASS I02/I17 principal 0 route 0 민감 field 비노출
[auth-subcheck] PASS I12~I16 principal 0 route 1 expected=200 actual=200
[auth-subcheck] PASS I02/I17 principal 0 route 1 민감 field 비노출
[auth-subcheck] PASS I12~I16 principal 0 route 2 expected=200 actual=200
[auth-subcheck] PASS I12~I16 principal 1 route 0 expected=200 actual=200
[auth-subcheck] PASS I02 principal 1 허용 채널만 status 반환
[auth-subcheck] PASS I01 principal 1 실제 비녹화 상태
[auth-subcheck] PASS S07-http-observations-limited principal 1
[auth-subcheck] PASS I02/I17 principal 1 route 0 민감 field 비노출
[auth-subcheck] PASS I12~I16 principal 1 route 1 expected=200 actual=200
[auth-subcheck] PASS I02/I17 principal 1 route 1 민감 field 비노출
[auth-subcheck] PASS I12~I16 principal 1 route 2 expected=200 actual=200
[auth-subcheck] PASS I12~I16 principal 2 route 0 expected=403 actual=403
[auth-subcheck] PASS I02/I17 principal 2 route 0 민감 field 비노출
[auth-subcheck] PASS I12~I16 principal 2 route 1 expected=403 actual=403
[auth-subcheck] PASS I02/I17 principal 2 route 1 민감 field 비노출
[auth-subcheck] PASS I12~I16 principal 2 route 2 expected=403 actual=403
[auth-subcheck] PASS I12~I16 principal 3 route 0 expected=200 actual=200
[auth-subcheck] PASS I02 principal 3 허용 채널만 status 반환
[auth-subcheck] PASS I01 principal 3 실제 비녹화 상태
[auth-subcheck] PASS S07-http-observations-limited principal 3
[auth-subcheck] PASS I02/I17 principal 3 route 0 민감 field 비노출
[auth-subcheck] PASS I12~I16 principal 3 route 1 expected=403 actual=403
[auth-subcheck] PASS I02/I17 principal 3 route 1 민감 field 비노출
[auth-subcheck] PASS I12~I16 principal 3 route 2 expected=404 actual=404
[auth-subcheck] PASS I12~I16 principal 4 route 0 expected=403 actual=403
[auth-subcheck] PASS I02/I17 principal 4 route 0 민감 field 비노출
[auth-subcheck] PASS I12~I16 principal 4 route 1 expected=403 actual=403
[auth-subcheck] PASS I02/I17 principal 4 route 1 민감 field 비노출
[auth-subcheck] PASS I12~I16 principal 4 route 2 expected=403 actual=403
[auth-subcheck] PASS I15 미인증 API expected=401 actual=401
[auth-subcheck] PASS I15 미인증 API expected=401 actual=401
[auth-subcheck] PASS I15 미인증 API expected=401 actual=401
[auth-subcheck] PASS I16 operator의 다른 채널 조회 거부
[auth-subcheck] PASS I34 viewer 녹화 화면 거부 status=403
[auth-subcheck] PASS I17 인증 fixture plaintext 저장 없음
[S06 HTTP AUTH] checks=40 fail=0 actualUiActions=NOT_RUN
[cleanup] PASS {"root":"/private/var/folders/k0/qhmr6zdx11q0_41wfx4dsd200000gn/T/media-server-v410-s06-1Z264m","rootBeforeBytes":2446575,"rootBeforeEntries":314,"rootSymlinksNotFollowed":277,"rootAbsent":true,"process":{"pid":62742,"exitCode":0,"signalCode":null,"graceful":true},"ports":[{"kind":"rtsp","port":63263,"closed":true,"evidence":"ECONNREFUSED"},{"kind":"http","port":63264,"closed":true,"evidence":"ECONNREFUSED"}],"attempted":6,"failureCount":0,"cleanupElapsedMs":406,"verifierElapsedMs":3704}
[recording] file evidence unavailable: file evidence profile/bound 오류
[recording] file evidence unavailable: file evidence profile/bound 오류
[recording] file evidence unavailable: file evidence profile/bound 오류
[pass] D3D-01 actual managed 원본과 jobComplete2출력·physical 검증
[pass] D3D-07 valid MP4 free atom64MiB·최종 physical/hash 검증
[cleanup] path=/private/var/folders/k0/qhmr6zdx11q0_41wfx4dsd200000gn/T/media-server-http-seed.25tt6X bytes=6701816 removed=true
[elapsed] seconds=1 source=bash-SECONDS
[seed-subcheck] PASS D3D-01 generated2출력 manifest/containment/hash
[lifecycle-subcheck] PASS I24 큰 파일 status/길이
[lifecycle-subcheck] PASS I24 64MiB 전체 streaming hash 일치
[lifecycle-subcheck] PASS I25 전체 응답 뒤 hold0
[lifecycle-subcheck] PASS I24 256KiB 경계 Range byte 일치
[lifecycle-subcheck] PASS I26 disconnect 전 실제 hold1
[lifecycle-subcheck] PASS I26 disconnect 뒤 실제 hold0
[lifecycle-subcheck] PASS I26 disconnect 뒤 서버 health200
[lifecycle-subcheck] PASS I26 서버 종료 전 실제 hold1
[lifecycle-subcheck] PASS I26 활성 전송 중 정상 종료
[lifecycle-subcheck] PASS I26 정상 종료 후 영속 hold0
[S06 HTTP lifecycle] checks=10 fail=0 codecPlayback=NOT_RUN
[cleanup] PASS {"root":"/private/var/folders/k0/qhmr6zdx11q0_41wfx4dsd200000gn/T/media-server-v410-s06-qZlz7I","rootBeforeBytes":69285138,"rootBeforeEntries":312,"rootSymlinksNotFollowed":277,"rootAbsent":true,"process":{"pid":62822,"exitCode":0,"signalCode":null,"graceful":true},"ports":[{"kind":"rtsp","port":63311,"closed":true,"evidence":"ECONNREFUSED"},{"kind":"http","port":63312,"closed":true,"evidence":"ECONNREFUSED"}],"attempted":6,"failureCount":0,"cleanupElapsedMs":28,"verifierElapsedMs":4008}
[pass] D02-03 동일 source/channel/ns immutable snapshot 전달
[pass] D02-03 다른 channel 증거 혼합 거부
[pass] D02-03 stop namespace 증거 삭제
[pass] D02-03 cache capacity 이전 namespace eviction
[pass] D02-03 전체 stop 후 publication/query 거부
[pass] D02-01 신규 root 자동 내구 store identity
[pass] D02-01 재개방 동일 store identity
[pass] D02-01 서로 다른 root 난수 identity 구별
[pass] D02-02 managed lease 동시 소유 거부
[pass] D02-01 명시 ID 기존 계약 유지
[pass] D02-02 명시 ID 충돌 원본 marker 보존
[pass] D02-02 같은 init 내구 ID 복구
[pass] D02-02 legacy nonempty 변환·삭제 거부
[pass] D02-02 손상/unknown marker 덮어쓰기 거부
[pass] D02-06 실제 H264 입력 준비
[recording] file evidence unavailable: file evidence profile/bound 오류
[recording] file evidence unavailable: file evidence profile/bound 오류
[pass] D02-05 실제 V2 finalized startup 미디어 전수 검사
[pass] D02-05 실제 V2 size/hash 손상 감지·catalog Mark
[pass] D02-10 default 준비16s·500ms·33회 예산
[pass] D02-10 overflow 요청은60s/121회 capped 사유 보존
[pass] D02-06 on 구성의 동일 managed store/catalog writer 결박
[pass] D02-07 빈 저장소 runtime 복구 함수
[pass] D02-06 off managed 형식 유지·미디어 비생산
[pass] D02-04/11 raw key→numeric 참조·history null provider 접수·공개 record 불변
[pass] D02-11 raw stream/channel/sourcecontext 모순은 신규 저장·접수 없음
[summary] pass=24 fail=0
[recording] file evidence unavailable: file evidence profile/bound 오류
[pass] D02-06 off/on 재개방 동일 store identity
[pass] D02-07 실제 producer 시작 전 runtime 복구
[pass] D02-06 실제 supervisor/session off 생산0·기존 segment 보존
[pass] D02-08 실제 source/session 종료 owner0
[pass] D02-06 off/on 재개방 동일 store identity
[pass] D02-07 실제 producer 시작 전 runtime 복구
[recording] file evidence unavailable: file evidence profile/bound 오류
[pass] D02-06 실제 supervisor/session on 숫자 채널 V2 파일 생성
[pass] D02-08 실제 source/session 종료 owner0
[pass] D02-06 off/on 재개방 동일 store identity
[pass] D02-07 실제 producer 시작 전 runtime 복구
[pass] D02-06 실제 supervisor/session off 생산0·기존 segment 보존
[pass] D02-08 실제 source/session 종료 owner0
[pass] D02-06 off/on 재개방 동일 store identity
[pass] D02-07 실제 producer 시작 전 runtime 복구
[recording] file evidence unavailable: file evidence profile/bound 오류
[pass] D02-06 실제 supervisor/session on 숫자 채널 V2 파일 생성
[pass] D02-08 실제 source/session 종료 owner0
[summary] pass=16 fail=0
[recording] file evidence unavailable: file evidence profile/bound 오류
[recording] file evidence unavailable: file evidence profile/bound 오류
[recording] file evidence unavailable: file evidence profile/bound 오류
[decode] frames=80 eos=1
[decode] frames=30 eos=1
[measured] decoded=201 event_elapsed_ms=13748 state=complete reason=complete
[pass] D02-04/10 실제 default10s+post5s 후행 finalize·동시 실제decoder cache·2출력 decode
[summary] pass=1 fail=0
[pass] D02-01 crypto-off OS CSPRNG 생성/재개방 identity
[pass] D02-08 provider 조회 재진입·동시 멱등·Stop 후 Submit 재검사
[recording] file evidence unavailable: file evidence profile/bound 오류
[process] committed child exit=23 expected=23
[pass] D02-07 runtime startup committed-parent recovery/보호/물리검사 순서
[recording] file evidence unavailable: file evidence profile/bound 오류
[process] blocked child exit=23 expected=23
[pass] D02-07 runtime startup blocked-parent recovery/보호/물리검사 순서
[recording] file evidence unavailable: file evidence profile/bound 오류
[pass] D02-07 runtime startup intent recovery/보호/물리검사 순서
[cleanup] path=/private/var/folders/k0/qhmr6zdx11q0_41wfx4dsd200000gn/T/media-server-default-composition.flYEOS bytes=15209372 removed=true
[elapsed] seconds=32 source=bash-SECONDS
Warning: truncated output (original token count: 113402)
Total output lines: 1654

[timeline-query-mode] {"unplacedUnit":"file","knownUnit":"mapping","maxLeafItems":4096,"maxBytes":67108864}
[process-start] {"processOrdinal":1,"pid":63051,"ports":[{"kind":"http","port":63353},{"kind":"rtsp","port":63354}]}
[http-timing] {"sequence":1,"timelineOrdinal":null,"processOrdinal":1,"method":"GET","routeClass":"health","status":null,"headerElapsedMs":null,"bodyElapsedMs":null,"totalElapsedMs":3,"bytes":0,"phase":"header","outcome":"error"}
[http-timing] {"sequence":2,"timelineOrdinal":null,"processOrdinal":1,"method":"GET","routeClass":"health","status":null,"headerElapsedMs":null,"bodyElapsedMs":null,"totalElapsedMs":1,"bytes":0,"phase":"header","outcome":"error"}
[http-timing] {"sequence":3,"timelineOrdinal":null,"processOrdinal":1,"method":"GET","routeClass":"health","status":null,"headerElapsedMs":null,"bodyElapsedMs":null,"totalElapsedMs":1,"bytes":0,"phase":"header","outcome":"error"}
[http-timing] {"sequence":4,"timelineOrdinal":null,"processOrdinal":1,"method":"GET","routeClass":"health","status":null,"headerElapsedMs":null,"bodyElapsedMs":null,"totalElapsedMs":1,"bytes":0,"phase":"header","outcome":"error"}
[http-timing] {"sequence":5,"timelineOrdinal":null,"processOrdinal":1,"method":"GET","routeClass":"health","status":null,"headerElapsedMs":null,"bodyElapsedMs":null,"totalElapsedMs":1,"bytes":0,"phase":"header","outcome":"error"}
[http-timing] {"sequence":6,"timelineOrdinal":null,"processOrdinal":1,"method":"GET","routeClass":"health","status":null,"headerElapsedMs":null,"bodyElapsedMs":null,"totalElapsedMs":1,"bytes":0,"phase":"header","outcome":"error"}
[http-timing] {"sequence":7,"timelineOrdinal":null,"processOrdinal":1,"method":"GET","routeClass":"health","status":null,"headerElapsedMs":null,"bodyElapsedMs":null,"totalElapsedMs":1,"bytes":0,"phase":"header","outcome":"error"}
[http-timing] {"sequence":8,"timelineOrdinal":null,"processOrdinal":1,"method":"GET","routeClass":"health","status":null,"headerElapsedMs":null,"bodyElapsedMs":null,"totalElapsedMs":1,"bytes":0,"phase":"header","outcome":"error"}
[http-timing] {"sequence":9,"timelineOrdinal":null,"processOrdinal":1,"method":"GET","routeClass":"health","status":null,"headerElapsedMs":null,"bodyElapsedMs":null,"totalElapsedMs":1,"bytes":0,"phase":"header","outcome":"error"}
[http-timing] {"sequence":10,"timelineOrdinal":null,"processOrdinal":1,"method":"GET","routeClass":"health","status":null,"headerElapsedMs":null,"bodyElapsedMs":null,"totalElapsedMs":1,"bytes":0,"phase":"header","outcome":"error"}
[http-timing] {"sequence":11,"timelineOrdinal":null,"processOrdinal":1,"method":"GET","routeClass":"health","status":null,"headerElapsedMs":null,"bodyElapsedMs":null,"totalElapsedMs":1,"bytes":0,"phase":"header","outcome":"error"}
[http-timing] {"sequence":12,"timelineOrdinal":null,"processOrdinal":1,"method":"GET","routeClass":"health","status":null,"headerElapsedMs":null,"bodyElapsedMs":null,"totalElapsedMs":0,"bytes":0,"phase":"header","outcome":"error"}
[http-timing] {"sequence":13,"timelineOrdinal":null,"processOrdinal":1,"method":"GET","routeClass":"health","status":null,"headerElapsedMs":null,"bodyElapsedMs":null,"totalElapsedMs":0,"bytes":0,"phase":"header","outcome":"error"}
[http-timing] {"sequence":14,"timelineOrdinal":null,"processOrdinal":1,"method":"GET","routeClass":"health","status":200,"headerElapsedMs":6,"bodyElapsedMs":1,"totalElapsedMs":7,"bytes":15,"phase":"complete","outcome":"ok"}
[http-timing] {"sequence":15,"timelineOrdinal":null,"processOrdinal":1,"method":"GET","routeClass":"ice","status":200,"headerElapsedMs":1,"bodyElapsedMs":0,"totalElapsedMs":1,"bytes":222,"phase":"complete","outcome":"ok"}
[pass] S11-CI09 product-1 healthy isolated ICE
[http-timing] {"sequence":16,"timelineOrdinal":null,"processOrdinal":1,"method":"POST","routeClass":"source","status":201,"headerElapsedMs":77,"bodyElapsedMs":0,"totalElapsedMs":77,"bytes":428,"phase":"complete","outcome":"ok"}
[http-timing] {"sequence":17,"timelineOrdinal":null,"processOrdinal":1,"method":"POST","routeClass":"tap-create","status":200,"headerElapsedMs":26,"bodyElapsedMs":0,"totalElapsedMs":26,"bytes":1187,"phase":"complete","outcome":"ok"}
[http-timing] {"sequence":18,"timelineOrdinal":null,"processOrdinal":1,"method":"GET","routeClass":"tap","status":200,"headerElapsedMs":23,"bodyElapsedMs":0,"totalElapsedMs":23,"bytes":4030,"phase":"complete","outcome":"ok"}
[http-timing] {"sequence":19,"timelineOrdinal":null,"processOrdinal":1,"method":"GET","routeClass":"tap","status":200,"headerElapsedMs":1,"bodyElapsedMs":0,"totalElapsedMs":1,"bytes":5969,"phase":"complete","outcome":"ok"}
[http-timing] {"sequence":20,"timelineOrdinal":1,"processOrdinal":1,"method":"GET","routeClass":"timeline","status":200,"headerElapsedMs":1,"bodyElapsedMs":0,"totalElapsedMs":1,"bytes":82,"phase":"complete","outcome":"ok"}
[timeline-page-observation] {"cycle":1,"processOrdinal":1,"timelineOrdinal":1,"kind":"page","elapsedMs":2.028541000000132,"offset":0,"total":0,"unplacedTotal":0,"states":{"intent":0,"ready":0,"committed":0,"complete":0,"failed":0,"other":0}}
[timeline-page-observation] {"cycle":1,"processOrdinal":1,"timelineOrdinal":1,"kind":"complete","elapsedMs":2.0770830000001297,"pages":1,"totalChanged":false,"mixedStates":false,"code":"none"}
[http-timing] {"sequence":21,"timelineOrdinal":null,"processOrdinal":1,"method":"GET","routeClass":"tap","status":200,"headerElapsedMs":1,"bodyElapsedMs":0,"totalElapsedMs":1,"bytes":5968,"phase":"complete","outcome":"ok"}
[http-timing] {"sequence":22,"timelineOrdinal":2,"processOrdinal":1,"method":"GET","routeClass":"timeline","status":200,"headerElapsedMs":1,"bodyElapsedMs":0,"totalElapsedMs":1,"bytes":82,"phase":"complete","outcome":"ok"}
[timeline-page-observation] {"cycle":2,"processOrdinal":1,"timelineOrdinal":2,"kind":"page","elapsedMs":1.83987500000012,"offset":0,"total":0,"unplacedTotal":0,"states":{"intent":0,"ready":0,"committed":0,"complete":0,"failed":0,"other":0}}
[timeline-page-observation] {"cycle":2,"processOrdinal":1,"timelineOrdinal":2,"kind":"complete","elapsedMs":1.8650000000002365,"pages":1,"totalChanged":false,"mixedStates":false,"code":"none"}
[http-timing] {"sequence":23,"timelineOrdinal":null,"processOrdinal":1,"method":"GET","routeClass":"tap","status":200,"headerElapsedMs":1,"bodyElapsedMs":0,"totalElapsedMs":1,"bytes":6153,"phase":"complete","outcome":"ok"}
[http-timing] {"sequence":24,"timelineOrdinal":3,"processOrdinal":1,"method":"GET","routeClass":"timeline","status":200,"headerElapsedMs":1,"bodyElapsedMs":0,"totalElapsedMs":1,"bytes":82,"phase":"complete","outcome":"ok"}
[timeline-page-observation] {"cycle":3,"processOrdinal":1,"timelineOrdinal":3,"kind":"page","elapsedMs":1.3787500000003092,"offset":0,"total":0,"unplacedTotal":0,"states":{"intent":0,"ready":0,"committed":0,"complete":0,"failed":0,"other":0}}
[timeline-page-observation] {"cycle":3,"processOrdinal":1,"timelineOrdinal":3,"kind":"complete","elapsedMs":1.4009590000000571,"pages":1,"totalChanged":false,"mixedStates":false,"code":"none"}
[http-timing] {"sequence":25,"timelineOrdinal":null,"processOrdinal":1,"method":"GET","routeClass":"tap","status":200,"headerElapsedMs":1,"bodyElapsedMs":0,"totalElapsedMs":1,"bytes":6279,"phase":"complete","outcome":"ok"}
[http-timing] {"sequence":26,"timelineOrdinal":4,"processOrdinal":1,"method":"GET","routeClass":"timeline","status":200,"headerElapsedMs":0,"bodyElapsedMs":0,"totalElapsedMs":0,"bytes":82,"phase":"complete","outcome":"ok"}
[timeline-page-observation] {"cycle":4,"processOrdinal":1,"timelineOrdinal":4,"kind":"page","elapsedMs":1.3795000000000073,"offset":0,"total":0,"unplacedTotal":0,"states":{"intent":0,"ready":0,"committed":0,"complete":0,"failed":0,"other":0}}
[timeline-page-observation] {"cycle":4,"processOrdinal":1,"timelineOrdinal":4,"kind":"complete","elapsedMs":1.4028749999997672,"pages":1,"totalChanged":false,"mixedStates":false,"code":"none"}
[http-timing] {"sequence":27,"timelineOrdinal":null,"processOrdinal":1,"method":"GET","routeClass":"tap","status":200,"headerElapsedMs":1,"bodyElapsedMs":0,"totalElapsedMs":1,"bytes":6416,"phase":"complete","outcome":"ok"}
[http-timing] {"sequence":28,"timelineOrdinal":5,"processOrdinal":1,"method":"GET","routeClass":"timeline","status":200,"headerElapsedMs":1,"bodyElapsedMs":0,"totalElapsedMs":1,"bytes":82,"phase":"complete","outcome":"ok"}
[timeline-page-observation] {"cycle":5,"processOrdinal":1,"timelineOrdinal":5,"kind":"page","elapsedMs":1.5488329999998314,"offset":0,"total":0,"unplacedTotal":0,"states":{"intent":0,"ready":0,"committed":0,"complete":0,"failed":0,"other":0}}
[timeline-page-observation] {"cycle":5,"processOrdinal":1,"timelineOrdinal":5,"kind":"complete","elapsedMs":1.5832909999999174,"pages":1,"totalChanged":false,"mixedStates":false,"code":"none"}
[http-timing] {"sequence":29,"timelineOrdinal":null,"processOrdinal":1,"method":"GET","routeClass":"tap","status":200,"headerElapsedMs":1,"bodyElapsedMs":0,"totalElapsedMs":1,"bytes":6416,"phase":"complete","outcome":"ok"}
[http-timing] {"sequence":30,"timelineOrdinal":6,"processOrdinal":1,"method":"GET","routeClass":"timeline","status":200,"headerElapsedMs":1,"bodyElapsedMs":0,"totalElapsedMs":1,"bytes":82,"phase":"complete","outcome":"ok"}
[timeline-page-observation] {"cycle":6,"processOrdinal":1,"timelineOrdinal":6,"kind":"page","elapsedMs":1.628458000000137,"offset":0,"total":0,"unplacedTotal":0,"states":{"intent":0,"ready":0,"committed":0,"complete":0,"failed":0,"other":0}}
[timeline-page-observation] {"cycle":6,"processOrdinal":1,"timelineOrdinal":6,"kind":"complete","elapsedMs":1.662083000000166,"pages":1,"totalChanged":false,"mixedStates":false,"code":"none"}
[http-timing] {"sequence":31,"timelineOrdinal":null,"processOrdinal":1,"method":"GET","routeClass":"tap","status":200,"headerElapsedMs":1,"bodyElapsedMs":0,"totalElapsedMs":1,"bytes":6549,"phase":"complete","outcome":"ok"}
[http-timing] {"sequence":32,"timelineOrdinal":7,"processOrdinal":1,"method":"GET","routeClass":"timeline","status":200,"headerElapsedMs":0,"bodyElapsedMs":0,"totalElapsedMs":0,"bytes":82,"phase":"complete","outcome":"ok"}
[timeline-page-observation] {"cycle":7,"processOrdinal":1,"timelineOrdinal":7,"kind":"page","elapsedMs":1.3662920000001577,"offset":0,"total":0,"unplacedTotal":0,"states":{"intent":0,"ready":0,"committed":0,"complete":0,"failed":0,"other":0}}
[timeline-page-observation] {"cycle":7,"processOrdinal":1,"timelineOrdinal":7,"kind":"complete","elapsedMs":1.3795000000000073,"pages":1,"totalChanged":false,"mixedStates":false,"code":"none"}
[http-timing] {"sequence":33,"timelineOrdinal":null,"processOrdinal":1,"method":"GET","routeClass":"tap","status":200,"headerElapsedMs":1,"bodyElapsedMs":0,"totalElapsedMs":1,"bytes":6681,"phase":"complete","outcome":"ok"}
[http-timing] {"sequence":34,"timelineOrdinal":8,"processOrdinal":1,"method":"GET","routeClass":"timeline","status":200,"headerElapsedMs":0,"bodyElapsedMs":0,"totalElapsedMs":0,"bytes":82,"phase":"complete","outcome":"ok"}
[timeline-page-observation] {"cycle":8,"processOrdinal":1,"timelineOrdinal":8,"kind":"page","elapsedMs":1.4155839999998534,"offset":0,"total":0,"unplacedTotal":0,"states":{"intent":0,"ready":0,"committed":0,"complete":0,"failed":0,"other":0}}
[timeline-page-observation] {"cycle":8,"processOrdinal":1,"timelineOrdinal":8,"kind":"complete","elapsedMs":1.4283339999997224,"pages":1,"totalChanged":false,"mixedStates":false,"code":"none"}
[http-timing] {"sequence":35,"timelineOrdinal":null,"processOrdinal":1,"method":"GET","routeClass":"tap","status":200,"headerElapsedMs":1,"bodyElapsedMs":0,"totalElapsedMs":1,"bytes":6810,"phase":"complete","outcome":"ok"}
[http-timing] {"sequence":36,"timelineOrdinal":9,"processOrdinal":1,"method":"GET","routeClass":"timeline","status":200,"headerElapsedMs":1,"bodyElapsedMs":0,"totalElapsedMs":1,"bytes":82,"phase":"complete","outcome":"ok"}
[timeline-page-observation] {"cycle":9,"processOrdinal":1,"timelineOrdinal":9,"kind":"page","elapsedMs":1.6071670000001177,"offset":0,"total":0,"unplacedTotal":0,"states":{"intent":0,"ready":0,"committed":0,"complete":0,"failed":0,"other":0}}
[timeline-page-observation] {"cycle":9,"processOrdinal":1,"timelineOrdinal":9,"kind":"complete","elapsedMs":1.6223750000003747,"pages":1,"totalChanged":false,"mixedStates":false,"code":"none"}
[http-timing] {"sequence":37,"timelineOrdinal":null,"processOrdinal":1,"method":"GET","routeClass":"tap","status":200,"headerElapsedMs":1,"bodyElapsedMs":0,"totalElapsedMs":1,"bytes":6946,"phase":"complete","outcome":"ok"}
[http-timing] {"sequence":38,"timelineOrdinal":10,"processOrdinal":1,"method":"GET","routeClass":"timeline","status":200,"headerElapsedMs":0,"bodyElapsedMs":0,"totalElapsedMs":0,"bytes":82,"phase":"complete","outcome":"ok"}
[timeline-page-observation] {"cycle":10,"processOrdinal":1,"timelineOrdinal":10,"kind":"page","elapsedMs":1.2651249999998981,"offset":0,"total":0,"unplacedTotal":0,"states":{"intent":0,"ready":0,"committed":0,"complete":0,"failed":0,"other":0}}
[timeline-page-observation] {"cycle":10,"processOrdinal":1,"timelineOrdinal":10,"kind":"complete","elapsedMs":1.2790420000001177,"pages":1,"totalChanged":false,"mixedStates":false,"code":"none"}
[http-timing] {"sequence":39,"timelineOrdinal":null,"processOrdinal":1,"method":"GET","routeClass":"tap","status":200,"headerElapsedMs":1,"bodyElapsedMs":0,"totalElapsedMs":1,"bytes":6952,"phase":"complete","outcome":"ok"}
[http-timing] {"sequence":40,"timelineOrdinal":11,"processOrdinal":1,"method":"GET","routeClass":"timeline","status":200,"headerElapsedMs":0,"bodyElapsedMs":0,"totalElapsedMs":0,"bytes":82,"phase":"complete","outcome":"ok"}
[timeline-page-observation] {"cycle":11,"processOrdinal":1,"timelineOrdinal":11,"kind":"page","elapsedMs":1.359208000000308,"offset":0,"total":0,"unplacedTotal":0,"states":{"intent":0,"ready":0,"committed":0,"complete":0,"failed":0,"other":0}}
[timeline-page-observation] {"cycle":11,"processOrdinal":1,"timelineOrdinal":11,"kind":"complete","elapsedMs":1.3750829999999041,"pages":1,"totalChanged":false,"mixedStates":false,"code":"none"}
[http-timing] {"sequence":41,"timelineOrdinal":null,"processOrdinal":1,"method":"GET","routeClass":"tap","status":200,"headerElapsedMs":1,"bodyElapsedMs":0,"totalElapsedMs":1,"bytes":7090,"phase":"complete","outcome":"ok"}
[http-timing] {"sequence":42,"timelineOrdinal":12,"processOrdinal":1,"method":"GET","routeClass":"timeline","status":200,"headerElapsedMs":0,"bodyElapsedMs":0,"totalElapsedMs":1,"bytes":82,"phase":"complete","outcome":"ok"}
[timeline-page-observation] {"cycle":12,"processOrdinal":1,"timelineOrdinal":12,"kind":"page","elapsedMs":1.4890000000000327,"offset":0,"total":0,"unplacedTotal":0,"states":{"intent":0,"ready":0,"committed":0,"complete":0,"failed":0,"other":0}}
[timeline-page-observation] {"cycle":12,"processOrdinal":1,"timelineOrdinal":12,"kind":"complete","elapsedMs":1.501875000000382,"pages":1,"totalChanged":false,"mixedStates":false,"code":"none"}
[http-timing] {"sequence":43,"timelineOrdinal":null,"processOrdinal":1,"method":"GET","routeClass":"tap","status":200,"headerElapsedMs":1,"bodyElapsedMs":0,"totalElapsedMs":1,"bytes":7229,"phase":"complete","outcome":"ok"}
[http-timing] {"sequence":44,"timelineOrdinal":13,"processOrdinal":1,"method":"GET","routeClass":"timeline","status":200,"headerElapsedMs":1,"bodyElapsedMs":0,"totalElapsedMs":1,"bytes":82,"phase":"complete","outcome":"ok"}
[timeline-page-observation] {"cycle":13,"processOrdinal":1,"timelineOrdinal":13,"kind":"page","elapsedMs":1.4840830000002825,"offset":0,"total":0,"unplacedTotal":0,"states":{"intent":0,"ready":0,"committed":0,"complete":0,"failed":0,"other":0}}
[timeline-page-observation] {"cycle":13,"processOrdinal":1,"timelineOrdinal":13,"kind":"complete","elapsedMs":1.4963330000000497,"pages":1,"totalChanged":false,"mixedStates":false,"code":"none"}
[http-timing] {"sequence":45,"timelineOrdinal":null,"processOrdinal":1,"method":"GET","routeClass":"tap","status":200,"headerElapsedMs":1,"bodyElapsedMs":0,"totalElapsedMs":1,"bytes":7369,"phase":"complete","outcome":"ok"}
[http-timing] {"sequence":46,"timelineOrdinal":14,"processOrdinal":1,"method":"GET","routeClass":"timeline","status":200,"headerElapsedMs":1,"bodyElapsedMs":0,"totalElapsedMs":1,"bytes":82,"phase":"complete","outcome":"ok"}
[timeline-page-observation] {"cycle":14,"processOrdinal":1,"timelineOrdinal":14,"kind":"page","elapsedMs":1.568583000000217,"offset":0,"total":0,"unplacedTotal":0,"states":{"intent":0,"ready":0,"committed":0,"complete":0,"failed":0,"other":0}}
[timeline-page-observation] {"cycle":14,"processOrdinal":1,"timelineOrdinal":14,"kind":"complete","elapsedMs":1.5847920000001068,"pages":1,"totalChanged":false,"mixedStates":false,"code":"none"}
[http-timing] {"sequence":47,"timelineOrdinal":null,"processOrdinal":1,"method":"GET","routeClass":"tap","status":200,"headerElapsedMs":1,"bodyElapsedMs":0,"totalElapsedMs":1,"bytes":7487,"phase":"complete","outcome":"ok"}
[http-timing] {"sequence":48,"timelineOrdinal":15,"processOrdinal":1,"method":"GET","routeClass":"timeline","status":200,"headerElapsedMs":0,"bodyElapsedMs":0,"totalElapsedMs":0,"bytes":82,"phase":"complete","outcome":"ok"}
[timeline-page-observation] {"cycle":15,"processOrdinal":1,"timelineOrdinal":15,"kind":"page","elapsedMs":1.2532920000003287,"offset":0,"total":0,"unplacedTotal":0,"states":{"intent":0,"ready":0,"committed":0,"complete":0,"failed":0,"other":0}}
[timeline-page-observation] {"cycle":15,"processOrdinal":1,"timelineOrdinal":15,"kind":"complete","elapsedMs":1.2667500000002292,"pages":1,"totalChanged":false,"mixedStates":false,"code":"none"}
[http-timing] {"sequence":49,"timelineOrdinal":null,"processOrdinal":1,"method":"GET","routeClass":"tap","status":200,"headerElapsedMs":1,"bodyElapsedMs":0,"totalElapsedMs":1,"bytes":7501,"phase":"complete","outcome":"ok"}
[http-timing] {"sequence":50,"timelineOrdinal":16,"processOrdinal":1,"method":"GET","routeClass":"timeline","status":200,"headerElapsedMs":0,"bodyElapsedMs":0,"totalElapsedMs":0,"bytes":82,"phase":"complete","outcome":"ok"}
[timeline-page-observation] {"cycle":16,"processOrdinal":1,"timelineOrdinal":16,"kind":"page","elapsedMs":1.5536659999997937,"offset":0,"total":0,"unplacedTotal":0,"states":{"intent":0,"ready":0,"committed":0,"complete":0,"failed":0,"other":0}}
[timeline-page-observation] {"cycle":16,"processOrdinal":1,"timelineOrdinal":16,"kind":"complete","elapsedMs":1.5655000000001564,"pages":1,"totalChanged":false,"mixedStates":false,"code":"none"}
[http-timing] {"sequence":51,"timelineOrdinal":null,"processOrdinal":1,"method":"GET","routeClass":"tap","status":200,"headerElapsedMs":1,"bodyElapsedMs":0,"totalElapsedMs":1,"bytes":7638,"phase":"complete","outcome":"ok"}
[http-timing] {"sequence":52,"timelineOrdinal":17,"processOrdinal":1,"method":"GET","routeClass":"timeline","status":200,"headerElapsedMs":0,"bodyElapsedMs":0,"totalElapsedMs":1,"bytes":82,"phase":"complete","outcome":"ok"}
[timeline-page-observation] {"cycle":17,"processOrdinal":1,"timelineOrdinal":17,"kind":"page","elapsedMs":1.4080000000003565,"offset":0,"total":0,"unplacedTotal":0,"states":{"intent":0,"ready":0,"committed":0,"complete":0,"failed":0,"other":0}}
[timeline-page-observation] {"cycle":17,"processOrdinal":1,"timelineOrdinal":17,"kind":"complete","elapsedMs":1.4207500000002256,"pages":1,"totalChanged":false,"mixedStates":false,"code":"none"}
[http-timing] {"sequence":53,"timelineOrdinal":null,"processOrdinal":1,"method":"GET","routeClass":"tap","status":200,"headerElapsedMs":1,"bodyElapsedMs":0,"totalElapsedMs":1,"bytes":7771,"phase":"complete","outcome":"ok"}
[http-timing] {"sequence":54,"timelineOrdinal":18,"processOrdinal":1,"method":"GET","routeClass":"timeline","status":200,"headerElapsedMs":0,"bodyElapsedMs":0,"totalElapsedMs":1,"bytes":82,"phase":"complete","outcome":"ok"}
[timeline-page-observation] {"cycle":18,"processOrdinal":1,"timelineOrdinal":18,"kind":"page","elapsedMs":1.4207500000002256,"offset":0,"total":0,"unplacedTotal":0,"states":{"intent":0,"ready":0,"committed":0,"complete":0,"failed":0,"other":0}}
[timeline-page-observation] {"cycle":18,"processOrdinal":1,"timelineOrdinal":18,"kind":"complete","elapsedMs":1.4335000000000946,"pages":1,"totalChanged":false,"mixedStates":false,"code":"none"}
[http-timing] {"sequence":55,"timelineOrdinal":null,"processOrdinal":1,"method":"GET","routeClass":"tap","status":200,"headerElapsedMs":4,"bodyElapsedMs":0,"totalElapsedMs":4,"bytes":7905,"phase":"complete","outcome":"ok"}
[http-timing] {"sequence":56,"timelineOrdinal":19,"processOrdinal":1,"method":"GET","routeClass":"timeline","status":200,"headerElapsedMs":0,"bodyElapsedMs":0,"totalElapsedMs":0,"bytes":82,"phase":"complete","outcome":"ok"}
[timeline-page-observation] {"cycle":19,"processOrdinal":1,"timelineOrdinal":19,"kind":"page","elapsedMs":1.2734580000005735,"offset":0,"total":0,"unplacedTotal":0,"states":{"intent":0,"ready":0,"committed":0,"complete":0,"failed":0,"other":0}}
[timeline-page-observation] {"cycle":19,"processOrdinal":1,"timelineOrdinal":19,"kind":"complete","elapsedMs":1.294542000000547,"pages":1,"totalChanged":false,"mixedStates":false,"code":"none"}
[http-timing] {"sequence":57,"timelineOrdinal":null,"processOrdinal":1,"method":"GET","routeClass":"tap","status":200,"headerElapsedMs":1,"bodyElapsedMs":0,"totalElapsedMs":1,"bytes":7907,"phase":"complete","outcome":"ok"}
[http-timing] {"sequence":58,"timelineOrdinal":20,"processOrdinal":1,"method":"GET","routeClass":"timeline","status":200,"headerElapsedMs":0,"bodyElapsedMs":0,"totalElapsedMs":1,"bytes":82,"phase":"complete","outcome":"ok"}
[timeline-page-observation] {"cycle":20,"processOrdinal":1,"timelineOrdinal":20,"kind":"page","elapsedMs":1.3187499999994543,"offset":0,"total":0,"unplacedTotal":0,"states":{"intent":0,"ready":0,"committed":0,"complete":0,"failed":0,"other":0}}
[timeline-page-observation] {"cycle":20,"processOrdinal":1,"timelineOrdinal":20,"kind":"complete","elapsedMs":1.3425420000003214,"pages":1,"totalChanged":false,"mixedStates":false,"code":"none"}
[http-timing] {"sequence":59,"timelineOrdinal":null,"processOrdinal":1,"method":"GET","routeClass":"tap","status":200,"headerElapsedMs":1,"bodyElapsedMs":0,"totalElapsedMs":1,"bytes":8043,"phase":"complete","outcome":"ok"}
[http-timing] {"sequence":60,"timelineOrdinal":21,"processOrdinal":1,"method":"GET","routeClass":"timeline","status":200,"headerElapsedMs":1,"bodyElapsedMs":0,"totalElapsedMs":1,"bytes":82,"phase":"complete","outcome":"ok"}
[timeline-page-observation] {"cycle":21,"processOrdinal":1,"timelineOrdinal":21,"kind":"page","elapsedMs":1.745375000000422,"offset":0,"total":0,"unplacedTotal":0,"states":{"intent":0,"ready":0,"committed":0,"complete":0,"failed":0,"other":0}}
[timeline-page-observation] {"cycle":21,"processOrdinal":1,"timelineOrdinal":21,"kind":"complete","elapsedMs":1.7573330000004717,"pages":1,"totalChanged":false,"mixedStates":false,"code":"none"}
[http-timing] {"sequence":61,"timelineOrdinal":null,"processOrdinal":1,"method":"GET","routeClass":"tap","status":200,"headerElapsedMs":1,"bodyElapsedMs":0,"totalElapsedMs":1,"bytes":8171,"phase":"complete","outcome":"ok"}
[http-timing] {"sequence":62,"timelineOrdinal":22,"processOrdinal":1,"method":"GET","routeClass":"timeline","status":200,"headerElapsedMs":0,"bodyElapsedMs":0,"totalElapsedMs":1,"bytes":82,"phase":"complete","outcome":"ok"}
[timeline-page-observation] {"cycle":22,"processOrdinal":1,"timelineOrdinal":22,"kind":"page","elapsedMs":1.3612910000001648,"offset":0,"total":0,"unplacedTotal":0,"states":{"intent":0,"ready":0,"committed":0,"complete":0,"failed":0,"other":0}}
[timeline-page-observation] {"cycle":22,"processOrdinal":1,"timelineOrdinal":22,"kind":"complete","elapsedMs":1.3730830000004062,"pages":1,"totalChanged":false,"mixedStates":false,"code":"none"}
[http-timing] {"sequence":63,"timelineOrdinal":null,"processOrdinal":1,"method":"GET","routeClass":"tap","status":200,"headerElapsedMs":1,"bodyElapsedMs":0,"totalElapsedMs":1,"bytes":8307,"phase":"complete","outcome":"ok"}
[http-timing] {"sequence":64,"timelineOrdinal":23,"processOrdinal":1,"method":"GET","routeClass":"timeline","status":200,"headerElapsedMs":0,"bodyElapsedMs":0,"totalElapsedMs":0,"bytes":82,"phase":"complete","outcome":"ok"}
[timeline-page-observation] {"cycle":23,"processOrdinal":1,"timelineOrdinal":23,"kind":"page","elapsedMs":1.268750000000182,"offset":0,"total":0,"unplacedTotal":0,"states":{"intent":0,"ready":0,"committed":0,"complete":0,"failed":0,"other":0}}
[timeline-page-observation] {"cycle":23,"processOrdinal":1,"timelineOrdinal":23,"kind":"complete","elapsedMs":1.2807920000004742,"pages":1,"totalChanged":false,"mixedStates":false,"code":"none"}
[http-timing] {"sequence":65,"timelineOrdinal":null,"processOrdinal":1,"method":"GET","routeClass":"tap","status":200,"headerElapsedMs":2,"bodyElapsedMs":0,"totalElapsedMs":2,"bytes":8444,"phase":"complete","outcome":"ok"}
[http-timing] {"sequence":66,"timelineOrdinal":24,"processOrdinal":1,"method":"GET","routeClass":"timeline","status":200,"headerElapsedMs":0,"bodyElapsedMs":0,"totalElapsedMs":0,"bytes":82,"phase":"complete","outcome":"ok"}
[timeline-page-observation] {"cycle":24,"processOrdinal":1,"timelineOrdinal":24,"kind":"page","elapsedMs":1.2917500000003201,"offset":0,"total":0,"unplacedTotal":0,"states":{"intent":0,"ready":0,"committed":0,"complete":0,"failed":0,"other":0}}
[timeline-page-observation] {"cycle":24,"processOrdinal":1,"timelineOrdinal":24,"kind":"complete","elapsedMs":1.3039170000001832,"pages":1,"totalChanged":false,"mixedStates":false,"code":"none"}
[http-timing] {"sequence":67,"timelineOrdinal":null,"processOrdinal":1,"method":"GET","routeClass":"tap","status":200,"headerElapsedMs":1,"bodyElapsedMs":0,"totalElapsedMs":1,"bytes":8433,"phase":"complete","outcome":"ok"}
[http-timing] {"sequence":68,"timelineOrdinal":25,"processOrdinal":1,"method":"GET","routeClass":"timeline","status":200,"headerElapsedMs":0,"bodyElapsedMs":0,"totalElapsedMs":1,"bytes":82,"phase":"complete","outcome":"ok"}
[timeline-page-observation] {"cycle":25,"processOrdinal":1,"timelineOrdinal":25,"kind":"page","elapsedMs":1.4087079999999332,"offset":0,"total":0,"unplacedTotal":0,"states":{"intent":0,"ready":0,"committed":0,"complete":0,"failed":0,"other":0}}
[timeline-page-observation] {"cycle":25,"processOrdinal":1,"timelineOrdinal":25,"kind":"complete","elapsedMs":1.423041000000012,"pages":1,"totalChanged":false,"mixedStates":false,"code":"none"}
[http-timing] {"sequence":69,"timelineOrdinal":null,"processOrdinal":1,"method":"GET","routeClass":"tap","status":200,"headerElapsedMs":1,"bodyElapsedMs":0,"totalElapsedMs":1,"bytes":8571,"phase":"complete","outcome":"ok"}
[http-timing] {"sequence":70,"timelineOrdinal":26,"processOrdinal":1,"method":"GET","routeClass":"timeline","status":200,"headerElapsedMs":0,"bodyElapsedMs":0,"totalElapsedMs":0,"bytes":82,"phase":"complete","outcome":"ok"}
[timeline-page-observation] {"cycle":26,"processOrdinal":1,"timelineOrdinal":26,"kind":"page","elapsedMs":1.229707999999846,"offset":0,"total":0,"unplacedTotal":0,"states":{"intent":0,"ready":0,"committed":0,"complete":0,"failed":0,"other":0}}
[timeline-page-observation] {"cycle":26,"processOrdinal":1,"timelineOrdinal":26,"kind":"complete","elapsedMs":1.2420409999995172,"pages":1,"totalChanged":false,"mixedStates":false,"code":"none"}
[http-timing] {"sequence":71,"timelineOrdinal":null,"processOrdinal":1,"method":"GET","routeClass":"tap","status":200,"headerElapsedMs":1,"bodyElapsedMs":0,"totalElapsedMs":1,"bytes":8712,"phase":"complete","outcome":"ok"}
[http-timing] {"sequence":72,"timelineOrdinal":27,"processOrdinal":1,"method":"GET","routeClass":"timeline","status":200,"headerElapsedMs":0,"bodyElapsedMs":0,"totalElapsedMs":0,"bytes":82,"phase":"complete","outcome":"ok"}
[timeline-page-observation] {"cycle":27,"processOrdinal":1,"timelineOrdinal":27,"kind":"page","elapsedMs":1.3340829999997368,"offset":0,"total":0,"unplacedTotal":0,"states":{"intent":0,"ready":0,"committed":0,"complete":0,"failed":0,"other":0}}
[timeline-page-observation] {"cycle":27,"processOrdinal":1,"timelineOrdinal":27,"kind":"complete","elapsedMs":1.3462909999998374,"pages":1,"totalChanged":false,"mixedStates":false,"code":"none"}
[http-timing] {"sequence":73,"timelineOrdinal":null,"processOrdinal":1,"method":"GET","routeClass":"tap","status":200,"headerElapsedMs":1,"bodyElapsedMs":0,"totalElapsedMs":1,"bytes":8845,"phase":"complete","outcome":"ok"}
[http-timing] {"sequence":74,"timelineOrdinal":28,"processOrdinal":1,"method":"GET","routeClass":"timeline","status":200,"headerElapsedMs":0,"bodyElapsedMs":0,"totalElapsedMs":0,"bytes":82,"phase":"complete","outcome":"ok"}
[timeline-page-observation] {"cycle":28,"processOrdinal":1,"timelineOrdinal":28,"kind":"page","elapsedMs":1.2330830000000788,"offset":0,"total":0,"unplacedTotal":0,"states":{"intent":0,"ready":0,"committed":0,"complete":0,"failed":0,"other":0}}
[timeline-page-observation] {"cycle":28,"processOrdinal":1,"timelineOrdinal":28,"kind":"complete","elapsedMs":1.2434170000005906,"pages":1,"totalChanged":false,"mixedStates":false,"code":"none"}
[http-timing] {"sequence":75,"timelineOrdinal":null,"processOrdinal":1,"method":"GET","routeClass":"tap","status":200,"headerElapsedMs":3,"bodyElapsedMs":0,"totalElapsedMs":3,"bytes":8979,"phase":"complete","outcome":"ok"}
[http-timing] {"sequence":76,"timelineOrdinal":29,"processOrdinal":1,"method":"GET","routeClass":"timeline","status":200,"headerElapsedMs":0,"bodyElapsedMs":0,"totalElapsedMs":0,"bytes":82,"phase":"complete","outcome":"ok"}
[timeline-page-observation] {"cycle":29,"processOrdinal":1,"timelineOrdinal":29,"kind":"page","elapsedMs":1.2223750000002838,"offset":0,"total":0,"unplacedTotal":0,"states":{"intent":0,"ready":0,"committed":0,"complete":0,"failed":0,"other":0}}
[timeline-page-observation] {"cycle":29,"processOrdinal":1,"timelineOrdinal":29,"kind":"complete","elapsedMs":1.234375,"pages":1,"totalChanged":false,"mixedStates":false,"code":"none"}
[http-timing] {"sequence":77,"timelineOrdinal":null,"processOrdinal":1,"method":"GET","routeClass":"tap","status":200,"headerElapsedMs":1,"bodyElapsedMs":0,"totalElapsedMs":1,"bytes":8983,"phase":"complete","outcome":"ok"}
[http-timing] {"sequence":78,"timelineOrdinal":30,"processOrdinal":1,"method":"GET","routeClass":"timeline","status":200,"headerElapsedMs":1,"bodyElapsedMs":0,"totalElapsedMs":1,"bytes":82,"phase":"complete","outcome":"ok"}
[timeline-page-observation] {"cycle":30,"processOrdinal":1,"timelineOrdinal":30,"kind":"page","elapsedMs":1.9192910000001575,"offset":0,"total":0,"unplacedTotal":0,"states":{"intent":0,"ready":0,"committed":0,"complete":0,"failed":0,"other":0}}
[timeline-page-observation] {"cycle":30,"processOrdinal":1,"timelineOrdinal":30,"kind":"complete","elapsedMs":1.9316250000001673,"pages":1,"totalChanged":false,"mixedStates":false,"code":"none"}
[http-timing] {"sequence":79,"timelineOrdinal":null,"processOrdinal":1,"method":"GET","routeClass":"tap","status":200,"headerElapsedMs":1,"bodyElapsedMs":0,"totalElapsedMs":1,"bytes":9120,"phase":"complete","outcome":"ok"}
[http-timing] {"sequence":80,"timelineOrdinal":31,"processOrdinal":1,"method":"GET","routeClass":"timeline","status":200,"headerElapsedMs":1,"bodyElapsedMs":0,"totalElapsedMs":1,"bytes":82,"phase":"complete","outcome":"ok"}
[timeline-page-observation] {"cycle":31,"processOrdinal":1,"timelineOrdinal":31,"kind":"page","elapsedMs":1.4374170000000959,"offset":0,"total":0,"unplacedTotal":0,"states":{"intent":0,"ready":0,"committed":0,"complete":0,"failed":0,"other":0}}
[timeline-page-observation] {"cycle":31,"processOrdinal":1,"timelineOrdinal":31,"kind":"complete","elapsedMs":1.449999999999818,"pages":1,"totalChanged":false,"mixedStates":false,"code":"none"}
[http-timing] {"sequence":81,"timelineOrdinal":null,"processOrdinal":1,"method":"GET","routeClass":"tap","status":200,"headerElapsedMs":1,"bodyElapsedMs":0,"totalElapsedMs":1,"bytes":9249,"phase":"complete","outcome":"ok"}
[http-timing] {"sequence":82,"timelineOrdinal":32,"processOrdinal":1,"method":"GET","routeClass":"timeline","status":200,"headerElapsedMs":0,"bodyElapsedMs":0,"totalElapsedMs":0,"bytes":82,"phase":"complete","outcome":"ok"}
[timeline-page-observation] {"cycle":32,"processOrdinal":1,"timelineOrdinal":32,"kind":"page","elapsedMs":1.1805420000000595,"offset":0,"total":0,"unplacedTotal":0,"states":{"intent":0,"ready":0,"committed":0,"complete":0,"failed":0,"other":0}}
[timeline-page-observation] {"cycle":32,"processOrdinal":1,"timelineOrdinal":32,"kind":"complete","elapsedMs":1.1910840000000462,"pages":1,"totalChanged":false,"mixedStates":false,"code":"none"}
[http-timing] {"sequence":83,"timelineOrdinal":null,"processOrdinal":1,"method":"GET","routeClass":"tap","status":200,"headerElapsedMs":1,"bodyElapsedMs":0,"totalElapsedMs":1,"bytes":9250,"phase":"complete","outcome":"ok"}
[http-timing] {"sequence":84,"timelineOrdinal":33,"processOrdinal":1,"method":"GET","routeClass":"timeline","status":200,"headerElapsedMs":1,"bodyElapsedMs":0,"totalElapsedMs":1,"bytes":82,"phase":"complete","outcome":"ok"}
[timeline-page-observation] {"cycle":33,"processOrdinal":1,"timelineOrdinal":33,"kind":"page","elapsedMs":1.4538750000001528,"offset":0,"total":0,"unplacedTotal":0,"states":{"intent":0,"ready":0,"committed":0,"complete":0,"failed":0,"other":0}}
[timeline-page-observation] {"cycle":33,"processOrdinal":1,"timelineOrdinal":33,"kind":"complete","elapsedMs":1.4667920000001686,"pages":1,"totalChanged":false,"mixedStates":false,"code":"none"}
[http-timing] {"sequence":85,"timelineOrdinal":null,"processOrdinal":1,"method":"GET","routeClass":"tap","status":200,"headerElapsedMs":1,"bodyElapsedMs":0,"totalElapsedMs":1,"bytes":9385,"phase":"complete","outcome":"ok"}
[http-timing] {"sequence":86,"timelineOrdinal":34,"processOrdinal":1,"method":"GET","routeClass":"timeline","status":200,"headerElapsedMs":0,"bodyElapsedMs":0,"totalElapsedMs":1,"bytes":82,"phase":"complete","outcome":"ok"}
[timeline-page-observation] {"cycle":34,"processOrdinal":1,"timelineOrdinal":34,"kind":"page","elapsedMs":1.6963329999998678,"offset":0,"total":0,"unplacedTotal":0,"states":{"intent":0,"ready":0,"committed":0,"complete":0,"failed":0,"other":0}}
[timeline-page-observation] {"cycle":34,"processOrdinal":1,"timelineOrdinal":34,"kind":"complete","elapsedMs":1.708958000000166,"pages":1,"totalChanged":false,"mixedStates":false,"code":"none"}
[http-timing] {"sequence":87,"timelineOrdinal":null,"processOrdinal":1,"method":"GET","routeClass":"tap","status":200,"headerElapsedMs":1,"bodyElapsedMs":0,"totalElapsedMs":1,"bytes":9511,"phase":"complete","outcome":"ok"}
[http-timing] {"sequence":88,"timelineOrdinal":35,"processOrdinal":1,"method":"GET","routeClass":"timeline","status":200,"headerElapsedMs":0,"bodyElapsedMs":0,"totalElapsedMs":0,"bytes":82,"phase":"complete","outcome":"ok"}
[timeline-page-observation] {"cycle":35,"processOrdinal":1,"timelineOrdinal":35,"kind":"page","elapsedMs":1.3009999999994761,"offset":0,"total":0,"unplacedTotal":0,"states":{"intent":0,"ready":0,"committed":0,"complete":0,"failed":0,"other":0}}
[timeline-page-observation] {"cycle":35,"processOrdinal":1,"timelineOrdinal":35,"kind":"complete","elapsedMs":1.313916999999492,"pages":1,"totalChanged":false,"mixedStates":false,"code":"none"}
[http-timing] {"sequence":89,"timelineOrdinal":null,"processOrdinal":1,"method":"GET","routeClass":"tap","status":200,"headerElapsedMs":1,"bodyElapsedMs":0,"totalElapsedMs":1,"bytes":10068,"phase":"complete","outcome":"ok"}
[http-timing] {"sequence":90,"timelineOrdinal":36,"processOrdinal":1,"method":"GET","routeClass":"timeline","status":200,"headerElapsedMs":1,"bodyElapsedMs":0,"totalElapsedMs":1,"bytes":82,"phase":"complete","outcome":"ok"}
[timeline-page-observation] {"cycle":36,"processOrdinal":1,"timelineOrdinal":36,"kind":"page","elapsedMs":1.5072920000002341,"offset":0,"total":0,"unplacedTotal":0,"states":{"intent":0,"ready":0,"committed":0,"complete":0,"failed":0,"other":0}}
[timeline-page-observation] {"cycle":36,"processOrdinal":1,"timelineOrdinal":36,"kind":"complete","elapsedMs":1.5191670000003796,"pages":1,"totalChanged":false,"mixedStates":false,"code":"none"}
[http-timing] {"sequence":91,"timelineOrdinal":null,"processOrdinal":1,"method":"GET","routeClass":"tap","status":200,"headerElapsedMs":1,"bodyElapsedMs":0,"totalElapsedMs":1,"bytes":10248,"phase":"complete","outcome":"ok"}
[http-timing] {"sequence":92,"timelineOrdinal":37,"processOrdinal":1,"method":"GET","routeClass":"timeline","status":200,"headerElapsedMs":0,"bodyElapsedMs":0,"totalElapsedMs":0,"bytes":82,"phase":"complete","outcome":"ok"}
[timeline-page-observation] {"cycle":37,"processOrdinal":1,"timelineOrdinal":37,"kind":"page","elapsedMs":1.3289170000007289,"offset":0,"total":0,"unplacedTotal":0,"states":{"intent":0,"ready":0,"committed":0,"complete":0,"failed":0,"other":0}}
[timeline-page-observation] {"cycle":37,"processOrdinal":1,"timelineOrdinal":37,"kind":"complete","elapsedMs":1.3404590000000098,"pages":1,"totalChanged":false,"mixedStates":false,"code":"none"}
[http-timing] {"sequence":93,"timelineOrdinal":null,"processOrdinal":1,"method":"GET","routeClass":"tap","status":200,"headerElapsedMs":1,"bodyElapsedMs":0,"totalElapsedMs":1,"bytes":10249,"phase":"complete","outcome":"ok"}
[http-timing] {"sequence":94,"timelineOrdinal":38,"processOrdinal":1,"method":"GET","routeClass":"timeline","status":200,"headerElapsedMs":0,"bodyElapsedMs":0,"totalElapsedMs":0,"bytes":82,"phase":"complete","outcome":"ok"}
[timeline-page-observation] {"cycle":38,"processOrdinal":1,"timelineOrdinal":38,"kind":"page","elapsedMs":1.2590419999996811,"offset":0,"total":0,"unplacedTotal":0,"states":{"intent":0,"ready":0,"committed":0,"complete":0,"failed":0,"other":0}}
[timeline-page-observation] {"cycle":38,"processOrdinal":1,"timelineOrdinal":38,"kind":"complete","elapsedMs":1.2719999999999345,"pages":1,"totalChanged":false,"mixedStates":false,"code":"none"}
[http-timing] {"sequence":95,"timelineOrdinal":null,"processOrdinal":1,"method":"GET","routeClass":"tap","status":200,"headerElapsedMs":1,"bodyElapsedMs":0,"totalElapsedMs":1,"bytes":10429,"phase":"complete","outcome":"ok"}
[http-timing] {"sequence":96,"timelineOrdinal":39,"processOrdinal":1,"method":"GET","routeClass":"timeline","status":200,"headerElapsedMs":1,"bodyElapsedMs":0,"totalElapsedMs":1,"bytes":82,"phase":"complete","outcome":"ok"}
[timeline-page-observation] {"cycle":39,"processOrdinal":1,"timelineOrdinal":39,"kind":"page","elapsedMs":1.4648749999996653,"offset":0,"total":0,"unplacedTotal":0,"states":{"intent":0,"ready":0,"committed":0,"complete":0,"failed":0,"other":0}}
[timeline-page-observation] {"cycle":39,"processOrdinal":1,"timelineOrdinal":39,"kind":"complete","elapsedMs":1.4780829999999696,"pages":1,"totalChanged":false,"mixedStates":false,"code":"none"}
[http-timing] {"sequence":97,"timelineOrdinal":null,"processOrdinal":1,"method":"GET","routeClass":"tap","status":200,"headerElapsedMs":1,"bodyElapsedMs":0,"totalElapsedMs":1,"bytes":10609,"phase":"complete","outcome":"ok"}
[http-timing] {"sequence":98,"timelineOrdinal":40,"processOrdinal":1,"method":"GET","routeClass":"timeline","status":200,"headerElapsedMs":0,"bodyElapsedMs":0,"totalElapsedMs":0,"bytes":82,"phase":"complete","outcome":"ok"}
[timeline-page-observation] {"cycle":40,"processOrdinal":1,"timelineOrdinal":40,"kind":"page","elapsedMs":1.250583000000006,"offset":0,"total":0,"unplacedTotal":0,"states":{"intent":0,"ready":0,"committed":0,"complete":0,"failed":0,"other":0}}
[timeline-page-observation] {"cycle":40,"processOrdinal":1,"timelineOrdinal":40,"kind":"complete","elapsedMs":1.26299999999992,"pages":1,"totalChanged":false,"mixedStates":false,"code":"none"}
[http-timing] {"sequence":99,"timelineOrdinal":null,"processOrdinal":1,"method":"GET","routeClass":"tap","status":200,"headerElapsedMs":1,"bodyElapsedMs":0,"totalElapsedMs":1,"bytes":10797,"phase":"complete","outcome":"ok"}
[http-timing] {"sequence":100,"timelineOrdinal":41,"processOrdinal":1,"method":"GET","routeClass":"timeline","status":200,"headerElapsedMs":0,"bodyElapsedMs":0,"totalElapsedMs":1,"bytes":82,"phase":"complete","outcome":"ok"}
[timeline-page-observation] {"cycle":41,"processOrdinal":1,"timelineOrdinal":41,"kind":"page","elapsedMs":1.466500000000451,"offset":0,"total":0,"unplacedTotal":0,"states":{"intent":0,"ready":0,"committed":0,"complete":0,"failed":0,"other":0}}
[timeline-page-observation] {"cycle":41,"processOrdinal":1,"timelineOrdinal":41,"kind":"complete","elapsedMs":1.477958999999828,"pages":1,"totalChanged":false,"mixedStates":false,"code":"none"}
[http-timing] {"sequence":101,"timelineOrdinal":null,"processOrdinal":1,"method":"GET","routeClass":"tap","status":200,"headerElapsedMs":1,"bodyElapsedMs":0,"totalElapsedMs":1,"bytes":10867,"phase":"complete","outcome":"ok"}
[http-timing] {"sequence":102,"timelineOrdinal":42,"processOrdinal":1,"method":"GET","routeClass":"timeline","status":200,"headerElapsedMs":1,"bodyElapsedMs":0,"totalElapsedMs":1,"bytes":82,"phase":"complete","outcome":"ok"}
[timeline-page-observation] {"cycle":42,"processOrdinal":1,"timelineOrdinal":42,"kind":"page","elapsedMs":1.4785000000001673,"offset":0,"total":0,"unplacedTotal":0,"states":{"intent":0,"ready":0,"committed":0,"complete":0,"failed":0,"other":0}}
[timeline-page-observation] {"cycle":42,"processOrdinal":1,"timelineOrdinal":42,"kind":"complete","elapsedMs":1.4912500000000364,"pages":1,"totalChanged":false,"mixedStates":false,"code":"none"}
[http-timing] {"sequence":103,"timelineOrdinal":null,"processOrdinal":1,"method":"GET","routeClass":"tap","status":200,"headerElapsedMs":1,"bodyElapsedMs":0,"totalElapsedMs":1,"bytes":10867,"phase":"complete","outcome":"ok"}
[http-timing] {"sequence":104,"timelineOrdinal":43,"processOrdinal":1,"method":"GET","routeClass":"timeline","status":200,"headerElapsedMs":0,"bodyElapsedMs":0,"totalElapsedMs":0,"bytes":82,"phase":"complete","outcome":"ok"}
[timeline-page-observation] {"cycle":43,"processOrdinal":1,"timelineOrdinal":43,"kind":"page","elapsedMs":1.170791000000463,"offset":0,"total":0,"unplacedTotal":0,"states":{"intent":0,"ready":0,"committed":0,"complete":0,"failed":0,"other":0}}
[timeline-page-observation] {"cycle":43,"processOrdinal":1,"timelineOrdinal":43,"kind":"complete","elapsedMs":1.1835829999999987,"pages":1,"totalChanged":false,"mixedStates":false,"code":"none"}
[http-timing] {"sequence":105,"timelineOrdinal":null,"processOrdinal":1,"method":"GET","routeClass":"tap","status":200,"headerElapsedMs":1,"bodyElapsedMs":0,"totalElapsedMs":1,"bytes":10912,"phase":"complete","outcome":"ok"}
[http-timing] {"sequence":106,"timelineOrdinal":44,"processOrdinal":1,"method":"GET","routeClass":"timeline","status":200,"headerElapsedMs":0,"bodyElapsedMs":0,"totalElapsedMs":1,"bytes":82,"phase":"complete","outcome":"ok"}
[timeline-page-observation] {"cycle":44,"processOrdinal":1,"timelineOrdinal":44,"kind":"page","elapsedMs":1.5095830000000205,"offset":0,"total":0,"unplacedTotal":0,"states":{"intent":0,"ready":0,"committed":0,"complete":0,"failed":0,"other":0}}
[timeline-page-observation] {"cycle":44,"processOrdinal":1,"timelineOrdinal":44,"kind":"complete","elapsedMs":1.522624999999607,"pages":1,"totalChanged":false,"mixedStates":false,"code":"none"}
[http-timing] {"sequence":107,"timelineOrdinal":null,"processOrdinal":1,"method":"GET","routeClass":"tap","status":200,"headerElapsedMs":1,"bodyElapsedMs":0,"totalElapsedMs":1,"bytes":10962,"phase":"complete","outcome":"ok"}
[http-timing] {"sequence":108,"timelineOrdinal":45,"processOrdinal":1,"method":"GET","routeClass":"timeline","status":200,"headerElapsedMs":1,"bodyElapsedMs":0,"totalElapsedMs":1,"bytes":82,"phase":"complete","outcome":"ok"}
[timeline-page-observation] {"cycle":45,"processOrdinal":1,"timelineOrdinal":45,"kind":"page","elapsedMs":1.4639170000000377,"offset":0,"total":0,"unplacedTotal":0,"states":{"intent":0,"ready":0,"committed":0,"complete":0,"failed":0,"other":0}}
[timeline-page-observation] {"cycle":45,"processOrdinal":1,"timelineOrdinal":45,"kind":"complete","elapsedMs":1.4770829999997659,"pages":1,"totalChanged":false,"mixedStates":false,"code":"none"}
[http-timing] {"sequence":109,"timelineOrdinal":null,"processOrdinal":1,"method":"GET","routeClass":"tap","status":200,"headerElapsedMs":1,"bodyElapsedMs":0,"totalElapsedMs":1,"bytes":11011,"phase":"complete","outcome":"ok"}
[http-timing] {"sequence":110,"timelineOrdinal":46,"processOrdinal":1,"method":"GET","routeClass":"timeline","status":200,"headerElapsedMs":0,"bodyElapsedMs":0,"totalElapsedMs":0,"bytes":82,"phase":"complete","outcome":"ok"}
[timeline-page-observation] {"cycle":46,"processOrdinal":1,"timelineOrdinal":46,"kind":"page","elapsedMs":1.2313340000000608,"offset":0,"total":0,"unplacedTotal":0,"states":{"intent":0,"ready":0,"committed":0,"complete":0,"failed":0,"other":0}}
[timeline-page-observation] {"cycle":46,"processOrdinal":1,"timelineOrdinal":46,"kind":"complete","elapsedMs":1.2432500000004438,"pages":1,"totalChanged":false,"mixedStates":false,"code":"none"}
[http-timing] {"sequence":111,"timelineOrdinal":null,"processOrdinal":1,"method":"GET","routeClass":"tap","status":200,"headerElapsedMs":1,"bodyElapsedMs":0,"totalElapsedMs":1,"bytes":11061,"phase":"complete","outcome":"ok"}
[http-timing] {"sequence":112,"timelineOrdinal":47,"processOrdinal":1,"method":"GET","routeClass":"timeline","status":200,"headerElapsedMs":0,"bodyElapsedMs":0,"totalElapsedMs":0,"bytes":82,"phase":"complete","outcome":"ok"}
[timeline-page-observation] {"cycle":47,"processOrdinal":1,"timelineOrdinal":47,"kind":"page","elapsedMs":1.4255419999999503,"offset":0,"total":0,"unplacedTotal":0,"states":{"intent":0,"ready":0,"committed":0,"complete":0,"failed":0,"other":0}}
[timeline-page-observation] {"cycle":47,"processOrdinal":1,"timelineOrdinal":47,"kind":"complete","elapsedMs":1.4372080000002825,"pages":1,"totalChanged":false,"mixedStates":false,"code":"none"}
[http-timing] {"sequence":113,"timelineOrdinal":null,"processOrdinal":1,"method":"GET","routeClass":"tap","status":200,"headerElapsedMs":1,"bodyElapsedMs":0,"totalElapsedMs":1,"bytes":11056,"phase":"complete","outcome":"ok"}
[http-timing] {"sequence":114,"timelineOrdinal":48,"processOrdinal":1,"method":"GET","routeClass":"timeline","status":200,"headerElapsedMs":1,"bodyElapsedMs":0,"totalElapsedMs":1,"bytes":82,"phase":"complete","outcome":"ok"}
[timeline-page-observation] {"cycle":48,"processOrdinal":1,"timelineOrdinal":48,"kind":"page","elapsedMs":1.611750000000029,"offset":0,"total":0,"unplacedTotal":0,"states":{"intent":0,"ready":0,"committed":0,"complete":0,"failed":0,"other":0}}
[timeline-page-observation] {"cycle":48,"processOrdinal":1,"timelineOrdinal":48,"kind":"complete","elapsedMs":1.6248750000004293,"pages":1,"totalChanged":false,"mixedStates":false,"code":"none"}
[http-timing] {"sequence":115,"timelineOrdinal":null,"processOrdinal":1,"method":"GET","routeClass":"tap","status":200,"headerElapsedMs":1,"bodyElapsedMs":0,"totalElapsedMs":1,"bytes":11111,"phase":"complete","outcome":"ok"}
[http-timing] {"sequence":116,"timelineOrdinal":49,"processOrdinal":1,"method":"GET","routeClass":"timeline","status":200,"headerElapsedMs":0,"bodyElapsedMs":0,"totalElapsedMs":0,"bytes":82,"phase":"complete","outcome":"ok"}
[timeline-page-observation] {"cycle":49,"processOrdinal":1,"timelineOrdinal":49,"kind":"page","elapsedMs":1.2846249999993233,"offset":0,"total":0,"unplacedTotal":0,"states":{"intent":0,"ready":0,"committed":0,"complete":0,"failed":0,"other":0}}
[timeline-page-observation] {"cycle":49,"processOrdinal":1,"timelineOrdinal":49,"kind":"complete","elapsedMs":1.2978749999992942,"pages":1,"totalChanged":false,"mixedStates":false,"code":"none"}
[http-timing] {"sequence":117,"timelineOrdinal":null,"processOrdinal":1,"method":"GET","routeClass":"tap","status":200,"headerElapsedMs":1,"bodyElapsedMs":0,"totalElapsedMs":1,"bytes":11159,"phase":"complete","outcome":"ok"}
[http-timing] {"sequence":118,"timelineOrdinal":50,"processOrdinal":1,"method":"GET","routeClass":"timeline","status":200,"headerElapsedMs":0,"bodyElapsedMs":0,"totalElapsedMs":0,"bytes":82,"phase":"complete","outcome":"ok"}
[timeline-page-observation] {"cycle":50,"processOrdinal":1,"timelineOrdinal":50,"kind":"page","elapsedMs":1.3237499999995634,"offset":0,"total":0,"unplacedTotal":0,"states":{"intent":0,"ready":0,"committed":0,"complete":0,"failed":0,"other":0}}
[timeline-page-observation] {"cycle":50,"processOrdinal":1,"timelineOrdinal":50,"kind":"complete","elapsedMs":1.3367499999994834,"pages":1,"totalChanged":false,"mixedStates":false,"code":"none"}
[http-timing] {"sequence":119,"timelineOrdinal":null,"processOrdinal":1,"method":"GET","routeClass":"tap","status":200,"headerElapsedMs":1,"bodyElapsedMs":0,"totalElapsedMs":1,"bytes":11203,"phase":"complete","outcome":"ok"}
[http-timing] {"sequence":120,"timelineOrdinal":51,"processOrdinal":1,"method":"GET","routeClass":"timeline","status":200,"headerElapsedMs":1,"bodyElapsedMs":0,"totalElapsedMs":1,"bytes":82,"phase":"complete","outcome":"ok"}
[timeline-page-observation] {"cycle":51,"processOrdinal":1,"timelineOrdinal":51,"kind":"page","elapsedMs":1.537290999999641,"offset":0,"total":0,"unplacedTotal":0,"states":{"intent":0,"ready":0,"committed":0,"complete":0,"failed":0,"other":0}}
[timeline-page-observation] {"cycle":51,"processOrdinal":1,"timelineOrdinal":51,"kind":"complete","elapsedMs":1.549250000000029,"pages":1,"totalChanged":false,"mixedStates":false,"code":"none"}
[http-timing] {"sequence":121,"timelineOrdinal":null,"processOrdinal":1,"method":"GET","routeClass":"tap","status":200,"headerElapsedMs":1,"bodyElapsedMs":0,"totalElapsedMs":1,"bytes":11202,"phase":"complete","outcome":"ok"}
[http-timing] {"sequence":122,"timelineOrdinal":52,"processOrdinal":1,"method":"GET","routeClass":"timeline","status":200,"headerElapsedMs":0,"bodyElapsedMs":0,"totalElapsedMs":0,"bytes":82,"phase":"complete","outcome":"ok"}
[timeline-page-observation] {"cycle":52,"processOrdinal":1,"timelineOrdinal":52,"kind":"page","elapsedMs":1.1955419999994774,"offset":0,"total":0,"unplacedTotal":0,"states":{"intent":0,"ready":0,"committed":0,"complete":0,"failed":0,"other":0}}
[timeline-page-observation] {"cycle":52,"processOrdinal":1,"timelineOrdinal":52,"kind":"complete","elapsedMs":1.2061249999997017,"pages":1,"totalChanged":false,"mixedStates":false,"code":"none"}
[http-timing] {"sequence":123,"timelineOrdinal":null,"processOrdinal":1,"method":"GET","routeClass":"tap","status":200,"headerElapsedMs":1,"bodyElapsedMs":0,"totalElapsedMs":1,"bytes":11245,"phase":"complete","outcome":"ok"}
[http-timing] {"sequence":124,"timelineOrdinal":53,"processOrdinal":1,"method":"GET","routeClass":"timeline","status":200,"headerElapsedMs":0,"bodyElapsedMs":0,"totalElapsedMs":0,"bytes":82,"phase":"complete","outcome":"ok"}
[timeline-page-observation] {"cycle":53,"processOrdinal":1,"timelineOrdinal":53,"kind":"page","elapsedMs":1.2446669999999358,"offset":0,"total":0,"unplacedTotal":0,"states":{"intent":0,"ready":0,"committed":0,"complete":0,"failed":0,"other":0}}
[timeline-page-observation] {"cycle":53,"processOrdinal":1,"timelineOrdinal":53,"kind":"complete","elapsedMs":1.2561249999998836,"pages":1,"totalChanged":false,"mixedStates":false,"code":"none"}
[http-timing] {"sequence":125,"timelineOrdinal":null,"processOrdinal":1,"method":"GET","routeClass":"tap","status":200,"headerElapsedMs":1,"bodyElapsedMs":0,"totalElapsedMs":1,"bytes":11292,"phase":"complete","outcome":"ok"}
[http-timing] {"sequence":126,"timelineOrdinal":54,"processOrdinal":1,"method":"GET","routeClass":"timeline","status":200,"headerElapsedMs":1,"bodyElapsedMs":0,"totalElapsedMs":1,"bytes":82,"phase":"complete","outcome":"ok"}
[timeline-page-observation] {"cycle":54,"processOrdinal":1,"timelineOrdinal":54,"kind":"page","elapsedMs":1.6379170000000158,"offset":0,"total":0,"unplacedTotal":0,"states":{"intent":0,"ready":0,"committed":0,"complete":0,"failed":0,"other":0}}
[timeline-page-observation] {"cycle":54,"processOrdinal":1,"timelineOrdinal":54,"kind":"complete","elapsedMs":1.6514579999993657,"pages":1,"totalChanged":false,"mixedStates":false,"code":"none"}
[http-timing] {"sequence":127,"timelineOrdinal":null,"processOrdinal":1,"method":"GET","routeClass":"tap","status":200,"headerElapsedMs":1,"bodyElapsedMs":0,"totalElapsedMs":1,"bytes":11332,"phase":"complete","outcome":"ok"}
[http-timing] {"sequence":128,"timelineOrdinal":55,"processOrdinal":1,"method":"GET","routeClass":"timeline","status":200,"headerElapsedMs":0,"bodyElapsedMs":0,"totalElapsedMs":1,"bytes":82,"phase":"complete","outcome":"ok"}
[timeline-page-observation] {"cycle":55,"processOrdinal":1,"timelineOrdinal":55,"kind":"page","elapsedMs":1.3876249999993888,"offset":0,"total":0,"unplacedTotal":0,"states":{"intent":0,"ready":0,"committed":0,"complete":0,"failed":0,"other":0}}
[timeline-page-observation] {"cycle":55,"processOrdinal":1,"timelineOrdinal":55,"kind":"complete","elapsedMs":1.401332999999795,"pages":1,"totalChanged":false,"mixedStates":false,"code":"none"}
[http-timing] {"sequence":129,"timelineOrdinal":null,"processOrdinal":1,"method":"GET","routeClass":"tap","status":200,"headerElapsedMs":1,"bodyElapsedMs":0,"totalElapsedMs":1,"bytes":11330,"phase":"complete","outcome":"ok"}
[http-timing] {"sequence":130,"timelineOrdinal":56,"processOrdinal":1,"method":"GET","routeClass":"timeline","status":200,"headerElapsedMs":0,"bodyElapsedMs":0,"totalElapsedMs":0,"bytes":82,"phase":"complete","outcome":"ok"}
[timeline-page-observation] {"cycle":56,"processOrdinal":1,"timelineOrdinal":56,"kind":"page","elapsedMs":1.3330409999998665,"offset":0,"total":0,"unplacedTotal":0,"states":{"intent":0,"ready":0,"committed":0,"complete":0,"failed":0,"other":0}}
[timeline-page-observation] {"cycle":56,"processOrdinal":1,"timelineOrdinal":56,"kind":"complete","elapsedMs":1.3467079999991256,"pages":1,"totalChanged":false,"mixedStates":false,"code":"none"}
[http-timing] {"sequence":131,"timelineOrdinal":null,"processOrdinal":1,"method":"GET","routeClass":"tap","status":200,"headerElapsedMs":1,"bodyElapsedMs":0,"totalElapsedMs":1,"bytes":11382,"phase":"complete","outcome":"ok"}
[http-timing] {"sequence":132,"timelineOrdinal":57,"processOrdinal":1,"method":"GET","routeClass":"timeline","status":200,"headerElapsedMs":1,"bodyElapsedMs":0,"totalElapsedMs":1,"bytes":82,"phase":"complete","outcome":"ok"}
[timeline-page-observation] {"cycle":57,"processOrdinal":1,"timelineOrdinal":57,"kind":"page","elapsedMs":1.4123340000005555,"offset":0,"total":0,"unplacedTotal":0,"states":{"intent":0,"ready":0,"committed":0,"complete":0,"failed":0,"other":0}}
[timeline-page-observation] {"cycle":57,"processOrdinal":1,"timelineOrdinal":57,"kind":"complete","elapsedMs":1.4249999999992724,"pages":1,"totalChanged":false,"mixedStates":false,"code":"none"}
[http-timing] {"sequence":133,"timelineOrdinal":null,"processOrdinal":1,"method":"GET","routeClass":"tap","status":200,"headerElapsedMs":1,"bodyElapsedMs":0,"totalElapsedMs":1,"bytes":11424,"phase":"complete","outcome":"ok"}
[http-timing] {"sequence":134,"timelineOrdinal":58,"processOrdinal":1,"method":"GET","routeClass":"timeline","status":200,"headerElapsedMs":1,"bodyElapsedMs":0,"totalElapsedMs":1,"bytes":82,"phase":"complete","outcome":"ok"}
[timeline-page-observation] {"cycle":58,"processOrdinal":1,"timelineOrdinal":58,"kind":"page","elapsedMs":1.6206249999995634,"offset":0,"total":0,"unplacedTotal":0,"states":{"intent":0,"ready":0,"committed":0,"complete":0,"failed":0,"other":0}}
[timeline-page-observation] {"cycle":58,"processOrdinal":1,"timelineOrdinal":58,"kind":"complete","elapsedMs":1.6346250000005966,"pages":1,"totalChanged":false,"mixedStates":false,"code":"none"}
[http-timing] {"sequence":135,"timelineOrdinal":null,"processOrdinal":1,"method":"GET","routeClass":"tap","status":200,"headerElapsedMs":1,"bodyElapsedMs":0,"totalElapsedMs":1,"bytes":11476,"phase":"complete","outcome":"ok"}
[http-timing] {"sequence":136,"timelineOrdinal":59,"processOrdinal":1,"method":"GET","routeClass":"timeline","status":200,"headerElapsedMs":0,"bodyElapsedMs":0,"totalElapsedMs":0,"bytes":82,"phase":"complete","outcome":"ok"}
[timeline-page-observation] {"cycle":59,"processOrdinal":1,"timelineOrdinal":59,"kind":"page","elapsedMs":1.2581669999999576,"offset":0,"total":0,"unplacedTotal":0,"states":{"intent":0,"ready":0,"committed":0,"complete":0,"failed":0,"other":0}}
[timeline-page-observation] {"cycle":59,"processOrdinal":1,"timelineOrdinal":59,"kind":"complete","elapsedMs":1.2704580000008718,"pages":1,"totalChanged":false,"mixedStates":false,"code":"none"}
[http-timing] {"sequence":137,"timelineOrdinal":null,"processOrdinal":1,"method":"GET","routeClass":"tap","status":200,"headerElapsedMs":1,"bodyElapsedMs":0,"totalElapsedMs":1,"bytes":11514,"phase":"complete","outcome":"ok"}
[http-timing] {"sequence":138,"timelineOrdinal":60,"processOrdinal":1,"method":"GET","routeClass":"timeline","status":200,"headerElapsedMs":1,"bodyElapsedMs":0,"totalElapsedMs":1,"bytes":82,"phase":"complete","outcome":"ok"}
[timeline-page-observation] {"cycle":60,"processOrdinal":1,"timelineOrdinal":60,"kind":"page","elapsedMs":1.411207999999533,"offset":0,"total":0,"unplacedTotal":0,"states":{"intent":0,"ready":0,"committed":0,"complete":0,"failed":0,"other":0}}
[timeline-page-observation] {"cycle":60,"processOrdinal":1,"timelineOrdinal":60,"kind":"complete","elapsedMs":1.424165999998877,"pages":1,"totalChanged":false,"mixedStates":false,"code":"none"}
[http-timing] {"sequence":139,"timelineOrdinal":null,"processOrdinal":1,"method":"GET","routeClass":"tap","status":200,"headerElapsedMs":1,"bodyElapsedMs":0,"totalElapsedMs":1,"bytes":11517,"phase":"complete","outcome":"ok"}
[http-timing] {"sequence":140,"timelineOrdinal":61,"processOrdinal":1,"method":"GET","routeClass":"timeline","status":200,"headerElapsedMs":0,"bodyElapsedMs":0,"totalElapsedMs":0,"bytes":82,"phase":"complete","outcome":"ok"}
[timeline-page-observation] {"cycle":61,"processOrdinal":1,"timelineOrdinal":61,"kind":"page","elapsedMs":1.1774160000004485,"offset":0,"total":0,"unplacedTotal":0,"states":{"intent":0,"ready":0,"committed":0,"complete":0,"failed":0,"other":0}}
[timeline-page-observation] {"cycle":61,"processOrdinal":1,"timelineOrdinal":61,"kind":"complete","elapsedMs":1.1892080000015994,"pages":1,"totalChanged":false,"mixedStates":false,"code":"none"}
[http-timing] {"sequence":141,"timelineOrdinal":null,"processOrdinal":1,"method":"GET","routeClass":"tap","status":200,"headerElapsedMs":1,"bodyElapsedMs":0,"totalElapsedMs":1,"bytes":11560,"phase":"complete","outcome":"ok"}
[http-timing] {"sequence":142,"timelineOrdinal":62,"processOrdinal":1,"method":"GET","routeClass":"timeline","status":200,"headerElapsedMs":0,"bodyElapsedMs":0,"totalElapsedMs":1,"bytes":82,"phase":"complete","outcome":"ok"}
[timeline-page-observation] {"cycle":62,"processOrdinal":1,"timelineOrdinal":62,"kind":"page","elapsedMs":1.4002500000005966,"offset":0,"total":0,"unplacedTotal":0,"states":{"intent":0,"ready":0,"committed":0,"complete":0,"failed":0,"other":0}}
[timeline-page-observation] {"cycle":62,"processOrdinal":1,"timelineOrdinal":62,"kind":"complete","elapsedMs":1.422207999999955,"pages":1,"totalChanged":false,"mixedStates":false,"code":"none"}
[http-timing] {"sequence":143,"timelineOrdinal":null,"processOrdinal":1,"method":"GET","routeClass":"tap","status":200,"headerElapsedMs":1,"bodyElapsedMs":0,"totalElapsedMs":1,"bytes":11598,"phase":"complete","outcome":"ok"}
[http-timing] {"sequence":144,"timelineOrdinal":63,"processOrdinal":1,"method":"GET","routeClass":"timeline","status":200,"headerElapsedMs":1,"bodyElapsedMs":0,"totalElapsedMs":1,"bytes":82,"phase":"complete","outcome":"ok"}
[timeline-page-observation] {"cycle":63,"processOrdinal":1,"timelineOrdinal":63,"kind":"page","elapsedMs":1.430500000000393,"offset":0,"total":0,"unplacedTotal":0,"states":{"intent":0,"ready":0,"committed":0,"complete":0,"failed":0,"other":0}}
[timeline-page-observation] {"cycle":63,"processOrdinal":1,"timelineOrdinal":63,"kind":"complete","elapsedMs":1.4431249999997817,"pages":1,"totalChanged":false,"mixedStates":false,"code":"none"}
[http-timing] {"sequence":145,"timelineOrdinal":null,"processOrdinal":1,"method":"GET","routeClass":"tap","status":200,"headerElapsedMs":1,"bodyElapsedMs":0,"totalElapsedMs":1,"bytes":11647,"phase":"complete","outcome":"ok"}
[http-timing] {"sequence":146,"timelineOrdinal":64,"processOrdinal":1,"method":"GET","routeClass":"timeline","status":200,"headerElapsedMs":1,"bodyElapsedMs":0,"totalElapsedMs":1,"bytes":82,"phase":"complete","outcome":"ok"}
[timeline-page-observation] {"cycle":64,"processOrdinal":1,"timelineOrdinal":64,"kind":"page","elapsedMs":1.4720419999994192,"offset":0,"total":0,"unplacedTotal":0,"states":{"intent":0,"ready":0,"committed":0,"complete":0,"failed":0,"other":0}}
[timeline-page-observation] {"cycle":64,"processOrdinal":1,"timelineOrdinal":64,"kind":"complete","elapsedMs":1.4861669999991136,"pages":1,"totalChanged":false,"mixedStates":false,"code":"none"}
[http-timing] {"sequence":147,"timelineOrdinal":null,"processOrdinal":1,"method":"GET","routeClass":"tap","status":200,"headerElapsedMs":1,"bodyElapsedMs":0,"totalElapsedMs":1,"bytes":11690,"phase":"complete","outcome":"ok"}
[http-timing] {"sequence":148,"timelineOrdinal":65,"processOrdinal":1,"method":"GET","routeClass":"timeline","status":200,"headerElapsedMs":0,"bodyElapsedMs":0,"totalElapsedMs":0,"bytes":82,"phase":"complete","outcome":"ok"}
[timeline-page-observation] {"cycle":65,"processOrdinal":1,"timelineOrdinal":65,"kind":"page","elapsedMs":1.1615420000016456,"offset":0,"total":0,"unplacedTotal":0,"states":{"intent":0,"ready":0,"committed":0,"complete":0,"failed":0,"other":0}}
[timeline-page-observation] {"cycle":65,"processOrdinal":1,"timelineOrdinal":65,"kind":"complete","elapsedMs":1.1730420000003505,"pages":1,"totalChanged":false,"mixedStates":false,"code":"none"}
[http-timing] {"sequence":149,"timelineOrdinal":null,"processOrdinal":1,"method":"GET","routeClass":"tap","status":200,"headerElapsedMs":1,"bodyElapsedMs":0,"totalElapsedMs":1,"bytes":11690,"phase":"complete","outcome":"ok"}
[http-timing] {"sequence":150,"timelineOrdinal":66,"processOrdinal":1,"method":"GET","routeClass":"timeline","status":200,"headerElapsedMs":1,"bodyElapsedMs":0,"totalElapsedMs":1,"bytes":82,"phase":"complete","outcome":"ok"}
[timeline-page-observation] {"cycle":66,"processOrdinal":1,"timelineOrdinal":66,"kind":"page","elapsedMs":1.7333749999997963,"offset":0,"total":0,"unplacedTotal":0,"states":{"intent":0,"ready":0,"committed":0,"complete":0,"failed":0,"other":0}}
[timeline-page-observation] {"cycle":66,"processOrdinal":1,"timelineOrdinal":66,"kind":"complete","elapsedMs":1.7479160000002594,"pages":1,"totalChanged":false,"mixedStates":false,"code":"none"}
[http-timing] {"sequence":151,"timelineOrdinal":null,"processOrdinal":1,"method":"GET","routeClass":"tap","status":200,"headerElapsedMs":1,"bodyElapsedMs":0,"totalElapsedMs":1,"bytes":11738,"phase":"complete","outcome":"ok"}
[http-timing] {"sequence":152,"timelineOrdinal":67,"processOrdinal":1,"method":"GET","routeClass":"timeline","status":200,"headerElapsedMs":0,"bodyElapsedMs":0,"totalElapsedMs":0,"bytes":82,"phase":"complete","outcome":"ok"}
[timeline-page-observation] {"cycle":67,"processOrdinal":1,"timelineOrdinal":67,"kind":"page","elapsedMs":1.191041000000041,"offset":0,"total":0,"unplacedTotal":0,"states":{"intent":0,"ready":0,"committed":0,"complete":0,"failed":0,"other":0}}
[timeline-page-observation] {"cycle":67,"processOrdinal":1,"timelineOrdinal":67,"kind":"complete","elapsedMs":1.2033330000012938,"pages":1,"totalChanged":false,"mixedStates":false,"code":"none"}
[http-timing] {"sequence":153,"timelineOrdinal":null,"processOrdinal":1,"method":"GET","routeClass":"tap","status":200,"headerElapsedMs":1,"bodyElapsedMs":0,"totalElapsedMs":1,"bytes":11788,"phase":"complete","outcome":"ok"}
[http-timing] {"sequence":154,"timelineOrdinal":68,"processOrdinal":1,"method":"GET","routeClass":"timeline","status":200,"headerElapsedMs":0,"bodyElapsedMs":0,"totalElapsedMs":0,"bytes":82,"phase":"complete","outcome":"ok"}
[timeline-page-observation] {"cycle":68,"processOrdinal":1,"timelineOrdinal":68,"kind":"page","elapsedMs":1.249166999999943,"offset":0,"total":0,"unplacedTotal":0,"states":{"intent":0,"ready":0,"committed":0,"complete":0,"failed":0,"other":0}}
[timeline-page-observation] {"cycle":68,"processOrdinal":1,"timelineOrdinal":68,"kind":"complete","elapsedMs":1.2614170000015292,"pages":1,"totalChanged":false,"mixedStates":false,"code":"none"}
[http-timing] {"sequence":155,"timelineOrdinal":null,"processOrdinal":1,"method":"GET","routeClass":"tap","status":200,"headerElapsedMs":1,"bodyElapsedMs":0,"totalElapsedMs":1,"bytes":11820,"phase":"complete","outcome":"ok"}
[http-timing] {"sequence":156,"timelineOrdinal":69,"processOrdinal":1,"method":"GET","routeClass":"timeline","status":200,"headerElapsedMs":1,"bodyElapsedMs":0,"totalElapsedMs":1,"bytes":82,"phase":"complete","outcome":"ok"}
[timeline-page-observation] {"cycle":69,"processOrdinal":1,"timelineOrdinal":69,"kind":"page","elapsedMs":1.7554159999999683,"offset":0,"total":0,"unplacedTotal":0,"states":{"intent":0,"ready":0,"committed":0,"complete":0,"failed":0,"other":0}}
[timeline-page-observation] {"cycle":69,"processOrdinal":1,"timelineOrdinal":69,"kind":"complete","elapsedMs":1.7687079999996058,"pages":1,"totalChanged":false,"mixedStates":false,"code":"none"}
[http-timing] {"sequence":157,"timelineOrdinal":null,"processOrdinal":1,"method":"GET","routeClass":"tap","status":200,"headerElapsedMs":1,"bodyElapsedMs":0,"totalElapsedMs":1,"bytes":11872,"phase":"complete","outcome":"ok"}
[http-timing] {"sequence":158,"timelineOrdinal":70,"processOrdinal":1,"method":"GET","routeClass":"timeline","status":200,"headerElapsedMs":0,"bodyElapsedMs":0,"totalElapsedMs":1,"bytes":82,"phase":"complete","outcome":"ok"}
[timeline-page-observation] {"cycle":70,"processOrdinal":1,"timelineOrdinal":70,"kind":"page","elapsedMs":1.431166000000303,"offset":0,"total":0,"unplacedTotal":0,"states":{"intent":0,"ready":0,"committed":0,"complete":0,"failed":0,"other":0}}
[timeline-page-observation] {"cycle":70,"processOrdinal":1,"timelineOrdinal":70,"kind":"complete","elapsedMs":1.4437500000003638,"pages":1,"totalChanged":false,"mixedStates":false,"code":"none"}
[http-timing] {"sequence":159,"timelineOrdinal":null,"processOrdinal":1,"method":"GET","routeClass":"tap","status":200,"headerElapsedMs":1,"bodyElapsedMs":0,"totalElapsedMs":1,"bytes":11871,"phase":"complete","outcome":"ok"}
[http-timing] {"sequence":160,"timelineOrdinal":71,"processOrdinal":1,"method":"GET","routeClass":"timeline","status":200,"headerElapsedMs":0,"bodyElapsedMs":0,"totalElapsedMs":0,"bytes":82,"phase":"complete","outcome":"ok"}
[timeline-page-observation] {"cycle":71,"processOrdinal":1,"timelineOrdinal":71,"kind":"page","elapsedMs":1.2519590000010794,"offset":0,"total":0,"unplacedTotal":0,"states":{"intent":0,"ready":0,"committed":0,"complete":0,"failed":0,"other":0}}
[timeline-page-observation] {"cycle":71,"processOrdinal":1,"timelineOrdinal":71,"kind":"complete","elapsedMs":1.2647500000002765,"pages":1,"totalChanged":false,"mixedStates":false,"code":"none"}
[http-timing] {"sequence":161,"timelineOrdinal":null,"processOrdinal":1,"method":"GET","routeClass":"tap","status":200,"headerElapsedMs":1,"bodyElapsedMs":0,"totalElapsedMs":1,"bytes":11914,"phase":"complete","outcome":"ok"}
[http-timing] {"sequence":162,"timelineOrdinal":72,"processOrdinal":1,"method":"GET","routeClass":"timeline","status":200,"headerElapsedMs":1,"bodyElapsedMs":0,"totalElapsedMs":1,"bytes":82,"phase":"complete","outcome":"ok"}
[timeline-page-observation] {"cycle":72,"processOrdinal":1,"timelineOrdinal":72,"kind":"page","elapsedMs":1.4506249999994907,"offset":0,"total":0,"unplacedTotal":0,"states":{"intent":0,"ready":0,"committed":0,"complete":0,"failed":0,"other":0}}
[timeline-page-observation] {"cycle":72,"processOrdinal":1,"timelineOrdinal":72,"kind":"complete","elapsedMs":1.4629169999989244,"pages":1,"totalChanged":false,"mixedStates":false,"code":"none"}
[http-timing] {"sequence":163,"timelineOrdinal":null,"processOrdinal":1,"method":"GET","routeClass":"tap","status":200,"headerElapsedMs":1,"bodyElapsedMs":0,"totalElapsedMs":1,"bytes":11969,"phase":"complete","outcome":"ok"}
[http-timing] {"sequence":164,"timelineOrdinal":73,"processOrdinal":1,"method":"GET","routeClass":"timeline","status":200,"headerElapsedMs":0,"bodyElapsedMs":0,"totalElapsedMs":0,"bytes":82,"phase":"complete","outcome":"ok"}
[timeline-page-observation] {"cycle":73,"processOrdinal":1,"timelineOrdinal":73,"kind":"page","elapsedMs":1.1812919999993028,"offset":0,"total":0,"unplacedTotal":0,"states":{"intent":0,"ready":0,"committed":0,"complete":0,"failed":0,"other":0}}
[timeline-page-observation] {"cycle":73,"processOrdinal":1,"timelineOrdinal":73,"kind":"complete","elapsedMs":1.193874999999025,"pages":1,"totalChanged":false,"mixedStates":false,"code":"none"}
[http-timing] {"sequence":165,"timelineOrdinal":null,"processOrdinal":1,"method":"GET","routeClass":"tap","status":200,"headerElapsedMs":1,"bodyElapsedMs":0,"totalElapsedMs":1,"bytes":12009,"phase":"complete","outcome":"ok"}
[http-timing] {"sequence":166,"timelineOrdinal":74,"processOrdinal":1,"method":"GET","routeClass":"timeline","status":200,"headerElapsedMs":0,"bodyElapsedMs":0,"totalElapsedMs":0,"bytes":82,"phase":"complete","outcome":"ok"}
[timeline-page-observation] {"cycle":74,"processOrdinal":1,"timelineOrdinal":74,"kind":"page","elapsedMs":1.2980420000003505,"offset":0,"total":0,"unplacedTotal":0,"states":{"intent":0,"ready":0,"committed":0,"complete":0,"failed":0,"other":0}}
[timeline-page-observation] {"cycle":74,"processOrdinal":1,"timelineOrdinal":74,"kind":"complete","elapsedMs":1.3100420000009763,"pages":1,"totalChanged":false,"mixedStates":false,"code":"none"}
[http-timing] {"sequence":167,"timelineOrdinal":null,"processOrdinal":1,"method":"GET","routeClass":"tap","status":200,"headerElapsedMs":1,"bodyElapsedMs":0,"totalElapsedMs":1,"bytes":12053,"phase":"complete","outcome":"ok"}
[http-timing] {"sequence":168,"timelineOrdinal":75,"processOrdinal":1,"method":"GET","routeClass":"timeline","status":200,"headerElapsedMs":1,"bodyElapsedMs":0,"totalElapsedMs":1,"bytes":82,"phase":"complete","outcome":"ok"}
[timeline-page-observation] {"cycle":75,"processOrdinal":1,"timelineOrdinal":75,"kind":"page","elapsedMs":1.3524170000000595,"offset":0,"total":0,"unplacedTotal":0,"states":{"intent":0,"ready":0,"committed":0,"complete":0,"failed":0,"other":0}}
[timeline-page-observation] {"cycle":75,"processOrdinal":1,"timelineOrdinal":75,"kind":"complete","elapsedMs":1.3652920000004087,"pages":1,"totalChanged":false,"mixedStates":false,"code":"none"}
[http-timing] {"sequence":169,"timelineOrdinal":null,"processOrdinal":1,"method":"GET","routeClass":"tap","status":200,"headerElapsedMs":1,"bodyElapsedMs":0,"totalElapsedMs":1,"bytes":12047,"phase":"complete","outcome":"ok"}
[http-timing] {"sequence":170,"timelineOrdinal":76,"processOrdinal":1,"method":"GET","routeClass":"timeline","status":200,"headerElapsedMs":1,"bodyElapsedMs":0,"totalElapsedMs":1,"bytes":82,"phase":"complete","outcome":"ok"}
[timeline-page-observation] {"cycle":76,"processOrdinal":1,"timelineOrdinal":76,"kind":"page","elapsedMs":1.5067909999997937,"offset":0,"total":0,"unplacedTotal":0,"states":{"intent":0,"ready":0,"committed":0,"complete":0,"failed":0,"other":0}}
[timeline-page-observation] {"cycle":76,"processOrdinal":1,"timelineOrdinal":76,"kind":"complete","elapsedMs":1.5219159999996918,"pages":1,"totalChanged":false,"mixedStates":false,"code":"none"}
[http-timing] {"sequence":171,"timelineOrdinal":null,"processOrdinal":1,"method":"GET","routeClass":"tap","status":200,"headerElapsedMs":1,"bodyElapsedMs":0,"totalElapsedMs":1,"bytes":12052,"phase":"complete","outcome":"ok"}
[http-timing] {"sequence":172,"timelineOrdinal":77,"processOrdinal":1,"method":"GET","routeClass":"timeline","status":200,"headerElapsedMs":1,"bodyElapsedMs":0,"totalElapsedMs":1,"bytes":82,"phase":"complete","outcome":"ok"}
[timeline-page-observation] {"cycle":77,"processOrdinal":1,"timelineOrdinal":77,"kind":"page","elapsedMs":1.524916000000303,"offset":0,"total":0,"unplacedTotal":0,"states":{"intent":0,"ready":0,"committed":0,"complete":0,"failed":0,"other":0}}
[timeline-page-observation] {"cycle":77,"processOrdinal":1,"timelineOrdinal":77,"kind":"complete","elapsedMs":1.537000000000262,"pages":1,"totalChanged":false,"mixedStates":false,"code":"none"}
[http-timing] {"sequence":173,"timelineOrdinal":null,"processOrdinal":1,"method":"GET","routeClass":"tap","status":200,"headerElapsedMs":1,"bodyElapsedMs":0,"totalElapsedMs":1,"bytes":12058,"phase":"complete","outcome":"ok"}
[http-timing] {"sequence":174,"timelineOrdinal":78,"processOrdinal":1,"method":"GET","routeClass":"timeline","status":200,"headerElapsedMs":0,"bodyElapsedMs":0,"totalElapsedMs":0,"bytes":82,"phase":"complete","outcome":"ok"}
[timeline-page-observation] {"cycle":78,"processOrdinal":1,"timelineOrdinal":78,"kind":"page","elapsedMs":1.4474169999994047,"offset":0,"total":0,"unplacedTotal":0,"states":{"intent":0,"ready":0,"committed":0,"complete":0,"failed":0,"other":0}}
[timeline-page-observation] {"cycle":78,"processOrdinal":1,"timelineOrdinal":78,"kind":"complete","elapsedMs":1.4608329999991838,"pages":1,"totalChanged":false,"mixedStates":false,"code":"none"}
[http-timing] {"sequence":175,"timelineOrdinal":null,"processOrdinal":1,"method":"GET","routeClass":"tap","status":200,"headerElapsedMs":1,"bodyElapsedMs":0,"totalElapsedMs":1,"bytes":12053,"phase":"complete","outcome":"ok"}
[http-timing] {"sequence":176,"timelineOrdinal":79,"processOrdinal":1,"method":"GET","routeClass":"timeline","status":200,"headerElapsedMs":1,"bodyElapsedMs":0,"totalElapsedMs":1,"bytes":82,"phase":"complete","outcome":"ok"}
[timeline-page-observation] {"cycle":79,"processOrdinal":1,"timelineOrdinal":79,"kind":"page","elapsedMs":1.4544589999986783,"offset":0,"total":0,"unplacedTotal":0,"states":{"intent":0,"ready":0,"committed":0,"complete":0,"failed":0,"other":0}}
[timeline-page-observation] {"cycle":79,"processOrdinal":1,"timelineOrdinal":79,"kind":"complete","elapsedMs":1.4667919999992591,"pages":1,"totalChanged":false,"mixedStates":false,"code":"none"}
[http-timing] {"sequence":177,"timelineOrdinal":null,"processOrdinal":1,"method":"GET","routeClass":"tap","status":200,"headerElapsedMs":1,"bodyElapsedMs":0,"totalElapsedMs":1,"bytes":12047,"phase":"complete","outcome":"ok"}
[http-timing] {"sequence":178,"timelineOrdinal":80,"processOrdinal":1,"method":"GET","routeClass":"timeline","status":200,"headerElapsedMs":1,"bodyElapsedMs":0,"totalElapsedMs":1,"bytes":82,"phase":"complete","outcome":"ok"}
[timeline-page-observation] {"cycle":80,"processOrdinal":1,"timelineOrdinal":80,"kind":"page","elapsedMs":1.472791000000143,"offset":0,"total":0,"unplacedTotal":0,"states":{"intent":0,"ready":0,"committed":0,"complete":0,"failed":0,"other":0}}
[timeline-page-observation] {"cycle":80,"processOrdinal":1,"timelineOrdinal":80,"kind":"complete","elapsedMs":1.4846660000002885,"pages":1,"totalChanged":false,"mixedStates":false,"code":"none"}
[http-timing] {"sequence":179,"timelineOrdinal":null,"processOrdinal":1,"method":"GET","routeClass":"tap","status":200,"headerElapsedMs":1,"bodyElapsedMs":0,"totalElapsedMs":1,"bytes":12049,"phase":"complete","outcome":"ok"}
[http-timing] {"sequence":180,"timelineOrdinal":81,"processOrdinal":1,"method":"GET","routeClass":"timeline","status":200,"headerElapsedMs":11,"bodyElapsedMs":0,"totalElapsedMs":11,"bytes":88927,"phase":"complete","outcome":"ok"}
[timeline-page-observation] {"cycle":81,"processOrdinal":1,"timelineOrdinal":81,"kind":"page","elapsedMs":11.974833000000217,"offset":0,"total":1,"unplacedTotal":1,"states":{"intent":0,"ready":0,"committed":0,"complete":0,"failed":0,"other":0}}
[timeline-page-observation] {"cycle":81,"processOrdinal":1,"timelineOrdinal":81,"kind":"complete","elapsedMs":12.137916000001496,"pages":1,"totalChanged":false,"mixedStates":false,"code":"none"}
[http-timing] {"sequence":181,"timelineOrdinal":null,"processOrdinal":1,"method":"GET","routeClass":"tap","status":200,"headerElapsedMs":1,"bodyElapsedMs":0,"totalElapsedMs":1,"bytes":12040,"phase":"complete","outcome":"ok"}
[http-timing] {"sequence":182,"timelineOrdinal":82,"processOrdinal":1,"method":"GET","routeClass":"timeline","status":200,"headerElapsedMs":11,"bodyElapsedMs":0,"totalElapsedMs":11,"bytes":88927,"phase":"complete","outcome":"ok"}
[timeline-page-observation] {"cycle":82,"processOrdinal":1,"timelineOrdinal":82,"kind":"page","elapsedMs":12.094250000000102,"offset":0,"total":1,"unplacedTotal":1,"states":{"intent":0,"ready":0,"committed":0,"complete":0,"failed":0,"other":0}}
[timeline-page-observation] {"cycle":82,"processOrdinal":1,"timelineOrdinal":82,"kind":"complete","elapsedMs":12.240916000000652,"pages":1,"totalChanged":false,"mixedStates":false,"code":"none"}
[http-timing] {"sequence":183,"timelineOrdinal":null,"processOrdinal":1,"method":"GET","routeClass":"tap","status":200,"headerElapsedMs":1,"bodyElapsedMs":0,"totalElapsedMs":1,"bytes":12052,"phase":"complete","outcome":"ok"}
[http-timing] {"sequence":184,"timelineOrdinal":83,"processOrdinal":1,"method":"GET","routeClass":"timeline","status":200,"headerElapsedMs":11,"bodyElapsedMs":0,"totalElapsedMs":11,"bytes":88927,"phase":"complete","outcome":"ok"}
[timeline-page-observation] {"cycle":83,"processOrdinal":1,"timelineOrdinal":83,"kind":"page","elapsedMs":12.183875000000626,"offset":0,"total":1,"unplacedTotal":1,"states":{"intent":0,"ready":0,"committed":0,"complete":0,"failed":0,"other":0}}
[timeline-page-observation] {"cycle":83,"processOrdinal":1,"timelineOrdinal":83,"kind":"complete","elapsedMs":12.327291999999943,"pages":1,"totalChanged":false,"mixedStates":false,"code":"none"}
[trigger-timing] {"run":1,"sourceEndPts":"8333333333","tapPts":"8700000000","delta":"366666667"}
[http-timing] {"sequence":185,"timelineOrdinal":null,"processOrdinal":1,"method":"PUT","routeClass":"rule","status":200,"headerElapsedMs":2,"bodyElapsedMs":0,"totalElapsedMs":2,"bytes":520,"phase":"complete","outcome":"ok"}
[http-timing] {"sequence":186,"timelineOrdinal":null,"processOrdinal":1,"method":"GET","routeClass":"tap-events","status":200,"headerElapsedMs":12,"bodyElapsedMs":0,"totalElapsedMs":12,"bytes":9898,"phase":"complete","outcome":"ok"}
[dispatch-timing] {"run":1,"pts":"8700000000"}
[pass] S11-CI07 run1 actual tuple EventRecord reference
[http-timing] {"sequence":187,"timelineOrdinal":null,"processOrdinal":1,"method":"PUT","routeClass":"rule","status":200,"headerElapsedMs":2,"bodyElapsedMs":0,"totalElapsedMs":2,"bytes":521,"phase":"complete","outcome":"ok"}
[transition-observation] {"kind":"start","referenceSha256":"8edfdfc6160022120daf36638a86974163c4dc73069cf80f83903797cbea7b87","processOrdinal":1,"clientAtMs":11221.109084,"deadlineMs":30000,"beforeTimelineOrdinal":83,"scope":"full-page-two-outputs"}
[http-timing] {"sequence":188,"timelineOrdinal":84,"processOrdinal":1,"method":"GET","routeClass":"timeline","status":200,"headerElapsedMs":22,"bodyElapsedMs":0,"totalElapsedMs":22,"bytes":92159,"phase":"complete","outcome":"ok"}
[timeline-page-observation] {"cycle":84,"processOrdinal":1,"timelineOrdinal":84,"kind":"page","elapsedMs":23.281875000000582,"offset":0,"total":1,"unplacedTotal":5,"states":{"intent":0,"ready":0,"committed":0,"complete":0,"failed":0,"other":1}}
[timeline-page-observation] {"cycle":84,"processOrdinal":1,"timelineOrdinal":84,"kind":"complete","elapsedMs":23.52666700000009,"pages":1,"totalChanged":false,"mixedStates":false,"code":"none"}
[timeline-state] {"reason":"event-not-complete","rowCount":1,"jobCount":0,"outputCount":0,"referenceMatches":true,"truncated":false,"rows":[{"jobState":"not-created","completeness":"unknown","catalogState":"absent","playable":false,"request":{"timeBasis":"media-pts-ms","startTimeMs":"8700","endTimeMs":"8700","preMs":"750","postMs":"750"}}]}
[overlapping-sources] {"temporalOnly":true,"viewBasis":"timeline-known-mappings-unplaced-file-groups","segmentCount":1,"startNs":"7950000000","endNs":"9450000000","unknownCount":0,"rows":[{"idHash":"91e129eb17952f55629b0e8834238186b6da5fa29bed15d9ce08c15fb7374774","startPts":"8300000000","endPts":"8333333333","catalogState":"finalized","playable":true},{"idHash":"91e129eb17952f55629b0e8834238186b6da5fa29bed15d9ce08c15fb7374774","startPts":"0","endPts":"8333333333","catalogState":"finalized","playable":true}]}
[http-timing] {"sequence":189,"timelineOrdinal":85,"processOrdinal":1,"method":"GET","routeClass":"timeline","status":200,"headerElapsedMs":11,"bodyElapsedMs":0,"totalElapsedMs":11,"bytes":92159,"phase":"complete","outcome":"ok"}
[timeline-page-observation] {"cycle":85,"processOrdinal":1,"timelineOrdinal":85,"kind":"page","elapsedMs":12.229915999998411,"offset":0,"total":1,"unplacedTotal":5,"states":{"intent":0,"ready":0,"committed":0,"complete":0,"failed":0,"other":1}}
[timeline-page-observation] {"cycle":85,"processOrdinal":1,"timelineOrdinal":85,"kind":"complete","elapsedMs":12.412540999999692,"pages":1,"totalChanged":false,"mixedStates":false,"code":"none"}
[http-timing] {"sequence":190,"timelineOrdinal":86,"processOrdinal":1,"method":"GET","routeClass":"timeline","status":200,"headerElapsedMs":11,"bodyElapsedMs":0,"totalElapsedMs":11,"bytes":92159,"phase":"complete","outcome":"ok"}
[timeline-page-observation] {"cycle":86,"processOrdinal":1,"timelineOrdinal":86,"kind":"page","elapsedMs":11.998582999998689,"offset":0,"total":1,"unplacedTotal":5,"states":{"intent":0,"ready":0,"committed":0,"complete":0,"failed":0,"other":1}}
[timeline-page-observation] {"cycle":86,"processOrdinal":1,"timelineOrdinal":86,"kind":"complete","elapsedMs":12.14141699999891,"pages":1,"totalChanged":false,"mixedStates":false,"code":"none"}
[http-timing] {"sequence":191,"timelineOrdinal":87,"processOrdinal":1,"method":"GET","routeClass":"timeline","status":200,"headerElapsedMs":11,"bodyElapsedMs":0,"totalElapsedMs":11,"bytes":92159,"phase":"complete","outcome":"ok"}
[timeline-page-observation] {"cycle":87,"processOrdinal":1,"timelineOrdinal":87,"kind":"page","elapsedMs":12.511874999998327,"offset":0,"total":1,"unplacedTotal":5,"states":{"intent":0,"ready":0,"committed":0,"complete":0,"failed":0,"other":1}}
[timeline-page-observation] {"cycle":87,"processOrdinal":1,"timelineOrdinal":87,"kind":"complete","elapsedMs":12.651374999999462,"pages":1,"totalChanged":false,"mixedStates":false,"code":"none"}
[http-timing] {"sequence":192,"timelineOrdinal":88,"processOrdinal":1,"method":"GET","routeClass":"timeline","status":200,"headerElapsedMs":11,"bodyElapsedMs":0,"totalElapsedMs":11,"bytes":92159,"phase":"complete","outcome":"ok"}
[timeline-page-observation] {"cycle":88,"processOrdinal":1,"timelineOrdinal":88,"kind":"page","elapsedMs":12.342749999999796,"offset":0,"total":1,"unplacedTotal":5,"states":{"intent":0,"ready":0,"committed":0,"complete":0,"failed":0,"other":1}}
[timeline-page-observation] {"cycle":88,"processOrdinal":1,"timelineOrdinal":88,"kind":"complete","elapsedMs":12.506999999999607,"pages":1,"totalChanged":false,"mixedStates":false,"code":"none"}
[http-timing] {"sequence":193,"timelineOrdinal":89,"processOrdinal":1,"method":"GET","routeClass":"timeline","status":200,"headerElapsedMs":11,"bodyElapsedMs":0,"totalElapsedMs":11,"bytes":92159,"phase":"complete","outcome":"ok"}
[timeline-page-observation] {"cycle":89,"processOrdinal":1,"timelineOrdinal":89,"kind":"page","elapsedMs":12.027250000001004,"offset":0,"total":1,"unplacedTotal":5,"states":{"intent":0,"ready":0,"committed":0,"complete":0,"failed":0,"other":1}}
[timeline-page-observation] {"cycle":89,"processOrdinal":1,"timelineOrdinal":89,"kind":"complete","elapsedMs":12.173000000000684,"pages":1,"totalChanged":false,"mixedStates":false,"code":"none"}
[http-timing] {"sequence":194,"timelineOrdinal":90,"processOrdinal":1,"method":"GET","routeClass":"timeline","status":200,"headerElapsedMs":11,"bodyElapsedMs":0,"totalElapsedMs":11,"bytes":92159,"phase":"complete","outcome":"ok"}
[timeline-page-observation] {"cycle":90,"processOrdinal":1,"timelineOrdinal":90,"kind":"page","elapsedMs":12.002915999999459,"offset":0,"total":1,"unplacedTotal":5,"states":{"intent":0,"ready":0,"committed":0,"complete":0,"failed":0,"other":1}}
[timeline-page-observation] {"cycle":90,"processOrdinal":1,"timelineOrdinal":90,"kind":"complete","elapsedMs":12.13604099999975,"pages":1,"totalChanged":false,"mixedStates":false,"code":"none"}
[http-timing] {"sequence":195,"timelineOrdinal":91,"processOrdinal":1,"method":"GET","routeClass":"timeline","status":200,"headerElapsedMs":11,"bodyElapsedMs":0,"totalElapsedMs":11,"bytes":92159,"phase":"complete","outcome":"ok"}
[timeline-page-observation] {"cycle":91,"processOrdinal":1,"timelineOrdinal":91,"kind":"page","elapsedMs":12.45037500000035,"offset":0,"total":1,"unplacedTotal":5,"states":{"intent":0,"ready":0,"committed":0,"complete":0,"failed":0,"other":1}}
[timeline-page-observation] {"cycle":91,"processOrdinal":1,"timelineOrdinal":91,"kind":"complete","elapsedMs":12.585041000000274,"pages":1,"totalChanged":false,"mixedStates":false,"code":"none"}
[http-timing] {"sequence":196,"timelineOrdinal":92,"processOrdinal":1,"method":"GET","routeClass":"timeline","status":200,"headerElapsedMs":12,"bodyElapsedMs":0,"totalElapsedMs":12,"bytes":92159,"phase":"complete","outcome":"ok"}
[timeline-page-observation] {"cycle":92,"processOrdinal":1,"timelineOrdinal":92,"kind":"page","elapsedMs":12.734499999998661,"offset":0,"total":1,"unplacedTotal":5,"states":{"intent":0,"ready":0,"committed":0,"complete":0,"failed":0,"other":1}}
[timeline-page-observation] {"cycle":92,"processOrdinal":1,"timelineOrdinal":92,"kind":"complete","elapsedMs":12.873333999999886,"pages":1,"totalChanged":false,"mixedStates":false,"code":"none"}
[http-timing] {"sequence":197,"timelineOrdinal":93,"processOrdinal":1,"method":"GET","routeClass":"timeline","status":200,"headerElapsedMs":11,"bodyElapsedMs":0,"totalElapsedMs":11,"bytes":92159,"phase":"complete","outcome":"ok"}
[timeline-page-observation] {"cycle":93,"processOrdinal":1,"timelineOrdinal":93,"kind":"page","elapsedMs":12.228791999999885,"offset":0,"total":1,"unplacedTotal":5,"states":{"intent":0,"ready":0,"committed":0,"complete":0,"failed":0,"other":1}}
[timeline-page-observation] {"cycle":93,"processOrdinal":1,"timelineOrdinal":93,"kind":"complete","elapsedMs":12.367874999999913,"pages":1,"totalChanged":false,"mixedStates":false,"code":"none"}
[http-timing] {"sequence":198,"timelineOrdinal":94,"processOrdinal":1,"method":"GET","routeClass":"timeline","status":200,"headerElapsedMs":11,"bodyElapsedMs":0,"totalElapsedMs":11,"bytes":92159,"phase":"complete","outcome":"ok"}
[timeline-page-observation] {"cycle":94,"processOrdinal":1,"timelineOrdinal":94,"kind":"page","elapsedMs":12.211750000000393,"offset":0,"total":1,"unplacedTotal":5,"states":{"intent":0,"ready":0,"committed":0,"complete":0,"failed":0,"other":1}}
[timeline-page-observation] {"cycle":94,"processOrdinal":1,"timelineOrdinal":94,"kind":"complete","elapsedMs":12.349750000001222,"pages":1,"totalChanged":false,"mixedStates":false,"code":"none"}
[http-timing] {"sequence":199,"timelineOrdinal":95,"processOrdinal":1,"method":"GET","routeClass":"timeline","status":200,"headerElapsedMs":11,"bodyElapsedMs":0,"totalElapsedMs":12,"bytes":92159,"phase":"complete","outcome":"ok"}
[timeline-page-observation] {"cycle":95,"processOrdinal":1,"timelineOrdinal":95,"kind":"page","elapsedMs":12.540291999999681,"offset":0,"total":1,"unplacedTotal":5,"states":{"intent":0,"ready":0,"committed":0,"complete":0,"failed":0,"other":1}}
[timeline-page-observation] {"cycle":95,"processOrdinal":1,"timelineOrdinal":95,"kind":"complete","elapsedMs":12.674833000000945,"pages":1,"totalChanged":false,"mixedStates":false,"code":"none"}
[http-timing] {"sequence":200,"timelineOrdinal":96,"processOrdinal":1,"method":"GET","routeClass":"timeline","status":200,"headerElapsedMs":12,"bodyElapsedMs":0,"totalElapsedMs":12,"bytes":92159,"phase":"complete","outcome":"ok"}
[timeline-page-observation] {"cycle":96,"processOrdinal":1,"timelineOrdinal":96,"kind":"page","elapsedMs":12.780749999999898,"offset":0,"total":1,"unplacedTotal":5,"states":{"intent":0,"ready":0,"committed":0,"complete":0,"failed":0,"other":1}}
[timeline-page-observation] {"cycle":96,"processOrdinal":1,"timelineOrdinal":96,"kind":"complete","elapsedMs":12.915124999999534,"pages":1,"totalChanged":false,"mixedStates":false,"code":"none"}
[http-timing] {"sequence":201,"timelineOrdinal":97,"processOrdinal":1,"method":"GET","routeClass":"timeline","status":200,"headerElapsedMs":11,"bodyElapsedMs":0,"totalElapsedMs":11,"bytes":92159,"phase":"complete","outcome":"ok"}
[timeline-page-observation] {"cycle":97,"processOrdinal":1,"timelineOrdinal":97,"kind":"page","elapsedMs":12.257499999999709,"offset":0,"total":1,"unplacedTotal":5,"states":{"intent":0,"ready":0,"committed":0,"complete":0,"failed":0,"other":1}}
[timeline-page-observation] {"cycle":97,"processOrdinal":1,"timelineOrdinal":97,"kind":"complete","elapsedMs":12.39312500000051,"pages":1,"totalChanged":false,"mixedStates":false,"code":"none"}
[http-timing] {"sequence":202,"timelineOrdinal":98,"processOrdinal":1,"method":"GET","routeClass":"timeline","status":200,"headerElapsedMs":12,"bodyElapsedMs":0,"totalElapsedMs":12,"bytes":92159,"phase":"complete","outcome":"ok"}
[timeline-page-observation] {"cycle":98,"processOrdinal":1,"timelineOrdinal":98,"kind":"page","elapsedMs":13.144249999999374,"offset":0,"total":1,"unplacedTotal":5,"states":{"intent":0,"ready":0,"committed":0,"complete":0,"failed":0,"other":1}}
[timeline-page-observation] {"cycle":98,"processOrdinal":1,"timelineOrdinal":98,"kind":"complete","elapsedMs":13.273833999999624,"pages":1,"totalChanged":false,"mixedStates":false,"code":"none"}
[http-timing] {"sequence":203,"timelineOrdinal":99,"processOrdinal":1,"method":"GET","routeClass":"timeline","status":200,"headerElapsedMs":12,"bodyElapsedMs":0,"totalElapsedMs":12,"bytes":92159,"phase":"complete","outcome":"ok"}
[timeline-page-observation] {"cycle":99,"processOrdinal":1,"timelineOrdinal":99,"kind":"page","elapsedMs":12.846332999999504,"offset":0,"total":1,"unplacedTotal":5,"states":{"intent":0,"ready":0,"committed":0,"complete":0,"failed":0,"other":1}}
[timeline-page-observation] {"cycle":99,"processOrdinal":1,"timelineOrdinal":99,"kind":"complete","elapsedMs":13.06170800000109,"pages":1,"totalChanged":false,"mixedStates":false,"code":"none"}
[http-timing] {"sequence":204,"timelineOrdinal":100,"processOrdinal":1,"method":"GET","routeClass":"timeline","status":200,"headerElapsedMs":12,"bodyElapsedMs":0,"totalElapsedMs":12,"bytes":92159,"phase":"complete","outcome":"ok"}
[timeline-page-observation] {"cycle":100,"processOrdinal":1,"timelineOrdinal":100,"kind":"page","elapsedMs":12.829374999999345,"offset":0,"total":1,"unplacedTotal":5,"states":{"intent":0,"ready":0,"committed":0,"complete":0,"failed":0,"other":1}}
[timeline-page-observation] {"cycle":100,"processOrdinal":1,"timelineOrdinal":100,"kind":"complete","elapsedMs":13.101709000000483,"pages":1,"totalChanged":false,"mixedStates":false,"code":"none"}
[http-timing] {"sequence":205,"timelineOrdinal":101,"processOrdinal":1,"method":"GET","routeClass":"timeline","status":200,"headerElapsedMs":11,"bodyElapsedMs":0,"totalElapsedMs":11,"bytes":92159,"phase":"complete","outcome":"ok"}
[timeline-page-observation] {"cycle":101,"processOrdinal":1,"timelineOrdinal":101,"kind":"page","elapsedMs":12.32262499999888,"offset":0,"total":1,"unplacedTotal":5,"states":{"intent":0,"ready":0,"committed":0,"complete":0,"failed":0,"other":1}}
[timeline-page-observation] {"cycle":101,"processOrdinal":1,"timelineOrdinal":101,"kind":"complete","elapsedMs":12.46758299999965,"pages":1,"totalChanged":false,"mixedStates":false,"code":"none"}
[http-timing] {"sequence":206,"timelineOrdinal":102,"processOrdinal":1,"method":"GET","routeClass":"timeline","status":200,"headerElapsedMs":11,"bodyElapsedMs":0,"totalElapsedMs":12,"bytes":92159,"phase":"complete","outcome":"ok"}
[timeline-page-observation] {"cycle":102,"processOrdinal":1,"timelineOrdinal":102,"kind":"page","elapsedMs":12.490166999999929,"offset":0,"total":1,"unplacedTotal":5,"states":{"intent":0,"ready":0,"committed":0,"complete":0,"failed":0,"other":1}}
[timeline-page-observation] {"cycle":102,"processOrdinal":1,"timelineOrdinal":102,"kind":"complete","elapsedMs":12.632833000001483,"pages":1,"totalChanged":false,"mixedStates":false,"code":"none"}
[http-timing] {"sequence":207,"timelineOrdinal":103,"processOrdinal":1,"method":"GET","routeClass":"timeline","status":200,"headerElapsedMs":11,"bodyElapsedMs":0,"totalElapsedMs":11,"bytes":92159,"phase":"complete","outcome":"ok"}
[timeline-page-observation] {"cycle":103,"processOrdinal":1,"timelineOrdinal":103,"kind":"page","elapsedMs":12.618749999999636,"offset":0,"total":1,"unplacedTotal":5,"states":{"intent":0,"ready":0,"committed":0,"complete":0,"failed":0,"other":1}}
[timeline-page-observation] {"cycle":103,"processOrdinal":1,"timelineOrdinal":103,"kind":"complete","elapsedMs":12.75762500000019,"pages":1,"totalChanged":false,"mixedStates":false,"code":"none"}
[http-timing] {"sequence":208,"timelineOrdinal":104,"processOrdinal":1,"method":"GET","routeClass":"timeline","status":200,"headerElapsedMs":12,"bodyElapsedMs":0,"totalElapsedMs":12,"bytes":92159,"phase":"complete","outcome":"ok"}
[timeline-page-observation] {"cycle":104,"processOrdinal":1,"timelineOrdinal":104,"kind":"page","elapsedMs":12.790250000000015,"offset":0,"total":1,"unplacedTotal":5,"states":{"intent":0,"ready":0,"committed":0,"complete":0,"failed":0,"other":1}}
[timeline-page-observation] {"cycle":104,"processOrdinal":1,"timelineOrdinal":104,"kind":"complete","elapsedMs":12.935625000000073,"pages":1,"totalChanged":false,"mixedStates":false,"code":"none"}
[http-timing] {"sequence":209,"timelineOrdinal":105,"processOrdinal":1,"method":"GET","routeClass":"timeline","status":200,"headerElapsedMs":11,"bodyElapsedMs":0,"totalElapsedMs":11,"bytes":92159,"phase":"complete","outcome":"ok"}
[timeline-page-observation] {"cycle":105,"processOrdinal":1,"timelineOrdinal":105,"kind":"page","elapsedMs":12.238624999999956,"offset":0,"total":1,"unplacedTotal":5,"states":{"intent":0,"ready":0,"committed":0,"complete":0,"failed":0,"other":1}}
[timeline-page-observation] {"cycle":105,"processOrdinal":1,"timelineOrdinal":105,"kind":"complete","elapsedMs":12.388541999998779,"pages":1,"totalChanged":false,"mixedStates":false,"code":"none"}
[http-timing] {"sequence":210,"timelineOrdinal":106,"processOrdinal":1,"method":"GET","routeClass":"timeline","status":200,"headerElapsedMs":11,"bodyElapsedMs":0,"totalElapsedMs":12,"bytes":92159,"phase":"complete","outcome":"ok"}
[timeline-page-observation] {"cycle":106,"processOrdinal":1,"timelineOrdinal":106,"kind":"page","elapsedMs":12.5731250000008,"offset":0,"total":1,"unplacedTotal":5,"states":{"intent":0,"ready":0,"committed":0,"complete":0,"failed":0,"other":1}}
[timeline-page-observation] {"cycle":106,"processOrdinal":1,"timelineOrdinal":106,"kind":"complete","elapsedMs":12.719124999999622,"pages":1,"totalChanged":false,"mixedStates":false,"code":"none"}
[http-timing] {"sequence":211,"timelineOrdinal":107,"processOrdinal":1,"method":"GET","routeClass":"timeline","status":200,"headerElapsedMs":11,"bodyElapsedMs":0,"totalElapsedMs":11,"bytes":92159,"phase":"complete","outcome":"ok"}
[timeline-page-observation] {"cycle":107,"processOrdinal":1,"timelineOrdinal":107,"kind":"page","elapsedMs":12.17633300000125,"offset":0,"total":1,"unplacedTotal":5,"states":{"intent":0,"ready":0,"committed":0,"complete":0,"failed":0,"other":1}}
[timeline-page-observation] {"cycle":107,"processOrdinal":1,"timelineOrdinal":107,"kind":"complete","elapsedMs":12.333416000001307,"pages":1,"totalChanged":false,"mixedStates":false,"code":"none"}
[http-timing] {"sequence":212,"timelineOrdinal":108,"processOrdinal":1,"method":"GET","routeClass":"timeline","status":200,"headerElapsedMs":11,"bodyElapsedMs":0,"totalElapsedMs":11,"bytes":92159,"phase":"complete","outcome":"ok"}
[timeline-page-observation] {"cycle":108,"processOrdinal":1,"timelineOrdinal":108,"kind":"page","elapsedMs":12.134624999998778,"offset":0,"total":1,"unplacedTotal":5,"states":{"intent":0,"ready":0,"committed":0,"complete":0,"failed":0,"other":1}}
[timeline-page-observation] {"cycle":108,"processOrdinal":1,"timelineOrdinal":108,"kind":"complete","elapsedMs":12.2706249999992,"pages":1,"totalChanged":false,"mixedStates":false,"code":"none"}
[http-timing] {"sequence":213,"timelineOrdinal":109,"processOrdinal":1,"method":"GET","routeClass":"timeline","status":200,"headerElapsedMs":11,"bodyElapsedMs":0,"totalElapsedMs":11,"bytes":92159,"phase":"complete","outcome":"ok"}
[timeline-page-observation] {"cycle":109,"processOrdinal":1,"timelineOrdinal":109,"kind":"page","elapsedMs":12.089582999999038,"offset":0,"total":1,"unplacedTotal":5,"states":{"intent":0,"ready":0,"committed":0,"complete":0,"failed":0,"other":1}}
[timeline-page-observation] {"cycle":109,"processOrdinal":1,"timelineOrdinal":109,"kind":"complete","elapsedMs":12.226290999999037,"pages":1,"totalChanged":false,"mixedStates":false,"code":"none"}
[http-timing] {"sequence":214,"timelineOrdinal":110,"processOrdinal":1,"method":"GET","routeClass":"timeline","status":200,"headerElapsedMs":11,"bodyElapsedMs":0,"totalElapsedMs":12,"bytes":92159,"phase":"complete","outcome":"ok"}
[timeline-page-observation] {"cycle":110,"processOrdinal":1,"timelineOrdinal":110,"kind":"page","elapsedMs":12.4340830000001,"offset":0,"total":1,"unplacedTotal":5,"states":{"intent":0,"ready":0,"committed":0,"complete":0,"failed":0,"other":1}}
[timeline-page-observation] {"cycle":110,"processOrdinal":1,"timelineOrdinal":110,"kind":"complete","elapsedMs":12.570041999999376,"pages":1,"totalChanged":false,"mixedStates":false,"code":"none"}
[http-timing] {"sequence":215,"timelineOrdinal":111,"processOrdinal":1,"method":"GET","routeClass":"timeline","status":200,"headerElapsedMs":12,"bodyElapsedMs":0,"totalElapsedMs":12,"bytes":92159,"phase":"complete","outcome":"ok"}
[timeline-page-observation] {"cycle":111,"processOrdinal":1,"timelineOrdinal":111,"kind":"page","elapsedMs":12.823291999999128,"offset":0,"total":1,"unplacedTotal":5,"states":{"intent":0,"ready":0,"committed":0,"complete":0,"failed":0,"other":1}}
[timeline-page-observation] {"cycle":111,"processOrdinal":1,"timelineOrdinal":111,"kind":"complete","elapsedMs":12.969291999999768,"pages":1,"totalChanged":false,"mixedStates":false,"code":"none"}
[http-timing] {"sequence":216,"timelineOrdinal":112,"processOrdinal":1,"method":"GET","routeClass":"timeline","status":200,"headerElapsedMs":12,"bodyElapsedMs":0,"totalElapsedMs":12,"bytes":92159,"phase":"complete","outcome":"ok"}
[timeline-page-observation] {"cycle":112,"processOrdinal":1,"timelineOrdinal":112,"kind":"page","elapsedMs":13.039875000000393,"offset":0,"total":1,"unplacedTotal":5,"states":{"intent":0,"ready":0,"committed":0,"complete":0,"failed":0,"other":1}}
[timeline-page-observation] {"cycle":112,"processOrdinal":1,"timelineOrdinal":112,"kind":"complete","elapsedMs":13.190875000000233,"pages":1,"totalChanged":false,"mixedStates":false,"code":"none"}
[http-timing] {"sequence":217,"timelineOrdinal":113,"processOrdinal":1,"method":"GET","routeClass":"timeline","status":200,"headerElapsedMs":11,"bodyElapsedMs":0,"totalElapsedMs":11,"bytes":92159,"phase":"complete","outcome":"ok"}
[timeline-page-observation] {"cycle":113,"processOrdinal":1,"timelineOrdinal":113,"kind":"page","elapsedMs":11.93737499999952,"offset":0,"total":1,"unplacedTotal":5,"states":{"intent":0,"ready":0,"committed":0,"complete":0,"failed":0,"other":1}}
[timeline-page-observation] {"cycle":113,"processOrdinal":1,"timelineOrdinal":113,"kind":"complete","elapsedMs":12.081333999998606,"pages":1,"totalChanged":false,"mixedStates":false,"code":"none"}
[http-timing] {"sequence":218,"timelineOrdinal":114,"processOrdinal":1,"method":"GET","routeClass":"timeline","status":200,"headerElapsedMs":11,"bodyElapsedMs":0,"totalElapsedMs":11,"bytes":92159,"phase":"complete","outcome":"ok"}
[timeline-page-observation] {"cycle":114,"processOrdinal":1,"timelineOrdinal":114,"kind":"page","elapsedMs":12.339458000000377,"offset":0,"total":1,"unplacedTotal":5,"states":{"intent":0,"ready":0,"committed":0,"complete":0,"failed":0,"other":1}}
[timeline-page-observation] {"cycle":114,"processOrdinal":1,"timelineOrdinal":114,"kind":"complete","elapsedMs":12.477333000000726,"pages":1,"totalChanged":false,"mixedStates":false,"code":"none"}
[http-timing] {"sequence":219,"timelineOrdinal":115,"processOrdinal":1,"method":"GET","routeClass":"timeline","status":200,"headerElapsedMs":11,"bodyElapsedMs":0,"totalElapsedMs":12,"bytes":92159,"phase":"complete","outcome":"ok"}
[timeline-page-observation] {"cycle":115,"processOrdinal":1,"timelineOrdinal":115,"kind":"page","elapsedMs":12.460375000000568,"offset":0,"total":1,"unplacedTotal":5,"states":{"intent":0,"ready":0,"committed":0,"complete":0,"failed":0,"other":1}}
[timeline-page-observation] {"cycle":115,"processOrdinal":1,"timelineOrdinal":115,"kind":"complete","elapsedMs":12.601333000000523,"pages":1,"totalChanged":false,"mixedStates":false,"code":"none"}
[http-timing] {"sequence":220,"timelineOrdinal":116,"processOrdinal":1,"method":"GET","routeClass":"timeline","status":200,"headerElapsedMs":11,"bodyElapsedMs":0,"totalElapsedMs":12,"bytes":92159,"phase":"complete","outcome":"ok"}
[timeline-page-observation] {"cycle":116,"processOrdinal":1,"timelineOrdinal":116,"kind":"page","elapsedMs":12.553459000000657,"offset":0,"total":1,"unplacedTotal":5,"states":{"intent":0,"ready":0,"committed":0,"complete":0,"failed":0,"other":1}}
[timeline-page-observation] {"cycle":116,"processOrdinal":1,"timelineOrdinal":116,"kind":"complete","elapsedMs":12.689542000000074,"pages":1,"totalChanged":false,"mixedStates":false,"code":"none"}
[http-timing] {"sequence":221,"timelineOrdinal":117,"processOrdinal":1,"method":"GET","routeClass":"timeline","status":200,"headerElapsedMs":11,"bodyElapsedMs":0,"totalElapsedMs":11,"bytes":92159,"phase":"complete","outcome":"ok"}
[timeline-page-observation] {"cycle":117,"processOrdinal":1,"timelineOrdinal":117,"kind":"page","elapsedMs":11.991167000000132,"offset":0,"total":1,"unplacedTotal":5,"states":{"intent":0,"ready":0,"committed":0,"complete":0,"failed":0,"other":1}}
[timeline-page-observation] {"cycle":117,"processOrdinal":1,"timelineOrdinal":117,"kind":"complete","elapsedMs":12.128375000000233,"pages":1,"totalChanged":false,"mixedStates":false,"code":"none"}
[http-timing] {"sequence":222,"timelineOrdinal":118,"processOrdinal":1,"method":"GET","routeClass":"timeline","status":200,"headerElapsedMs":12,"bodyElapsedMs":0,"totalElapsedMs":12,"bytes":92159,"phase":"complete","outcome":"ok"}
[timeline-page-observation] {"cycle":118,"processOrdinal":1,"timelineOrdinal":118,"kind":"page","elapsedMs":12.881666999999652,"offset":0,"total":1,"unplacedTotal":5,"states":{"intent":0,"ready":0,"committed":0,"complete":0,"failed":0,"other":1}}
[timeline-page-observation] {"cycle":118,"processOrdinal":1,"timelineOrdinal":118,"kind":"complete","elapsedMs":13.019874999999956,"pages":1,"totalChanged":false,"mixedStates":false,"code":"none"}
[http-timing] {"sequence":223,"timelineOrdinal":119,"processOrdinal":1,"method":"GET","routeClass":"timeline","status":200,"headerElapsedMs":11,"bodyElapsedMs":0,"totalElapsedMs":11,"bytes":92159,"phase":"complete","outcome":"ok"}
[timeline-page-observation] {"cycle":119,"processOrdinal":1,"timelineOrdinal":119,"kind":"page","elapsedMs":12.011999999998807,"offset":0,"total":1,"unplacedTotal":5,"states":{"intent":0,"ready":0,"committed":0,"complete":0,"failed":0,"other":1}}
[timeline-page-observation] {"cycle":119,"processOrdinal":1,"timelineOrdinal":119,"kind":"complete","elapsedMs":12.145249999999578,"pages":1,"totalChanged":false,"mixedStates":false,"code":"none"}
[http-timing] {"sequence":224,"timelineOrdinal":120,"processOrdinal":1,"method":"GET","routeClass":"timeline","status":200,"headerElapsedMs":11,"bodyElapsedMs":0,"totalElapsedMs":11,"bytes":92159,"phase":"complete","outcome":"ok"}
[timeline-page-observation] {"cycle":120,"processOrdinal":1,"timelineOrdinal":120,"kind":"page","elapsedMs":12.043208999999479,"offset":0,"total":1,"unplacedTotal":5,"states":{"intent":0,"ready":0,"committed":0,"complete":0,"failed":0,"other":1}}
[timeline-page-observation] {"cycle":120,"processOrdinal":1,"timelineOrdinal":120,"kind":"complete","elapsedMs":12.178374999999505,"pages":1,"totalChanged":false,"mixedStates":false,"code":"none"}
[http-timing] {"sequence":225,"timelineOrdinal":121,"processOrdinal":1,"method":"GET","routeClass":"timeline","status":200,"headerElapsedMs":11,"bodyElapsedMs":0,"totalElapsedMs":11,"bytes":92159,"phase":"complete","outcome":"ok"}
[timeline-page-observation] {"cycle":121,"processOrdinal":1,"timelineOrdinal":121,"kind":"page","elapsedMs":12.29266600000119,"offset":0,"total":1,"unplacedTotal":5,"states":{"intent":0,"ready":0,"committed":0,"complete":0,"failed":0,"other":1}}
[timeline-page-observation] {"cycle":121,"processOrdinal":1,"timelineOrdinal":121,"kind":"complete","elapsedMs":12.433333000000857,"pages":1,"totalChanged":false,"mixedStates":false,"code":"none"}
[http-timing] {"sequence":226,"timelineOrdinal":122,"processOrdinal":1,"method":"GET","routeClass":"timeline","status":200,"headerElapsedMs":11,"bodyElapsedMs":0,"totalElapsedMs":11,"bytes":92159,"phase":"complete","outcome":"ok"}
[timeline-page-observation] {"cycle":122,"processOrdinal":1,"timelineOrdinal":122,"kind":"page","elapsedMs":12.19433300000128,"offset":0,"total":1,"unplacedTotal":5,"states":{"intent":0,"ready":0,"committed":0,"complete":0,"failed":0,"other":1}}
[timeline-page-observation] {"cycle":122,"processOrdinal":1,"timelineOrdinal":122,"kind":"complete","elapsedMs":12.383665999999721,"pages":1,"totalChanged":false,"mixedStates":false,"code":"none"}
[http-timing] {"sequence":227,"timelineOrdinal":123,"processOrdinal":1,"method":"GET","routeClass":"timeline","status":200,"headerElapsedMs":11,"bodyElapsedMs":0,"totalElapsedMs":11,"bytes":92159,"phase":"complete","outcome":"ok"}
[timeline-page-observation] {"cycle":123,"processOrdinal":1,"timelineOrdinal":123,"kind":"page","elapsedMs":12.092000000000553,"offset":0,"total":1,"unplacedTotal":5,"states":{"intent":0,"ready":0,"committed":0,"complete":0,"failed":0,"other":1}}
[timeline-page-observation] {"cycle":123,"processOrdinal":1,"timelineOrdinal":123,"kind":"complete","elapsedMs":12.22649999999885,"pages":1,"totalChanged":false,"mixedStates":false,"code":"none"}
[http-timing] {"sequence":228,"timelineOrdinal":124,"processOrdinal":1,"method":"GET","routeClass":"timeline","status":200,"headerElapsedMs":12,"bodyElapsedMs":0,"totalElapsedMs":12,"bytes":92159,"phase":"complete","outcome":"ok"}
[timeline-page-observation] {"cycle":124,"processOrdinal":1,"timelineOrdinal":124,"kind":"page","elapsedMs":13.318542000000889,"offset":0,"total":1,"unplacedTotal":5,"states":{"intent":0,"ready":0,"committed":0,"complete":0,"failed":0,"other":1}}
[timeline-page-observation] {"cycle":124,"processOrdinal":1,"timelineOrdinal":124,"kind":"complete","elapsedMs":13.461458000001585,"pages":1,"totalChanged":false,"mixedStates":false,"code":"none"}
[http-timing] {"sequence":229,"timelineOrdinal":125,"processOrdinal":1,"method":"GET","routeClass":"timeline","status":200,"headerElapsedMs":11,"bodyElapsedMs":0,"totalElapsedMs":12,"bytes":92159,"phase":"complete","outcome":"ok"}
[timeline-page-observation] {"cycle":125,"processOrdinal":1,"timelineOrdinal":125,"kind":"page","elapsedMs":12.754791999999725,"offset":0,"total":1,"unplacedTotal":5,"states":{"intent":0,"ready":0,"committed":0,"complete":0,"failed":0,"other":1}}
[timeline-page-observation] {"cycle":125,"processOrdinal":1,"timelineOrdinal":125,"kind":"complete","elapsedMs":12.890917000000627,"pages":1,"totalChanged":false,"mixedStates":false,"code":"none"}
[http-timing] {"sequence":230,"timelineOrdinal":126,"processOrdinal":1,"method":"GET","routeClass":"timeline","status":200,"headerElapsedMs":11,"bodyElapsedMs":0,"totalElapsedMs":11,"bytes":92159,"phase":"complete","outcome":"ok"}
[timeline-page-observation] {"cycle":126,"processOrdinal":1,"timelineOrdinal":126,"kind":"page","elapsedMs":12.197207999999591,"offset":0,"total":1,"unplacedTotal":5,"states":{"intent":0,"ready":0,"committed":0,"complete":0,"failed":0,"other":1}}
[timeline-page-observation] {"cycle":126,"processOrdinal":1,"timelineOrdinal":126,"kind":"complete","elapsedMs":12.334666999999172,"pages":1,"totalChanged":false,"mixedStates":false,"code":"none"}
[http-timing] {"sequence":231,"timelineOrdinal":127,"processOrdinal":1,"method":"GET","routeClass":"timeline","status":200,"headerElapsedMs":11,"bodyElapsedMs":0,"totalElapsedMs":11,"bytes":92159,"phase":"complete","outcome":"ok"}
[timeline-page-observation] {"cycle":127,"processOrdinal":1,"timelineOrdinal":127,"kind":"page","elapsedMs":11.917583000000377,"offset":0,"total":1,"unplacedTotal":5,"states":{"intent":0,"ready":0,"committed":0,"complete":0,"failed":0,"other":1}}
[timeline-page-observation] {"cycle":127,"processOrdinal":1,"timelineOrdinal":127,"kind":"complete","elapsedMs":12.092415999999503,"pages":1,"totalChanged":false,"mixedStates":false,"code":"none"}
[http-timing] {"sequence":232,"timelineOrdinal":128,"processOrdinal":1,"method":"GET","routeClass":"timeline","status":200,"headerElapsedMs":12,"bodyElapsedMs":0,"totalElapsedMs":12,"bytes":92159,"phase":"complete","outcome":"ok"}
[timeline-page-observation] {"cycle":128,"processOrdinal":1,"timelineOrdinal":128,"kind":"page","elapsedMs":13.145458999999391,"offset":0,"total":1,"unplacedTotal":5,"states":{"intent":0,"ready":0,"committed":0,"complete":0,"failed":0,"other":1}}
[timeline-page-observation] {"cycle":128,"processOrdinal":1,"timelineOrdinal":128,"kind":"complete","elapsedMs":13.286916999999448,"pages":1,"totalChanged":false,"mixedStates":false,"code":"none"}
[http-timing] {"sequence":233,"timelineOrdinal":129,"processOrdinal":1,"method":"GET","routeClass":"timeline","status":200,"headerElapsedMs":11,"bodyElapsedMs":0,"totalElapsedMs":11,"bytes":92159,"phase":"complete","outcome":"ok"}
[timeline-page-observation] {"cycle":129,"processOrdinal":1,"timelineOrdinal":129,"kind":"page","elapsedMs":12.18329200000153,"offset":0,"total":1,"unplacedTotal":5,"states":{"intent":0,"ready":0,"committed":0,"complete":0,"failed":0,"other":1}}
[timeline-page-observation] {"cycle":129,"processOrdinal":1,"timelineOrdinal":129,"kind":"complete","elapsedMs":12.325458000002982,"pages":1,"totalChanged":false,"mixedStates":false,"code":"none"}
[http-timing] {"sequence":234,"timelineOrdinal":130,"processOrdinal":1,"method":"GET","routeClass":"timeline","status":200,"headerElapsedMs":11,"bodyElapsedMs":0,"totalElapsedMs":11,"bytes":92159,"phase":"complete","outcome":"ok"}
[timeline-page-observation] {"cycle":130,"processOrdinal":1,"timelineOrdinal":130,"kind":"page","elapsedMs":12.144667000000481,"offset":0,"total":1,"unplacedTotal":5,"states":{"intent":0,"ready":0,"committed":0,"complete":0,"failed":0,"other":1}}
[timeline-page-observation] {"cycle":130,"processOrdinal":1,"timelineOrdinal":130,"kind":"complete","elapsedMs":12.280374999998457,"pages":1,"totalChanged":false,"mixedStates":false,"code":"none"}
[http-timing] {"sequence":235,"timelineOrdinal":131,"processOrdinal":1,"method":"GET","routeClass":"timeline","status":200,"headerElapsedMs":11,"bodyElapsedMs":0,"totalElapsedMs":11,"bytes":92159,"phase":"complete","outcome":"ok"}
[timeline-page-observation] {"cycle":131,"processOrdinal":1,"timelineOrdinal":131,"kind":"page","elapsedMs":12.6282919999976,"offset":0,"total":1,"unplacedTotal":5,"states":{"intent":0,"ready":0,"committed":0,"complete":0,"failed":0,"other":1}}
[timeline-page-observation] {"cycle":131,"processOrdinal":1,"timelineOrdinal":131,"kind":"complete","elapsedMs":12.769916999997804,"pages":1,"totalChanged":false,"mixedStates":false,"code":"none"}
[http-timing] {"sequence":236,"timelineOrdinal":132,"processOrdinal":1,"method":"GET","routeClass":"timeline","status":200,"headerElapsedMs":12,"bodyElapsedMs":0,"totalElapsedMs":12,"bytes":92159,"phase":"complete","outcome":"ok"}
[timeline-page-observation] {"cycle":132,"processOrdinal":1,"timelineOrdinal":132,"kind":"page","elapsedMs":13.154750000001513,"offset":0,"total":1,"unplacedTotal":5,"states":{"intent":0,"ready":0,"committed":0,"complete":0,"failed":0,"other":1}}
[timeline-page-observation] {"cycle":132,"processOrdinal":1,"timelineOrdinal":132,"kind":"complete","elapsedMs":13.294167000000016,"pages":1,"totalChanged":false,"mixedStates":false,"code":"none"}
[http-timing] {"sequence":237,"timelineOrdinal":133,"processOrdinal":1,"method":"GET","routeClass":"timeline","status":200,"headerElapsedMs":11,"bodyElapsedMs":0,"totalElapsedMs":11,"bytes":92159,"phase":"complete","outcome":"ok"}
[timeline-page-observation] {"cycle":133,"processOrdinal":1,"timelineOrdinal":133,"kind":"page","elapsedMs":12.30041699999856,"offset":0,"total":1,"unplacedTotal":5,"states":{"intent":0,"ready":0,"committed":0,"complete":0,"failed":0,"other":1}}
[timeline-page-observation] {"cycle":133,"processOrdinal":1,"timelineOrdinal":133,"kind":"complete","elapsedMs":12.457875000000058,"pages":1,"totalChanged":false,"mixedStates":false,"code":"none"}
[http-timing] {"sequence":238,"timelineOrdinal":134,"processOrdinal":1,"method":"GET","routeClass":"timeline","status":200,"headerElapsedMs":11,"bodyElapsedMs":0,"totalElapsedMs":11,"bytes":92159,"phase":"complete","outcome":"ok"}
[timeline-page-observation] {"cycle":134,"processOrdinal":1,"timelineOrdinal":134,"kind":"page","elapsedMs":11.922167000000627,"offset":0,"total":1,"unplacedTotal":5,"states":{"intent":0,"ready":0,"committed":0,"complete":0,"failed":0,"other":1}}
[timeline-page-observation] {"cycle":134,"processOrdinal":1,"timelineOrdinal":134,"kind":"complete","elapsedMs":12.056708000000071,"pages":1,"totalChanged":false,"mixedStates":false,"code":"none"}
[http-timing] {"sequence":239,"timelineOrdinal":135,"processOrdinal":1,"method":"GET","routeClass":"timeline","status":200,"headerElapsedMs":11,"bodyElapsedMs":0,"totalElapsedMs":12,"bytes":92159,"phase":"complete","outcome":"ok"}
[timeline-page-observation] {"cycle":135,"processOrdinal":1,"timelineOrdinal":135,"kind":"page","elapsedMs":12.544334000001982,"offset":0,"total":1,"unplacedTotal":5,"states":{"intent":0,"ready":0,"committed":0,"complete":0,"failed":0,"other":1}}
[timeline-page-observation] {"cycle":135,"processOrdinal":1,"timelineOrdinal":135,"kind":"complete","elapsedMs":12.684917000002315,"pages":1,"totalChanged":false,"mixedStates":false,"code":"none"}
[http-timing] {"sequence":240,"timelineOrdinal":136,"processOrdinal":1,"method":"GET","routeClass":"timeline","status":200,"headerElapsedMs":11,"bodyElapsedMs":0,"totalElapsedMs":11,"bytes":92159,"phase":"complete","outcome":"ok"}
[timeline-page-observation] {"cycle":136,"processOrdinal":1,"timelineOrdinal":136,"kind":"page","elapsedMs":12.288167000002431,"offset":0,"total":1,"unplacedTotal":5,"states":{"intent":0,"ready":0,"committed":0,"complete":0,"failed":0,"other":1}}
[timeline-page-observation] {"cycle":136,"processOrdinal":1,"timelineOrdinal":136,"kind":"complete","elapsedMs":12.415000000000873,"pages":1,"totalChanged":false,"mixedStates":false,"code":"none"}
[http-timing] {"sequence":241,"timelineOrdinal":137,"processOrdinal":1,"method":"GET","routeClass":"timeline","status":200,"headerElapsedMs":11,"bodyElapsedMs":0,"totalElapsedMs":12,"bytes":92159,"phase":"complete","outcome":"ok"}
[timeline-page-observation] {"cycle":137,"processOrdinal":1,"timelineOrdinal":137,"kind":"page","elapsedMs":12.433499999999185,"offset":0,"total":1,"unplacedTotal":5,"states":{"intent":0,"ready":0,"committed":0,"complete":0,"failed":0,"other":1}}
[timeline-page-observation] {"cycle":137,"processOrdinal":1,"timelineOrdinal":137,"kind":"complete","elapsedMs":12.580666999998357,"pages":1,"totalChanged":false,"mixedStates":false,"code":"none"}
[http-timing] {"sequence":242,"timelineOrdinal":138,"processOrdinal":1,"method":"GET","routeClass":"timeline","status":200,"headerElapsedMs":11,"bodyElapsedMs":0,"totalElapsedMs":11,"bytes":92159,"phase":"complete","outcome":"ok"}
[timeline-page-observation] {"cycle":138,"processOrdinal":1,"timelineOrdinal":138,"kind":"page","elapsedMs":12.193208000000595,"offset":0,"total":1,"unplacedTotal":5,"states":{"intent":0,"ready":0,"committed":0,"complete":0,"failed":0,"other":1}}
[timeline-page-observation] {"cycle":138,"processOrdinal":1,"timelineOrdinal":138,"kind":"complete","elapsedMs":12.320083000002342,"pages":1,"totalChanged":false,"mixedStates":false,"code":"none"}
[http-timing] {"sequence":243,"timelineOrdinal":139,"processOrdinal":1,"method":"GET","routeClass":"timeline","status":200,"headerElapsedMs":11,"bodyElapsedMs":0,"totalElapsedMs":11,"bytes":92159,"phase":"complete","outcome":"ok"}
[timeline-page-observation] {"cycle":139,"processOrdinal":1,"timelineOrdinal":139,"kind":"page","elapsedMs":12.118416999997862,"offset":0,"total":1,"unplacedTotal":5,"states":{"intent":0,"ready":0,"committed":0,"complete":0,"failed":0,"other":1}}
[timeline-page-observation] {"cycle":139,"processOrdinal":1,"timelineOrdinal":139,"kind":"complete","elapsedMs":12.245707999998558,"pages":1,"totalChanged":false,"mixedStates":false,"code":"none"}
[http-timing] {"sequence":244,"timelineOrdinal":140,"processOrdinal":1,"method":"GET","routeClass":"timeline","status":200,"headerElapsedMs":11,"bodyElapsedMs":0,"totalElapsedMs":11,"bytes":92159,"phase":"complete","outcome":"ok"}
[timeline-page-observation] {"cycle":140,"processOrdinal":1,"timelineOrdinal":140,"kind":"page","elapsedMs":12.210791999998037,"offset":0,"total":1,"unplacedTotal":5,"states":{"intent":0,"ready":0,"committed":0,"complete":0,"failed":0,"other":1}}
[timeline-page-observation] {"cycle":140,"processOrdinal":1,"timelineOrdinal":140,"kind":"complete","elapsedMs":12.339541999997891,"pages":1,"totalChanged":false,"mixedStates":false,"code":"none"}
[http-timing] {"sequence":245,"timelineOrdinal":141,"processOrdinal":1,"method":"GET","routeClass":"timeline","status":200,"headerElapsedMs":11,"bodyElapsedMs":0,"totalElapsedMs":11,"bytes":92159,"phase":"complete","outcome":"ok"}
[timeline-page-observation] {"cycle":141,"processOrdinal":1,"timelineOrdinal":141,"kind":"page","elapsedMs":11.938874999999825,"offset":0,"total":1,"unplacedTotal":5,"states":{"intent":0,"ready":0,"committed":0,"complete":0,"failed":0,"other":1}}
[timeline-page-observation] {"cycle":141,"processOrdinal":1,"timelineOrdinal":141,"kind":"complete","elapsedMs":12.068875000000844,"pages":1,"totalChanged":false,"mixedStates":false,"code":"none"}
[http-timing] {"sequence":246,"timelineOrdinal":142,"processOrdinal":1,"method":"GET","routeClass":"timeline","status":200,"headerElapsedMs":11,"bodyElapsedMs":0,"totalElapsedMs":11,"bytes":92159,"phase":"complete","outcome":"ok"}
[timeline-page-observation] {"cycle":142,"processOrdinal":1,"timelineOrdinal":142,"kind":"page","elapsedMs":11.741792000000714,"offset":0,"total":1,"unplacedTotal":5,"states":{"intent":0,"ready":0,"committed":0,"complete":0,"failed":0,"other":1}}
[timeline-page-observation] {"cycle":142,"processOrdinal":1,"timelineOrdinal":142,"kind":"complete","elapsedMs":11.867958999999246,"pages":1,"totalChanged":false,"mixedStates":false,"code":"none"}
[http-timing] {"sequence":247,"timelineOrdinal":143,"processOrdinal":1,"method":"GET","routeClass":"timeline","status":200,"headerElapsedMs":11,"bodyElapsedMs":0,"totalElapsedMs":11,"bytes":92159,"phase":"complete","…53402 tokens truncated…y":0}
[completion-event] {"processOrdinal":1,"v":1,"event":11,"begin":"11537895583","end":"11537907833","thread":103,"request":96,"reference":null,"job":null,"n":1,"x":0,"y":0}
[completion-event] {"processOrdinal":1,"v":1,"event":12,"begin":"11537907833","end":"11537909667","thread":103,"request":96,"reference":null,"job":null,"n":1,"x":0,"y":0}
[completion-event] {"processOrdinal":1,"v":1,"event":13,"begin":"11537909667","end":"11537913125","thread":103,"request":96,"reference":null,"job":null,"n":1,"x":0,"y":100}
[completion-event] {"processOrdinal":1,"v":1,"event":10,"begin":"11642287625","end":"11651778375","thread":104,"request":97,"reference":null,"job":null,"n":6,"x":1,"y":0}
[completion-event] {"processOrdinal":1,"v":1,"event":11,"begin":"11651778375","end":"11651789125","thread":104,"request":97,"reference":null,"job":null,"n":1,"x":0,"y":0}
[completion-event] {"processOrdinal":1,"v":1,"event":12,"begin":"11651789125","end":"11651790833","thread":104,"request":97,"reference":null,"job":null,"n":1,"x":0,"y":0}
[completion-event] {"processOrdinal":1,"v":1,"event":13,"begin":"11651790833","end":"11651794208","thread":104,"request":97,"reference":null,"job":null,"n":1,"x":0,"y":100}
[completion-event] {"processOrdinal":1,"v":1,"event":10,"begin":"11755541667","end":"11765998875","thread":105,"request":98,"reference":null,"job":null,"n":6,"x":1,"y":0}
[completion-event] {"processOrdinal":1,"v":1,"event":11,"begin":"11765998875","end":"11766007042","thread":105,"request":98,"reference":null,"job":null,"n":1,"x":0,"y":0}
[completion-event] {"processOrdinal":1,"v":1,"event":12,"begin":"11766007042","end":"11766008333","thread":105,"request":98,"reference":null,"job":null,"n":1,"x":0,"y":0}
[completion-event] {"processOrdinal":1,"v":1,"event":13,"begin":"11766008333","end":"11766029208","thread":105,"request":98,"reference":null,"job":null,"n":1,"x":0,"y":100}
[completion-event] {"processOrdinal":1,"v":1,"event":10,"begin":"11872626750","end":"11882160083","thread":106,"request":99,"reference":null,"job":null,"n":6,"x":1,"y":0}
[completion-event] {"processOrdinal":1,"v":1,"event":11,"begin":"11882160083","end":"11882172375","thread":106,"request":99,"reference":null,"job":null,"n":1,"x":0,"y":0}
[completion-event] {"processOrdinal":1,"v":1,"event":12,"begin":"11882172375","end":"11882174000","thread":106,"request":99,"reference":null,"job":null,"n":1,"x":0,"y":0}
[completion-event] {"processOrdinal":1,"v":1,"event":13,"begin":"11882174000","end":"11882177375","thread":106,"request":99,"reference":null,"job":null,"n":1,"x":0,"y":100}
[completion-event] {"processOrdinal":1,"v":1,"event":10,"begin":"11988934500","end":"11998819708","thread":107,"request":100,"reference":null,"job":null,"n":6,"x":1,"y":0}
[completion-event] {"processOrdinal":1,"v":1,"event":11,"begin":"11998819708","end":"11998831375","thread":107,"request":100,"reference":null,"job":null,"n":1,"x":0,"y":0}
[completion-event] {"processOrdinal":1,"v":1,"event":12,"begin":"11998831375","end":"11998832667","thread":107,"request":100,"reference":null,"job":null,"n":1,"x":0,"y":0}
[completion-event] {"processOrdinal":1,"v":1,"event":13,"begin":"11998832667","end":"11998836208","thread":107,"request":100,"reference":null,"job":null,"n":1,"x":0,"y":100}
[completion-event] {"processOrdinal":1,"v":1,"event":10,"begin":"12104520667","end":"12114111583","thread":108,"request":101,"reference":null,"job":null,"n":6,"x":1,"y":0}
[completion-event] {"processOrdinal":1,"v":1,"event":11,"begin":"12114111583","end":"12114125250","thread":108,"request":101,"reference":null,"job":null,"n":1,"x":0,"y":0}
[completion-event] {"processOrdinal":1,"v":1,"event":12,"begin":"12114125250","end":"12114127000","thread":108,"request":101,"reference":null,"job":null,"n":1,"x":0,"y":0}
[completion-event] {"processOrdinal":1,"v":1,"event":13,"begin":"12114127000","end":"12114131417","thread":108,"request":101,"reference":null,"job":null,"n":1,"x":0,"y":100}
[completion-event] {"processOrdinal":1,"v":1,"event":10,"begin":"12220292375","end":"12230062250","thread":109,"request":102,"reference":null,"job":null,"n":6,"x":1,"y":0}
[completion-event] {"processOrdinal":1,"v":1,"event":11,"begin":"12230062250","end":"12230073917","thread":109,"request":102,"reference":null,"job":null,"n":1,"x":0,"y":0}
[completion-event] {"processOrdinal":1,"v":1,"event":12,"begin":"12230073917","end":"12230075042","thread":109,"request":102,"reference":null,"job":null,"n":1,"x":0,"y":0}
[completion-event] {"processOrdinal":1,"v":1,"event":13,"begin":"12230075042","end":"12230078292","thread":109,"request":102,"reference":null,"job":null,"n":1,"x":0,"y":100}
[completion-event] {"processOrdinal":1,"v":1,"event":10,"begin":"12334523667","end":"12344164042","thread":110,"request":103,"reference":null,"job":null,"n":6,"x":1,"y":0}
[completion-event] {"processOrdinal":1,"v":1,"event":11,"begin":"12344164042","end":"12344173125","thread":110,"request":103,"reference":null,"job":null,"n":1,"x":0,"y":0}
[completion-event] {"processOrdinal":1,"v":1,"event":12,"begin":"12344173125","end":"12344174875","thread":110,"request":103,"reference":null,"job":null,"n":1,"x":0,"y":0}
[completion-event] {"processOrdinal":1,"v":1,"event":13,"begin":"12344174875","end":"12344178042","thread":110,"request":103,"reference":null,"job":null,"n":1,"x":0,"y":100}
[completion-event] {"processOrdinal":1,"v":1,"event":10,"begin":"12450366208","end":"12460144042","thread":111,"request":104,"reference":null,"job":null,"n":6,"x":1,"y":0}
[completion-event] {"processOrdinal":1,"v":1,"event":11,"begin":"12460144042","end":"12460155875","thread":111,"request":104,"reference":null,"job":null,"n":1,"x":0,"y":0}
[completion-event] {"processOrdinal":1,"v":1,"event":12,"begin":"12460155875","end":"12460157417","thread":111,"request":104,"reference":null,"job":null,"n":1,"x":0,"y":0}
[completion-event] {"processOrdinal":1,"v":1,"event":13,"begin":"12460157417","end":"12460161083","thread":111,"request":104,"reference":null,"job":null,"n":1,"x":0,"y":100}
[completion-event] {"processOrdinal":1,"v":1,"event":10,"begin":"12566405625","end":"12575862250","thread":112,"request":105,"reference":null,"job":null,"n":6,"x":1,"y":0}
[completion-event] {"processOrdinal":1,"v":1,"event":11,"begin":"12575862250","end":"12575872667","thread":112,"request":105,"reference":null,"job":null,"n":1,"x":0,"y":0}
[completion-event] {"processOrdinal":1,"v":1,"event":12,"begin":"12575872667","end":"12575874208","thread":112,"request":105,"reference":null,"job":null,"n":1,"x":0,"y":0}
[completion-event] {"processOrdinal":1,"v":1,"event":13,"begin":"12575874208","end":"12575878042","thread":112,"request":105,"reference":null,"job":null,"n":1,"x":0,"y":100}
[completion-event] {"processOrdinal":1,"v":1,"event":10,"begin":"12682014125","end":"12691685333","thread":113,"request":106,"reference":null,"job":null,"n":6,"x":1,"y":0}
[completion-event] {"processOrdinal":1,"v":1,"event":11,"begin":"12691685333","end":"12691697167","thread":113,"request":106,"reference":null,"job":null,"n":1,"x":0,"y":0}
[completion-event] {"processOrdinal":1,"v":1,"event":12,"begin":"12691697167","end":"12691698667","thread":113,"request":106,"reference":null,"job":null,"n":1,"x":0,"y":0}
[completion-event] {"processOrdinal":1,"v":1,"event":13,"begin":"12691698667","end":"12691701625","thread":113,"request":106,"reference":null,"job":null,"n":1,"x":0,"y":100}
[completion-event] {"processOrdinal":1,"v":1,"event":10,"begin":"12795570958","end":"12805056833","thread":114,"request":107,"reference":null,"job":null,"n":6,"x":1,"y":0}
[completion-event] {"processOrdinal":1,"v":1,"event":11,"begin":"12805056833","end":"12805066875","thread":114,"request":107,"reference":null,"job":null,"n":1,"x":0,"y":0}
[completion-event] {"processOrdinal":1,"v":1,"event":12,"begin":"12805066875","end":"12805068583","thread":114,"request":107,"reference":null,"job":null,"n":1,"x":0,"y":0}
[completion-event] {"processOrdinal":1,"v":1,"event":13,"begin":"12805068583","end":"12805072042","thread":114,"request":107,"reference":null,"job":null,"n":1,"x":0,"y":100}
[completion-event] {"processOrdinal":1,"v":1,"event":10,"begin":"12911036792","end":"12920475958","thread":115,"request":108,"reference":null,"job":null,"n":6,"x":1,"y":0}
[completion-event] {"processOrdinal":1,"v":1,"event":11,"begin":"12920475958","end":"12920487500","thread":115,"request":108,"reference":null,"job":null,"n":1,"x":0,"y":0}
[completion-event] {"processOrdinal":1,"v":1,"event":12,"begin":"12920487500","end":"12920489292","thread":115,"request":108,"reference":null,"job":null,"n":1,"x":0,"y":0}
[completion-event] {"processOrdinal":1,"v":1,"event":13,"begin":"12920489292","end":"12920493292","thread":115,"request":108,"reference":null,"job":null,"n":1,"x":0,"y":100}
[completion-event] {"processOrdinal":1,"v":1,"event":10,"begin":"13026744917","end":"13036149125","thread":116,"request":109,"reference":null,"job":null,"n":6,"x":1,"y":0}
[completion-event] {"processOrdinal":1,"v":1,"event":11,"begin":"13036149125","end":"13036160375","thread":116,"request":109,"reference":null,"job":null,"n":1,"x":0,"y":0}
[completion-event] {"processOrdinal":1,"v":1,"event":12,"begin":"13036160375","end":"13036162083","thread":116,"request":109,"reference":null,"job":null,"n":1,"x":0,"y":0}
[completion-event] {"processOrdinal":1,"v":1,"event":13,"begin":"13036162083","end":"13036165875","thread":116,"request":109,"reference":null,"job":null,"n":1,"x":0,"y":100}
[completion-event] {"processOrdinal":1,"v":1,"event":10,"begin":"13141446458","end":"13151143917","thread":117,"request":110,"reference":null,"job":null,"n":6,"x":1,"y":0}
[completion-event] {"processOrdinal":1,"v":1,"event":11,"begin":"13151143917","end":"13151153458","thread":117,"request":110,"reference":null,"job":null,"n":1,"x":0,"y":0}
[completion-event] {"processOrdinal":1,"v":1,"event":12,"begin":"13151153458","end":"13151154958","thread":117,"request":110,"reference":null,"job":null,"n":1,"x":0,"y":0}
[completion-event] {"processOrdinal":1,"v":1,"event":13,"begin":"13151154958","end":"13151158417","thread":117,"request":110,"reference":null,"job":null,"n":1,"x":0,"y":100}
[completion-event] {"processOrdinal":1,"v":1,"event":10,"begin":"13255930417","end":"13265762792","thread":118,"request":111,"reference":null,"job":null,"n":6,"x":1,"y":0}
[completion-event] {"processOrdinal":1,"v":1,"event":11,"begin":"13265762792","end":"13265774042","thread":118,"request":111,"reference":null,"job":null,"n":1,"x":0,"y":0}
[completion-event] {"processOrdinal":1,"v":1,"event":12,"begin":"13265774042","end":"13265775667","thread":118,"request":111,"reference":null,"job":null,"n":1,"x":0,"y":0}
[completion-event] {"processOrdinal":1,"v":1,"event":13,"begin":"13265775667","end":"13265779333","thread":118,"request":111,"reference":null,"job":null,"n":1,"x":0,"y":100}
[completion-event] {"processOrdinal":1,"v":1,"event":10,"begin":"13371396292","end":"13380705708","thread":119,"request":112,"reference":null,"job":null,"n":6,"x":1,"y":0}
[completion-event] {"processOrdinal":1,"v":1,"event":11,"begin":"13380705708","end":"13380715833","thread":119,"request":112,"reference":null,"job":null,"n":1,"x":0,"y":0}
[completion-event] {"processOrdinal":1,"v":1,"event":12,"begin":"13380715833","end":"13380717583","thread":119,"request":112,"reference":null,"job":null,"n":1,"x":0,"y":0}
[completion-event] {"processOrdinal":1,"v":1,"event":13,"begin":"13380717583","end":"13380721875","thread":119,"request":112,"reference":null,"job":null,"n":1,"x":0,"y":100}
[completion-event] {"processOrdinal":1,"v":1,"event":10,"begin":"13486413208","end":"13495695417","thread":120,"request":113,"reference":null,"job":null,"n":6,"x":1,"y":0}
[completion-event] {"processOrdinal":1,"v":1,"event":11,"begin":"13495695417","end":"13495705708","thread":120,"request":113,"reference":null,"job":null,"n":1,"x":0,"y":0}
[completion-event] {"processOrdinal":1,"v":1,"event":12,"begin":"13495705708","end":"13495707417","thread":120,"request":113,"reference":null,"job":null,"n":1,"x":0,"y":0}
[completion-event] {"processOrdinal":1,"v":1,"event":13,"begin":"13495707417","end":"13495710917","thread":120,"request":113,"reference":null,"job":null,"n":1,"x":0,"y":100}
[completion-event] {"processOrdinal":1,"v":1,"event":10,"begin":"13601355750","end":"13610871542","thread":121,"request":114,"reference":null,"job":null,"n":6,"x":1,"y":0}
[completion-event] {"processOrdinal":1,"v":1,"event":11,"begin":"13610871542","end":"13610881833","thread":121,"request":114,"reference":null,"job":null,"n":1,"x":0,"y":0}
[completion-event] {"processOrdinal":1,"v":1,"event":12,"begin":"13610881833","end":"13610883458","thread":121,"request":114,"reference":null,"job":null,"n":1,"x":0,"y":0}
[completion-event] {"processOrdinal":1,"v":1,"event":13,"begin":"13610883458","end":"13610887042","thread":121,"request":114,"reference":null,"job":null,"n":1,"x":0,"y":100}
[completion-event] {"processOrdinal":1,"v":1,"event":10,"begin":"13716415792","end":"13726002542","thread":122,"request":115,"reference":null,"job":null,"n":6,"x":1,"y":0}
[completion-event] {"processOrdinal":1,"v":1,"event":11,"begin":"13726002542","end":"13726011167","thread":122,"request":115,"reference":null,"job":null,"n":1,"x":0,"y":0}
[completion-event] {"processOrdinal":1,"v":1,"event":12,"begin":"13726011167","end":"13726012458","thread":122,"request":115,"reference":null,"job":null,"n":1,"x":0,"y":0}
[completion-event] {"processOrdinal":1,"v":1,"event":13,"begin":"13726012458","end":"13726016083","thread":122,"request":115,"reference":null,"job":null,"n":1,"x":0,"y":100}
[completion-event] {"processOrdinal":1,"v":1,"event":10,"begin":"13830763083","end":"13840393583","thread":123,"request":116,"reference":null,"job":null,"n":6,"x":1,"y":0}
[completion-event] {"processOrdinal":1,"v":1,"event":11,"begin":"13840393583","end":"13840404708","thread":123,"request":116,"reference":null,"job":null,"n":1,"x":0,"y":0}
[completion-event] {"processOrdinal":1,"v":1,"event":12,"begin":"13840404708","end":"13840406125","thread":123,"request":116,"reference":null,"job":null,"n":1,"x":0,"y":0}
[completion-event] {"processOrdinal":1,"v":1,"event":13,"begin":"13840406125","end":"13840409708","thread":123,"request":116,"reference":null,"job":null,"n":1,"x":0,"y":100}
[completion-event] {"processOrdinal":1,"v":1,"event":10,"begin":"13945673042","end":"13955077500","thread":124,"request":117,"reference":null,"job":null,"n":6,"x":1,"y":0}
[completion-event] {"processOrdinal":1,"v":1,"event":11,"begin":"13955077500","end":"13955088083","thread":124,"request":117,"reference":null,"job":null,"n":1,"x":0,"y":0}
[completion-event] {"processOrdinal":1,"v":1,"event":12,"begin":"13955088083","end":"13955089833","thread":124,"request":117,"reference":null,"job":null,"n":1,"x":0,"y":0}
[completion-event] {"processOrdinal":1,"v":1,"event":13,"begin":"13955089833","end":"13955093583","thread":124,"request":117,"reference":null,"job":null,"n":1,"x":0,"y":100}
[completion-event] {"processOrdinal":1,"v":1,"event":10,"begin":"14060995792","end":"14071106250","thread":125,"request":118,"reference":null,"job":null,"n":6,"x":1,"y":0}
[completion-event] {"processOrdinal":1,"v":1,"event":11,"begin":"14071106250","end":"14071115750","thread":125,"request":118,"reference":null,"job":null,"n":1,"x":0,"y":0}
[completion-event] {"processOrdinal":1,"v":1,"event":12,"begin":"14071115750","end":"14071117042","thread":125,"request":118,"reference":null,"job":null,"n":1,"x":0,"y":0}
[completion-event] {"processOrdinal":1,"v":1,"event":13,"begin":"14071117042","end":"14071120750","thread":125,"request":118,"reference":null,"job":null,"n":1,"x":0,"y":100}
[completion-event] {"processOrdinal":1,"v":1,"event":10,"begin":"14176395083","end":"14185726833","thread":126,"request":119,"reference":null,"job":null,"n":6,"x":1,"y":0}
[completion-event] {"processOrdinal":1,"v":1,"event":11,"begin":"14185726833","end":"14185736917","thread":126,"request":119,"reference":null,"job":null,"n":1,"x":0,"y":0}
[completion-event] {"processOrdinal":1,"v":1,"event":12,"begin":"14185736917","end":"14185738500","thread":126,"request":119,"reference":null,"job":null,"n":1,"x":0,"y":0}
[completion-event] {"processOrdinal":1,"v":1,"event":13,"begin":"14185738500","end":"14185741958","thread":126,"request":119,"reference":null,"job":null,"n":1,"x":0,"y":100}
[completion-event] {"processOrdinal":1,"v":1,"event":10,"begin":"14291791250","end":"14301249917","thread":127,"request":120,"reference":null,"job":null,"n":6,"x":1,"y":0}
[completion-event] {"processOrdinal":1,"v":1,"event":11,"begin":"14301249917","end":"14301258208","thread":127,"request":120,"reference":null,"job":null,"n":1,"x":0,"y":0}
[completion-event] {"processOrdinal":1,"v":1,"event":12,"begin":"14301258208","end":"14301259583","thread":127,"request":120,"reference":null,"job":null,"n":1,"x":0,"y":0}
[completion-event] {"processOrdinal":1,"v":1,"event":13,"begin":"14301259583","end":"14301262667","thread":127,"request":120,"reference":null,"job":null,"n":1,"x":0,"y":100}
[completion-event] {"processOrdinal":1,"v":1,"event":10,"begin":"14406170542","end":"14415638917","thread":128,"request":121,"reference":null,"job":null,"n":6,"x":1,"y":0}
[completion-event] {"processOrdinal":1,"v":1,"event":11,"begin":"14415638917","end":"14415647625","thread":128,"request":121,"reference":null,"job":null,"n":1,"x":0,"y":0}
[completion-event] {"processOrdinal":1,"v":1,"event":12,"begin":"14415647625","end":"14415649167","thread":128,"request":121,"reference":null,"job":null,"n":1,"x":0,"y":0}
[completion-event] {"processOrdinal":1,"v":1,"event":13,"begin":"14415649167","end":"14415652583","thread":128,"request":121,"reference":null,"job":null,"n":1,"x":0,"y":100}
[completion-event] {"processOrdinal":1,"v":1,"event":10,"begin":"14521347458","end":"14530868792","thread":129,"request":122,"reference":null,"job":null,"n":6,"x":1,"y":0}
[completion-event] {"processOrdinal":1,"v":1,"event":11,"begin":"14530868792","end":"14530879625","thread":129,"request":122,"reference":null,"job":null,"n":1,"x":0,"y":0}
[completion-event] {"processOrdinal":1,"v":1,"event":12,"begin":"14530879625","end":"14530880958","thread":129,"request":122,"reference":null,"job":null,"n":1,"x":0,"y":0}
[completion-event] {"processOrdinal":1,"v":1,"event":13,"begin":"14530880958","end":"14530884833","thread":129,"request":122,"reference":null,"job":null,"n":1,"x":0,"y":100}
[completion-event] {"processOrdinal":1,"v":1,"event":10,"begin":"14636227292","end":"14645611792","thread":130,"request":123,"reference":null,"job":null,"n":6,"x":1,"y":0}
[completion-event] {"processOrdinal":1,"v":1,"event":11,"begin":"14645611792","end":"14645623250","thread":130,"request":123,"reference":null,"job":null,"n":1,"x":0,"y":0}
[completion-event] {"processOrdinal":1,"v":1,"event":12,"begin":"14645623250","end":"14645625042","thread":130,"request":123,"reference":null,"job":null,"n":1,"x":0,"y":0}
[completion-event] {"processOrdinal":1,"v":1,"event":13,"begin":"14645625042","end":"14645628792","thread":130,"request":123,"reference":null,"job":null,"n":1,"x":0,"y":100}
[completion-event] {"processOrdinal":1,"v":1,"event":10,"begin":"14752353917","end":"14762183167","thread":131,"request":124,"reference":null,"job":null,"n":6,"x":1,"y":0}
[completion-event] {"processOrdinal":1,"v":1,"event":11,"begin":"14762183167","end":"14762196208","thread":131,"request":124,"reference":null,"job":null,"n":1,"x":0,"y":0}
[completion-event] {"processOrdinal":1,"v":1,"event":12,"begin":"14762196208","end":"14762197958","thread":131,"request":124,"reference":null,"job":null,"n":1,"x":0,"y":0}
[completion-event] {"processOrdinal":1,"v":1,"event":13,"begin":"14762197958","end":"14762201542","thread":131,"request":124,"reference":null,"job":null,"n":1,"x":0,"y":100}
[completion-event] {"processOrdinal":1,"v":1,"event":10,"begin":"14868571083","end":"14878370375","thread":132,"request":125,"reference":null,"job":null,"n":6,"x":1,"y":0}
[completion-event] {"processOrdinal":1,"v":1,"event":11,"begin":"14878370375","end":"14878381167","thread":132,"request":125,"reference":null,"job":null,"n":1,"x":0,"y":0}
[completion-event] {"processOrdinal":1,"v":1,"event":12,"begin":"14878381167","end":"14878382917","thread":132,"request":125,"reference":null,"job":null,"n":1,"x":0,"y":0}
[completion-event] {"processOrdinal":1,"v":1,"event":13,"begin":"14878382917","end":"14878386042","thread":132,"request":125,"reference":null,"job":null,"n":1,"x":0,"y":100}
[completion-event] {"processOrdinal":1,"v":1,"event":10,"begin":"14982017708","end":"14991408250","thread":133,"request":126,"reference":null,"job":null,"n":6,"x":1,"y":0}
[completion-event] {"processOrdinal":1,"v":1,"event":11,"begin":"14991408250","end":"14991418000","thread":133,"request":126,"reference":null,"job":null,"n":1,"x":0,"y":0}
[completion-event] {"processOrdinal":1,"v":1,"event":12,"begin":"14991418000","end":"14991419167","thread":133,"request":126,"reference":null,"job":null,"n":1,"x":0,"y":0}
[completion-event] {"processOrdinal":1,"v":1,"event":13,"begin":"14991419167","end":"14991422208","thread":133,"request":126,"reference":null,"job":null,"n":1,"x":0,"y":100}
[completion-event] {"processOrdinal":1,"v":1,"event":10,"begin":"15097631833","end":"15106880375","thread":134,"request":127,"reference":null,"job":null,"n":6,"x":1,"y":0}
[completion-event] {"processOrdinal":1,"v":1,"event":11,"begin":"15106880375","end":"15106890708","thread":134,"request":127,"reference":null,"job":null,"n":1,"x":0,"y":0}
[completion-event] {"processOrdinal":1,"v":1,"event":12,"begin":"15106890708","end":"15106892292","thread":134,"request":127,"reference":null,"job":null,"n":1,"x":0,"y":0}
[completion-event] {"processOrdinal":1,"v":1,"event":13,"begin":"15106892292","end":"15106895500","thread":134,"request":127,"reference":null,"job":null,"n":1,"x":0,"y":100}
[completion-event] {"processOrdinal":1,"v":1,"event":10,"begin":"15213031833","end":"15222723958","thread":135,"request":128,"reference":null,"job":null,"n":6,"x":1,"y":0}
[completion-event] {"processOrdinal":1,"v":1,"event":11,"begin":"15222723958","end":"15222734542","thread":135,"request":128,"reference":null,"job":null,"n":1,"x":0,"y":0}
[completion-event] {"processOrdinal":1,"v":1,"event":12,"begin":"15222734542","end":"15222736375","thread":135,"request":128,"reference":null,"job":null,"n":1,"x":0,"y":0}
[completion-event] {"processOrdinal":1,"v":1,"event":13,"begin":"15222736375","end":"15222739500","thread":135,"request":128,"reference":null,"job":null,"n":1,"x":0,"y":100}
[completion-event] {"processOrdinal":1,"v":1,"event":10,"begin":"15328319958","end":"15337809750","thread":136,"request":129,"reference":null,"job":null,"n":6,"x":1,"y":0}
[completion-event] {"processOrdinal":1,"v":1,"event":11,"begin":"15337809750","end":"15337821125","thread":136,"request":129,"reference":null,"job":null,"n":1,"x":0,"y":0}
[completion-event] {"processOrdinal":1,"v":1,"event":12,"begin":"15337821125","end":"15337823125","thread":136,"request":129,"reference":null,"job":null,"n":1,"x":0,"y":0}
[completion-event] {"processOrdinal":1,"v":1,"event":13,"begin":"15337823125","end":"15337827125","thread":136,"request":129,"reference":null,"job":null,"n":1,"x":0,"y":100}
[completion-event] {"processOrdinal":1,"v":1,"event":10,"begin":"15444339708","end":"15453764542","thread":137,"request":130,"reference":null,"job":null,"n":6,"x":1,"y":0}
[completion-event] {"processOrdinal":1,"v":1,"event":11,"begin":"15453764542","end":"15453773125","thread":137,"request":130,"reference":null,"job":null,"n":1,"x":0,"y":0}
[completion-event] {"processOrdinal":1,"v":1,"event":12,"begin":"15453773125","end":"15453774125","thread":137,"request":130,"reference":null,"job":null,"n":1,"x":0,"y":0}
[completion-event] {"processOrdinal":1,"v":1,"event":13,"begin":"15453774125","end":"15453777250","thread":137,"request":130,"reference":null,"job":null,"n":1,"x":0,"y":100}
[completion-event] {"processOrdinal":1,"v":1,"event":10,"begin":"15560480917","end":"15570118792","thread":138,"request":131,"reference":null,"job":null,"n":6,"x":1,"y":0}
[completion-event] {"processOrdinal":1,"v":1,"event":11,"begin":"15570118792","end":"15570128292","thread":138,"request":131,"reference":null,"job":null,"n":1,"x":0,"y":0}
[completion-event] {"processOrdinal":1,"v":1,"event":12,"begin":"15570128292","end":"15570129500","thread":138,"request":131,"reference":null,"job":null,"n":1,"x":0,"y":0}
[completion-event] {"processOrdinal":1,"v":1,"event":13,"begin":"15570129500","end":"15570132750","thread":138,"request":131,"reference":null,"job":null,"n":1,"x":0,"y":100}
[completion-event] {"processOrdinal":1,"v":1,"event":10,"begin":"15675618042","end":"15685906792","thread":139,"request":132,"reference":null,"job":null,"n":6,"x":1,"y":0}
[completion-event] {"processOrdinal":1,"v":1,"event":11,"begin":"15685906792","end":"15685918917","thread":139,"request":132,"reference":null,"job":null,"n":1,"x":0,"y":0}
[completion-event] {"processOrdinal":1,"v":1,"event":12,"begin":"15685918917","end":"15685920542","thread":139,"request":132,"reference":null,"job":null,"n":1,"x":0,"y":0}
[completion-event] {"processOrdinal":1,"v":1,"event":13,"begin":"15685920542","end":"15685924125","thread":139,"request":132,"reference":null,"job":null,"n":1,"x":0,"y":100}
[completion-event] {"processOrdinal":1,"v":1,"event":10,"begin":"15791731750","end":"15801305458","thread":140,"request":133,"reference":null,"job":null,"n":6,"x":1,"y":0}
[completion-event] {"processOrdinal":1,"v":1,"event":11,"begin":"15801305458","end":"15801314833","thread":140,"request":133,"reference":null,"job":null,"n":1,"x":0,"y":0}
[completion-event] {"processOrdinal":1,"v":1,"event":12,"begin":"15801314833","end":"15801316917","thread":140,"request":133,"reference":null,"job":null,"n":1,"x":0,"y":0}
[completion-event] {"processOrdinal":1,"v":1,"event":13,"begin":"15801316917","end":"15801320375","thread":140,"request":133,"reference":null,"job":null,"n":1,"x":0,"y":100}
[completion-event] {"processOrdinal":1,"v":1,"event":10,"begin":"15908008083","end":"15917256792","thread":141,"request":134,"reference":null,"job":null,"n":6,"x":1,"y":0}
[completion-event] {"processOrdinal":1,"v":1,"event":11,"begin":"15917256792","end":"15917266458","thread":141,"request":134,"reference":null,"job":null,"n":1,"x":0,"y":0}
[completion-event] {"processOrdinal":1,"v":1,"event":12,"begin":"15917266458","end":"15917268250","thread":141,"request":134,"reference":null,"job":null,"n":1,"x":0,"y":0}
[completion-event] {"processOrdinal":1,"v":1,"event":13,"begin":"15917268250","end":"15917271167","thread":141,"request":134,"reference":null,"job":null,"n":1,"x":0,"y":100}
[completion-event] {"processOrdinal":1,"v":1,"event":10,"begin":"16023566667","end":"16033400958","thread":142,"request":135,"reference":null,"job":null,"n":6,"x":1,"y":0}
[completion-event] {"processOrdinal":1,"v":1,"event":11,"begin":"16033400958","end":"16033409583","thread":142,"request":135,"reference":null,"job":null,"n":1,"x":0,"y":0}
[completion-event] {"processOrdinal":1,"v":1,"event":12,"begin":"16033409583","end":"16033410792","thread":142,"request":135,"reference":null,"job":null,"n":1,"x":0,"y":0}
[completion-event] {"processOrdinal":1,"v":1,"event":13,"begin":"16033410792","end":"16033414042","thread":142,"request":135,"reference":null,"job":null,"n":1,"x":0,"y":100}
[completion-event] {"processOrdinal":1,"v":1,"event":10,"begin":"16140076625","end":"16149508375","thread":143,"request":136,"reference":null,"job":null,"n":6,"x":1,"y":0}
[completion-event] {"processOrdinal":1,"v":1,"event":11,"begin":"16149508375","end":"16149520167","thread":143,"request":136,"reference":null,"job":null,"n":1,"x":0,"y":0}
[completion-event] {"processOrdinal":1,"v":1,"event":12,"begin":"16149520167","end":"16149521667","thread":143,"request":136,"reference":null,"job":null,"n":1,"x":0,"y":0}
[completion-event] {"processOrdinal":1,"v":1,"event":13,"begin":"16149521667","end":"16149525625","thread":143,"request":136,"reference":null,"job":null,"n":1,"x":0,"y":100}
[completion-event] {"processOrdinal":1,"v":1,"event":10,"begin":"16255817250","end":"16265475250","thread":144,"request":137,"reference":null,"job":null,"n":6,"x":1,"y":0}
[completion-event] {"processOrdinal":1,"v":1,"event":11,"begin":"16265475250","end":"16265486167","thread":144,"request":137,"reference":null,"job":null,"n":1,"x":0,"y":0}
[completion-event] {"processOrdinal":1,"v":1,"event":12,"begin":"16265486167","end":"16265487500","thread":144,"request":137,"reference":null,"job":null,"n":1,"x":0,"y":0}
[completion-event] {"processOrdinal":1,"v":1,"event":13,"begin":"16265487500","end":"16265490667","thread":144,"request":137,"reference":null,"job":null,"n":1,"x":0,"y":100}
[completion-event] {"processOrdinal":1,"v":1,"event":10,"begin":"16371874583","end":"16381396458","thread":145,"request":138,"reference":null,"job":null,"n":6,"x":1,"y":0}
[completion-event] {"processOrdinal":1,"v":1,"event":11,"begin":"16381396458","end":"16381409208","thread":145,"request":138,"reference":null,"job":null,"n":1,"x":0,"y":0}
[completion-event] {"processOrdinal":1,"v":1,"event":12,"begin":"16381409208","end":"16381410958","thread":145,"request":138,"reference":null,"job":null,"n":1,"x":0,"y":0}
[completion-event] {"processOrdinal":1,"v":1,"event":13,"begin":"16381410958","end":"16381414875","thread":145,"request":138,"reference":null,"job":null,"n":1,"x":0,"y":100}
[completion-event] {"processOrdinal":1,"v":1,"event":10,"begin":"16487527458","end":"16496992250","thread":146,"request":139,"reference":null,"job":null,"n":6,"x":1,"y":0}
[completion-event] {"processOrdinal":1,"v":1,"event":11,"begin":"16496992250","end":"16497002542","thread":146,"request":139,"reference":null,"job":null,"n":1,"x":0,"y":0}
[completion-event] {"processOrdinal":1,"v":1,"event":12,"begin":"16497002542","end":"16497003875","thread":146,"request":139,"reference":null,"job":null,"n":1,"x":0,"y":0}
[completion-event] {"processOrdinal":1,"v":1,"event":13,"begin":"16497003875","end":"16497007125","thread":146,"request":139,"reference":null,"job":null,"n":1,"x":0,"y":100}
[completion-event] {"processOrdinal":1,"v":1,"event":10,"begin":"16601139958","end":"16610601583","thread":147,"request":140,"reference":null,"job":null,"n":6,"x":1,"y":0}
[completion-event] {"processOrdinal":1,"v":1,"event":11,"begin":"16610601583","end":"16610611750","thread":147,"request":140,"reference":null,"job":null,"n":1,"x":0,"y":0}
[completion-event] {"processOrdinal":1,"v":1,"event":12,"begin":"16610611750","end":"16610613417","thread":147,"request":140,"reference":null,"job":null,"n":1,"x":0,"y":0}
[completion-event] {"processOrdinal":1,"v":1,"event":13,"begin":"16610613417","end":"16610617208","thread":147,"request":140,"reference":null,"job":null,"n":1,"x":0,"y":100}
[completion-event] {"processOrdinal":1,"v":1,"event":10,"begin":"16716810542","end":"16726108292","thread":148,"request":141,"reference":null,"job":null,"n":6,"x":1,"y":0}
[completion-event] {"processOrdinal":1,"v":1,"event":11,"begin":"16726108292","end":"16726117417","thread":148,"request":141,"reference":null,"job":null,"n":1,"x":0,"y":0}
[completion-event] {"processOrdinal":1,"v":1,"event":12,"begin":"16726117417","end":"16726119042","thread":148,"request":141,"reference":null,"job":null,"n":1,"x":0,"y":0}
[completion-event] {"processOrdinal":1,"v":1,"event":13,"begin":"16726119042","end":"16726122750","thread":148,"request":141,"reference":null,"job":null,"n":1,"x":0,"y":100}
[completion-event] {"processOrdinal":1,"v":1,"event":10,"begin":"16829809583","end":"16838997375","thread":149,"request":142,"reference":null,"job":null,"n":6,"x":1,"y":0}
[completion-event] {"processOrdinal":1,"v":1,"event":11,"begin":"16838997375","end":"16839007042","thread":149,"request":142,"reference":null,"job":null,"n":1,"x":0,"y":0}
[completion-event] {"processOrdinal":1,"v":1,"event":12,"begin":"16839007042","end":"16839008542","thread":149,"request":142,"reference":null,"job":null,"n":1,"x":0,"y":0}
[completion-event] {"processOrdinal":1,"v":1,"event":13,"begin":"16839008542","end":"16839012625","thread":149,"request":142,"reference":null,"job":null,"n":1,"x":0,"y":100}
[completion-event] {"processOrdinal":1,"v":1,"event":10,"begin":"16944965458","end":"16954303208","thread":150,"request":143,"reference":null,"job":null,"n":6,"x":1,"y":0}
[completion-event] {"processOrdinal":1,"v":1,"event":11,"begin":"16954303208","end":"16954313667","thread":150,"request":143,"reference":null,"job":null,"n":1,"x":0,"y":0}
[completion-event] {"processOrdinal":1,"v":1,"event":12,"begin":"16954313667","end":"16954315292","thread":150,"request":143,"reference":null,"job":null,"n":1,"x":0,"y":0}
[completion-event] {"processOrdinal":1,"v":1,"event":13,"begin":"16954315292","end":"16954319333","thread":150,"request":143,"reference":null,"job":null,"n":1,"x":0,"y":100}
[completion-event] {"processOrdinal":1,"v":1,"event":10,"begin":"17059579250","end":"17069238208","thread":151,"request":144,"reference":null,"job":null,"n":6,"x":1,"y":0}
[completion-event] {"processOrdinal":1,"v":1,"event":11,"begin":"17069238208","end":"17069246792","thread":151,"request":144,"reference":null,"job":null,"n":1,"x":0,"y":0}
[completion-event] {"processOrdinal":1,"v":1,"event":12,"begin":"17069246792","end":"17069248250","thread":151,"request":144,"reference":null,"job":null,"n":1,"x":0,"y":0}
[completion-event] {"processOrdinal":1,"v":1,"event":13,"begin":"17069248250","end":"17069251458","thread":151,"request":144,"reference":null,"job":null,"n":1,"x":0,"y":100}
[completion-event] {"processOrdinal":1,"v":1,"event":10,"begin":"17175801917","end":"17185552125","thread":152,"request":145,"reference":null,"job":null,"n":6,"x":1,"y":0}
[completion-event] {"processOrdinal":1,"v":1,"event":11,"begin":"17185552125","end":"17185564417","thread":152,"request":145,"reference":null,"job":null,"n":1,"x":0,"y":0}
[completion-event] {"processOrdinal":1,"v":1,"event":12,"begin":"17185564417","end":"17185566458","thread":152,"request":145,"reference":null,"job":null,"n":1,"x":0,"y":0}
[completion-event] {"processOrdinal":1,"v":1,"event":13,"begin":"17185566458","end":"17185570542","thread":152,"request":145,"reference":null,"job":null,"n":1,"x":0,"y":100}
[completion-event] {"processOrdinal":1,"v":1,"event":10,"begin":"17291779167","end":"17301310042","thread":153,"request":146,"reference":null,"job":null,"n":6,"x":1,"y":0}
[completion-event] {"processOrdinal":1,"v":1,"event":11,"begin":"17301310042","end":"17301319083","thread":153,"request":146,"reference":null,"job":null,"n":1,"x":0,"y":0}
[completion-event] {"processOrdinal":1,"v":1,"event":12,"begin":"17301319083","end":"17301320792","thread":153,"request":146,"reference":null,"job":null,"n":1,"x":0,"y":0}
[completion-event] {"processOrdinal":1,"v":1,"event":13,"begin":"17301320792","end":"17301324250","thread":153,"request":146,"reference":null,"job":null,"n":1,"x":0,"y":100}
[completion-event] {"processOrdinal":1,"v":1,"event":10,"begin":"17407350125","end":"17416942708","thread":154,"request":147,"reference":null,"job":null,"n":6,"x":1,"y":0}
[completion-event] {"processOrdinal":1,"v":1,"event":11,"begin":"17416942708","end":"17416969417","thread":154,"request":147,"reference":null,"job":null,"n":1,"x":0,"y":0}
[completion-event] {"processOrdinal":1,"v":1,"event":12,"begin":"17416969417","end":"17416972958","thread":154,"request":147,"reference":null,"job":null,"n":1,"x":0,"y":0}
[completion-event] {"processOrdinal":1,"v":1,"event":13,"begin":"17416972958","end":"17416977458","thread":154,"request":147,"reference":null,"job":null,"n":1,"x":0,"y":100}
[completion-event] {"processOrdinal":1,"v":1,"event":10,"begin":"17522219458","end":"17531693292","thread":155,"request":148,"reference":null,"job":null,"n":6,"x":1,"y":0}
[completion-event] {"processOrdinal":1,"v":1,"event":11,"begin":"17531693292","end":"17531704542","thread":155,"request":148,"reference":null,"job":null,"n":1,"x":0,"y":0}
[completion-event] {"processOrdinal":1,"v":1,"event":12,"begin":"17531704542","end":"17531706375","thread":155,"request":148,"reference":null,"job":null,"n":1,"x":0,"y":0}
[completion-event] {"processOrdinal":1,"v":1,"event":13,"begin":"17531706375","end":"17531710042","thread":155,"request":148,"reference":null,"job":null,"n":1,"x":0,"y":100}
[completion-event] {"processOrdinal":1,"v":1,"event":10,"begin":"17637409292","end":"17646753042","thread":156,"request":149,"reference":null,"job":null,"n":6,"x":1,"y":0}
[completion-event] {"processOrdinal":1,"v":1,"event":11,"begin":"17646753042","end":"17646762708","thread":156,"request":149,"reference":null,"job":null,"n":1,"x":0,"y":0}
[completion-event] {"processOrdinal":1,"v":1,"event":12,"begin":"17646762708","end":"17646764167","thread":156,"request":149,"reference":null,"job":null,"n":1,"x":0,"y":0}
[completion-event] {"processOrdinal":1,"v":1,"event":13,"begin":"17646764167","end":"17646767125","thread":156,"request":149,"reference":null,"job":null,"n":1,"x":0,"y":100}
[completion-event] {"processOrdinal":1,"v":1,"event":10,"begin":"17752752583","end":"17762128125","thread":157,"request":150,"reference":null,"job":null,"n":6,"x":1,"y":0}
[completion-event] {"processOrdinal":1,"v":1,"event":11,"begin":"17762128125","end":"17762137958","thread":157,"request":150,"reference":null,"job":null,"n":1,"x":0,"y":0}
[completion-event] {"processOrdinal":1,"v":1,"event":12,"begin":"17762137958","end":"17762139625","thread":157,"request":150,"reference":null,"job":null,"n":1,"x":0,"y":0}
[completion-event] {"processOrdinal":1,"v":1,"event":13,"begin":"17762139625","end":"17762142833","thread":157,"request":150,"reference":null,"job":null,"n":1,"x":0,"y":100}
[completion-event] {"processOrdinal":1,"v":1,"event":10,"begin":"17867735583","end":"17877192583","thread":158,"request":151,"reference":null,"job":null,"n":6,"x":1,"y":0}
[completion-event] {"processOrdinal":1,"v":1,"event":11,"begin":"17877192583","end":"17877202708","thread":158,"request":151,"reference":null,"job":null,"n":1,"x":0,"y":0}
[completion-event] {"processOrdinal":1,"v":1,"event":12,"begin":"17877202708","end":"17877204292","thread":158,"request":151,"reference":null,"job":null,"n":1,"x":0,"y":0}
[completion-event] {"processOrdinal":1,"v":1,"event":13,"begin":"17877204292","end":"17877207500","thread":158,"request":151,"reference":null,"job":null,"n":1,"x":0,"y":100}
[completion-event] {"processOrdinal":1,"v":1,"event":10,"begin":"17983034375","end":"17992791958","thread":159,"request":152,"reference":null,"job":null,"n":6,"x":1,"y":0}
[completion-event] {"processOrdinal":1,"v":1,"event":11,"begin":"17992791958","end":"17992802583","thread":159,"request":152,"reference":null,"job":null,"n":1,"x":0,"y":0}
[completion-event] {"processOrdinal":1,"v":1,"event":12,"begin":"17992802583","end":"17992804958","thread":159,"request":152,"reference":null,"job":null,"n":1,"x":0,"y":0}
[completion-event] {"processOrdinal":1,"v":1,"event":13,"begin":"17992804958","end":"17992808333","thread":159,"request":152,"reference":null,"job":null,"n":1,"x":0,"y":100}
[completion-event] {"processOrdinal":1,"v":1,"event":10,"begin":"18098141000","end":"18107741375","thread":160,"request":153,"reference":null,"job":null,"n":6,"x":1,"y":0}
[completion-event] {"processOrdinal":1,"v":1,"event":11,"begin":"18107741375","end":"18107751125","thread":160,"request":153,"reference":null,"job":null,"n":1,"x":0,"y":0}
[completion-event] {"processOrdinal":1,"v":1,"event":12,"begin":"18107751125","end":"18107752667","thread":160,"request":153,"reference":null,"job":null,"n":1,"x":0,"y":0}
[completion-event] {"processOrdinal":1,"v":1,"event":13,"begin":"18107752667","end":"18107756417","thread":160,"request":153,"reference":null,"job":null,"n":1,"x":0,"y":100}
[completion-event] {"processOrdinal":1,"v":1,"event":10,"begin":"18212432375","end":"18233794708","thread":161,"request":154,"reference":null,"job":null,"n":8,"x":2,"y":0}
[completion-event] {"processOrdinal":1,"v":1,"event":11,"begin":"18233794708","end":"18233809500","thread":161,"request":154,"reference":null,"job":null,"n":2,"x":0,"y":0}
[completion-event] {"processOrdinal":1,"v":1,"event":12,"begin":"18233809500","end":"18233811292","thread":161,"request":154,"reference":null,"job":null,"n":2,"x":0,"y":0}
[completion-event] {"processOrdinal":1,"v":1,"event":13,"begin":"18233811292","end":"18233815750","thread":161,"request":154,"reference":null,"job":null,"n":2,"x":0,"y":100}
[completion-event] {"processOrdinal":1,"v":1,"event":10,"begin":"18341343958","end":"18362588833","thread":162,"request":155,"reference":null,"job":null,"n":8,"x":2,"y":0}
[completion-event] {"processOrdinal":1,"v":1,"event":11,"begin":"18362588833","end":"18362600667","thread":162,"request":155,"reference":null,"job":null,"n":2,"x":0,"y":0}
[completion-event] {"processOrdinal":1,"v":1,"event":12,"begin":"18362600667","end":"18362602583","thread":162,"request":155,"reference":null,"job":null,"n":2,"x":0,"y":0}
[completion-event] {"processOrdinal":1,"v":1,"event":13,"begin":"18362602583","end":"18362606542","thread":162,"request":155,"reference":null,"job":null,"n":2,"x":0,"y":100}
[completion-event] {"processOrdinal":1,"v":1,"event":2,"begin":"18417798167","end":"18417798167","thread":89,"request":0,"reference":"f5e406e393dfbe69a3fa17e0c32f1109489e9e42d158bdb1d201c0a04902bb5e","job":"16b6c3d742d430afeee4eb66ad59b8a96d7027ea606ca848f411873027895fcb","n":0,"x":0,"y":0}
[completion-event] {"processOrdinal":1,"v":1,"event":3,"begin":"18417816625","end":"18417816625","thread":163,"request":0,"reference":"f5e406e393dfbe69a3fa17e0c32f1109489e9e42d158bdb1d201c0a04902bb5e","job":"16b6c3d742d430afeee4eb66ad59b8a96d7027ea606ca848f411873027895fcb","n":0,"x":0,"y":0}
[completion-event] {"processOrdinal":1,"v":1,"event":4,"begin":"18814298333","end":"18814298333","thread":163,"request":0,"reference":"f5e406e393dfbe69a3fa17e0c32f1109489e9e42d158bdb1d201c0a04902bb5e","job":"16b6c3d742d430afeee4eb66ad59b8a96d7027ea606ca848f411873027895fcb","n":0,"x":0,"y":0}
[completion-event] {"processOrdinal":1,"v":1,"event":2,"begin":"18814360000","end":"18814360000","thread":89,"request":0,"reference":"e313c69e552af4fc24fe7f75a865ea1d208c197e76481ff01653c9a05ea08f5d","job":"7d9d61582f291978ebdaa75bb6c892ccf6216b43b9ec27c662331004b2b3998c","n":0,"x":0,"y":0}
[completion-event] {"processOrdinal":1,"v":1,"event":10,"begin":"18472490125","end":"18829339042","thread":164,"request":156,"reference":null,"job":null,"n":8,"x":2,"y":0}
[completion-event] {"processOrdinal":1,"v":1,"event":11,"begin":"18829339042","end":"18829350917","thread":164,"request":156,"reference":null,"job":null,"n":2,"x":0,"y":0}
[completion-event] {"processOrdinal":1,"v":1,"event":12,"begin":"18829350917","end":"18829352792","thread":164,"request":156,"reference":null,"job":null,"n":2,"x":0,"y":0}
[completion-event] {"processOrdinal":1,"v":1,"event":13,"begin":"18829352792","end":"18829356292","thread":164,"request":156,"reference":null,"job":null,"n":2,"x":0,"y":100}
[completion-event] {"processOrdinal":1,"v":1,"event":2,"begin":"19121529292","end":"19121529292","thread":89,"request":0,"reference":"e1b523bd3119fdf51ba89ddb4898f73da809824bb891a4ec0cd6ef661ddefe2a","job":"c1056ea8129a0cb7abdbcce6d6a4054215297e954d098d8c77dd705cdf441a1a","n":0,"x":0,"y":0}
[completion-event] {"processOrdinal":1,"v":1,"event":10,"begin":"18971971875","end":"19137301833","thread":165,"request":157,"reference":null,"job":null,"n":8,"x":2,"y":0}
[completion-event] {"processOrdinal":1,"v":1,"event":11,"begin":"19137301833","end":"19137313875","thread":165,"request":157,"reference":null,"job":null,"n":2,"x":0,"y":0}
[completion-event] {"processOrdinal":1,"v":1,"event":12,"begin":"19137313875","end":"19137315792","thread":165,"request":157,"reference":null,"job":null,"n":2,"x":0,"y":0}
[completion-event] {"processOrdinal":1,"v":1,"event":13,"begin":"19137315792","end":"19137319542","thread":165,"request":157,"reference":null,"job":null,"n":2,"x":0,"y":100}
[completion-event] {"processOrdinal":1,"v":1,"event":10,"begin":"19244514958","end":"19264822000","thread":166,"request":158,"reference":null,"job":null,"n":8,"x":2,"y":0}
[completion-event] {"processOrdinal":1,"v":1,"event":11,"begin":"19264822000","end":"19264834167","thread":166,"request":158,"reference":null,"job":null,"n":2,"x":0,"y":0}
[completion-event] {"processOrdinal":1,"v":1,"event":12,"begin":"19264834167","end":"19264836208","thread":166,"request":158,"reference":null,"job":null,"n":2,"x":0,"y":0}
[completion-event] {"processOrdinal":1,"v":1,"event":13,"begin":"19264836208","end":"19264840292","thread":166,"request":158,"reference":null,"job":null,"n":2,"x":0,"y":100}
[completion-event] {"processOrdinal":1,"v":1,"event":2,"begin":"19372010042","end":"19372010042","thread":89,"request":0,"reference":"8edfdfc6160022120daf36638a86974163c4dc73069cf80f83903797cbea7b87","job":"dddaf06fcf978e03fc4f5fea85804cb703f61ac150caf1ca7299a290e2fa072c","n":0,"x":0,"y":0}
[completion-event] {"processOrdinal":1,"v":1,"event":10,"begin":"19372935583","end":"19393634500","thread":167,"request":159,"reference":null,"job":null,"n":8,"x":2,"y":0}
[completion-event] {"processOrdinal":1,"v":1,"event":11,"begin":"19393634500","end":"19393648333","thread":167,"request":159,"reference":null,"job":null,"n":2,"x":0,"y":0}
[completion-event] {"processOrdinal":1,"v":1,"event":12,"begin":"19393648333","end":"19393650125","thread":167,"request":159,"reference":null,"job":null,"n":2,"x":0,"y":0}
[completion-event] {"processOrdinal":1,"v":1,"event":13,"begin":"19393650125","end":"19393653958","thread":167,"request":159,"reference":null,"job":null,"n":2,"x":0,"y":100}
[completion-event] {"processOrdinal":1,"v":1,"event":10,"begin":"19501279958","end":"19521638792","thread":168,"request":160,"reference":null,"job":null,"n":8,"x":2,"y":0}
[completion-event] {"processOrdinal":1,"v":1,"event":11,"begin":"19521638792","end":"19521652875","thread":168,"request":160,"reference":null,"job":null,"n":2,"x":0,"y":0}
[completion-event] {"processOrdinal":1,"v":1,"event":12,"begin":"19521652875","end":"19521654667","thread":168,"request":160,"reference":null,"job":null,"n":2,"x":0,"y":0}
[completion-event] {"processOrdinal":1,"v":1,"event":13,"begin":"19521654667","end":"19521658375","thread":168,"request":160,"reference":null,"job":null,"n":2,"x":0,"y":100}
[completion-event] {"processOrdinal":1,"v":1,"event":10,"begin":"19627752708","end":"19649413250","thread":169,"request":161,"reference":null,"job":null,"n":8,"x":2,"y":0}
[completion-event] {"processOrdinal":1,"v":1,"event":11,"begin":"19649413250","end":"19649427542","thread":169,"request":161,"reference":null,"job":null,"n":2,"x":0,"y":0}
[completion-event] {"processOrdinal":1,"v":1,"event":12,"begin":"19649427542","end":"19649429458","thread":169,"request":161,"reference":null,"job":null,"n":2,"x":0,"y":0}
[completion-event] {"processOrdinal":1,"v":1,"event":13,"begin":"19649429458","end":"19649433417","thread":169,"request":161,"reference":null,"job":null,"n":2,"x":0,"y":100}
[completion-event] {"processOrdinal":1,"v":1,"event":10,"begin":"19756821792","end":"19777307583","thread":170,"request":162,"reference":null,"job":null,"n":8,"x":2,"y":0}
[completion-event] {"processOrdinal":1,"v":1,"event":11,"begin":"19777307583","end":"19777322042","thread":170,"request":162,"reference":null,"job":null,"n":2,"x":0,"y":0}
[completion-event] {"processOrdinal":1,"v":1,"event":12,"begin":"19777322042","end":"19777323750","thread":170,"request":162,"reference":null,"job":null,"n":2,"x":0,"y":0}
[completion-event] {"processOrdinal":1,"v":1,"event":13,"begin":"19777323750","end":"19777327375","thread":170,"request":162,"reference":null,"job":null,"n":2,"x":0,"y":100}
[completion-event] {"processOrdinal":1,"v":1,"event":10,"begin":"19885395375","end":"19906518208","thread":171,"request":163,"reference":null,"job":null,"n":8,"x":2,"y":0}
[completion-event] {"processOrdinal":1,"v":1,"event":11,"begin":"19906518208","end":"19906533208","thread":171,"request":163,"reference":null,"job":null,"n":2,"x":0,"y":0}
[completion-event] {"processOrdinal":1,"v":1,"event":12,"begin":"19906533208","end":"19906535042","thread":171,"request":163,"reference":null,"job":null,"n":2,"x":0,"y":0}
[completion-event] {"processOrdinal":1,"v":1,"event":13,"begin":"19906535042","end":"19906539292","thread":171,"request":163,"reference":null,"job":null,"n":2,"x":0,"y":100}
[completion-event] {"processOrdinal":1,"v":1,"event":10,"begin":"20014869750","end":"20036011792","thread":172,"request":164,"reference":null,"job":null,"n":8,"x":2,"y":0}
[completion-event] {"processOrdinal":1,"v":1,"event":11,"begin":"20036011792","end":"20036024208","thread":172,"request":164,"reference":null,"job":null,"n":2,"x":0,"y":0}
[completion-event] {"processOrdinal":1,"v":1,"event":12,"begin":"20036024208","end":"20036025833","thread":172,"request":164,"reference":null,"job":null,"n":2,"x":0,"y":0}
[completion-event] {"processOrdinal":1,"v":1,"event":13,"begin":"20036025833","end":"20036030417","thread":172,"request":164,"reference":null,"job":null,"n":2,"x":0,"y":100}
[completion-event] {"processOrdinal":1,"v":1,"event":10,"begin":"20144837583","end":"20165878917","thread":173,"request":165,"reference":null,"job":null,"n":8,"x":2,"y":0}
[completion-event] {"processOrdinal":1,"v":1,"event":11,"begin":"20165878917","end":"20165892042","thread":173,"request":165,"reference":null,"job":null,"n":2,"x":0,"y":0}
[completion-event] {"processOrdinal":1,"v":1,"event":12,"begin":"20165892042","end":"20165893750","thread":173,"request":165,"reference":null,"job":null,"n":2,"x":0,"y":0}
[completion-event] {"processOrdinal":1,"v":1,"event":13,"begin":"20165893750","end":"20165898083","thread":173,"request":165,"reference":null,"job":null,"n":2,"x":0,"y":100}
[completion-event] {"processOrdinal":1,"v":1,"event":10,"begin":"20273713708","end":"20294718792","thread":174,"request":166,"reference":null,"job":null,"n":8,"x":2,"y":0}
[completion-event] {"processOrdinal":1,"v":1,"event":11,"begin":"20294718792","end":"20294731667","thread":174,"request":166,"reference":null,"job":null,"n":2,"x":0,"y":0}
[completion-event] {"processOrdinal":1,"v":1,"event":12,"begin":"20294731667","end":"20294733625","thread":174,"request":166,"reference":null,"job":null,"n":2,"x":0,"y":0}
[completion-event] {"processOrdinal":1,"v":1,"event":13,"begin":"20294733625","end":"20294737625","thread":174,"request":166,"reference":null,"job":null,"n":2,"x":0,"y":100}
[completion-event] {"processOrdinal":1,"v":1,"event":10,"begin":"20402063000","end":"20423465750","thread":175,"request":167,"reference":null,"job":null,"n":8,"x":2,"y":0}
[completion-event] {"processOrdinal":1,"v":1,"event":11,"begin":"20423465750","end":"20423482042","thread":175,"request":167,"reference":null,"job":null,"n":2,"x":0,"y":0}
[completion-event] {"processOrdinal":1,"v":1,"event":12,"begin":"20423482042","end":"20423483542","thread":175,"request":167,"reference":null,"job":null,"n":2,"x":0,"y":0}
[completion-event] {"processOrdinal":1,"v":1,"event":13,"begin":"20423483542","end":"20423487583","thread":175,"request":167,"reference":null,"job":null,"n":2,"x":0,"y":100}
[completion-event] {"processOrdinal":1,"v":1,"event":10,"begin":"20531288708","end":"20551966333","thread":176,"request":168,"reference":null,"job":null,"n":8,"x":2,"y":0}
[completion-event] {"processOrdinal":1,"v":1,"event":11,"begin":"20551966333","end":"20551981208","thread":176,"request":168,"reference":null,"job":null,"n":2,"x":0,"y":0}
[completion-event] {"processOrdinal":1,"v":1,"event":12,"begin":"20551981208","end":"20551982833","thread":176,"request":168,"reference":null,"job":null,"n":2,"x":0,"y":0}
[completion-event] {"processOrdinal":1,"v":1,"event":13,"begin":"20551982833","end":"20551987083","thread":176,"request":168,"reference":null,"job":null,"n":2,"x":0,"y":100}
[completion-event] {"processOrdinal":1,"v":1,"event":10,"begin":"20657611375","end":"20678824083","thread":177,"request":169,"reference":null,"job":null,"n":8,"x":2,"y":0}
[completion-event] {"processOrdinal":1,"v":1,"event":11,"begin":"20678824083","end":"20678837167","thread":177,"request":169,"reference":null,"job":null,"n":2,"x":0,"y":0}
[completion-event] {"processOrdinal":1,"v":1,"event":12,"begin":"20678837167","end":"20678838792","thread":177,"request":169,"reference":null,"job":null,"n":2,"x":0,"y":0}
[completion-event] {"processOrdinal":1,"v":1,"event":13,"begin":"20678838792","end":"20678842958","thread":177,"request":169,"reference":null,"job":null,"n":2,"x":0,"y":100}
[completion-event] {"processOrdinal":1,"v":1,"event":10,"begin":"20786799875","end":"20807623750","thread":178,"request":170,"reference":null,"job":null,"n":8,"x":2,"y":0}
[completion-event] {"processOrdinal":1,"v":1,"event":11,"begin":"20807623750","end":"20807639250","thread":178,"request":170,"reference":null,"job":null,"n":2,"x":0,"y":0}
[completion-event] {"processOrdinal":1,"v":1,"event":12,"begin":"20807639250","end":"20807641417","thread":178,"request":170,"reference":null,"job":null,"n":2,"x":0,"y":0}
[completion-event] {"processOrdinal":1,"v":1,"event":13,"begin":"20807641417","end":"20807646000","thread":178,"request":170,"reference":null,"job":null,"n":2,"x":0,"y":100}
[completion-event] {"processOrdinal":1,"v":1,"event":10,"begin":"20914852042","end":"20936370875","thread":179,"request":171,"reference":null,"job":null,"n":8,"x":2,"y":0}
[completion-event] {"processOrdinal":1,"v":1,"event":11,"begin":"20936370875","end":"20936384042","thread":179,"request":171,"reference":null,"job":null,"n":2,"x":0,"y":0}
[completion-event] {"processOrdinal":1,"v":1,"event":12,"begin":"20936384042","end":"20936386000","thread":179,"request":171,"reference":null,"job":null,"n":2,"x":0,"y":0}
[completion-event] {"processOrdinal":1,"v":1,"event":13,"begin":"20936386000","end":"20936390000","thread":179,"request":171,"reference":null,"job":null,"n":2,"x":0,"y":100}
[completion-event] {"processOrdinal":1,"v":1,"event":10,"begin":"21044374167","end":"21064840500","thread":180,"request":172,"reference":null,"job":null,"n":8,"x":2,"y":0}
[completion-event] {"processOrdinal":1,"v":1,"event":11,"begin":"21064840500","end":"21064855458","thread":180,"request":172,"reference":null,"job":null,"n":2,"x":0,"y":0}
[completion-event] {"processOrdinal":1,"v":1,"event":12,"begin":"21064855458","end":"21064857542","thread":180,"request":172,"reference":null,"job":null,"n":2,"x":0,"y":0}
[completion-event] {"processOrdinal":1,"v":1,"event":13,"begin":"21064857542","end":"21064861750","thread":180,"request":172,"reference":null,"job":null,"n":2,"x":0,"y":100}
[completion-event] {"processOrdinal":1,"v":1,"event":10,"begin":"21171019208","end":"21192233792","thread":181,"request":173,"reference":null,"job":null,"n":8,"x":2,"y":0}
[completion-event] {"processOrdinal":1,"v":1,"event":11,"begin":"21192233792","end":"21192249833","thread":181,"request":173,"reference":null,"job":null,"n":2,"x":0,"y":0}
[completion-event] {"processOrdinal":1,"v":1,"event":12,"begin":"21192249833","end":"21192255917","thread":181,"request":173,"reference":null,"job":null,"n":2,"x":0,"y":0}
[completion-event] {"processOrdinal":1,"v":1,"event":13,"begin":"21192255917","end":"21192261125","thread":181,"request":173,"reference":null,"job":null,"n":2,"x":0,"y":100}
[completion-event] {"processOrdinal":1,"v":1,"event":10,"begin":"21299415125","end":"21320162292","thread":182,"request":174,"reference":null,"job":null,"n":8,"x":2,"y":0}
[completion-event] {"processOrdinal":1,"v":1,"event":11,"begin":"21320162292","end":"21320176250","thread":182,"request":174,"reference":null,"job":null,"n":2,"x":0,"y":0}
[completion-event] {"processOrdinal":1,"v":1,"event":12,"begin":"21320176250","end":"21320177792","thread":182,"request":174,"reference":null,"job":null,"n":2,"x":0,"y":0}
[completion-event] {"processOrdinal":1,"v":1,"event":13,"begin":"21320177792","end":"21320182458","thread":182,"request":174,"reference":null,"job":null,"n":2,"x":0,"y":100}
[completion-event] {"processOrdinal":1,"v":1,"event":10,"begin":"21426832042","end":"21447296542","thread":183,"request":175,"reference":null,"job":null,"n":8,"x":2,"y":0}
[completion-event] {"processOrdinal":1,"v":1,"event":11,"begin":"21447296542","end":"21447310958","thread":183,"request":175,"reference":null,"job":null,"n":2,"x":0,"y":0}
[completion-event] {"processOrdinal":1,"v":1,"event":12,"begin":"21447310958","end":"21447312667","thread":183,"request":175,"reference":null,"job":null,"n":2,"x":0,"y":0}
[completion-event] {"processOrdinal":1,"v":1,"event":13,"begin":"21447312667","end":"21447316875","thread":183,"request":175,"reference":null,"job":null,"n":2,"x":0,"y":100}
[completion-event] {"processOrdinal":1,"v":1,"event":10,"begin":"21555012708","end":"21575221875","thread":184,"request":176,"reference":null,"job":null,"n":8,"x":2,"y":0}
[completion-event] {"processOrdinal":1,"v":1,"event":11,"begin":"21575221875","end":"21575235250","thread":184,"request":176,"reference":null,"job":null,"n":2,"x":0,"y":0}
[completion-event] {"processOrdinal":1,"v":1,"event":12,"begin":"21575235250","end":"21575236833","thread":184,"request":176,"reference":null,"job":null,"n":2,"x":0,"y":0}
[completion-event] {"processOrdinal":1,"v":1,"event":13,"begin":"21575236833","end":"21575240750","thread":184,"request":176,"reference":null,"job":null,"n":2,"x":0,"y":100}
[completion-event] {"processOrdinal":1,"v":1,"event":10,"begin":"21683598625","end":"21703982875","thread":185,"request":177,"reference":null,"job":null,"n":8,"x":2,"y":0}
[completion-event] {"processOrdinal":1,"v":1,"event":11,"begin":"21703982875","end":"21703997083","thread":185,"request":177,"reference":null,"job":null,"n":2,"x":0,"y":0}
[completion-event] {"processOrdinal":1,"v":1,"event":12,"begin":"21703997083","end":"21703999292","thread":185,"request":177,"reference":null,"job":null,"n":2,"x":0,"y":0}
[completion-event] {"processOrdinal":1,"v":1,"event":13,"begin":"21703999292","end":"21704003708","thread":185,"request":177,"reference":null,"job":null,"n":2,"x":0,"y":100}
[completion-event] {"processOrdinal":1,"v":1,"event":10,"begin":"21811812625","end":"21832030875","thread":186,"request":178,"reference":null,"job":null,"n":8,"x":2,"y":0}
[completion-event] {"processOrdinal":1,"v":1,"event":11,"begin":"21832030875","end":"21832044833","thread":186,"request":178,"reference":null,"job":null,"n":2,"x":0,"y":0}
[completion-event] {"processOrdinal":1,"v":1,"event":12,"begin":"21832044833","end":"21832046792","thread":186,"request":178,"reference":null,"job":null,"n":2,"x":0,"y":0}
[completion-event] {"processOrdinal":1,"v":1,"event":13,"begin":"21832046792","end":"21832050917","thread":186,"request":178,"reference":null,"job":null,"n":2,"x":0,"y":100}
[completion-event] {"processOrdinal":1,"v":1,"event":10,"begin":"21938775333","end":"21959403125","thread":187,"request":179,"reference":null,"job":null,"n":8,"x":2,"y":0}
[completion-event] {"processOrdinal":1,"v":1,"event":11,"begin":"21959403125","end":"21959415417","thread":187,"request":179,"reference":null,"job":null,"n":2,"x":0,"y":0}
[completion-event] {"processOrdinal":1,"v":1,"event":12,"begin":"21959415417","end":"21959417208","thread":187,"request":179,"reference":null,"job":null,"n":2,"x":0,"y":0}
[completion-event] {"processOrdinal":1,"v":1,"event":13,"begin":"21959417208","end":"21959421167","thread":187,"request":179,"reference":null,"job":null,"n":2,"x":0,"y":100}
[completion-event] {"processOrdinal":1,"v":1,"event":10,"begin":"22067534667","end":"22088226625","thread":188,"request":180,"reference":null,"job":null,"n":8,"x":2,"y":0}
[completion-event] {"processOrdinal":1,"v":1,"event":11,"begin":"22088226625","end":"22088243250","thread":188,"request":180,"reference":null,"job":null,"n":2,"x":0,"y":0}
[completion-event] {"processOrdinal":1,"v":1,"event":12,"begin":"22088243250","end":"22088245167","thread":188,"request":180,"reference":null,"job":null,"n":2,"x":0,"y":0}
[completion-event] {"processOrdinal":1,"v":1,"event":13,"begin":"22088245167","end":"22088249417","thread":188,"request":180,"reference":null,"job":null,"n":2,"x":0,"y":100}
[completion-event] {"processOrdinal":1,"v":1,"event":10,"begin":"22197015667","end":"22217463458","thread":189,"request":181,"reference":null,"job":null,"n":8,"x":2,"y":0}
[completion-event] {"processOrdinal":1,"v":1,"event":11,"begin":"22217463458","end":"22217477750","thread":189,"request":181,"reference":null,"job":null,"n":2,"x":0,"y":0}
[completion-event] {"processOrdinal":1,"v":1,"event":12,"begin":"22217477750","end":"22217479875","thread":189,"request":181,"reference":null,"job":null,"n":2,"x":0,"y":0}
[completion-event] {"processOrdinal":1,"v":1,"event":13,"begin":"22217479875","end":"22217483917","thread":189,"request":181,"reference":null,"job":null,"n":2,"x":0,"y":100}
[completion-event] {"processOrdinal":1,"v":1,"event":10,"begin":"22324981708","end":"22344930792","thread":190,"request":182,"reference":null,"job":null,"n":8,"x":2,"y":0}
[completion-event] {"processOrdinal":1,"v":1,"event":11,"begin":"22344930792","end":"22344944833","thread":190,"request":182,"reference":null,"job":null,"n":2,"x":0,"y":0}
[completion-event] {"processOrdinal":1,"v":1,"event":12,"begin":"22344944833","end":"22344946833","thread":190,"request":182,"reference":null,"job":null,"n":2,"x":0,"y":0}
[completion-event] {"processOrdinal":1,"v":1,"event":13,"begin":"22344946833","end":"22344950917","thread":190,"request":182,"reference":null,"job":null,"n":2,"x":0,"y":100}
[completion-event] {"processOrdinal":1,"v":1,"event":6,"begin":"22700629417","end":"22700629417","thread":163,"request":0,"reference":"f5e406e393dfbe69a3fa17e0c32f1109489e9e42d158bdb1d201c0a04902bb5e","job":"16b6c3d742d430afeee4eb66ad59b8a96d7027ea606ca848f411873027895fcb","n":0,"x":0,"y":0}
[completion-event] {"processOrdinal":1,"v":1,"event":7,"begin":"23080289333","end":"23080289333","thread":163,"request":0,"reference":"f5e406e393dfbe69a3fa17e0c32f1109489e9e42d158bdb1d201c0a04902bb5e","job":"16b6c3d742d430afeee4eb66ad59b8a96d7027ea606ca848f411873027895fcb","n":0,"x":0,"y":0}
[completion-event] {"processOrdinal":1,"v":1,"event":10,"begin":"22755674667","end":"23081478542","thread":191,"request":183,"reference":null,"job":null,"n":11,"x":2,"y":0}
[completion-event] {"processOrdinal":1,"v":1,"event":11,"begin":"23081478542","end":"23081497542","thread":191,"request":183,"reference":null,"job":null,"n":4,"x":0,"y":0}
[completion-event] {"processOrdinal":1,"v":1,"event":12,"begin":"23081497542","end":"23081508583","thread":191,"request":183,"reference":null,"job":null,"n":4,"x":0,"y":0}
[completion-event] {"processOrdinal":1,"v":1,"event":13,"begin":"23081508583","end":"23081513292","thread":191,"request":183,"reference":null,"job":null,"n":4,"x":0,"y":100}
[completion-event] {"processOrdinal":1,"v":1,"event":8,"begin":"23333179750","end":"23333179750","thread":163,"request":0,"reference":"f5e406e393dfbe69a3fa17e0c32f1109489e9e42d158bdb1d201c0a04902bb5e","job":"16b6c3d742d430afeee4eb66ad59b8a96d7027ea606ca848f411873027895fcb","n":0,"x":0,"y":0}
[completion-event] {"processOrdinal":1,"v":1,"event":5,"begin":"23333557417","end":"23333557417","thread":163,"request":0,"reference":"f5e406e393dfbe69a3fa17e0c32f1109489e9e42d158bdb1d201c0a04902bb5e","job":"16b6c3d742d430afeee4eb66ad59b8a96d7027ea606ca848f411873027895fcb","n":1,"x":0,"y":0}
[completion-event] {"processOrdinal":1,"v":1,"event":3,"begin":"23333691750","end":"23333691750","thread":163,"request":0,"reference":"e313c69e552af4fc24fe7f75a865ea1d208c197e76481ff01653c9a05ea08f5d","job":"7d9d61582f291978ebdaa75bb6c892ccf6216b43b9ec27c662331004b2b3998c","n":0,"x":0,"y":0}
[completion-event] {"processOrdinal":1,"v":1,"event":4,"begin":"23921949583","end":"23921949583","thread":163,"request":0,"reference":"e313c69e552af4fc24fe7f75a865ea1d208c197e76481ff01653c9a05ea08f5d","job":"7d9d61582f291978ebdaa75bb6c892ccf6216b43b9ec27c662331004b2b3998c","n":0,"x":0,"y":0}
[completion-event] {"processOrdinal":1,"v":1,"event":10,"begin":"23562582333","end":"23966302292","thread":192,"request":184,"reference":null,"job":null,"n":11,"x":4,"y":0}
[completion-event] {"processOrdinal":1,"v":1,"event":11,"begin":"23966302292","end":"23966354417","thread":192,"request":184,"reference":null,"job":null,"n":4,"x":0,"y":0}
[completion-event] {"processOrdinal":1,"v":1,"event":12,"begin":"23966354417","end":"23966379167","thread":192,"request":184,"reference":null,"job":null,"n":4,"x":0,"y":0}
[completion-event] {"processOrdinal":1,"v":1,"event":13,"begin":"23966379167","end":"23966387542","thread":192,"request":184,"reference":null,"job":null,"n":4,"x":0,"y":100}
[completion-event] {"processOrdinal":1,"v":1,"event":10,"begin":"24326282708","end":"24539822917","thread":193,"request":185,"reference":null,"job":null,"n":11,"x":4,"y":0}
[completion-event] {"processOrdinal":1,"v":1,"event":11,"begin":"24539822917","end":"24539845625","thread":193,"request":185,"reference":null,"job":null,"n":4,"x":0,"y":0}
[completion-event] {"processOrdinal":1,"v":1,"event":12,"begin":"24539845625","end":"24539856292","thread":193,"request":185,"reference":null,"job":null,"n":4,"x":0,"y":0}
[completion-event] {"processOrdinal":1,"v":1,"event":13,"begin":"24539856292","end":"24539860833","thread":193,"request":185,"reference":null,"job":null,"n":4,"x":0,"y":100}
[completion-event] {"processOrdinal":1,"v":1,"event":10,"begin":"24882127875","end":"24990842583","thread":194,"request":186,"reference":null,"job":null,"n":11,"x":4,"y":0}
[completion-event] {"processOrdinal":1,"v":1,"event":11,"begin":"24990842583","end":"24990865125","thread":194,"request":186,"reference":null,"job":null,"n":4,"x":0,"y":0}
[completion-event] {"processOrdinal":1,"v":1,"event":12,"begin":"24990865125","end":"24990875958","thread":194,"request":186,"reference":null,"job":null,"n":4,"x":0,"y":0}
[completion-event] {"processOrdinal":1,"v":1,"event":13,"begin":"24990875958","end":"24990880333","thread":194,"request":186,"reference":null,"job":null,"n":4,"x":0,"y":100}
[completion-event] {"processOrdinal":1,"v":1,"event":10,"begin":"25332436000","end":"25445053125","thread":195,"request":187,"reference":null,"job":null,"n":11,"x":4,"y":0}
[completion-event] {"processOrdinal":1,"v":1,"event":11,"begin":"25445053125","end":"25445076833","thread":195,"request":187,"reference":null,"job":null,"n":4,"x":0,"y":0}
[completion-event] {"processOrdinal":1,"v":1,"event":12,"begin":"25445076833","end":"25445088125","thread":195,"request":187,"reference":null,"job":null,"n":4,"x":0,"y":0}
[completion-event] {"processOrdinal":1,"v":1,"event":13,"begin":"25445088125","end":"25445093083","thread":195,"request":187,"reference":null,"job":null,"n":4,"x":0,"y":100}
[completion-event] {"processOrdinal":1,"v":1,"event":10,"begin":"25788283458","end":"25894643000","thread":196,"request":188,"reference":null,"job":null,"n":11,"x":4,"y":0}
[completion-event] {"processOrdinal":1,"v":1,"event":11,"begin":"25894643000","end":"25894666125","thread":196,"request":188,"reference":null,"job":null,"n":4,"x":0,"y":0}
[completion-event] {"processOrdinal":1,"v":1,"event":12,"begin":"25894666125","end":"25894677292","thread":196,"request":188,"reference":null,"job":null,"n":4,"x":0,"y":0}
[completion-event] {"processOrdinal":1,"v":1,"event":13,"begin":"25894677292","end":"25894682208","thread":196,"request":188,"reference":null,"job":null,"n":4,"x":0,"y":100}
[completion-event] {"processOrdinal":1,"v":1,"event":10,"begin":"26237878000","end":"26352542458","thread":197,"request":189,"reference":null,"job":null,"n":11,"x":4,"y":0}
[completion-event] {"processOrdinal":1,"v":1,"event":11,"begin":"26352542458","end":"26352566958","thread":197,"request":189,"reference":null,"job":null,"n":4,"x":0,"y":0}
[completion-event] {"processOrdinal":1,"v":1,"event":12,"begin":"26352566958","end":"26352578583","thread":197,"request":189,"reference":null,"job":null,"n":4,"x":0,"y":0}
[completion-event] {"processOrdinal":1,"v":1,"event":13,"begin":"26352578583","end":"26352583042","thread":197,"request":189,"reference":null,"job":null,"n":4,"x":0,"y":100}
[completion-event] {"processOrdinal":1,"v":1,"event":10,"begin":"26703948417","end":"26849559250","thread":198,"request":190,"reference":null,"job":null,"n":11,"x":4,"y":0}
[completion-event] {"processOrdinal":1,"v":1,"event":11,"begin":"26849559250","end":"26849582875","thread":198,"request":190,"reference":null,"job":null,"n":4,"x":0,"y":0}
[completion-event] {"processOrdinal":1,"v":1,"event":12,"begin":"26849582875","end":"26849594667","thread":198,"request":190,"reference":null,"job":null,"n":4,"x":0,"y":0}
[completion-event] {"processOrdinal":1,"v":1,"event":13,"begin":"26849594667","end":"26849599333","thread":198,"request":190,"reference":null,"job":null,"n":4,"x":0,"y":100}
[completion-event] {"processOrdinal":1,"v":1,"event":10,"begin":"27200704042","end":"27326946792","thread":199,"request":191,"reference":null,"job":null,"n":13,"x":5,"y":0}
[completion-event] {"processOrdinal":1,"v":1,"event":11,"begin":"27326946792","end":"27326972333","thread":199,"request":191,"reference":null,"job":null,"n":5,"x":0,"y":0}
[completion-event] {"processOrdinal":1,"v":1,"event":12,"begin":"27326972333","end":"27326983167","thread":199,"request":191,"reference":null,"job":null,"n":5,"x":0,"y":0}
[completion-event] {"processOrdinal":1,"v":1,"event":13,"begin":"27326983167","end":"27326988500","thread":199,"request":191,"reference":null,"job":null,"n":5,"x":0,"y":100}
[completion-event] {"processOrdinal":1,"v":1,"event":10,"begin":"27674381708","end":"27794570125","thread":200,"request":192,"reference":null,"job":null,"n":13,"x":5,"y":0}
[completion-event] {"processOrdinal":1,"v":1,"event":11,"begin":"27794570125","end":"27794594667","thread":200,"request":192,"reference":null,"job":null,"n":5,"x":0,"y":0}
[completion-event] {"processOrdinal":1,"v":1,"event":12,"begin":"27794594667","end":"27794605583","thread":200,"request":192,"reference":null,"job":null,"n":5,"x":0,"y":0}
[completion-event] {"processOrdinal":1,"v":1,"event":13,"begin":"27794605583","end":"27794610667","thread":200,"request":192,"reference":null,"job":null,"n":5,"x":0,"y":100}
[completion-event] {"processOrdinal":1,"v":1,"event":6,"begin":"28111514292","end":"28111514292","thread":163,"request":0,"reference":"e313c69e552af4fc24fe7f75a865ea1d208c197e76481ff01653c9a05ea08f5d","job":"7d9d61582f291978ebdaa75bb6c892ccf6216b43b9ec27c662331004b2b3998c","n":0,"x":0,"y":0}
[completion-event] {"processOrdinal":1,"v":1,"event":7,"begin":"28718944667","end":"28718944667","thread":163,"request":0,"reference":"e313c69e552af4fc24fe7f75a865ea1d208c197e76481ff01653c9a05ea08f5d","job":"7d9d61582f291978ebdaa75bb6c892ccf6216b43b9ec27c662331004b2b3998c","n":0,"x":0,"y":0}
[completion-event] {"processOrdinal":1,"v":1,"event":8,"begin":"28974580500","end":"28974580500","thread":163,"request":0,"reference":"e313c69e552af4fc24fe7f75a865ea1d208c197e76481ff01653c9a05ea08f5d","job":"7d9d61582f291978ebdaa75bb6c892ccf6216b43b9ec27c662331004b2b3998c","n":0,"x":0,"y":0}
[completion-event] {"processOrdinal":1,"v":1,"event":5,"begin":"28974870708","end":"28974870708","thread":163,"request":0,"reference":"e313c69e552af4fc24fe7f75a865ea1d208c197e76481ff01653c9a05ea08f5d","job":"7d9d61582f291978ebdaa75bb6c892ccf6216b43b9ec27c662331004b2b3998c","n":1,"x":0,"y":0}
[completion-event] {"processOrdinal":1,"v":1,"event":3,"begin":"28975008333","end":"28975008333","thread":163,"request":0,"reference":"e1b523bd3119fdf51ba89ddb4898f73da809824bb891a4ec0cd6ef661ddefe2a","job":"c1056ea8129a0cb7abdbcce6d6a4054215297e954d098d8c77dd705cdf441a1a","n":0,"x":0,"y":0}
[completion-event] {"processOrdinal":1,"v":1,"event":4,"begin":"29342951000","end":"29342951000","thread":163,"request":0,"reference":"e1b523bd3119fdf51ba89ddb4898f73da809824bb891a4ec0cd6ef661ddefe2a","job":"c1056ea8129a0cb7abdbcce6d6a4054215297e954d098d8c77dd705cdf441a1a","n":0,"x":0,"y":0}
[completion-event] {"processOrdinal":1,"v":1,"event":10,"begin":"28395589125","end":"29367905083","thread":201,"request":193,"reference":null,"job":null,"n":16,"x":5,"y":0}
[completion-event] {"processOrdinal":1,"v":1,"event":11,"begin":"29367905083","end":"29367935000","thread":201,"request":193,"reference":null,"job":null,"n":7,"x":0,"y":0}
[completion-event] {"processOrdinal":1,"v":1,"event":12,"begin":"29367935000","end":"29367950917","thread":201,"request":193,"reference":null,"job":null,"n":7,"x":0,"y":0}
[completion-event] {"processOrdinal":1,"v":1,"event":13,"begin":"29367950917","end":"29367957542","thread":201,"request":193,"reference":null,"job":null,"n":7,"x":0,"y":100}
[completion-event] {"processOrdinal":1,"v":1,"event":10,"begin":"29958880958","end":"30279724792","thread":202,"request":194,"reference":null,"job":null,"n":16,"x":7,"y":0}
[completion-event] {"processOrdinal":1,"v":1,"event":11,"begin":"30279724792","end":"30279758167","thread":202,"request":194,"reference":null,"job":null,"n":7,"x":0,"y":0}
[completion-event] {"processOrdinal":1,"v":1,"event":12,"begin":"30279758167","end":"30279776667","thread":202,"request":194,"reference":null,"job":null,"n":7,"x":0,"y":0}
[completion-event] {"processOrdinal":1,"v":1,"event":13,"begin":"30279776667","end":"30279783875","thread":202,"request":194,"reference":null,"job":null,"n":7,"x":0,"y":100}
[completion-event] {"processOrdinal":1,"v":1,"event":10,"begin":"30869853500","end":"31081710708","thread":203,"request":195,"reference":null,"job":null,"n":16,"x":7,"y":0}
[completion-event] {"processOrdinal":1,"v":1,"event":11,"begin":"31081710708","end":"31081748917","thread":203,"request":195,"reference":null,"job":null,"n":7,"x":0,"y":0}
[completion-event] {"processOrdinal":1,"v":1,"event":12,"begin":"31081748917","end":"31081767292","thread":203,"request":195,"reference":null,"job":null,"n":7,"x":0,"y":0}
[completion-event] {"processOrdinal":1,"v":1,"event":13,"begin":"31081767292","end":"31081774333","thread":203,"request":195,"reference":null,"job":null,"n":7,"x":0,"y":100}
[completion-event] {"processOrdinal":1,"v":1,"event":10,"begin":"31674448375","end":"31914788833","thread":204,"request":196,"reference":null,"job":null,"n":16,"x":7,"y":0}
[completion-event] {"processOrdinal":1,"v":1,"event":11,"begin":"31914788833","end":"31914824042","thread":204,"request":196,"reference":null,"job":null,"n":7,"x":0,"y":0}
[completion-event] {"processOrdinal":1,"v":1,"event":12,"begin":"31914824042","end":"31914843125","thread":204,"request":196,"reference":null,"job":null,"n":7,"x":0,"y":0}
[completion-event] {"processOrdinal":1,"v":1,"event":13,"begin":"31914843125","end":"31914850750","thread":204,"request":196,"reference":null,"job":null,"n":7,"x":0,"y":100}
[completion-event] {"processOrdinal":1,"v":1,"event":10,"begin":"32504006458","end":"32723070167","thread":205,"request":197,"reference":null,"job":null,"n":17,"x":8,"y":0}
[completion-event] {"processOrdinal":1,"v":1,"event":11,"begin":"32723070167","end":"32723108250","thread":205,"request":197,"reference":null,"job":null,"n":7,"x":0,"y":0}
[completion-event] {"processOrdinal":1,"v":1,"event":12,"begin":"32723108250","end":"32723126583","thread":205,"request":197,"reference":null,"job":null,"n":7,"x":0,"y":0}
[completion-event] {"processOrdinal":1,"v":1,"event":13,"begin":"32723126583","end":"32723132875","thread":205,"request":197,"reference":null,"job":null,"n":7,"x":0,"y":100}
[completion-event] {"processOrdinal":1,"v":1,"event":6,"begin":"33820125542","end":"33820125542","thread":163,"request":0,"reference":"e1b523bd3119fdf51ba89ddb4898f73da809824bb891a4ec0cd6ef661ddefe2a","job":"c1056ea8129a0cb7abdbcce6d6a4054215297e954d098d8c77dd705cdf441a1a","n":0,"x":0,"y":0}
[completion-event] {"processOrdinal":1,"v":1,"event":10,"begin":"33326568708","end":"33831246250","thread":206,"request":198,"reference":null,"job":null,"n":17,"x":8,"y":0}
[completion-event] {"processOrdinal":1,"v":1,"event":11,"begin":"33831246250","end":"33831283625","thread":206,"request":198,"reference":null,"job":null,"n":7,"x":0,"y":0}
[completion-event] {"processOrdinal":1,"v":1,"event":12,"begin":"33831283625","end":"33831300917","thread":206,"request":198,"reference":null,"job":null,"n":7,"x":0,"y":0}
[completion-event] {"processOrdinal":1,"v":1,"event":13,"begin":"33831300917","end":"33831307292","thread":206,"request":198,"reference":null,"job":null,"n":7,"x":0,"y":100}
[completion-event] {"processOrdinal":1,"v":1,"event":7,"begin":"34150420250","end":"34150420250","thread":163,"request":0,"reference":"e1b523bd3119fdf51ba89ddb4898f73da809824bb891a4ec0cd6ef661ddefe2a","job":"c1056ea8129a0cb7abdbcce6d6a4054215297e954d098d8c77dd705cdf441a1a","n":0,"x":0,"y":0}
[completion-event] {"processOrdinal":1,"v":1,"event":8,"begin":"34920781333","end":"34920781333","thread":163,"request":0,"reference":"e1b523bd3119fdf51ba89ddb4898f73da809824bb891a4ec0cd6ef661ddefe2a","job":"c1056ea8129a0cb7abdbcce6d6a4054215297e954d098d8c77dd705cdf441a1a","n":0,"x":0,"y":0}
[completion-event] {"processOrdinal":1,"v":1,"event":5,"begin":"34921048958","end":"34921048958","thread":163,"request":0,"reference":"e1b523bd3119fdf51ba89ddb4898f73da809824bb891a4ec0cd6ef661ddefe2a","job":"c1056ea8129a0cb7abdbcce6d6a4054215297e954d098d8c77dd705cdf441a1a","n":1,"x":0,"y":0}
[completion-event] {"processOrdinal":1,"v":1,"event":3,"begin":"34921172208","end":"34921172208","thread":163,"request":0,"reference":"8edfdfc6160022120daf36638a86974163c4dc73069cf80f83903797cbea7b87","job":"dddaf06fcf978e03fc4f5fea85804cb703f61ac150caf1ca7299a290e2fa072c","n":0,"x":0,"y":0}
[completion-event] {"processOrdinal":1,"v":1,"event":4,"begin":"35289775958","end":"35289775958","thread":163,"request":0,"reference":"8edfdfc6160022120daf36638a86974163c4dc73069cf80f83903797cbea7b87","job":"dddaf06fcf978e03fc4f5fea85804cb703f61ac150caf1ca7299a290e2fa072c","n":0,"x":0,"y":0}
[completion-event] {"processOrdinal":1,"v":1,"event":10,"begin":"34671590917","end":"35636989125","thread":207,"request":199,"reference":null,"job":null,"n":20,"x":8,"y":0}
[completion-event] {"processOrdinal":1,"v":1,"event":11,"begin":"35636989125","end":"35637028375","thread":207,"request":199,"reference":null,"job":null,"n":9,"x":0,"y":0}
[completion-event] {"processOrdinal":1,"v":1,"event":12,"begin":"35637028375","end":"35637053458","thread":207,"request":199,"reference":null,"job":null,"n":9,"x":0,"y":0}
[completion-event] {"processOrdinal":1,"v":1,"event":13,"begin":"35637053458","end":"35637061125","thread":207,"request":199,"reference":null,"job":null,"n":9,"x":0,"y":100}
[completion-event] {"processOrdinal":1,"v":1,"event":10,"begin":"36485344583","end":"36793902208","thread":208,"request":200,"reference":null,"job":null,"n":20,"x":10,"y":0}
[completion-event] {"processOrdinal":1,"v":1,"event":11,"begin":"36793902208","end":"36793944958","thread":208,"request":200,"reference":null,"job":null,"n":9,"x":0,"y":0}
[completion-event] {"processOrdinal":1,"v":1,"event":12,"begin":"36793944958","end":"36793971125","thread":208,"request":200,"reference":null,"job":null,"n":9,"x":0,"y":0}
[completion-event] {"processOrdinal":1,"v":1,"event":13,"begin":"36793971125","end":"36793979250","thread":208,"request":200,"reference":null,"job":null,"n":9,"x":0,"y":100}
[completion-event] {"processOrdinal":1,"v":1,"event":10,"begin":"37638667375","end":"37949283958","thread":209,"request":201,"reference":null,"job":null,"n":20,"x":10,"y":0}
[completion-event] {"processOrdinal":1,"v":1,"event":11,"begin":"37949283958","end":"37949330083","thread":209,"request":201,"reference":null,"job":null,"n":9,"x":0,"y":0}
[completion-event] {"processOrdinal":1,"v":1,"event":12,"begin":"37949330083","end":"37949355833","thread":209,"request":201,"reference":null,"job":null,"n":9,"x":0,"y":0}
[completion-event] {"processOrdinal":1,"v":1,"event":13,"begin":"37949355833","end":"37949363917","thread":209,"request":201,"reference":null,"job":null,"n":9,"x":0,"y":100}
[completion-event] {"processOrdinal":1,"v":1,"event":10,"begin":"38792290667","end":"39103349917","thread":210,"request":202,"reference":null,"job":null,"n":20,"x":10,"y":0}
[completion-event] {"processOrdinal":1,"v":1,"event":11,"begin":"39103349917","end":"39103392875","thread":210,"request":202,"reference":null,"job":null,"n":9,"x":0,"y":0}
[completion-event] {"processOrdinal":1,"v":1,"event":12,"begin":"39103392875","end":"39103419250","thread":210,"request":202,"reference":null,"job":null,"n":9,"x":0,"y":0}
[completion-event] {"processOrdinal":1,"v":1,"event":13,"begin":"39103419250","end":"39103427208","thread":210,"request":202,"reference":null,"job":null,"n":9,"x":0,"y":100}
[completion-event] {"processOrdinal":1,"v":1,"event":6,"begin":"39431594958","end":"39431594958","thread":163,"request":0,"reference":"8edfdfc6160022120daf36638a86974163c4dc73069cf80f83903797cbea7b87","job":"dddaf06fcf978e03fc4f5fea85804cb703f61ac150caf1ca7299a290e2fa072c","n":0,"x":0,"y":0}
[completion-event] {"processOrdinal":1,"v":1,"event":7,"begin":"40531557875","end":"40531557875","thread":163,"request":0,"reference":"8edfdfc6160022120daf36638a86974163c4dc73069cf80f83903797cbea7b87","job":"dddaf06fcf978e03fc4f5fea85804cb703f61ac150caf1ca7299a290e2fa072c","n":0,"x":0,"y":0}
[completion-event] {"processOrdinal":1,"v":1,"event":8,"begin":"40825344875","end":"40825344875","thread":163,"request":0,"reference":"8edfdfc6160022120daf36638a86974163c4dc73069cf80f83903797cbea7b87","job":"dddaf06fcf978e03fc4f5fea85804cb703f61ac150caf1ca7299a290e2fa072c","n":0,"x":0,"y":0}
[completion-event] {"processOrdinal":1,"v":1,"event":5,"begin":"40825644250","end":"40825644250","thread":163,"request":0,"reference":"8edfdfc6160022120daf36638a86974163c4dc73069cf80f83903797cbea7b87","job":"dddaf06fcf978e03fc4f5fea85804cb703f61ac150caf1ca7299a290e2fa072c","n":1,"x":0,"y":0}
[completion-event] {"processOrdinal":1,"v":1,"event":10,"begin":"40186945000","end":"41100744417","thread":211,"request":203,"reference":null,"job":null,"n":23,"x":10,"y":0}
[completion-event] {"processOrdinal":1,"v":1,"event":11,"begin":"41100744417","end":"41100792292","thread":211,"request":203,"reference":null,"job":null,"n":11,"x":0,"y":0}
[completion-event] {"processOrdinal":1,"v":1,"event":12,"begin":"41100792292","end":"41100826375","thread":211,"request":203,"reference":null,"job":null,"n":11,"x":0,"y":0}
[completion-event] {"processOrdinal":1,"v":1,"event":13,"begin":"41100826375","end":"41100837750","thread":211,"request":203,"reference":null,"job":null,"n":11,"x":0,"y":100}
[completion-observation-status] {"processOrdinal":1,"status":"observed","code":"none","rows":844,"bytes":135082,"selected":{"referenceSha256":"8edfdfc6160022120daf36638a86974163c4dc73069cf80f83903797cbea7b87","events":8,"jobs":1,"status":"terminal-observed","firstNs":"10122473417","lastNs":"40825644250","terminal":[{"jobSha256":"dddaf06fcf978e03fc4f5fea85804cb703f61ac150caf1ca7299a290e2fa072c","state":"complete","atNs":"40825344875"}]}}
[timeline-page-observation-status] {"cycles":203,"invalid":0,"summaries":[{"cycle":1,"processOrdinal":1,"timelineOrdinal":1,"kind":"complete","elapsedMs":2.0770830000001297,"pages":1,"totalChanged":false,"mixedStates":false,"code":"none"},{"cycle":2,"processOrdinal":1,"timelineOrdinal":2,"kind":"complete","elapsedMs":1.8650000000002365,"pages":1,"totalChanged":false,"mixedStates":false,"code":"none"},{"cycle":3,"processOrdinal":1,"timelineOrdinal":3,"kind":"complete","elapsedMs":1.4009590000000571,"pages":1,"totalChanged":false,"mixedStates":false,"code":"none"},{"cycle":4,"processOrdinal":1,"timelineOrdinal":4,"kind":"complete","elapsedMs":1.4028749999997672,"pages":1,"totalChanged":false,"mixedStates":false,"code":"none"},{"cycle":5,"processOrdinal":1,"timelineOrdinal":5,"kind":"complete","elapsedMs":1.5832909999999174,"pages":1,"totalChanged":false,"mixedStates":false,"code":"none"},{"cycle":6,"processOrdinal":1,"timelineOrdinal":6,"kind":"complete","elapsedMs":1.662083000000166,"pages":1,"totalChanged":false,"mixedStates":false,"code":"none"},{"cycle":7,"processOrdinal":1,"timelineOrdinal":7,"kind":"complete","elapsedMs":1.3795000000000073,"pages":1,"totalChanged":false,"mixedStates":false,"code":"none"},{"cycle":8,"processOrdinal":1,"timelineOrdinal":8,"kind":"complete","elapsedMs":1.4283339999997224,"pages":1,"totalChanged":false,"mixedStates":false,"code":"none"},{"cycle":9,"processOrdinal":1,"timelineOrdinal":9,"kind":"complete","elapsedMs":1.6223750000003747,"pages":1,"totalChanged":false,"mixedStates":false,"code":"none"},{"cycle":10,"processOrdinal":1,"timelineOrdinal":10,"kind":"complete","elapsedMs":1.2790420000001177,"pages":1,"totalChanged":false,"mixedStates":false,"code":"none"},{"cycle":11,"processOrdinal":1,"timelineOrdinal":11,"kind":"complete","elapsedMs":1.3750829999999041,"pages":1,"totalChanged":false,"mixedStates":false,"code":"none"},{"cycle":12,"processOrdinal":1,"timelineOrdinal":12,"kind":"complete","elapsedMs":1.501875000000382,"pages":1,"totalChanged":false,"mixedStates":false,"code":"none"},{"cycle":13,"processOrdinal":1,"timelineOrdinal":13,"kind":"complete","elapsedMs":1.4963330000000497,"pages":1,"totalChanged":false,"mixedStates":false,"code":"none"},{"cycle":14,"processOrdinal":1,"timelineOrdinal":14,"kind":"complete","elapsedMs":1.5847920000001068,"pages":1,"totalChanged":false,"mixedStates":false,"code":"none"},{"cycle":15,"processOrdinal":1,"timelineOrdinal":15,"kind":"complete","elapsedMs":1.2667500000002292,"pages":1,"totalChanged":false,"mixedStates":false,"code":"none"},{"cycle":16,"processOrdinal":1,"timelineOrdinal":16,"kind":"complete","elapsedMs":1.5655000000001564,"pages":1,"totalChanged":false,"mixedStates":false,"code":"none"},{"cycle":17,"processOrdinal":1,"timelineOrdinal":17,"kind":"complete","elapsedMs":1.4207500000002256,"pages":1,"totalChanged":false,"mixedStates":false,"code":"none"},{"cycle":18,"processOrdinal":1,"timelineOrdinal":18,"kind":"complete","elapsedMs":1.4335000000000946,"pages":1,"totalChanged":false,"mixedStates":false,"code":"none"},{"cycle":19,"processOrdinal":1,"timelineOrdinal":19,"kind":"complete","elapsedMs":1.294542000000547,"pages":1,"totalChanged":false,"mixedStates":false,"code":"none"},{"cycle":20,"processOrdinal":1,"timelineOrdinal":20,"kind":"complete","elapsedMs":1.3425420000003214,"pages":1,"totalChanged":false,"mixedStates":false,"code":"none"},{"cycle":21,"processOrdinal":1,"timelineOrdinal":21,"kind":"complete","elapsedMs":1.7573330000004717,"pages":1,"totalChanged":false,"mixedStates":false,"code":"none"},{"cycle":22,"processOrdinal":1,"timelineOrdinal":22,"kind":"complete","elapsedMs":1.3730830000004062,"pages":1,"totalChanged":false,"mixedStates":false,"code":"none"},{"cycle":23,"processOrdinal":1,"timelineOrdinal":23,"kind":"complete","elapsedMs":1.2807920000004742,"pages":1,"totalChanged":false,"mixedStates":false,"code":"none"},{"cycle":24,"processOrdinal":1,"timelineOrdinal":24,"kind":"complete","elapsedMs":1.3039170000001832,"pages":1,"totalChanged":false,"mixedStates":false,"code":"none"},{"cycle":25,"processOrdinal":1,"timelineOrdinal":25,"kind":"complete","elapsedMs":1.423041000000012,"pages":1,"totalChanged":false,"mixedStates":false,"code":"none"},{"cycle":26,"processOrdinal":1,"timelineOrdinal":26,"kind":"complete","elapsedMs":1.2420409999995172,"pages":1,"totalChanged":false,"mixedStates":false,"code":"none"},{"cycle":27,"processOrdinal":1,"timelineOrdinal":27,"kind":"complete","elapsedMs":1.3462909999998374,"pages":1,"totalChanged":false,"mixedStates":false,"code":"none"},{"cycle":28,"processOrdinal":1,"timelineOrdinal":28,"kind":"complete","elapsedMs":1.2434170000005906,"pages":1,"totalChanged":false,"mixedStates":false,"code":"none"},{"cycle":29,"processOrdinal":1,"timelineOrdinal":29,"kind":"complete","elapsedMs":1.234375,"pages":1,"totalChanged":false,"mixedStates":false,"code":"none"},{"cycle":30,"processOrdinal":1,"timelineOrdinal":30,"kind":"complete","elapsedMs":1.9316250000001673,"pages":1,"totalChanged":false,"mixedStates":false,"code":"none"},{"cycle":31,"processOrdinal":1,"timelineOrdinal":31,"kind":"complete","elapsedMs":1.449999999999818,"pages":1,"totalChanged":false,"mixedStates":false,"code":"none"},{"cycle":32,"processOrdinal":1,"timelineOrdinal":32,"kind":"complete","elapsedMs":1.1910840000000462,"pages":1,"totalChanged":false,"mixedStates":false,"code":"none"},{"cycle":33,"processOrdinal":1,"timelineOrdinal":33,"kind":"complete","elapsedMs":1.4667920000001686,"pages":1,"totalChanged":false,"mixedStates":false,"code":"none"},{"cycle":34,"processOrdinal":1,"timelineOrdinal":34,"kind":"complete","elapsedMs":1.708958000000166,"pages":1,"totalChanged":false,"mixedStates":false,"code":"none"},{"cycle":35,"processOrdinal":1,"timelineOrdinal":35,"kind":"complete","elapsedMs":1.313916999999492,"pages":1,"totalChanged":false,"mixedStates":false,"code":"none"},{"cycle":36,"processOrdinal":1,"timelineOrdinal":36,"kind":"complete","elapsedMs":1.5191670000003796,"pages":1,"totalChanged":false,"mixedStates":false,"code":"none"},{"cycle":37,"processOrdinal":1,"timelineOrdinal":37,"kind":"complete","elapsedMs":1.3404590000000098,"pages":1,"totalChanged":false,"mixedStates":false,"code":"none"},{"cycle":38,"processOrdinal":1,"timelineOrdinal":38,"kind":"complete","elapsedMs":1.2719999999999345,"pages":1,"totalChanged":false,"mixedStates":false,"code":"none"},{"cycle":39,"processOrdinal":1,"timelineOrdinal":39,"kind":"complete","elapsedMs":1.4780829999999696,"pages":1,"totalChanged":false,"mixedStates":false,"code":"none"},{"cycle":40,"processOrdinal":1,"timelineOrdinal":40,"kind":"complete","elapsedMs":1.26299999999992,"pages":1,"totalChanged":false,"mixedStates":false,"code":"none"},{"cycle":41,"processOrdinal":1,"timelineOrdinal":41,"kind":"complete","elapsedMs":1.477958999999828,"pages":1,"totalChanged":false,"mixedStates":false,"code":"none"},{"cycle":42,"processOrdinal":1,"timelineOrdinal":42,"kind":"complete","elapsedMs":1.4912500000000364,"pages":1,"totalChanged":false,"mixedStates":false,"code":"none"},{"cycle":43,"processOrdinal":1,"timelineOrdinal":43,"kind":"complete","elapsedMs":1.1835829999999987,"pages":1,"totalChanged":false,"mixedStates":false,"code":"none"},{"cycle":44,"processOrdinal":1,"timelineOrdinal":44,"kind":"complete","elapsedMs":1.522624999999607,"pages":1,"totalChanged":false,"mixedStates":false,"code":"none"},{"cycle":45,"processOrdinal":1,"timelineOrdinal":45,"kind":"complete","elapsedMs":1.4770829999997659,"pages":1,"totalChanged":false,"mixedStates":false,"code":"none"},{"cycle":46,"processOrdinal":1,"timelineOrdinal":46,"kind":"complete","elapsedMs":1.2432500000004438,"pages":1,"totalChanged":false,"mixedStates":false,"code":"none"},{"cycle":47,"processOrdinal":1,"timelineOrdinal":47,"kind":"complete","elapsedMs":1.4372080000002825,"pages":1,"totalChanged":false,"mixedStates":false,"code":"none"},{"cycle":48,"processOrdinal":1,"timelineOrdinal":48,"kind":"complete","elapsedMs":1.6248750000004293,"pages":1,"totalChanged":false,"mixedStates":false,"code":"none"},{"cycle":49,"processOrdinal":1,"timelineOrdinal":49,"kind":"complete","elapsedMs":1.2978749999992942,"pages":1,"totalChanged":false,"mixedStates":false,"code":"none"},{"cycle":50,"processOrdinal":1,"timelineOrdinal":50,"kind":"complete","elapsedMs":1.3367499999994834,"pages":1,"totalChanged":false,"mixedStates":false,"code":"none"},{"cycle":51,"processOrdinal":1,"timelineOrdinal":51,"kind":"complete","elapsedMs":1.549250000000029,"pages":1,"totalChanged":false,"mixedStates":false,"code":"none"},{"cycle":52,"processOrdinal":1,"timelineOrdinal":52,"kind":"complete","elapsedMs":1.2061249999997017,"pages":1,"totalChanged":false,"mixedStates":false,"code":"none"},{"cycle":53,"processOrdinal":1,"timelineOrdinal":53,"kind":"complete","elapsedMs":1.2561249999998836,"pages":1,"totalChanged":false,"mixedStates":false,"code":"none"},{"cycle":54,"processOrdinal":1,"timelineOrdinal":54,"kind":"complete","elapsedMs":1.6514579999993657,"pages":1,"totalChanged":false,"mixedStates":false,"code":"none"},{"cycle":55,"processOrdinal":1,"timelineOrdinal":55,"kind":"complete","elapsedMs":1.401332999999795,"pages":1,"totalChanged":false,"mixedStates":false,"code":"none"},{"cycle":56,"processOrdinal":1,"timelineOrdinal":56,"kind":"complete","elapsedMs":1.3467079999991256,"pages":1,"totalChanged":false,"mixedStates":false,"code":"none"},{"cycle":57,"processOrdinal":1,"timelineOrdinal":57,"kind":"complete","elapsedMs":1.4249999999992724,"pages":1,"totalChanged":false,"mixedStates":false,"code":"none"},{"cycle":58,"processOrdinal":1,"timelineOrdinal":58,"kind":"complete","elapsedMs":1.6346250000005966,"pages":1,"totalChanged":false,"mixedStates":false,"code":"none"},{"cycle":59,"processOrdinal":1,"timelineOrdinal":59,"kind":"complete","elapsedMs":1.2704580000008718,"pages":1,"totalChanged":false,"mixedStates":false,"code":"none"},{"cycle":60,"processOrdinal":1,"timelineOrdinal":60,"kind":"complete","elapsedMs":1.424165999998877,"pages":1,"totalChanged":false,"mixedStates":false,"code":"none"},{"cycle":61,"processOrdinal":1,"timelineOrdinal":61,"kind":"complete","elapsedMs":1.1892080000015994,"pages":1,"totalChanged":false,"mixedStates":false,"code":"none"},{"cycle":62,"processOrdinal":1,"timelineOrdinal":62,"kind":"complete","elapsedMs":1.422207999999955,"pages":1,"totalChanged":false,"mixedStates":false,"code":"none"},{"cycle":63,"processOrdinal":1,"timelineOrdinal":63,"kind":"complete","elapsedMs":1.4431249999997817,"pages":1,"totalChanged":false,"mixedStates":false,"code":"none"},{"cycle":64,"processOrdinal":1,"timelineOrdinal":64,"kind":"complete","elapsedMs":1.4861669999991136,"pages":1,"totalChanged":false,"mixedStates":false,"code":"none"},{"cycle":65,"processOrdinal":1,"timelineOrdinal":65,"kind":"complete","elapsedMs":1.1730420000003505,"pages":1,"totalChanged":false,"mixedStates":false,"code":"none"},{"cycle":66,"processOrdinal":1,"timelineOrdinal":66,"kind":"complete","elapsedMs":1.7479160000002594,"pages":1,"totalChanged":false,"mixedStates":false,"code":"none"},{"cycle":67,"processOrdinal":1,"timelineOrdinal":67,"kind":"complete","elapsedMs":1.2033330000012938,"pages":1,"totalChanged":false,"mixedStates":false,"code":"none"},{"cycle":68,"processOrdinal":1,"timelineOrdinal":68,"kind":"complete","elapsedMs":1.2614170000015292,"pages":1,"totalChanged":false,"mixedStates":false,"code":"none"},{"cycle":69,"processOrdinal":1,"timelineOrdinal":69,"kind":"complete","elapsedMs":1.7687079999996058,"pages":1,"totalChanged":false,"mixedStates":false,"code":"none"},{"cycle":70,"processOrdinal":1,"timelineOrdinal":70,"kind":"complete","elapsedMs":1.4437500000003638,"pages":1,"totalChanged":false,"mixedStates":false,"code":"none"},{"cycle":71,"processOrdinal":1,"timelineOrdinal":71,"kind":"complete","elapsedMs":1.2647500000002765,"pages":1,"totalChanged":false,"mixedStates":false,"code":"none"},{"cycle":72,"processOrdinal":1,"timelineOrdinal":72,"kind":"complete","elapsedMs":1.4629169999989244,"pages":1,"totalChanged":false,"mixedStates":false,"code":"none"},{"cycle":73,"processOrdinal":1,"timelineOrdinal":73,"kind":"complete","elapsedMs":1.193874999999025,"pages":1,"totalChanged":false,"mixedStates":false,"code":"none"},{"cycle":74,"processOrdinal":1,"timelineOrdinal":74,"kind":"complete","elapsedMs":1.3100420000009763,"pages":1,"totalChanged":false,"mixedStates":false,"code":"none"},{"cycle":75,"processOrdinal":1,"timelineOrdinal":75,"kind":"complete","elapsedMs":1.3652920000004087,"pages":1,"totalChanged":false,"mixedStates":false,"code":"none"},{"cycle":76,"processOrdinal":1,"timelineOrdinal":76,"kind":"complete","elapsedMs":1.5219159999996918,"pages":1,"totalChanged":false,"mixedStates":false,"code":"none"},{"cycle":77,"processOrdinal":1,"timelineOrdinal":77,"kind":"complete","elapsedMs":1.537000000000262,"pages":1,"totalChanged":false,"mixedStates":false,"code":"none"},{"cycle":78,"processOrdinal":1,"timelineOrdinal":78,"kind":"complete","elapsedMs":1.4608329999991838,"pages":1,"totalChanged":false,"mixedStates":false,"code":"none"},{"cycle":79,"processOrdinal":1,"timelineOrdinal":79,"kind":"complete","elapsedMs":1.4667919999992591,"pages":1,"totalChanged":false,"mixedStates":false,"code":"none"},{"cycle":80,"processOrdinal":1,"timelineOrdinal":80,"kind":"complete","elapsedMs":1.4846660000002885,"pages":1,"totalChanged":false,"mixedStates":false,"code":"none"},{"cycle":81,"processOrdinal":1,"timelineOrdinal":81,"kind":"complete","elapsedMs":12.137916000001496,"pages":1,"totalChanged":false,"mixedStates":false,"code":"none"},{"cycle":82,"processOrdinal":1,"timelineOrdinal":82,"kind":"complete","elapsedMs":12.240916000000652,"pages":1,"totalChanged":false,"mixedStates":false,"code":"none"},{"cycle":83,"processOrdinal":1,"timelineOrdinal":83,"kind":"complete","elapsedMs":12.327291999999943,"pages":1,"totalChanged":false,"mixedStates":false,"code":"none"},{"cycle":84,"processOrdinal":1,"timelineOrdinal":84,"kind":"complete","elapsedMs":23.52666700000009,"pages":1,"totalChanged":false,"mixedStates":false,"code":"none"},{"cycle":85,"processOrdinal":1,"timelineOrdinal":85,"kind":"complete","elapsedMs":12.412540999999692,"pages":1,"totalChanged":false,"mixedStates":false,"code":"none"},{"cycle":86,"processOrdinal":1,"timelineOrdinal":86,"kind":"complete","elapsedMs":12.14141699999891,"pages":1,"totalChanged":false,"mixedStates":false,"code":"none"},{"cycle":87,"processOrdinal":1,"timelineOrdinal":87,"kind":"complete","elapsedMs":12.651374999999462,"pages":1,"totalChanged":false,"mixedStates":false,"code":"none"},{"cycle":88,"processOrdinal":1,"timelineOrdinal":88,"kind":"complete","elapsedMs":12.506999999999607,"pages":1,"totalChanged":false,"mixedStates":false,"code":"none"},{"cycle":89,"processOrdinal":1,"timelineOrdinal":89,"kind":"complete","elapsedMs":12.173000000000684,"pages":1,"totalChanged":false,"mixedStates":false,"code":"none"},{"cycle":90,"processOrdinal":1,"timelineOrdinal":90,"kind":"complete","elapsedMs":12.13604099999975,"pages":1,"totalChanged":false,"mixedStates":false,"code":"none"},{"cycle":91,"processOrdinal":1,"timelineOrdinal":91,"kind":"complete","elapsedMs":12.585041000000274,"pages":1,"totalChanged":false,"mixedStates":false,"code":"none"},{"cycle":92,"processOrdinal":1,"timelineOrdinal":92,"kind":"complete","elapsedMs":12.873333999999886,"pages":1,"totalChanged":false,"mixedStates":false,"code":"none"},{"cycle":93,"processOrdinal":1,"timelineOrdinal":93,"kind":"complete","elapsedMs":12.367874999999913,"pages":1,"totalChanged":false,"mixedStates":false,"code":"none"},{"cycle":94,"processOrdinal":1,"timelineOrdinal":94,"kind":"complete","elapsedMs":12.349750000001222,"pages":1,"totalChanged":false,"mixedStates":false,"code":"none"},{"cycle":95,"processOrdinal":1,"timelineOrdinal":95,"kind":"complete","elapsedMs":12.674833000000945,"pages":1,"totalChanged":false,"mixedStates":false,"code":"none"},{"cycle":96,"processOrdinal":1,"timelineOrdinal":96,"kind":"complete","elapsedMs":12.915124999999534,"pages":1,"totalChanged":false,"mixedStates":false,"code":"none"},{"cycle":97,"processOrdinal":1,"timelineOrdinal":97,"kind":"complete","elapsedMs":12.39312500000051,"pages":1,"totalChanged":false,"mixedStates":false,"code":"none"},{"cycle":98,"processOrdinal":1,"timelineOrdinal":98,"kind":"complete","elapsedMs":13.273833999999624,"pages":1,"totalChanged":false,"mixedStates":false,"code":"none"},{"cycle":99,"processOrdinal":1,"timelineOrdinal":99,"kind":"complete","elapsedMs":13.06170800000109,"pages":1,"totalChanged":false,"mixedStates":false,"code":"none"},{"cycle":100,"processOrdinal":1,"timelineOrdinal":100,"kind":"complete","elapsedMs":13.101709000000483,"pages":1,"totalChanged":false,"mixedStates":false,"code":"none"},{"cycle":101,"processOrdinal":1,"timelineOrdinal":101,"kind":"complete","elapsedMs":12.46758299999965,"pages":1,"totalChanged":false,"mixedStates":false,"code":"none"},{"cycle":102,"processOrdinal":1,"timelineOrdinal":102,"kind":"complete","elapsedMs":12.632833000001483,"pages":1,"totalChanged":false,"mixedStates":false,"code":"none"},{"cycle":103,"processOrdinal":1,"timelineOrdinal":103,"kind":"complete","elapsedMs":12.75762500000019,"pages":1,"totalChanged":false,"mixedStates":false,"code":"none"},{"cycle":104,"processOrdinal":1,"timelineOrdinal":104,"kind":"complete","elapsedMs":12.935625000000073,"pages":1,"totalChanged":false,"mixedStates":false,"code":"none"},{"cycle":105,"processOrdinal":1,"timelineOrdinal":105,"kind":"complete","elapsedMs":12.388541999998779,"pages":1,"totalChanged":false,"mixedStates":false,"code":"none"},{"cycle":106,"processOrdinal":1,"timelineOrdinal":106,"kind":"complete","elapsedMs":12.719124999999622,"pages":1,"totalChanged":false,"mixedStates":false,"code":"none"},{"cycle":107,"processOrdinal":1,"timelineOrdinal":107,"kind":"complete","elapsedMs":12.333416000001307,"pages":1,"totalChanged":false,"mixedStates":false,"code":"none"},{"cycle":108,"processOrdinal":1,"timelineOrdinal":108,"kind":"complete","elapsedMs":12.2706249999992,"pages":1,"totalChanged":false,"mixedStates":false,"code":"none"},{"cycle":109,"processOrdinal":1,"timelineOrdinal":109,"kind":"complete","elapsedMs":12.226290999999037,"pages":1,"totalChanged":false,"mixedStates":false,"code":"none"},{"cycle":110,"processOrdinal":1,"timelineOrdinal":110,"kind":"complete","elapsedMs":12.570041999999376,"pages":1,"totalChanged":false,"mixedStates":false,"code":"none"},{"cycle":111,"processOrdinal":1,"timelineOrdinal":111,"kind":"complete","elapsedMs":12.969291999999768,"pages":1,"totalChanged":false,"mixedStates":false,"code":"none"},{"cycle":112,"processOrdinal":1,"timelineOrdinal":112,"kind":"complete","elapsedMs":13.190875000000233,"pages":1,"totalChanged":false,"mixedStates":false,"code":"none"},{"cycle":113,"processOrdinal":1,"timelineOrdinal":113,"kind":"complete","elapsedMs":12.081333999998606,"pages":1,"totalChanged":false,"mixedStates":false,"code":"none"},{"cycle":114,"processOrdinal":1,"timelineOrdinal":114,"kind":"complete","elapsedMs":12.477333000000726,"pages":1,"totalChanged":false,"mixedStates":false,"code":"none"},{"cycle":115,"processOrdinal":1,"timelineOrdinal":115,"kind":"complete","elapsedMs":12.601333000000523,"pages":1,"totalChanged":false,"mixedStates":false,"code":"none"},{"cycle":116,"processOrdinal":1,"timelineOrdinal":116,"kind":"complete","elapsedMs":12.689542000000074,"pages":1,"totalChanged":false,"mixedStates":false,"code":"none"},{"cycle":117,"processOrdinal":1,"timelineOrdinal":117,"kind":"complete","elapsedMs":12.128375000000233,"pages":1,"totalChanged":false,"mixedStates":false,"code":"none"},{"cycle":118,"processOrdinal":1,"timelineOrdinal":118,"kind":"complete","elapsedMs":13.019874999999956,"pages":1,"totalChanged":false,"mixedStates":false,"code":"none"},{"cycle":119,"processOrdinal":1,"timelineOrdinal":119,"kind":"complete","elapsedMs":12.145249999999578,"pages":1,"totalChanged":false,"mixedStates":false,"code":"none"},{"cycle":120,"processOrdinal":1,"timelineOrdinal":120,"kind":"complete","elapsedMs":12.178374999999505,"pages":1,"totalChanged":false,"mixedStates":false,"code":"none"},{"cycle":121,"processOrdinal":1,"timelineOrdinal":121,"kind":"complete","elapsedMs":12.433333000000857,"pages":1,"totalChanged":false,"mixedStates":false,"code":"none"},{"cycle":122,"processOrdinal":1,"timelineOrdinal":122,"kind":"complete","elapsedMs":12.383665999999721,"pages":1,"totalChanged":false,"mixedStates":false,"code":"none"},{"cycle":123,"processOrdinal":1,"timelineOrdinal":123,"kind":"complete","elapsedMs":12.22649999999885,"pages":1,"totalChanged":false,"mixedStates":false,"code":"none"},{"cycle":124,"processOrdinal":1,"timelineOrdinal":124,"kind":"complete","elapsedMs":13.461458000001585,"pages":1,"totalChanged":false,"mixedStates":false,"code":"none"},{"cycle":125,"processOrdinal":1,"timelineOrdinal":125,"kind":"complete","elapsedMs":12.890917000000627,"pages":1,"totalChanged":false,"mixedStates":false,"code":"none"},{"cycle":126,"processOrdinal":1,"timelineOrdinal":126,"kind":"complete","elapsedMs":12.334666999999172,"pages":1,"totalChanged":false,"mixedStates":false,"code":"none"},{"cycle":127,"processOrdinal":1,"timelineOrdinal":127,"kind":"complete","elapsedMs":12.092415999999503,"pages":1,"totalChanged":false,"mixedStates":false,"code":"none"},{"cycle":128,"processOrdinal":1,"timelineOrdinal":128,"kind":"complete","elapsedMs":13.286916999999448,"pages":1,"totalChanged":false,"mixedStates":false,"code":"none"},{"cycle":129,"processOrdinal":1,"timelineOrdinal":129,"kind":"complete","elapsedMs":12.325458000002982,"pages":1,"totalChanged":false,"mixedStates":false,"code":"none"},{"cycle":130,"processOrdinal":1,"timelineOrdinal":130,"kind":"complete","elapsedMs":12.280374999998457,"pages":1,"totalChanged":false,"mixedStates":false,"code":"none"},{"cycle":131,"processOrdinal":1,"timelineOrdinal":131,"kind":"complete","elapsedMs":12.769916999997804,"pages":1,"totalChanged":false,"mixedStates":false,"code":"none"},{"cycle":132,"processOrdinal":1,"timelineOrdinal":132,"kind":"complete","elapsedMs":13.294167000000016,"pages":1,"totalChanged":false,"mixedStates":false,"code":"none"},{"cycle":133,"processOrdinal":1,"timelineOrdinal":133,"kind":"complete","elapsedMs":12.457875000000058,"pages":1,"totalChanged":false,"mixedStates":false,"code":"none"},{"cycle":134,"processOrdinal":1,"timelineOrdinal":134,"kind":"complete","elapsedMs":12.056708000000071,"pages":1,"totalChanged":false,"mixedStates":false,"code":"none"},{"cycle":135,"processOrdinal":1,"timelineOrdinal":135,"kind":"complete","elapsedMs":12.684917000002315,"pages":1,"totalChanged":false,"mixedStates":false,"code":"none"},{"cycle":136,"processOrdinal":1,"timelineOrdinal":136,"kind":"complete","elapsedMs":12.415000000000873,"pages":1,"totalChanged":false,"mixedStates":false,"code":"none"},{"cycle":137,"processOrdinal":1,"timelineOrdinal":137,"kind":"complete","elapsedMs":12.580666999998357,"pages":1,"totalChanged":false,"mixedStates":false,"code":"none"},{"cycle":138,"processOrdinal":1,"timelineOrdinal":138,"kind":"complete","elapsedMs":12.320083000002342,"pages":1,"totalChanged":false,"mixedStates":false,"code":"none"},{"cycle":139,"processOrdinal":1,"timelineOrdinal":139,"kind":"complete","elapsedMs":12.245707999998558,"pages":1,"totalChanged":false,"mixedStates":false,"code":"none"},{"cycle":140,"processOrdinal":1,"timelineOrdinal":140,"kind":"complete","elapsedMs":12.339541999997891,"pages":1,"totalChanged":false,"mixedStates":false,"code":"none"},{"cycle":141,"processOrdinal":1,"timelineOrdinal":141,"kind":"complete","elapsedMs":12.068875000000844,"pages":1,"totalChanged":false,"mixedStates":false,"code":"none"},{"cycle":142,"processOrdinal":1,"timelineOrdinal":142,"kind":"complete","elapsedMs":11.867958999999246,"pages":1,"totalChanged":false,"mixedStates":false,"code":"none"},{"cycle":143,"processOrdinal":1,"timelineOrdinal":143,"kind":"complete","elapsedMs":12.032166999997571,"pages":1,"totalChanged":false,"mixedStates":false,"code":"none"},{"cycle":144,"processOrdinal":1,"timelineOrdinal":144,"kind":"complete","elapsedMs":12.61945900000137,"pages":1,"totalChanged":false,"mixedStates":false,"code":"none"},{"cycle":145,"processOrdinal":1,"timelineOrdinal":145,"kind":"complete","elapsedMs":12.661665999999968,"pages":1,"totalChanged":false,"mixedStates":false,"code":"none"},{"cycle":146,"processOrdinal":1,"timelineOrdinal":146,"kind":"complete","elapsedMs":12.388999999999214,"pages":1,"totalChanged":false,"mixedStates":false,"code":"none"},{"cycle":147,"processOrdinal":1,"timelineOrdinal":147,"kind":"complete","elapsedMs":12.502792000002955,"pages":1,"totalChanged":false,"mixedStates":false,"code":"none"},{"cycle":148,"processOrdinal":1,"timelineOrdinal":148,"kind":"complete","elapsedMs":12.328291000001627,"pages":1,"totalChanged":false,"mixedStates":false,"code":"none"},{"cycle":149,"processOrdinal":1,"timelineOrdinal":149,"kind":"complete","elapsedMs":13.257708000001003,"pages":1,"totalChanged":false,"mixedStates":false,"code":"none"},{"cycle":150,"processOrdinal":1,"timelineOrdinal":150,"kind":"complete","elapsedMs":12.091415999999299,"pages":1,"totalChanged":false,"mixedStates":false,"code":"none"},{"cycle":151,"processOrdinal":1,"timelineOrdinal":151,"kind":"complete","elapsedMs":12.405125000001135,"pages":1,"totalChanged":false,"mixedStates":false,"code":"none"},{"cycle":152,"processOrdinal":1,"timelineOrdinal":152,"kind":"complete","elapsedMs":12.664042000000336,"pages":1,"totalChanged":false,"mixedStates":false,"code":"none"},{"cycle":153,"processOrdinal":1,"timelineOrdinal":153,"kind":"complete","elapsedMs":12.62145899999814,"pages":1,"totalChanged":false,"mixedStates":false,"code":"none"},{"cycle":154,"processOrdinal":1,"timelineOrdinal":154,"kind":"complete","elapsedMs":25.736165999998775,"pages":1,"totalChanged":false,"mixedStates":false,"code":"none"},{"cycle":155,"processOrdinal":1,"timelineOrdinal":155,"kind":"complete","elapsedMs":25.279249999999593,"pages":1,"totalChanged":false,"mixedStates":false,"code":"none"},{"cycle":156,"processOrdinal":1,"timelineOrdinal":156,"kind":"complete","elapsedMs":363.7235419999997,"pages":1,"totalChanged":false,"mixedStates":false,"code":"none"},{"cycle":157,"processOrdinal":1,"timelineOrdinal":157,"kind":"complete","elapsedMs":203.3189170000005,"pages":1,"totalChanged":false,"mixedStates":false,"code":"none"},{"cycle":158,"processOrdinal":1,"timelineOrdinal":158,"kind":"complete","elapsedMs":24.817416999998386,"pages":1,"totalChanged":false,"mixedStates":false,"code":"none"},{"cycle":159,"processOrdinal":1,"timelineOrdinal":159,"kind":"complete","elapsedMs":24.78337499999907,"pages":1,"totalChanged":false,"mixedStates":false,"code":"none"},{"cycle":160,"processOrdinal":1,"timelineOrdinal":160,"kind":"complete","elapsedMs":24.82145799999853,"pages":1,"totalChanged":false,"mixedStates":false,"code":"none"},{"cycle":161,"processOrdinal":1,"timelineOrdinal":161,"kind":"complete","elapsedMs":26.075667000000976,"pages":1,"totalChanged":false,"mixedStates":false,"code":"none"},{"cycle":162,"processOrdinal":1,"timelineOrdinal":162,"kind":"complete","elapsedMs":24.563082999997278,"pages":1,"totalChanged":false,"mixedStates":false,"code":"none"},{"cycle":163,"processOrdinal":1,"timelineOrdinal":163,"kind":"complete","elapsedMs":25.784750000002532,"pages":1,"totalChanged":false,"mixedStates":false,"code":"none"},{"cycle":164,"processOrdinal":1,"timelineOrdinal":164,"kind":"complete","elapsedMs":26.56341699999757,"pages":1,"totalChanged":false,"mixedStates":false,"code":"none"},{"cycle":165,"processOrdinal":1,"timelineOrdinal":165,"kind":"complete","elapsedMs":25.326333999997587,"pages":1,"totalChanged":false,"mixedStates":false,"code":"none"},{"cycle":166,"processOrdinal":1,"timelineOrdinal":166,"kind":"complete","elapsedMs":25.114707999997336,"pages":1,"totalChanged":false,"mixedStates":false,"code":"none"},{"cycle":167,"processOrdinal":1,"timelineOrdinal":167,"kind":"complete","elapsedMs":26.238957999998092,"pages":1,"totalChanged":false,"mixedStates":false,"code":"none"},{"cycle":168,"processOrdinal":1,"timelineOrdinal":168,"kind":"complete","elapsedMs":24.899790999999823,"pages":1,"totalChanged":false,"mixedStates":false,"code":"none"},{"cycle":169,"processOrdinal":1,"timelineOrdinal":169,"kind":"complete","elapsedMs":25.45074999999997,"pages":1,"totalChanged":false,"mixedStates":false,"code":"none"},{"cycle":170,"processOrdinal":1,"timelineOrdinal":170,"kind":"complete","elapsedMs":25.28754199999821,"pages":1,"totalChanged":false,"mixedStates":false,"code":"none"},{"cycle":171,"processOrdinal":1,"timelineOrdinal":171,"kind":"complete","elapsedMs":25.823707999999897,"pages":1,"totalChanged":false,"mixedStates":false,"code":"none"},{"cycle":172,"processOrdinal":1,"timelineOrdinal":172,"kind":"complete","elapsedMs":25.182458000002953,"pages":1,"totalChanged":false,"mixedStates":false,"code":"none"},{"cycle":173,"processOrdinal":1,"timelineOrdinal":173,"kind":"complete","elapsedMs":25.674541000000318,"pages":1,"totalChanged":false,"mixedStates":false,"code":"none"},{"cycle":174,"processOrdinal":1,"timelineOrdinal":174,"kind":"complete","elapsedMs":25.06945799999812,"pages":1,"totalChanged":false,"mixedStates":false,"code":"none"},{"cycle":175,"processOrdinal":1,"timelineOrdinal":175,"kind":"complete","elapsedMs":24.79883400000108,"pages":1,"totalChanged":false,"mixedStates":false,"code":"none"},{"cycle":176,"processOrdinal":1,"timelineOrdinal":176,"kind":"complete","elapsedMs":24.52916699999696,"pages":1,"totalChanged":false,"mixedStates":false,"code":"none"},{"cycle":177,"processOrdinal":1,"timelineOrdinal":177,"kind":"complete","elapsedMs":24.577582999998413,"pages":1,"totalChanged":false,"mixedStates":false,"code":"none"},{"cycle":178,"processOrdinal":1,"timelineOrdinal":178,"kind":"complete","elapsedMs":24.490916999999172,"pages":1,"totalChanged":false,"mixedStates":false,"code":"none"},{"cycle":179,"processOrdinal":1,"timelineOrdinal":179,"kind":"complete","elapsedMs":25.010834000000614,"pages":1,"totalChanged":false,"mixedStates":false,"code":"none"},{"cycle":180,"processOrdinal":1,"timelineOrdinal":180,"kind":"complete","elapsedMs":25.1293749999968,"pages":1,"totalChanged":false,"mixedStates":false,"code":"none"},{"cycle":181,"processOrdinal":1,"timelineOrdinal":181,"kind":"complete","elapsedMs":25.28533299999981,"pages":1,"totalChanged":false,"mixedStates":false,"code":"none"},{"cycle":182,"processOrdinal":1,"timelineOrdinal":182,"kind":"complete","elapsedMs":24.289749999999913,"pages":1,"totalChanged":false,"mixedStates":false,"code":"none"},{"cycle":183,"processOrdinal":1,"timelineOrdinal":183,"kind":"complete","elapsedMs":634.7974580000009,"pages":1,"totalChanged":false,"mixedStates":false,"code":"none"},{"cycle":184,"processOrdinal":1,"timelineOrdinal":184,"kind":"complete","elapsedMs":781.7857499999991,"pages":1,"totalChanged":false,"mixedStates":false,"code":"none"},{"cycle":185,"processOrdinal":1,"timelineOrdinal":185,"kind":"complete","elapsedMs":469.78433399999994,"pages":1,"totalChanged":false,"mixedStates":false,"code":"none"},{"cycle":186,"processOrdinal":1,"timelineOrdinal":186,"kind":"complete","elapsedMs":347.5074590000004,"pages":1,"totalChanged":false,"mixedStates":false,"code":"none"},{"cycle":187,"processOrdinal":1,"timelineOrdinal":187,"kind":"complete","elapsedMs":351.6774170000026,"pages":1,"totalChanged":false,"mixedStates":false,"code":"none"},{"cycle":188,"processOrdinal":1,"timelineOrdinal":188,"kind":"complete","elapsedMs":346.15420900000026,"pages":1,"totalChanged":false,"mixedStates":false,"code":"none"},{"cycle":189,"processOrdinal":1,"timelineOrdinal":189,"kind":"complete","elapsedMs":355.7828750000008,"pages":1,"totalChanged":false,"mixedStates":false,"code":"none"},{"cycle":190,"processOrdinal":1,"timelineOrdinal":190,"kind":"complete","elapsedMs":394.19204199999876,"pages":1,"totalChanged":false,"mixedStates":false,"code":"none"},{"cycle":191,"processOrdinal":1,"timelineOrdinal":191,"kind":"complete","elapsedMs":374.85541699999885,"pages":1,"totalChanged":false,"mixedStates":false,"code":"none"},{"cycle":192,"processOrdinal":1,"timelineOrdinal":192,"kind":"complete","elapsedMs":363.9583329999987,"pages":1,"totalChanged":false,"mixedStates":false,"code":"none"},{"cycle":193,"processOrdinal":1,"timelineOrdinal":193,"kind":"complete","elapsedMs":1472.0531659999979,"pages":1,"totalChanged":false,"mixedStates":false,"code":"none"},{"cycle":194,"processOrdinal":1,"timelineOrdinal":194,"kind":"complete","elapsedMs":808.8298329999998,"pages":1,"totalChanged":false,"mixedStates":false,"code":"none"},{"cycle":195,"processOrdinal":1,"timelineOrdinal":195,"kind":"complete","elapsedMs":697.7237090000017,"pages":1,"totalChanged":false,"mixedStates":false,"code":"none"},{"cycle":196,"processOrdinal":1,"timelineOrdinal":196,"kind":"complete","elapsedMs":729.9233749999948,"pages":1,"totalChanged":false,"mixedStates":false,"code":"none"},{"cycle":197,"processOrdinal":1,"timelineOrdinal":197,"kind":"complete","elapsedMs":704.7362910000011,"pages":1,"totalChanged":false,"mixedStates":false,"code":"none"},{"cycle":198,"processOrdinal":1,"timelineOrdinal":198,"kind":"complete","elapsedMs":1004.0692090000011,"pages":1,"totalChanged":false,"mixedStates":false,"code":"none"},{"cycle":199,"processOrdinal":1,"timelineOrdinal":199,"kind":"complete","elapsedMs":1703.6240419999958,"pages":1,"totalChanged":false,"mixedStates":false,"code":"none"},{"cycle":200,"processOrdinal":1,"timelineOrdinal":200,"kind":"complete","elapsedMs":1053.7974999999933,"pages":1,"totalChanged":false,"mixedStates":false,"code":"none"},{"cycle":201,"processOrdinal":1,"timelineOrdinal":201,"kind":"complete","elapsedMs":1051.7234590000007,"pages":1,"totalChanged":false,"mixedStates":false,"code":"none"},{"cycle":202,"processOrdinal":1,"timelineOrdinal":202,"kind":"complete","elapsedMs":1051.5202500000014,"pages":1,"totalChanged":false,"mixedStates":false,"code":"none"},{"cycle":203,"processOrdinal":1,"timelineOrdinal":203,"kind":"complete","elapsedMs":1894.9165829999984,"pages":1,"totalChanged":false,"mixedStates":false,"code":"none"}]}
[pass] LP03-B diagnostic copy bytes/hash exact
[job-state-diagnostic] {"diagnosticStatus":"complete","evidenceStatus":"preserved","cleanupAllowed":true,"evidenceFile":"state-7b9cdb27-ec67-489f-9625-9832a586d3f2.json","detailRequested":true}
[job-diagnostic] {"diagnosticStatus":"complete","evidenceStatus":"preserved","cleanupAllowed":true,"evidenceFile":"state-7b9cdb27-ec67-489f-9625-9832a586d3f2.json.detail.json"}
[pass] LP03-B original unchanged after diagnostic
[cleanup] {"root":"/private/var/folders/k0/qhmr6zdx11q0_41wfx4dsd200000gn/T/media-server-current-integration-Cxv5bQ","bytes":172594186,"rootAbsent":true,"failureCount":0,"processes":[{"schema":"recording-process-cleanup-v1","attemptCount":1,"pid":63051,"exitCode":0,"signalCode":null,"exitedObserved":true,"stopCode":"complete","forcedTermination":"not-used","normalExitPass":true,"normalShutdownPass":true,"archiveSafe":true,"ports":[{"kind":"http","port":63353,"status":"pass","code":"closed","closed":true},{"kind":"rtsp","port":63354,"status":"pass","code":"closed","closed":true}]}],"evidencePreservedOrNotRequired":true,"udpClosed":true}
{"mode":"current-actual-app","timelineUnplacedUnit":"file","terminalObservations":[{"processOrdinal":1,"referenceSha256":"8edfdfc6160022120daf36638a86974163c4dc73069cf80f83903797cbea7b87","unplacedUnit":"file","terminalObserved":false,"firstObservedMs":null,"firstPageOffset":null,"firstTimelineOrdinal":null,"mixedStates":true,"observedOutputCount":0,"fullOutputPass":false,"invalid":false,"fullPageStatus":"complete","changedCycles":0,"waitOutcome":"timeout"}],"passed":5,"failed":1,"latencyPass":false,"actualEventPass":false,"restartPass":false,"expectedOutputCount":2,"observedOutputCounts":[],"cleanup":{"rootAbsent":true,"failureCount":0,"processes":[{"schema":"recording-process-cleanup-v1","attemptCount":1,"pid":63051,"exitCode":0,"signalCode":null,"exitedObserved":true,"stopCode":"complete","forcedTermination":"not-used","normalExitPass":true,"normalShutdownPass":true,"archiveSafe":true,"ports":[{"kind":"http","port":63353,"status":"pass","code":"closed","closed":true},{"kind":"rtsp","port":63354,"status":"pass","code":"closed","closed":true}]}],"evidencePreservedOrNotRequired":true},"elapsedMs":52832}
{"mode":"--current-integration","fullFoundationPass":false,"resourceTrendPass":false,"uiFulltestPass":false,"remaining":["final-scope-and-evidence-freeze","30min","120min","UI","resource-trend"],"currentIntegrationExecutionPass":false,"stages":[{"id":"http-api","checks":35,"exit":0,"cleanup":true},{"id":"http-auth","checks":40,"exit":0,"cleanup":true},{"id":"http-lifecycle","checks":10,"exit":0,"cleanup":true},{"id":"default-composition","checks":46,"exit":0,"cleanup":true}],"failedStage":"actual-app","error":"child-execution","notRun":[],"elapsedMs":96274,"tokenStart":null,"tokenEnd":null,"tokenConsumed":null,"tokenSource":"전용집계없음"}
