[recording] file evidence unavailable: file evidence profile/bound 오류
[recording] file evidence unavailable: file evidence profile/bound 오류
[recording] file evidence unavailable: file evidence profile/bound 오류
[pass] D3D-01 actual managed 원본과 jobComplete2출력·physical 검증
[cleanup] path=/private/var/folders/k0/qhmr6zdx11q0_41wfx4dsd200000gn/T/media-server-http-seed.hSJO9o bytes=6701816 removed=true
[elapsed] seconds=2 source=bash-SECONDS
[seed-subcheck] PASS D3D-01 generated2출력 manifest/containment/hash
[http-subcheck] PASS I01 실제 status projection
[http-subcheck] PASS I03/I06 실제 HTTP generated2출력·jobComplete timeline
[http-subcheck] PASS I07 HTTP 전체/부분 중첩 원본 구별
[http-subcheck] PASS D3D-02 accepted 미확인 독립 목록
[http-subcheck] PASS D3D-02 문자열 시간·요청축 보존
[http-subcheck] PASS D3D-04 actual Event output 전체 byte/hash·MIME
[http-subcheck] PASS D3D-04 actual Event output 전체 byte/hash·MIME
[http-subcheck] PASS I17 HTTP 내부 path 비노출
[http-subcheck] PASS I04 HTTP 잘못된 query 거부 8
[http-subcheck] PASS I04 HTTP 잘못된 query 거부 9
[http-subcheck] PASS I04 HTTP 잘못된 query 거부 10
[http-subcheck] PASS I04 HTTP 잘못된 query 거부 11
[http-subcheck] PASS I04 HTTP 잘못된 query 거부 12
[http-subcheck] PASS I20 Range status expected=206 actual=206
[http-subcheck] PASS I20 Range Content-Range 일치
[http-subcheck] PASS I20 Range body expected=4 actual=4 byte 일치
[http-subcheck] PASS I20 range status expected=206 actual=206
[http-subcheck] PASS I20 range Content-Range 일치
[http-subcheck] PASS I20 range body expected=4 actual=4 byte 일치
[http-subcheck] PASS I20 rAnGe status expected=206 actual=206
[http-subcheck] PASS I20 rAnGe Content-Range 일치
[http-subcheck] PASS I20 rAnGe body expected=4 actual=4 byte 일치
[http-subcheck] PASS I20/I21 실제 Range bytes=2-5
[http-subcheck] PASS I20/I21 실제 Range bytes=10-
[http-subcheck] PASS I20/I21 실제 Range bytes=-7
[http-subcheck] PASS I24 HTTP 전체 byte 일치
[http-subcheck] PASS I22 HTTP 범위 거부 bytes=1-0
[http-subcheck] PASS I22 HTTP 범위 거부 bytes=-0
[http-subcheck] PASS I22 HTTP 범위 거부 bytes=0-1,3-4
[http-subcheck] PASS I22 HTTP 범위 거부 bytes=18446744073709551616-
[http-subcheck] PASS I22 HTTP 범위 거부 bytes=0-11002
[http-subcheck] PASS I22 HTTP 범위 거부 invalid
[http-subcheck] PASS I23 실제 HEAD full
[http-subcheck] PASS I23 실제 HEAD bytes=2-5
[http-subcheck] PASS I17 HTTP 없는 opaque ID 거부
[S06 HTTP API] checks=35 fail=0 authMode=off roleTests=NOT_RUN
[cleanup] PASS {"root":"/private/var/folders/k0/qhmr6zdx11q0_41wfx4dsd200000gn/T/media-server-v410-s06-lo0s8r","rootBeforeBytes":2174389,"rootBeforeEntries":311,"rootSymlinksNotFollowed":277,"rootAbsent":true,"process":{"pid":64555,"exitCode":0,"signalCode":null,"graceful":true},"ports":[{"kind":"rtsp","port":64588,"closed":true,"evidence":"ECONNREFUSED"},{"kind":"http","port":64589,"closed":true,"evidence":"ECONNREFUSED"}],"attempted":6,"failureCount":0,"cleanupElapsedMs":585,"verifierElapsedMs":3905}
[recording] file evidence unavailable: file evidence profile/bound 오류
[recording] file evidence unavailable: file evidence profile/bound 오류
[recording] file evidence unavailable: file evidence profile/bound 오류
[pass] D3D-01 actual managed 원본과 jobComplete2출력·physical 검증
[cleanup] path=/private/var/folders/k0/qhmr6zdx11q0_41wfx4dsd200000gn/T/media-server-http-seed.jc178x bytes=6701816 removed=true
[elapsed] seconds=1 source=bash-SECONDS
[seed-subcheck] PASS D3D-01 generated2출력 manifest/containment/hash
[auth-subcheck] PASS I12~I16 principal 0 route 0 expected=200 actual=200
[auth-subcheck] PASS I02 principal 0 허용 채널만 status 반환
[auth-subcheck] PASS I01 principal 0 실제 비녹화 상태
[auth-subcheck] PASS S07-http-observations-global
[auth-subcheck] PASS I02/I17 principal 0 route 0 민감 field 비노출
[auth-subcheck] PASS I12~I16 principal 0 route 1 expected=200 actual=200
[auth-subcheck] PASS I02/I17 principal 0 route 1 민감 field 비노출
[auth-subcheck] PASS I12~I16 principal 0 route 2 expected=200 actual=200
[auth-subcheck] PASS I12~I16 principal 1 route 0 expected=200 actual=200
[auth-subcheck] PASS I02 principal 1 허용 채널만 status 반환
[auth-subcheck] PASS I01 principal 1 실제 비녹화 상태
[auth-subcheck] PASS S07-http-observations-limited principal 1
[auth-subcheck] PASS I02/I17 principal 1 route 0 민감 field 비노출
[auth-subcheck] PASS I12~I16 principal 1 route 1 expected=200 actual=200
[auth-subcheck] PASS I02/I17 principal 1 route 1 민감 field 비노출
[auth-subcheck] PASS I12~I16 principal 1 route 2 expected=200 actual=200
[auth-subcheck] PASS I12~I16 principal 2 route 0 expected=403 actual=403
[auth-subcheck] PASS I02/I17 principal 2 route 0 민감 field 비노출
[auth-subcheck] PASS I12~I16 principal 2 route 1 expected=403 actual=403
[auth-subcheck] PASS I02/I17 principal 2 route 1 민감 field 비노출
[auth-subcheck] PASS I12~I16 principal 2 route 2 expected=403 actual=403
[auth-subcheck] PASS I12~I16 principal 3 route 0 expected=200 actual=200
[auth-subcheck] PASS I02 principal 3 허용 채널만 status 반환
[auth-subcheck] PASS I01 principal 3 실제 비녹화 상태
[auth-subcheck] PASS S07-http-observations-limited principal 3
[auth-subcheck] PASS I02/I17 principal 3 route 0 민감 field 비노출
[auth-subcheck] PASS I12~I16 principal 3 route 1 expected=403 actual=403
[auth-subcheck] PASS I02/I17 principal 3 route 1 민감 field 비노출
[auth-subcheck] PASS I12~I16 principal 3 route 2 expected=404 actual=404
[auth-subcheck] PASS I12~I16 principal 4 route 0 expected=403 actual=403
[auth-subcheck] PASS I02/I17 principal 4 route 0 민감 field 비노출
[auth-subcheck] PASS I12~I16 principal 4 route 1 expected=403 actual=403
[auth-subcheck] PASS I02/I17 principal 4 route 1 민감 field 비노출
[auth-subcheck] PASS I12~I16 principal 4 route 2 expected=403 actual=403
[auth-subcheck] PASS I15 미인증 API expected=401 actual=401
[auth-subcheck] PASS I15 미인증 API expected=401 actual=401
[auth-subcheck] PASS I15 미인증 API expected=401 actual=401
[auth-subcheck] PASS I16 operator의 다른 채널 조회 거부
[auth-subcheck] PASS I34 viewer 녹화 화면 거부 status=403
[auth-subcheck] PASS I17 인증 fixture plaintext 저장 없음
[S06 HTTP AUTH] checks=40 fail=0 actualUiActions=NOT_RUN
[cleanup] PASS {"root":"/private/var/folders/k0/qhmr6zdx11q0_41wfx4dsd200000gn/T/media-server-v410-s06-RhNPEd","rootBeforeBytes":2446575,"rootBeforeEntries":314,"rootSymlinksNotFollowed":277,"rootAbsent":true,"process":{"pid":64637,"exitCode":0,"signalCode":null,"graceful":true},"ports":[{"kind":"rtsp","port":64632,"closed":true,"evidence":"ECONNREFUSED"},{"kind":"http","port":64633,"closed":true,"evidence":"ECONNREFUSED"}],"attempted":6,"failureCount":0,"cleanupElapsedMs":383,"verifierElapsedMs":3664}
[recording] file evidence unavailable: file evidence profile/bound 오류
[recording] file evidence unavailable: file evidence profile/bound 오류
[recording] file evidence unavailable: file evidence profile/bound 오류
[pass] D3D-01 actual managed 원본과 jobComplete2출력·physical 검증
[pass] D3D-07 valid MP4 free atom64MiB·최종 physical/hash 검증
[cleanup] path=/private/var/folders/k0/qhmr6zdx11q0_41wfx4dsd200000gn/T/media-server-http-seed.S4GRhc bytes=6701816 removed=true
[elapsed] seconds=1 source=bash-SECONDS
[seed-subcheck] PASS D3D-01 generated2출력 manifest/containment/hash
[lifecycle-subcheck] PASS I24 큰 파일 status/길이
[lifecycle-subcheck] PASS I24 64MiB 전체 streaming hash 일치
[lifecycle-subcheck] PASS I25 전체 응답 뒤 hold0
[lifecycle-subcheck] PASS I24 256KiB 경계 Range byte 일치
[lifecycle-subcheck] PASS I26 disconnect 전 실제 hold1
[lifecycle-subcheck] PASS I26 disconnect 뒤 실제 hold0
[lifecycle-subcheck] PASS I26 disconnect 뒤 서버 health200
[lifecycle-subcheck] PASS I26 서버 종료 전 실제 hold1
[lifecycle-subcheck] PASS I26 활성 전송 중 정상 종료
[lifecycle-subcheck] PASS I26 정상 종료 후 영속 hold0
[S06 HTTP lifecycle] checks=10 fail=0 codecPlayback=NOT_RUN
[cleanup] PASS {"root":"/private/var/folders/k0/qhmr6zdx11q0_41wfx4dsd200000gn/T/media-server-v410-s06-4F6F2i","rootBeforeBytes":69285138,"rootBeforeEntries":312,"rootSymlinksNotFollowed":277,"rootAbsent":true,"process":{"pid":64718,"exitCode":0,"signalCode":null,"graceful":true},"ports":[{"kind":"rtsp","port":64680,"closed":true,"evidence":"ECONNREFUSED"},{"kind":"http","port":64681,"closed":true,"evidence":"ECONNREFUSED"}],"attempted":6,"failureCount":0,"cleanupElapsedMs":28,"verifierElapsedMs":4035}
[pass] D02-03 동일 source/channel/ns immutable snapshot 전달
[pass] D02-03 다른 channel 증거 혼합 거부
[pass] D02-03 stop namespace 증거 삭제
[pass] D02-03 cache capacity 이전 namespace eviction
[pass] D02-03 전체 stop 후 publication/query 거부
[pass] D02-01 신규 root 자동 내구 store identity
[pass] D02-01 재개방 동일 store identity
[pass] D02-01 서로 다른 root 난수 identity 구별
[pass] D02-02 managed lease 동시 소유 거부
[pass] D02-01 명시 ID 기존 계약 유지
[pass] D02-02 명시 ID 충돌 원본 marker 보존
[pass] D02-02 같은 init 내구 ID 복구
[pass] D02-02 legacy nonempty 변환·삭제 거부
[pass] D02-02 손상/unknown marker 덮어쓰기 거부
[pass] D02-06 실제 H264 입력 준비
[recording] file evidence unavailable: file evidence profile/bound 오류
[recording] file evidence unavailable: file evidence profile/bound 오류
[pass] D02-05 실제 V2 finalized startup 미디어 전수 검사
[pass] D02-05 실제 V2 size/hash 손상 감지·catalog Mark
[pass] D02-10 default 준비16s·500ms·33회 예산
[pass] D02-10 overflow 요청은60s/121회 capped 사유 보존
[pass] D02-06 on 구성의 동일 managed store/catalog writer 결박
[pass] D02-07 빈 저장소 runtime 복구 함수
[pass] D02-06 off managed 형식 유지·미디어 비생산
[pass] D02-04/11 raw key→numeric 참조·history null provider 접수·공개 record 불변
[pass] D02-11 raw stream/channel/sourcecontext 모순은 신규 저장·접수 없음
[summary] pass=24 fail=0
[recording] file evidence unavailable: file evidence profile/bound 오류
[pass] D02-06 off/on 재개방 동일 store identity
[pass] D02-07 실제 producer 시작 전 runtime 복구
[pass] D02-06 실제 supervisor/session off 생산0·기존 segment 보존
[pass] D02-08 실제 source/session 종료 owner0
[pass] D02-06 off/on 재개방 동일 store identity
[pass] D02-07 실제 producer 시작 전 runtime 복구
[recording] file evidence unavailable: file evidence profile/bound 오류
[pass] D02-06 실제 supervisor/session on 숫자 채널 V2 파일 생성
[pass] D02-08 실제 source/session 종료 owner0
[pass] D02-06 off/on 재개방 동일 store identity
[pass] D02-07 실제 producer 시작 전 runtime 복구
[pass] D02-06 실제 supervisor/session off 생산0·기존 segment 보존
[pass] D02-08 실제 source/session 종료 owner0
[pass] D02-06 off/on 재개방 동일 store identity
[pass] D02-07 실제 producer 시작 전 runtime 복구
[recording] file evidence unavailable: file evidence profile/bound 오류
[pass] D02-06 실제 supervisor/session on 숫자 채널 V2 파일 생성
[pass] D02-08 실제 source/session 종료 owner0
[summary] pass=16 fail=0
[recording] file evidence unavailable: file evidence profile/bound 오류
[recording] file evidence unavailable: file evidence profile/bound 오류
[recording] file evidence unavailable: file evidence profile/bound 오류
[decode] frames=80 eos=1
[decode] frames=30 eos=1
[measured] decoded=201 event_elapsed_ms=13695 state=complete reason=complete
[pass] D02-04/10 실제 default10s+post5s 후행 finalize·동시 실제decoder cache·2출력 decode
[summary] pass=1 fail=0
[pass] D02-01 crypto-off OS CSPRNG 생성/재개방 identity
[pass] D02-08 provider 조회 재진입·동시 멱등·Stop 후 Submit 재검사
[recording] file evidence unavailable: file evidence profile/bound 오류
[process] committed child exit=23 expected=23
[pass] D02-07 runtime startup committed-parent recovery/보호/물리검사 순서
[recording] file evidence unavailable: file evidence profile/bound 오류
[process] blocked child exit=23 expected=23
[pass] D02-07 runtime startup blocked-parent recovery/보호/물리검사 순서
[recording] file evidence unavailable: file evidence profile/bound 오류
[pass] D02-07 runtime startup intent recovery/보호/물리검사 순서
[cleanup] path=/private/var/folders/k0/qhmr6zdx11q0_41wfx4dsd200000gn/T/media-server-default-composition.iU2d9g bytes=15216746 removed=true
[elapsed] seconds=31 source=bash-SECONDS
[timeline-query-mode] {"unplacedUnit":"file","knownUnit":"mapping","maxLeafItems":4096,"maxBytes":67108864}
[process-start] {"processOrdinal":1,"pid":64856,"ports":[{"kind":"http","port":64722},{"kind":"rtsp","port":64723}]}
[http-timing] {"sequence":1,"timelineOrdinal":null,"processOrdinal":1,"method":"GET","routeClass":"health","status":null,"headerElapsedMs":null,"bodyElapsedMs":null,"totalElapsedMs":3,"bytes":0,"phase":"header","outcome":"error"}
[http-timing] {"sequence":2,"timelineOrdinal":null,"processOrdinal":1,"method":"GET","routeClass":"health","status":null,"headerElapsedMs":null,"bodyElapsedMs":null,"totalElapsedMs":1,"bytes":0,"phase":"header","outcome":"error"}
[http-timing] {"sequence":3,"timelineOrdinal":null,"processOrdinal":1,"method":"GET","routeClass":"health","status":null,"headerElapsedMs":null,"bodyElapsedMs":null,"totalElapsedMs":1,"bytes":0,"phase":"header","outcome":"error"}
[http-timing] {"sequence":4,"timelineOrdinal":null,"processOrdinal":1,"method":"GET","routeClass":"health","status":null,"headerElapsedMs":null,"bodyElapsedMs":null,"totalElapsedMs":1,"bytes":0,"phase":"header","outcome":"error"}
[http-timing] {"sequence":5,"timelineOrdinal":null,"processOrdinal":1,"method":"GET","routeClass":"health","status":null,"headerElapsedMs":null,"bodyElapsedMs":null,"totalElapsedMs":1,"bytes":0,"phase":"header","outcome":"error"}
[http-timing] {"sequence":6,"timelineOrdinal":null,"processOrdinal":1,"method":"GET","routeClass":"health","status":null,"headerElapsedMs":null,"bodyElapsedMs":null,"totalElapsedMs":1,"bytes":0,"phase":"header","outcome":"error"}
[http-timing] {"sequence":7,"timelineOrdinal":null,"processOrdinal":1,"method":"GET","routeClass":"health","status":null,"headerElapsedMs":null,"bodyElapsedMs":null,"totalElapsedMs":1,"bytes":0,"phase":"header","outcome":"error"}
[http-timing] {"sequence":8,"timelineOrdinal":null,"processOrdinal":1,"method":"GET","routeClass":"health","status":null,"headerElapsedMs":null,"bodyElapsedMs":null,"totalElapsedMs":1,"bytes":0,"phase":"header","outcome":"error"}
[http-timing] {"sequence":9,"timelineOrdinal":null,"processOrdinal":1,"method":"GET","routeClass":"health","status":null,"headerElapsedMs":null,"bodyElapsedMs":null,"totalElapsedMs":1,"bytes":0,"phase":"header","outcome":"error"}
[http-timing] {"sequence":10,"timelineOrdinal":null,"processOrdinal":1,"method":"GET","routeClass":"health","status":null,"headerElapsedMs":null,"bodyElapsedMs":null,"totalElapsedMs":1,"bytes":0,"phase":"header","outcome":"error"}
[http-timing] {"sequence":11,"timelineOrdinal":null,"processOrdinal":1,"method":"GET","routeClass":"health","status":null,"headerElapsedMs":null,"bodyElapsedMs":null,"totalElapsedMs":0,"bytes":0,"phase":"header","outcome":"error"}
[http-timing] {"sequence":12,"timelineOrdinal":null,"processOrdinal":1,"method":"GET","routeClass":"health","status":null,"headerElapsedMs":null,"bodyElapsedMs":null,"totalElapsedMs":0,"bytes":0,"phase":"header","outcome":"error"}
[http-timing] {"sequence":13,"timelineOrdinal":null,"processOrdinal":1,"method":"GET","routeClass":"health","status":200,"headerElapsedMs":4,"bodyElapsedMs":1,"totalElapsedMs":5,"bytes":15,"phase":"complete","outcome":"ok"}
[http-timing] {"sequence":14,"timelineOrdinal":null,"processOrdinal":1,"method":"GET","routeClass":"ice","status":200,"headerElapsedMs":1,"bodyElapsedMs":0,"totalElapsedMs":1,"bytes":222,"phase":"complete","outcome":"ok"}
[pass] S11-CI09 product-1 healthy isolated ICE
[http-timing] {"sequence":15,"timelineOrdinal":null,"processOrdinal":1,"method":"POST","routeClass":"source","status":201,"headerElapsedMs":70,"bodyElapsedMs":0,"totalElapsedMs":70,"bytes":428,"phase":"complete","outcome":"ok"}
[http-timing] {"sequence":16,"timelineOrdinal":null,"processOrdinal":1,"method":"POST","routeClass":"tap-create","status":200,"headerElapsedMs":23,"bodyElapsedMs":0,"totalElapsedMs":23,"bytes":1187,"phase":"complete","outcome":"ok"}
[http-timing] {"sequence":17,"timelineOrdinal":1,"processOrdinal":1,"method":"GET","routeClass":"timeline","status":200,"headerElapsedMs":1,"bodyElapsedMs":0,"totalElapsedMs":1,"bytes":82,"phase":"complete","outcome":"ok"}
[timeline-page-observation] {"cycle":1,"processOrdinal":1,"timelineOrdinal":1,"kind":"page","elapsedMs":1.8240829999999733,"offset":0,"total":0,"unplacedTotal":0,"states":{"intent":0,"ready":0,"committed":0,"complete":0,"failed":0,"other":0}}
[timeline-page-observation] {"cycle":1,"processOrdinal":1,"timelineOrdinal":1,"kind":"complete","elapsedMs":1.8681659999997464,"pages":1,"totalChanged":false,"mixedStates":false,"code":"none"}
[http-timing] {"sequence":18,"timelineOrdinal":2,"processOrdinal":1,"method":"GET","routeClass":"timeline","status":200,"headerElapsedMs":1,"bodyElapsedMs":0,"totalElapsedMs":1,"bytes":82,"phase":"complete","outcome":"ok"}
[timeline-page-observation] {"cycle":2,"processOrdinal":1,"timelineOrdinal":2,"kind":"page","elapsedMs":1.8174999999996544,"offset":0,"total":0,"unplacedTotal":0,"states":{"intent":0,"ready":0,"committed":0,"complete":0,"failed":0,"other":0}}
[timeline-page-observation] {"cycle":2,"processOrdinal":1,"timelineOrdinal":2,"kind":"complete","elapsedMs":1.8504579999998896,"pages":1,"totalChanged":false,"mixedStates":false,"code":"none"}
[http-timing] {"sequence":19,"timelineOrdinal":3,"processOrdinal":1,"method":"GET","routeClass":"timeline","status":200,"headerElapsedMs":1,"bodyElapsedMs":0,"totalElapsedMs":1,"bytes":82,"phase":"complete","outcome":"ok"}
[timeline-page-observation] {"cycle":3,"processOrdinal":1,"timelineOrdinal":3,"kind":"page","elapsedMs":1.806332999999995,"offset":0,"total":0,"unplacedTotal":0,"states":{"intent":0,"ready":0,"committed":0,"complete":0,"failed":0,"other":0}}
[timeline-page-observation] {"cycle":3,"processOrdinal":1,"timelineOrdinal":3,"kind":"complete","elapsedMs":1.8316249999998035,"pages":1,"totalChanged":false,"mixedStates":false,"code":"none"}
[http-timing] {"sequence":20,"timelineOrdinal":4,"processOrdinal":1,"method":"GET","routeClass":"timeline","status":200,"headerElapsedMs":1,"bodyElapsedMs":0,"totalElapsedMs":1,"bytes":82,"phase":"complete","outcome":"ok"}
[timeline-page-observation] {"cycle":4,"processOrdinal":1,"timelineOrdinal":4,"kind":"page","elapsedMs":2.0031659999999647,"offset":0,"total":0,"unplacedTotal":0,"states":{"intent":0,"ready":0,"committed":0,"complete":0,"failed":0,"other":0}}
[timeline-page-observation] {"cycle":4,"processOrdinal":1,"timelineOrdinal":4,"kind":"complete","elapsedMs":2.0243329999998423,"pages":1,"totalChanged":false,"mixedStates":false,"code":"none"}
[http-timing] {"sequence":21,"timelineOrdinal":5,"processOrdinal":1,"method":"GET","routeClass":"timeline","status":200,"headerElapsedMs":1,"bodyElapsedMs":0,"totalElapsedMs":1,"bytes":82,"phase":"complete","outcome":"ok"}
[timeline-page-observation] {"cycle":5,"processOrdinal":1,"timelineOrdinal":5,"kind":"page","elapsedMs":1.7376659999999902,"offset":0,"total":0,"unplacedTotal":0,"states":{"intent":0,"ready":0,"committed":0,"complete":0,"failed":0,"other":0}}
[timeline-page-observation] {"cycle":5,"processOrdinal":1,"timelineOrdinal":5,"kind":"complete","elapsedMs":1.765875000000051,"pages":1,"totalChanged":false,"mixedStates":false,"code":"none"}
[http-timing] {"sequence":22,"timelineOrdinal":6,"processOrdinal":1,"method":"GET","routeClass":"timeline","status":200,"headerElapsedMs":1,"bodyElapsedMs":0,"totalElapsedMs":1,"bytes":82,"phase":"complete","outcome":"ok"}
[timeline-page-observation] {"cycle":6,"processOrdinal":1,"timelineOrdinal":6,"kind":"page","elapsedMs":1.6119579999999587,"offset":0,"total":0,"unplacedTotal":0,"states":{"intent":0,"ready":0,"committed":0,"complete":0,"failed":0,"other":0}}
[timeline-page-observation] {"cycle":6,"processOrdinal":1,"timelineOrdinal":6,"kind":"complete","elapsedMs":1.6422499999998763,"pages":1,"totalChanged":false,"mixedStates":false,"code":"none"}
[http-timing] {"sequence":23,"timelineOrdinal":7,"processOrdinal":1,"method":"GET","routeClass":"timeline","status":200,"headerElapsedMs":1,"bodyElapsedMs":0,"totalElapsedMs":1,"bytes":82,"phase":"complete","outcome":"ok"}
[timeline-page-observation] {"cycle":7,"processOrdinal":1,"timelineOrdinal":7,"kind":"page","elapsedMs":2.0865420000000086,"offset":0,"total":0,"unplacedTotal":0,"states":{"intent":0,"ready":0,"committed":0,"complete":0,"failed":0,"other":0}}
[timeline-page-observation] {"cycle":7,"processOrdinal":1,"timelineOrdinal":7,"kind":"complete","elapsedMs":2.1048329999998714,"pages":1,"totalChanged":false,"mixedStates":false,"code":"none"}
[http-timing] {"sequence":24,"timelineOrdinal":8,"processOrdinal":1,"method":"GET","routeClass":"timeline","status":200,"headerElapsedMs":1,"bodyElapsedMs":0,"totalElapsedMs":1,"bytes":82,"phase":"complete","outcome":"ok"}
[timeline-page-observation] {"cycle":8,"processOrdinal":1,"timelineOrdinal":8,"kind":"page","elapsedMs":1.4677910000000338,"offset":0,"total":0,"unplacedTotal":0,"states":{"intent":0,"ready":0,"committed":0,"complete":0,"failed":0,"other":0}}
[timeline-page-observation] {"cycle":8,"processOrdinal":1,"timelineOrdinal":8,"kind":"complete","elapsedMs":1.4808750000001965,"pages":1,"totalChanged":false,"mixedStates":false,"code":"none"}
[http-timing] {"sequence":25,"timelineOrdinal":9,"processOrdinal":1,"method":"GET","routeClass":"timeline","status":200,"headerElapsedMs":1,"bodyElapsedMs":0,"totalElapsedMs":1,"bytes":82,"phase":"complete","outcome":"ok"}
[timeline-page-observation] {"cycle":9,"processOrdinal":1,"timelineOrdinal":9,"kind":"page","elapsedMs":1.6449999999999818,"offset":0,"total":0,"unplacedTotal":0,"states":{"intent":0,"ready":0,"committed":0,"complete":0,"failed":0,"other":0}}
[timeline-page-observation] {"cycle":9,"processOrdinal":1,"timelineOrdinal":9,"kind":"complete","elapsedMs":1.659541999999874,"pages":1,"totalChanged":false,"mixedStates":false,"code":"none"}
[http-timing] {"sequence":26,"timelineOrdinal":10,"processOrdinal":1,"method":"GET","routeClass":"timeline","status":200,"headerElapsedMs":1,"bodyElapsedMs":0,"totalElapsedMs":1,"bytes":82,"phase":"complete","outcome":"ok"}
[timeline-page-observation] {"cycle":10,"processOrdinal":1,"timelineOrdinal":10,"kind":"page","elapsedMs":1.5766250000001492,"offset":0,"total":0,"unplacedTotal":0,"states":{"intent":0,"ready":0,"committed":0,"complete":0,"failed":0,"other":0}}
[timeline-page-observation] {"cycle":10,"processOrdinal":1,"timelineOrdinal":10,"kind":"complete","elapsedMs":1.5910420000000158,"pages":1,"totalChanged":false,"mixedStates":false,"code":"none"}
[http-timing] {"sequence":27,"timelineOrdinal":11,"processOrdinal":1,"method":"GET","routeClass":"timeline","status":200,"headerElapsedMs":1,"bodyElapsedMs":0,"totalElapsedMs":1,"bytes":82,"phase":"complete","outcome":"ok"}
[timeline-page-observation] {"cycle":11,"processOrdinal":1,"timelineOrdinal":11,"kind":"page","elapsedMs":1.8417920000001686,"offset":0,"total":0,"unplacedTotal":0,"states":{"intent":0,"ready":0,"committed":0,"complete":0,"failed":0,"other":0}}
[timeline-page-observation] {"cycle":11,"processOrdinal":1,"timelineOrdinal":11,"kind":"complete","elapsedMs":1.8578750000001492,"pages":1,"totalChanged":false,"mixedStates":false,"code":"none"}
[http-timing] {"sequence":28,"timelineOrdinal":12,"processOrdinal":1,"method":"GET","routeClass":"timeline","status":200,"headerElapsedMs":1,"bodyElapsedMs":0,"totalElapsedMs":1,"bytes":82,"phase":"complete","outcome":"ok"}
[timeline-page-observation] {"cycle":12,"processOrdinal":1,"timelineOrdinal":12,"kind":"page","elapsedMs":1.911124999999629,"offset":0,"total":0,"unplacedTotal":0,"states":{"intent":0,"ready":0,"committed":0,"complete":0,"failed":0,"other":0}}
[timeline-page-observation] {"cycle":12,"processOrdinal":1,"timelineOrdinal":12,"kind":"complete","elapsedMs":1.9245419999997466,"pages":1,"totalChanged":false,"mixedStates":false,"code":"none"}
[http-timing] {"sequence":29,"timelineOrdinal":13,"processOrdinal":1,"method":"GET","routeClass":"timeline","status":200,"headerElapsedMs":1,"bodyElapsedMs":0,"totalElapsedMs":1,"bytes":82,"phase":"complete","outcome":"ok"}
[timeline-page-observation] {"cycle":13,"processOrdinal":1,"timelineOrdinal":13,"kind":"page","elapsedMs":1.6469999999999345,"offset":0,"total":0,"unplacedTotal":0,"states":{"intent":0,"ready":0,"committed":0,"complete":0,"failed":0,"other":0}}
[timeline-page-observation] {"cycle":13,"processOrdinal":1,"timelineOrdinal":13,"kind":"complete","elapsedMs":1.6596669999998994,"pages":1,"totalChanged":false,"mixedStates":false,"code":"none"}
[http-timing] {"sequence":30,"timelineOrdinal":14,"processOrdinal":1,"method":"GET","routeClass":"timeline","status":200,"headerElapsedMs":1,"bodyElapsedMs":0,"totalElapsedMs":1,"bytes":82,"phase":"complete","outcome":"ok"}
[timeline-page-observation] {"cycle":14,"processOrdinal":1,"timelineOrdinal":14,"kind":"page","elapsedMs":1.5802499999999782,"offset":0,"total":0,"unplacedTotal":0,"states":{"intent":0,"ready":0,"committed":0,"complete":0,"failed":0,"other":0}}
[timeline-page-observation] {"cycle":14,"processOrdinal":1,"timelineOrdinal":14,"kind":"complete","elapsedMs":1.597041999999874,"pages":1,"totalChanged":false,"mixedStates":false,"code":"none"}
[http-timing] {"sequence":31,"timelineOrdinal":15,"processOrdinal":1,"method":"GET","routeClass":"timeline","status":200,"headerElapsedMs":1,"bodyElapsedMs":0,"totalElapsedMs":1,"bytes":82,"phase":"complete","outcome":"ok"}
[timeline-page-observation] {"cycle":15,"processOrdinal":1,"timelineOrdinal":15,"kind":"page","elapsedMs":1.7371250000001055,"offset":0,"total":0,"unplacedTotal":0,"states":{"intent":0,"ready":0,"committed":0,"complete":0,"failed":0,"other":0}}
[timeline-page-observation] {"cycle":15,"processOrdinal":1,"timelineOrdinal":15,"kind":"complete","elapsedMs":1.7530830000000606,"pages":1,"totalChanged":false,"mixedStates":false,"code":"none"}
[http-timing] {"sequence":32,"timelineOrdinal":16,"processOrdinal":1,"method":"GET","routeClass":"timeline","status":200,"headerElapsedMs":1,"bodyElapsedMs":0,"totalElapsedMs":1,"bytes":82,"phase":"complete","outcome":"ok"}
[timeline-page-observation] {"cycle":16,"processOrdinal":1,"timelineOrdinal":16,"kind":"page","elapsedMs":1.6484580000001188,"offset":0,"total":0,"unplacedTotal":0,"states":{"intent":0,"ready":0,"committed":0,"complete":0,"failed":0,"other":0}}
[timeline-page-observation] {"cycle":16,"processOrdinal":1,"timelineOrdinal":16,"kind":"complete","elapsedMs":1.6632079999999405,"pages":1,"totalChanged":false,"mixedStates":false,"code":"none"}
[http-timing] {"sequence":33,"timelineOrdinal":17,"processOrdinal":1,"method":"GET","routeClass":"timeline","status":200,"headerElapsedMs":1,"bodyElapsedMs":0,"totalElapsedMs":1,"bytes":82,"phase":"complete","outcome":"ok"}
[timeline-page-observation] {"cycle":17,"processOrdinal":1,"timelineOrdinal":17,"kind":"page","elapsedMs":1.6055830000000242,"offset":0,"total":0,"unplacedTotal":0,"states":{"intent":0,"ready":0,"committed":0,"complete":0,"failed":0,"other":0}}
[timeline-page-observation] {"cycle":17,"processOrdinal":1,"timelineOrdinal":17,"kind":"complete","elapsedMs":1.618167000000085,"pages":1,"totalChanged":false,"mixedStates":false,"code":"none"}
[http-timing] {"sequence":34,"timelineOrdinal":18,"processOrdinal":1,"method":"GET","routeClass":"timeline","status":200,"headerElapsedMs":1,"bodyElapsedMs":0,"totalElapsedMs":1,"bytes":82,"phase":"complete","outcome":"ok"}
[timeline-page-observation] {"cycle":18,"processOrdinal":1,"timelineOrdinal":18,"kind":"page","elapsedMs":1.755916999999954,"offset":0,"total":0,"unplacedTotal":0,"states":{"intent":0,"ready":0,"committed":0,"complete":0,"failed":0,"other":0}}
[timeline-page-observation] {"cycle":18,"processOrdinal":1,"timelineOrdinal":18,"kind":"complete","elapsedMs":1.7692500000002838,"pages":1,"totalChanged":false,"mixedStates":false,"code":"none"}
[http-timing] {"sequence":35,"timelineOrdinal":19,"processOrdinal":1,"method":"GET","routeClass":"timeline","status":200,"headerElapsedMs":1,"bodyElapsedMs":0,"totalElapsedMs":1,"bytes":82,"phase":"complete","outcome":"ok"}
[timeline-page-observation] {"cycle":19,"processOrdinal":1,"timelineOrdinal":19,"kind":"page","elapsedMs":1.646125000000211,"offset":0,"total":0,"unplacedTotal":0,"states":{"intent":0,"ready":0,"committed":0,"complete":0,"failed":0,"other":0}}
[timeline-page-observation] {"cycle":19,"processOrdinal":1,"timelineOrdinal":19,"kind":"complete","elapsedMs":1.6735830000002352,"pages":1,"totalChanged":false,"mixedStates":false,"code":"none"}
[http-timing] {"sequence":36,"timelineOrdinal":20,"processOrdinal":1,"method":"GET","routeClass":"timeline","status":200,"headerElapsedMs":1,"bodyElapsedMs":0,"totalElapsedMs":1,"bytes":82,"phase":"complete","outcome":"ok"}
[timeline-page-observation] {"cycle":20,"processOrdinal":1,"timelineOrdinal":20,"kind":"page","elapsedMs":1.7509589999999662,"offset":0,"total":0,"unplacedTotal":0,"states":{"intent":0,"ready":0,"committed":0,"complete":0,"failed":0,"other":0}}
[timeline-page-observation] {"cycle":20,"processOrdinal":1,"timelineOrdinal":20,"kind":"complete","elapsedMs":1.765625,"pages":1,"totalChanged":false,"mixedStates":false,"code":"none"}
[http-timing] {"sequence":37,"timelineOrdinal":21,"processOrdinal":1,"method":"GET","routeClass":"timeline","status":200,"headerElapsedMs":1,"bodyElapsedMs":0,"totalElapsedMs":1,"bytes":82,"phase":"complete","outcome":"ok"}
[timeline-page-observation] {"cycle":21,"processOrdinal":1,"timelineOrdinal":21,"kind":"page","elapsedMs":1.4589999999998327,"offset":0,"total":0,"unplacedTotal":0,"states":{"intent":0,"ready":0,"committed":0,"complete":0,"failed":0,"other":0}}
[timeline-page-observation] {"cycle":21,"processOrdinal":1,"timelineOrdinal":21,"kind":"complete","elapsedMs":1.470249999999396,"pages":1,"totalChanged":false,"mixedStates":false,"code":"none"}
[http-timing] {"sequence":38,"timelineOrdinal":22,"processOrdinal":1,"method":"GET","routeClass":"timeline","status":200,"headerElapsedMs":1,"bodyElapsedMs":0,"totalElapsedMs":1,"bytes":82,"phase":"complete","outcome":"ok"}
[timeline-page-observation] {"cycle":22,"processOrdinal":1,"timelineOrdinal":22,"kind":"page","elapsedMs":1.9812080000001515,"offset":0,"total":0,"unplacedTotal":0,"states":{"intent":0,"ready":0,"committed":0,"complete":0,"failed":0,"other":0}}
[timeline-page-observation] {"cycle":22,"processOrdinal":1,"timelineOrdinal":22,"kind":"complete","elapsedMs":1.993666999999732,"pages":1,"totalChanged":false,"mixedStates":false,"code":"none"}
[http-timing] {"sequence":39,"timelineOrdinal":23,"processOrdinal":1,"method":"GET","routeClass":"timeline","status":200,"headerElapsedMs":1,"bodyElapsedMs":0,"totalElapsedMs":1,"bytes":82,"phase":"complete","outcome":"ok"}
[timeline-page-observation] {"cycle":23,"processOrdinal":1,"timelineOrdinal":23,"kind":"page","elapsedMs":1.5390409999999974,"offset":0,"total":0,"unplacedTotal":0,"states":{"intent":0,"ready":0,"committed":0,"complete":0,"failed":0,"other":0}}
[timeline-page-observation] {"cycle":23,"processOrdinal":1,"timelineOrdinal":23,"kind":"complete","elapsedMs":1.5501659999999902,"pages":1,"totalChanged":false,"mixedStates":false,"code":"none"}
[http-timing] {"sequence":40,"timelineOrdinal":24,"processOrdinal":1,"method":"GET","routeClass":"timeline","status":200,"headerElapsedMs":1,"bodyElapsedMs":0,"totalElapsedMs":1,"bytes":82,"phase":"complete","outcome":"ok"}
[timeline-page-observation] {"cycle":24,"processOrdinal":1,"timelineOrdinal":24,"kind":"page","elapsedMs":1.7997910000003685,"offset":0,"total":0,"unplacedTotal":0,"states":{"intent":0,"ready":0,"committed":0,"complete":0,"failed":0,"other":0}}
[timeline-page-observation] {"cycle":24,"processOrdinal":1,"timelineOrdinal":24,"kind":"complete","elapsedMs":1.8160829999997077,"pages":1,"totalChanged":false,"mixedStates":false,"code":"none"}
[http-timing] {"sequence":41,"timelineOrdinal":25,"processOrdinal":1,"method":"GET","routeClass":"timeline","status":200,"headerElapsedMs":1,"bodyElapsedMs":0,"totalElapsedMs":1,"bytes":82,"phase":"complete","outcome":"ok"}
[timeline-page-observation] {"cycle":25,"processOrdinal":1,"timelineOrdinal":25,"kind":"page","elapsedMs":1.7177499999997963,"offset":0,"total":0,"unplacedTotal":0,"states":{"intent":0,"ready":0,"committed":0,"complete":0,"failed":0,"other":0}}
[timeline-page-observation] {"cycle":25,"processOrdinal":1,"timelineOrdinal":25,"kind":"complete","elapsedMs":1.7313750000002983,"pages":1,"totalChanged":false,"mixedStates":false,"code":"none"}
[http-timing] {"sequence":42,"timelineOrdinal":26,"processOrdinal":1,"method":"GET","routeClass":"timeline","status":200,"headerElapsedMs":1,"bodyElapsedMs":0,"totalElapsedMs":1,"bytes":82,"phase":"complete","outcome":"ok"}
[timeline-page-observation] {"cycle":26,"processOrdinal":1,"timelineOrdinal":26,"kind":"page","elapsedMs":1.5074169999998048,"offset":0,"total":0,"unplacedTotal":0,"states":{"intent":0,"ready":0,"committed":0,"complete":0,"failed":0,"other":0}}
[timeline-page-observation] {"cycle":26,"processOrdinal":1,"timelineOrdinal":26,"kind":"complete","elapsedMs":1.5217920000004597,"pages":1,"totalChanged":false,"mixedStates":false,"code":"none"}
[http-timing] {"sequence":43,"timelineOrdinal":27,"processOrdinal":1,"method":"GET","routeClass":"timeline","status":200,"headerElapsedMs":1,"bodyElapsedMs":0,"totalElapsedMs":1,"bytes":82,"phase":"complete","outcome":"ok"}
[timeline-page-observation] {"cycle":27,"processOrdinal":1,"timelineOrdinal":27,"kind":"page","elapsedMs":1.580417000000125,"offset":0,"total":0,"unplacedTotal":0,"states":{"intent":0,"ready":0,"committed":0,"complete":0,"failed":0,"other":0}}
[timeline-page-observation] {"cycle":27,"processOrdinal":1,"timelineOrdinal":27,"kind":"complete","elapsedMs":1.5944169999993392,"pages":1,"totalChanged":false,"mixedStates":false,"code":"none"}
[http-timing] {"sequence":44,"timelineOrdinal":28,"processOrdinal":1,"method":"GET","routeClass":"timeline","status":200,"headerElapsedMs":1,"bodyElapsedMs":0,"totalElapsedMs":1,"bytes":82,"phase":"complete","outcome":"ok"}
[timeline-page-observation] {"cycle":28,"processOrdinal":1,"timelineOrdinal":28,"kind":"page","elapsedMs":1.8554590000003373,"offset":0,"total":0,"unplacedTotal":0,"states":{"intent":0,"ready":0,"committed":0,"complete":0,"failed":0,"other":0}}
[timeline-page-observation] {"cycle":28,"processOrdinal":1,"timelineOrdinal":28,"kind":"complete","elapsedMs":1.8699169999999867,"pages":1,"totalChanged":false,"mixedStates":false,"code":"none"}
[http-timing] {"sequence":45,"timelineOrdinal":29,"processOrdinal":1,"method":"GET","routeClass":"timeline","status":200,"headerElapsedMs":1,"bodyElapsedMs":0,"totalElapsedMs":1,"bytes":82,"phase":"complete","outcome":"ok"}
[timeline-page-observation] {"cycle":29,"processOrdinal":1,"timelineOrdinal":29,"kind":"page","elapsedMs":1.6022500000008222,"offset":0,"total":0,"unplacedTotal":0,"states":{"intent":0,"ready":0,"committed":0,"complete":0,"failed":0,"other":0}}
[timeline-page-observation] {"cycle":29,"processOrdinal":1,"timelineOrdinal":29,"kind":"complete","elapsedMs":1.616083000000799,"pages":1,"totalChanged":false,"mixedStates":false,"code":"none"}
[http-timing] {"sequence":46,"timelineOrdinal":30,"processOrdinal":1,"method":"GET","routeClass":"timeline","status":200,"headerElapsedMs":1,"bodyElapsedMs":0,"totalElapsedMs":1,"bytes":82,"phase":"complete","outcome":"ok"}
[timeline-page-observation] {"cycle":30,"processOrdinal":1,"timelineOrdinal":30,"kind":"page","elapsedMs":1.6126659999999902,"offset":0,"total":0,"unplacedTotal":0,"states":{"intent":0,"ready":0,"committed":0,"complete":0,"failed":0,"other":0}}
[timeline-page-observation] {"cycle":30,"processOrdinal":1,"timelineOrdinal":30,"kind":"complete","elapsedMs":1.6250829999999041,"pages":1,"totalChanged":false,"mixedStates":false,"code":"none"}
[http-timing] {"sequence":47,"timelineOrdinal":31,"processOrdinal":1,"method":"GET","routeClass":"timeline","status":200,"headerElapsedMs":1,"bodyElapsedMs":0,"totalElapsedMs":1,"bytes":82,"phase":"complete","outcome":"ok"}
[timeline-page-observation] {"cycle":31,"processOrdinal":1,"timelineOrdinal":31,"kind":"page","elapsedMs":1.5669590000006792,"offset":0,"total":0,"unplacedTotal":0,"states":{"intent":0,"ready":0,"committed":0,"complete":0,"failed":0,"other":0}}
[timeline-page-observation] {"cycle":31,"processOrdinal":1,"timelineOrdinal":31,"kind":"complete","elapsedMs":1.5795420000004015,"pages":1,"totalChanged":false,"mixedStates":false,"code":"none"}
[http-timing] {"sequence":48,"timelineOrdinal":32,"processOrdinal":1,"method":"GET","routeClass":"timeline","status":200,"headerElapsedMs":1,"bodyElapsedMs":0,"totalElapsedMs":1,"bytes":82,"phase":"complete","outcome":"ok"}
[timeline-page-observation] {"cycle":32,"processOrdinal":1,"timelineOrdinal":32,"kind":"page","elapsedMs":1.5013749999998254,"offset":0,"total":0,"unplacedTotal":0,"states":{"intent":0,"ready":0,"committed":0,"complete":0,"failed":0,"other":0}}
[timeline-page-observation] {"cycle":32,"processOrdinal":1,"timelineOrdinal":32,"kind":"complete","elapsedMs":1.51391699999931,"pages":1,"totalChanged":false,"mixedStates":false,"code":"none"}
[http-timing] {"sequence":49,"timelineOrdinal":33,"processOrdinal":1,"method":"GET","routeClass":"timeline","status":200,"headerElapsedMs":1,"bodyElapsedMs":0,"totalElapsedMs":1,"bytes":82,"phase":"complete","outcome":"ok"}
[timeline-page-observation] {"cycle":33,"processOrdinal":1,"timelineOrdinal":33,"kind":"page","elapsedMs":1.9099159999996118,"offset":0,"total":0,"unplacedTotal":0,"states":{"intent":0,"ready":0,"committed":0,"complete":0,"failed":0,"other":0}}
[timeline-page-observation] {"cycle":33,"processOrdinal":1,"timelineOrdinal":33,"kind":"complete","elapsedMs":1.9214999999994689,"pages":1,"totalChanged":false,"mixedStates":false,"code":"none"}
[http-timing] {"sequence":50,"timelineOrdinal":34,"processOrdinal":1,"method":"GET","routeClass":"timeline","status":200,"headerElapsedMs":1,"bodyElapsedMs":0,"totalElapsedMs":1,"bytes":82,"phase":"complete","outcome":"ok"}
[timeline-page-observation] {"cycle":34,"processOrdinal":1,"timelineOrdinal":34,"kind":"page","elapsedMs":1.476875000000291,"offset":0,"total":0,"unplacedTotal":0,"states":{"intent":0,"ready":0,"committed":0,"complete":0,"failed":0,"other":0}}
[timeline-page-observation] {"cycle":34,"processOrdinal":1,"timelineOrdinal":34,"kind":"complete","elapsedMs":1.4885410000006232,"pages":1,"totalChanged":false,"mixedStates":false,"code":"none"}
[http-timing] {"sequence":51,"timelineOrdinal":35,"processOrdinal":1,"method":"GET","routeClass":"timeline","status":200,"headerElapsedMs":1,"bodyElapsedMs":0,"totalElapsedMs":1,"bytes":82,"phase":"complete","outcome":"ok"}
[timeline-page-observation] {"cycle":35,"processOrdinal":1,"timelineOrdinal":35,"kind":"page","elapsedMs":1.484042000000045,"offset":0,"total":0,"unplacedTotal":0,"states":{"intent":0,"ready":0,"committed":0,"complete":0,"failed":0,"other":0}}
[timeline-page-observation] {"cycle":35,"processOrdinal":1,"timelineOrdinal":35,"kind":"complete","elapsedMs":1.4954580000003261,"pages":1,"totalChanged":false,"mixedStates":false,"code":"none"}
[http-timing] {"sequence":52,"timelineOrdinal":36,"processOrdinal":1,"method":"GET","routeClass":"timeline","status":200,"headerElapsedMs":1,"bodyElapsedMs":0,"totalElapsedMs":1,"bytes":82,"phase":"complete","outcome":"ok"}
[timeline-page-observation] {"cycle":36,"processOrdinal":1,"timelineOrdinal":36,"kind":"page","elapsedMs":1.5213749999993524,"offset":0,"total":0,"unplacedTotal":0,"states":{"intent":0,"ready":0,"committed":0,"complete":0,"failed":0,"other":0}}
[timeline-page-observation] {"cycle":36,"processOrdinal":1,"timelineOrdinal":36,"kind":"complete","elapsedMs":1.5336249999991196,"pages":1,"totalChanged":false,"mixedStates":false,"code":"none"}
[http-timing] {"sequence":53,"timelineOrdinal":37,"processOrdinal":1,"method":"GET","routeClass":"timeline","status":200,"headerElapsedMs":1,"bodyElapsedMs":0,"totalElapsedMs":1,"bytes":82,"phase":"complete","outcome":"ok"}
[timeline-page-observation] {"cycle":37,"processOrdinal":1,"timelineOrdinal":37,"kind":"page","elapsedMs":1.4585000000006403,"offset":0,"total":0,"unplacedTotal":0,"states":{"intent":0,"ready":0,"committed":0,"complete":0,"failed":0,"other":0}}
[timeline-page-observation] {"cycle":37,"processOrdinal":1,"timelineOrdinal":37,"kind":"complete","elapsedMs":1.4695410000003903,"pages":1,"totalChanged":false,"mixedStates":false,"code":"none"}
[http-timing] {"sequence":54,"timelineOrdinal":38,"processOrdinal":1,"method":"GET","routeClass":"timeline","status":200,"headerElapsedMs":1,"bodyElapsedMs":0,"totalElapsedMs":1,"bytes":82,"phase":"complete","outcome":"ok"}
[timeline-page-observation] {"cycle":38,"processOrdinal":1,"timelineOrdinal":38,"kind":"page","elapsedMs":1.705500000000029,"offset":0,"total":0,"unplacedTotal":0,"states":{"intent":0,"ready":0,"committed":0,"complete":0,"failed":0,"other":0}}
[timeline-page-observation] {"cycle":38,"processOrdinal":1,"timelineOrdinal":38,"kind":"complete","elapsedMs":1.7427499999994325,"pages":1,"totalChanged":false,"mixedStates":false,"code":"none"}
[http-timing] {"sequence":55,"timelineOrdinal":39,"processOrdinal":1,"method":"GET","routeClass":"timeline","status":200,"headerElapsedMs":1,"bodyElapsedMs":0,"totalElapsedMs":1,"bytes":82,"phase":"complete","outcome":"ok"}
[timeline-page-observation] {"cycle":39,"processOrdinal":1,"timelineOrdinal":39,"kind":"page","elapsedMs":1.5652079999999842,"offset":0,"total":0,"unplacedTotal":0,"states":{"intent":0,"ready":0,"committed":0,"complete":0,"failed":0,"other":0}}
[timeline-page-observation] {"cycle":39,"processOrdinal":1,"timelineOrdinal":39,"kind":"complete","elapsedMs":1.578457999999955,"pages":1,"totalChanged":false,"mixedStates":false,"code":"none"}
[http-timing] {"sequence":56,"timelineOrdinal":40,"processOrdinal":1,"method":"GET","routeClass":"timeline","status":200,"headerElapsedMs":1,"bodyElapsedMs":0,"totalElapsedMs":1,"bytes":82,"phase":"complete","outcome":"ok"}
[timeline-page-observation] {"cycle":40,"processOrdinal":1,"timelineOrdinal":40,"kind":"page","elapsedMs":2.193457999999737,"offset":0,"total":0,"unplacedTotal":0,"states":{"intent":0,"ready":0,"committed":0,"complete":0,"failed":0,"other":0}}
[timeline-page-observation] {"cycle":40,"processOrdinal":1,"timelineOrdinal":40,"kind":"complete","elapsedMs":2.2064999999993233,"pages":1,"totalChanged":false,"mixedStates":false,"code":"none"}
[http-timing] {"sequence":57,"timelineOrdinal":41,"processOrdinal":1,"method":"GET","routeClass":"timeline","status":200,"headerElapsedMs":1,"bodyElapsedMs":0,"totalElapsedMs":1,"bytes":82,"phase":"complete","outcome":"ok"}
[timeline-page-observation] {"cycle":41,"processOrdinal":1,"timelineOrdinal":41,"kind":"page","elapsedMs":1.55462499999976,"offset":0,"total":0,"unplacedTotal":0,"states":{"intent":0,"ready":0,"committed":0,"complete":0,"failed":0,"other":0}}
[timeline-page-observation] {"cycle":41,"processOrdinal":1,"timelineOrdinal":41,"kind":"complete","elapsedMs":1.570082999999613,"pages":1,"totalChanged":false,"mixedStates":false,"code":"none"}
[http-timing] {"sequence":58,"timelineOrdinal":42,"processOrdinal":1,"method":"GET","routeClass":"timeline","status":200,"headerElapsedMs":1,"bodyElapsedMs":0,"totalElapsedMs":1,"bytes":82,"phase":"complete","outcome":"ok"}
[timeline-page-observation] {"cycle":42,"processOrdinal":1,"timelineOrdinal":42,"kind":"page","elapsedMs":1.4465000000000146,"offset":0,"total":0,"unplacedTotal":0,"states":{"intent":0,"ready":0,"committed":0,"complete":0,"failed":0,"other":0}}
[timeline-page-observation] {"cycle":42,"processOrdinal":1,"timelineOrdinal":42,"kind":"complete","elapsedMs":1.4584589999994932,"pages":1,"totalChanged":false,"mixedStates":false,"code":"none"}
[http-timing] {"sequence":59,"timelineOrdinal":43,"processOrdinal":1,"method":"GET","routeClass":"timeline","status":200,"headerElapsedMs":1,"bodyElapsedMs":0,"totalElapsedMs":1,"bytes":82,"phase":"complete","outcome":"ok"}
[timeline-page-observation] {"cycle":43,"processOrdinal":1,"timelineOrdinal":43,"kind":"page","elapsedMs":1.5084579999993366,"offset":0,"total":0,"unplacedTotal":0,"states":{"intent":0,"ready":0,"committed":0,"complete":0,"failed":0,"other":0}}
[timeline-page-observation] {"cycle":43,"processOrdinal":1,"timelineOrdinal":43,"kind":"complete","elapsedMs":1.522541999999703,"pages":1,"totalChanged":false,"mixedStates":false,"code":"none"}
[http-timing] {"sequence":60,"timelineOrdinal":44,"processOrdinal":1,"method":"GET","routeClass":"timeline","status":200,"headerElapsedMs":1,"bodyElapsedMs":0,"totalElapsedMs":1,"bytes":82,"phase":"complete","outcome":"ok"}
[timeline-page-observation] {"cycle":44,"processOrdinal":1,"timelineOrdinal":44,"kind":"page","elapsedMs":1.5965420000002268,"offset":0,"total":0,"unplacedTotal":0,"states":{"intent":0,"ready":0,"committed":0,"complete":0,"failed":0,"other":0}}
[timeline-page-observation] {"cycle":44,"processOrdinal":1,"timelineOrdinal":44,"kind":"complete","elapsedMs":1.6089590000001408,"pages":1,"totalChanged":false,"mixedStates":false,"code":"none"}
[http-timing] {"sequence":61,"timelineOrdinal":45,"processOrdinal":1,"method":"GET","routeClass":"timeline","status":200,"headerElapsedMs":1,"bodyElapsedMs":0,"totalElapsedMs":1,"bytes":82,"phase":"complete","outcome":"ok"}
[timeline-page-observation] {"cycle":45,"processOrdinal":1,"timelineOrdinal":45,"kind":"page","elapsedMs":1.704874999999447,"offset":0,"total":0,"unplacedTotal":0,"states":{"intent":0,"ready":0,"committed":0,"complete":0,"failed":0,"other":0}}
[timeline-page-observation] {"cycle":45,"processOrdinal":1,"timelineOrdinal":45,"kind":"complete","elapsedMs":1.7177499999997963,"pages":1,"totalChanged":false,"mixedStates":false,"code":"none"}
[http-timing] {"sequence":62,"timelineOrdinal":46,"processOrdinal":1,"method":"GET","routeClass":"timeline","status":200,"headerElapsedMs":1,"bodyElapsedMs":0,"totalElapsedMs":1,"bytes":82,"phase":"complete","outcome":"ok"}
[timeline-page-observation] {"cycle":46,"processOrdinal":1,"timelineOrdinal":46,"kind":"page","elapsedMs":1.5032499999997526,"offset":0,"total":0,"unplacedTotal":0,"states":{"intent":0,"ready":0,"committed":0,"complete":0,"failed":0,"other":0}}
[timeline-page-observation] {"cycle":46,"processOrdinal":1,"timelineOrdinal":46,"kind":"complete","elapsedMs":1.515374999999949,"pages":1,"totalChanged":false,"mixedStates":false,"code":"none"}
[http-timing] {"sequence":63,"timelineOrdinal":47,"processOrdinal":1,"method":"GET","routeClass":"timeline","status":200,"headerElapsedMs":1,"bodyElapsedMs":0,"totalElapsedMs":1,"bytes":82,"phase":"complete","outcome":"ok"}
[timeline-page-observation] {"cycle":47,"processOrdinal":1,"timelineOrdinal":47,"kind":"page","elapsedMs":1.7063749999997526,"offset":0,"total":0,"unplacedTotal":0,"states":{"intent":0,"ready":0,"committed":0,"complete":0,"failed":0,"other":0}}
[timeline-page-observation] {"cycle":47,"processOrdinal":1,"timelineOrdinal":47,"kind":"complete","elapsedMs":1.7186670000000959,"pages":1,"totalChanged":false,"mixedStates":false,"code":"none"}
[http-timing] {"sequence":64,"timelineOrdinal":48,"processOrdinal":1,"method":"GET","routeClass":"timeline","status":200,"headerElapsedMs":1,"bodyElapsedMs":0,"totalElapsedMs":1,"bytes":82,"phase":"complete","outcome":"ok"}
[timeline-page-observation] {"cycle":48,"processOrdinal":1,"timelineOrdinal":48,"kind":"page","elapsedMs":1.5389169999998558,"offset":0,"total":0,"unplacedTotal":0,"states":{"intent":0,"ready":0,"committed":0,"complete":0,"failed":0,"other":0}}
[timeline-page-observation] {"cycle":48,"processOrdinal":1,"timelineOrdinal":48,"kind":"complete","elapsedMs":1.5533339999992677,"pages":1,"totalChanged":false,"mixedStates":false,"code":"none"}
[http-timing] {"sequence":65,"timelineOrdinal":49,"processOrdinal":1,"method":"GET","routeClass":"timeline","status":200,"headerElapsedMs":1,"bodyElapsedMs":0,"totalElapsedMs":1,"bytes":82,"phase":"complete","outcome":"ok"}
[timeline-page-observation] {"cycle":49,"processOrdinal":1,"timelineOrdinal":49,"kind":"page","elapsedMs":1.6023329999998168,"offset":0,"total":0,"unplacedTotal":0,"states":{"intent":0,"ready":0,"committed":0,"complete":0,"failed":0,"other":0}}
[timeline-page-observation] {"cycle":49,"processOrdinal":1,"timelineOrdinal":49,"kind":"complete","elapsedMs":1.614249999999629,"pages":1,"totalChanged":false,"mixedStates":false,"code":"none"}
[http-timing] {"sequence":66,"timelineOrdinal":50,"processOrdinal":1,"method":"GET","routeClass":"timeline","status":200,"headerElapsedMs":1,"bodyElapsedMs":0,"totalElapsedMs":1,"bytes":82,"phase":"complete","outcome":"ok"}
[timeline-page-observation] {"cycle":50,"processOrdinal":1,"timelineOrdinal":50,"kind":"page","elapsedMs":1.574416999999812,"offset":0,"total":0,"unplacedTotal":0,"states":{"intent":0,"ready":0,"committed":0,"complete":0,"failed":0,"other":0}}
[timeline-page-observation] {"cycle":50,"processOrdinal":1,"timelineOrdinal":50,"kind":"complete","elapsedMs":1.5853329999999914,"pages":1,"totalChanged":false,"mixedStates":false,"code":"none"}
[http-timing] {"sequence":67,"timelineOrdinal":51,"processOrdinal":1,"method":"GET","routeClass":"timeline","status":200,"headerElapsedMs":1,"bodyElapsedMs":0,"totalElapsedMs":1,"bytes":82,"phase":"complete","outcome":"ok"}
[timeline-page-observation] {"cycle":51,"processOrdinal":1,"timelineOrdinal":51,"kind":"page","elapsedMs":1.9186250000002474,"offset":0,"total":0,"unplacedTotal":0,"states":{"intent":0,"ready":0,"committed":0,"complete":0,"failed":0,"other":0}}
[timeline-page-observation] {"cycle":51,"processOrdinal":1,"timelineOrdinal":51,"kind":"complete","elapsedMs":1.9312090000003082,"pages":1,"totalChanged":false,"mixedStates":false,"code":"none"}
[http-timing] {"sequence":68,"timelineOrdinal":52,"processOrdinal":1,"method":"GET","routeClass":"timeline","status":200,"headerElapsedMs":1,"bodyElapsedMs":0,"totalElapsedMs":1,"bytes":82,"phase":"complete","outcome":"ok"}
[timeline-page-observation] {"cycle":52,"processOrdinal":1,"timelineOrdinal":52,"kind":"page","elapsedMs":1.7501250000004802,"offset":0,"total":0,"unplacedTotal":0,"states":{"intent":0,"ready":0,"committed":0,"complete":0,"failed":0,"other":0}}
[timeline-page-observation] {"cycle":52,"processOrdinal":1,"timelineOrdinal":52,"kind":"complete","elapsedMs":1.7647920000008526,"pages":1,"totalChanged":false,"mixedStates":false,"code":"none"}
[http-timing] {"sequence":69,"timelineOrdinal":53,"processOrdinal":1,"method":"GET","routeClass":"timeline","status":200,"headerElapsedMs":5,"bodyElapsedMs":0,"totalElapsedMs":5,"bytes":82,"phase":"complete","outcome":"ok"}
[timeline-page-observation] {"cycle":53,"processOrdinal":1,"timelineOrdinal":53,"kind":"page","elapsedMs":6.2624580000001515,"offset":0,"total":0,"unplacedTotal":0,"states":{"intent":0,"ready":0,"committed":0,"complete":0,"failed":0,"other":0}}
[timeline-page-observation] {"cycle":53,"processOrdinal":1,"timelineOrdinal":53,"kind":"complete","elapsedMs":6.2878749999999854,"pages":1,"totalChanged":false,"mixedStates":false,"code":"none"}
[http-timing] {"sequence":70,"timelineOrdinal":54,"processOrdinal":1,"method":"GET","routeClass":"timeline","status":200,"headerElapsedMs":1,"bodyElapsedMs":0,"totalElapsedMs":1,"bytes":82,"phase":"complete","outcome":"ok"}
[timeline-page-observation] {"cycle":54,"processOrdinal":1,"timelineOrdinal":54,"kind":"page","elapsedMs":1.5684579999997368,"offset":0,"total":0,"unplacedTotal":0,"states":{"intent":0,"ready":0,"committed":0,"complete":0,"failed":0,"other":0}}
[timeline-page-observation] {"cycle":54,"processOrdinal":1,"timelineOrdinal":54,"kind":"complete","elapsedMs":1.5968329999996058,"pages":1,"totalChanged":false,"mixedStates":false,"code":"none"}
[http-timing] {"sequence":71,"timelineOrdinal":55,"processOrdinal":1,"method":"GET","routeClass":"timeline","status":200,"headerElapsedMs":1,"bodyElapsedMs":0,"totalElapsedMs":1,"bytes":82,"phase":"complete","outcome":"ok"}
[timeline-page-observation] {"cycle":55,"processOrdinal":1,"timelineOrdinal":55,"kind":"page","elapsedMs":1.8762909999995827,"offset":0,"total":0,"unplacedTotal":0,"states":{"intent":0,"ready":0,"committed":0,"complete":0,"failed":0,"other":0}}
[timeline-page-observation] {"cycle":55,"processOrdinal":1,"timelineOrdinal":55,"kind":"complete","elapsedMs":1.8913329999995767,"pages":1,"totalChanged":false,"mixedStates":false,"code":"none"}
[http-timing] {"sequence":72,"timelineOrdinal":56,"processOrdinal":1,"method":"GET","routeClass":"timeline","status":200,"headerElapsedMs":1,"bodyElapsedMs":0,"totalElapsedMs":1,"bytes":82,"phase":"complete","outcome":"ok"}
[timeline-page-observation] {"cycle":56,"processOrdinal":1,"timelineOrdinal":56,"kind":"page","elapsedMs":1.5229170000002341,"offset":0,"total":0,"unplacedTotal":0,"states":{"intent":0,"ready":0,"committed":0,"complete":0,"failed":0,"other":0}}
[timeline-page-observation] {"cycle":56,"processOrdinal":1,"timelineOrdinal":56,"kind":"complete","elapsedMs":1.5369590000000244,"pages":1,"totalChanged":false,"mixedStates":false,"code":"none"}
[http-timing] {"sequence":73,"timelineOrdinal":57,"processOrdinal":1,"method":"GET","routeClass":"timeline","status":200,"headerElapsedMs":1,"bodyElapsedMs":0,"totalElapsedMs":1,"bytes":82,"phase":"complete","outcome":"ok"}
[timeline-page-observation] {"cycle":57,"processOrdinal":1,"timelineOrdinal":57,"kind":"page","elapsedMs":1.7517079999997804,"offset":0,"total":0,"unplacedTotal":0,"states":{"intent":0,"ready":0,"committed":0,"complete":0,"failed":0,"other":0}}
[timeline-page-observation] {"cycle":57,"processOrdinal":1,"timelineOrdinal":57,"kind":"complete","elapsedMs":1.7681249999995998,"pages":1,"totalChanged":false,"mixedStates":false,"code":"none"}
[http-timing] {"sequence":74,"timelineOrdinal":58,"processOrdinal":1,"method":"GET","routeClass":"timeline","status":200,"headerElapsedMs":1,"bodyElapsedMs":0,"totalElapsedMs":1,"bytes":82,"phase":"complete","outcome":"ok"}
[timeline-page-observation] {"cycle":58,"processOrdinal":1,"timelineOrdinal":58,"kind":"page","elapsedMs":1.4294159999999465,"offset":0,"total":0,"unplacedTotal":0,"states":{"intent":0,"ready":0,"committed":0,"complete":0,"failed":0,"other":0}}
[timeline-page-observation] {"cycle":58,"processOrdinal":1,"timelineOrdinal":58,"kind":"complete","elapsedMs":1.4403330000004644,"pages":1,"totalChanged":false,"mixedStates":false,"code":"none"}
[http-timing] {"sequence":75,"timelineOrdinal":59,"processOrdinal":1,"method":"GET","routeClass":"timeline","status":200,"headerElapsedMs":1,"bodyElapsedMs":0,"totalElapsedMs":1,"bytes":82,"phase":"complete","outcome":"ok"}
[timeline-page-observation] {"cycle":59,"processOrdinal":1,"timelineOrdinal":59,"kind":"page","elapsedMs":1.691500000000815,"offset":0,"total":0,"unplacedTotal":0,"states":{"intent":0,"ready":0,"committed":0,"complete":0,"failed":0,"other":0}}
[timeline-page-observation] {"cycle":59,"processOrdinal":1,"timelineOrdinal":59,"kind":"complete","elapsedMs":1.7046669999999722,"pages":1,"totalChanged":false,"mixedStates":false,"code":"none"}
[http-timing] {"sequence":76,"timelineOrdinal":60,"processOrdinal":1,"method":"GET","routeClass":"timeline","status":200,"headerElapsedMs":1,"bodyElapsedMs":0,"totalElapsedMs":1,"bytes":82,"phase":"complete","outcome":"ok"}
[timeline-page-observation] {"cycle":60,"processOrdinal":1,"timelineOrdinal":60,"kind":"page","elapsedMs":1.9622079999990092,"offset":0,"total":0,"unplacedTotal":0,"states":{"intent":0,"ready":0,"committed":0,"complete":0,"failed":0,"other":0}}
[timeline-page-observation] {"cycle":60,"processOrdinal":1,"timelineOrdinal":60,"kind":"complete","elapsedMs":1.9760420000002341,"pages":1,"totalChanged":false,"mixedStates":false,"code":"none"}
[http-timing] {"sequence":77,"timelineOrdinal":61,"processOrdinal":1,"method":"GET","routeClass":"timeline","status":200,"headerElapsedMs":1,"bodyElapsedMs":0,"totalElapsedMs":1,"bytes":82,"phase":"complete","outcome":"ok"}
[timeline-page-observation] {"cycle":61,"processOrdinal":1,"timelineOrdinal":61,"kind":"page","elapsedMs":1.5523339999999735,"offset":0,"total":0,"unplacedTotal":0,"states":{"intent":0,"ready":0,"committed":0,"complete":0,"failed":0,"other":0}}
[timeline-page-observation] {"cycle":61,"processOrdinal":1,"timelineOrdinal":61,"kind":"complete","elapsedMs":1.5668339999992895,"pages":1,"totalChanged":false,"mixedStates":false,"code":"none"}
[http-timing] {"sequence":78,"timelineOrdinal":62,"processOrdinal":1,"method":"GET","routeClass":"timeline","status":200,"headerElapsedMs":1,"bodyElapsedMs":0,"totalElapsedMs":1,"bytes":82,"phase":"complete","outcome":"ok"}
[timeline-page-observation] {"cycle":62,"processOrdinal":1,"timelineOrdinal":62,"kind":"page","elapsedMs":1.4783749999987776,"offset":0,"total":0,"unplacedTotal":0,"states":{"intent":0,"ready":0,"committed":0,"complete":0,"failed":0,"other":0}}
[timeline-page-observation] {"cycle":62,"processOrdinal":1,"timelineOrdinal":62,"kind":"complete","elapsedMs":1.491041999999652,"pages":1,"totalChanged":false,"mixedStates":false,"code":"none"}
[http-timing] {"sequence":79,"timelineOrdinal":63,"processOrdinal":1,"method":"GET","routeClass":"timeline","status":200,"headerElapsedMs":1,"bodyElapsedMs":0,"totalElapsedMs":1,"bytes":82,"phase":"complete","outcome":"ok"}
[timeline-page-observation] {"cycle":63,"processOrdinal":1,"timelineOrdinal":63,"kind":"page","elapsedMs":1.512416999999914,"offset":0,"total":0,"unplacedTotal":0,"states":{"intent":0,"ready":0,"committed":0,"complete":0,"failed":0,"other":0}}
[timeline-page-observation] {"cycle":63,"processOrdinal":1,"timelineOrdinal":63,"kind":"complete","elapsedMs":1.5249170000006416,"pages":1,"totalChanged":false,"mixedStates":false,"code":"none"}
[http-timing] {"sequence":80,"timelineOrdinal":64,"processOrdinal":1,"method":"GET","routeClass":"timeline","status":200,"headerElapsedMs":1,"bodyElapsedMs":0,"totalElapsedMs":1,"bytes":82,"phase":"complete","outcome":"ok"}
[timeline-page-observation] {"cycle":64,"processOrdinal":1,"timelineOrdinal":64,"kind":"page","elapsedMs":1.5030829999996058,"offset":0,"total":0,"unplacedTotal":0,"states":{"intent":0,"ready":0,"committed":0,"complete":0,"failed":0,"other":0}}
[timeline-page-observation] {"cycle":64,"processOrdinal":1,"timelineOrdinal":64,"kind":"complete","elapsedMs":1.5175419999995938,"pages":1,"totalChanged":false,"mixedStates":false,"code":"none"}
[http-timing] {"sequence":81,"timelineOrdinal":65,"processOrdinal":1,"method":"GET","routeClass":"timeline","status":200,"headerElapsedMs":1,"bodyElapsedMs":0,"totalElapsedMs":1,"bytes":82,"phase":"complete","outcome":"ok"}
[timeline-page-observation] {"cycle":65,"processOrdinal":1,"timelineOrdinal":65,"kind":"page","elapsedMs":1.5968749999992724,"offset":0,"total":0,"unplacedTotal":0,"states":{"intent":0,"ready":0,"committed":0,"complete":0,"failed":0,"other":0}}
[timeline-page-observation] {"cycle":65,"processOrdinal":1,"timelineOrdinal":65,"kind":"complete","elapsedMs":1.6098330000004353,"pages":1,"totalChanged":false,"mixedStates":false,"code":"none"}
[http-timing] {"sequence":82,"timelineOrdinal":66,"processOrdinal":1,"method":"GET","routeClass":"timeline","status":200,"headerElapsedMs":1,"bodyElapsedMs":0,"totalElapsedMs":1,"bytes":82,"phase":"complete","outcome":"ok"}
[timeline-page-observation] {"cycle":66,"processOrdinal":1,"timelineOrdinal":66,"kind":"page","elapsedMs":1.4146249999994325,"offset":0,"total":0,"unplacedTotal":0,"states":{"intent":0,"ready":0,"committed":0,"complete":0,"failed":0,"other":0}}
[timeline-page-observation] {"cycle":66,"processOrdinal":1,"timelineOrdinal":66,"kind":"complete","elapsedMs":1.4270829999986745,"pages":1,"totalChanged":false,"mixedStates":false,"code":"none"}
[http-timing] {"sequence":83,"timelineOrdinal":67,"processOrdinal":1,"method":"GET","routeClass":"timeline","status":200,"headerElapsedMs":1,"bodyElapsedMs":0,"totalElapsedMs":1,"bytes":82,"phase":"complete","outcome":"ok"}
[timeline-page-observation] {"cycle":67,"processOrdinal":1,"timelineOrdinal":67,"kind":"page","elapsedMs":1.4260839999988093,"offset":0,"total":0,"unplacedTotal":0,"states":{"intent":0,"ready":0,"committed":0,"complete":0,"failed":0,"other":0}}
[timeline-page-observation] {"cycle":67,"processOrdinal":1,"timelineOrdinal":67,"kind":"complete","elapsedMs":1.4373749999995198,"pages":1,"totalChanged":false,"mixedStates":false,"code":"none"}
[http-timing] {"sequence":84,"timelineOrdinal":68,"processOrdinal":1,"method":"GET","routeClass":"timeline","status":200,"headerElapsedMs":1,"bodyElapsedMs":0,"totalElapsedMs":1,"bytes":82,"phase":"complete","outcome":"ok"}
[timeline-page-observation] {"cycle":68,"processOrdinal":1,"timelineOrdinal":68,"kind":"page","elapsedMs":1.480541999999332,"offset":0,"total":0,"unplacedTotal":0,"states":{"intent":0,"ready":0,"committed":0,"complete":0,"failed":0,"other":0}}
[timeline-page-observation] {"cycle":68,"processOrdinal":1,"timelineOrdinal":68,"kind":"complete","elapsedMs":1.4941249999992579,"pages":1,"totalChanged":false,"mixedStates":false,"code":"none"}
[http-timing] {"sequence":85,"timelineOrdinal":69,"processOrdinal":1,"method":"GET","routeClass":"timeline","status":200,"headerElapsedMs":1,"bodyElapsedMs":0,"totalElapsedMs":1,"bytes":82,"phase":"complete","outcome":"ok"}
[timeline-page-observation] {"cycle":69,"processOrdinal":1,"timelineOrdinal":69,"kind":"page","elapsedMs":1.5820000000003347,"offset":0,"total":0,"unplacedTotal":0,"states":{"intent":0,"ready":0,"committed":0,"complete":0,"failed":0,"other":0}}
[timeline-page-observation] {"cycle":69,"processOrdinal":1,"timelineOrdinal":69,"kind":"complete","elapsedMs":1.5936250000013388,"pages":1,"totalChanged":false,"mixedStates":false,"code":"none"}
[http-timing] {"sequence":86,"timelineOrdinal":70,"processOrdinal":1,"method":"GET","routeClass":"timeline","status":200,"headerElapsedMs":1,"bodyElapsedMs":0,"totalElapsedMs":1,"bytes":82,"phase":"complete","outcome":"ok"}
[timeline-page-observation] {"cycle":70,"processOrdinal":1,"timelineOrdinal":70,"kind":"page","elapsedMs":1.612250000000131,"offset":0,"total":0,"unplacedTotal":0,"states":{"intent":0,"ready":0,"committed":0,"complete":0,"failed":0,"other":0}}
[timeline-page-observation] {"cycle":70,"processOrdinal":1,"timelineOrdinal":70,"kind":"complete","elapsedMs":1.6324580000000424,"pages":1,"totalChanged":false,"mixedStates":false,"code":"none"}
[http-timing] {"sequence":87,"timelineOrdinal":71,"processOrdinal":1,"method":"GET","routeClass":"timeline","status":200,"headerElapsedMs":1,"bodyElapsedMs":0,"totalElapsedMs":1,"bytes":82,"phase":"complete","outcome":"ok"}
[timeline-page-observation] {"cycle":71,"processOrdinal":1,"timelineOrdinal":71,"kind":"page","elapsedMs":1.5040829999998095,"offset":0,"total":0,"unplacedTotal":0,"states":{"intent":0,"ready":0,"committed":0,"complete":0,"failed":0,"other":0}}
[timeline-page-observation] {"cycle":71,"processOrdinal":1,"timelineOrdinal":71,"kind":"complete","elapsedMs":1.5165829999987182,"pages":1,"totalChanged":false,"mixedStates":false,"code":"none"}
[http-timing] {"sequence":88,"timelineOrdinal":72,"processOrdinal":1,"method":"GET","routeClass":"timeline","status":200,"headerElapsedMs":1,"bodyElapsedMs":0,"totalElapsedMs":1,"bytes":82,"phase":"complete","outcome":"ok"}
[timeline-page-observation] {"cycle":72,"processOrdinal":1,"timelineOrdinal":72,"kind":"page","elapsedMs":1.613999999999578,"offset":0,"total":0,"unplacedTotal":0,"states":{"intent":0,"ready":0,"committed":0,"complete":0,"failed":0,"other":0}}
[timeline-page-observation] {"cycle":72,"processOrdinal":1,"timelineOrdinal":72,"kind":"complete","elapsedMs":1.6262090000000171,"pages":1,"totalChanged":false,"mixedStates":false,"code":"none"}
[http-timing] {"sequence":89,"timelineOrdinal":73,"processOrdinal":1,"method":"GET","routeClass":"timeline","status":200,"headerElapsedMs":1,"bodyElapsedMs":0,"totalElapsedMs":1,"bytes":82,"phase":"complete","outcome":"ok"}
[timeline-page-observation] {"cycle":73,"processOrdinal":1,"timelineOrdinal":73,"kind":"page","elapsedMs":1.5378330000003189,"offset":0,"total":0,"unplacedTotal":0,"states":{"intent":0,"ready":0,"committed":0,"complete":0,"failed":0,"other":0}}
[timeline-page-observation] {"cycle":73,"processOrdinal":1,"timelineOrdinal":73,"kind":"complete","elapsedMs":1.5509999999994761,"pages":1,"totalChanged":false,"mixedStates":false,"code":"none"}
[http-timing] {"sequence":90,"timelineOrdinal":74,"processOrdinal":1,"method":"GET","routeClass":"timeline","status":200,"headerElapsedMs":1,"bodyElapsedMs":0,"totalElapsedMs":1,"bytes":82,"phase":"complete","outcome":"ok"}
[timeline-page-observation] {"cycle":74,"processOrdinal":1,"timelineOrdinal":74,"kind":"page","elapsedMs":1.5658330000005662,"offset":0,"total":0,"unplacedTotal":0,"states":{"intent":0,"ready":0,"committed":0,"complete":0,"failed":0,"other":0}}
[timeline-page-observation] {"cycle":74,"processOrdinal":1,"timelineOrdinal":74,"kind":"complete","elapsedMs":1.578457999999955,"pages":1,"totalChanged":false,"mixedStates":false,"code":"none"}
[http-timing] {"sequence":91,"timelineOrdinal":75,"processOrdinal":1,"method":"GET","routeClass":"timeline","status":200,"headerElapsedMs":1,"bodyElapsedMs":0,"totalElapsedMs":1,"bytes":82,"phase":"complete","outcome":"ok"}
[timeline-page-observation] {"cycle":75,"processOrdinal":1,"timelineOrdinal":75,"kind":"page","elapsedMs":1.5511249999999563,"offset":0,"total":0,"unplacedTotal":0,"states":{"intent":0,"ready":0,"committed":0,"complete":0,"failed":0,"other":0}}
[timeline-page-observation] {"cycle":75,"processOrdinal":1,"timelineOrdinal":75,"kind":"complete","elapsedMs":1.5647919999992155,"pages":1,"totalChanged":false,"mixedStates":false,"code":"none"}
[http-timing] {"sequence":92,"timelineOrdinal":76,"processOrdinal":1,"method":"GET","routeClass":"timeline","status":200,"headerElapsedMs":1,"bodyElapsedMs":0,"totalElapsedMs":1,"bytes":82,"phase":"complete","outcome":"ok"}
[timeline-page-observation] {"cycle":76,"processOrdinal":1,"timelineOrdinal":76,"kind":"page","elapsedMs":1.4455419999994774,"offset":0,"total":0,"unplacedTotal":0,"states":{"intent":0,"ready":0,"committed":0,"complete":0,"failed":0,"other":0}}
[timeline-page-observation] {"cycle":76,"processOrdinal":1,"timelineOrdinal":76,"kind":"complete","elapsedMs":1.4577079999999114,"pages":1,"totalChanged":false,"mixedStates":false,"code":"none"}
[http-timing] {"sequence":93,"timelineOrdinal":77,"processOrdinal":1,"method":"GET","routeClass":"timeline","status":200,"headerElapsedMs":1,"bodyElapsedMs":0,"totalElapsedMs":1,"bytes":82,"phase":"complete","outcome":"ok"}
[timeline-page-observation] {"cycle":77,"processOrdinal":1,"timelineOrdinal":77,"kind":"page","elapsedMs":1.4786669999994047,"offset":0,"total":0,"unplacedTotal":0,"states":{"intent":0,"ready":0,"committed":0,"complete":0,"failed":0,"other":0}}
[timeline-page-observation] {"cycle":77,"processOrdinal":1,"timelineOrdinal":77,"kind":"complete","elapsedMs":1.4909999999999854,"pages":1,"totalChanged":false,"mixedStates":false,"code":"none"}
[http-timing] {"sequence":94,"timelineOrdinal":78,"processOrdinal":1,"method":"GET","routeClass":"timeline","status":200,"headerElapsedMs":1,"bodyElapsedMs":0,"totalElapsedMs":1,"bytes":82,"phase":"complete","outcome":"ok"}
[timeline-page-observation] {"cycle":78,"processOrdinal":1,"timelineOrdinal":78,"kind":"page","elapsedMs":1.3951250000009168,"offset":0,"total":0,"unplacedTotal":0,"states":{"intent":0,"ready":0,"committed":0,"complete":0,"failed":0,"other":0}}
[timeline-page-observation] {"cycle":78,"processOrdinal":1,"timelineOrdinal":78,"kind":"complete","elapsedMs":1.4079170000004524,"pages":1,"totalChanged":false,"mixedStates":false,"code":"none"}
[http-timing] {"sequence":95,"timelineOrdinal":79,"processOrdinal":1,"method":"GET","routeClass":"timeline","status":200,"headerElapsedMs":1,"bodyElapsedMs":0,"totalElapsedMs":1,"bytes":82,"phase":"complete","outcome":"ok"}
[timeline-page-observation] {"cycle":79,"processOrdinal":1,"timelineOrdinal":79,"kind":"page","elapsedMs":1.492207999999664,"offset":0,"total":0,"unplacedTotal":0,"states":{"intent":0,"ready":0,"committed":0,"complete":0,"failed":0,"other":0}}
[timeline-page-observation] {"cycle":79,"processOrdinal":1,"timelineOrdinal":79,"kind":"complete","elapsedMs":1.5044579999994312,"pages":1,"totalChanged":false,"mixedStates":false,"code":"none"}
[http-timing] {"sequence":96,"timelineOrdinal":80,"processOrdinal":1,"method":"GET","routeClass":"timeline","status":200,"headerElapsedMs":1,"bodyElapsedMs":0,"totalElapsedMs":1,"bytes":82,"phase":"complete","outcome":"ok"}
[timeline-page-observation] {"cycle":80,"processOrdinal":1,"timelineOrdinal":80,"kind":"page","elapsedMs":1.7992080000003625,"offset":0,"total":0,"unplacedTotal":0,"states":{"intent":0,"ready":0,"committed":0,"complete":0,"failed":0,"other":0}}
[timeline-page-observation] {"cycle":80,"processOrdinal":1,"timelineOrdinal":80,"kind":"complete","elapsedMs":1.812167000000045,"pages":1,"totalChanged":false,"mixedStates":false,"code":"none"}
[http-timing] {"sequence":97,"timelineOrdinal":81,"processOrdinal":1,"method":"GET","routeClass":"timeline","status":200,"headerElapsedMs":1,"bodyElapsedMs":0,"totalElapsedMs":1,"bytes":82,"phase":"complete","outcome":"ok"}
[timeline-page-observation] {"cycle":81,"processOrdinal":1,"timelineOrdinal":81,"kind":"page","elapsedMs":1.450209000000541,"offset":0,"total":0,"unplacedTotal":0,"states":{"intent":0,"ready":0,"committed":0,"complete":0,"failed":0,"other":0}}
[timeline-page-observation] {"cycle":81,"processOrdinal":1,"timelineOrdinal":81,"kind":"complete","elapsedMs":1.4610840000004828,"pages":1,"totalChanged":false,"mixedStates":false,"code":"none"}
[http-timing] {"sequence":98,"timelineOrdinal":82,"processOrdinal":1,"method":"GET","routeClass":"timeline","status":200,"headerElapsedMs":1,"bodyElapsedMs":0,"totalElapsedMs":1,"bytes":82,"phase":"complete","outcome":"ok"}
[timeline-page-observation] {"cycle":82,"processOrdinal":1,"timelineOrdinal":82,"kind":"page","elapsedMs":1.5102079999996931,"offset":0,"total":0,"unplacedTotal":0,"states":{"intent":0,"ready":0,"committed":0,"complete":0,"failed":0,"other":0}}
[timeline-page-observation] {"cycle":82,"processOrdinal":1,"timelineOrdinal":82,"kind":"complete","elapsedMs":1.5223750000004657,"pages":1,"totalChanged":false,"mixedStates":false,"code":"none"}
[http-timing] {"sequence":99,"timelineOrdinal":83,"processOrdinal":1,"method":"GET","routeClass":"timeline","status":200,"headerElapsedMs":12,"bodyElapsedMs":0,"totalElapsedMs":12,"bytes":117012,"phase":"complete","outcome":"ok"}
[timeline-page-observation] {"cycle":83,"processOrdinal":1,"timelineOrdinal":83,"kind":"page","elapsedMs":12.834000000000742,"offset":0,"total":0,"unplacedTotal":1,"states":{"intent":0,"ready":0,"committed":0,"complete":0,"failed":0,"other":0}}
[timeline-page-observation] {"cycle":83,"processOrdinal":1,"timelineOrdinal":83,"kind":"complete","elapsedMs":13.046458000000712,"pages":1,"totalChanged":false,"mixedStates":false,"code":"none"}
[http-timing] {"sequence":100,"timelineOrdinal":null,"processOrdinal":1,"method":"GET","routeClass":"tap","status":200,"headerElapsedMs":1,"bodyElapsedMs":0,"totalElapsedMs":1,"bytes":12054,"phase":"complete","outcome":"ok"}
[http-timing] {"sequence":101,"timelineOrdinal":null,"processOrdinal":1,"method":"GET","routeClass":"tap","status":200,"headerElapsedMs":1,"bodyElapsedMs":0,"totalElapsedMs":1,"bytes":12054,"phase":"complete","outcome":"ok"}
[http-timing] {"sequence":102,"timelineOrdinal":null,"processOrdinal":1,"method":"GET","routeClass":"tap","status":200,"headerElapsedMs":1,"bodyElapsedMs":0,"totalElapsedMs":1,"bytes":12049,"phase":"complete","outcome":"ok"}
[trigger-timing] {"run":1,"sourceEndPts":"8333333333","tapPts":"8633333333","delta":"300000000"}
[http-timing] {"sequence":103,"timelineOrdinal":null,"processOrdinal":1,"method":"PUT","routeClass":"rule","status":200,"headerElapsedMs":1,"bodyElapsedMs":0,"totalElapsedMs":1,"bytes":520,"phase":"complete","outcome":"ok"}
[http-timing] {"sequence":104,"timelineOrdinal":null,"processOrdinal":1,"method":"GET","routeClass":"tap-events","status":200,"headerElapsedMs":12,"bodyElapsedMs":0,"totalElapsedMs":12,"bytes":9898,"phase":"complete","outcome":"ok"}
[dispatch-timing] {"run":1,"pts":"8633333333"}
[pass] S11-CI07 run1 actual tuple EventRecord reference
[http-timing] {"sequence":105,"timelineOrdinal":null,"processOrdinal":1,"method":"PUT","routeClass":"rule","status":200,"headerElapsedMs":1,"bodyElapsedMs":0,"totalElapsedMs":1,"bytes":521,"phase":"complete","outcome":"ok"}
[transition-observation] {"kind":"start","referenceSha256":"03d16a9d4a022a1c2fe7f995dc4e890e13e9e2e986cc438ccefa6e62ff5c9b87","processOrdinal":1,"clientAtMs":10984.202458,"deadlineMs":30000,"beforeTimelineOrdinal":83,"scope":"full-page-two-outputs"}
[http-timing] {"sequence":106,"timelineOrdinal":84,"processOrdinal":1,"method":"GET","routeClass":"timeline","status":200,"headerElapsedMs":28,"bodyElapsedMs":0,"totalElapsedMs":28,"bytes":120244,"phase":"complete","outcome":"ok"}
[timeline-page-observation] {"cycle":84,"processOrdinal":1,"timelineOrdinal":84,"kind":"page","elapsedMs":29.036334000000352,"offset":0,"total":0,"unplacedTotal":5,"states":{"intent":0,"ready":0,"committed":0,"complete":0,"failed":0,"other":1}}
[timeline-page-observation] {"cycle":84,"processOrdinal":1,"timelineOrdinal":84,"kind":"complete","elapsedMs":29.344499999999243,"pages":1,"totalChanged":false,"mixedStates":false,"code":"none"}
[timeline-state] {"reason":"event-not-complete","rowCount":1,"jobCount":0,"outputCount":0,"referenceMatches":true,"truncated":false,"rows":[{"jobState":"not-created","completeness":"unknown","catalogState":"absent","playable":false,"request":{"timeBasis":"media-pts-ms","startTimeMs":"8633","endTimeMs":"8633","preMs":"750","postMs":"750"}}]}
[overlapping-sources] {"temporalOnly":true,"viewBasis":"timeline-known-mappings-unplaced-file-groups","segmentCount":1,"startNs":"7883000000","endNs":"9383000000","unknownCount":0,"rows":[{"idHash":"96f8cf2e7503511b9232525d5bf28541d9d9706310b0fe907dd6dc978e7e5512","startPts":"0","endPts":"8333333333","catalogState":"finalized","playable":true}]}
[http-timing] {"sequence":107,"timelineOrdinal":85,"processOrdinal":1,"method":"GET","routeClass":"timeline","status":200,"headerElapsedMs":12,"bodyElapsedMs":0,"totalElapsedMs":12,"bytes":120244,"phase":"complete","outcome":"ok"}
[timeline-page-observation] {"cycle":85,"processOrdinal":1,"timelineOrdinal":85,"kind":"page","elapsedMs":13.57091600000058,"offset":0,"total":0,"unplacedTotal":5,"states":{"intent":0,"ready":0,"committed":0,"complete":0,"failed":0,"other":1}}
[timeline-page-observation] {"cycle":85,"processOrdinal":1,"timelineOrdinal":85,"kind":"complete","elapsedMs":13.764290999999503,"pages":1,"totalChanged":false,"mixedStates":false,"code":"none"}
[http-timing] {"sequence":108,"timelineOrdinal":86,"processOrdinal":1,"method":"GET","routeClass":"timeline","status":200,"headerElapsedMs":13,"bodyElapsedMs":0,"totalElapsedMs":13,"bytes":120244,"phase":"complete","outcome":"ok"}
[timeline-page-observation] {"cycle":86,"processOrdinal":1,"timelineOrdinal":86,"kind":"page","elapsedMs":14.227124999999432,"offset":0,"total":0,"unplacedTotal":5,"states":{"intent":0,"ready":0,"committed":0,"complete":0,"failed":0,"other":1}}
[timeline-page-observation] {"cycle":86,"processOrdinal":1,"timelineOrdinal":86,"kind":"complete","elapsedMs":14.422457999999097,"pages":1,"totalChanged":false,"mixedStates":false,"code":"none"}
[http-timing] {"sequence":109,"timelineOrdinal":87,"processOrdinal":1,"method":"GET","routeClass":"timeline","status":200,"headerElapsedMs":12,"bodyElapsedMs":0,"totalElapsedMs":12,"bytes":120244,"phase":"complete","outcome":"ok"}
[timeline-page-observation] {"cycle":87,"processOrdinal":1,"timelineOrdinal":87,"kind":"page","elapsedMs":12.681624999999258,"offset":0,"total":0,"unplacedTotal":5,"states":{"intent":0,"ready":0,"committed":0,"complete":0,"failed":0,"other":1}}
[timeline-page-observation] {"cycle":87,"processOrdinal":1,"timelineOrdinal":87,"kind":"complete","elapsedMs":12.848125000000437,"pages":1,"totalChanged":false,"mixedStates":false,"code":"none"}
[http-timing] {"sequence":110,"timelineOrdinal":88,"processOrdinal":1,"method":"GET","routeClass":"timeline","status":200,"headerElapsedMs":11,"bodyElapsedMs":0,"totalElapsedMs":11,"bytes":120244,"phase":"complete","outcome":"ok"}
[timeline-page-observation] {"cycle":88,"processOrdinal":1,"timelineOrdinal":88,"kind":"page","elapsedMs":12.413000000000466,"offset":0,"total":0,"unplacedTotal":5,"states":{"intent":0,"ready":0,"committed":0,"complete":0,"failed":0,"other":1}}
[timeline-page-observation] {"cycle":88,"processOrdinal":1,"timelineOrdinal":88,"kind":"complete","elapsedMs":12.617833000000246,"pages":1,"totalChanged":false,"mixedStates":false,"code":"none"}
[http-timing] {"sequence":111,"timelineOrdinal":89,"processOrdinal":1,"method":"GET","routeClass":"timeline","status":200,"headerElapsedMs":13,"bodyElapsedMs":0,"totalElapsedMs":14,"bytes":120244,"phase":"complete","outcome":"ok"}
[timeline-page-observation] {"cycle":89,"processOrdinal":1,"timelineOrdinal":89,"kind":"page","elapsedMs":14.551708000000872,"offset":0,"total":0,"unplacedTotal":5,"states":{"intent":0,"ready":0,"committed":0,"complete":0,"failed":0,"other":1}}
[timeline-page-observation] {"cycle":89,"processOrdinal":1,"timelineOrdinal":89,"kind":"complete","elapsedMs":14.728875000000698,"pages":1,"totalChanged":false,"mixedStates":false,"code":"none"}
[http-timing] {"sequence":112,"timelineOrdinal":90,"processOrdinal":1,"method":"GET","routeClass":"timeline","status":200,"headerElapsedMs":12,"bodyElapsedMs":0,"totalElapsedMs":12,"bytes":120244,"phase":"complete","outcome":"ok"}
[timeline-page-observation] {"cycle":90,"processOrdinal":1,"timelineOrdinal":90,"kind":"page","elapsedMs":12.817457999999533,"offset":0,"total":0,"unplacedTotal":5,"states":{"intent":0,"ready":0,"committed":0,"complete":0,"failed":0,"other":1}}
[timeline-page-observation] {"cycle":90,"processOrdinal":1,"timelineOrdinal":90,"kind":"complete","elapsedMs":12.995750000000044,"pages":1,"totalChanged":false,"mixedStates":false,"code":"none"}
[http-timing] {"sequence":113,"timelineOrdinal":91,"processOrdinal":1,"method":"GET","routeClass":"timeline","status":200,"headerElapsedMs":12,"bodyElapsedMs":0,"totalElapsedMs":12,"bytes":120244,"phase":"complete","outcome":"ok"}
[timeline-page-observation] {"cycle":91,"processOrdinal":1,"timelineOrdinal":91,"kind":"page","elapsedMs":12.95824999999968,"offset":0,"total":0,"unplacedTotal":5,"states":{"intent":0,"ready":0,"committed":0,"complete":0,"failed":0,"other":1}}
[timeline-page-observation] {"cycle":91,"processOrdinal":1,"timelineOrdinal":91,"kind":"complete","elapsedMs":13.264666999999463,"pages":1,"totalChanged":false,"mixedStates":false,"code":"none"}
[http-timing] {"sequence":114,"timelineOrdinal":92,"processOrdinal":1,"method":"GET","routeClass":"timeline","status":200,"headerElapsedMs":12,"bodyElapsedMs":0,"totalElapsedMs":12,"bytes":120244,"phase":"complete","outcome":"ok"}
[timeline-page-observation] {"cycle":92,"processOrdinal":1,"timelineOrdinal":92,"kind":"page","elapsedMs":12.88274999999885,"offset":0,"total":0,"unplacedTotal":5,"states":{"intent":0,"ready":0,"committed":0,"complete":0,"failed":0,"other":1}}
[timeline-page-observation] {"cycle":92,"processOrdinal":1,"timelineOrdinal":92,"kind":"complete","elapsedMs":13.067332999999053,"pages":1,"totalChanged":false,"mixedStates":false,"code":"none"}
[http-timing] {"sequence":115,"timelineOrdinal":93,"processOrdinal":1,"method":"GET","routeClass":"timeline","status":200,"headerElapsedMs":13,"bodyElapsedMs":0,"totalElapsedMs":13,"bytes":120244,"phase":"complete","outcome":"ok"}
[timeline-page-observation] {"cycle":93,"processOrdinal":1,"timelineOrdinal":93,"kind":"page","elapsedMs":14.260041999999885,"offset":0,"total":0,"unplacedTotal":5,"states":{"intent":0,"ready":0,"committed":0,"complete":0,"failed":0,"other":1}}
[timeline-page-observation] {"cycle":93,"processOrdinal":1,"timelineOrdinal":93,"kind":"complete","elapsedMs":14.436082999998689,"pages":1,"totalChanged":false,"mixedStates":false,"code":"none"}
[http-timing] {"sequence":116,"timelineOrdinal":94,"processOrdinal":1,"method":"GET","routeClass":"timeline","status":200,"headerElapsedMs":11,"bodyElapsedMs":0,"totalElapsedMs":12,"bytes":120244,"phase":"complete","outcome":"ok"}
[timeline-page-observation] {"cycle":94,"processOrdinal":1,"timelineOrdinal":94,"kind":"page","elapsedMs":12.618458000000828,"offset":0,"total":0,"unplacedTotal":5,"states":{"intent":0,"ready":0,"committed":0,"complete":0,"failed":0,"other":1}}
[timeline-page-observation] {"cycle":94,"processOrdinal":1,"timelineOrdinal":94,"kind":"complete","elapsedMs":12.790250000000015,"pages":1,"totalChanged":false,"mixedStates":false,"code":"none"}
[http-timing] {"sequence":117,"timelineOrdinal":95,"processOrdinal":1,"method":"GET","routeClass":"timeline","status":200,"headerElapsedMs":11,"bodyElapsedMs":0,"totalElapsedMs":12,"bytes":120244,"phase":"complete","outcome":"ok"}
[timeline-page-observation] {"cycle":95,"processOrdinal":1,"timelineOrdinal":95,"kind":"page","elapsedMs":12.581833000000188,"offset":0,"total":0,"unplacedTotal":5,"states":{"intent":0,"ready":0,"committed":0,"complete":0,"failed":0,"other":1}}
[timeline-page-observation] {"cycle":95,"processOrdinal":1,"timelineOrdinal":95,"kind":"complete","elapsedMs":12.744375000000218,"pages":1,"totalChanged":false,"mixedStates":false,"code":"none"}
[http-timing] {"sequence":118,"timelineOrdinal":96,"processOrdinal":1,"method":"GET","routeClass":"timeline","status":200,"headerElapsedMs":12,"bodyElapsedMs":0,"totalElapsedMs":12,"bytes":120244,"phase":"complete","outcome":"ok"}
[timeline-page-observation] {"cycle":96,"processOrdinal":1,"timelineOrdinal":96,"kind":"page","elapsedMs":13.2417089999999,"offset":0,"total":0,"unplacedTotal":5,"states":{"intent":0,"ready":0,"committed":0,"complete":0,"failed":0,"other":1}}
[timeline-page-observation] {"cycle":96,"processOrdinal":1,"timelineOrdinal":96,"kind":"complete","elapsedMs":13.410041999999521,"pages":1,"totalChanged":false,"mixedStates":false,"code":"none"}
[http-timing] {"sequence":119,"timelineOrdinal":97,"processOrdinal":1,"method":"GET","routeClass":"timeline","status":200,"headerElapsedMs":12,"bodyElapsedMs":0,"totalElapsedMs":12,"bytes":120244,"phase":"complete","outcome":"ok"}
[timeline-page-observation] {"cycle":97,"processOrdinal":1,"timelineOrdinal":97,"kind":"page","elapsedMs":13.142625000000407,"offset":0,"total":0,"unplacedTotal":5,"states":{"intent":0,"ready":0,"committed":0,"complete":0,"failed":0,"other":1}}
[timeline-page-observation] {"cycle":97,"processOrdinal":1,"timelineOrdinal":97,"kind":"complete","elapsedMs":13.30829199999971,"pages":1,"totalChanged":false,"mixedStates":false,"code":"none"}
[http-timing] {"sequence":120,"timelineOrdinal":98,"processOrdinal":1,"method":"GET","routeClass":"timeline","status":200,"headerElapsedMs":12,"bodyElapsedMs":0,"totalElapsedMs":12,"bytes":120244,"phase":"complete","outcome":"ok"}
[timeline-page-observation] {"cycle":98,"processOrdinal":1,"timelineOrdinal":98,"kind":"page","elapsedMs":13.20366599999943,"offset":0,"total":0,"unplacedTotal":5,"states":{"intent":0,"ready":0,"committed":0,"complete":0,"failed":0,"other":1}}
[timeline-page-observation] {"cycle":98,"processOrdinal":1,"timelineOrdinal":98,"kind":"complete","elapsedMs":13.36620799999946,"pages":1,"totalChanged":false,"mixedStates":false,"code":"none"}
[http-timing] {"sequence":121,"timelineOrdinal":99,"processOrdinal":1,"method":"GET","routeClass":"timeline","status":200,"headerElapsedMs":12,"bodyElapsedMs":0,"totalElapsedMs":12,"bytes":120244,"phase":"complete","outcome":"ok"}
[timeline-page-observation] {"cycle":99,"processOrdinal":1,"timelineOrdinal":99,"kind":"page","elapsedMs":13.345667000001413,"offset":0,"total":0,"unplacedTotal":5,"states":{"intent":0,"ready":0,"committed":0,"complete":0,"failed":0,"other":1}}
[timeline-page-observation] {"cycle":99,"processOrdinal":1,"timelineOrdinal":99,"kind":"complete","elapsedMs":13.512416999999914,"pages":1,"totalChanged":false,"mixedStates":false,"code":"none"}
[http-timing] {"sequence":122,"timelineOrdinal":100,"processOrdinal":1,"method":"GET","routeClass":"timeline","status":200,"headerElapsedMs":12,"bodyElapsedMs":0,"totalElapsedMs":12,"bytes":120244,"phase":"complete","outcome":"ok"}
[timeline-page-observation] {"cycle":100,"processOrdinal":1,"timelineOrdinal":100,"kind":"page","elapsedMs":12.95929200000137,"offset":0,"total":0,"unplacedTotal":5,"states":{"intent":0,"ready":0,"committed":0,"complete":0,"failed":0,"other":1}}
[timeline-page-observation] {"cycle":100,"processOrdinal":1,"timelineOrdinal":100,"kind":"complete","elapsedMs":13.124959000000672,"pages":1,"totalChanged":false,"mixedStates":false,"code":"none"}
[http-timing] {"sequence":123,"timelineOrdinal":101,"processOrdinal":1,"method":"GET","routeClass":"timeline","status":200,"headerElapsedMs":12,"bodyElapsedMs":0,"totalElapsedMs":12,"bytes":120244,"phase":"complete","outcome":"ok"}
[timeline-page-observation] {"cycle":101,"processOrdinal":1,"timelineOrdinal":101,"kind":"page","elapsedMs":12.861542000000554,"offset":0,"total":0,"unplacedTotal":5,"states":{"intent":0,"ready":0,"committed":0,"complete":0,"failed":0,"other":1}}
[timeline-page-observation] {"cycle":101,"processOrdinal":1,"timelineOrdinal":101,"kind":"complete","elapsedMs":13.027625000000626,"pages":1,"totalChanged":false,"mixedStates":false,"code":"none"}
[http-timing] {"sequence":124,"timelineOrdinal":102,"processOrdinal":1,"method":"GET","routeClass":"timeline","status":200,"headerElapsedMs":12,"bodyElapsedMs":0,"totalElapsedMs":12,"bytes":120244,"phase":"complete","outcome":"ok"}
[timeline-page-observation] {"cycle":102,"processOrdinal":1,"timelineOrdinal":102,"kind":"page","elapsedMs":12.905875000000378,"offset":0,"total":0,"unplacedTotal":5,"states":{"intent":0,"ready":0,"committed":0,"complete":0,"failed":0,"other":1}}
[timeline-page-observation] {"cycle":102,"processOrdinal":1,"timelineOrdinal":102,"kind":"complete","elapsedMs":13.07458300000144,"pages":1,"totalChanged":false,"mixedStates":false,"code":"none"}
[http-timing] {"sequence":125,"timelineOrdinal":103,"processOrdinal":1,"method":"GET","routeClass":"timeline","status":200,"headerElapsedMs":12,"bodyElapsedMs":0,"totalElapsedMs":12,"bytes":120244,"phase":"complete","outcome":"ok"}
[timeline-page-observation] {"cycle":103,"processOrdinal":1,"timelineOrdinal":103,"kind":"page","elapsedMs":12.950166000000536,"offset":0,"total":0,"unplacedTotal":5,"states":{"intent":0,"ready":0,"committed":0,"complete":0,"failed":0,"other":1}}
[timeline-page-observation] {"cycle":103,"processOrdinal":1,"timelineOrdinal":103,"kind":"complete","elapsedMs":13.138582999999926,"pages":1,"totalChanged":false,"mixedStates":false,"code":"none"}
[http-timing] {"sequence":126,"timelineOrdinal":104,"processOrdinal":1,"method":"GET","routeClass":"timeline","status":200,"headerElapsedMs":12,"bodyElapsedMs":0,"totalElapsedMs":12,"bytes":120244,"phase":"complete","outcome":"ok"}
[timeline-page-observation] {"cycle":104,"processOrdinal":1,"timelineOrdinal":104,"kind":"page","elapsedMs":12.908500000001368,"offset":0,"total":0,"unplacedTotal":5,"states":{"intent":0,"ready":0,"committed":0,"complete":0,"failed":0,"other":1}}
[timeline-page-observation] {"cycle":104,"processOrdinal":1,"timelineOrdinal":104,"kind":"complete","elapsedMs":13.078792000000249,"pages":1,"totalChanged":false,"mixedStates":false,"code":"none"}
[http-timing] {"sequence":127,"timelineOrdinal":105,"processOrdinal":1,"method":"GET","routeClass":"timeline","status":200,"headerElapsedMs":13,"bodyElapsedMs":0,"totalElapsedMs":13,"bytes":120244,"phase":"complete","outcome":"ok"}
[timeline-page-observation] {"cycle":105,"processOrdinal":1,"timelineOrdinal":105,"kind":"page","elapsedMs":13.869500000000698,"offset":0,"total":0,"unplacedTotal":5,"states":{"intent":0,"ready":0,"committed":0,"complete":0,"failed":0,"other":1}}
[timeline-page-observation] {"cycle":105,"processOrdinal":1,"timelineOrdinal":105,"kind":"complete","elapsedMs":14.154125000000931,"pages":1,"totalChanged":false,"mixedStates":false,"code":"none"}
[http-timing] {"sequence":128,"timelineOrdinal":106,"processOrdinal":1,"method":"GET","routeClass":"timeline","status":200,"headerElapsedMs":11,"bodyElapsedMs":0,"totalElapsedMs":11,"bytes":120244,"phase":"complete","outcome":"ok"}
[timeline-page-observation] {"cycle":106,"processOrdinal":1,"timelineOrdinal":106,"kind":"page","elapsedMs":12.334249999999884,"offset":0,"total":0,"unplacedTotal":5,"states":{"intent":0,"ready":0,"committed":0,"complete":0,"failed":0,"other":1}}
[timeline-page-observation] {"cycle":106,"processOrdinal":1,"timelineOrdinal":106,"kind":"complete","elapsedMs":12.504708000000392,"pages":1,"totalChanged":false,"mixedStates":false,"code":"none"}
[http-timing] {"sequence":129,"timelineOrdinal":107,"processOrdinal":1,"method":"GET","routeClass":"timeline","status":200,"headerElapsedMs":13,"bodyElapsedMs":0,"totalElapsedMs":13,"bytes":120244,"phase":"complete","outcome":"ok"}
[timeline-page-observation] {"cycle":107,"processOrdinal":1,"timelineOrdinal":107,"kind":"page","elapsedMs":14.015542000001005,"offset":0,"total":0,"unplacedTotal":5,"states":{"intent":0,"ready":0,"committed":0,"complete":0,"failed":0,"other":1}}
[timeline-page-observation] {"cycle":107,"processOrdinal":1,"timelineOrdinal":107,"kind":"complete","elapsedMs":14.182250000001659,"pages":1,"totalChanged":false,"mixedStates":false,"code":"none"}
[http-timing] {"sequence":130,"timelineOrdinal":108,"processOrdinal":1,"method":"GET","routeClass":"timeline","status":200,"headerElapsedMs":12,"bodyElapsedMs":0,"totalElapsedMs":12,"bytes":120244,"phase":"complete","outcome":"ok"}
[timeline-page-observation] {"cycle":108,"processOrdinal":1,"timelineOrdinal":108,"kind":"page","elapsedMs":13.00487499999872,"offset":0,"total":0,"unplacedTotal":5,"states":{"intent":0,"ready":0,"committed":0,"complete":0,"failed":0,"other":1}}
[timeline-page-observation] {"cycle":108,"processOrdinal":1,"timelineOrdinal":108,"kind":"complete","elapsedMs":13.171207999999751,"pages":1,"totalChanged":false,"mixedStates":false,"code":"none"}
[http-timing] {"sequence":131,"timelineOrdinal":109,"processOrdinal":1,"method":"GET","routeClass":"timeline","status":200,"headerElapsedMs":13,"bodyElapsedMs":0,"totalElapsedMs":13,"bytes":120244,"phase":"complete","outcome":"ok"}
[timeline-page-observation] {"cycle":109,"processOrdinal":1,"timelineOrdinal":109,"kind":"page","elapsedMs":13.736707999998544,"offset":0,"total":0,"unplacedTotal":5,"states":{"intent":0,"ready":0,"committed":0,"complete":0,"failed":0,"other":1}}
[timeline-page-observation] {"cycle":109,"processOrdinal":1,"timelineOrdinal":109,"kind":"complete","elapsedMs":13.911707999999635,"pages":1,"totalChanged":false,"mixedStates":false,"code":"none"}
[http-timing] {"sequence":132,"timelineOrdinal":110,"processOrdinal":1,"method":"GET","routeClass":"timeline","status":200,"headerElapsedMs":12,"bodyElapsedMs":0,"totalElapsedMs":12,"bytes":120244,"phase":"complete","outcome":"ok"}
[timeline-page-observation] {"cycle":110,"processOrdinal":1,"timelineOrdinal":110,"kind":"page","elapsedMs":12.995583000001716,"offset":0,"total":0,"unplacedTotal":5,"states":{"intent":0,"ready":0,"committed":0,"complete":0,"failed":0,"other":1}}
[timeline-page-observation] {"cycle":110,"processOrdinal":1,"timelineOrdinal":110,"kind":"complete","elapsedMs":13.163583000001381,"pages":1,"totalChanged":false,"mixedStates":false,"code":"none"}
[http-timing] {"sequence":133,"timelineOrdinal":111,"processOrdinal":1,"method":"GET","routeClass":"timeline","status":200,"headerElapsedMs":12,"bodyElapsedMs":0,"totalElapsedMs":12,"bytes":120244,"phase":"complete","outcome":"ok"}
[timeline-page-observation] {"cycle":111,"processOrdinal":1,"timelineOrdinal":111,"kind":"page","elapsedMs":13.010791000000609,"offset":0,"total":0,"unplacedTotal":5,"states":{"intent":0,"ready":0,"committed":0,"complete":0,"failed":0,"other":1}}
[timeline-page-observation] {"cycle":111,"processOrdinal":1,"timelineOrdinal":111,"kind":"complete","elapsedMs":13.180707999999868,"pages":1,"totalChanged":false,"mixedStates":false,"code":"none"}
[http-timing] {"sequence":134,"timelineOrdinal":112,"processOrdinal":1,"method":"GET","routeClass":"timeline","status":200,"headerElapsedMs":15,"bodyElapsedMs":0,"totalElapsedMs":15,"bytes":120244,"phase":"complete","outcome":"ok"}
[timeline-page-observation] {"cycle":112,"processOrdinal":1,"timelineOrdinal":112,"kind":"page","elapsedMs":15.68066699999872,"offset":0,"total":0,"unplacedTotal":5,"states":{"intent":0,"ready":0,"committed":0,"complete":0,"failed":0,"other":1}}
[timeline-page-observation] {"cycle":112,"processOrdinal":1,"timelineOrdinal":112,"kind":"complete","elapsedMs":15.846707999999126,"pages":1,"totalChanged":false,"mixedStates":false,"code":"none"}
[http-timing] {"sequence":135,"timelineOrdinal":113,"processOrdinal":1,"method":"GET","routeClass":"timeline","status":200,"headerElapsedMs":12,"bodyElapsedMs":0,"totalElapsedMs":12,"bytes":120244,"phase":"complete","outcome":"ok"}
[timeline-page-observation] {"cycle":113,"processOrdinal":1,"timelineOrdinal":113,"kind":"page","elapsedMs":13.08783399999993,"offset":0,"total":0,"unplacedTotal":5,"states":{"intent":0,"ready":0,"committed":0,"complete":0,"failed":0,"other":1}}
[timeline-page-observation] {"cycle":113,"processOrdinal":1,"timelineOrdinal":113,"kind":"complete","elapsedMs":13.258125000000291,"pages":1,"totalChanged":false,"mixedStates":false,"code":"none"}
[http-timing] {"sequence":136,"timelineOrdinal":114,"processOrdinal":1,"method":"GET","routeClass":"timeline","status":200,"headerElapsedMs":12,"bodyElapsedMs":0,"totalElapsedMs":12,"bytes":120244,"phase":"complete","outcome":"ok"}
[timeline-page-observation] {"cycle":114,"processOrdinal":1,"timelineOrdinal":114,"kind":"page","elapsedMs":13.167042000000947,"offset":0,"total":0,"unplacedTotal":5,"states":{"intent":0,"ready":0,"committed":0,"complete":0,"failed":0,"other":1}}
[timeline-page-observation] {"cycle":114,"processOrdinal":1,"timelineOrdinal":114,"kind":"complete","elapsedMs":13.349750000001222,"pages":1,"totalChanged":false,"mixedStates":false,"code":"none"}
[http-timing] {"sequence":137,"timelineOrdinal":115,"processOrdinal":1,"method":"GET","routeClass":"timeline","status":200,"headerElapsedMs":12,"bodyElapsedMs":0,"totalElapsedMs":12,"bytes":120244,"phase":"complete","outcome":"ok"}
[timeline-page-observation] {"cycle":115,"processOrdinal":1,"timelineOrdinal":115,"kind":"page","elapsedMs":13.063874999999825,"offset":0,"total":0,"unplacedTotal":5,"states":{"intent":0,"ready":0,"committed":0,"complete":0,"failed":0,"other":1}}
[timeline-page-observation] {"cycle":115,"processOrdinal":1,"timelineOrdinal":115,"kind":"complete","elapsedMs":13.233000000000175,"pages":1,"totalChanged":false,"mixedStates":false,"code":"none"}
[http-timing] {"sequence":138,"timelineOrdinal":116,"processOrdinal":1,"method":"GET","routeClass":"timeline","status":200,"headerElapsedMs":14,"bodyElapsedMs":0,"totalElapsedMs":14,"bytes":120244,"phase":"complete","outcome":"ok"}
[timeline-page-observation] {"cycle":116,"processOrdinal":1,"timelineOrdinal":116,"kind":"page","elapsedMs":14.746375000000626,"offset":0,"total":0,"unplacedTotal":5,"states":{"intent":0,"ready":0,"committed":0,"complete":0,"failed":0,"other":1}}
[timeline-page-observation] {"cycle":116,"processOrdinal":1,"timelineOrdinal":116,"kind":"complete","elapsedMs":14.906082999999853,"pages":1,"totalChanged":false,"mixedStates":false,"code":"none"}
[http-timing] {"sequence":139,"timelineOrdinal":117,"processOrdinal":1,"method":"GET","routeClass":"timeline","status":200,"headerElapsedMs":12,"bodyElapsedMs":0,"totalElapsedMs":12,"bytes":120244,"phase":"complete","outcome":"ok"}
[timeline-page-observation] {"cycle":117,"processOrdinal":1,"timelineOrdinal":117,"kind":"page","elapsedMs":13.298749999999927,"offset":0,"total":0,"unplacedTotal":5,"states":{"intent":0,"ready":0,"committed":0,"complete":0,"failed":0,"other":1}}
[timeline-page-observation] {"cycle":117,"processOrdinal":1,"timelineOrdinal":117,"kind":"complete","elapsedMs":13.458208000000013,"pages":1,"totalChanged":false,"mixedStates":false,"code":"none"}
[http-timing] {"sequence":140,"timelineOrdinal":118,"processOrdinal":1,"method":"GET","routeClass":"timeline","status":200,"headerElapsedMs":12,"bodyElapsedMs":0,"totalElapsedMs":12,"bytes":120244,"phase":"complete","outcome":"ok"}
[timeline-page-observation] {"cycle":118,"processOrdinal":1,"timelineOrdinal":118,"kind":"page","elapsedMs":12.909999999999854,"offset":0,"total":0,"unplacedTotal":5,"states":{"intent":0,"ready":0,"committed":0,"complete":0,"failed":0,"other":1}}
[timeline-page-observation] {"cycle":118,"processOrdinal":1,"timelineOrdinal":118,"kind":"complete","elapsedMs":13.07458299999962,"pages":1,"totalChanged":false,"mixedStates":false,"code":"none"}
[http-timing] {"sequence":141,"timelineOrdinal":119,"processOrdinal":1,"method":"GET","routeClass":"timeline","status":200,"headerElapsedMs":13,"bodyElapsedMs":0,"totalElapsedMs":13,"bytes":120244,"phase":"complete","outcome":"ok"}
[timeline-page-observation] {"cycle":119,"processOrdinal":1,"timelineOrdinal":119,"kind":"page","elapsedMs":13.767832999999882,"offset":0,"total":0,"unplacedTotal":5,"states":{"intent":0,"ready":0,"committed":0,"complete":0,"failed":0,"other":1}}
[timeline-page-observation] {"cycle":119,"processOrdinal":1,"timelineOrdinal":119,"kind":"complete","elapsedMs":13.945458000000144,"pages":1,"totalChanged":false,"mixedStates":false,"code":"none"}
[http-timing] {"sequence":142,"timelineOrdinal":120,"processOrdinal":1,"method":"GET","routeClass":"timeline","status":200,"headerElapsedMs":12,"bodyElapsedMs":0,"totalElapsedMs":12,"bytes":120244,"phase":"complete","outcome":"ok"}
[timeline-page-observation] {"cycle":120,"processOrdinal":1,"timelineOrdinal":120,"kind":"page","elapsedMs":13.008082999998805,"offset":0,"total":0,"unplacedTotal":5,"states":{"intent":0,"ready":0,"committed":0,"complete":0,"failed":0,"other":1}}
[timeline-page-observation] {"cycle":120,"processOrdinal":1,"timelineOrdinal":120,"kind":"complete","elapsedMs":13.174999999999272,"pages":1,"totalChanged":false,"mixedStates":false,"code":"none"}
[http-timing] {"sequence":143,"timelineOrdinal":121,"processOrdinal":1,"method":"GET","routeClass":"timeline","status":200,"headerElapsedMs":12,"bodyElapsedMs":0,"totalElapsedMs":12,"bytes":120244,"phase":"complete","outcome":"ok"}
[timeline-page-observation] {"cycle":121,"processOrdinal":1,"timelineOrdinal":121,"kind":"page","elapsedMs":12.780416999999943,"offset":0,"total":0,"unplacedTotal":5,"states":{"intent":0,"ready":0,"committed":0,"complete":0,"failed":0,"other":1}}
[timeline-page-observation] {"cycle":121,"processOrdinal":1,"timelineOrdinal":121,"kind":"complete","elapsedMs":12.942666999999346,"pages":1,"totalChanged":false,"mixedStates":false,"code":"none"}
[http-timing] {"sequence":144,"timelineOrdinal":122,"processOrdinal":1,"method":"GET","routeClass":"timeline","status":200,"headerElapsedMs":12,"bodyElapsedMs":0,"totalElapsedMs":12,"bytes":120244,"phase":"complete","outcome":"ok"}
[timeline-page-observation] {"cycle":122,"processOrdinal":1,"timelineOrdinal":122,"kind":"page","elapsedMs":13.439249999999447,"offset":0,"total":0,"unplacedTotal":5,"states":{"intent":0,"ready":0,"committed":0,"complete":0,"failed":0,"other":1}}
[timeline-page-observation] {"cycle":122,"processOrdinal":1,"timelineOrdinal":122,"kind":"complete","elapsedMs":13.602042000000438,"pages":1,"totalChanged":false,"mixedStates":false,"code":"none"}
[http-timing] {"sequence":145,"timelineOrdinal":123,"processOrdinal":1,"method":"GET","routeClass":"timeline","status":200,"headerElapsedMs":11,"bodyElapsedMs":0,"totalElapsedMs":12,"bytes":120244,"phase":"complete","outcome":"ok"}
[timeline-page-observation] {"cycle":123,"processOrdinal":1,"timelineOrdinal":123,"kind":"page","elapsedMs":12.554916999999477,"offset":0,"total":0,"unplacedTotal":5,"states":{"intent":0,"ready":0,"committed":0,"complete":0,"failed":0,"other":1}}
[timeline-page-observation] {"cycle":123,"processOrdinal":1,"timelineOrdinal":123,"kind":"complete","elapsedMs":12.722834000000148,"pages":1,"totalChanged":false,"mixedStates":false,"code":"none"}
[http-timing] {"sequence":146,"timelineOrdinal":124,"processOrdinal":1,"method":"GET","routeClass":"timeline","status":200,"headerElapsedMs":12,"bodyElapsedMs":0,"totalElapsedMs":12,"bytes":120244,"phase":"complete","outcome":"ok"}
[timeline-page-observation] {"cycle":124,"processOrdinal":1,"timelineOrdinal":124,"kind":"page","elapsedMs":12.668250000000626,"offset":0,"total":0,"unplacedTotal":5,"states":{"intent":0,"ready":0,"committed":0,"complete":0,"failed":0,"other":1}}
[timeline-page-observation] {"cycle":124,"processOrdinal":1,"timelineOrdinal":124,"kind":"complete","elapsedMs":12.827250000000276,"pages":1,"totalChanged":false,"mixedStates":false,"code":"none"}
[http-timing] {"sequence":147,"timelineOrdinal":125,"processOrdinal":1,"method":"GET","routeClass":"timeline","status":200,"headerElapsedMs":11,"bodyElapsedMs":0,"totalElapsedMs":12,"bytes":120244,"phase":"complete","outcome":"ok"}
[timeline-page-observation] {"cycle":125,"processOrdinal":1,"timelineOrdinal":125,"kind":"page","elapsedMs":12.638624999999593,"offset":0,"total":0,"unplacedTotal":5,"states":{"intent":0,"ready":0,"committed":0,"complete":0,"failed":0,"other":1}}
[timeline-page-observation] {"cycle":125,"processOrdinal":1,"timelineOrdinal":125,"kind":"complete","elapsedMs":12.795916000000943,"pages":1,"totalChanged":false,"mixedStates":false,"code":"none"}
[http-timing] {"sequence":148,"timelineOrdinal":126,"processOrdinal":1,"method":"GET","routeClass":"timeline","status":200,"headerElapsedMs":12,"bodyElapsedMs":0,"totalElapsedMs":12,"bytes":120244,"phase":"complete","outcome":"ok"}
[timeline-page-observation] {"cycle":126,"processOrdinal":1,"timelineOrdinal":126,"kind":"page","elapsedMs":12.826834000001327,"offset":0,"total":0,"unplacedTotal":5,"states":{"intent":0,"ready":0,"committed":0,"complete":0,"failed":0,"other":1}}
[timeline-page-observation] {"cycle":126,"processOrdinal":1,"timelineOrdinal":126,"kind":"complete","elapsedMs":12.983750000001237,"pages":1,"totalChanged":false,"mixedStates":false,"code":"none"}
[http-timing] {"sequence":149,"timelineOrdinal":127,"processOrdinal":1,"method":"GET","routeClass":"timeline","status":200,"headerElapsedMs":12,"bodyElapsedMs":0,"totalElapsedMs":12,"bytes":120244,"phase":"complete","outcome":"ok"}
[timeline-page-observation] {"cycle":127,"processOrdinal":1,"timelineOrdinal":127,"kind":"page","elapsedMs":12.995375000000422,"offset":0,"total":0,"unplacedTotal":5,"states":{"intent":0,"ready":0,"committed":0,"complete":0,"failed":0,"other":1}}
[timeline-page-observation] {"cycle":127,"processOrdinal":1,"timelineOrdinal":127,"kind":"complete","elapsedMs":13.158290999999736,"pages":1,"totalChanged":false,"mixedStates":false,"code":"none"}
[http-timing] {"sequence":150,"timelineOrdinal":128,"processOrdinal":1,"method":"GET","routeClass":"timeline","status":200,"headerElapsedMs":12,"bodyElapsedMs":0,"totalElapsedMs":12,"bytes":120244,"phase":"complete","outcome":"ok"}
[timeline-page-observation] {"cycle":128,"processOrdinal":1,"timelineOrdinal":128,"kind":"page","elapsedMs":13.51208300000144,"offset":0,"total":0,"unplacedTotal":5,"states":{"intent":0,"ready":0,"committed":0,"complete":0,"failed":0,"other":1}}
[timeline-page-observation] {"cycle":128,"processOrdinal":1,"timelineOrdinal":128,"kind":"complete","elapsedMs":13.680000000000291,"pages":1,"totalChanged":false,"mixedStates":false,"code":"none"}
[http-timing] {"sequence":151,"timelineOrdinal":129,"processOrdinal":1,"method":"GET","routeClass":"timeline","status":200,"headerElapsedMs":12,"bodyElapsedMs":0,"totalElapsedMs":12,"bytes":120244,"phase":"complete","outcome":"ok"}
[timeline-page-observation] {"cycle":129,"processOrdinal":1,"timelineOrdinal":129,"kind":"page","elapsedMs":12.840041999999812,"offset":0,"total":0,"unplacedTotal":5,"states":{"intent":0,"ready":0,"committed":0,"complete":0,"failed":0,"other":1}}
[timeline-page-observation] {"cycle":129,"processOrdinal":1,"timelineOrdinal":129,"kind":"complete","elapsedMs":13.009208000001308,"pages":1,"totalChanged":false,"mixedStates":false,"code":"none"}
[http-timing] {"sequence":152,"timelineOrdinal":130,"processOrdinal":1,"method":"GET","routeClass":"timeline","status":200,"headerElapsedMs":13,"bodyElapsedMs":0,"totalElapsedMs":14,"bytes":120244,"phase":"complete","outcome":"ok"}
[timeline-page-observation] {"cycle":130,"processOrdinal":1,"timelineOrdinal":130,"kind":"page","elapsedMs":14.569000000001324,"offset":0,"total":0,"unplacedTotal":5,"states":{"intent":0,"ready":0,"committed":0,"complete":0,"failed":0,"other":1}}
[timeline-page-observation] {"cycle":130,"processOrdinal":1,"timelineOrdinal":130,"kind":"complete","elapsedMs":14.754291999999623,"pages":1,"totalChanged":false,"mixedStates":false,"code":"none"}
[http-timing] {"sequence":153,"timelineOrdinal":131,"processOrdinal":1,"method":"GET","routeClass":"timeline","status":200,"headerElapsedMs":12,"bodyElapsedMs":0,"totalElapsedMs":12,"bytes":120244,"phase":"complete","outcome":"ok"}
[timeline-page-observation] {"cycle":131,"processOrdinal":1,"timelineOrdinal":131,"kind":"page","elapsedMs":12.885666999998648,"offset":0,"total":0,"unplacedTotal":5,"states":{"intent":0,"ready":0,"committed":0,"complete":0,"failed":0,"other":1}}
[timeline-page-observation] {"cycle":131,"processOrdinal":1,"timelineOrdinal":131,"kind":"complete","elapsedMs":13.04491699999926,"pages":1,"totalChanged":false,"mixedStates":false,"code":"none"}
[http-timing] {"sequence":154,"timelineOrdinal":132,"processOrdinal":1,"method":"GET","routeClass":"timeline","status":200,"headerElapsedMs":12,"bodyElapsedMs":0,"totalElapsedMs":12,"bytes":120244,"phase":"complete","outcome":"ok"}
[timeline-page-observation] {"cycle":132,"processOrdinal":1,"timelineOrdinal":132,"kind":"page","elapsedMs":12.718959000001632,"offset":0,"total":0,"unplacedTotal":5,"states":{"intent":0,"ready":0,"committed":0,"complete":0,"failed":0,"other":1}}
[timeline-page-observation] {"cycle":132,"processOrdinal":1,"timelineOrdinal":132,"kind":"complete","elapsedMs":12.888416999998299,"pages":1,"totalChanged":false,"mixedStates":false,"code":"none"}
[http-timing] {"sequence":155,"timelineOrdinal":133,"processOrdinal":1,"method":"GET","routeClass":"timeline","status":200,"headerElapsedMs":12,"bodyElapsedMs":0,"totalElapsedMs":12,"bytes":120244,"phase":"complete","outcome":"ok"}
[timeline-page-observation] {"cycle":133,"processOrdinal":1,"timelineOrdinal":133,"kind":"page","elapsedMs":13.418166999999812,"offset":0,"total":0,"unplacedTotal":5,"states":{"intent":0,"ready":0,"committed":0,"complete":0,"failed":0,"other":1}}
[timeline-page-observation] {"cycle":133,"processOrdinal":1,"timelineOrdinal":133,"kind":"complete","elapsedMs":13.577582999998413,"pages":1,"totalChanged":false,"mixedStates":false,"code":"none"}
[http-timing] {"sequence":156,"timelineOrdinal":134,"processOrdinal":1,"method":"GET","routeClass":"timeline","status":200,"headerElapsedMs":12,"bodyElapsedMs":0,"totalElapsedMs":12,"bytes":120244,"phase":"complete","outcome":"ok"}
[timeline-page-observation] {"cycle":134,"processOrdinal":1,"timelineOrdinal":134,"kind":"page","elapsedMs":13.259084000001167,"offset":0,"total":0,"unplacedTotal":5,"states":{"intent":0,"ready":0,"committed":0,"complete":0,"failed":0,"other":1}}
[timeline-page-observation] {"cycle":134,"processOrdinal":1,"timelineOrdinal":134,"kind":"complete","elapsedMs":13.43724999999904,"pages":1,"totalChanged":false,"mixedStates":false,"code":"none"}
[http-timing] {"sequence":157,"timelineOrdinal":135,"processOrdinal":1,"method":"GET","routeClass":"timeline","status":200,"headerElapsedMs":12,"bodyElapsedMs":0,"totalElapsedMs":12,"bytes":120244,"phase":"complete","outcome":"ok"}
[timeline-page-observation] {"cycle":135,"processOrdinal":1,"timelineOrdinal":135,"kind":"page","elapsedMs":12.928250000000844,"offset":0,"total":0,"unplacedTotal":5,"states":{"intent":0,"ready":0,"committed":0,"complete":0,"failed":0,"other":1}}
[timeline-page-observation] {"cycle":135,"processOrdinal":1,"timelineOrdinal":135,"kind":"complete","elapsedMs":13.091667000000598,"pages":1,"totalChanged":false,"mixedStates":false,"code":"none"}
[http-timing] {"sequence":158,"timelineOrdinal":136,"processOrdinal":1,"method":"GET","routeClass":"timeline","status":200,"headerElapsedMs":11,"bodyElapsedMs":0,"totalElapsedMs":11,"bytes":120244,"phase":"complete","outcome":"ok"}
[timeline-page-observation] {"cycle":136,"processOrdinal":1,"timelineOrdinal":136,"kind":"page","elapsedMs":12.41912500000035,"offset":0,"total":0,"unplacedTotal":5,"states":{"intent":0,"ready":0,"committed":0,"complete":0,"failed":0,"other":1}}
[timeline-page-observation] {"cycle":136,"processOrdinal":1,"timelineOrdinal":136,"kind":"complete","elapsedMs":12.581374999997934,"pages":1,"totalChanged":false,"mixedStates":false,"code":"none"}
[http-timing] {"sequence":159,"timelineOrdinal":137,"processOrdinal":1,"method":"GET","routeClass":"timeline","status":200,"headerElapsedMs":12,"bodyElapsedMs":0,"totalElapsedMs":12,"bytes":120244,"phase":"complete","outcome":"ok"}
[timeline-page-observation] {"cycle":137,"processOrdinal":1,"timelineOrdinal":137,"kind":"page","elapsedMs":13.17212500000096,"offset":0,"total":0,"unplacedTotal":5,"states":{"intent":0,"ready":0,"committed":0,"complete":0,"failed":0,"other":1}}
[timeline-page-observation] {"cycle":137,"processOrdinal":1,"timelineOrdinal":137,"kind":"complete","elapsedMs":13.334249999999884,"pages":1,"totalChanged":false,"mixedStates":false,"code":"none"}
[http-timing] {"sequence":160,"timelineOrdinal":138,"processOrdinal":1,"method":"GET","routeClass":"timeline","status":200,"headerElapsedMs":12,"bodyElapsedMs":0,"totalElapsedMs":12,"bytes":120244,"phase":"complete","outcome":"ok"}
[timeline-page-observation] {"cycle":138,"processOrdinal":1,"timelineOrdinal":138,"kind":"page","elapsedMs":13.057791999999608,"offset":0,"total":0,"unplacedTotal":5,"states":{"intent":0,"ready":0,"committed":0,"complete":0,"failed":0,"other":1}}
[timeline-page-observation] {"cycle":138,"processOrdinal":1,"timelineOrdinal":138,"kind":"complete","elapsedMs":13.245542000000569,"pages":1,"totalChanged":false,"mixedStates":false,"code":"none"}
[http-timing] {"sequence":161,"timelineOrdinal":139,"processOrdinal":1,"method":"GET","routeClass":"timeline","status":200,"headerElapsedMs":13,"bodyElapsedMs":0,"totalElapsedMs":13,"bytes":120244,"phase":"complete","outcome":"ok"}
[timeline-page-observation] {"cycle":139,"processOrdinal":1,"timelineOrdinal":139,"kind":"page","elapsedMs":14.574375000000146,"offset":0,"total":0,"unplacedTotal":5,"states":{"intent":0,"ready":0,"committed":0,"complete":0,"failed":0,"other":1}}
[timeline-page-observation] {"cycle":139,"processOrdinal":1,"timelineOrdinal":139,"kind":"complete","elapsedMs":14.746375000002445,"pages":1,"totalChanged":false,"mixedStates":false,"code":"none"}
[http-timing] {"sequence":162,"timelineOrdinal":140,"processOrdinal":1,"method":"GET","routeClass":"timeline","status":200,"headerElapsedMs":12,"bodyElapsedMs":0,"totalElapsedMs":12,"bytes":120244,"phase":"complete","outcome":"ok"}
[timeline-page-observation] {"cycle":140,"processOrdinal":1,"timelineOrdinal":140,"kind":"page","elapsedMs":13.005832999999257,"offset":0,"total":0,"unplacedTotal":5,"states":{"intent":0,"ready":0,"committed":0,"complete":0,"failed":0,"other":1}}
[timeline-page-observation] {"cycle":140,"processOrdinal":1,"timelineOrdinal":140,"kind":"complete","elapsedMs":13.209833000000799,"pages":1,"totalChanged":false,"mixedStates":false,"code":"none"}
[http-timing] {"sequence":163,"timelineOrdinal":141,"processOrdinal":1,"method":"GET","routeClass":"timeline","status":200,"headerElapsedMs":11,"bodyElapsedMs":0,"totalElapsedMs":11,"bytes":120244,"phase":"complete","outcome":"ok"}
[timeline-page-observation] {"cycle":141,"processOrdinal":1,"timelineOrdinal":141,"kind":"page","elapsedMs":12.424999999999272,"offset":0,"total":0,"unplacedTotal":5,"states":{"intent":0,"ready":0,"committed":0,"complete":0,"failed":0,"other":1}}
[timeline-page-observation] {"cycle":141,"processOrdinal":1,"timelineOrdinal":141,"kind":"complete","elapsedMs":12.580832999999984,"pages":1,"totalChanged":false,"mixedStates":false,"code":"none"}
[http-timing] {"sequence":164,"timelineOrdinal":142,"processOrdinal":1,"method":"GET","routeClass":"timeline","status":200,"headerElapsedMs":11,"bodyElapsedMs":0,"totalElapsedMs":12,"bytes":120244,"phase":"complete","outcome":"ok"}
[timeline-page-observation] {"cycle":142,"processOrdinal":1,"timelineOrdinal":142,"kind":"page","elapsedMs":12.438999999998487,"offset":0,"total":0,"unplacedTotal":5,"states":{"intent":0,"ready":0,"committed":0,"complete":0,"failed":0,"other":1}}
[timeline-page-observation] {"cycle":142,"processOrdinal":1,"timelineOrdinal":142,"kind":"complete","elapsedMs":12.59533300000112,"pages":1,"totalChanged":false,"mixedStates":false,"code":"none"}
[http-timing] {"sequence":165,"timelineOrdinal":143,"processOrdinal":1,"method":"GET","routeClass":"timeline","status":200,"headerElapsedMs":12,"bodyElapsedMs":0,"totalElapsedMs":12,"bytes":120244,"phase":"complete","outcome":"ok"}
[timeline-page-observation] {"cycle":143,"processOrdinal":1,"timelineOrdinal":143,"kind":"page","elapsedMs":12.861791999999696,"offset":0,"total":0,"unplacedTotal":5,"states":{"intent":0,"ready":0,"committed":0,"complete":0,"failed":0,"other":1}}
[timeline-page-observation] {"cycle":143,"processOrdinal":1,"timelineOrdinal":143,"kind":"complete","elapsedMs":13.019874999998137,"pages":1,"totalChanged":false,"mixedStates":false,"code":"none"}
[http-timing] {"sequence":166,"timelineOrdinal":144,"processOrdinal":1,"method":"GET","routeClass":"timeline","status":200,"headerElapsedMs":16,"bodyElapsedMs":0,"totalElapsedMs":16,"bytes":120244,"phase":"complete","outcome":"ok"}
[timeline-page-observation] {"cycle":144,"processOrdinal":1,"timelineOrdinal":144,"kind":"page","elapsedMs":16.945458000001963,"offset":0,"total":0,"unplacedTotal":5,"states":{"intent":0,"ready":0,"committed":0,"complete":0,"failed":0,"other":1}}
[timeline-page-observation] {"cycle":144,"processOrdinal":1,"timelineOrdinal":144,"kind":"complete","elapsedMs":17.10870799999975,"pages":1,"totalChanged":false,"mixedStates":false,"code":"none"}
[http-timing] {"sequence":167,"timelineOrdinal":145,"processOrdinal":1,"method":"GET","routeClass":"timeline","status":200,"headerElapsedMs":12,"bodyElapsedMs":0,"totalElapsedMs":12,"bytes":120244,"phase":"complete","outcome":"ok"}
[timeline-page-observation] {"cycle":145,"processOrdinal":1,"timelineOrdinal":145,"kind":"page","elapsedMs":13.047582999999577,"offset":0,"total":0,"unplacedTotal":5,"states":{"intent":0,"ready":0,"committed":0,"complete":0,"failed":0,"other":1}}
[timeline-page-observation] {"cycle":145,"processOrdinal":1,"timelineOrdinal":145,"kind":"complete","elapsedMs":13.219582999998238,"pages":1,"totalChanged":false,"mixedStates":false,"code":"none"}
[http-timing] {"sequence":168,"timelineOrdinal":146,"processOrdinal":1,"method":"GET","routeClass":"timeline","status":200,"headerElapsedMs":12,"bodyElapsedMs":0,"totalElapsedMs":12,"bytes":120244,"phase":"complete","outcome":"ok"}
[timeline-page-observation] {"cycle":146,"processOrdinal":1,"timelineOrdinal":146,"kind":"page","elapsedMs":13.250750000002881,"offset":0,"total":0,"unplacedTotal":5,"states":{"intent":0,"ready":0,"committed":0,"complete":0,"failed":0,"other":1}}
[timeline-page-observation] {"cycle":146,"processOrdinal":1,"timelineOrdinal":146,"kind":"complete","elapsedMs":13.43525000000227,"pages":1,"totalChanged":false,"mixedStates":false,"code":"none"}
[http-timing] {"sequence":169,"timelineOrdinal":147,"processOrdinal":1,"method":"GET","routeClass":"timeline","status":200,"headerElapsedMs":12,"bodyElapsedMs":0,"totalElapsedMs":12,"bytes":120244,"phase":"complete","outcome":"ok"}
[timeline-page-observation] {"cycle":147,"processOrdinal":1,"timelineOrdinal":147,"kind":"page","elapsedMs":12.758334000001923,"offset":0,"total":0,"unplacedTotal":5,"states":{"intent":0,"ready":0,"committed":0,"complete":0,"failed":0,"other":1}}
[timeline-page-observation] {"cycle":147,"processOrdinal":1,"timelineOrdinal":147,"kind":"complete","elapsedMs":12.943291999999929,"pages":1,"totalChanged":false,"mixedStates":false,"code":"none"}
[http-timing] {"sequence":170,"timelineOrdinal":148,"processOrdinal":1,"method":"GET","routeClass":"timeline","status":200,"headerElapsedMs":16,"bodyElapsedMs":0,"totalElapsedMs":16,"bytes":120244,"phase":"complete","outcome":"ok"}
[timeline-page-observation] {"cycle":148,"processOrdinal":1,"timelineOrdinal":148,"kind":"page","elapsedMs":17.400792000000365,"offset":0,"total":0,"unplacedTotal":5,"states":{"intent":0,"ready":0,"committed":0,"complete":0,"failed":0,"other":1}}
[timeline-page-observation] {"cycle":148,"processOrdinal":1,"timelineOrdinal":148,"kind":"complete","elapsedMs":17.56941700000243,"pages":1,"totalChanged":false,"mixedStates":false,"code":"none"}
[http-timing] {"sequence":171,"timelineOrdinal":149,"processOrdinal":1,"method":"GET","routeClass":"timeline","status":200,"headerElapsedMs":11,"bodyElapsedMs":0,"totalElapsedMs":12,"bytes":120244,"phase":"complete","outcome":"ok"}
[timeline-page-observation] {"cycle":149,"processOrdinal":1,"timelineOrdinal":149,"kind":"page","elapsedMs":12.510333999998693,"offset":0,"total":0,"unplacedTotal":5,"states":{"intent":0,"ready":0,"committed":0,"complete":0,"failed":0,"other":1}}
[timeline-page-observation] {"cycle":149,"processOrdinal":1,"timelineOrdinal":149,"kind":"complete","elapsedMs":12.67212500000096,"pages":1,"totalChanged":false,"mixedStates":false,"code":"none"}
[http-timing] {"sequence":172,"timelineOrdinal":150,"processOrdinal":1,"method":"GET","routeClass":"timeline","status":200,"headerElapsedMs":12,"bodyElapsedMs":0,"totalElapsedMs":12,"bytes":120244,"phase":"complete","outcome":"ok"}
[timeline-page-observation] {"cycle":150,"processOrdinal":1,"timelineOrdinal":150,"kind":"page","elapsedMs":12.820665999999619,"offset":0,"total":0,"unplacedTotal":5,"states":{"intent":0,"ready":0,"committed":0,"complete":0,"failed":0,"other":1}}
[timeline-page-observation] {"cycle":150,"processOrdinal":1,"timelineOrdinal":150,"kind":"complete","elapsedMs":12.979790999997931,"pages":1,"totalChanged":false,"mixedStates":false,"code":"none"}
[http-timing] {"sequence":173,"timelineOrdinal":151,"processOrdinal":1,"method":"GET","routeClass":"timeline","status":200,"headerElapsedMs":12,"bodyElapsedMs":0,"totalElapsedMs":12,"bytes":120244,"phase":"complete","outcome":"ok"}
[timeline-page-observation] {"cycle":151,"processOrdinal":1,"timelineOrdinal":151,"kind":"page","elapsedMs":12.771082999999635,"offset":0,"total":0,"unplacedTotal":5,"states":{"intent":0,"ready":0,"committed":0,"complete":0,"failed":0,"other":1}}
[timeline-page-observation] {"cycle":151,"processOrdinal":1,"timelineOrdinal":151,"kind":"complete","elapsedMs":12.929583000001003,"pages":1,"totalChanged":false,"mixedStates":false,"code":"none"}
[http-timing] {"sequence":174,"timelineOrdinal":152,"processOrdinal":1,"method":"GET","routeClass":"timeline","status":200,"headerElapsedMs":12,"bodyElapsedMs":0,"totalElapsedMs":12,"bytes":120244,"phase":"complete","outcome":"ok"}
[timeline-page-observation] {"cycle":152,"processOrdinal":1,"timelineOrdinal":152,"kind":"page","elapsedMs":12.88354199999958,"offset":0,"total":0,"unplacedTotal":5,"states":{"intent":0,"ready":0,"committed":0,"complete":0,"failed":0,"other":1}}
[timeline-page-observation] {"cycle":152,"processOrdinal":1,"timelineOrdinal":152,"kind":"complete","elapsedMs":13.043125000000146,"pages":1,"totalChanged":false,"mixedStates":false,"code":"none"}
[http-timing] {"sequence":175,"timelineOrdinal":153,"processOrdinal":1,"method":"GET","routeClass":"timeline","status":200,"headerElapsedMs":12,"bodyElapsedMs":0,"totalElapsedMs":12,"bytes":120244,"phase":"complete","outcome":"ok"}
[timeline-page-observation] {"cycle":153,"processOrdinal":1,"timelineOrdinal":153,"kind":"page","elapsedMs":12.9187090000014,"offset":0,"total":0,"unplacedTotal":5,"states":{"intent":0,"ready":0,"committed":0,"complete":0,"failed":0,"other":1}}
[timeline-page-observation] {"cycle":153,"processOrdinal":1,"timelineOrdinal":153,"kind":"complete","elapsedMs":13.078209000002971,"pages":1,"totalChanged":false,"mixedStates":false,"code":"none"}
[http-timing] {"sequence":176,"timelineOrdinal":154,"processOrdinal":1,"method":"GET","routeClass":"timeline","status":200,"headerElapsedMs":23,"bodyElapsedMs":0,"totalElapsedMs":23,"bytes":245282,"phase":"complete","outcome":"ok"}
[timeline-page-observation] {"cycle":154,"processOrdinal":1,"timelineOrdinal":154,"kind":"page","elapsedMs":24.798166999997193,"offset":0,"total":1,"unplacedTotal":6,"states":{"intent":0,"ready":0,"committed":0,"complete":0,"failed":0,"other":1}}
[timeline-page-observation] {"cycle":154,"processOrdinal":1,"timelineOrdinal":154,"kind":"complete","elapsedMs":25.131999999997788,"pages":1,"totalChanged":false,"mixedStates":false,"code":"none"}
[overlapping-sources] {"temporalOnly":true,"viewBasis":"timeline-known-mappings-unplaced-file-groups","segmentCount":2,"startNs":"7883000000","endNs":"9383000000","unknownCount":0,"rows":[{"idHash":"96f8cf2e7503511b9232525d5bf28541d9d9706310b0fe907dd6dc978e7e5512","startPts":"0","endPts":"8333333333","catalogState":"finalized","playable":true},{"idHash":"5f2fd3efc8b3119d987e3cdfb4bd81d1daceb8475bd8920db89bab87ed214efe","startPts":"8333333333","endPts":"16666666666","catalogState":"finalized","playable":true}]}
[http-timing] {"sequence":177,"timelineOrdinal":155,"processOrdinal":1,"method":"GET","routeClass":"timeline","status":200,"headerElapsedMs":24,"bodyElapsedMs":0,"totalElapsedMs":24,"bytes":245282,"phase":"complete","outcome":"ok"}
[timeline-page-observation] {"cycle":155,"processOrdinal":1,"timelineOrdinal":155,"kind":"page","elapsedMs":25.287624999997206,"offset":0,"total":1,"unplacedTotal":6,"states":{"intent":0,"ready":0,"committed":0,"complete":0,"failed":0,"other":1}}
[timeline-page-observation] {"cycle":155,"processOrdinal":1,"timelineOrdinal":155,"kind":"complete","elapsedMs":25.58758399999715,"pages":1,"totalChanged":false,"mixedStates":false,"code":"none"}
[http-timing] {"sequence":178,"timelineOrdinal":156,"processOrdinal":1,"method":"GET","routeClass":"timeline","status":200,"headerElapsedMs":24,"bodyElapsedMs":0,"totalElapsedMs":24,"bytes":245282,"phase":"complete","outcome":"ok"}
[timeline-page-observation] {"cycle":156,"processOrdinal":1,"timelineOrdinal":156,"kind":"page","elapsedMs":24.89283400000204,"offset":0,"total":1,"unplacedTotal":6,"states":{"intent":0,"ready":0,"committed":0,"complete":0,"failed":0,"other":1}}
[timeline-page-observation] {"cycle":156,"processOrdinal":1,"timelineOrdinal":156,"kind":"complete","elapsedMs":25.205125000000407,"pages":1,"totalChanged":false,"mixedStates":false,"code":"none"}
[http-timing] {"sequence":179,"timelineOrdinal":157,"processOrdinal":1,"method":"GET","routeClass":"timeline","status":200,"headerElapsedMs":26,"bodyElapsedMs":0,"totalElapsedMs":26,"bytes":245282,"phase":"complete","outcome":"ok"}
[timeline-page-observation] {"cycle":157,"processOrdinal":1,"timelineOrdinal":157,"kind":"page","elapsedMs":27.29412500000035,"offset":0,"total":1,"unplacedTotal":6,"states":{"intent":0,"ready":0,"committed":0,"complete":0,"failed":0,"other":1}}
[timeline-page-observation] {"cycle":157,"processOrdinal":1,"timelineOrdinal":157,"kind":"complete","elapsedMs":27.597250000002532,"pages":1,"totalChanged":false,"mixedStates":false,"code":"none"}
[http-timing] {"sequence":180,"timelineOrdinal":158,"processOrdinal":1,"method":"GET","routeClass":"timeline","status":200,"headerElapsedMs":24,"bodyElapsedMs":0,"totalElapsedMs":24,"bytes":245282,"phase":"complete","outcome":"ok"}
[timeline-page-observation] {"cycle":158,"processOrdinal":1,"timelineOrdinal":158,"kind":"page","elapsedMs":25.77824999999939,"offset":0,"total":1,"unplacedTotal":6,"states":{"intent":0,"ready":0,"committed":0,"complete":0,"failed":0,"other":1}}
[timeline-page-observation] {"cycle":158,"processOrdinal":1,"timelineOrdinal":158,"kind":"complete","elapsedMs":26.09049999999843,"pages":1,"totalChanged":false,"mixedStates":false,"code":"none"}
[http-timing] {"sequence":181,"timelineOrdinal":159,"processOrdinal":1,"method":"GET","routeClass":"timeline","status":200,"headerElapsedMs":88,"bodyElapsedMs":0,"totalElapsedMs":88,"bytes":245282,"phase":"complete","outcome":"ok"}
[timeline-page-observation] {"cycle":159,"processOrdinal":1,"timelineOrdinal":159,"kind":"page","elapsedMs":89.32924999999886,"offset":0,"total":1,"unplacedTotal":6,"states":{"intent":0,"ready":0,"committed":0,"complete":0,"failed":0,"other":1}}
[timeline-page-observation] {"cycle":159,"processOrdinal":1,"timelineOrdinal":159,"kind":"complete","elapsedMs":89.63775000000169,"pages":1,"totalChanged":false,"mixedStates":false,"code":"none"}
[http-timing] {"sequence":182,"timelineOrdinal":160,"processOrdinal":1,"method":"GET","routeClass":"timeline","status":200,"headerElapsedMs":314,"bodyElapsedMs":0,"totalElapsedMs":314,"bytes":245323,"phase":"complete","outcome":"ok"}
[timeline-page-observation] {"cycle":160,"processOrdinal":1,"timelineOrdinal":160,"kind":"page","elapsedMs":315.23920799999905,"offset":0,"total":1,"unplacedTotal":6,"states":{"intent":1,"ready":0,"committed":0,"complete":0,"failed":0,"other":0}}
[timeline-page-observation] {"cycle":160,"processOrdinal":1,"timelineOrdinal":160,"kind":"complete","elapsedMs":315.6856250000019,"pages":1,"totalChanged":false,"mixedStates":false,"code":"none"}
[timeline-state] {"reason":"event-not-complete","rowCount":1,"jobCount":1,"outputCount":0,"referenceMatches":true,"truncated":false,"rows":[{"jobState":"intent","completeness":"unknown","catalogState":"absent","playable":false,"request":{"timeBasis":"media-pts-ms","startTimeMs":"8633","endTimeMs":"8633","preMs":"750","postMs":"750"}}]}
[http-timing] {"sequence":183,"timelineOrdinal":161,"processOrdinal":1,"method":"GET","routeClass":"timeline","status":200,"headerElapsedMs":253,"bodyElapsedMs":0,"totalElapsedMs":254,"bytes":245323,"phase":"complete","outcome":"ok"}
[timeline-page-observation] {"cycle":161,"processOrdinal":1,"timelineOrdinal":161,"kind":"page","elapsedMs":254.9491670000025,"offset":0,"total":1,"unplacedTotal":6,"states":{"intent":1,"ready":0,"committed":0,"complete":0,"failed":0,"other":0}}
[timeline-page-observation] {"cycle":161,"processOrdinal":1,"timelineOrdinal":161,"kind":"complete","elapsedMs":255.25691700000243,"pages":1,"totalChanged":false,"mixedStates":false,"code":"none"}
[http-timing] {"sequence":184,"timelineOrdinal":162,"processOrdinal":1,"method":"GET","routeClass":"timeline","status":200,"headerElapsedMs":27,"bodyElapsedMs":0,"totalElapsedMs":27,"bytes":245323,"phase":"complete","outcome":"ok"}
[timeline-page-observation] {"cycle":162,"processOrdinal":1,"timelineOrdinal":162,"kind":"page","elapsedMs":28.23883299999943,"offset":0,"total":1,"unplacedTotal":6,"states":{"intent":1,"ready":0,"committed":0,"complete":0,"failed":0,"other":0}}
[timeline-page-observation] {"cycle":162,"processOrdinal":1,"timelineOrdinal":162,"kind":"complete","elapsedMs":28.54845799999748,"pages":1,"totalChanged":false,"mixedStates":false,"code":"none"}
[http-timing] {"sequence":185,"timelineOrdinal":163,"processOrdinal":1,"method":"GET","routeClass":"timeline","status":200,"headerElapsedMs":59,"bodyElapsedMs":0,"totalElapsedMs":59,"bytes":245323,"phase":"complete","outcome":"ok"}
[timeline-page-observation] {"cycle":163,"processOrdinal":1,"timelineOrdinal":163,"kind":"page","elapsedMs":60.62662499999715,"offset":0,"total":1,"unplacedTotal":6,"states":{"intent":1,"ready":0,"committed":0,"complete":0,"failed":0,"other":0}}
[timeline-page-observation] {"cycle":163,"processOrdinal":1,"timelineOrdinal":163,"kind":"complete","elapsedMs":60.93345899999986,"pages":1,"totalChanged":false,"mixedStates":false,"code":"none"}
[http-timing] {"sequence":186,"timelineOrdinal":164,"processOrdinal":1,"method":"GET","routeClass":"timeline","status":200,"headerElapsedMs":25,"bodyElapsedMs":0,"totalElapsedMs":26,"bytes":245323,"phase":"complete","outcome":"ok"}
[timeline-page-observation] {"cycle":164,"processOrdinal":1,"timelineOrdinal":164,"kind":"page","elapsedMs":26.930209000001923,"offset":0,"total":1,"unplacedTotal":6,"states":{"intent":1,"ready":0,"committed":0,"complete":0,"failed":0,"other":0}}
[timeline-page-observation] {"cycle":164,"processOrdinal":1,"timelineOrdinal":164,"kind":"complete","elapsedMs":27.26441700000214,"pages":1,"totalChanged":false,"mixedStates":false,"code":"none"}
[http-timing] {"sequence":187,"timelineOrdinal":165,"processOrdinal":1,"method":"GET","routeClass":"timeline","status":200,"headerElapsedMs":26,"bodyElapsedMs":0,"totalElapsedMs":26,"bytes":245323,"phase":"complete","outcome":"ok"}
[timeline-page-observation] {"cycle":165,"processOrdinal":1,"timelineOrdinal":165,"kind":"page","elapsedMs":28.122584000000643,"offset":0,"total":1,"unplacedTotal":6,"states":{"intent":1,"ready":0,"committed":0,"complete":0,"failed":0,"other":0}}
[timeline-page-observation] {"cycle":165,"processOrdinal":1,"timelineOrdinal":165,"kind":"complete","elapsedMs":28.433334000001196,"pages":1,"totalChanged":false,"mixedStates":false,"code":"none"}
[http-timing] {"sequence":188,"timelineOrdinal":166,"processOrdinal":1,"method":"GET","routeClass":"timeline","status":200,"headerElapsedMs":24,"bodyElapsedMs":0,"totalElapsedMs":25,"bytes":245323,"phase":"complete","outcome":"ok"}
[timeline-page-observation] {"cycle":166,"processOrdinal":1,"timelineOrdinal":166,"kind":"page","elapsedMs":26.114667000001646,"offset":0,"total":1,"unplacedTotal":6,"states":{"intent":1,"ready":0,"committed":0,"complete":0,"failed":0,"other":0}}
[timeline-page-observation] {"cycle":166,"processOrdinal":1,"timelineOrdinal":166,"kind":"complete","elapsedMs":26.44904200000019,"pages":1,"totalChanged":false,"mixedStates":false,"code":"none"}
[http-timing] {"sequence":189,"timelineOrdinal":167,"processOrdinal":1,"method":"GET","routeClass":"timeline","status":200,"headerElapsedMs":24,"bodyElapsedMs":0,"totalElapsedMs":24,"bytes":245323,"phase":"complete","outcome":"ok"}
[timeline-page-observation] {"cycle":167,"processOrdinal":1,"timelineOrdinal":167,"kind":"page","elapsedMs":25.672167000000627,"offset":0,"total":1,"unplacedTotal":6,"states":{"intent":1,"ready":0,"committed":0,"complete":0,"failed":0,"other":0}}
[timeline-page-observation] {"cycle":167,"processOrdinal":1,"timelineOrdinal":167,"kind":"complete","elapsedMs":25.988541999999143,"pages":1,"totalChanged":false,"mixedStates":false,"code":"none"}
[http-timing] {"sequence":190,"timelineOrdinal":168,"processOrdinal":1,"method":"GET","routeClass":"timeline","status":200,"headerElapsedMs":24,"bodyElapsedMs":0,"totalElapsedMs":24,"bytes":245323,"phase":"complete","outcome":"ok"}
[timeline-page-observation] {"cycle":168,"processOrdinal":1,"timelineOrdinal":168,"kind":"page","elapsedMs":25.384125000000495,"offset":0,"total":1,"unplacedTotal":6,"states":{"intent":1,"ready":0,"committed":0,"complete":0,"failed":0,"other":0}}
[timeline-page-observation] {"cycle":168,"processOrdinal":1,"timelineOrdinal":168,"kind":"complete","elapsedMs":25.700832999998966,"pages":1,"totalChanged":false,"mixedStates":false,"code":"none"}
[http-timing] {"sequence":191,"timelineOrdinal":169,"processOrdinal":1,"method":"GET","routeClass":"timeline","status":200,"headerElapsedMs":24,"bodyElapsedMs":0,"totalElapsedMs":24,"bytes":245323,"phase":"complete","outcome":"ok"}
[timeline-page-observation] {"cycle":169,"processOrdinal":1,"timelineOrdinal":169,"kind":"page","elapsedMs":25.258417000000918,"offset":0,"total":1,"unplacedTotal":6,"states":{"intent":1,"ready":0,"committed":0,"complete":0,"failed":0,"other":0}}
[timeline-page-observation] {"cycle":169,"processOrdinal":1,"timelineOrdinal":169,"kind":"complete","elapsedMs":25.562333000001672,"pages":1,"totalChanged":false,"mixedStates":false,"code":"none"}
[http-timing] {"sequence":192,"timelineOrdinal":170,"processOrdinal":1,"method":"GET","routeClass":"timeline","status":200,"headerElapsedMs":24,"bodyElapsedMs":0,"totalElapsedMs":24,"bytes":245323,"phase":"complete","outcome":"ok"}
[timeline-page-observation] {"cycle":170,"processOrdinal":1,"timelineOrdinal":170,"kind":"page","elapsedMs":25.446332999999868,"offset":0,"total":1,"unplacedTotal":6,"states":{"intent":1,"ready":0,"committed":0,"complete":0,"failed":0,"other":0}}
[timeline-page-observation] {"cycle":170,"processOrdinal":1,"timelineOrdinal":170,"kind":"complete","elapsedMs":25.750249999997322,"pages":1,"totalChanged":false,"mixedStates":false,"code":"none"}
[http-timing] {"sequence":193,"timelineOrdinal":171,"processOrdinal":1,"method":"GET","routeClass":"timeline","status":200,"headerElapsedMs":24,"bodyElapsedMs":0,"totalElapsedMs":25,"bytes":245323,"phase":"complete","outcome":"ok"}
[timeline-page-observation] {"cycle":171,"processOrdinal":1,"timelineOrdinal":171,"kind":"page","elapsedMs":25.829416999997193,"offset":0,"total":1,"unplacedTotal":6,"states":{"intent":1,"ready":0,"committed":0,"complete":0,"failed":0,"other":0}}
[timeline-page-observation] {"cycle":171,"processOrdinal":1,"timelineOrdinal":171,"kind":"complete","elapsedMs":26.13116699999955,"pages":1,"totalChanged":false,"mixedStates":false,"code":"none"}
[http-timing] {"sequence":194,"timelineOrdinal":172,"processOrdinal":1,"method":"GET","routeClass":"timeline","status":200,"headerElapsedMs":25,"bodyElapsedMs":0,"totalElapsedMs":25,"bytes":245323,"phase":"complete","outcome":"ok"}
[timeline-page-observation] {"cycle":172,"processOrdinal":1,"timelineOrdinal":172,"kind":"page","elapsedMs":26.404624999999214,"offset":0,"total":1,"unplacedTotal":6,"states":{"intent":1,"ready":0,"committed":0,"complete":0,"failed":0,"other":0}}
[timeline-page-observation] {"cycle":172,"processOrdinal":1,"timelineOrdinal":172,"kind":"complete","elapsedMs":26.713792000002286,"pages":1,"totalChanged":false,"mixedStates":false,"code":"none"}
[http-timing] {"sequence":195,"timelineOrdinal":173,"processOrdinal":1,"method":"GET","routeClass":"timeline","status":200,"headerElapsedMs":24,"bodyElapsedMs":0,"totalElapsedMs":24,"bytes":245323,"phase":"complete","outcome":"ok"}
[timeline-page-observation] {"cycle":173,"processOrdinal":1,"timelineOrdinal":173,"kind":"page","elapsedMs":25.572958000000654,"offset":0,"total":1,"unplacedTotal":6,"states":{"intent":1,"ready":0,"committed":0,"complete":0,"failed":0,"other":0}}
[timeline-page-observation] {"cycle":173,"processOrdinal":1,"timelineOrdinal":173,"kind":"complete","elapsedMs":25.96245800000179,"pages":1,"totalChanged":false,"mixedStates":false,"code":"none"}
[http-timing] {"sequence":196,"timelineOrdinal":174,"processOrdinal":1,"method":"GET","routeClass":"timeline","status":200,"headerElapsedMs":24,"bodyElapsedMs":0,"totalElapsedMs":24,"bytes":245323,"phase":"complete","outcome":"ok"}
[timeline-page-observation] {"cycle":174,"processOrdinal":1,"timelineOrdinal":174,"kind":"page","elapsedMs":25.369666999999026,"offset":0,"total":1,"unplacedTotal":6,"states":{"intent":1,"ready":0,"committed":0,"complete":0,"failed":0,"other":0}}
[timeline-page-observation] {"cycle":174,"processOrdinal":1,"timelineOrdinal":174,"kind":"complete","elapsedMs":25.67504199999894,"pages":1,"totalChanged":false,"mixedStates":false,"code":"none"}
[http-timing] {"sequence":197,"timelineOrdinal":175,"processOrdinal":1,"method":"GET","routeClass":"timeline","status":200,"headerElapsedMs":25,"bodyElapsedMs":0,"totalElapsedMs":25,"bytes":245323,"phase":"complete","outcome":"ok"}
[timeline-page-observation] {"cycle":175,"processOrdinal":1,"timelineOrdinal":175,"kind":"page","elapsedMs":26.588166999998066,"offset":0,"total":1,"unplacedTotal":6,"states":{"intent":1,"ready":0,"committed":0,"complete":0,"failed":0,"other":0}}
[timeline-page-observation] {"cycle":175,"processOrdinal":1,"timelineOrdinal":175,"kind":"complete","elapsedMs":26.891499999997905,"pages":1,"totalChanged":false,"mixedStates":false,"code":"none"}
[http-timing] {"sequence":198,"timelineOrdinal":176,"processOrdinal":1,"method":"GET","routeClass":"timeline","status":200,"headerElapsedMs":24,"bodyElapsedMs":0,"totalElapsedMs":24,"bytes":245323,"phase":"complete","outcome":"ok"}
[timeline-page-observation] {"cycle":176,"processOrdinal":1,"timelineOrdinal":176,"kind":"page","elapsedMs":25.425083000001905,"offset":0,"total":1,"unplacedTotal":6,"states":{"intent":1,"ready":0,"committed":0,"complete":0,"failed":0,"other":0}}
[timeline-page-observation] {"cycle":176,"processOrdinal":1,"timelineOrdinal":176,"kind":"complete","elapsedMs":25.72412500000064,"pages":1,"totalChanged":false,"mixedStates":false,"code":"none"}
[http-timing] {"sequence":199,"timelineOrdinal":177,"processOrdinal":1,"method":"GET","routeClass":"timeline","status":200,"headerElapsedMs":24,"bodyElapsedMs":0,"totalElapsedMs":25,"bytes":245323,"phase":"complete","outcome":"ok"}
[timeline-page-observation] {"cycle":177,"processOrdinal":1,"timelineOrdinal":177,"kind":"page","elapsedMs":25.670583999999508,"offset":0,"total":1,"unplacedTotal":6,"states":{"intent":1,"ready":0,"committed":0,"complete":0,"failed":0,"other":0}}
[timeline-page-observation] {"cycle":177,"processOrdinal":1,"timelineOrdinal":177,"kind":"complete","elapsedMs":25.988084000000526,"pages":1,"totalChanged":false,"mixedStates":false,"code":"none"}
[http-timing] {"sequence":200,"timelineOrdinal":178,"processOrdinal":1,"method":"GET","routeClass":"timeline","status":200,"headerElapsedMs":24,"bodyElapsedMs":0,"totalElapsedMs":25,"bytes":245323,"phase":"complete","outcome":"ok"}
[timeline-page-observation] {"cycle":178,"processOrdinal":1,"timelineOrdinal":178,"kind":"page","elapsedMs":25.791542000002664,"offset":0,"total":1,"unplacedTotal":6,"states":{"intent":1,"ready":0,"committed":0,"complete":0,"failed":0,"other":0}}
[timeline-page-observation] {"cycle":178,"processOrdinal":1,"timelineOrdinal":178,"kind":"complete","elapsedMs":26.100249999999505,"pages":1,"totalChanged":false,"mixedStates":false,"code":"none"}
[http-timing] {"sequence":201,"timelineOrdinal":179,"processOrdinal":1,"method":"GET","routeClass":"timeline","status":200,"headerElapsedMs":24,"bodyElapsedMs":0,"totalElapsedMs":25,"bytes":245323,"phase":"complete","outcome":"ok"}
[timeline-page-observation] {"cycle":179,"processOrdinal":1,"timelineOrdinal":179,"kind":"page","elapsedMs":25.765791999998328,"offset":0,"total":1,"unplacedTotal":6,"states":{"intent":1,"ready":0,"committed":0,"complete":0,"failed":0,"other":0}}
[timeline-page-observation] {"cycle":179,"processOrdinal":1,"timelineOrdinal":179,"kind":"complete","elapsedMs":26.075333000000683,"pages":1,"totalChanged":false,"mixedStates":false,"code":"none"}
[http-timing] {"sequence":202,"timelineOrdinal":180,"processOrdinal":1,"method":"GET","routeClass":"timeline","status":200,"headerElapsedMs":25,"bodyElapsedMs":0,"totalElapsedMs":25,"bytes":245323,"phase":"complete","outcome":"ok"}
[timeline-page-observation] {"cycle":180,"processOrdinal":1,"timelineOrdinal":180,"kind":"page","elapsedMs":26.043540999999095,"offset":0,"total":1,"unplacedTotal":6,"states":{"intent":1,"ready":0,"committed":0,"complete":0,"failed":0,"other":0}}
[timeline-page-observation] {"cycle":180,"processOrdinal":1,"timelineOrdinal":180,"kind":"complete","elapsedMs":26.345707999997103,"pages":1,"totalChanged":false,"mixedStates":false,"code":"none"}
[http-timing] {"sequence":203,"timelineOrdinal":181,"processOrdinal":1,"method":"GET","routeClass":"timeline","status":200,"headerElapsedMs":25,"bodyElapsedMs":0,"totalElapsedMs":25,"bytes":245323,"phase":"complete","outcome":"ok"}
[timeline-page-observation] {"cycle":181,"processOrdinal":1,"timelineOrdinal":181,"kind":"page","elapsedMs":25.897666999997455,"offset":0,"total":1,"unplacedTotal":6,"states":{"intent":1,"ready":0,"committed":0,"complete":0,"failed":0,"other":0}}
[timeline-page-observation] {"cycle":181,"processOrdinal":1,"timelineOrdinal":181,"kind":"complete","elapsedMs":26.211584000000585,"pages":1,"totalChanged":false,"mixedStates":false,"code":"none"}
[http-timing] {"sequence":204,"timelineOrdinal":182,"processOrdinal":1,"method":"GET","routeClass":"timeline","status":200,"headerElapsedMs":24,"bodyElapsedMs":0,"totalElapsedMs":25,"bytes":245323,"phase":"complete","outcome":"ok"}
[timeline-page-observation] {"cycle":182,"processOrdinal":1,"timelineOrdinal":182,"kind":"page","elapsedMs":25.82866600000125,"offset":0,"total":1,"unplacedTotal":6,"states":{"intent":1,"ready":0,"committed":0,"complete":0,"failed":0,"other":0}}
[timeline-page-observation] {"cycle":182,"processOrdinal":1,"timelineOrdinal":182,"kind":"complete","elapsedMs":26.135957999998936,"pages":1,"totalChanged":false,"mixedStates":false,"code":"none"}
[http-timing] {"sequence":205,"timelineOrdinal":183,"processOrdinal":1,"method":"GET","routeClass":"timeline","status":200,"headerElapsedMs":24,"bodyElapsedMs":0,"totalElapsedMs":24,"bytes":245323,"phase":"complete","outcome":"ok"}
[timeline-page-observation] {"cycle":183,"processOrdinal":1,"timelineOrdinal":183,"kind":"page","elapsedMs":25.70550000000003,"offset":0,"total":1,"unplacedTotal":6,"states":{"intent":1,"ready":0,"committed":0,"complete":0,"failed":0,"other":0}}
[timeline-page-observation] {"cycle":183,"processOrdinal":1,"timelineOrdinal":183,"kind":"complete","elapsedMs":26.010458999997354,"pages":1,"totalChanged":false,"mixedStates":false,"code":"none"}
[http-timing] {"sequence":206,"timelineOrdinal":184,"processOrdinal":1,"method":"GET","routeClass":"timeline","status":200,"headerElapsedMs":24,"bodyElapsedMs":0,"totalElapsedMs":24,"bytes":245323,"phase":"complete","outcome":"ok"}
[timeline-page-observation] {"cycle":184,"processOrdinal":1,"timelineOrdinal":184,"kind":"page","elapsedMs":25.231250000000728,"offset":0,"total":1,"unplacedTotal":6,"states":{"intent":1,"ready":0,"committed":0,"complete":0,"failed":0,"other":0}}
[timeline-page-observation] {"cycle":184,"processOrdinal":1,"timelineOrdinal":184,"kind":"complete","elapsedMs":25.5479579999992,"pages":1,"totalChanged":false,"mixedStates":false,"code":"none"}
[http-timing] {"sequence":207,"timelineOrdinal":185,"processOrdinal":1,"method":"GET","routeClass":"timeline","status":200,"headerElapsedMs":24,"bodyElapsedMs":0,"totalElapsedMs":24,"bytes":245323,"phase":"complete","outcome":"ok"}
[timeline-page-observation] {"cycle":185,"processOrdinal":1,"timelineOrdinal":185,"kind":"page","elapsedMs":25.159041999999317,"offset":0,"total":1,"unplacedTotal":6,"states":{"intent":1,"ready":0,"committed":0,"complete":0,"failed":0,"other":0}}
[timeline-page-observation] {"cycle":185,"processOrdinal":1,"timelineOrdinal":185,"kind":"complete","elapsedMs":25.46350000000166,"pages":1,"totalChanged":false,"mixedStates":false,"code":"none"}
[http-timing] {"sequence":208,"timelineOrdinal":186,"processOrdinal":1,"method":"GET","routeClass":"timeline","status":200,"headerElapsedMs":24,"bodyElapsedMs":0,"totalElapsedMs":24,"bytes":245323,"phase":"complete","outcome":"ok"}
[timeline-page-observation] {"cycle":186,"processOrdinal":1,"timelineOrdinal":186,"kind":"page","elapsedMs":25.222583000002487,"offset":0,"total":1,"unplacedTotal":6,"states":{"intent":1,"ready":0,"committed":0,"complete":0,"failed":0,"other":0}}
[timeline-page-observation] {"cycle":186,"processOrdinal":1,"timelineOrdinal":186,"kind":"complete","elapsedMs":25.606833000001643,"pages":1,"totalChanged":false,"mixedStates":false,"code":"none"}
[http-timing] {"sequence":209,"timelineOrdinal":187,"processOrdinal":1,"method":"GET","routeClass":"timeline","status":200,"headerElapsedMs":939,"bodyElapsedMs":0,"totalElapsedMs":939,"bytes":504044,"phase":"complete","outcome":"ok"}
[timeline-page-observation] {"cycle":187,"processOrdinal":1,"timelineOrdinal":187,"kind":"page","elapsedMs":940.3702499999999,"offset":0,"total":2,"unplacedTotal":7,"states":{"intent":0,"ready":3,"committed":0,"complete":0,"failed":0,"other":0}}
[timeline-page-observation] {"cycle":187,"processOrdinal":1,"timelineOrdinal":187,"kind":"complete","elapsedMs":941.0000830000026,"pages":1,"totalChanged":false,"mixedStates":false,"code":"none"}
[timeline-state] {"reason":"event-not-complete","rowCount":3,"jobCount":1,"outputCount":2,"referenceMatches":true,"truncated":false,"rows":[{"jobState":"ready","completeness":"complete","catalogState":"unknown","playable":false,"request":{"timeBasis":"media-pts-ms","startTimeMs":"8633","endTimeMs":"8633","preMs":"750","postMs":"750"}},{"jobState":"ready","completeness":"complete","catalogState":"unknown","playable":false,"request":{"timeBasis":"media-pts-ms","startTimeMs":"8633","endTimeMs":"8633","preMs":"750","postMs":"750"}},{"jobState":"ready","completeness":"complete","catalogState":"unknown","playable":false,"request":{"timeBasis":"media-pts-ms","startTimeMs":"8633","endTimeMs":"8633","preMs":"750","postMs":"750"}}]}
[http-timing] {"sequence":210,"timelineOrdinal":188,"processOrdinal":1,"method":"GET","routeClass":"timeline","status":200,"headerElapsedMs":891,"bodyElapsedMs":0,"totalElapsedMs":891,"bytes":504364,"phase":"complete","outcome":"ok"}
[timeline-page-observation] {"cycle":188,"processOrdinal":1,"timelineOrdinal":188,"kind":"page","elapsedMs":892.9509169999983,"offset":0,"total":2,"unplacedTotal":7,"states":{"intent":0,"ready":0,"committed":0,"complete":3,"failed":0,"other":0}}
[timeline-page-observation] {"cycle":188,"processOrdinal":1,"timelineOrdinal":188,"kind":"complete","elapsedMs":894.1399999999994,"pages":1,"totalChanged":false,"mixedStates":false,"code":"none"}
[timeline-state] {"reason":"ok","rowCount":3,"jobCount":1,"outputCount":2,"referenceMatches":true,"truncated":false,"rows":[{"jobState":"complete","completeness":"complete","catalogState":"finalized","playable":true,"request":{"timeBasis":"media-pts-ms","startTimeMs":"8633","endTimeMs":"8633","preMs":"750","postMs":"750"}},{"jobState":"complete","completeness":"complete","catalogState":"finalized","playable":true,"request":{"timeBasis":"media-pts-ms","startTimeMs":"8633","endTimeMs":"8633","preMs":"750","postMs":"750"}},{"jobState":"complete","completeness":"complete","catalogState":"finalized","playable":true,"request":{"timeBasis":"media-pts-ms","startTimeMs":"8633","endTimeMs":"8633","preMs":"750","postMs":"750"}}]}
[transition-observation] {"kind":"end","referenceSha256":"03d16a9d4a022a1c2fe7f995dc4e890e13e9e2e986cc438ccefa6e62ff5c9b87","processOrdinal":1,"clientAtMs":25963.966417,"elapsedMs":14979.763959,"deadlineMs":30000,"returnedAfterBudget":false,"outcome":"complete","firstTimelineOrdinal":84,"lastTimelineOrdinal":188,"scope":"full-page-two-outputs"}
[terminal-observation] {"processOrdinal":1,"referenceSha256":"03d16a9d4a022a1c2fe7f995dc4e890e13e9e2e986cc438ccefa6e62ff5c9b87","unplacedUnit":"file","terminalObserved":true,"firstObservedMs":25959.951292,"firstPageOffset":0,"firstTimelineOrdinal":188,"mixedStates":true,"observedOutputCount":2,"fullOutputPass":false,"invalid":false,"fullPageStatus":"complete","changedCycles":0,"waitOutcome":"complete"}
[pass] S11-CI07 run1 literal two output files all pages
[http-timing] {"sequence":211,"timelineOrdinal":null,"processOrdinal":1,"method":"GET","routeClass":"media","status":200,"headerElapsedMs":501,"bodyElapsedMs":2,"totalElapsedMs":503,"bytes":4101080,"phase":"complete","outcome":"ok"}
[pass] S11-CI07 run1 output1 HTTP200
[http-timing] {"sequence":212,"timelineOrdinal":null,"processOrdinal":1,"method":"GET","routeClass":"media","status":200,"headerElapsedMs":507,"bodyElapsedMs":2,"totalElapsedMs":510,"bytes":4817392,"phase":"complete","outcome":"ok"}
[pass] S11-CI07 run1 output2 HTTP200
[http-timing] {"sequence":213,"timelineOrdinal":null,"processOrdinal":1,"method":"DELETE","routeClass":"tap","status":200,"headerElapsedMs":37,"bodyElapsedMs":0,"totalElapsedMs":37,"bytes":26,"phase":"complete","outcome":"ok"}
[process-stop] {"processOrdinal":1,"schema":"recording-process-cleanup-v1","attemptCount":1,"pid":64856,"exitCode":0,"signalCode":null,"exitedObserved":true,"stopCode":"complete","forcedTermination":"not-used","normalExitPass":true,"normalShutdownPass":true,"archiveSafe":true,"ports":[{"kind":"http","port":64722,"status":"pass","code":"closed","closed":true},{"kind":"rtsp","port":64723,"status":"pass","code":"closed","closed":true}]}
[writer-evidence-status] {"basis":"run-wide-stderr","sourceBindingEquivalent":false,"total":0,"truncated":false,"counts":[]}
[process-evidence] {"processOrdinal":1,"evidenceFile":"process-8411c0c9-8ff3-40fe-86f9-af80f8ed7358.json"}
[pass] S11-CI08 product-1 exit0 ports returned
[pass] S11-CI11 copy1 bytes/hash exact before Open
[pass] S11-CI11 copy1 same-axis request two sources typed proof
[pass] S11-CI11 original1 unchanged by copy recovery
[pass] S11-CI07 output owned regular hash dj-d1f4bd090f2d25fb2c22c3efccfb35514044a3539953e58f24b251eb386a8621-o0
[pass] S11-CI07 output owned regular hash dj-d1f4bd090f2d25fb2c22c3efccfb35514044a3539953e58f24b251eb386a8621-o1
[archive-proof] {"referenceId":"event-reference-50973477ca0dd9d410e9683f05dbba01434f35b5fc418a72f52c8e762c609a80","eventId":"evt_1790159341784_64","jobId":"dj-d1f4bd090f2d25fb2c22c3efccfb35514044a3539953e58f24b251eb386a8621","timeBasis":"media-pts-ms","expandedStartNs":"7883000000","expandedEndNs":"9383000000","epoch":"35c38628-1b1c-41b8-95c7-142af0d5feb3","generation":"62ab2360-1bdf-4425-a08f-6fb468aea8ee","generationOrder":"1","track":"456de41e2c61a95ea8bacd13ed3846e215905019d663b095656356887bd7925a/001","sources":[{"id":"07c35acf-ec99-46f9-8f55-16a0a86af76f","startPts":"0","endPts":"8333333333","order":"1"},{"id":"8cc333ae-865f-4a74-a905-f1f9f9bb01a6","startPts":"8333333333","endPts":"16666666666","order":"2"}],"outputs":[{"id":"dj-d1f4bd090f2d25fb2c22c3efccfb35514044a3539953e58f24b251eb386a8621-o0","hash":"31d79033f72c0d5dfc23b8a7e947626b7acd7352eeb7f7dcea565767003be67d","bytes":"4101080"},{"id":"dj-d1f4bd090f2d25fb2c22c3efccfb35514044a3539953e58f24b251eb386a8621-o1","hash":"5101ff6234120cc8dca04ad11b9c0b457cb2841bcdf879447d9589d115c9fece","bytes":"4817392"}],"copyCatalogOpened":true}
[process-start] {"processOrdinal":2,"pid":64925,"ports":[{"kind":"http","port":64944},{"kind":"rtsp","port":64945}]}
[http-timing] {"sequence":214,"timelineOrdinal":null,"processOrdinal":2,"method":"GET","routeClass":"health","status":null,"headerElapsedMs":null,"bodyElapsedMs":null,"totalElapsedMs":1,"bytes":0,"phase":"header","outcome":"error"}
[http-timing] {"sequence":215,"timelineOrdinal":null,"processOrdinal":2,"method":"GET","routeClass":"health","status":null,"headerElapsedMs":null,"bodyElapsedMs":null,"totalElapsedMs":1,"bytes":0,"phase":"header","outcome":"error"}
[http-timing] {"sequence":216,"timelineOrdinal":null,"processOrdinal":2,"method":"GET","routeClass":"health","status":null,"headerElapsedMs":null,"bodyElapsedMs":null,"totalElapsedMs":0,"bytes":0,"phase":"header","outcome":"error"}
[http-timing] {"sequence":217,"timelineOrdinal":null,"processOrdinal":2,"method":"GET","routeClass":"health","status":null,"headerElapsedMs":null,"bodyElapsedMs":null,"totalElapsedMs":0,"bytes":0,"phase":"header","outcome":"error"}
[http-timing] {"sequence":218,"timelineOrdinal":null,"processOrdinal":2,"method":"GET","routeClass":"health","status":null,"headerElapsedMs":null,"bodyElapsedMs":null,"totalElapsedMs":0,"bytes":0,"phase":"header","outcome":"error"}
[http-timing] {"sequence":219,"timelineOrdinal":null,"processOrdinal":2,"method":"GET","routeClass":"health","status":null,"headerElapsedMs":null,"bodyElapsedMs":null,"totalElapsedMs":0,"bytes":0,"phase":"header","outcome":"error"}
[http-timing] {"sequence":220,"timelineOrdinal":null,"processOrdinal":2,"method":"GET","routeClass":"health","status":null,"headerElapsedMs":null,"bodyElapsedMs":null,"totalElapsedMs":0,"bytes":0,"phase":"header","outcome":"error"}
[http-timing] {"sequence":221,"timelineOrdinal":null,"processOrdinal":2,"method":"GET","routeClass":"health","status":null,"headerElapsedMs":null,"bodyElapsedMs":null,"totalElapsedMs":0,"bytes":0,"phase":"header","outcome":"error"}
[http-timing] {"sequence":222,"timelineOrdinal":null,"processOrdinal":2,"method":"GET","routeClass":"health","status":null,"headerElapsedMs":null,"bodyElapsedMs":null,"totalElapsedMs":1,"bytes":0,"phase":"header","outcome":"error"}
[http-timing] {"sequence":223,"timelineOrdinal":null,"processOrdinal":2,"method":"GET","routeClass":"health","status":null,"headerElapsedMs":null,"bodyElapsedMs":null,"totalElapsedMs":1,"bytes":0,"phase":"header","outcome":"error"}
[http-timing] {"sequence":224,"timelineOrdinal":null,"processOrdinal":2,"method":"GET","routeClass":"health","status":null,"headerElapsedMs":null,"bodyElapsedMs":null,"totalElapsedMs":0,"bytes":0,"phase":"header","outcome":"error"}
[http-timing] {"sequence":225,"timelineOrdinal":null,"processOrdinal":2,"method":"GET","routeClass":"health","status":null,"headerElapsedMs":null,"bodyElapsedMs":null,"totalElapsedMs":0,"bytes":0,"phase":"header","outcome":"error"}
[http-timing] {"sequence":226,"timelineOrdinal":null,"processOrdinal":2,"method":"GET","routeClass":"health","status":null,"headerElapsedMs":null,"bodyElapsedMs":null,"totalElapsedMs":0,"bytes":0,"phase":"header","outcome":"error"}
[http-timing] {"sequence":227,"timelineOrdinal":null,"processOrdinal":2,"method":"GET","routeClass":"health","status":null,"headerElapsedMs":null,"bodyElapsedMs":null,"totalElapsedMs":0,"bytes":0,"phase":"header","outcome":"error"}
[http-timing] {"sequence":228,"timelineOrdinal":null,"processOrdinal":2,"method":"GET","routeClass":"health","status":null,"headerElapsedMs":null,"bodyElapsedMs":null,"totalElapsedMs":0,"bytes":0,"phase":"header","outcome":"error"}
[http-timing] {"sequence":229,"timelineOrdinal":null,"processOrdinal":2,"method":"GET","routeClass":"health","status":null,"headerElapsedMs":null,"bodyElapsedMs":null,"totalElapsedMs":0,"bytes":0,"phase":"header","outcome":"error"}
[http-timing] {"sequence":230,"timelineOrdinal":null,"processOrdinal":2,"method":"GET","routeClass":"health","status":null,"headerElapsedMs":null,"bodyElapsedMs":null,"totalElapsedMs":0,"bytes":0,"phase":"header","outcome":"error"}
[http-timing] {"sequence":231,"timelineOrdinal":null,"processOrdinal":2,"method":"GET","routeClass":"health","status":null,"headerElapsedMs":null,"bodyElapsedMs":null,"totalElapsedMs":0,"bytes":0,"phase":"header","outcome":"error"}
[http-timing] {"sequence":232,"timelineOrdinal":null,"processOrdinal":2,"method":"GET","routeClass":"health","status":null,"headerElapsedMs":null,"bodyElapsedMs":null,"totalElapsedMs":0,"bytes":0,"phase":"header","outcome":"error"}
[http-timing] {"sequence":233,"timelineOrdinal":null,"processOrdinal":2,"method":"GET","routeClass":"health","status":200,"headerElapsedMs":1,"bodyElapsedMs":0,"totalElapsedMs":1,"bytes":15,"phase":"complete","outcome":"ok"}
[http-timing] {"sequence":234,"timelineOrdinal":null,"processOrdinal":2,"method":"GET","routeClass":"ice","status":200,"headerElapsedMs":0,"bodyElapsedMs":0,"totalElapsedMs":1,"bytes":222,"phase":"complete","outcome":"ok"}
[pass] S11-CI09 product-2 healthy isolated ICE
[http-timing] {"sequence":235,"timelineOrdinal":1,"processOrdinal":2,"method":"GET","routeClass":"timeline","status":200,"headerElapsedMs":464,"bodyElapsedMs":0,"totalElapsedMs":465,"bytes":624216,"phase":"complete","outcome":"ok"}
[timeline-page-observation] {"cycle":189,"processOrdinal":2,"timelineOrdinal":1,"kind":"page","elapsedMs":466.3187919999982,"offset":0,"total":4,"unplacedTotal":8,"states":{"intent":0,"ready":0,"committed":0,"complete":3,"failed":0,"other":0}}
[timeline-page-observation] {"cycle":189,"processOrdinal":2,"timelineOrdinal":1,"kind":"complete","elapsedMs":467.10104200000205,"pages":1,"totalChanged":false,"mixedStates":false,"code":"none"}
[http-timing] {"sequence":236,"timelineOrdinal":null,"processOrdinal":2,"method":"GET","routeClass":"media","status":200,"headerElapsedMs":483,"bodyElapsedMs":2,"totalElapsedMs":485,"bytes":4101080,"phase":"complete","outcome":"ok"}
[pass] S11-CI08 retained output HTTP200
[http-timing] {"sequence":237,"timelineOrdinal":null,"processOrdinal":2,"method":"GET","routeClass":"media","status":200,"headerElapsedMs":484,"bodyElapsedMs":2,"totalElapsedMs":485,"bytes":4817392,"phase":"complete","outcome":"ok"}
[pass] S11-CI08 retained output HTTP200
[http-timing] {"sequence":238,"timelineOrdinal":null,"processOrdinal":2,"method":"POST","routeClass":"tap-create","status":200,"headerElapsedMs":23,"bodyElapsedMs":0,"totalElapsedMs":23,"bytes":1187,"phase":"complete","outcome":"ok"}
[http-timing] {"sequence":239,"timelineOrdinal":2,"processOrdinal":2,"method":"GET","routeClass":"timeline","status":200,"headerElapsedMs":479,"bodyElapsedMs":0,"totalElapsedMs":480,"bytes":624216,"phase":"complete","outcome":"ok"}
[timeline-page-observation] {"cycle":190,"processOrdinal":2,"timelineOrdinal":2,"kind":"page","elapsedMs":481.25895799999853,"offset":0,"total":4,"unplacedTotal":8,"states":{"intent":0,"ready":0,"committed":0,"complete":0,"failed":0,"other":0}}
[timeline-page-observation] {"cycle":190,"processOrdinal":2,"timelineOrdinal":2,"kind":"complete","elapsedMs":482.15591600000334,"pages":1,"totalChanged":false,"mixedStates":false,"code":"none"}
[http-timing] {"sequence":240,"timelineOrdinal":null,"processOrdinal":2,"method":"GET","routeClass":"tap","status":200,"headerElapsedMs":1,"bodyElapsedMs":0,"totalElapsedMs":1,"bytes":6298,"phase":"complete","outcome":"ok"}
[http-timing] {"sequence":241,"timelineOrdinal":null,"processOrdinal":2,"method":"GET","routeClass":"tap","status":200,"headerElapsedMs":1,"bodyElapsedMs":0,"totalElapsedMs":1,"bytes":6435,"phase":"complete","outcome":"ok"}
[http-timing] {"sequence":242,"timelineOrdinal":null,"processOrdinal":2,"method":"GET","routeClass":"tap","status":200,"headerElapsedMs":1,"bodyElapsedMs":0,"totalElapsedMs":1,"bytes":6433,"phase":"complete","outcome":"ok"}
[http-timing] {"sequence":243,"timelineOrdinal":null,"processOrdinal":2,"method":"GET","routeClass":"tap","status":200,"headerElapsedMs":1,"bodyElapsedMs":0,"totalElapsedMs":1,"bytes":6566,"phase":"complete","outcome":"ok"}
[http-timing] {"sequence":244,"timelineOrdinal":null,"processOrdinal":2,"method":"GET","routeClass":"tap","status":200,"headerElapsedMs":1,"bodyElapsedMs":0,"totalElapsedMs":1,"bytes":6568,"phase":"complete","outcome":"ok"}
[http-timing] {"sequence":245,"timelineOrdinal":null,"processOrdinal":2,"method":"GET","routeClass":"tap","status":200,"headerElapsedMs":1,"bodyElapsedMs":0,"totalElapsedMs":1,"bytes":6704,"phase":"complete","outcome":"ok"}
[http-timing] {"sequence":246,"timelineOrdinal":null,"processOrdinal":2,"method":"GET","routeClass":"tap","status":200,"headerElapsedMs":1,"bodyElapsedMs":0,"totalElapsedMs":1,"bytes":6838,"phase":"complete","outcome":"ok"}
[http-timing] {"sequence":247,"timelineOrdinal":null,"processOrdinal":2,"method":"GET","routeClass":"tap","status":200,"headerElapsedMs":1,"bodyElapsedMs":0,"totalElapsedMs":1,"bytes":6841,"phase":"complete","outcome":"ok"}
[http-timing] {"sequence":248,"timelineOrdinal":3,"processOrdinal":2,"method":"GET","routeClass":"timeline","status":200,"headerElapsedMs":474,"bodyElapsedMs":0,"totalElapsedMs":475,"bytes":624216,"phase":"complete","outcome":"ok"}
[timeline-page-observation] {"cycle":191,"processOrdinal":2,"timelineOrdinal":3,"kind":"page","elapsedMs":476.76254199999676,"offset":0,"total":4,"unplacedTotal":8,"states":{"intent":0,"ready":0,"committed":0,"complete":0,"failed":0,"other":0}}
[timeline-page-observation] {"cycle":191,"processOrdinal":2,"timelineOrdinal":3,"kind":"complete","elapsedMs":477.59091700000135,"pages":1,"totalChanged":false,"mixedStates":false,"code":"none"}
[http-timing] {"sequence":249,"timelineOrdinal":null,"processOrdinal":2,"method":"GET","routeClass":"tap","status":200,"headerElapsedMs":1,"bodyElapsedMs":0,"totalElapsedMs":1,"bytes":7526,"phase":"complete","outcome":"ok"}
[http-timing] {"sequence":250,"timelineOrdinal":null,"processOrdinal":2,"method":"GET","routeClass":"tap","status":200,"headerElapsedMs":1,"bodyElapsedMs":0,"totalElapsedMs":1,"bytes":7522,"phase":"complete","outcome":"ok"}
[http-timing] {"sequence":251,"timelineOrdinal":null,"processOrdinal":2,"method":"GET","routeClass":"tap","status":200,"headerElapsedMs":1,"bodyElapsedMs":0,"totalElapsedMs":1,"bytes":7651,"phase":"complete","outcome":"ok"}
[http-timing] {"sequence":252,"timelineOrdinal":null,"processOrdinal":2,"method":"GET","routeClass":"tap","status":200,"headerElapsedMs":1,"bodyElapsedMs":0,"totalElapsedMs":1,"bytes":7778,"phase":"complete","outcome":"ok"}
[http-timing] {"sequence":253,"timelineOrdinal":null,"processOrdinal":2,"method":"GET","routeClass":"tap","status":200,"headerElapsedMs":1,"bodyElapsedMs":0,"totalElapsedMs":1,"bytes":7781,"phase":"complete","outcome":"ok"}
[http-timing] {"sequence":254,"timelineOrdinal":null,"processOrdinal":2,"method":"GET","routeClass":"tap","status":200,"headerElapsedMs":1,"bodyElapsedMs":0,"totalElapsedMs":1,"bytes":7922,"phase":"complete","outcome":"ok"}
[http-timing] {"sequence":255,"timelineOrdinal":null,"processOrdinal":2,"method":"GET","routeClass":"tap","status":200,"headerElapsedMs":1,"bodyElapsedMs":0,"totalElapsedMs":1,"bytes":7922,"phase":"complete","outcome":"ok"}
[http-timing] {"sequence":256,"timelineOrdinal":null,"processOrdinal":2,"method":"GET","routeClass":"tap","status":200,"headerElapsedMs":1,"bodyElapsedMs":0,"totalElapsedMs":1,"bytes":8057,"phase":"complete","outcome":"ok"}
[http-timing] {"sequence":257,"timelineOrdinal":4,"processOrdinal":2,"method":"GET","routeClass":"timeline","status":200,"headerElapsedMs":478,"bodyElapsedMs":0,"totalElapsedMs":478,"bytes":624216,"phase":"complete","outcome":"ok"}
[timeline-page-observation] {"cycle":192,"processOrdinal":2,"timelineOrdinal":4,"kind":"page","elapsedMs":479.8207919999986,"offset":0,"total":4,"unplacedTotal":8,"states":{"intent":0,"ready":0,"committed":0,"complete":0,"failed":0,"other":0}}
[timeline-page-observation] {"cycle":192,"processOrdinal":2,"timelineOrdinal":4,"kind":"complete","elapsedMs":480.703042000001,"pages":1,"totalChanged":false,"mixedStates":false,"code":"none"}
[http-timing] {"sequence":258,"timelineOrdinal":null,"processOrdinal":2,"method":"GET","routeClass":"tap","status":200,"headerElapsedMs":1,"bodyElapsedMs":0,"totalElapsedMs":1,"bytes":9104,"phase":"complete","outcome":"ok"}
[http-timing] {"sequence":259,"timelineOrdinal":null,"processOrdinal":2,"method":"GET","routeClass":"tap","status":200,"headerElapsedMs":1,"bodyElapsedMs":0,"totalElapsedMs":1,"bytes":9282,"phase":"complete","outcome":"ok"}
[http-timing] {"sequence":260,"timelineOrdinal":null,"processOrdinal":2,"method":"GET","routeClass":"tap","status":200,"headerElapsedMs":1,"bodyElapsedMs":0,"totalElapsedMs":1,"bytes":9270,"phase":"complete","outcome":"ok"}
[http-timing] {"sequence":261,"timelineOrdinal":null,"processOrdinal":2,"method":"GET","routeClass":"tap","status":200,"headerElapsedMs":1,"bodyElapsedMs":0,"totalElapsedMs":1,"bytes":9449,"phase":"complete","outcome":"ok"}
[http-timing] {"sequence":262,"timelineOrdinal":null,"processOrdinal":2,"method":"GET","routeClass":"tap","status":200,"headerElapsedMs":1,"bodyElapsedMs":0,"totalElapsedMs":1,"bytes":9455,"phase":"complete","outcome":"ok"}
[http-timing] {"sequence":263,"timelineOrdinal":null,"processOrdinal":2,"method":"GET","routeClass":"tap","status":200,"headerElapsedMs":1,"bodyElapsedMs":0,"totalElapsedMs":1,"bytes":9640,"phase":"complete","outcome":"ok"}
[http-timing] {"sequence":264,"timelineOrdinal":null,"processOrdinal":2,"method":"GET","routeClass":"tap","status":200,"headerElapsedMs":1,"bodyElapsedMs":0,"totalElapsedMs":1,"bytes":9640,"phase":"complete","outcome":"ok"}
[http-timing] {"sequence":265,"timelineOrdinal":null,"processOrdinal":2,"method":"GET","routeClass":"tap","status":200,"headerElapsedMs":1,"bodyElapsedMs":0,"totalElapsedMs":1,"bytes":9821,"phase":"complete","outcome":"ok"}
[http-timing] {"sequence":266,"timelineOrdinal":5,"processOrdinal":2,"method":"GET","routeClass":"timeline","status":200,"headerElapsedMs":472,"bodyElapsedMs":0,"totalElapsedMs":472,"bytes":624216,"phase":"complete","outcome":"ok"}
[timeline-page-observation] {"cycle":193,"processOrdinal":2,"timelineOrdinal":5,"kind":"page","elapsedMs":473.54562499999884,"offset":0,"total":4,"unplacedTotal":8,"states":{"intent":0,"ready":0,"committed":0,"complete":0,"failed":0,"other":0}}
[timeline-page-observation] {"cycle":193,"processOrdinal":2,"timelineOrdinal":5,"kind":"complete","elapsedMs":474.3339160000032,"pages":1,"totalChanged":false,"mixedStates":false,"code":"none"}
[http-timing] {"sequence":267,"timelineOrdinal":null,"processOrdinal":2,"method":"GET","routeClass":"tap","status":200,"headerElapsedMs":1,"bodyElapsedMs":0,"totalElapsedMs":1,"bytes":10544,"phase":"complete","outcome":"ok"}
[http-timing] {"sequence":268,"timelineOrdinal":null,"processOrdinal":2,"method":"GET","routeClass":"tap","status":200,"headerElapsedMs":1,"bodyElapsedMs":0,"totalElapsedMs":1,"bytes":10715,"phase":"complete","outcome":"ok"}
[http-timing] {"sequence":269,"timelineOrdinal":null,"processOrdinal":2,"method":"GET","routeClass":"tap","status":200,"headerElapsedMs":1,"bodyElapsedMs":0,"totalElapsedMs":1,"bytes":10896,"phase":"complete","outcome":"ok"}
[http-timing] {"sequence":270,"timelineOrdinal":null,"processOrdinal":2,"method":"GET","routeClass":"tap","status":200,"headerElapsedMs":1,"bodyElapsedMs":0,"totalElapsedMs":1,"bytes":10901,"phase":"complete","outcome":"ok"}
[http-timing] {"sequence":271,"timelineOrdinal":null,"processOrdinal":2,"method":"GET","routeClass":"tap","status":200,"headerElapsedMs":1,"bodyElapsedMs":0,"totalElapsedMs":1,"bytes":11072,"phase":"complete","outcome":"ok"}
[http-timing] {"sequence":272,"timelineOrdinal":null,"processOrdinal":2,"method":"GET","routeClass":"tap","status":200,"headerElapsedMs":1,"bodyElapsedMs":0,"totalElapsedMs":1,"bytes":11253,"phase":"complete","outcome":"ok"}
[http-timing] {"sequence":273,"timelineOrdinal":null,"processOrdinal":2,"method":"GET","routeClass":"tap","status":200,"headerElapsedMs":1,"bodyElapsedMs":0,"totalElapsedMs":1,"bytes":11270,"phase":"complete","outcome":"ok"}
[http-timing] {"sequence":274,"timelineOrdinal":null,"processOrdinal":2,"method":"GET","routeClass":"tap","status":200,"headerElapsedMs":1,"bodyElapsedMs":0,"totalElapsedMs":1,"bytes":11337,"phase":"complete","outcome":"ok"}
[http-timing] {"sequence":275,"timelineOrdinal":6,"processOrdinal":2,"method":"GET","routeClass":"timeline","status":200,"headerElapsedMs":472,"bodyElapsedMs":0,"totalElapsedMs":472,"bytes":624216,"phase":"complete","outcome":"ok"}
[timeline-page-observation] {"cycle":194,"processOrdinal":2,"timelineOrdinal":6,"kind":"page","elapsedMs":473.8493329999983,"offset":0,"total":4,"unplacedTotal":8,"states":{"intent":0,"ready":0,"committed":0,"complete":0,"failed":0,"other":0}}
[timeline-page-observation] {"cycle":194,"processOrdinal":2,"timelineOrdinal":6,"kind":"complete","elapsedMs":474.6462909999973,"pages":1,"totalChanged":false,"mixedStates":false,"code":"none"}
[http-timing] {"sequence":276,"timelineOrdinal":null,"processOrdinal":2,"method":"GET","routeClass":"tap","status":200,"headerElapsedMs":1,"bodyElapsedMs":0,"totalElapsedMs":1,"bytes":11519,"phase":"complete","outcome":"ok"}
[http-timing] {"sequence":277,"timelineOrdinal":null,"processOrdinal":2,"method":"GET","routeClass":"tap","status":200,"headerElapsedMs":1,"bodyElapsedMs":0,"totalElapsedMs":1,"bytes":11559,"phase":"complete","outcome":"ok"}
[http-timing] {"sequence":278,"timelineOrdinal":null,"processOrdinal":2,"method":"GET","routeClass":"tap","status":200,"headerElapsedMs":1,"bodyElapsedMs":0,"totalElapsedMs":1,"bytes":11559,"phase":"complete","outcome":"ok"}
[http-timing] {"sequence":279,"timelineOrdinal":null,"processOrdinal":2,"method":"GET","routeClass":"tap","status":200,"headerElapsedMs":1,"bodyElapsedMs":0,"totalElapsedMs":1,"bytes":11605,"phase":"complete","outcome":"ok"}
[http-timing] {"sequence":280,"timelineOrdinal":null,"processOrdinal":2,"method":"GET","routeClass":"tap","status":200,"headerElapsedMs":1,"bodyElapsedMs":0,"totalElapsedMs":1,"bytes":11656,"phase":"complete","outcome":"ok"}
[http-timing] {"sequence":281,"timelineOrdinal":null,"processOrdinal":2,"method":"GET","routeClass":"tap","status":200,"headerElapsedMs":1,"bodyElapsedMs":0,"totalElapsedMs":1,"bytes":11654,"phase":"complete","outcome":"ok"}
[http-timing] {"sequence":282,"timelineOrdinal":null,"processOrdinal":2,"method":"GET","routeClass":"tap","status":200,"headerElapsedMs":1,"bodyElapsedMs":0,"totalElapsedMs":1,"bytes":11696,"phase":"complete","outcome":"ok"}
[http-timing] {"sequence":283,"timelineOrdinal":null,"processOrdinal":2,"method":"GET","routeClass":"tap","status":200,"headerElapsedMs":1,"bodyElapsedMs":0,"totalElapsedMs":1,"bytes":11734,"phase":"complete","outcome":"ok"}
[http-timing] {"sequence":284,"timelineOrdinal":7,"processOrdinal":2,"method":"GET","routeClass":"timeline","status":200,"headerElapsedMs":471,"bodyElapsedMs":0,"totalElapsedMs":471,"bytes":624216,"phase":"complete","outcome":"ok"}
[timeline-page-observation] {"cycle":195,"processOrdinal":2,"timelineOrdinal":7,"kind":"page","elapsedMs":472.96887499999866,"offset":0,"total":4,"unplacedTotal":8,"states":{"intent":0,"ready":0,"committed":0,"complete":0,"failed":0,"other":0}}
[timeline-page-observation] {"cycle":195,"processOrdinal":2,"timelineOrdinal":7,"kind":"complete","elapsedMs":473.74945899999875,"pages":1,"totalChanged":false,"mixedStates":false,"code":"none"}
[http-timing] {"sequence":285,"timelineOrdinal":null,"processOrdinal":2,"method":"GET","routeClass":"tap","status":200,"headerElapsedMs":1,"bodyElapsedMs":0,"totalElapsedMs":1,"bytes":11917,"phase":"complete","outcome":"ok"}
[http-timing] {"sequence":286,"timelineOrdinal":null,"processOrdinal":2,"method":"GET","routeClass":"tap","status":200,"headerElapsedMs":1,"bodyElapsedMs":0,"totalElapsedMs":1,"bytes":11968,"phase":"complete","outcome":"ok"}
[http-timing] {"sequence":287,"timelineOrdinal":null,"processOrdinal":2,"method":"GET","routeClass":"tap","status":200,"headerElapsedMs":1,"bodyElapsedMs":0,"totalElapsedMs":1,"bytes":11968,"phase":"complete","outcome":"ok"}
[http-timing] {"sequence":288,"timelineOrdinal":null,"processOrdinal":2,"method":"GET","routeClass":"tap","status":200,"headerElapsedMs":1,"bodyElapsedMs":0,"totalElapsedMs":1,"bytes":12008,"phase":"complete","outcome":"ok"}
[http-timing] {"sequence":289,"timelineOrdinal":null,"processOrdinal":2,"method":"GET","routeClass":"tap","status":200,"headerElapsedMs":1,"bodyElapsedMs":0,"totalElapsedMs":1,"bytes":12008,"phase":"complete","outcome":"ok"}
[http-timing] {"sequence":290,"timelineOrdinal":null,"processOrdinal":2,"method":"GET","routeClass":"tap","status":200,"headerElapsedMs":1,"bodyElapsedMs":0,"totalElapsedMs":1,"bytes":12045,"phase":"complete","outcome":"ok"}
[http-timing] {"sequence":291,"timelineOrdinal":null,"processOrdinal":2,"method":"GET","routeClass":"tap","status":200,"headerElapsedMs":1,"bodyElapsedMs":0,"totalElapsedMs":1,"bytes":12048,"phase":"complete","outcome":"ok"}
[http-timing] {"sequence":292,"timelineOrdinal":null,"processOrdinal":2,"method":"GET","routeClass":"tap","status":200,"headerElapsedMs":1,"bodyElapsedMs":0,"totalElapsedMs":1,"bytes":12047,"phase":"complete","outcome":"ok"}
[http-timing] {"sequence":293,"timelineOrdinal":8,"processOrdinal":2,"method":"GET","routeClass":"timeline","status":200,"headerElapsedMs":507,"bodyElapsedMs":0,"totalElapsedMs":507,"bytes":624216,"phase":"complete","outcome":"ok"}
[timeline-page-observation] {"cycle":196,"processOrdinal":2,"timelineOrdinal":8,"kind":"page","elapsedMs":508.81233399999473,"offset":0,"total":4,"unplacedTotal":8,"states":{"intent":0,"ready":0,"committed":0,"complete":0,"failed":0,"other":0}}
[timeline-page-observation] {"cycle":196,"processOrdinal":2,"timelineOrdinal":8,"kind":"complete","elapsedMs":509.6266669999968,"pages":1,"totalChanged":false,"mixedStates":false,"code":"none"}
[http-timing] {"sequence":294,"timelineOrdinal":null,"processOrdinal":2,"method":"GET","routeClass":"tap","status":200,"headerElapsedMs":1,"bodyElapsedMs":0,"totalElapsedMs":1,"bytes":12044,"phase":"complete","outcome":"ok"}
[http-timing] {"sequence":295,"timelineOrdinal":null,"processOrdinal":2,"method":"GET","routeClass":"tap","status":200,"headerElapsedMs":1,"bodyElapsedMs":0,"totalElapsedMs":1,"bytes":12047,"phase":"complete","outcome":"ok"}
[http-timing] {"sequence":296,"timelineOrdinal":null,"processOrdinal":2,"method":"GET","routeClass":"tap","status":200,"headerElapsedMs":1,"bodyElapsedMs":0,"totalElapsedMs":1,"bytes":12049,"phase":"complete","outcome":"ok"}
[http-timing] {"sequence":297,"timelineOrdinal":null,"processOrdinal":2,"method":"GET","routeClass":"tap","status":200,"headerElapsedMs":1,"bodyElapsedMs":0,"totalElapsedMs":1,"bytes":12049,"phase":"complete","outcome":"ok"}
[http-timing] {"sequence":298,"timelineOrdinal":null,"processOrdinal":2,"method":"GET","routeClass":"tap","status":200,"headerElapsedMs":1,"bodyElapsedMs":0,"totalElapsedMs":1,"bytes":12035,"phase":"complete","outcome":"ok"}
[http-timing] {"sequence":299,"timelineOrdinal":null,"processOrdinal":2,"method":"GET","routeClass":"tap","status":200,"headerElapsedMs":1,"bodyElapsedMs":0,"totalElapsedMs":1,"bytes":12042,"phase":"complete","outcome":"ok"}
[http-timing] {"sequence":300,"timelineOrdinal":null,"processOrdinal":2,"method":"GET","routeClass":"tap","status":200,"headerElapsedMs":1,"bodyElapsedMs":0,"totalElapsedMs":1,"bytes":12042,"phase":"complete","outcome":"ok"}
[http-timing] {"sequence":301,"timelineOrdinal":null,"processOrdinal":2,"method":"GET","routeClass":"tap","status":200,"headerElapsedMs":1,"bodyElapsedMs":0,"totalElapsedMs":1,"bytes":12046,"phase":"complete","outcome":"ok"}
[http-timing] {"sequence":302,"timelineOrdinal":9,"processOrdinal":2,"method":"GET","routeClass":"timeline","status":200,"headerElapsedMs":482,"bodyElapsedMs":0,"totalElapsedMs":483,"bytes":732065,"phase":"complete","outcome":"ok"}
[timeline-page-observation] {"cycle":197,"processOrdinal":2,"timelineOrdinal":9,"kind":"page","elapsedMs":484.41083400000207,"offset":0,"total":5,"unplacedTotal":9,"states":{"intent":0,"ready":0,"committed":0,"complete":0,"failed":0,"other":0}}
[timeline-page-observation] {"cycle":197,"processOrdinal":2,"timelineOrdinal":9,"kind":"complete","elapsedMs":485.38370900000155,"pages":1,"totalChanged":false,"mixedStates":false,"code":"none"}
[http-timing] {"sequence":303,"timelineOrdinal":null,"processOrdinal":2,"method":"GET","routeClass":"tap","status":200,"headerElapsedMs":1,"bodyElapsedMs":0,"totalElapsedMs":1,"bytes":12058,"phase":"complete","outcome":"ok"}
[http-timing] {"sequence":304,"timelineOrdinal":10,"processOrdinal":2,"method":"GET","routeClass":"timeline","status":200,"headerElapsedMs":487,"bodyElapsedMs":0,"totalElapsedMs":488,"bytes":732065,"phase":"complete","outcome":"ok"}
[timeline-page-observation] {"cycle":198,"processOrdinal":2,"timelineOrdinal":10,"kind":"page","elapsedMs":489.723917000003,"offset":0,"total":5,"unplacedTotal":9,"states":{"intent":0,"ready":0,"committed":0,"complete":0,"failed":0,"other":0}}
[timeline-page-observation] {"cycle":198,"processOrdinal":2,"timelineOrdinal":10,"kind":"complete","elapsedMs":490.69400000000314,"pages":1,"totalChanged":false,"mixedStates":false,"code":"none"}
[http-timing] {"sequence":305,"timelineOrdinal":null,"processOrdinal":2,"method":"GET","routeClass":"tap","status":200,"headerElapsedMs":1,"bodyElapsedMs":0,"totalElapsedMs":1,"bytes":12070,"phase":"complete","outcome":"ok"}
[http-timing] {"sequence":306,"timelineOrdinal":11,"processOrdinal":2,"method":"GET","routeClass":"timeline","status":200,"headerElapsedMs":480,"bodyElapsedMs":0,"totalElapsedMs":480,"bytes":732065,"phase":"complete","outcome":"ok"}
[timeline-page-observation] {"cycle":199,"processOrdinal":2,"timelineOrdinal":11,"kind":"page","elapsedMs":482.19041599999764,"offset":0,"total":5,"unplacedTotal":9,"states":{"intent":0,"ready":0,"committed":0,"complete":0,"failed":0,"other":0}}
[timeline-page-observation] {"cycle":199,"processOrdinal":2,"timelineOrdinal":11,"kind":"complete","elapsedMs":483.210957999996,"pages":1,"totalChanged":false,"mixedStates":false,"code":"none"}
[http-timing] {"sequence":307,"timelineOrdinal":null,"processOrdinal":2,"method":"GET","routeClass":"tap","status":200,"headerElapsedMs":1,"bodyElapsedMs":0,"totalElapsedMs":1,"bytes":12091,"phase":"complete","outcome":"ok"}
[http-timing] {"sequence":308,"timelineOrdinal":12,"processOrdinal":2,"method":"GET","routeClass":"timeline","status":200,"headerElapsedMs":482,"bodyElapsedMs":0,"totalElapsedMs":483,"bytes":732065,"phase":"complete","outcome":"ok"}
[timeline-page-observation] {"cycle":200,"processOrdinal":2,"timelineOrdinal":12,"kind":"page","elapsedMs":484.50049999999464,"offset":0,"total":5,"unplacedTotal":9,"states":{"intent":0,"ready":0,"committed":0,"complete":0,"failed":0,"other":0}}
[timeline-page-observation] {"cycle":200,"processOrdinal":2,"timelineOrdinal":12,"kind":"complete","elapsedMs":485.4623339999962,"pages":1,"totalChanged":false,"mixedStates":false,"code":"none"}
[http-timing] {"sequence":309,"timelineOrdinal":null,"processOrdinal":2,"method":"GET","routeClass":"tap","status":200,"headerElapsedMs":1,"bodyElapsedMs":0,"totalElapsedMs":1,"bytes":12111,"phase":"complete","outcome":"ok"}
[http-timing] {"sequence":310,"timelineOrdinal":13,"processOrdinal":2,"method":"GET","routeClass":"timeline","status":200,"headerElapsedMs":482,"bodyElapsedMs":0,"totalElapsedMs":482,"bytes":732065,"phase":"complete","outcome":"ok"}
[timeline-page-observation] {"cycle":201,"processOrdinal":2,"timelineOrdinal":13,"kind":"page","elapsedMs":484.0565840000054,"offset":0,"total":5,"unplacedTotal":9,"states":{"intent":0,"ready":0,"committed":0,"complete":0,"failed":0,"other":0}}
[timeline-page-observation] {"cycle":201,"processOrdinal":2,"timelineOrdinal":13,"kind":"complete","elapsedMs":485.01862500000425,"pages":1,"totalChanged":false,"mixedStates":false,"code":"none"}
[http-timing] {"sequence":311,"timelineOrdinal":null,"processOrdinal":2,"method":"GET","routeClass":"tap","status":200,"headerElapsedMs":1,"bodyElapsedMs":0,"totalElapsedMs":1,"bytes":12133,"phase":"complete","outcome":"ok"}
[http-timing] {"sequence":312,"timelineOrdinal":14,"processOrdinal":2,"method":"GET","routeClass":"timeline","status":200,"headerElapsedMs":485,"bodyElapsedMs":0,"totalElapsedMs":486,"bytes":732065,"phase":"complete","outcome":"ok"}
[timeline-page-observation] {"cycle":202,"processOrdinal":2,"timelineOrdinal":14,"kind":"page","elapsedMs":487.57116599999426,"offset":0,"total":5,"unplacedTotal":9,"states":{"intent":0,"ready":0,"committed":0,"complete":0,"failed":0,"other":0}}
[timeline-page-observation] {"cycle":202,"processOrdinal":2,"timelineOrdinal":14,"kind":"complete","elapsedMs":488.5382079999981,"pages":1,"totalChanged":false,"mixedStates":false,"code":"none"}
[http-timing] {"sequence":313,"timelineOrdinal":null,"processOrdinal":2,"method":"GET","routeClass":"tap","status":200,"headerElapsedMs":1,"bodyElapsedMs":0,"totalElapsedMs":1,"bytes":12149,"phase":"complete","outcome":"ok"}
[http-timing] {"sequence":314,"timelineOrdinal":15,"processOrdinal":2,"method":"GET","routeClass":"timeline","status":200,"headerElapsedMs":481,"bodyElapsedMs":0,"totalElapsedMs":481,"bytes":732065,"phase":"complete","outcome":"ok"}
[timeline-page-observation] {"cycle":203,"processOrdinal":2,"timelineOrdinal":15,"kind":"page","elapsedMs":482.91416699999536,"offset":0,"total":5,"unplacedTotal":9,"states":{"intent":0,"ready":0,"committed":0,"complete":0,"failed":0,"other":0}}
[timeline-page-observation] {"cycle":203,"processOrdinal":2,"timelineOrdinal":15,"kind":"complete","elapsedMs":483.8629579999979,"pages":1,"totalChanged":false,"mixedStates":false,"code":"none"}
[http-timing] {"sequence":315,"timelineOrdinal":null,"processOrdinal":2,"method":"GET","routeClass":"tap","status":200,"headerElapsedMs":1,"bodyElapsedMs":0,"totalElapsedMs":1,"bytes":12164,"phase":"complete","outcome":"ok"}
[http-timing] {"sequence":316,"timelineOrdinal":16,"processOrdinal":2,"method":"GET","routeClass":"timeline","status":200,"headerElapsedMs":481,"bodyElapsedMs":0,"totalElapsedMs":482,"bytes":732065,"phase":"complete","outcome":"ok"}
[timeline-page-observation] {"cycle":204,"processOrdinal":2,"timelineOrdinal":16,"kind":"page","elapsedMs":483.5801250000004,"offset":0,"total":5,"unplacedTotal":9,"states":{"intent":0,"ready":0,"committed":0,"complete":0,"failed":0,"other":0}}
[timeline-page-observation] {"cycle":204,"processOrdinal":2,"timelineOrdinal":16,"kind":"complete","elapsedMs":484.51670800000284,"pages":1,"totalChanged":false,"mixedStates":false,"code":"none"}
[http-timing] {"sequence":317,"timelineOrdinal":null,"processOrdinal":2,"method":"GET","routeClass":"tap","status":200,"headerElapsedMs":1,"bodyElapsedMs":0,"totalElapsedMs":1,"bytes":10352,"phase":"complete","outcome":"ok"}
[http-timing] {"sequence":318,"timelineOrdinal":17,"processOrdinal":2,"method":"GET","routeClass":"timeline","status":200,"headerElapsedMs":485,"bodyElapsedMs":0,"totalElapsedMs":485,"bytes":732065,"phase":"complete","outcome":"ok"}
[timeline-page-observation] {"cycle":205,"processOrdinal":2,"timelineOrdinal":17,"kind":"page","elapsedMs":486.9647909999985,"offset":0,"total":5,"unplacedTotal":9,"states":{"intent":0,"ready":0,"committed":0,"complete":0,"failed":0,"other":0}}
[timeline-page-observation] {"cycle":205,"processOrdinal":2,"timelineOrdinal":17,"kind":"complete","elapsedMs":487.84733300000516,"pages":1,"totalChanged":false,"mixedStates":false,"code":"none"}
[http-timing] {"sequence":319,"timelineOrdinal":null,"processOrdinal":2,"method":"GET","routeClass":"tap","status":200,"headerElapsedMs":1,"bodyElapsedMs":0,"totalElapsedMs":1,"bytes":10355,"phase":"complete","outcome":"ok"}
[http-timing] {"sequence":320,"timelineOrdinal":18,"processOrdinal":2,"method":"GET","routeClass":"timeline","status":200,"headerElapsedMs":484,"bodyElapsedMs":0,"totalElapsedMs":485,"bytes":732065,"phase":"complete","outcome":"ok"}
[timeline-page-observation] {"cycle":206,"processOrdinal":2,"timelineOrdinal":18,"kind":"page","elapsedMs":486.3751669999983,"offset":0,"total":5,"unplacedTotal":9,"states":{"intent":0,"ready":0,"committed":0,"complete":0,"failed":0,"other":0}}
[timeline-page-observation] {"cycle":206,"processOrdinal":2,"timelineOrdinal":18,"kind":"complete","elapsedMs":487.2976669999989,"pages":1,"totalChanged":false,"mixedStates":false,"code":"none"}
[http-timing] {"sequence":321,"timelineOrdinal":null,"processOrdinal":2,"method":"GET","routeClass":"tap","status":200,"headerElapsedMs":1,"bodyElapsedMs":0,"totalElapsedMs":1,"bytes":10364,"phase":"complete","outcome":"ok"}
[http-timing] {"sequence":322,"timelineOrdinal":19,"processOrdinal":2,"method":"GET","routeClass":"timeline","status":200,"headerElapsedMs":487,"bodyElapsedMs":0,"totalElapsedMs":487,"bytes":732065,"phase":"complete","outcome":"ok"}
[timeline-page-observation] {"cycle":207,"processOrdinal":2,"timelineOrdinal":19,"kind":"page","elapsedMs":489.171666000002,"offset":0,"total":5,"unplacedTotal":9,"states":{"intent":0,"ready":0,"committed":0,"complete":0,"failed":0,"other":0}}
[timeline-page-observation] {"cycle":207,"processOrdinal":2,"timelineOrdinal":19,"kind":"complete","elapsedMs":490.22320800000307,"pages":1,"totalChanged":false,"mixedStates":false,"code":"none"}
[http-timing] {"sequence":323,"timelineOrdinal":null,"processOrdinal":2,"method":"GET","routeClass":"tap","status":200,"headerElapsedMs":3,"bodyElapsedMs":0,"totalElapsedMs":3,"bytes":12193,"phase":"complete","outcome":"ok"}
[http-timing] {"sequence":324,"timelineOrdinal":20,"processOrdinal":2,"method":"GET","routeClass":"timeline","status":200,"headerElapsedMs":488,"bodyElapsedMs":0,"totalElapsedMs":489,"bytes":732065,"phase":"complete","outcome":"ok"}
[timeline-page-observation] {"cycle":208,"processOrdinal":2,"timelineOrdinal":20,"kind":"page","elapsedMs":490.6233330000032,"offset":0,"total":5,"unplacedTotal":9,"states":{"intent":0,"ready":0,"committed":0,"complete":0,"failed":0,"other":0}}
[timeline-page-observation] {"cycle":208,"processOrdinal":2,"timelineOrdinal":20,"kind":"complete","elapsedMs":491.5402499999982,"pages":1,"totalChanged":false,"mixedStates":false,"code":"none"}
[http-timing] {"sequence":325,"timelineOrdinal":null,"processOrdinal":2,"method":"GET","routeClass":"tap","status":200,"headerElapsedMs":1,"bodyElapsedMs":0,"totalElapsedMs":1,"bytes":12183,"phase":"complete","outcome":"ok"}
[http-timing] {"sequence":326,"timelineOrdinal":21,"processOrdinal":2,"method":"GET","routeClass":"timeline","status":200,"headerElapsedMs":531,"bodyElapsedMs":0,"totalElapsedMs":531,"bytes":732065,"phase":"complete","outcome":"ok"}
[timeline-page-observation] {"cycle":209,"processOrdinal":2,"timelineOrdinal":21,"kind":"page","elapsedMs":533.1218750000044,"offset":0,"total":5,"unplacedTotal":9,"states":{"intent":0,"ready":0,"committed":0,"complete":0,"failed":0,"other":0}}
[timeline-page-observation] {"cycle":209,"processOrdinal":2,"timelineOrdinal":21,"kind":"complete","elapsedMs":534.009625000006,"pages":1,"totalChanged":false,"mixedStates":false,"code":"none"}
[http-timing] {"sequence":327,"timelineOrdinal":null,"processOrdinal":2,"method":"GET","routeClass":"tap","status":200,"headerElapsedMs":1,"bodyElapsedMs":0,"totalElapsedMs":1,"bytes":12195,"phase":"complete","outcome":"ok"}
[http-timing] {"sequence":328,"timelineOrdinal":22,"processOrdinal":2,"method":"GET","routeClass":"timeline","status":200,"headerElapsedMs":493,"bodyElapsedMs":0,"totalElapsedMs":494,"bytes":849493,"phase":"complete","outcome":"ok"}
[timeline-page-observation] {"cycle":210,"processOrdinal":2,"timelineOrdinal":22,"kind":"page","elapsedMs":495.6050829999949,"offset":0,"total":6,"unplacedTotal":10,"states":{"intent":0,"ready":0,"committed":0,"complete":0,"failed":0,"other":0}}
[timeline-page-observation] {"cycle":210,"processOrdinal":2,"timelineOrdinal":22,"kind":"complete","elapsedMs":496.7060829999973,"pages":1,"totalChanged":false,"mixedStates":false,"code":"none"}
[http-timing] {"sequence":329,"timelineOrdinal":null,"processOrdinal":2,"method":"GET","routeClass":"tap","status":200,"headerElapsedMs":1,"bodyElapsedMs":0,"totalElapsedMs":1,"bytes":12191,"phase":"complete","outcome":"ok"}
[http-timing] {"sequence":330,"timelineOrdinal":23,"processOrdinal":2,"method":"GET","routeClass":"timeline","status":200,"headerElapsedMs":493,"bodyElapsedMs":1,"totalElapsedMs":494,"bytes":849493,"phase":"complete","outcome":"ok"}
[timeline-page-observation] {"cycle":211,"processOrdinal":2,"timelineOrdinal":23,"kind":"page","elapsedMs":495.69149999999354,"offset":0,"total":6,"unplacedTotal":10,"states":{"intent":0,"ready":0,"committed":0,"complete":0,"failed":0,"other":0}}
[timeline-page-observation] {"cycle":211,"processOrdinal":2,"timelineOrdinal":23,"kind":"complete","elapsedMs":496.8509589999958,"pages":1,"totalChanged":false,"mixedStates":false,"code":"none"}
[http-timing] {"sequence":331,"timelineOrdinal":null,"processOrdinal":2,"method":"GET","routeClass":"tap","status":200,"headerElapsedMs":1,"bodyElapsedMs":0,"totalElapsedMs":1,"bytes":12191,"phase":"complete","outcome":"ok"}
[http-timing] {"sequence":332,"timelineOrdinal":24,"processOrdinal":2,"method":"GET","routeClass":"timeline","status":200,"headerElapsedMs":496,"bodyElapsedMs":0,"totalElapsedMs":496,"bytes":849493,"phase":"complete","outcome":"ok"}
[timeline-page-observation] {"cycle":212,"processOrdinal":2,"timelineOrdinal":24,"kind":"page","elapsedMs":497.92933299999277,"offset":0,"total":6,"unplacedTotal":10,"states":{"intent":0,"ready":0,"committed":0,"complete":0,"failed":0,"other":0}}
[timeline-page-observation] {"cycle":212,"processOrdinal":2,"timelineOrdinal":24,"kind":"complete","elapsedMs":498.96312499999476,"pages":1,"totalChanged":false,"mixedStates":false,"code":"none"}
[http-timing] {"sequence":333,"timelineOrdinal":null,"processOrdinal":2,"method":"GET","routeClass":"tap","status":200,"headerElapsedMs":1,"bodyElapsedMs":0,"totalElapsedMs":1,"bytes":12185,"phase":"complete","outcome":"ok"}
[http-timing] {"sequence":334,"timelineOrdinal":25,"processOrdinal":2,"method":"GET","routeClass":"timeline","status":200,"headerElapsedMs":495,"bodyElapsedMs":0,"totalElapsedMs":495,"bytes":849493,"phase":"complete","outcome":"ok"}
[timeline-page-observation] {"cycle":213,"processOrdinal":2,"timelineOrdinal":25,"kind":"page","elapsedMs":497.3788340000028,"offset":0,"total":6,"unplacedTotal":10,"states":{"intent":0,"ready":0,"committed":0,"complete":0,"failed":0,"other":0}}
[timeline-page-observation] {"cycle":213,"processOrdinal":2,"timelineOrdinal":25,"kind":"complete","elapsedMs":498.42866700000013,"pages":1,"totalChanged":false,"mixedStates":false,"code":"none"}
[http-timing] {"sequence":335,"timelineOrdinal":null,"processOrdinal":2,"method":"GET","routeClass":"tap","status":200,"headerElapsedMs":3,"bodyElapsedMs":0,"totalElapsedMs":3,"bytes":12197,"phase":"complete","outcome":"ok"}
[http-timing] {"sequence":336,"timelineOrdinal":26,"processOrdinal":2,"method":"GET","routeClass":"timeline","status":200,"headerElapsedMs":495,"bodyElapsedMs":0,"totalElapsedMs":496,"bytes":849493,"phase":"complete","outcome":"ok"}
[timeline-page-observation] {"cycle":214,"processOrdinal":2,"timelineOrdinal":26,"kind":"page","elapsedMs":497.950499999999,"offset":0,"total":6,"unplacedTotal":10,"states":{"intent":0,"ready":0,"committed":0,"complete":0,"failed":0,"other":0}}
[timeline-page-observation] {"cycle":214,"processOrdinal":2,"timelineOrdinal":26,"kind":"complete","elapsedMs":499.0195420000018,"pages":1,"totalChanged":false,"mixedStates":false,"code":"none"}
[http-timing] {"sequence":337,"timelineOrdinal":null,"processOrdinal":2,"method":"GET","routeClass":"tap","status":200,"headerElapsedMs":1,"bodyElapsedMs":0,"totalElapsedMs":1,"bytes":12197,"phase":"complete","outcome":"ok"}
[http-timing] {"sequence":338,"timelineOrdinal":27,"processOrdinal":2,"method":"GET","routeClass":"timeline","status":200,"headerElapsedMs":495,"bodyElapsedMs":0,"totalElapsedMs":495,"bytes":849493,"phase":"complete","outcome":"ok"}
[timeline-page-observation] {"cycle":215,"processOrdinal":2,"timelineOrdinal":27,"kind":"page","elapsedMs":497.0329580000034,"offset":0,"total":6,"unplacedTotal":10,"states":{"intent":0,"ready":0,"committed":0,"complete":0,"failed":0,"other":0}}
[timeline-page-observation] {"cycle":215,"processOrdinal":2,"timelineOrdinal":27,"kind":"complete","elapsedMs":498.0546250000043,"pages":1,"totalChanged":false,"mixedStates":false,"code":"none"}
[http-timing] {"sequence":339,"timelineOrdinal":null,"processOrdinal":2,"method":"GET","routeClass":"tap","status":200,"headerElapsedMs":1,"bodyElapsedMs":0,"totalElapsedMs":1,"bytes":12189,"phase":"complete","outcome":"ok"}
[http-timing] {"sequence":340,"timelineOrdinal":28,"processOrdinal":2,"method":"GET","routeClass":"timeline","status":200,"headerElapsedMs":500,"bodyElapsedMs":0,"totalElapsedMs":501,"bytes":849493,"phase":"complete","outcome":"ok"}
[timeline-page-observation] {"cycle":216,"processOrdinal":2,"timelineOrdinal":28,"kind":"page","elapsedMs":502.7423329999947,"offset":0,"total":6,"unplacedTotal":10,"states":{"intent":0,"ready":0,"committed":0,"complete":0,"failed":0,"other":0}}
[timeline-page-observation] {"cycle":216,"processOrdinal":2,"timelineOrdinal":28,"kind":"complete","elapsedMs":503.78895799999736,"pages":1,"totalChanged":false,"mixedStates":false,"code":"none"}
[http-timing] {"sequence":341,"timelineOrdinal":null,"processOrdinal":2,"method":"GET","routeClass":"tap","status":200,"headerElapsedMs":1,"bodyElapsedMs":0,"totalElapsedMs":1,"bytes":12328,"phase":"complete","outcome":"ok"}
[http-timing] {"sequence":342,"timelineOrdinal":29,"processOrdinal":2,"method":"GET","routeClass":"timeline","status":200,"headerElapsedMs":496,"bodyElapsedMs":0,"totalElapsedMs":497,"bytes":849493,"phase":"complete","outcome":"ok"}
[timeline-page-observation] {"cycle":217,"processOrdinal":2,"timelineOrdinal":29,"kind":"page","elapsedMs":498.4928330000039,"offset":0,"total":6,"unplacedTotal":10,"states":{"intent":0,"ready":0,"committed":0,"complete":0,"failed":0,"other":0}}
[timeline-page-observation] {"cycle":217,"processOrdinal":2,"timelineOrdinal":29,"kind":"complete","elapsedMs":499.5112500000032,"pages":1,"totalChanged":false,"mixedStates":false,"code":"none"}
[http-timing] {"sequence":343,"timelineOrdinal":null,"processOrdinal":2,"method":"GET","routeClass":"tap","status":200,"headerElapsedMs":1,"bodyElapsedMs":0,"totalElapsedMs":1,"bytes":12188,"phase":"complete","outcome":"ok"}
[http-timing] {"sequence":344,"timelineOrdinal":30,"processOrdinal":2,"method":"GET","routeClass":"timeline","status":200,"headerElapsedMs":496,"bodyElapsedMs":0,"totalElapsedMs":497,"bytes":849493,"phase":"complete","outcome":"ok"}
[timeline-page-observation] {"cycle":218,"processOrdinal":2,"timelineOrdinal":30,"kind":"page","elapsedMs":498.46441700000287,"offset":0,"total":6,"unplacedTotal":10,"states":{"intent":0,"ready":0,"committed":0,"complete":0,"failed":0,"other":0}}
[timeline-page-observation] {"cycle":218,"processOrdinal":2,"timelineOrdinal":30,"kind":"complete","elapsedMs":499.7158750000017,"pages":1,"totalChanged":false,"mixedStates":false,"code":"none"}
[http-timing] {"sequence":345,"timelineOrdinal":null,"processOrdinal":2,"method":"GET","routeClass":"tap","status":200,"headerElapsedMs":1,"bodyElapsedMs":0,"totalElapsedMs":1,"bytes":12183,"phase":"complete","outcome":"ok"}
[http-timing] {"sequence":346,"timelineOrdinal":31,"processOrdinal":2,"method":"GET","routeClass":"timeline","status":200,"headerElapsedMs":495,"bodyElapsedMs":0,"totalElapsedMs":496,"bytes":849493,"phase":"complete","outcome":"ok"}
[timeline-page-observation] {"cycle":219,"processOrdinal":2,"timelineOrdinal":31,"kind":"page","elapsedMs":497.7024590000001,"offset":0,"total":6,"unplacedTotal":10,"states":{"intent":0,"ready":0,"committed":0,"complete":0,"failed":0,"other":0}}
[timeline-page-observation] {"cycle":219,"processOrdinal":2,"timelineOrdinal":31,"kind":"complete","elapsedMs":498.75895899999887,"pages":1,"totalChanged":false,"mixedStates":false,"code":"none"}
[http-timing] {"sequence":347,"timelineOrdinal":null,"processOrdinal":2,"method":"GET","routeClass":"tap","status":200,"headerElapsedMs":1,"bodyElapsedMs":0,"totalElapsedMs":1,"bytes":12197,"phase":"complete","outcome":"ok"}
[http-timing] {"sequence":348,"timelineOrdinal":32,"processOrdinal":2,"method":"GET","routeClass":"timeline","status":200,"headerElapsedMs":495,"bodyElapsedMs":0,"totalElapsedMs":495,"bytes":849493,"phase":"complete","outcome":"ok"}
[timeline-page-observation] {"cycle":220,"processOrdinal":2,"timelineOrdinal":32,"kind":"page","elapsedMs":497.2021669999958,"offset":0,"total":6,"unplacedTotal":10,"states":{"intent":0,"ready":0,"committed":0,"complete":0,"failed":0,"other":0}}
[timeline-page-observation] {"cycle":220,"processOrdinal":2,"timelineOrdinal":32,"kind":"complete","elapsedMs":498.245124999994,"pages":1,"totalChanged":false,"mixedStates":false,"code":"none"}
[http-timing] {"sequence":349,"timelineOrdinal":null,"processOrdinal":2,"method":"GET","routeClass":"tap","status":200,"headerElapsedMs":1,"bodyElapsedMs":0,"totalElapsedMs":1,"bytes":12198,"phase":"complete","outcome":"ok"}
[http-timing] {"sequence":350,"timelineOrdinal":33,"processOrdinal":2,"method":"GET","routeClass":"timeline","status":200,"headerElapsedMs":498,"bodyElapsedMs":0,"totalElapsedMs":499,"bytes":849493,"phase":"complete","outcome":"ok"}
[timeline-page-observation] {"cycle":221,"processOrdinal":2,"timelineOrdinal":33,"kind":"page","elapsedMs":500.7760419999977,"offset":0,"total":6,"unplacedTotal":10,"states":{"intent":0,"ready":0,"committed":0,"complete":0,"failed":0,"other":0}}
[timeline-page-observation] {"cycle":221,"processOrdinal":2,"timelineOrdinal":33,"kind":"complete","elapsedMs":501.80275000000256,"pages":1,"totalChanged":false,"mixedStates":false,"code":"none"}
[http-timing] {"sequence":351,"timelineOrdinal":null,"processOrdinal":2,"method":"GET","routeClass":"tap","status":200,"headerElapsedMs":1,"bodyElapsedMs":0,"totalElapsedMs":1,"bytes":12201,"phase":"complete","outcome":"ok"}
[http-timing] {"sequence":352,"timelineOrdinal":34,"processOrdinal":2,"method":"GET","routeClass":"timeline","status":200,"headerElapsedMs":504,"bodyElapsedMs":0,"totalElapsedMs":504,"bytes":849493,"phase":"complete","outcome":"ok"}
[timeline-page-observation] {"cycle":222,"processOrdinal":2,"timelineOrdinal":34,"kind":"page","elapsedMs":506.5007089999999,"offset":0,"total":6,"unplacedTotal":10,"states":{"intent":0,"ready":0,"committed":0,"complete":0,"failed":0,"other":0}}
[timeline-page-observation] {"cycle":222,"processOrdinal":2,"timelineOrdinal":34,"kind":"complete","elapsedMs":507.6487500000003,"pages":1,"totalChanged":false,"mixedStates":false,"code":"none"}
[http-timing] {"sequence":353,"timelineOrdinal":null,"processOrdinal":2,"method":"GET","routeClass":"tap","status":200,"headerElapsedMs":1,"bodyElapsedMs":0,"totalElapsedMs":1,"bytes":12205,"phase":"complete","outcome":"ok"}
[http-timing] {"sequence":354,"timelineOrdinal":35,"processOrdinal":2,"method":"GET","routeClass":"timeline","status":200,"headerElapsedMs":523,"bodyElapsedMs":0,"totalElapsedMs":523,"bytes":967043,"phase":"complete","outcome":"ok"}
[timeline-page-observation] {"cycle":223,"processOrdinal":2,"timelineOrdinal":35,"kind":"page","elapsedMs":525.5180420000033,"offset":0,"total":7,"unplacedTotal":11,"states":{"intent":0,"ready":0,"committed":0,"complete":0,"failed":0,"other":0}}
[timeline-page-observation] {"cycle":223,"processOrdinal":2,"timelineOrdinal":35,"kind":"complete","elapsedMs":526.6953340000036,"pages":1,"totalChanged":false,"mixedStates":false,"code":"none"}
[http-timing] {"sequence":355,"timelineOrdinal":null,"processOrdinal":2,"method":"GET","routeClass":"tap","status":200,"headerElapsedMs":1,"bodyElapsedMs":0,"totalElapsedMs":1,"bytes":12208,"phase":"complete","outcome":"ok"}
[http-timing] {"sequence":356,"timelineOrdinal":36,"processOrdinal":2,"method":"GET","routeClass":"timeline","status":200,"headerElapsedMs":534,"bodyElapsedMs":0,"totalElapsedMs":535,"bytes":967043,"phase":"complete","outcome":"ok"}
[timeline-page-observation] {"cycle":224,"processOrdinal":2,"timelineOrdinal":36,"kind":"page","elapsedMs":536.9401660000003,"offset":0,"total":7,"unplacedTotal":11,"states":{"intent":0,"ready":0,"committed":0,"complete":0,"failed":0,"other":0}}
[timeline-page-observation] {"cycle":224,"processOrdinal":2,"timelineOrdinal":36,"kind":"complete","elapsedMs":538.0893749999959,"pages":1,"totalChanged":false,"mixedStates":false,"code":"none"}
[http-timing] {"sequence":357,"timelineOrdinal":null,"processOrdinal":2,"method":"GET","routeClass":"tap","status":200,"headerElapsedMs":1,"bodyElapsedMs":0,"totalElapsedMs":1,"bytes":12219,"phase":"complete","outcome":"ok"}
[http-timing] {"sequence":358,"timelineOrdinal":37,"processOrdinal":2,"method":"GET","routeClass":"timeline","status":200,"headerElapsedMs":510,"bodyElapsedMs":0,"totalElapsedMs":511,"bytes":967043,"phase":"complete","outcome":"ok"}
[timeline-page-observation] {"cycle":225,"processOrdinal":2,"timelineOrdinal":37,"kind":"page","elapsedMs":512.7056250000023,"offset":0,"total":7,"unplacedTotal":11,"states":{"intent":0,"ready":0,"committed":0,"complete":0,"failed":0,"other":0}}
[timeline-page-observation] {"cycle":225,"processOrdinal":2,"timelineOrdinal":37,"kind":"complete","elapsedMs":513.8918750000012,"pages":1,"totalChanged":false,"mixedStates":false,"code":"none"}
[http-timing] {"sequence":359,"timelineOrdinal":null,"processOrdinal":2,"method":"GET","routeClass":"tap","status":200,"headerElapsedMs":1,"bodyElapsedMs":0,"totalElapsedMs":1,"bytes":12222,"phase":"complete","outcome":"ok"}
[http-timing] {"sequence":360,"timelineOrdinal":38,"processOrdinal":2,"method":"GET","routeClass":"timeline","status":200,"headerElapsedMs":513,"bodyElapsedMs":0,"totalElapsedMs":514,"bytes":967043,"phase":"complete","outcome":"ok"}
[timeline-page-observation] {"cycle":226,"processOrdinal":2,"timelineOrdinal":38,"kind":"page","elapsedMs":515.9416249999995,"offset":0,"total":7,"unplacedTotal":11,"states":{"intent":0,"ready":0,"committed":0,"complete":0,"failed":0,"other":0}}
[timeline-page-observation] {"cycle":226,"processOrdinal":2,"timelineOrdinal":38,"kind":"complete","elapsedMs":517.4003339999981,"pages":1,"totalChanged":false,"mixedStates":false,"code":"none"}
[http-timing] {"sequence":361,"timelineOrdinal":null,"processOrdinal":2,"method":"GET","routeClass":"tap","status":200,"headerElapsedMs":1,"bodyElapsedMs":0,"totalElapsedMs":1,"bytes":12219,"phase":"complete","outcome":"ok"}
[http-timing] {"sequence":362,"timelineOrdinal":39,"processOrdinal":2,"method":"GET","routeClass":"timeline","status":200,"headerElapsedMs":512,"bodyElapsedMs":0,"totalElapsedMs":513,"bytes":967043,"phase":"complete","outcome":"ok"}
[timeline-page-observation] {"cycle":227,"processOrdinal":2,"timelineOrdinal":39,"kind":"page","elapsedMs":514.7950419999979,"offset":0,"total":7,"unplacedTotal":11,"states":{"intent":0,"ready":0,"committed":0,"complete":0,"failed":0,"other":0}}
[timeline-page-observation] {"cycle":227,"processOrdinal":2,"timelineOrdinal":39,"kind":"complete","elapsedMs":515.9721669999999,"pages":1,"totalChanged":false,"mixedStates":false,"code":"none"}
[http-timing] {"sequence":363,"timelineOrdinal":null,"processOrdinal":2,"method":"GET","routeClass":"tap","status":200,"headerElapsedMs":1,"bodyElapsedMs":0,"totalElapsedMs":1,"bytes":10391,"phase":"complete","outcome":"ok"}
[http-timing] {"sequence":364,"timelineOrdinal":40,"processOrdinal":2,"method":"GET","routeClass":"timeline","status":200,"headerElapsedMs":523,"bodyElapsedMs":0,"totalElapsedMs":524,"bytes":967043,"phase":"complete","outcome":"ok"}
[timeline-page-observation] {"cycle":228,"processOrdinal":2,"timelineOrdinal":40,"kind":"page","elapsedMs":525.8210419999959,"offset":0,"total":7,"unplacedTotal":11,"states":{"intent":0,"ready":0,"committed":0,"complete":0,"failed":0,"other":0}}
[timeline-page-observation] {"cycle":228,"processOrdinal":2,"timelineOrdinal":40,"kind":"complete","elapsedMs":527.1152499999953,"pages":1,"totalChanged":false,"mixedStates":false,"code":"none"}
[http-timing] {"sequence":365,"timelineOrdinal":null,"processOrdinal":2,"method":"GET","routeClass":"tap","status":200,"headerElapsedMs":1,"bodyElapsedMs":0,"totalElapsedMs":1,"bytes":10382,"phase":"complete","outcome":"ok"}
[http-timing] {"sequence":366,"timelineOrdinal":41,"processOrdinal":2,"method":"GET","routeClass":"timeline","status":200,"headerElapsedMs":509,"bodyElapsedMs":0,"totalElapsedMs":510,"bytes":967043,"phase":"complete","outcome":"ok"}
[timeline-page-observation] {"cycle":229,"processOrdinal":2,"timelineOrdinal":41,"kind":"page","elapsedMs":511.6813750000001,"offset":0,"total":7,"unplacedTotal":11,"states":{"intent":0,"ready":0,"committed":0,"complete":0,"failed":0,"other":0}}
[timeline-page-observation] {"cycle":229,"processOrdinal":2,"timelineOrdinal":41,"kind":"complete","elapsedMs":513.0537499999991,"pages":1,"totalChanged":false,"mixedStates":false,"code":"none"}
[http-timing] {"sequence":367,"timelineOrdinal":null,"processOrdinal":2,"method":"GET","routeClass":"tap","status":200,"headerElapsedMs":1,"bodyElapsedMs":0,"totalElapsedMs":1,"bytes":10384,"phase":"complete","outcome":"ok"}
[http-timing] {"sequence":368,"timelineOrdinal":42,"processOrdinal":2,"method":"GET","routeClass":"timeline","status":200,"headerElapsedMs":543,"bodyElapsedMs":1,"totalElapsedMs":544,"bytes":967043,"phase":"complete","outcome":"ok"}
[timeline-page-observation] {"cycle":230,"processOrdinal":2,"timelineOrdinal":42,"kind":"page","elapsedMs":545.9110419999997,"offset":0,"total":7,"unplacedTotal":11,"states":{"intent":0,"ready":0,"committed":0,"complete":0,"failed":0,"other":0}}
[timeline-page-observation] {"cycle":230,"processOrdinal":2,"timelineOrdinal":42,"kind":"complete","elapsedMs":547.1602090000015,"pages":1,"totalChanged":false,"mixedStates":false,"code":"none"}
[http-timing] {"sequence":369,"timelineOrdinal":null,"processOrdinal":2,"method":"GET","routeClass":"tap","status":200,"headerElapsedMs":5,"bodyElapsedMs":0,"totalElapsedMs":5,"bytes":6205,"phase":"complete","outcome":"ok"}
[http-timing] {"sequence":370,"timelineOrdinal":null,"processOrdinal":2,"method":"GET","routeClass":"tap","status":200,"headerElapsedMs":1,"bodyElapsedMs":0,"totalElapsedMs":1,"bytes":6210,"phase":"complete","outcome":"ok"}
[http-timing] {"sequence":371,"timelineOrdinal":null,"processOrdinal":2,"method":"GET","routeClass":"tap","status":200,"headerElapsedMs":1,"bodyElapsedMs":0,"totalElapsedMs":1,"bytes":6334,"phase":"complete","outcome":"ok"}
[http-timing] {"sequence":372,"timelineOrdinal":null,"processOrdinal":2,"method":"GET","routeClass":"tap","status":200,"headerElapsedMs":1,"bodyElapsedMs":0,"totalElapsedMs":1,"bytes":6334,"phase":"complete","outcome":"ok"}
[http-timing] {"sequence":373,"timelineOrdinal":null,"processOrdinal":2,"method":"GET","routeClass":"tap","status":200,"headerElapsedMs":1,"bodyElapsedMs":0,"totalElapsedMs":1,"bytes":6467,"phase":"complete","outcome":"ok"}
[http-timing] {"sequence":374,"timelineOrdinal":null,"processOrdinal":2,"method":"GET","routeClass":"tap","status":200,"headerElapsedMs":1,"bodyElapsedMs":0,"totalElapsedMs":1,"bytes":6597,"phase":"complete","outcome":"ok"}
[http-timing] {"sequence":375,"timelineOrdinal":null,"processOrdinal":2,"method":"GET","routeClass":"tap","status":200,"headerElapsedMs":1,"bodyElapsedMs":0,"totalElapsedMs":1,"bytes":6597,"phase":"complete","outcome":"ok"}
[http-timing] {"sequence":376,"timelineOrdinal":null,"processOrdinal":2,"method":"GET","routeClass":"tap","status":200,"headerElapsedMs":1,"bodyElapsedMs":0,"totalElapsedMs":1,"bytes":6730,"phase":"complete","outcome":"ok"}
[http-timing] {"sequence":377,"timelineOrdinal":43,"processOrdinal":2,"method":"GET","routeClass":"timeline","status":200,"headerElapsedMs":518,"bodyElapsedMs":1,"totalElapsedMs":519,"bytes":1033635,"phase":"complete","outcome":"ok"}
[timeline-page-observation] {"cycle":231,"processOrdinal":2,"timelineOrdinal":43,"kind":"page","elapsedMs":520.8032920000041,"offset":0,"total":8,"unplacedTotal":12,"states":{"intent":0,"ready":0,"committed":0,"complete":0,"failed":0,"other":0}}
[timeline-page-observation] {"cycle":231,"processOrdinal":2,"timelineOrdinal":43,"kind":"complete","elapsedMs":522.1127919999999,"pages":1,"totalChanged":false,"mixedStates":false,"code":"none"}
[http-timing] {"sequence":378,"timelineOrdinal":null,"processOrdinal":2,"method":"GET","routeClass":"tap","status":200,"headerElapsedMs":1,"bodyElapsedMs":0,"totalElapsedMs":1,"bytes":7272,"phase":"complete","outcome":"ok"}
[http-timing] {"sequence":379,"timelineOrdinal":null,"processOrdinal":2,"method":"GET","routeClass":"tap","status":200,"headerElapsedMs":1,"bodyElapsedMs":0,"totalElapsedMs":1,"bytes":7406,"phase":"complete","outcome":"ok"}
[http-timing] {"sequence":380,"timelineOrdinal":null,"processOrdinal":2,"method":"GET","routeClass":"tap","status":200,"headerElapsedMs":1,"bodyElapsedMs":0,"totalElapsedMs":1,"bytes":7540,"phase":"complete","outcome":"ok"}
[http-timing] {"sequence":381,"timelineOrdinal":null,"processOrdinal":2,"method":"GET","routeClass":"tap","status":200,"headerElapsedMs":1,"bodyElapsedMs":0,"totalElapsedMs":1,"bytes":7542,"phase":"complete","outcome":"ok"}
[http-timing] {"sequence":382,"timelineOrdinal":null,"processOrdinal":2,"method":"GET","routeClass":"tap","status":200,"headerElapsedMs":1,"bodyElapsedMs":0,"totalElapsedMs":1,"bytes":7681,"phase":"complete","outcome":"ok"}
[http-timing] {"sequence":383,"timelineOrdinal":null,"processOrdinal":2,"method":"GET","routeClass":"tap","status":200,"headerElapsedMs":1,"bodyElapsedMs":0,"totalElapsedMs":1,"bytes":7680,"phase":"complete","outcome":"ok"}
[http-timing] {"sequence":384,"timelineOrdinal":null,"processOrdinal":2,"method":"GET","routeClass":"tap","status":200,"headerElapsedMs":1,"bodyElapsedMs":0,"totalElapsedMs":1,"bytes":7820,"phase":"complete","outcome":"ok"}
[http-timing] {"sequence":385,"timelineOrdinal":null,"processOrdinal":2,"method":"GET","routeClass":"tap","status":200,"headerElapsedMs":1,"bodyElapsedMs":0,"totalElapsedMs":1,"bytes":7818,"phase":"complete","outcome":"ok"}
[http-timing] {"sequence":386,"timelineOrdinal":null,"processOrdinal":2,"method":"DELETE","routeClass":"tap","status":200,"headerElapsedMs":66,"bodyElapsedMs":0,"totalElapsedMs":66,"bytes":26,"phase":"complete","outcome":"ok"}
[fail] current actual app: interior-source-boundary-timeout
[process-stop] {"processOrdinal":2,"schema":"recording-process-cleanup-v1","attemptCount":1,"pid":64925,"exitCode":0,"signalCode":null,"exitedObserved":true,"stopCode":"complete","forcedTermination":"not-used","normalExitPass":true,"normalShutdownPass":true,"archiveSafe":true,"ports":[{"kind":"http","port":64944,"status":"pass","code":"closed","closed":true},{"kind":"rtsp","port":64945,"status":"pass","code":"closed","closed":true}]}
[writer-evidence-status] {"basis":"run-wide-stderr","sourceBindingEquivalent":false,"total":0,"truncated":false,"counts":[]}
[process-evidence] {"processOrdinal":2,"evidenceFile":"process-a7caf91d-0db6-4c19-8bad-b0aa640c41df.json"}
[pass] S11-CI08 product-2 exit0 ports returned
[latency-trace-status] {"processOrdinal":1,"status":"complete","code":"none","acceptedCount":1589,"expectedRequestCount":188,"observedRequestCount":188,"evidenceFile":"latency-79e7a567-a857-47ba-be66-763698e6db47.json"}
[latency-trace-status] {"processOrdinal":2,"status":"complete","code":"none","acceptedCount":918,"expectedRequestCount":43,"observedRequestCount":43,"evidenceFile":"latency-ab0c44c6-ac18-47ba-b274-ef43515faca9.json"}
[selection-attempt] {"reference_sha256":"03d16a9d4a022a1c2fe7f995dc4e890e13e9e2e986cc438ccefa6e62ff5c9b87","attempt":1,"attempt_limit":121,"elapsed_ms":"46","wait_ms":"60000","deadline_exhausted":false,"attempt_exhausted":false,"selection_complete":false,"expanded_start_ns":"7883000000","expanded_end_ns":"9383000000","source_count":1,"unknown_count":2,"sources_truncated":false,"unknown_truncated":false,"sources":[{"segment_id_sha256":"96f8cf2e7503511b9232525d5bf28541d9d9706310b0fe907dd6dc978e7e5512","media_epoch_id_sha256":"f34832e6d088af6c9770bfebe24757e2bb69e849f91d5047ca74cecb6eb62a3c","source_generation_sha256":"590646e0e1c8eeb18765fea59a126d27afa306312c44ba9a4dceb7f7e02b7136","track_id_sha256":"8f723894bdc60651fd533bc2bd6878d3e63f70c7d4979493128ab1e1525f2ac3","generation_order":"1","start_pts":"0","end_pts":"8333333333","time_base_num":1,"time_base_den":1000000000,"lifecycle":1,"deleted":false,"binding_present":true,"binding_valid":true,"available_for_selection":true}],"decoded":{"namespace_valid":true,"range_comparable":true,"incomplete":false,"frames_truncated":false,"frame_count":260,"relevant_count":24,"identity_matched":24,"identity_rejected":0,"generation_mismatch":0,"pts_mismatch":0,"duration_invalid":0,"minimum_pts_ns":"7866666666","maximum_pts_ns":"8633333333","maximum_valid_end_ns":"8666666666"},"slice_state_counts":[14,2,0,0,0,0],"reason_counts":[0,2,0,0,14,0,0,0,0,0],"unknown_ranges":[{"start_ns":"8333333333","end_ns":"8333333334","reason":1},{"start_ns":"8333333333","end_ns":"9383000000","reason":1}]}
[selection-attempt] {"reference_sha256":"2c37b723da068c4cc638f574aae351f457afc0ae222d8384f15d4b6233e07022","attempt":1,"attempt_limit":121,"elapsed_ms":"66","wait_ms":"60000","deadline_exhausted":false,"attempt_exhausted":false,"selection_complete":false,"expanded_start_ns":"7883000000","expanded_end_ns":"9383000000","source_count":1,"unknown_count":2,"sources_truncated":false,"unknown_truncated":false,"sources":[{"segment_id_sha256":"96f8cf2e7503511b9232525d5bf28541d9d9706310b0fe907dd6dc978e7e5512","media_epoch_id_sha256":"f34832e6d088af6c9770bfebe24757e2bb69e849f91d5047ca74cecb6eb62a3c","source_generation_sha256":"590646e0e1c8eeb18765fea59a126d27afa306312c44ba9a4dceb7f7e02b7136","track_id_sha256":"8f723894bdc60651fd533bc2bd6878d3e63f70c7d4979493128ab1e1525f2ac3","generation_order":"1","start_pts":"0","end_pts":"8333333333","time_base_num":1,"time_base_den":1000000000,"lifecycle":1,"deleted":false,"binding_present":true,"binding_valid":true,"available_for_selection":true}],"decoded":{"namespace_valid":true,"range_comparable":true,"incomplete":false,"frames_truncated":false,"frame_count":260,"relevant_count":24,"identity_matched":24,"identity_rejected":0,"generation_mismatch":0,"pts_mismatch":0,"duration_invalid":0,"minimum_pts_ns":"7866666666","maximum_pts_ns":"8633333333","maximum_valid_end_ns":"8666666666"},"slice_state_counts":[14,2,0,0,0,0],"reason_counts":[0,2,0,0,14,0,0,0,0,0],"unknown_ranges":[{"start_ns":"8333333333","end_ns":"8333333334","reason":1},{"start_ns":"8333333333","end_ns":"9383000000","reason":1}]}
[selection-attempt] {"reference_sha256":"bc9d54fb48c92524c5a4b1caf90074e07276cc25ddbe7d17334cdf6695be7ba7","attempt":1,"attempt_limit":121,"elapsed_ms":"90","wait_ms":"60000","deadline_exhausted":false,"attempt_exhausted":false,"selection_complete":false,"expanded_start_ns":"7883000000","expanded_end_ns":"9383000000","source_count":1,"unknown_count":2,"sources_truncated":false,"unknown_truncated":false,"sources":[{"segment_id_sha256":"96f8cf2e7503511b9232525d5bf28541d9d9706310b0fe907dd6dc978e7e5512","media_epoch_id_sha256":"f34832e6d088af6c9770bfebe24757e2bb69e849f91d5047ca74cecb6eb62a3c","source_generation_sha256":"590646e0e1c8eeb18765fea59a126d27afa306312c44ba9a4dceb7f7e02b7136","track_id_sha256":"8f723894bdc60651fd533bc2bd6878d3e63f70c7d4979493128ab1e1525f2ac3","generation_order":"1","start_pts":"0","end_pts":"8333333333","time_base_num":1,"time_base_den":1000000000,"lifecycle":1,"deleted":false,"binding_present":true,"binding_valid":true,"available_for_selection":true}],"decoded":{"namespace_valid":true,"range_comparable":true,"incomplete":false,"frames_truncated":false,"frame_count":264,"relevant_count":28,"identity_matched":28,"identity_rejected":0,"generation_mismatch":0,"pts_mismatch":0,"duration_invalid":0,"minimum_pts_ns":"7866666666","maximum_pts_ns":"8766666666","maximum_valid_end_ns":"8799999999"},"slice_state_counts":[14,2,0,0,0,0],"reason_counts":[0,2,0,0,14,0,0,0,0,0],"unknown_ranges":[{"start_ns":"8333333333","end_ns":"8333333334","reason":1},{"start_ns":"8333333333","end_ns":"9383000000","reason":1}]}
[selection-attempt] {"reference_sha256":"00f89f27765fadd149dbf219b831a1fa9efab6a55fbf3aacbb2814664ba2224c","attempt":1,"attempt_limit":121,"elapsed_ms":"114","wait_ms":"60000","deadline_exhausted":false,"attempt_exhausted":false,"selection_complete":false,"expanded_start_ns":"7883000000","expanded_end_ns":"9383000000","source_count":1,"unknown_count":2,"sources_truncated":false,"unknown_truncated":false,"sources":[{"segment_id_sha256":"96f8cf2e7503511b9232525d5bf28541d9d9706310b0fe907dd6dc978e7e5512","media_epoch_id_sha256":"f34832e6d088af6c9770bfebe24757e2bb69e849f91d5047ca74cecb6eb62a3c","source_generation_sha256":"590646e0e1c8eeb18765fea59a126d27afa306312c44ba9a4dceb7f7e02b7136","track_id_sha256":"8f723894bdc60651fd533bc2bd6878d3e63f70c7d4979493128ab1e1525f2ac3","generation_order":"1","start_pts":"0","end_pts":"8333333333","time_base_num":1,"time_base_den":1000000000,"lifecycle":1,"deleted":false,"binding_present":true,"binding_valid":true,"available_for_selection":true}],"decoded":{"namespace_valid":true,"range_comparable":true,"incomplete":false,"frames_truncated":false,"frame_count":264,"relevant_count":28,"identity_matched":28,"identity_rejected":0,"generation_mismatch":0,"pts_mismatch":0,"duration_invalid":0,"minimum_pts_ns":"7866666666","maximum_pts_ns":"8766666666","maximum_valid_end_ns":"8799999999"},"slice_state_counts":[14,2,0,0,0,0],"reason_counts":[0,2,0,0,14,0,0,0,0,0],"unknown_ranges":[{"start_ns":"8333333333","end_ns":"8333333334","reason":1},{"start_ns":"8333333333","end_ns":"9383000000","reason":1}]}
[selection-attempt] {"reference_sha256":"03d16a9d4a022a1c2fe7f995dc4e890e13e9e2e986cc438ccefa6e62ff5c9b87","attempt":2,"attempt_limit":121,"elapsed_ms":"581","wait_ms":"60000","deadline_exhausted":false,"attempt_exhausted":false,"selection_complete":false,"expanded_start_ns":"7883000000","expanded_end_ns":"9383000000","source_count":1,"unknown_count":2,"sources_truncated":false,"unknown_truncated":false,"sources":[{"segment_id_sha256":"96f8cf2e7503511b9232525d5bf28541d9d9706310b0fe907dd6dc978e7e5512","media_epoch_id_sha256":"f34832e6d088af6c9770bfebe24757e2bb69e849f91d5047ca74cecb6eb62a3c","source_generation_sha256":"590646e0e1c8eeb18765fea59a126d27afa306312c44ba9a4dceb7f7e02b7136","track_id_sha256":"8f723894bdc60651fd533bc2bd6878d3e63f70c7d4979493128ab1e1525f2ac3","generation_order":"1","start_pts":"0","end_pts":"8333333333","time_base_num":1,"time_base_den":1000000000,"lifecycle":1,"deleted":false,"binding_present":true,"binding_valid":true,"available_for_selection":true}],"decoded":{"namespace_valid":true,"range_comparable":true,"incomplete":false,"frames_truncated":false,"frame_count":277,"relevant_count":41,"identity_matched":41,"identity_rejected":0,"generation_mismatch":0,"pts_mismatch":0,"duration_invalid":0,"minimum_pts_ns":"7866666666","maximum_pts_ns":"9200000000","maximum_valid_end_ns":"9233333333"},"slice_state_counts":[14,2,0,0,0,0],"reason_counts":[0,2,0,0,14,0,0,0,0,0],"unknown_ranges":[{"start_ns":"8333333333","end_ns":"8333333334","reason":1},{"start_ns":"8333333333","end_ns":"9383000000","reason":1}]}
[selection-attempt] {"reference_sha256":"2c37b723da068c4cc638f574aae351f457afc0ae222d8384f15d4b6233e07022","attempt":2,"attempt_limit":121,"elapsed_ms":"601","wait_ms":"60000","deadline_exhausted":false,"attempt_exhausted":false,"selection_complete":false,"expanded_start_ns":"7883000000","expanded_end_ns":"9383000000","source_count":1,"unknown_count":2,"sources_truncated":false,"unknown_truncated":false,"sources":[{"segment_id_sha256":"96f8cf2e7503511b9232525d5bf28541d9d9706310b0fe907dd6dc978e7e5512","media_epoch_id_sha256":"f34832e6d088af6c9770bfebe24757e2bb69e849f91d5047ca74cecb6eb62a3c","source_generation_sha256":"590646e0e1c8eeb18765fea59a126d27afa306312c44ba9a4dceb7f7e02b7136","track_id_sha256":"8f723894bdc60651fd533bc2bd6878d3e63f70c7d4979493128ab1e1525f2ac3","generation_order":"1","start_pts":"0","end_pts":"8333333333","time_base_num":1,"time_base_den":1000000000,"lifecycle":1,"deleted":false,"binding_present":true,"binding_valid":true,"available_for_selection":true}],"decoded":{"namespace_valid":true,"range_comparable":true,"incomplete":false,"frames_truncated":false,"frame_count":277,"relevant_count":41,"identity_matched":41,"identity_rejected":0,"generation_mismatch":0,"pts_mismatch":0,"duration_invalid":0,"minimum_pts_ns":"7866666666","maximum_pts_ns":"9200000000","maximum_valid_end_ns":"9233333333"},"slice_state_counts":[14,2,0,0,0,0],"reason_counts":[0,2,0,0,14,0,0,0,0,0],"unknown_ranges":[{"start_ns":"8333333333","end_ns":"8333333334","reason":1},{"start_ns":"8333333333","end_ns":"9383000000","reason":1}]}
[selection-attempt] {"reference_sha256":"bc9d54fb48c92524c5a4b1caf90074e07276cc25ddbe7d17334cdf6695be7ba7","attempt":2,"attempt_limit":121,"elapsed_ms":"625","wait_ms":"60000","deadline_exhausted":false,"attempt_exhausted":false,"selection_complete":false,"expanded_start_ns":"7883000000","expanded_end_ns":"9383000000","source_count":1,"unknown_count":2,"sources_truncated":false,"unknown_truncated":false,"sources":[{"segment_id_sha256":"96f8cf2e7503511b9232525d5bf28541d9d9706310b0fe907dd6dc978e7e5512","media_epoch_id_sha256":"f34832e6d088af6c9770bfebe24757e2bb69e849f91d5047ca74cecb6eb62a3c","source_generation_sha256":"590646e0e1c8eeb18765fea59a126d27afa306312c44ba9a4dceb7f7e02b7136","track_id_sha256":"8f723894bdc60651fd533bc2bd6878d3e63f70c7d4979493128ab1e1525f2ac3","generation_order":"1","start_pts":"0","end_pts":"8333333333","time_base_num":1,"time_base_den":1000000000,"lifecycle":1,"deleted":false,"binding_present":true,"binding_valid":true,"available_for_selection":true}],"decoded":{"namespace_valid":true,"range_comparable":true,"incomplete":false,"frames_truncated":false,"frame_count":277,"relevant_count":41,"identity_matched":41,"identity_rejected":0,"generation_mismatch":0,"pts_mismatch":0,"duration_invalid":0,"minimum_pts_ns":"7866666666","maximum_pts_ns":"9200000000","maximum_valid_end_ns":"9233333333"},"slice_state_counts":[14,2,0,0,0,0],"reason_counts":[0,2,0,0,14,0,0,0,0,0],"unknown_ranges":[{"start_ns":"8333333333","end_ns":"8333333334","reason":1},{"start_ns":"8333333333","end_ns":"9383000000","reason":1}]}
[selection-attempt] {"reference_sha256":"00f89f27765fadd149dbf219b831a1fa9efab6a55fbf3aacbb2814664ba2224c","attempt":2,"attempt_limit":121,"elapsed_ms":"650","wait_ms":"60000","deadline_exhausted":false,"attempt_exhausted":false,"selection_complete":false,"expanded_start_ns":"7883000000","expanded_end_ns":"9383000000","source_count":1,"unknown_count":2,"sources_truncated":false,"unknown_truncated":false,"sources":[{"segment_id_sha256":"96f8cf2e7503511b9232525d5bf28541d9d9706310b0fe907dd6dc978e7e5512","media_epoch_id_sha256":"f34832e6d088af6c9770bfebe24757e2bb69e849f91d5047ca74cecb6eb62a3c","source_generation_sha256":"590646e0e1c8eeb18765fea59a126d27afa306312c44ba9a4dceb7f7e02b7136","track_id_sha256":"8f723894bdc60651fd533bc2bd6878d3e63f70c7d4979493128ab1e1525f2ac3","generation_order":"1","start_pts":"0","end_pts":"8333333333","time_base_num":1,"time_base_den":1000000000,"lifecycle":1,"deleted":false,"binding_present":true,"binding_valid":true,"available_for_selection":true}],"decoded":{"namespace_valid":true,"range_comparable":true,"incomplete":false,"frames_truncated":false,"frame_count":281,"relevant_count":45,"identity_matched":45,"identity_rejected":0,"generation_mismatch":0,"pts_mismatch":0,"duration_invalid":0,"minimum_pts_ns":"7866666666","maximum_pts_ns":"9333333333","maximum_valid_end_ns":"9366666666"},"slice_state_counts":[14,2,0,0,0,0],"reason_counts":[0,2,0,0,14,0,0,0,0,0],"unknown_ranges":[{"start_ns":"8333333333","end_ns":"8333333334","reason":1},{"start_ns":"8333333333","end_ns":"9383000000","reason":1}]}
[selection-attempt] {"reference_sha256":"03d16a9d4a022a1c2fe7f995dc4e890e13e9e2e986cc438ccefa6e62ff5c9b87","attempt":3,"attempt_limit":121,"elapsed_ms":"1107","wait_ms":"60000","deadline_exhausted":false,"attempt_exhausted":false,"selection_complete":false,"expanded_start_ns":"7883000000","expanded_end_ns":"9383000000","source_count":1,"unknown_count":2,"sources_truncated":false,"unknown_truncated":false,"sources":[{"segment_id_sha256":"96f8cf2e7503511b9232525d5bf28541d9d9706310b0fe907dd6dc978e7e5512","media_epoch_id_sha256":"f34832e6d088af6c9770bfebe24757e2bb69e849f91d5047ca74cecb6eb62a3c","source_generation_sha256":"590646e0e1c8eeb18765fea59a126d27afa306312c44ba9a4dceb7f7e02b7136","track_id_sha256":"8f723894bdc60651fd533bc2bd6878d3e63f70c7d4979493128ab1e1525f2ac3","generation_order":"1","start_pts":"0","end_pts":"8333333333","time_base_num":1,"time_base_den":1000000000,"lifecycle":1,"deleted":false,"binding_present":true,"binding_valid":true,"available_for_selection":true}],"decoded":{"namespace_valid":true,"range_comparable":true,"incomplete":false,"frames_truncated":false,"frame_count":293,"relevant_count":46,"identity_matched":46,"identity_rejected":0,"generation_mismatch":0,"pts_mismatch":0,"duration_invalid":0,"minimum_pts_ns":"7866666666","maximum_pts_ns":"9366666666","maximum_valid_end_ns":"9399999999"},"slice_state_counts":[14,2,0,0,0,0],"reason_counts":[0,2,0,0,14,0,0,0,0,0],"unknown_ranges":[{"start_ns":"8333333333","end_ns":"8333333334","reason":1},{"start_ns":"8333333333","end_ns":"9383000000","reason":1}]}
[selection-attempt] {"reference_sha256":"2c37b723da068c4cc638f574aae351f457afc0ae222d8384f15d4b6233e07022","attempt":3,"attempt_limit":121,"elapsed_ms":"1127","wait_ms":"60000","deadline_exhausted":false,"attempt_exhausted":false,"selection_complete":false,"expanded_start_ns":"7883000000","expanded_end_ns":"9383000000","source_count":1,"unknown_count":2,"sources_truncated":false,"unknown_truncated":false,"sources":[{"segment_id_sha256":"96f8cf2e7503511b9232525d5bf28541d9d9706310b0fe907dd6dc978e7e5512","media_epoch_id_sha256":"f34832e6d088af6c9770bfebe24757e2bb69e849f91d5047ca74cecb6eb62a3c","source_generation_sha256":"590646e0e1c8eeb18765fea59a126d27afa306312c44ba9a4dceb7f7e02b7136","track_id_sha256":"8f723894bdc60651fd533bc2bd6878d3e63f70c7d4979493128ab1e1525f2ac3","generation_order":"1","start_pts":"0","end_pts":"8333333333","time_base_num":1,"time_base_den":1000000000,"lifecycle":1,"deleted":false,"binding_present":true,"binding_valid":true,"available_for_selection":true}],"decoded":{"namespace_valid":true,"range_comparable":true,"incomplete":false,"frames_truncated":false,"frame_count":293,"relevant_count":46,"identity_matched":46,"identity_rejected":0,"generation_mismatch":0,"pts_mismatch":0,"duration_invalid":0,"minimum_pts_ns":"7866666666","maximum_pts_ns":"9366666666","maximum_valid_end_ns":"9399999999"},"slice_state_counts":[14,2,0,0,0,0],"reason_counts":[0,2,0,0,14,0,0,0,0,0],"unknown_ranges":[{"start_ns":"8333333333","end_ns":"8333333334","reason":1},{"start_ns":"8333333333","end_ns":"9383000000","reason":1}]}
[selection-attempt] {"reference_sha256":"bc9d54fb48c92524c5a4b1caf90074e07276cc25ddbe7d17334cdf6695be7ba7","attempt":3,"attempt_limit":121,"elapsed_ms":"1151","wait_ms":"60000","deadline_exhausted":false,"attempt_exhausted":false,"selection_complete":false,"expanded_start_ns":"7883000000","expanded_end_ns":"9383000000","source_count":1,"unknown_count":2,"sources_truncated":false,"unknown_truncated":false,"sources":[{"segment_id_sha256":"96f8cf2e7503511b9232525d5bf28541d9d9706310b0fe907dd6dc978e7e5512","media_epoch_id_sha256":"f34832e6d088af6c9770bfebe24757e2bb69e849f91d5047ca74cecb6eb62a3c","source_generation_sha256":"590646e0e1c8eeb18765fea59a126d27afa306312c44ba9a4dceb7f7e02b7136","track_id_sha256":"8f723894bdc60651fd533bc2bd6878d3e63f70c7d4979493128ab1e1525f2ac3","generation_order":"1","start_pts":"0","end_pts":"8333333333","time_base_num":1,"time_base_den":1000000000,"lifecycle":1,"deleted":false,"binding_present":true,"binding_valid":true,"available_for_selection":true}],"decoded":{"namespace_valid":true,"range_comparable":true,"incomplete":false,"frames_truncated":false,"frame_count":293,"relevant_count":46,"identity_matched":46,"identity_rejected":0,"generation_mismatch":0,"pts_mismatch":0,"duration_invalid":0,"minimum_pts_ns":"7866666666","maximum_pts_ns":"9366666666","maximum_valid_end_ns":"9399999999"},"slice_state_counts":[14,2,0,0,0,0],"reason_counts":[0,2,0,0,14,0,0,0,0,0],"unknown_ranges":[{"start_ns":"8333333333","end_ns":"8333333334","reason":1},{"start_ns":"8333333333","end_ns":"9383000000","reason":1}]}
[selection-attempt] {"reference_sha256":"00f89f27765fadd149dbf219b831a1fa9efab6a55fbf3aacbb2814664ba2224c","attempt":3,"attempt_limit":121,"elapsed_ms":"1175","wait_ms":"60000","deadline_exhausted":false,"attempt_exhausted":false,"selection_complete":false,"expanded_start_ns":"7883000000","expanded_end_ns":"9383000000","source_count":1,"unknown_count":2,"sources_truncated":false,"unknown_truncated":false,"sources":[{"segment_id_sha256":"96f8cf2e7503511b9232525d5bf28541d9d9706310b0fe907dd6dc978e7e5512","media_epoch_id_sha256":"f34832e6d088af6c9770bfebe24757e2bb69e849f91d5047ca74cecb6eb62a3c","source_generation_sha256":"590646e0e1c8eeb18765fea59a126d27afa306312c44ba9a4dceb7f7e02b7136","track_id_sha256":"8f723894bdc60651fd533bc2bd6878d3e63f70c7d4979493128ab1e1525f2ac3","generation_order":"1","start_pts":"0","end_pts":"8333333333","time_base_num":1,"time_base_den":1000000000,"lifecycle":1,"deleted":false,"binding_present":true,"binding_valid":true,"available_for_selection":true}],"decoded":{"namespace_valid":true,"range_comparable":true,"incomplete":false,"frames_truncated":false,"frame_count":293,"relevant_count":46,"identity_matched":46,"identity_rejected":0,"generation_mismatch":0,"pts_mismatch":0,"duration_invalid":0,"minimum_pts_ns":"7866666666","maximum_pts_ns":"9366666666","maximum_valid_end_ns":"9399999999"},"slice_state_counts":[14,2,0,0,0,0],"reason_counts":[0,2,0,0,14,0,0,0,0,0],"unknown_ranges":[{"start_ns":"8333333333","end_ns":"8333333334","reason":1},{"start_ns":"8333333333","end_ns":"9383000000","reason":1}]}
[selection-attempt] {"reference_sha256":"03d16a9d4a022a1c2fe7f995dc4e890e13e9e2e986cc438ccefa6e62ff5c9b87","attempt":4,"attempt_limit":121,"elapsed_ms":"1640","wait_ms":"60000","deadline_exhausted":false,"attempt_exhausted":false,"selection_complete":false,"expanded_start_ns":"7883000000","expanded_end_ns":"9383000000","source_count":1,"unknown_count":2,"sources_truncated":false,"unknown_truncated":false,"sources":[{"segment_id_sha256":"96f8cf2e7503511b9232525d5bf28541d9d9706310b0fe907dd6dc978e7e5512","media_epoch_id_sha256":"f34832e6d088af6c9770bfebe24757e2bb69e849f91d5047ca74cecb6eb62a3c","source_generation_sha256":"590646e0e1c8eeb18765fea59a126d27afa306312c44ba9a4dceb7f7e02b7136","track_id_sha256":"8f723894bdc60651fd533bc2bd6878d3e63f70c7d4979493128ab1e1525f2ac3","generation_order":"1","start_pts":"0","end_pts":"8333333333","time_base_num":1,"time_base_den":1000000000,"lifecycle":1,"deleted":false,"binding_present":true,"binding_valid":true,"available_for_selection":true}],"decoded":{"namespace_valid":true,"range_comparable":true,"incomplete":false,"frames_truncated":false,"frame_count":309,"relevant_count":46,"identity_matched":46,"identity_rejected":0,"generation_mismatch":0,"pts_mismatch":0,"duration_invalid":0,"minimum_pts_ns":"7866666666","maximum_pts_ns":"9366666666","maximum_valid_end_ns":"9399999999"},"slice_state_counts":[14,2,0,0,0,0],"reason_counts":[0,2,0,0,14,0,0,0,0,0],"unknown_ranges":[{"start_ns":"8333333333","end_ns":"8333333334","reason":1},{"start_ns":"8333333333","end_ns":"9383000000","reason":1}]}
[selection-attempt] {"reference_sha256":"2c37b723da068c4cc638f574aae351f457afc0ae222d8384f15d4b6233e07022","attempt":4,"attempt_limit":121,"elapsed_ms":"1661","wait_ms":"60000","deadline_exhausted":false,"attempt_exhausted":false,"selection_complete":false,"expanded_start_ns":"7883000000","expanded_end_ns":"9383000000","source_count":1,"unknown_count":2,"sources_truncated":false,"unknown_truncated":false,"sources":[{"segment_id_sha256":"96f8cf2e7503511b9232525d5bf28541d9d9706310b0fe907dd6dc978e7e5512","media_epoch_id_sha256":"f34832e6d088af6c9770bfebe24757e2bb69e849f91d5047ca74cecb6eb62a3c","source_generation_sha256":"590646e0e1c8eeb18765fea59a126d27afa306312c44ba9a4dceb7f7e02b7136","track_id_sha256":"8f723894bdc60651fd533bc2bd6878d3e63f70c7d4979493128ab1e1525f2ac3","generation_order":"1","start_pts":"0","end_pts":"8333333333","time_base_num":1,"time_base_den":1000000000,"lifecycle":1,"deleted":false,"binding_present":true,"binding_valid":true,"available_for_selection":true}],"decoded":{"namespace_valid":true,"range_comparable":true,"incomplete":false,"frames_truncated":false,"frame_count":309,"relevant_count":46,"identity_matched":46,"identity_rejected":0,"generation_mismatch":0,"pts_mismatch":0,"duration_invalid":0,"minimum_pts_ns":"7866666666","maximum_pts_ns":"9366666666","maximum_valid_end_ns":"9399999999"},"slice_state_counts":[14,2,0,0,0,0],"reason_counts":[0,2,0,0,14,0,0,0,0,0],"unknown_ranges":[{"start_ns":"8333333333","end_ns":"8333333334","reason":1},{"start_ns":"8333333333","end_ns":"9383000000","reason":1}]}
[selection-attempt] {"reference_sha256":"bc9d54fb48c92524c5a4b1caf90074e07276cc25ddbe7d17334cdf6695be7ba7","attempt":4,"attempt_limit":121,"elapsed_ms":"1685","wait_ms":"60000","deadline_exhausted":false,"attempt_exhausted":false,"selection_complete":false,"expanded_start_ns":"7883000000","expanded_end_ns":"9383000000","source_count":1,"unknown_count":2,"sources_truncated":false,"unknown_truncated":false,"sources":[{"segment_id_sha256":"96f8cf2e7503511b9232525d5bf28541d9d9706310b0fe907dd6dc978e7e5512","media_epoch_id_sha256":"f34832e6d088af6c9770bfebe24757e2bb69e849f91d5047ca74cecb6eb62a3c","source_generation_sha256":"590646e0e1c8eeb18765fea59a126d27afa306312c44ba9a4dceb7f7e02b7136","track_id_sha256":"8f723894bdc60651fd533bc2bd6878d3e63f70c7d4979493128ab1e1525f2ac3","generation_order":"1","start_pts":"0","end_pts":"8333333333","time_base_num":1,"time_base_den":1000000000,"lifecycle":1,"deleted":false,"binding_present":true,"binding_valid":true,"available_for_selection":true}],"decoded":{"namespace_valid":true,"range_comparable":true,"incomplete":false,"frames_truncated":false,"frame_count":309,"relevant_count":46,"identity_matched":46,"identity_rejected":0,"generation_mismatch":0,"pts_mismatch":0,"duration_invalid":0,"minimum_pts_ns":"7866666666","maximum_pts_ns":"9366666666","maximum_valid_end_ns":"9399999999"},"slice_state_counts":[14,2,0,0,0,0],"reason_counts":[0,2,0,0,14,0,0,0,0,0],"unknown_ranges":[{"start_ns":"8333333333","end_ns":"8333333334","reason":1},{"start_ns":"8333333333","end_ns":"9383000000","reason":1}]}
[selection-attempt] {"reference_sha256":"00f89f27765fadd149dbf219b831a1fa9efab6a55fbf3aacbb2814664ba2224c","attempt":4,"attempt_limit":121,"elapsed_ms":"1709","wait_ms":"60000","deadline_exhausted":false,"attempt_exhausted":false,"selection_complete":false,"expanded_start_ns":"7883000000","expanded_end_ns":"9383000000","source_count":1,"unknown_count":2,"sources_truncated":false,"unknown_truncated":false,"sources":[{"segment_id_sha256":"96f8cf2e7503511b9232525d5bf28541d9d9706310b0fe907dd6dc978e7e5512","media_epoch_id_sha256":"f34832e6d088af6c9770bfebe24757e2bb69e849f91d5047ca74cecb6eb62a3c","source_generation_sha256":"590646e0e1c8eeb18765fea59a126d27afa306312c44ba9a4dceb7f7e02b7136","track_id_sha256":"8f723894bdc60651fd533bc2bd6878d3e63f70c7d4979493128ab1e1525f2ac3","generation_order":"1","start_pts":"0","end_pts":"8333333333","time_base_num":1,"time_base_den":1000000000,"lifecycle":1,"deleted":false,"binding_present":true,"binding_valid":true,"available_for_selection":true}],"decoded":{"namespace_valid":true,"range_comparable":true,"incomplete":false,"frames_truncated":false,"frame_count":309,"relevant_count":46,"identity_matched":46,"identity_rejected":0,"generation_mismatch":0,"pts_mismatch":0,"duration_invalid":0,"minimum_pts_ns":"7866666666","maximum_pts_ns":"9366666666","maximum_valid_end_ns":"9399999999"},"slice_state_counts":[14,2,0,0,0,0],"reason_counts":[0,2,0,0,14,0,0,0,0,0],"unknown_ranges":[{"start_ns":"8333333333","end_ns":"8333333334","reason":1},{"start_ns":"8333333333","end_ns":"9383000000","reason":1}]}
[selection-attempt] {"reference_sha256":"03d16a9d4a022a1c2fe7f995dc4e890e13e9e2e986cc438ccefa6e62ff5c9b87","attempt":5,"attempt_limit":121,"elapsed_ms":"2175","wait_ms":"60000","deadline_exhausted":false,"attempt_exhausted":false,"selection_complete":false,"expanded_start_ns":"7883000000","expanded_end_ns":"9383000000","source_count":1,"unknown_count":2,"sources_truncated":false,"unknown_truncated":false,"sources":[{"segment_id_sha256":"96f8cf2e7503511b9232525d5bf28541d9d9706310b0fe907dd6dc978e7e5512","media_epoch_id_sha256":"f34832e6d088af6c9770bfebe24757e2bb69e849f91d5047ca74cecb6eb62a3c","source_generation_sha256":"590646e0e1c8eeb18765fea59a126d27afa306312c44ba9a4dceb7f7e02b7136","track_id_sha256":"8f723894bdc60651fd533bc2bd6878d3e63f70c7d4979493128ab1e1525f2ac3","generation_order":"1","start_pts":"0","end_pts":"8333333333","time_base_num":1,"time_base_den":1000000000,"lifecycle":1,"deleted":false,"binding_present":true,"binding_valid":true,"available_for_selection":true}],"decoded":{"namespace_valid":true,"range_comparable":true,"incomplete":false,"frames_truncated":false,"frame_count":326,"relevant_count":46,"identity_matched":46,"identity_rejected":0,"generation_mismatch":0,"pts_mismatch":0,"duration_invalid":0,"minimum_pts_ns":"7866666666","maximum_pts_ns":"9366666666","maximum_valid_end_ns":"9399999999"},"slice_state_counts":[14,2,0,0,0,0],"reason_counts":[0,2,0,0,14,0,0,0,0,0],"unknown_ranges":[{"start_ns":"8333333333","end_ns":"8333333334","reason":1},{"start_ns":"8333333333","end_ns":"9383000000","reason":1}]}
[selection-attempt] {"reference_sha256":"2c37b723da068c4cc638f574aae351f457afc0ae222d8384f15d4b6233e07022","attempt":5,"attempt_limit":121,"elapsed_ms":"2195","wait_ms":"60000","deadline_exhausted":false,"attempt_exhausted":false,"selection_complete":false,"expanded_start_ns":"7883000000","expanded_end_ns":"9383000000","source_count":1,"unknown_count":2,"sources_truncated":false,"unknown_truncated":false,"sources":[{"segment_id_sha256":"96f8cf2e7503511b9232525d5bf28541d9d9706310b0fe907dd6dc978e7e5512","media_epoch_id_sha256":"f34832e6d088af6c9770bfebe24757e2bb69e849f91d5047ca74cecb6eb62a3c","source_generation_sha256":"590646e0e1c8eeb18765fea59a126d27afa306312c44ba9a4dceb7f7e02b7136","track_id_sha256":"8f723894bdc60651fd533bc2bd6878d3e63f70c7d4979493128ab1e1525f2ac3","generation_order":"1","start_pts":"0","end_pts":"8333333333","time_base_num":1,"time_base_den":1000000000,"lifecycle":1,"deleted":false,"binding_present":true,"binding_valid":true,"available_for_selection":true}],"decoded":{"namespace_valid":true,"range_comparable":true,"incomplete":false,"frames_truncated":false,"frame_count":326,"relevant_count":46,"identity_matched":46,"identity_rejected":0,"generation_mismatch":0,"pts_mismatch":0,"duration_invalid":0,"minimum_pts_ns":"7866666666","maximum_pts_ns":"9366666666","maximum_valid_end_ns":"9399999999"},"slice_state_counts":[14,2,0,0,0,0],"reason_counts":[0,2,0,0,14,0,0,0,0,0],"unknown_ranges":[{"start_ns":"8333333333","end_ns":"8333333334","reason":1},{"start_ns":"8333333333","end_ns":"9383000000","reason":1}]}
[selection-attempt] {"reference_sha256":"bc9d54fb48c92524c5a4b1caf90074e07276cc25ddbe7d17334cdf6695be7ba7","attempt":5,"attempt_limit":121,"elapsed_ms":"2219","wait_ms":"60000","deadline_exhausted":false,"attempt_exhausted":false,"selection_complete":false,"expanded_start_ns":"7883000000","expanded_end_ns":"9383000000","source_count":1,"unknown_count":2,"sources_truncated":false,"unknown_truncated":false,"sources":[{"segment_id_sha256":"96f8cf2e7503511b9232525d5bf28541d9d9706310b0fe907dd6dc978e7e5512","media_epoch_id_sha256":"f34832e6d088af6c9770bfebe24757e2bb69e849f91d5047ca74cecb6eb62a3c","source_generation_sha256":"590646e0e1c8eeb18765fea59a126d27afa306312c44ba9a4dceb7f7e02b7136","track_id_sha256":"8f723894bdc60651fd533bc2bd6878d3e63f70c7d4979493128ab1e1525f2ac3","generation_order":"1","start_pts":"0","end_pts":"8333333333","time_base_num":1,"time_base_den":1000000000,"lifecycle":1,"deleted":false,"binding_present":true,"binding_valid":true,"available_for_selection":true}],"decoded":{"namespace_valid":true,"range_comparable":true,"incomplete":false,"frames_truncated":false,"frame_count":326,"relevant_count":46,"identity_matched":46,"identity_rejected":0,"generation_mismatch":0,"pts_mismatch":0,"duration_invalid":0,"minimum_pts_ns":"7866666666","maximum_pts_ns":"9366666666","maximum_valid_end_ns":"9399999999"},"slice_state_counts":[14,2,0,0,0,0],"reason_counts":[0,2,0,0,14,0,0,0,0,0],"unknown_ranges":[{"start_ns":"8333333333","end_ns":"8333333334","reason":1},{"start_ns":"8333333333","end_ns":"9383000000","reason":1}]}
[selection-attempt] {"reference_sha256":"00f89f27765fadd149dbf219b831a1fa9efab6a55fbf3aacbb2814664ba2224c","attempt":5,"attempt_limit":121,"elapsed_ms":"2244","wait_ms":"60000","deadline_exhausted":false,"attempt_exhausted":false,"selection_complete":false,"expanded_start_ns":"7883000000","expanded_end_ns":"9383000000","source_count":1,"unknown_count":2,"sources_truncated":false,"unknown_truncated":false,"sources":[{"segment_id_sha256":"96f8cf2e7503511b9232525d5bf28541d9d9706310b0fe907dd6dc978e7e5512","media_epoch_id_sha256":"f34832e6d088af6c9770bfebe24757e2bb69e849f91d5047ca74cecb6eb62a3c","source_generation_sha256":"590646e0e1c8eeb18765fea59a126d27afa306312c44ba9a4dceb7f7e02b7136","track_id_sha256":"8f723894bdc60651fd533bc2bd6878d3e63f70c7d4979493128ab1e1525f2ac3","generation_order":"1","start_pts":"0","end_pts":"8333333333","time_base_num":1,"time_base_den":1000000000,"lifecycle":1,"deleted":false,"binding_present":true,"binding_valid":true,"available_for_selection":true}],"decoded":{"namespace_valid":true,"range_comparable":true,"incomplete":false,"frames_truncated":false,"frame_count":326,"relevant_count":46,"identity_matched":46,"identity_rejected":0,"generation_mismatch":0,"pts_mismatch":0,"duration_invalid":0,"minimum_pts_ns":"7866666666","maximum_pts_ns":"9366666666","maximum_valid_end_ns":"9399999999"},"slice_state_counts":[14,2,0,0,0,0],"reason_counts":[0,2,0,0,14,0,0,0,0,0],"unknown_ranges":[{"start_ns":"8333333333","end_ns":"8333333334","reason":1},{"start_ns":"8333333333","end_ns":"9383000000","reason":1}]}
[selection-attempt] {"reference_sha256":"03d16a9d4a022a1c2fe7f995dc4e890e13e9e2e986cc438ccefa6e62ff5c9b87","attempt":6,"attempt_limit":121,"elapsed_ms":"2707","wait_ms":"60000","deadline_exhausted":false,"attempt_exhausted":false,"selection_complete":false,"expanded_start_ns":"7883000000","expanded_end_ns":"9383000000","source_count":1,"unknown_count":2,"sources_truncated":false,"unknown_truncated":false,"sources":[{"segment_id_sha256":"96f8cf2e7503511b9232525d5bf28541d9d9706310b0fe907dd6dc978e7e5512","media_epoch_id_sha256":"f34832e6d088af6c9770bfebe24757e2bb69e849f91d5047ca74cecb6eb62a3c","source_generation_sha256":"590646e0e1c8eeb18765fea59a126d27afa306312c44ba9a4dceb7f7e02b7136","track_id_sha256":"8f723894bdc60651fd533bc2bd6878d3e63f70c7d4979493128ab1e1525f2ac3","generation_order":"1","start_pts":"0","end_pts":"8333333333","time_base_num":1,"time_base_den":1000000000,"lifecycle":1,"deleted":false,"binding_present":true,"binding_valid":true,"available_for_selection":true}],"decoded":{"namespace_valid":true,"range_comparable":true,"incomplete":false,"frames_truncated":false,"frame_count":339,"relevant_count":46,"identity_matched":46,"identity_rejected":0,"generation_mismatch":0,"pts_mismatch":0,"duration_invalid":0,"minimum_pts_ns":"7866666666","maximum_pts_ns":"9366666666","maximum_valid_end_ns":"9399999999"},"slice_state_counts":[14,2,0,0,0,0],"reason_counts":[0,2,0,0,14,0,0,0,0,0],"unknown_ranges":[{"start_ns":"8333333333","end_ns":"8333333334","reason":1},{"start_ns":"8333333333","end_ns":"9383000000","reason":1}]}
[selection-attempt] {"reference_sha256":"2c37b723da068c4cc638f574aae351f457afc0ae222d8384f15d4b6233e07022","attempt":6,"attempt_limit":121,"elapsed_ms":"2728","wait_ms":"60000","deadline_exhausted":false,"attempt_exhausted":false,"selection_complete":false,"expanded_start_ns":"7883000000","expanded_end_ns":"9383000000","source_count":1,"unknown_count":2,"sources_truncated":false,"unknown_truncated":false,"sources":[{"segment_id_sha256":"96f8cf2e7503511b9232525d5bf28541d9d9706310b0fe907dd6dc978e7e5512","media_epoch_id_sha256":"f34832e6d088af6c9770bfebe24757e2bb69e849f91d5047ca74cecb6eb62a3c","source_generation_sha256":"590646e0e1c8eeb18765fea59a126d27afa306312c44ba9a4dceb7f7e02b7136","track_id_sha256":"8f723894bdc60651fd533bc2bd6878d3e63f70c7d4979493128ab1e1525f2ac3","generation_order":"1","start_pts":"0","end_pts":"8333333333","time_base_num":1,"time_base_den":1000000000,"lifecycle":1,"deleted":false,"binding_present":true,"binding_valid":true,"available_for_selection":true}],"decoded":{"namespace_valid":true,"range_comparable":true,"incomplete":false,"frames_truncated":false,"frame_count":339,"relevant_count":46,"identity_matched":46,"identity_rejected":0,"generation_mismatch":0,"pts_mismatch":0,"duration_invalid":0,"minimum_pts_ns":"7866666666","maximum_pts_ns":"9366666666","maximum_valid_end_ns":"9399999999"},"slice_state_counts":[14,2,0,0,0,0],"reason_counts":[0,2,0,0,14,0,0,0,0,0],"unknown_ranges":[{"start_ns":"8333333333","end_ns":"8333333334","reason":1},{"start_ns":"8333333333","end_ns":"9383000000","reason":1}]}
[selection-attempt] {"reference_sha256":"bc9d54fb48c92524c5a4b1caf90074e07276cc25ddbe7d17334cdf6695be7ba7","attempt":6,"attempt_limit":121,"elapsed_ms":"2752","wait_ms":"60000","deadline_exhausted":false,"attempt_exhausted":false,"selection_complete":false,"expanded_start_ns":"7883000000","expanded_end_ns":"9383000000","source_count":1,"unknown_count":2,"sources_truncated":false,"unknown_truncated":false,"sources":[{"segment_id_sha256":"96f8cf2e7503511b9232525d5bf28541d9d9706310b0fe907dd6dc978e7e5512","media_epoch_id_sha256":"f34832e6d088af6c9770bfebe24757e2bb69e849f91d5047ca74cecb6eb62a3c","source_generation_sha256":"590646e0e1c8eeb18765fea59a126d27afa306312c44ba9a4dceb7f7e02b7136","track_id_sha256":"8f723894bdc60651fd533bc2bd6878d3e63f70c7d4979493128ab1e1525f2ac3","generation_order":"1","start_pts":"0","end_pts":"8333333333","time_base_num":1,"time_base_den":1000000000,"lifecycle":1,"deleted":false,"binding_present":true,"binding_valid":true,"available_for_selection":true}],"decoded":{"namespace_valid":true,"range_comparable":true,"incomplete":false,"frames_truncated":false,"frame_count":339,"relevant_count":46,"identity_matched":46,"identity_rejected":0,"generation_mismatch":0,"pts_mismatch":0,"duration_invalid":0,"minimum_pts_ns":"7866666666","maximum_pts_ns":"9366666666","maximum_valid_end_ns":"9399999999"},"slice_state_counts":[14,2,0,0,0,0],"reason_counts":[0,2,0,0,14,0,0,0,0,0],"unknown_ranges":[{"start_ns":"8333333333","end_ns":"8333333334","reason":1},{"start_ns":"8333333333","end_ns":"9383000000","reason":1}]}
[selection-attempt] {"reference_sha256":"00f89f27765fadd149dbf219b831a1fa9efab6a55fbf3aacbb2814664ba2224c","attempt":6,"attempt_limit":121,"elapsed_ms":"2776","wait_ms":"60000","deadline_exhausted":false,"attempt_exhausted":false,"selection_complete":false,"expanded_start_ns":"7883000000","expanded_end_ns":"9383000000","source_count":1,"unknown_count":2,"sources_truncated":false,"unknown_truncated":false,"sources":[{"segment_id_sha256":"96f8cf2e7503511b9232525d5bf28541d9d9706310b0fe907dd6dc978e7e5512","media_epoch_id_sha256":"f34832e6d088af6c9770bfebe24757e2bb69e849f91d5047ca74cecb6eb62a3c","source_generation_sha256":"590646e0e1c8eeb18765fea59a126d27afa306312c44ba9a4dceb7f7e02b7136","track_id_sha256":"8f723894bdc60651fd533bc2bd6878d3e63f70c7d4979493128ab1e1525f2ac3","generation_order":"1","start_pts":"0","end_pts":"8333333333","time_base_num":1,"time_base_den":1000000000,"lifecycle":1,"deleted":false,"binding_present":true,"binding_valid":true,"available_for_selection":true}],"decoded":{"namespace_valid":true,"range_comparable":true,"incomplete":false,"frames_truncated":false,"frame_count":344,"relevant_count":46,"identity_matched":46,"identity_rejected":0,"generation_mismatch":0,"pts_mismatch":0,"duration_invalid":0,"minimum_pts_ns":"7866666666","maximum_pts_ns":"9366666666","maximum_valid_end_ns":"9399999999"},"slice_state_counts":[14,2,0,0,0,0],"reason_counts":[0,2,0,0,14,0,0,0,0,0],"unknown_ranges":[{"start_ns":"8333333333","end_ns":"8333333334","reason":1},{"start_ns":"8333333333","end_ns":"9383000000","reason":1}]}
[selection-attempt] {"reference_sha256":"03d16a9d4a022a1c2fe7f995dc4e890e13e9e2e986cc438ccefa6e62ff5c9b87","attempt":7,"attempt_limit":121,"elapsed_ms":"3240","wait_ms":"60000","deadline_exhausted":false,"attempt_exhausted":false,"selection_complete":false,"expanded_start_ns":"7883000000","expanded_end_ns":"9383000000","source_count":1,"unknown_count":2,"sources_truncated":false,"unknown_truncated":false,"sources":[{"segment_id_sha256":"96f8cf2e7503511b9232525d5bf28541d9d9706310b0fe907dd6dc978e7e5512","media_epoch_id_sha256":"f34832e6d088af6c9770bfebe24757e2bb69e849f91d5047ca74cecb6eb62a3c","source_generation_sha256":"590646e0e1c8eeb18765fea59a126d27afa306312c44ba9a4dceb7f7e02b7136","track_id_sha256":"8f723894bdc60651fd533bc2bd6878d3e63f70c7d4979493128ab1e1525f2ac3","generation_order":"1","start_pts":"0","end_pts":"8333333333","time_base_num":1,"time_base_den":1000000000,"lifecycle":1,"deleted":false,"binding_present":true,"binding_valid":true,"available_for_selection":true}],"decoded":{"namespace_valid":true,"range_comparable":true,"incomplete":false,"frames_truncated":false,"frame_count":357,"relevant_count":46,"identity_matched":46,"identity_rejected":0,"generation_mismatch":0,"pts_mismatch":0,"duration_invalid":0,"minimum_pts_ns":"7866666666","maximum_pts_ns":"9366666666","maximum_valid_end_ns":"9399999999"},"slice_state_counts":[14,2,0,0,0,0],"reason_counts":[0,2,0,0,14,0,0,0,0,0],"unknown_ranges":[{"start_ns":"8333333333","end_ns":"8333333334","reason":1},{"start_ns":"8333333333","end_ns":"9383000000","reason":1}]}
[selection-attempt] {"reference_sha256":"2c37b723da068c4cc638f574aae351f457afc0ae222d8384f15d4b6233e07022","attempt":7,"attempt_limit":121,"elapsed_ms":"3261","wait_ms":"60000","deadline_exhausted":false,"attempt_exhausted":false,"selection_complete":false,"expanded_start_ns":"7883000000","expanded_end_ns":"9383000000","source_count":1,"unknown_count":2,"sources_truncated":false,"unknown_truncated":false,"sources":[{"segment_id_sha256":"96f8cf2e7503511b9232525d5bf28541d9d9706310b0fe907dd6dc978e7e5512","media_epoch_id_sha256":"f34832e6d088af6c9770bfebe24757e2bb69e849f91d5047ca74cecb6eb62a3c","source_generation_sha256":"590646e0e1c8eeb18765fea59a126d27afa306312c44ba9a4dceb7f7e02b7136","track_id_sha256":"8f723894bdc60651fd533bc2bd6878d3e63f70c7d4979493128ab1e1525f2ac3","generation_order":"1","start_pts":"0","end_pts":"8333333333","time_base_num":1,"time_base_den":1000000000,"lifecycle":1,"deleted":false,"binding_present":true,"binding_valid":true,"available_for_selection":true}],"decoded":{"namespace_valid":true,"range_comparable":true,"incomplete":false,"frames_truncated":false,"frame_count":357,"relevant_count":46,"identity_matched":46,"identity_rejected":0,"generation_mismatch":0,"pts_mismatch":0,"duration_invalid":0,"minimum_pts_ns":"7866666666","maximum_pts_ns":"9366666666","maximum_valid_end_ns":"9399999999"},"slice_state_counts":[14,2,0,0,0,0],"reason_counts":[0,2,0,0,14,0,0,0,0,0],"unknown_ranges":[{"start_ns":"8333333333","end_ns":"8333333334","reason":1},{"start_ns":"8333333333","end_ns":"9383000000","reason":1}]}
[selection-attempt] {"reference_sha256":"bc9d54fb48c92524c5a4b1caf90074e07276cc25ddbe7d17334cdf6695be7ba7","attempt":7,"attempt_limit":121,"elapsed_ms":"3285","wait_ms":"60000","deadline_exhausted":false,"attempt_exhausted":false,"selection_complete":false,"expanded_start_ns":"7883000000","expanded_end_ns":"9383000000","source_count":1,"unknown_count":2,"sources_truncated":false,"unknown_truncated":false,"sources":[{"segment_id_sha256":"96f8cf2e7503511b9232525d5bf28541d9d9706310b0fe907dd6dc978e7e5512","media_epoch_id_sha256":"f34832e6d088af6c9770bfebe24757e2bb69e849f91d5047ca74cecb6eb62a3c","source_generation_sha256":"590646e0e1c8eeb18765fea59a126d27afa306312c44ba9a4dceb7f7e02b7136","track_id_sha256":"8f723894bdc60651fd533bc2bd6878d3e63f70c7d4979493128ab1e1525f2ac3","generation_order":"1","start_pts":"0","end_pts":"8333333333","time_base_num":1,"time_base_den":1000000000,"lifecycle":1,"deleted":false,"binding_present":true,"binding_valid":true,"available_for_selection":true}],"decoded":{"namespace_valid":true,"range_comparable":true,"incomplete":false,"frames_truncated":false,"frame_count":357,"relevant_count":46,"identity_matched":46,"identity_rejected":0,"generation_mismatch":0,"pts_mismatch":0,"duration_invalid":0,"minimum_pts_ns":"7866666666","maximum_pts_ns":"9366666666","maximum_valid_end_ns":"9399999999"},"slice_state_counts":[14,2,0,0,0,0],"reason_counts":[0,2,0,0,14,0,0,0,0,0],"unknown_ranges":[{"start_ns":"8333333333","end_ns":"8333333334","reason":1},{"start_ns":"8333333333","end_ns":"9383000000","reason":1}]}
[selection-attempt] {"reference_sha256":"00f89f27765fadd149dbf219b831a1fa9efab6a55fbf3aacbb2814664ba2224c","attempt":7,"attempt_limit":121,"elapsed_ms":"3310","wait_ms":"60000","deadline_exhausted":false,"attempt_exhausted":false,"selection_complete":false,"expanded_start_ns":"7883000000","expanded_end_ns":"9383000000","source_count":1,"unknown_count":2,"sources_truncated":false,"unknown_truncated":false,"sources":[{"segment_id_sha256":"96f8cf2e7503511b9232525d5bf28541d9d9706310b0fe907dd6dc978e7e5512","media_epoch_id_sha256":"f34832e6d088af6c9770bfebe24757e2bb69e849f91d5047ca74cecb6eb62a3c","source_generation_sha256":"590646e0e1c8eeb18765fea59a126d27afa306312c44ba9a4dceb7f7e02b7136","track_id_sha256":"8f723894bdc60651fd533bc2bd6878d3e63f70c7d4979493128ab1e1525f2ac3","generation_order":"1","start_pts":"0","end_pts":"8333333333","time_base_num":1,"time_base_den":1000000000,"lifecycle":1,"deleted":false,"binding_present":true,"binding_valid":true,"available_for_selection":true}],"decoded":{"namespace_valid":true,"range_comparable":true,"incomplete":false,"frames_truncated":false,"frame_count":361,"relevant_count":46,"identity_matched":46,"identity_rejected":0,"generation_mismatch":0,"pts_mismatch":0,"duration_invalid":0,"minimum_pts_ns":"7866666666","maximum_pts_ns":"9366666666","maximum_valid_end_ns":"9399999999"},"slice_state_counts":[14,2,0,0,0,0],"reason_counts":[0,2,0,0,14,0,0,0,0,0],"unknown_ranges":[{"start_ns":"8333333333","end_ns":"8333333334","reason":1},{"start_ns":"8333333333","end_ns":"9383000000","reason":1}]}
[selection-attempt] {"reference_sha256":"03d16a9d4a022a1c2fe7f995dc4e890e13e9e2e986cc438ccefa6e62ff5c9b87","attempt":8,"attempt_limit":121,"elapsed_ms":"3776","wait_ms":"60000","deadline_exhausted":false,"attempt_exhausted":false,"selection_complete":false,"expanded_start_ns":"7883000000","expanded_end_ns":"9383000000","source_count":1,"unknown_count":2,"sources_truncated":false,"unknown_truncated":false,"sources":[{"segment_id_sha256":"96f8cf2e7503511b9232525d5bf28541d9d9706310b0fe907dd6dc978e7e5512","media_epoch_id_sha256":"f34832e6d088af6c9770bfebe24757e2bb69e849f91d5047ca74cecb6eb62a3c","source_generation_sha256":"590646e0e1c8eeb18765fea59a126d27afa306312c44ba9a4dceb7f7e02b7136","track_id_sha256":"8f723894bdc60651fd533bc2bd6878d3e63f70c7d4979493128ab1e1525f2ac3","generation_order":"1","start_pts":"0","end_pts":"8333333333","time_base_num":1,"time_base_den":1000000000,"lifecycle":1,"deleted":false,"binding_present":true,"binding_valid":true,"available_for_selection":true}],"decoded":{"namespace_valid":true,"range_comparable":true,"incomplete":false,"frames_truncated":false,"frame_count":373,"relevant_count":46,"identity_matched":46,"identity_rejected":0,"generation_mismatch":0,"pts_mismatch":0,"duration_invalid":0,"minimum_pts_ns":"7866666666","maximum_pts_ns":"9366666666","maximum_valid_end_ns":"9399999999"},"slice_state_counts":[14,2,0,0,0,0],"reason_counts":[0,2,0,0,14,0,0,0,0,0],"unknown_ranges":[{"start_ns":"8333333333","end_ns":"8333333334","reason":1},{"start_ns":"8333333333","end_ns":"9383000000","reason":1}]}
[selection-attempt] {"reference_sha256":"2c37b723da068c4cc638f574aae351f457afc0ae222d8384f15d4b6233e07022","attempt":8,"attempt_limit":121,"elapsed_ms":"3797","wait_ms":"60000","deadline_exhausted":false,"attempt_exhausted":false,"selection_complete":false,"expanded_start_ns":"7883000000","expanded_end_ns":"9383000000","source_count":1,"unknown_count":2,"sources_truncated":false,"unknown_truncated":false,"sources":[{"segment_id_sha256":"96f8cf2e7503511b9232525d5bf28541d9d9706310b0fe907dd6dc978e7e5512","media_epoch_id_sha256":"f34832e6d088af6c9770bfebe24757e2bb69e849f91d5047ca74cecb6eb62a3c","source_generation_sha256":"590646e0e1c8eeb18765fea59a126d27afa306312c44ba9a4dceb7f7e02b7136","track_id_sha256":"8f723894bdc60651fd533bc2bd6878d3e63f70c7d4979493128ab1e1525f2ac3","generation_order":"1","start_pts":"0","end_pts":"8333333333","time_base_num":1,"time_base_den":1000000000,"lifecycle":1,"deleted":false,"binding_present":true,"binding_valid":true,"available_for_selection":true}],"decoded":{"namespace_valid":true,"range_comparable":true,"incomplete":false,"frames_truncated":false,"frame_count":373,"relevant_count":46,"identity_matched":46,"identity_rejected":0,"generation_mismatch":0,"pts_mismatch":0,"duration_invalid":0,"minimum_pts_ns":"7866666666","maximum_pts_ns":"9366666666","maximum_valid_end_ns":"9399999999"},"slice_state_counts":[14,2,0,0,0,0],"reason_counts":[0,2,0,0,14,0,0,0,0,0],"unknown_ranges":[{"start_ns":"8333333333","end_ns":"8333333334","reason":1},{"start_ns":"8333333333","end_ns":"9383000000","reason":1}]}
[selection-attempt] {"reference_sha256":"bc9d54fb48c92524c5a4b1caf90074e07276cc25ddbe7d17334cdf6695be7ba7","attempt":8,"attempt_limit":121,"elapsed_ms":"3821","wait_ms":"60000","deadline_exhausted":false,"attempt_exhausted":false,"selection_complete":false,"expanded_start_ns":"7883000000","expanded_end_ns":"9383000000","source_count":1,"unknown_count":2,"sources_truncated":false,"unknown_truncated":false,"sources":[{"segment_id_sha256":"96f8cf2e7503511b9232525d5bf28541d9d9706310b0fe907dd6dc978e7e5512","media_epoch_id_sha256":"f34832e6d088af6c9770bfebe24757e2bb69e849f91d5047ca74cecb6eb62a3c","source_generation_sha256":"590646e0e1c8eeb18765fea59a126d27afa306312c44ba9a4dceb7f7e02b7136","track_id_sha256":"8f723894bdc60651fd533bc2bd6878d3e63f70c7d4979493128ab1e1525f2ac3","generation_order":"1","start_pts":"0","end_pts":"8333333333","time_base_num":1,"time_base_den":1000000000,"lifecycle":1,"deleted":false,"binding_present":true,"binding_valid":true,"available_for_selection":true}],"decoded":{"namespace_valid":true,"range_comparable":true,"incomplete":false,"frames_truncated":false,"frame_count":373,"relevant_count":46,"identity_matched":46,"identity_rejected":0,"generation_mismatch":0,"pts_mismatch":0,"duration_invalid":0,"minimum_pts_ns":"7866666666","maximum_pts_ns":"9366666666","maximum_valid_end_ns":"9399999999"},"slice_state_counts":[14,2,0,0,0,0],"reason_counts":[0,2,0,0,14,0,0,0,0,0],"unknown_ranges":[{"start_ns":"8333333333","end_ns":"8333333334","reason":1},{"start_ns":"8333333333","end_ns":"9383000000","reason":1}]}
[selection-attempt] {"reference_sha256":"00f89f27765fadd149dbf219b831a1fa9efab6a55fbf3aacbb2814664ba2224c","attempt":8,"attempt_limit":121,"elapsed_ms":"3846","wait_ms":"60000","deadline_exhausted":false,"attempt_exhausted":false,"selection_complete":false,"expanded_start_ns":"7883000000","expanded_end_ns":"9383000000","source_count":1,"unknown_count":2,"sources_truncated":false,"unknown_truncated":false,"sources":[{"segment_id_sha256":"96f8cf2e7503511b9232525d5bf28541d9d9706310b0fe907dd6dc978e7e5512","media_epoch_id_sha256":"f34832e6d088af6c9770bfebe24757e2bb69e849f91d5047ca74cecb6eb62a3c","source_generation_sha256":"590646e0e1c8eeb18765fea59a126d27afa306312c44ba9a4dceb7f7e02b7136","track_id_sha256":"8f723894bdc60651fd533bc2bd6878d3e63f70c7d4979493128ab1e1525f2ac3","generation_order":"1","start_pts":"0","end_pts":"8333333333","time_base_num":1,"time_base_den":1000000000,"lifecycle":1,"deleted":false,"binding_present":true,"binding_valid":true,"available_for_selection":true}],"decoded":{"namespace_valid":true,"range_comparable":true,"incomplete":false,"frames_truncated":false,"frame_count":373,"relevant_count":46,"identity_matched":46,"identity_rejected":0,"generation_mismatch":0,"pts_mismatch":0,"duration_invalid":0,"minimum_pts_ns":"7866666666","maximum_pts_ns":"9366666666","maximum_valid_end_ns":"9399999999"},"slice_state_counts":[14,2,0,0,0,0],"reason_counts":[0,2,0,0,14,0,0,0,0,0],"unknown_ranges":[{"start_ns":"8333333333","end_ns":"8333333334","reason":1},{"start_ns":"8333333333","end_ns":"9383000000","reason":1}]}
[selection-attempt] {"reference_sha256":"03d16a9d4a022a1c2fe7f995dc4e890e13e9e2e986cc438ccefa6e62ff5c9b87","attempt":9,"attempt_limit":121,"elapsed_ms":"4312","wait_ms":"60000","deadline_exhausted":false,"attempt_exhausted":false,"selection_complete":false,"expanded_start_ns":"7883000000","expanded_end_ns":"9383000000","source_count":1,"unknown_count":2,"sources_truncated":false,"unknown_truncated":false,"sources":[{"segment_id_sha256":"96f8cf2e7503511b9232525d5bf28541d9d9706310b0fe907dd6dc978e7e5512","media_epoch_id_sha256":"f34832e6d088af6c9770bfebe24757e2bb69e849f91d5047ca74cecb6eb62a3c","source_generation_sha256":"590646e0e1c8eeb18765fea59a126d27afa306312c44ba9a4dceb7f7e02b7136","track_id_sha256":"8f723894bdc60651fd533bc2bd6878d3e63f70c7d4979493128ab1e1525f2ac3","generation_order":"1","start_pts":"0","end_pts":"8333333333","time_base_num":1,"time_base_den":1000000000,"lifecycle":1,"deleted":false,"binding_present":true,"binding_valid":true,"available_for_selection":true}],"decoded":{"namespace_valid":true,"range_comparable":true,"incomplete":false,"frames_truncated":false,"frame_count":389,"relevant_count":46,"identity_matched":46,"identity_rejected":0,"generation_mismatch":0,"pts_mismatch":0,"duration_invalid":0,"minimum_pts_ns":"7866666666","maximum_pts_ns":"9366666666","maximum_valid_end_ns":"9399999999"},"slice_state_counts":[14,2,0,0,0,0],"reason_counts":[0,2,0,0,14,0,0,0,0,0],"unknown_ranges":[{"start_ns":"8333333333","end_ns":"8333333334","reason":1},{"start_ns":"8333333333","end_ns":"9383000000","reason":1}]}
[selection-attempt] {"reference_sha256":"2c37b723da068c4cc638f574aae351f457afc0ae222d8384f15d4b6233e07022","attempt":9,"attempt_limit":121,"elapsed_ms":"4333","wait_ms":"60000","deadline_exhausted":false,"attempt_exhausted":false,"selection_complete":false,"expanded_start_ns":"7883000000","expanded_end_ns":"9383000000","source_count":1,"unknown_count":2,"sources_truncated":false,"unknown_truncated":false,"sources":[{"segment_id_sha256":"96f8cf2e7503511b9232525d5bf28541d9d9706310b0fe907dd6dc978e7e5512","media_epoch_id_sha256":"f34832e6d088af6c9770bfebe24757e2bb69e849f91d5047ca74cecb6eb62a3c","source_generation_sha256":"590646e0e1c8eeb18765fea59a126d27afa306312c44ba9a4dceb7f7e02b7136","track_id_sha256":"8f723894bdc60651fd533bc2bd6878d3e63f70c7d4979493128ab1e1525f2ac3","generation_order":"1","start_pts":"0","end_pts":"8333333333","time_base_num":1,"time_base_den":1000000000,"lifecycle":1,"deleted":false,"binding_present":true,"binding_valid":true,"available_for_selection":true}],"decoded":{"namespace_valid":true,"range_comparable":true,"incomplete":false,"frames_truncated":false,"frame_count":389,"relevant_count":46,"identity_matched":46,"identity_rejected":0,"generation_mismatch":0,"pts_mismatch":0,"duration_invalid":0,"minimum_pts_ns":"7866666666","maximum_pts_ns":"9366666666","maximum_valid_end_ns":"9399999999"},"slice_state_counts":[14,2,0,0,0,0],"reason_counts":[0,2,0,0,14,0,0,0,0,0],"unknown_ranges":[{"start_ns":"8333333333","end_ns":"8333333334","reason":1},{"start_ns":"8333333333","end_ns":"9383000000","reason":1}]}
[selection-attempt] {"reference_sha256":"bc9d54fb48c92524c5a4b1caf90074e07276cc25ddbe7d17334cdf6695be7ba7","attempt":9,"attempt_limit":121,"elapsed_ms":"4358","wait_ms":"60000","deadline_exhausted":false,"attempt_exhausted":false,"selection_complete":false,"expanded_start_ns":"7883000000","expanded_end_ns":"9383000000","source_count":1,"unknown_count":2,"sources_truncated":false,"unknown_truncated":false,"sources":[{"segment_id_sha256":"96f8cf2e7503511b9232525d5bf28541d9d9706310b0fe907dd6dc978e7e5512","media_epoch_id_sha256":"f34832e6d088af6c9770bfebe24757e2bb69e849f91d5047ca74cecb6eb62a3c","source_generation_sha256":"590646e0e1c8eeb18765fea59a126d27afa306312c44ba9a4dceb7f7e02b7136","track_id_sha256":"8f723894bdc60651fd533bc2bd6878d3e63f70c7d4979493128ab1e1525f2ac3","generation_order":"1","start_pts":"0","end_pts":"8333333333","time_base_num":1,"time_base_den":1000000000,"lifecycle":1,"deleted":false,"binding_present":true,"binding_valid":true,"available_for_selection":true}],"decoded":{"namespace_valid":true,"range_comparable":true,"incomplete":false,"frames_truncated":false,"frame_count":389,"relevant_count":46,"identity_matched":46,"identity_rejected":0,"generation_mismatch":0,"pts_mismatch":0,"duration_invalid":0,"minimum_pts_ns":"7866666666","maximum_pts_ns":"9366666666","maximum_valid_end_ns":"9399999999"},"slice_state_counts":[14,2,0,0,0,0],"reason_counts":[0,2,0,0,14,0,0,0,0,0],"unknown_ranges":[{"start_ns":"8333333333","end_ns":"8333333334","reason":1},{"start_ns":"8333333333","end_ns":"9383000000","reason":1}]}
[selection-attempt] {"reference_sha256":"00f89f27765fadd149dbf219b831a1fa9efab6a55fbf3aacbb2814664ba2224c","attempt":9,"attempt_limit":121,"elapsed_ms":"4383","wait_ms":"60000","deadline_exhausted":false,"attempt_exhausted":false,"selection_complete":false,"expanded_start_ns":"7883000000","expanded_end_ns":"9383000000","source_count":1,"unknown_count":2,"sources_truncated":false,"unknown_truncated":false,"sources":[{"segment_id_sha256":"96f8cf2e7503511b9232525d5bf28541d9d9706310b0fe907dd6dc978e7e5512","media_epoch_id_sha256":"f34832e6d088af6c9770bfebe24757e2bb69e849f91d5047ca74cecb6eb62a3c","source_generation_sha256":"590646e0e1c8eeb18765fea59a126d27afa306312c44ba9a4dceb7f7e02b7136","track_id_sha256":"8f723894bdc60651fd533bc2bd6878d3e63f70c7d4979493128ab1e1525f2ac3","generation_order":"1","start_pts":"0","end_pts":"8333333333","time_base_num":1,"time_base_den":1000000000,"lifecycle":1,"deleted":false,"binding_present":true,"binding_valid":true,"available_for_selection":true}],"decoded":{"namespace_valid":true,"range_comparable":true,"incomplete":false,"frames_truncated":false,"frame_count":389,"relevant_count":46,"identity_matched":46,"identity_rejected":0,"generation_mismatch":0,"pts_mismatch":0,"duration_invalid":0,"minimum_pts_ns":"7866666666","maximum_pts_ns":"9366666666","maximum_valid_end_ns":"9399999999"},"slice_state_counts":[14,2,0,0,0,0],"reason_counts":[0,2,0,0,14,0,0,0,0,0],"unknown_ranges":[{"start_ns":"8333333333","end_ns":"8333333334","reason":1},{"start_ns":"8333333333","end_ns":"9383000000","reason":1}]}
[selection-attempt] {"reference_sha256":"03d16a9d4a022a1c2fe7f995dc4e890e13e9e2e986cc438ccefa6e62ff5c9b87","attempt":10,"attempt_limit":121,"elapsed_ms":"4846","wait_ms":"60000","deadline_exhausted":false,"attempt_exhausted":false,"selection_complete":false,"expanded_start_ns":"7883000000","expanded_end_ns":"9383000000","source_count":1,"unknown_count":2,"sources_truncated":false,"unknown_truncated":false,"sources":[{"segment_id_sha256":"96f8cf2e7503511b9232525d5bf28541d9d9706310b0fe907dd6dc978e7e5512","media_epoch_id_sha256":"f34832e6d088af6c9770bfebe24757e2bb69e849f91d5047ca74cecb6eb62a3c","source_generation_sha256":"590646e0e1c8eeb18765fea59a126d27afa306312c44ba9a4dceb7f7e02b7136","track_id_sha256":"8f723894bdc60651fd533bc2bd6878d3e63f70c7d4979493128ab1e1525f2ac3","generation_order":"1","start_pts":"0","end_pts":"8333333333","time_base_num":1,"time_base_den":1000000000,"lifecycle":1,"deleted":false,"binding_present":true,"binding_valid":true,"available_for_selection":true}],"decoded":{"namespace_valid":true,"range_comparable":true,"incomplete":false,"frames_truncated":false,"frame_count":406,"relevant_count":46,"identity_matched":46,"identity_rejected":0,"generation_mismatch":0,"pts_mismatch":0,"duration_invalid":0,"minimum_pts_ns":"7866666666","maximum_pts_ns":"9366666666","maximum_valid_end_ns":"9399999999"},"slice_state_counts":[14,2,0,0,0,0],"reason_counts":[0,2,0,0,14,0,0,0,0,0],"unknown_ranges":[{"start_ns":"8333333333","end_ns":"8333333334","reason":1},{"start_ns":"8333333333","end_ns":"9383000000","reason":1}]}
[selection-attempt] {"reference_sha256":"2c37b723da068c4cc638f574aae351f457afc0ae222d8384f15d4b6233e07022","attempt":10,"attempt_limit":121,"elapsed_ms":"4867","wait_ms":"60000","deadline_exhausted":false,"attempt_exhausted":false,"selection_complete":false,"expanded_start_ns":"7883000000","expanded_end_ns":"9383000000","source_count":1,"unknown_count":2,"sources_truncated":false,"unknown_truncated":false,"sources":[{"segment_id_sha256":"96f8cf2e7503511b9232525d5bf28541d9d9706310b0fe907dd6dc978e7e5512","media_epoch_id_sha256":"f34832e6d088af6c9770bfebe24757e2bb69e849f91d5047ca74cecb6eb62a3c","source_generation_sha256":"590646e0e1c8eeb18765fea59a126d27afa306312c44ba9a4dceb7f7e02b7136","track_id_sha256":"8f723894bdc60651fd533bc2bd6878d3e63f70c7d4979493128ab1e1525f2ac3","generation_order":"1","start_pts":"0","end_pts":"8333333333","time_base_num":1,"time_base_den":1000000000,"lifecycle":1,"deleted":false,"binding_present":true,"binding_valid":true,"available_for_selection":true}],"decoded":{"namespace_valid":true,"range_comparable":true,"incomplete":false,"frames_truncated":false,"frame_count":406,"relevant_count":46,"identity_matched":46,"identity_rejected":0,"generation_mismatch":0,"pts_mismatch":0,"duration_invalid":0,"minimum_pts_ns":"7866666666","maximum_pts_ns":"9366666666","maximum_valid_end_ns":"9399999999"},"slice_state_counts":[14,2,0,0,0,0],"reason_counts":[0,2,0,0,14,0,0,0,0,0],"unknown_ranges":[{"start_ns":"8333333333","end_ns":"8333333334","reason":1},{"start_ns":"8333333333","end_ns":"9383000000","reason":1}]}
[selection-attempt] {"reference_sha256":"bc9d54fb48c92524c5a4b1caf90074e07276cc25ddbe7d17334cdf6695be7ba7","attempt":10,"attempt_limit":121,"elapsed_ms":"4892","wait_ms":"60000","deadline_exhausted":false,"attempt_exhausted":false,"selection_complete":false,"expanded_start_ns":"7883000000","expanded_end_ns":"9383000000","source_count":1,"unknown_count":2,"sources_truncated":false,"unknown_truncated":false,"sources":[{"segment_id_sha256":"96f8cf2e7503511b9232525d5bf28541d9d9706310b0fe907dd6dc978e7e5512","media_epoch_id_sha256":"f34832e6d088af6c9770bfebe24757e2bb69e849f91d5047ca74cecb6eb62a3c","source_generation_sha256":"590646e0e1c8eeb18765fea59a126d27afa306312c44ba9a4dceb7f7e02b7136","track_id_sha256":"8f723894bdc60651fd533bc2bd6878d3e63f70c7d4979493128ab1e1525f2ac3","generation_order":"1","start_pts":"0","end_pts":"8333333333","time_base_num":1,"time_base_den":1000000000,"lifecycle":1,"deleted":false,"binding_present":true,"binding_valid":true,"available_for_selection":true}],"decoded":{"namespace_valid":true,"range_comparable":true,"incomplete":false,"frames_truncated":false,"frame_count":406,"relevant_count":46,"identity_matched":46,"identity_rejected":0,"generation_mismatch":0,"pts_mismatch":0,"duration_invalid":0,"minimum_pts_ns":"7866666666","maximum_pts_ns":"9366666666","maximum_valid_end_ns":"9399999999"},"slice_state_counts":[14,2,0,0,0,0],"reason_counts":[0,2,0,0,14,0,0,0,0,0],"unknown_ranges":[{"start_ns":"8333333333","end_ns":"8333333334","reason":1},{"start_ns":"8333333333","end_ns":"9383000000","reason":1}]}
[selection-attempt] {"reference_sha256":"00f89f27765fadd149dbf219b831a1fa9efab6a55fbf3aacbb2814664ba2224c","attempt":10,"attempt_limit":121,"elapsed_ms":"4917","wait_ms":"60000","deadline_exhausted":false,"attempt_exhausted":false,"selection_complete":false,"expanded_start_ns":"7883000000","expanded_end_ns":"9383000000","source_count":1,"unknown_count":2,"sources_truncated":false,"unknown_truncated":false,"sources":[{"segment_id_sha256":"96f8cf2e7503511b9232525d5bf28541d9d9706310b0fe907dd6dc978e7e5512","media_epoch_id_sha256":"f34832e6d088af6c9770bfebe24757e2bb69e849f91d5047ca74cecb6eb62a3c","source_generation_sha256":"590646e0e1c8eeb18765fea59a126d27afa306312c44ba9a4dceb7f7e02b7136","track_id_sha256":"8f723894bdc60651fd533bc2bd6878d3e63f70c7d4979493128ab1e1525f2ac3","generation_order":"1","start_pts":"0","end_pts":"8333333333","time_base_num":1,"time_base_den":1000000000,"lifecycle":1,"deleted":false,"binding_present":true,"binding_valid":true,"available_for_selection":true}],"decoded":{"namespace_valid":true,"range_comparable":true,"incomplete":false,"frames_truncated":false,"frame_count":406,"relevant_count":46,"identity_matched":46,"identity_rejected":0,"generation_mismatch":0,"pts_mismatch":0,"duration_invalid":0,"minimum_pts_ns":"7866666666","maximum_pts_ns":"9366666666","maximum_valid_end_ns":"9399999999"},"slice_state_counts":[14,2,0,0,0,0],"reason_counts":[0,2,0,0,14,0,0,0,0,0],"unknown_ranges":[{"start_ns":"8333333333","end_ns":"8333333334","reason":1},{"start_ns":"8333333333","end_ns":"9383000000","reason":1}]}
[selection-attempt] {"reference_sha256":"03d16a9d4a022a1c2fe7f995dc4e890e13e9e2e986cc438ccefa6e62ff5c9b87","attempt":11,"attempt_limit":121,"elapsed_ms":"5374","wait_ms":"60000","deadline_exhausted":false,"attempt_exhausted":false,"selection_complete":false,"expanded_start_ns":"7883000000","expanded_end_ns":"9383000000","source_count":1,"unknown_count":2,"sources_truncated":false,"unknown_truncated":false,"sources":[{"segment_id_sha256":"96f8cf2e7503511b9232525d5bf28541d9d9706310b0fe907dd6dc978e7e5512","media_epoch_id_sha256":"f34832e6d088af6c9770bfebe24757e2bb69e849f91d5047ca74cecb6eb62a3c","source_generation_sha256":"590646e0e1c8eeb18765fea59a126d27afa306312c44ba9a4dceb7f7e02b7136","track_id_sha256":"8f723894bdc60651fd533bc2bd6878d3e63f70c7d4979493128ab1e1525f2ac3","generation_order":"1","start_pts":"0","end_pts":"8333333333","time_base_num":1,"time_base_den":1000000000,"lifecycle":1,"deleted":false,"binding_present":true,"binding_valid":true,"available_for_selection":true}],"decoded":{"namespace_valid":true,"range_comparable":true,"incomplete":false,"frames_truncated":false,"frame_count":419,"relevant_count":46,"identity_matched":46,"identity_rejected":0,"generation_mismatch":0,"pts_mismatch":0,"duration_invalid":0,"minimum_pts_ns":"7866666666","maximum_pts_ns":"9366666666","maximum_valid_end_ns":"9399999999"},"slice_state_counts":[14,2,0,0,0,0],"reason_counts":[0,2,0,0,14,0,0,0,0,0],"unknown_ranges":[{"start_ns":"8333333333","end_ns":"8333333334","reason":1},{"start_ns":"8333333333","end_ns":"9383000000","reason":1}]}
[selection-attempt] {"reference_sha256":"2c37b723da068c4cc638f574aae351f457afc0ae222d8384f15d4b6233e07022","attempt":11,"attempt_limit":121,"elapsed_ms":"5394","wait_ms":"60000","deadline_exhausted":false,"attempt_exhausted":false,"selection_complete":false,"expanded_start_ns":"7883000000","expanded_end_ns":"9383000000","source_count":1,"unknown_count":2,"sources_truncated":false,"unknown_truncated":false,"sources":[{"segment_id_sha256":"96f8cf2e7503511b9232525d5bf28541d9d9706310b0fe907dd6dc978e7e5512","media_epoch_id_sha256":"f34832e6d088af6c9770bfebe24757e2bb69e849f91d5047ca74cecb6eb62a3c","source_generation_sha256":"590646e0e1c8eeb18765fea59a126d27afa306312c44ba9a4dceb7f7e02b7136","track_id_sha256":"8f723894bdc60651fd533bc2bd6878d3e63f70c7d4979493128ab1e1525f2ac3","generation_order":"1","start_pts":"0","end_pts":"8333333333","time_base_num":1,"time_base_den":1000000000,"lifecycle":1,"deleted":false,"binding_present":true,"binding_valid":true,"available_for_selection":true}],"decoded":{"namespace_valid":true,"range_comparable":true,"incomplete":false,"frames_truncated":false,"frame_count":423,"relevant_count":46,"identity_matched":46,"identity_rejected":0,"generation_mismatch":0,"pts_mismatch":0,"duration_invalid":0,"minimum_pts_ns":"7866666666","maximum_pts_ns":"9366666666","maximum_valid_end_ns":"9399999999"},"slice_state_counts":[14,2,0,0,0,0],"reason_counts":[0,2,0,0,14,0,0,0,0,0],"unknown_ranges":[{"start_ns":"8333333333","end_ns":"8333333334","reason":1},{"start_ns":"8333333333","end_ns":"9383000000","reason":1}]}
[selection-attempt] {"reference_sha256":"bc9d54fb48c92524c5a4b1caf90074e07276cc25ddbe7d17334cdf6695be7ba7","attempt":11,"attempt_limit":121,"elapsed_ms":"5419","wait_ms":"60000","deadline_exhausted":false,"attempt_exhausted":false,"selection_complete":false,"expanded_start_ns":"7883000000","expanded_end_ns":"9383000000","source_count":1,"unknown_count":2,"sources_truncated":false,"unknown_truncated":false,"sources":[{"segment_id_sha256":"96f8cf2e7503511b9232525d5bf28541d9d9706310b0fe907dd6dc978e7e5512","media_epoch_id_sha256":"f34832e6d088af6c9770bfebe24757e2bb69e849f91d5047ca74cecb6eb62a3c","source_generation_sha256":"590646e0e1c8eeb18765fea59a126d27afa306312c44ba9a4dceb7f7e02b7136","track_id_sha256":"8f723894bdc60651fd533bc2bd6878d3e63f70c7d4979493128ab1e1525f2ac3","generation_order":"1","start_pts":"0","end_pts":"8333333333","time_base_num":1,"time_base_den":1000000000,"lifecycle":1,"deleted":false,"binding_present":true,"binding_valid":true,"available_for_selection":true}],"decoded":{"namespace_valid":true,"range_comparable":true,"incomplete":false,"frames_truncated":false,"frame_count":423,"relevant_count":46,"identity_matched":46,"identity_rejected":0,"generation_mismatch":0,"pts_mismatch":0,"duration_invalid":0,"minimum_pts_ns":"7866666666","maximum_pts_ns":"9366666666","maximum_valid_end_ns":"9399999999"},"slice_state_counts":[14,2,0,0,0,0],"reason_counts":[0,2,0,0,14,0,0,0,0,0],"unknown_ranges":[{"start_ns":"8333333333","end_ns":"8333333334","reason":1},{"start_ns":"8333333333","end_ns":"9383000000","reason":1}]}
[selection-attempt] {"reference_sha256":"00f89f27765fadd149dbf219b831a1fa9efab6a55fbf3aacbb2814664ba2224c","attempt":11,"attempt_limit":121,"elapsed_ms":"5444","wait_ms":"60000","deadline_exhausted":false,"attempt_exhausted":false,"selection_complete":false,"expanded_start_ns":"7883000000","expanded_end_ns":"9383000000","source_count":1,"unknown_count":2,"sources_truncated":false,"unknown_truncated":false,"sources":[{"segment_id_sha256":"96f8cf2e7503511b9232525d5bf28541d9d9706310b0fe907dd6dc978e7e5512","media_epoch_id_sha256":"f34832e6d088af6c9770bfebe24757e2bb69e849f91d5047ca74cecb6eb62a3c","source_generation_sha256":"590646e0e1c8eeb18765fea59a126d27afa306312c44ba9a4dceb7f7e02b7136","track_id_sha256":"8f723894bdc60651fd533bc2bd6878d3e63f70c7d4979493128ab1e1525f2ac3","generation_order":"1","start_pts":"0","end_pts":"8333333333","time_base_num":1,"time_base_den":1000000000,"lifecycle":1,"deleted":false,"binding_present":true,"binding_valid":true,"available_for_selection":true}],"decoded":{"namespace_valid":true,"range_comparable":true,"incomplete":false,"frames_truncated":false,"frame_count":423,"relevant_count":46,"identity_matched":46,"identity_rejected":0,"generation_mismatch":0,"pts_mismatch":0,"duration_invalid":0,"minimum_pts_ns":"7866666666","maximum_pts_ns":"9366666666","maximum_valid_end_ns":"9399999999"},"slice_state_counts":[14,2,0,0,0,0],"reason_counts":[0,2,0,0,14,0,0,0,0,0],"unknown_ranges":[{"start_ns":"8333333333","end_ns":"8333333334","reason":1},{"start_ns":"8333333333","end_ns":"9383000000","reason":1}]}
[selection-attempt] {"reference_sha256":"03d16a9d4a022a1c2fe7f995dc4e890e13e9e2e986cc438ccefa6e62ff5c9b87","attempt":12,"attempt_limit":121,"elapsed_ms":"5907","wait_ms":"60000","deadline_exhausted":false,"attempt_exhausted":false,"selection_complete":false,"expanded_start_ns":"7883000000","expanded_end_ns":"9383000000","source_count":1,"unknown_count":2,"sources_truncated":false,"unknown_truncated":false,"sources":[{"segment_id_sha256":"96f8cf2e7503511b9232525d5bf28541d9d9706310b0fe907dd6dc978e7e5512","media_epoch_id_sha256":"f34832e6d088af6c9770bfebe24757e2bb69e849f91d5047ca74cecb6eb62a3c","source_generation_sha256":"590646e0e1c8eeb18765fea59a126d27afa306312c44ba9a4dceb7f7e02b7136","track_id_sha256":"8f723894bdc60651fd533bc2bd6878d3e63f70c7d4979493128ab1e1525f2ac3","generation_order":"1","start_pts":"0","end_pts":"8333333333","time_base_num":1,"time_base_den":1000000000,"lifecycle":1,"deleted":false,"binding_present":true,"binding_valid":true,"available_for_selection":true}],"decoded":{"namespace_valid":true,"range_comparable":true,"incomplete":false,"frames_truncated":false,"frame_count":436,"relevant_count":46,"identity_matched":46,"identity_rejected":0,"generation_mismatch":0,"pts_mismatch":0,"duration_invalid":0,"minimum_pts_ns":"7866666666","maximum_pts_ns":"9366666666","maximum_valid_end_ns":"9399999999"},"slice_state_counts":[14,2,0,0,0,0],"reason_counts":[0,2,0,0,14,0,0,0,0,0],"unknown_ranges":[{"start_ns":"8333333333","end_ns":"8333333334","reason":1},{"start_ns":"8333333333","end_ns":"9383000000","reason":1}]}
[selection-attempt] {"reference_sha256":"2c37b723da068c4cc638f574aae351f457afc0ae222d8384f15d4b6233e07022","attempt":12,"attempt_limit":121,"elapsed_ms":"5928","wait_ms":"60000","deadline_exhausted":false,"attempt_exhausted":false,"selection_complete":false,"expanded_start_ns":"7883000000","expanded_end_ns":"9383000000","source_count":1,"unknown_count":2,"sources_truncated":false,"unknown_truncated":false,"sources":[{"segment_id_sha256":"96f8cf2e7503511b9232525d5bf28541d9d9706310b0fe907dd6dc978e7e5512","media_epoch_id_sha256":"f34832e6d088af6c9770bfebe24757e2bb69e849f91d5047ca74cecb6eb62a3c","source_generation_sha256":"590646e0e1c8eeb18765fea59a126d27afa306312c44ba9a4dceb7f7e02b7136","track_id_sha256":"8f723894bdc60651fd533bc2bd6878d3e63f70c7d4979493128ab1e1525f2ac3","generation_order":"1","start_pts":"0","end_pts":"8333333333","time_base_num":1,"time_base_den":1000000000,"lifecycle":1,"deleted":false,"binding_present":true,"binding_valid":true,"available_for_selection":true}],"decoded":{"namespace_valid":true,"range_comparable":true,"incomplete":false,"frames_truncated":false,"frame_count":436,"relevant_count":46,"identity_matched":46,"identity_rejected":0,"generation_mismatch":0,"pts_mismatch":0,"duration_invalid":0,"minimum_pts_ns":"7866666666","maximum_pts_ns":"9366666666","maximum_valid_end_ns":"9399999999"},"slice_state_counts":[14,2,0,0,0,0],"reason_counts":[0,2,0,0,14,0,0,0,0,0],"unknown_ranges":[{"start_ns":"8333333333","end_ns":"8333333334","reason":1},{"start_ns":"8333333333","end_ns":"9383000000","reason":1}]}
[selection-attempt] {"reference_sha256":"bc9d54fb48c92524c5a4b1caf90074e07276cc25ddbe7d17334cdf6695be7ba7","attempt":12,"attempt_limit":121,"elapsed_ms":"5952","wait_ms":"60000","deadline_exhausted":false,"attempt_exhausted":false,"selection_complete":false,"expanded_start_ns":"7883000000","expanded_end_ns":"9383000000","source_count":1,"unknown_count":2,"sources_truncated":false,"unknown_truncated":false,"sources":[{"segment_id_sha256":"96f8cf2e7503511b9232525d5bf28541d9d9706310b0fe907dd6dc978e7e5512","media_epoch_id_sha256":"f34832e6d088af6c9770bfebe24757e2bb69e849f91d5047ca74cecb6eb62a3c","source_generation_sha256":"590646e0e1c8eeb18765fea59a126d27afa306312c44ba9a4dceb7f7e02b7136","track_id_sha256":"8f723894bdc60651fd533bc2bd6878d3e63f70c7d4979493128ab1e1525f2ac3","generation_order":"1","start_pts":"0","end_pts":"8333333333","time_base_num":1,"time_base_den":1000000000,"lifecycle":1,"deleted":false,"binding_present":true,"binding_valid":true,"available_for_selection":true}],"decoded":{"namespace_valid":true,"range_comparable":true,"incomplete":false,"frames_truncated":false,"frame_count":440,"relevant_count":46,"identity_matched":46,"identity_rejected":0,"generation_mismatch":0,"pts_mismatch":0,"duration_invalid":0,"minimum_pts_ns":"7866666666","maximum_pts_ns":"9366666666","maximum_valid_end_ns":"9399999999"},"slice_state_counts":[14,2,0,0,0,0],"reason_counts":[0,2,0,0,14,0,0,0,0,0],"unknown_ranges":[{"start_ns":"8333333333","end_ns":"8333333334","reason":1},{"start_ns":"8333333333","end_ns":"9383000000","reason":1}]}
[selection-attempt] {"reference_sha256":"00f89f27765fadd149dbf219b831a1fa9efab6a55fbf3aacbb2814664ba2224c","attempt":12,"attempt_limit":121,"elapsed_ms":"5977","wait_ms":"60000","deadline_exhausted":false,"attempt_exhausted":false,"selection_complete":false,"expanded_start_ns":"7883000000","expanded_end_ns":"9383000000","source_count":1,"unknown_count":2,"sources_truncated":false,"unknown_truncated":false,"sources":[{"segment_id_sha256":"96f8cf2e7503511b9232525d5bf28541d9d9706310b0fe907dd6dc978e7e5512","media_epoch_id_sha256":"f34832e6d088af6c9770bfebe24757e2bb69e849f91d5047ca74cecb6eb62a3c","source_generation_sha256":"590646e0e1c8eeb18765fea59a126d27afa306312c44ba9a4dceb7f7e02b7136","track_id_sha256":"8f723894bdc60651fd533bc2bd6878d3e63f70c7d4979493128ab1e1525f2ac3","generation_order":"1","start_pts":"0","end_pts":"8333333333","time_base_num":1,"time_base_den":1000000000,"lifecycle":1,"deleted":false,"binding_present":true,"binding_valid":true,"available_for_selection":true}],"decoded":{"namespace_valid":true,"range_comparable":true,"incomplete":false,"frames_truncated":false,"frame_count":440,"relevant_count":46,"identity_matched":46,"identity_rejected":0,"generation_mismatch":0,"pts_mismatch":0,"duration_invalid":0,"minimum_pts_ns":"7866666666","maximum_pts_ns":"9366666666","maximum_valid_end_ns":"9399999999"},"slice_state_counts":[14,2,0,0,0,0],"reason_counts":[0,2,0,0,14,0,0,0,0,0],"unknown_ranges":[{"start_ns":"8333333333","end_ns":"8333333334","reason":1},{"start_ns":"8333333333","end_ns":"9383000000","reason":1}]}
[selection-attempt] {"reference_sha256":"03d16a9d4a022a1c2fe7f995dc4e890e13e9e2e986cc438ccefa6e62ff5c9b87","attempt":13,"attempt_limit":121,"elapsed_ms":"6441","wait_ms":"60000","deadline_exhausted":false,"attempt_exhausted":false,"selection_complete":false,"expanded_start_ns":"7883000000","expanded_end_ns":"9383000000","source_count":1,"unknown_count":2,"sources_truncated":false,"unknown_truncated":false,"sources":[{"segment_id_sha256":"96f8cf2e7503511b9232525d5bf28541d9d9706310b0fe907dd6dc978e7e5512","media_epoch_id_sha256":"f34832e6d088af6c9770bfebe24757e2bb69e849f91d5047ca74cecb6eb62a3c","source_generation_sha256":"590646e0e1c8eeb18765fea59a126d27afa306312c44ba9a4dceb7f7e02b7136","track_id_sha256":"8f723894bdc60651fd533bc2bd6878d3e63f70c7d4979493128ab1e1525f2ac3","generation_order":"1","start_pts":"0","end_pts":"8333333333","time_base_num":1,"time_base_den":1000000000,"lifecycle":1,"deleted":false,"binding_present":true,"binding_valid":true,"available_for_selection":true}],"decoded":{"namespace_valid":true,"range_comparable":true,"incomplete":false,"frames_truncated":false,"frame_count":453,"relevant_count":46,"identity_matched":46,"identity_rejected":0,"generation_mismatch":0,"pts_mismatch":0,"duration_invalid":0,"minimum_pts_ns":"7866666666","maximum_pts_ns":"9366666666","maximum_valid_end_ns":"9399999999"},"slice_state_counts":[14,2,0,0,0,0],"reason_counts":[0,2,0,0,14,0,0,0,0,0],"unknown_ranges":[{"start_ns":"8333333333","end_ns":"8333333334","reason":1},{"start_ns":"8333333333","end_ns":"9383000000","reason":1}]}
[selection-attempt] {"reference_sha256":"2c37b723da068c4cc638f574aae351f457afc0ae222d8384f15d4b6233e07022","attempt":13,"attempt_limit":121,"elapsed_ms":"6463","wait_ms":"60000","deadline_exhausted":false,"attempt_exhausted":false,"selection_complete":false,"expanded_start_ns":"7883000000","expanded_end_ns":"9383000000","source_count":1,"unknown_count":2,"sources_truncated":false,"unknown_truncated":false,"sources":[{"segment_id_sha256":"96f8cf2e7503511b9232525d5bf28541d9d9706310b0fe907dd6dc978e7e5512","media_epoch_id_sha256":"f34832e6d088af6c9770bfebe24757e2bb69e849f91d5047ca74cecb6eb62a3c","source_generation_sha256":"590646e0e1c8eeb18765fea59a126d27afa306312c44ba9a4dceb7f7e02b7136","track_id_sha256":"8f723894bdc60651fd533bc2bd6878d3e63f70c7d4979493128ab1e1525f2ac3","generation_order":"1","start_pts":"0","end_pts":"8333333333","time_base_num":1,"time_base_den":1000000000,"lifecycle":1,"deleted":false,"binding_present":true,"binding_valid":true,"available_for_selection":true}],"decoded":{"namespace_valid":true,"range_comparable":true,"incomplete":false,"frames_truncated":false,"frame_count":453,"relevant_count":46,"identity_matched":46,"identity_rejected":0,"generation_mismatch":0,"pts_mismatch":0,"duration_invalid":0,"minimum_pts_ns":"7866666666","maximum_pts_ns":"9366666666","maximum_valid_end_ns":"9399999999"},"slice_state_counts":[14,2,0,0,0,0],"reason_counts":[0,2,0,0,14,0,0,0,0,0],"unknown_ranges":[{"start_ns":"8333333333","end_ns":"8333333334","reason":1},{"start_ns":"8333333333","end_ns":"9383000000","reason":1}]}
[selection-attempt] {"reference_sha256":"bc9d54fb48c92524c5a4b1caf90074e07276cc25ddbe7d17334cdf6695be7ba7","attempt":13,"attempt_limit":121,"elapsed_ms":"6488","wait_ms":"60000","deadline_exhausted":false,"attempt_exhausted":false,"selection_complete":false,"expanded_start_ns":"7883000000","expanded_end_ns":"9383000000","source_count":1,"unknown_count":2,"sources_truncated":false,"unknown_truncated":false,"sources":[{"segment_id_sha256":"96f8cf2e7503511b9232525d5bf28541d9d9706310b0fe907dd6dc978e7e5512","media_epoch_id_sha256":"f34832e6d088af6c9770bfebe24757e2bb69e849f91d5047ca74cecb6eb62a3c","source_generation_sha256":"590646e0e1c8eeb18765fea59a126d27afa306312c44ba9a4dceb7f7e02b7136","track_id_sha256":"8f723894bdc60651fd533bc2bd6878d3e63f70c7d4979493128ab1e1525f2ac3","generation_order":"1","start_pts":"0","end_pts":"8333333333","time_base_num":1,"time_base_den":1000000000,"lifecycle":1,"deleted":false,"binding_present":true,"binding_valid":true,"available_for_selection":true}],"decoded":{"namespace_valid":true,"range_comparable":true,"incomplete":false,"frames_truncated":false,"frame_count":453,"relevant_count":46,"identity_matched":46,"identity_rejected":0,"generation_mismatch":0,"pts_mismatch":0,"duration_invalid":0,"minimum_pts_ns":"7866666666","maximum_pts_ns":"9366666666","maximum_valid_end_ns":"9399999999"},"slice_state_counts":[14,2,0,0,0,0],"reason_counts":[0,2,0,0,14,0,0,0,0,0],"unknown_ranges":[{"start_ns":"8333333333","end_ns":"8333333334","reason":1},{"start_ns":"8333333333","end_ns":"9383000000","reason":1}]}
[selection-attempt] {"reference_sha256":"00f89f27765fadd149dbf219b831a1fa9efab6a55fbf3aacbb2814664ba2224c","attempt":13,"attempt_limit":121,"elapsed_ms":"6513","wait_ms":"60000","deadline_exhausted":false,"attempt_exhausted":false,"selection_complete":false,"expanded_start_ns":"7883000000","expanded_end_ns":"9383000000","source_count":1,"unknown_count":2,"sources_truncated":false,"unknown_truncated":false,"sources":[{"segment_id_sha256":"96f8cf2e7503511b9232525d5bf28541d9d9706310b0fe907dd6dc978e7e5512","media_epoch_id_sha256":"f34832e6d088af6c9770bfebe24757e2bb69e849f91d5047ca74cecb6eb62a3c","source_generation_sha256":"590646e0e1c8eeb18765fea59a126d27afa306312c44ba9a4dceb7f7e02b7136","track_id_sha256":"8f723894bdc60651fd533bc2bd6878d3e63f70c7d4979493128ab1e1525f2ac3","generation_order":"1","start_pts":"0","end_pts":"8333333333","time_base_num":1,"time_base_den":1000000000,"lifecycle":1,"deleted":false,"binding_present":true,"binding_valid":true,"available_for_selection":true}],"decoded":{"namespace_valid":true,"range_comparable":true,"incomplete":false,"frames_truncated":false,"frame_count":453,"relevant_count":46,"identity_matched":46,"identity_rejected":0,"generation_mismatch":0,"pts_mismatch":0,"duration_invalid":0,"minimum_pts_ns":"7866666666","maximum_pts_ns":"9366666666","maximum_valid_end_ns":"9399999999"},"slice_state_counts":[14,2,0,0,0,0],"reason_counts":[0,2,0,0,14,0,0,0,0,0],"unknown_ranges":[{"start_ns":"8333333333","end_ns":"8333333334","reason":1},{"start_ns":"8333333333","end_ns":"9383000000","reason":1}]}
[selection-attempt] {"reference_sha256":"03d16a9d4a022a1c2fe7f995dc4e890e13e9e2e986cc438ccefa6e62ff5c9b87","attempt":14,"attempt_limit":121,"elapsed_ms":"6974","wait_ms":"60000","deadline_exhausted":false,"attempt_exhausted":false,"selection_complete":false,"expanded_start_ns":"7883000000","expanded_end_ns":"9383000000","source_count":1,"unknown_count":2,"sources_truncated":false,"unknown_truncated":false,"sources":[{"segment_id_sha256":"96f8cf2e7503511b9232525d5bf28541d9d9706310b0fe907dd6dc978e7e5512","media_epoch_id_sha256":"f34832e6d088af6c9770bfebe24757e2bb69e849f91d5047ca74cecb6eb62a3c","source_generation_sha256":"590646e0e1c8eeb18765fea59a126d27afa306312c44ba9a4dceb7f7e02b7136","track_id_sha256":"8f723894bdc60651fd533bc2bd6878d3e63f70c7d4979493128ab1e1525f2ac3","generation_order":"1","start_pts":"0","end_pts":"8333333333","time_base_num":1,"time_base_den":1000000000,"lifecycle":1,"deleted":false,"binding_present":true,"binding_valid":true,"available_for_selection":true}],"decoded":{"namespace_valid":true,"range_comparable":true,"incomplete":false,"frames_truncated":false,"frame_count":470,"relevant_count":46,"identity_matched":46,"identity_rejected":0,"generation_mismatch":0,"pts_mismatch":0,"duration_invalid":0,"minimum_pts_ns":"7866666666","maximum_pts_ns":"9366666666","maximum_valid_end_ns":"9399999999"},"slice_state_counts":[14,2,0,0,0,0],"reason_counts":[0,2,0,0,14,0,0,0,0,0],"unknown_ranges":[{"start_ns":"8333333333","end_ns":"8333333334","reason":1},{"start_ns":"8333333333","end_ns":"9383000000","reason":1}]}
[selection-attempt] {"reference_sha256":"2c37b723da068c4cc638f574aae351f457afc0ae222d8384f15d4b6233e07022","attempt":14,"attempt_limit":121,"elapsed_ms":"6996","wait_ms":"60000","deadline_exhausted":false,"attempt_exhausted":false,"selection_complete":false,"expanded_start_ns":"7883000000","expanded_end_ns":"9383000000","source_count":1,"unknown_count":2,"sources_truncated":false,"unknown_truncated":false,"sources":[{"segment_id_sha256":"96f8cf2e7503511b9232525d5bf28541d9d9706310b0fe907dd6dc978e7e5512","media_epoch_id_sha256":"f34832e6d088af6c9770bfebe24757e2bb69e849f91d5047ca74cecb6eb62a3c","source_generation_sha256":"590646e0e1c8eeb18765fea59a126d27afa306312c44ba9a4dceb7f7e02b7136","track_id_sha256":"8f723894bdc60651fd533bc2bd6878d3e63f70c7d4979493128ab1e1525f2ac3","generation_order":"1","start_pts":"0","end_pts":"8333333333","time_base_num":1,"time_base_den":1000000000,"lifecycle":1,"deleted":false,"binding_present":true,"binding_valid":true,"available_for_selection":true}],"decoded":{"namespace_valid":true,"range_comparable":true,"incomplete":false,"frames_truncated":false,"frame_count":470,"relevant_count":46,"identity_matched":46,"identity_rejected":0,"generation_mismatch":0,"pts_mismatch":0,"duration_invalid":0,"minimum_pts_ns":"7866666666","maximum_pts_ns":"9366666666","maximum_valid_end_ns":"9399999999"},"slice_state_counts":[14,2,0,0,0,0],"reason_counts":[0,2,0,0,14,0,0,0,0,0],"unknown_ranges":[{"start_ns":"8333333333","end_ns":"8333333334","reason":1},{"start_ns":"8333333333","end_ns":"9383000000","reason":1}]}
[selection-attempt] {"reference_sha256":"bc9d54fb48c92524c5a4b1caf90074e07276cc25ddbe7d17334cdf6695be7ba7","attempt":14,"attempt_limit":121,"elapsed_ms":"7023","wait_ms":"60000","deadline_exhausted":false,"attempt_exhausted":false,"selection_complete":false,"expanded_start_ns":"7883000000","expanded_end_ns":"9383000000","source_count":1,"unknown_count":2,"sources_truncated":false,"unknown_truncated":false,"sources":[{"segment_id_sha256":"96f8cf2e7503511b9232525d5bf28541d9d9706310b0fe907dd6dc978e7e5512","media_epoch_id_sha256":"f34832e6d088af6c9770bfebe24757e2bb69e849f91d5047ca74cecb6eb62a3c","source_generation_sha256":"590646e0e1c8eeb18765fea59a126d27afa306312c44ba9a4dceb7f7e02b7136","track_id_sha256":"8f723894bdc60651fd533bc2bd6878d3e63f70c7d4979493128ab1e1525f2ac3","generation_order":"1","start_pts":"0","end_pts":"8333333333","time_base_num":1,"time_base_den":1000000000,"lifecycle":1,"deleted":false,"binding_present":true,"binding_valid":true,"available_for_selection":true}],"decoded":{"namespace_valid":true,"range_comparable":true,"incomplete":false,"frames_truncated":false,"frame_count":470,"relevant_count":46,"identity_matched":46,"identity_rejected":0,"generation_mismatch":0,"pts_mismatch":0,"duration_invalid":0,"minimum_pts_ns":"7866666666","maximum_pts_ns":"9366666666","maximum_valid_end_ns":"9399999999"},"slice_state_counts":[14,2,0,0,0,0],"reason_counts":[0,2,0,0,14,0,0,0,0,0],"unknown_ranges":[{"start_ns":"8333333333","end_ns":"8333333334","reason":1},{"start_ns":"8333333333","end_ns":"9383000000","reason":1}]}
[selection-attempt] {"reference_sha256":"00f89f27765fadd149dbf219b831a1fa9efab6a55fbf3aacbb2814664ba2224c","attempt":14,"attempt_limit":121,"elapsed_ms":"7049","wait_ms":"60000","deadline_exhausted":false,"attempt_exhausted":false,"selection_complete":false,"expanded_start_ns":"7883000000","expanded_end_ns":"9383000000","source_count":1,"unknown_count":2,"sources_truncated":false,"unknown_truncated":false,"sources":[{"segment_id_sha256":"96f8cf2e7503511b9232525d5bf28541d9d9706310b0fe907dd6dc978e7e5512","media_epoch_id_sha256":"f34832e6d088af6c9770bfebe24757e2bb69e849f91d5047ca74cecb6eb62a3c","source_generation_sha256":"590646e0e1c8eeb18765fea59a126d27afa306312c44ba9a4dceb7f7e02b7136","track_id_sha256":"8f723894bdc60651fd533bc2bd6878d3e63f70c7d4979493128ab1e1525f2ac3","generation_order":"1","start_pts":"0","end_pts":"8333333333","time_base_num":1,"time_base_den":1000000000,"lifecycle":1,"deleted":false,"binding_present":true,"binding_valid":true,"available_for_selection":true}],"decoded":{"namespace_valid":true,"range_comparable":true,"incomplete":false,"frames_truncated":false,"frame_count":470,"relevant_count":46,"identity_matched":46,"identity_rejected":0,"generation_mismatch":0,"pts_mismatch":0,"duration_invalid":0,"minimum_pts_ns":"7866666666","maximum_pts_ns":"9366666666","maximum_valid_end_ns":"9399999999"},"slice_state_counts":[14,2,0,0,0,0],"reason_counts":[0,2,0,0,14,0,0,0,0,0],"unknown_ranges":[{"start_ns":"8333333333","end_ns":"8333333334","reason":1},{"start_ns":"8333333333","end_ns":"9383000000","reason":1}]}
[selection-attempt] {"reference_sha256":"03d16a9d4a022a1c2fe7f995dc4e890e13e9e2e986cc438ccefa6e62ff5c9b87","attempt":15,"attempt_limit":121,"elapsed_ms":"7509","wait_ms":"60000","deadline_exhausted":false,"attempt_exhausted":false,"selection_complete":false,"expanded_start_ns":"7883000000","expanded_end_ns":"9383000000","source_count":1,"unknown_count":2,"sources_truncated":false,"unknown_truncated":false,"sources":[{"segment_id_sha256":"96f8cf2e7503511b9232525d5bf28541d9d9706310b0fe907dd6dc978e7e5512","media_epoch_id_sha256":"f34832e6d088af6c9770bfebe24757e2bb69e849f91d5047ca74cecb6eb62a3c","source_generation_sha256":"590646e0e1c8eeb18765fea59a126d27afa306312c44ba9a4dceb7f7e02b7136","track_id_sha256":"8f723894bdc60651fd533bc2bd6878d3e63f70c7d4979493128ab1e1525f2ac3","generation_order":"1","start_pts":"0","end_pts":"8333333333","time_base_num":1,"time_base_den":1000000000,"lifecycle":1,"deleted":false,"binding_present":true,"binding_valid":true,"available_for_selection":true}],"decoded":{"namespace_valid":true,"range_comparable":true,"incomplete":false,"frames_truncated":false,"frame_count":486,"relevant_count":46,"identity_matched":46,"identity_rejected":0,"generation_mismatch":0,"pts_mismatch":0,"duration_invalid":0,"minimum_pts_ns":"7866666666","maximum_pts_ns":"9366666666","maximum_valid_end_ns":"9399999999"},"slice_state_counts":[14,2,0,0,0,0],"reason_counts":[0,2,0,0,14,0,0,0,0,0],"unknown_ranges":[{"start_ns":"8333333333","end_ns":"8333333334","reason":1},{"start_ns":"8333333333","end_ns":"9383000000","reason":1}]}
[selection-attempt] {"reference_sha256":"2c37b723da068c4cc638f574aae351f457afc0ae222d8384f15d4b6233e07022","attempt":15,"attempt_limit":121,"elapsed_ms":"7530","wait_ms":"60000","deadline_exhausted":false,"attempt_exhausted":false,"selection_complete":false,"expanded_start_ns":"7883000000","expanded_end_ns":"9383000000","source_count":1,"unknown_count":2,"sources_truncated":false,"unknown_truncated":false,"sources":[{"segment_id_sha256":"96f8cf2e7503511b9232525d5bf28541d9d9706310b0fe907dd6dc978e7e5512","media_epoch_id_sha256":"f34832e6d088af6c9770bfebe24757e2bb69e849f91d5047ca74cecb6eb62a3c","source_generation_sha256":"590646e0e1c8eeb18765fea59a126d27afa306312c44ba9a4dceb7f7e02b7136","track_id_sha256":"8f723894bdc60651fd533bc2bd6878d3e63f70c7d4979493128ab1e1525f2ac3","generation_order":"1","start_pts":"0","end_pts":"8333333333","time_base_num":1,"time_base_den":1000000000,"lifecycle":1,"deleted":false,"binding_present":true,"binding_valid":true,"available_for_selection":true}],"decoded":{"namespace_valid":true,"range_comparable":true,"incomplete":false,"frames_truncated":false,"frame_count":486,"relevant_count":46,"identity_matched":46,"identity_rejected":0,"generation_mismatch":0,"pts_mismatch":0,"duration_invalid":0,"minimum_pts_ns":"7866666666","maximum_pts_ns":"9366666666","maximum_valid_end_ns":"9399999999"},"slice_state_counts":[14,2,0,0,0,0],"reason_counts":[0,2,0,0,14,0,0,0,0,0],"unknown_ranges":[{"start_ns":"8333333333","end_ns":"8333333334","reason":1},{"start_ns":"8333333333","end_ns":"9383000000","reason":1}]}
[selection-attempt] {"reference_sha256":"bc9d54fb48c92524c5a4b1caf90074e07276cc25ddbe7d17334cdf6695be7ba7","attempt":15,"attempt_limit":121,"elapsed_ms":"7555","wait_ms":"60000","deadline_exhausted":false,"attempt_exhausted":false,"selection_complete":false,"expanded_start_ns":"7883000000","expanded_end_ns":"9383000000","source_count":1,"unknown_count":2,"sources_truncated":false,"unknown_truncated":false,"sources":[{"segment_id_sha256":"96f8cf2e7503511b9232525d5bf28541d9d9706310b0fe907dd6dc978e7e5512","media_epoch_id_sha256":"f34832e6d088af6c9770bfebe24757e2bb69e849f91d5047ca74cecb6eb62a3c","source_generation_sha256":"590646e0e1c8eeb18765fea59a126d27afa306312c44ba9a4dceb7f7e02b7136","track_id_sha256":"8f723894bdc60651fd533bc2bd6878d3e63f70c7d4979493128ab1e1525f2ac3","generation_order":"1","start_pts":"0","end_pts":"8333333333","time_base_num":1,"time_base_den":1000000000,"lifecycle":1,"deleted":false,"binding_present":true,"binding_valid":true,"available_for_selection":true}],"decoded":{"namespace_valid":true,"range_comparable":true,"incomplete":false,"frames_truncated":false,"frame_count":486,"relevant_count":46,"identity_matched":46,"identity_rejected":0,"generation_mismatch":0,"pts_mismatch":0,"duration_invalid":0,"minimum_pts_ns":"7866666666","maximum_pts_ns":"9366666666","maximum_valid_end_ns":"9399999999"},"slice_state_counts":[14,2,0,0,0,0],"reason_counts":[0,2,0,0,14,0,0,0,0,0],"unknown_ranges":[{"start_ns":"8333333333","end_ns":"8333333334","reason":1},{"start_ns":"8333333333","end_ns":"9383000000","reason":1}]}
[selection-attempt] {"reference_sha256":"00f89f27765fadd149dbf219b831a1fa9efab6a55fbf3aacbb2814664ba2224c","attempt":15,"attempt_limit":121,"elapsed_ms":"7581","wait_ms":"60000","deadline_exhausted":false,"attempt_exhausted":false,"selection_complete":false,"expanded_start_ns":"7883000000","expanded_end_ns":"9383000000","source_count":1,"unknown_count":2,"sources_truncated":false,"unknown_truncated":false,"sources":[{"segment_id_sha256":"96f8cf2e7503511b9232525d5bf28541d9d9706310b0fe907dd6dc978e7e5512","media_epoch_id_sha256":"f34832e6d088af6c9770bfebe24757e2bb69e849f91d5047ca74cecb6eb62a3c","source_generation_sha256":"590646e0e1c8eeb18765fea59a126d27afa306312c44ba9a4dceb7f7e02b7136","track_id_sha256":"8f723894bdc60651fd533bc2bd6878d3e63f70c7d4979493128ab1e1525f2ac3","generation_order":"1","start_pts":"0","end_pts":"8333333333","time_base_num":1,"time_base_den":1000000000,"lifecycle":1,"deleted":false,"binding_present":true,"binding_valid":true,"available_for_selection":true}],"decoded":{"namespace_valid":true,"range_comparable":true,"incomplete":false,"frames_truncated":false,"frame_count":486,"relevant_count":46,"identity_matched":46,"identity_rejected":0,"generation_mismatch":0,"pts_mismatch":0,"duration_invalid":0,"minimum_pts_ns":"7866666666","maximum_pts_ns":"9366666666","maximum_valid_end_ns":"9399999999"},"slice_state_counts":[14,2,0,0,0,0],"reason_counts":[0,2,0,0,14,0,0,0,0,0],"unknown_ranges":[{"start_ns":"8333333333","end_ns":"8333333334","reason":1},{"start_ns":"8333333333","end_ns":"9383000000","reason":1}]}
[selection-attempt] {"reference_sha256":"03d16a9d4a022a1c2fe7f995dc4e890e13e9e2e986cc438ccefa6e62ff5c9b87","attempt":16,"attempt_limit":121,"elapsed_ms":"8042","wait_ms":"60000","deadline_exhausted":false,"attempt_exhausted":false,"selection_complete":false,"expanded_start_ns":"7883000000","expanded_end_ns":"9383000000","source_count":1,"unknown_count":2,"sources_truncated":false,"unknown_truncated":false,"sources":[{"segment_id_sha256":"96f8cf2e7503511b9232525d5bf28541d9d9706310b0fe907dd6dc978e7e5512","media_epoch_id_sha256":"f34832e6d088af6c9770bfebe24757e2bb69e849f91d5047ca74cecb6eb62a3c","source_generation_sha256":"590646e0e1c8eeb18765fea59a126d27afa306312c44ba9a4dceb7f7e02b7136","track_id_sha256":"8f723894bdc60651fd533bc2bd6878d3e63f70c7d4979493128ab1e1525f2ac3","generation_order":"1","start_pts":"0","end_pts":"8333333333","time_base_num":1,"time_base_den":1000000000,"lifecycle":1,"deleted":false,"binding_present":true,"binding_valid":true,"available_for_selection":true}],"decoded":{"namespace_valid":true,"range_comparable":true,"incomplete":false,"frames_truncated":false,"frame_count":502,"relevant_count":46,"identity_matched":46,"identity_rejected":0,"generation_mismatch":0,"pts_mismatch":0,"duration_invalid":0,"minimum_pts_ns":"7866666666","maximum_pts_ns":"9366666666","maximum_valid_end_ns":"9399999999"},"slice_state_counts":[14,2,0,0,0,0],"reason_counts":[0,2,0,0,14,0,0,0,0,0],"unknown_ranges":[{"start_ns":"8333333333","end_ns":"8333333334","reason":1},{"start_ns":"8333333333","end_ns":"9383000000","reason":1}]}
[selection-attempt] {"reference_sha256":"2c37b723da068c4cc638f574aae351f457afc0ae222d8384f15d4b6233e07022","attempt":16,"attempt_limit":121,"elapsed_ms":"8064","wait_ms":"60000","deadline_exhausted":false,"attempt_exhausted":false,"selection_complete":false,"expanded_start_ns":"7883000000","expanded_end_ns":"9383000000","source_count":1,"unknown_count":2,"sources_truncated":false,"unknown_truncated":false,"sources":[{"segment_id_sha256":"96f8cf2e7503511b9232525d5bf28541d9d9706310b0fe907dd6dc978e7e5512","media_epoch_id_sha256":"f34832e6d088af6c9770bfebe24757e2bb69e849f91d5047ca74cecb6eb62a3c","source_generation_sha256":"590646e0e1c8eeb18765fea59a126d27afa306312c44ba9a4dceb7f7e02b7136","track_id_sha256":"8f723894bdc60651fd533bc2bd6878d3e63f70c7d4979493128ab1e1525f2ac3","generation_order":"1","start_pts":"0","end_pts":"8333333333","time_base_num":1,"time_base_den":1000000000,"lifecycle":1,"deleted":false,"binding_present":true,"binding_valid":true,"available_for_selection":true}],"decoded":{"namespace_valid":true,"range_comparable":true,"incomplete":false,"frames_truncated":false,"frame_count":502,"relevant_count":46,"identity_matched":46,"identity_rejected":0,"generation_mismatch":0,"pts_mismatch":0,"duration_invalid":0,"minimum_pts_ns":"7866666666","maximum_pts_ns":"9366666666","maximum_valid_end_ns":"9399999999"},"slice_state_counts":[14,2,0,0,0,0],"reason_counts":[0,2,0,0,14,0,0,0,0,0],"unknown_ranges":[{"start_ns":"8333333333","end_ns":"8333333334","reason":1},{"start_ns":"8333333333","end_ns":"9383000000","reason":1}]}
[selection-attempt] {"reference_sha256":"bc9d54fb48c92524c5a4b1caf90074e07276cc25ddbe7d17334cdf6695be7ba7","attempt":16,"attempt_limit":121,"elapsed_ms":"8089","wait_ms":"60000","deadline_exhausted":false,"attempt_exhausted":false,"selection_complete":false,"expanded_start_ns":"7883000000","expanded_end_ns":"9383000000","source_count":1,"unknown_count":2,"sources_truncated":false,"unknown_truncated":false,"sources":[{"segment_id_sha256":"96f8cf2e7503511b9232525d5bf28541d9d9706310b0fe907dd6dc978e7e5512","media_epoch_id_sha256":"f34832e6d088af6c9770bfebe24757e2bb69e849f91d5047ca74cecb6eb62a3c","source_generation_sha256":"590646e0e1c8eeb18765fea59a126d27afa306312c44ba9a4dceb7f7e02b7136","track_id_sha256":"8f723894bdc60651fd533bc2bd6878d3e63f70c7d4979493128ab1e1525f2ac3","generation_order":"1","start_pts":"0","end_pts":"8333333333","time_base_num":1,"time_base_den":1000000000,"lifecycle":1,"deleted":false,"binding_present":true,"binding_valid":true,"available_for_selection":true}],"decoded":{"namespace_valid":true,"range_comparable":true,"incomplete":false,"frames_truncated":false,"frame_count":502,"relevant_count":46,"identity_matched":46,"identity_rejected":0,"generation_mismatch":0,"pts_mismatch":0,"duration_invalid":0,"minimum_pts_ns":"7866666666","maximum_pts_ns":"9366666666","maximum_valid_end_ns":"9399999999"},"slice_state_counts":[14,2,0,0,0,0],"reason_counts":[0,2,0,0,14,0,0,0,0,0],"unknown_ranges":[{"start_ns":"8333333333","end_ns":"8333333334","reason":1},{"start_ns":"8333333333","end_ns":"9383000000","reason":1}]}
[selection-attempt] {"reference_sha256":"00f89f27765fadd149dbf219b831a1fa9efab6a55fbf3aacbb2814664ba2224c","attempt":16,"attempt_limit":121,"elapsed_ms":"8114","wait_ms":"60000","deadline_exhausted":false,"attempt_exhausted":false,"selection_complete":false,"expanded_start_ns":"7883000000","expanded_end_ns":"9383000000","source_count":1,"unknown_count":2,"sources_truncated":false,"unknown_truncated":false,"sources":[{"segment_id_sha256":"96f8cf2e7503511b9232525d5bf28541d9d9706310b0fe907dd6dc978e7e5512","media_epoch_id_sha256":"f34832e6d088af6c9770bfebe24757e2bb69e849f91d5047ca74cecb6eb62a3c","source_generation_sha256":"590646e0e1c8eeb18765fea59a126d27afa306312c44ba9a4dceb7f7e02b7136","track_id_sha256":"8f723894bdc60651fd533bc2bd6878d3e63f70c7d4979493128ab1e1525f2ac3","generation_order":"1","start_pts":"0","end_pts":"8333333333","time_base_num":1,"time_base_den":1000000000,"lifecycle":1,"deleted":false,"binding_present":true,"binding_valid":true,"available_for_selection":true}],"decoded":{"namespace_valid":true,"range_comparable":true,"incomplete":false,"frames_truncated":false,"frame_count":502,"relevant_count":46,"identity_matched":46,"identity_rejected":0,"generation_mismatch":0,"pts_mismatch":0,"duration_invalid":0,"minimum_pts_ns":"7866666666","maximum_pts_ns":"9366666666","maximum_valid_end_ns":"9399999999"},"slice_state_counts":[14,2,0,0,0,0],"reason_counts":[0,2,0,0,14,0,0,0,0,0],"unknown_ranges":[{"start_ns":"8333333333","end_ns":"8333333334","reason":1},{"start_ns":"8333333333","end_ns":"9383000000","reason":1}]}
[selection-attempt] {"reference_sha256":"03d16a9d4a022a1c2fe7f995dc4e890e13e9e2e986cc438ccefa6e62ff5c9b87","attempt":17,"attempt_limit":9,"elapsed_ms":"8600","wait_ms":"3750","deadline_exhausted":true,"attempt_exhausted":true,"selection_complete":true,"expanded_start_ns":"7883000000","expanded_end_ns":"9383000000","source_count":2,"unknown_count":0,"sources_truncated":false,"unknown_truncated":false,"sources":[{"segment_id_sha256":"96f8cf2e7503511b9232525d5bf28541d9d9706310b0fe907dd6dc978e7e5512","media_epoch_id_sha256":"f34832e6d088af6c9770bfebe24757e2bb69e849f91d5047ca74cecb6eb62a3c","source_generation_sha256":"590646e0e1c8eeb18765fea59a126d27afa306312c44ba9a4dceb7f7e02b7136","track_id_sha256":"8f723894bdc60651fd533bc2bd6878d3e63f70c7d4979493128ab1e1525f2ac3","generation_order":"1","start_pts":"0","end_pts":"8333333333","time_base_num":1,"time_base_den":1000000000,"lifecycle":1,"deleted":false,"binding_present":true,"binding_valid":true,"available_for_selection":true},{"segment_id_sha256":"5f2fd3efc8b3119d987e3cdfb4bd81d1daceb8475bd8920db89bab87ed214efe","media_epoch_id_sha256":"f34832e6d088af6c9770bfebe24757e2bb69e849f91d5047ca74cecb6eb62a3c","source_generation_sha256":"590646e0e1c8eeb18765fea59a126d27afa306312c44ba9a4dceb7f7e02b7136","track_id_sha256":"8f723894bdc60651fd533bc2bd6878d3e63f70c7d4979493128ab1e1525f2ac3","generation_order":"1","start_pts":"8333333333","end_pts":"16666666666","time_base_num":1,"time_base_den":1000000000,"lifecycle":1,"deleted":false,"binding_present":true,"binding_valid":true,"available_for_selection":true}],"decoded":{"namespace_valid":true,"range_comparable":true,"incomplete":false,"frames_truncated":false,"frame_count":515,"relevant_count":46,"identity_matched":46,"identity_rejected":0,"generation_mismatch":0,"pts_mismatch":0,"duration_invalid":0,"minimum_pts_ns":"7866666666","maximum_pts_ns":"9366666666","maximum_valid_end_ns":"9399999999"},"slice_state_counts":[47,0,0,0,0,0],"reason_counts":[0,0,0,0,47,0,0,0,0,0],"unknown_ranges":[]}
[selection-attempt] {"reference_sha256":"2c37b723da068c4cc638f574aae351f457afc0ae222d8384f15d4b6233e07022","attempt":17,"attempt_limit":9,"elapsed_ms":"8906","wait_ms":"3750","deadline_exhausted":true,"attempt_exhausted":true,"selection_complete":true,"expanded_start_ns":"7883000000","expanded_end_ns":"9383000000","source_count":2,"unknown_count":0,"sources_truncated":false,"unknown_truncated":false,"sources":[{"segment_id_sha256":"96f8cf2e7503511b9232525d5bf28541d9d9706310b0fe907dd6dc978e7e5512","media_epoch_id_sha256":"f34832e6d088af6c9770bfebe24757e2bb69e849f91d5047ca74cecb6eb62a3c","source_generation_sha256":"590646e0e1c8eeb18765fea59a126d27afa306312c44ba9a4dceb7f7e02b7136","track_id_sha256":"8f723894bdc60651fd533bc2bd6878d3e63f70c7d4979493128ab1e1525f2ac3","generation_order":"1","start_pts":"0","end_pts":"8333333333","time_base_num":1,"time_base_den":1000000000,"lifecycle":1,"deleted":false,"binding_present":true,"binding_valid":true,"available_for_selection":true},{"segment_id_sha256":"5f2fd3efc8b3119d987e3cdfb4bd81d1daceb8475bd8920db89bab87ed214efe","media_epoch_id_sha256":"f34832e6d088af6c9770bfebe24757e2bb69e849f91d5047ca74cecb6eb62a3c","source_generation_sha256":"590646e0e1c8eeb18765fea59a126d27afa306312c44ba9a4dceb7f7e02b7136","track_id_sha256":"8f723894bdc60651fd533bc2bd6878d3e63f70c7d4979493128ab1e1525f2ac3","generation_order":"1","start_pts":"8333333333","end_pts":"16666666666","time_base_num":1,"time_base_den":1000000000,"lifecycle":1,"deleted":false,"binding_present":true,"binding_valid":true,"available_for_selection":true}],"decoded":{"namespace_valid":true,"range_comparable":true,"incomplete":false,"frames_truncated":false,"frame_count":523,"relevant_count":46,"identity_matched":46,"identity_rejected":0,"generation_mismatch":0,"pts_mismatch":0,"duration_invalid":0,"minimum_pts_ns":"7866666666","maximum_pts_ns":"9366666666","maximum_valid_end_ns":"9399999999"},"slice_state_counts":[47,0,0,0,0,0],"reason_counts":[0,0,0,0,47,0,0,0,0,0],"unknown_ranges":[]}
[selection-attempt] {"reference_sha256":"bc9d54fb48c92524c5a4b1caf90074e07276cc25ddbe7d17334cdf6695be7ba7","attempt":17,"attempt_limit":9,"elapsed_ms":"9340","wait_ms":"3750","deadline_exhausted":true,"attempt_exhausted":true,"selection_complete":true,"expanded_start_ns":"7883000000","expanded_end_ns":"9383000000","source_count":2,"unknown_count":0,"sources_truncated":false,"unknown_truncated":false,"sources":[{"segment_id_sha256":"96f8cf2e7503511b9232525d5bf28541d9d9706310b0fe907dd6dc978e7e5512","media_epoch_id_sha256":"f34832e6d088af6c9770bfebe24757e2bb69e849f91d5047ca74cecb6eb62a3c","source_generation_sha256":"590646e0e1c8eeb18765fea59a126d27afa306312c44ba9a4dceb7f7e02b7136","track_id_sha256":"8f723894bdc60651fd533bc2bd6878d3e63f70c7d4979493128ab1e1525f2ac3","generation_order":"1","start_pts":"0","end_pts":"8333333333","time_base_num":1,"time_base_den":1000000000,"lifecycle":1,"deleted":false,"binding_present":true,"binding_valid":true,"available_for_selection":true},{"segment_id_sha256":"5f2fd3efc8b3119d987e3cdfb4bd81d1daceb8475bd8920db89bab87ed214efe","media_epoch_id_sha256":"f34832e6d088af6c9770bfebe24757e2bb69e849f91d5047ca74cecb6eb62a3c","source_generation_sha256":"590646e0e1c8eeb18765fea59a126d27afa306312c44ba9a4dceb7f7e02b7136","track_id_sha256":"8f723894bdc60651fd533bc2bd6878d3e63f70c7d4979493128ab1e1525f2ac3","generation_order":"1","start_pts":"8333333333","end_pts":"16666666666","time_base_num":1,"time_base_den":1000000000,"lifecycle":1,"deleted":false,"binding_present":true,"binding_valid":true,"available_for_selection":true}],"decoded":{"namespace_valid":true,"range_comparable":true,"incomplete":false,"frames_truncated":false,"frame_count":536,"relevant_count":46,"identity_matched":46,"identity_rejected":0,"generation_mismatch":0,"pts_mismatch":0,"duration_invalid":0,"minimum_pts_ns":"7866666666","maximum_pts_ns":"9366666666","maximum_valid_end_ns":"9399999999"},"slice_state_counts":[47,0,0,0,0,0],"reason_counts":[0,0,0,0,47,0,0,0,0,0],"unknown_ranges":[]}
[selection-attempt] {"reference_sha256":"00f89f27765fadd149dbf219b831a1fa9efab6a55fbf3aacbb2814664ba2224c","attempt":17,"attempt_limit":9,"elapsed_ms":"9696","wait_ms":"3750","deadline_exhausted":true,"attempt_exhausted":true,"selection_complete":true,"expanded_start_ns":"7883000000","expanded_end_ns":"9383000000","source_count":2,"unknown_count":0,"sources_truncated":false,"unknown_truncated":false,"sources":[{"segment_id_sha256":"96f8cf2e7503511b9232525d5bf28541d9d9706310b0fe907dd6dc978e7e5512","media_epoch_id_sha256":"f34832e6d088af6c9770bfebe24757e2bb69e849f91d5047ca74cecb6eb62a3c","source_generation_sha256":"590646e0e1c8eeb18765fea59a126d27afa306312c44ba9a4dceb7f7e02b7136","track_id_sha256":"8f723894bdc60651fd533bc2bd6878d3e63f70c7d4979493128ab1e1525f2ac3","generation_order":"1","start_pts":"0","end_pts":"8333333333","time_base_num":1,"time_base_den":1000000000,"lifecycle":1,"deleted":false,"binding_present":true,"binding_valid":true,"available_for_selection":true},{"segment_id_sha256":"5f2fd3efc8b3119d987e3cdfb4bd81d1daceb8475bd8920db89bab87ed214efe","media_epoch_id_sha256":"f34832e6d088af6c9770bfebe24757e2bb69e849f91d5047ca74cecb6eb62a3c","source_generation_sha256":"590646e0e1c8eeb18765fea59a126d27afa306312c44ba9a4dceb7f7e02b7136","track_id_sha256":"8f723894bdc60651fd533bc2bd6878d3e63f70c7d4979493128ab1e1525f2ac3","generation_order":"1","start_pts":"8333333333","end_pts":"16666666666","time_base_num":1,"time_base_den":1000000000,"lifecycle":1,"deleted":false,"binding_present":true,"binding_valid":true,"available_for_selection":true}],"decoded":{"namespace_valid":true,"range_comparable":true,"incomplete":false,"frames_truncated":false,"frame_count":550,"relevant_count":46,"identity_matched":46,"identity_rejected":0,"generation_mismatch":0,"pts_mismatch":0,"duration_invalid":0,"minimum_pts_ns":"7866666666","maximum_pts_ns":"9366666666","maximum_valid_end_ns":"9399999999"},"slice_state_counts":[47,0,0,0,0,0],"reason_counts":[0,0,0,0,47,0,0,0,0,0],"unknown_ranges":[]}
[completion-event] {"processOrdinal":1,"v":1,"event":10,"begin":"1123880750","end":"1123881875","thread":4,"request":1,"reference":null,"job":null,"n":0,"x":0,"y":0}
[completion-event] {"processOrdinal":1,"v":1,"event":11,"begin":"1123881875","end":"1123884000","thread":4,"request":1,"reference":null,"job":null,"n":0,"x":0,"y":0}
[completion-event] {"processOrdinal":1,"v":1,"event":12,"begin":"1123884000","end":"1123886500","thread":4,"request":1,"reference":null,"job":null,"n":0,"x":0,"y":0}
[completion-event] {"processOrdinal":1,"v":1,"event":13,"begin":"1123886500","end":"1123887917","thread":4,"request":1,"reference":null,"job":null,"n":0,"x":0,"y":100}
[completion-event] {"processOrdinal":1,"v":1,"event":10,"begin":"1229047000","end":"1229047250","thread":5,"request":2,"reference":null,"job":null,"n":0,"x":0,"y":0}
[completion-event] {"processOrdinal":1,"v":1,"event":11,"begin":"1229047250","end":"1229049042","thread":5,"request":2,"reference":null,"job":null,"n":0,"x":0,"y":0}
[completion-event] {"processOrdinal":1,"v":1,"event":12,"begin":"1229049042","end":"1229050250","thread":5,"request":2,"reference":null,"job":null,"n":0,"x":0,"y":0}
[completion-event] {"processOrdinal":1,"v":1,"event":13,"begin":"1229050250","end":"1229051250","thread":5,"request":2,"reference":null,"job":null,"n":0,"x":0,"y":100}
[completion-event] {"processOrdinal":1,"v":1,"event":10,"begin":"1334148625","end":"1334148792","thread":7,"request":3,"reference":null,"job":null,"n":0,"x":0,"y":0}
[completion-event] {"processOrdinal":1,"v":1,"event":11,"begin":"1334148792","end":"1334150667","thread":7,"request":3,"reference":null,"job":null,"n":0,"x":0,"y":0}
[completion-event] {"processOrdinal":1,"v":1,"event":12,"begin":"1334150667","end":"1334152167","thread":7,"request":3,"reference":null,"job":null,"n":0,"x":0,"y":0}
[completion-event] {"processOrdinal":1,"v":1,"event":13,"begin":"1334152167","end":"1334153250","thread":7,"request":3,"reference":null,"job":null,"n":0,"x":0,"y":100}
[completion-event] {"processOrdinal":1,"v":1,"event":10,"begin":"1439485375","end":"1439485542","thread":8,"request":4,"reference":null,"job":null,"n":0,"x":0,"y":0}
[completion-event] {"processOrdinal":1,"v":1,"event":11,"begin":"1439485542","end":"1439487834","thread":8,"request":4,"reference":null,"job":null,"n":0,"x":0,"y":0}
[completion-event] {"processOrdinal":1,"v":1,"event":12,"begin":"1439487834","end":"1439489000","thread":8,"request":4,"reference":null,"job":null,"n":0,"x":0,"y":0}
[completion-event] {"processOrdinal":1,"v":1,"event":13,"begin":"1439489000","end":"1439490209","thread":8,"request":4,"reference":null,"job":null,"n":0,"x":0,"y":100}
[completion-event] {"processOrdinal":1,"v":1,"event":10,"begin":"1544452667","end":"1544452959","thread":9,"request":5,"reference":null,"job":null,"n":0,"x":0,"y":0}
[completion-event] {"processOrdinal":1,"v":1,"event":11,"begin":"1544452959","end":"1544454917","thread":9,"request":5,"reference":null,"job":null,"n":0,"x":0,"y":0}
[completion-event] {"processOrdinal":1,"v":1,"event":12,"begin":"1544454917","end":"1544456125","thread":9,"request":5,"reference":null,"job":null,"n":0,"x":0,"y":0}
[completion-event] {"processOrdinal":1,"v":1,"event":13,"begin":"1544456125","end":"1544457792","thread":9,"request":5,"reference":null,"job":null,"n":0,"x":0,"y":100}
[completion-event] {"processOrdinal":1,"v":1,"event":10,"begin":"1649305334","end":"1649305500","thread":10,"request":6,"reference":null,"job":null,"n":0,"x":0,"y":0}
[completion-event] {"processOrdinal":1,"v":1,"event":11,"begin":"1649305500","end":"1649307584","thread":10,"request":6,"reference":null,"job":null,"n":0,"x":0,"y":0}
[completion-event] {"processOrdinal":1,"v":1,"event":12,"begin":"1649307584","end":"1649309084","thread":10,"request":6,"reference":null,"job":null,"n":0,"x":0,"y":0}
[completion-event] {"processOrdinal":1,"v":1,"event":13,"begin":"1649309084","end":"1649310250","thread":10,"request":6,"reference":null,"job":null,"n":0,"x":0,"y":100}
[completion-event] {"processOrdinal":1,"v":1,"event":10,"begin":"1753557834","end":"1753558000","thread":11,"request":7,"reference":null,"job":null,"n":0,"x":0,"y":0}
[completion-event] {"processOrdinal":1,"v":1,"event":11,"begin":"1753558000","end":"1753559834","thread":11,"request":7,"reference":null,"job":null,"n":0,"x":0,"y":0}
[completion-event] {"processOrdinal":1,"v":1,"event":12,"begin":"1753559834","end":"1753561042","thread":11,"request":7,"reference":null,"job":null,"n":0,"x":0,"y":0}
[completion-event] {"processOrdinal":1,"v":1,"event":13,"begin":"1753561042","end":"1753561959","thread":11,"request":7,"reference":null,"job":null,"n":0,"x":0,"y":100}
[completion-event] {"processOrdinal":1,"v":1,"event":10,"begin":"1856839667","end":"1856839834","thread":12,"request":8,"reference":null,"job":null,"n":0,"x":0,"y":0}
[completion-event] {"processOrdinal":1,"v":1,"event":11,"begin":"1856839834","end":"1856842209","thread":12,"request":8,"reference":null,"job":null,"n":0,"x":0,"y":0}
[completion-event] {"processOrdinal":1,"v":1,"event":12,"begin":"1856842209","end":"1856843334","thread":12,"request":8,"reference":null,"job":null,"n":0,"x":0,"y":0}
[completion-event] {"processOrdinal":1,"v":1,"event":13,"begin":"1856843334","end":"1856844584","thread":12,"request":8,"reference":null,"job":null,"n":0,"x":0,"y":100}
[completion-event] {"processOrdinal":1,"v":1,"event":10,"begin":"1961698417","end":"1961698584","thread":13,"request":9,"reference":null,"job":null,"n":0,"x":0,"y":0}
[completion-event] {"processOrdinal":1,"v":1,"event":11,"begin":"1961698584","end":"1961700250","thread":13,"request":9,"reference":null,"job":null,"n":0,"x":0,"y":0}
[completion-event] {"processOrdinal":1,"v":1,"event":12,"begin":"1961700250","end":"1961701584","thread":13,"request":9,"reference":null,"job":null,"n":0,"x":0,"y":0}
[completion-event] {"processOrdinal":1,"v":1,"event":13,"begin":"1961701584","end":"1961702709","thread":13,"request":9,"reference":null,"job":null,"n":0,"x":0,"y":100}
[completion-event] {"processOrdinal":1,"v":1,"event":10,"begin":"2065380875","end":"2065381125","thread":14,"request":10,"reference":null,"job":null,"n":0,"x":0,"y":0}
[completion-event] {"processOrdinal":1,"v":1,"event":11,"begin":"2065381125","end":"2065383000","thread":14,"request":10,"reference":null,"job":null,"n":0,"x":0,"y":0}
[completion-event] {"processOrdinal":1,"v":1,"event":12,"begin":"2065383000","end":"2065384250","thread":14,"request":10,"reference":null,"job":null,"n":0,"x":0,"y":0}
[completion-event] {"processOrdinal":1,"v":1,"event":13,"begin":"2065384250","end":"2065385334","thread":14,"request":10,"reference":null,"job":null,"n":0,"x":0,"y":100}
[completion-event] {"processOrdinal":1,"v":1,"event":10,"begin":"2169250375","end":"2169250917","thread":15,"request":11,"reference":null,"job":null,"n":0,"x":0,"y":0}
[completion-event] {"processOrdinal":1,"v":1,"event":11,"begin":"2169250917","end":"2169252959","thread":15,"request":11,"reference":null,"job":null,"n":0,"x":0,"y":0}
[completion-event] {"processOrdinal":1,"v":1,"event":12,"begin":"2169252959","end":"2169254167","thread":15,"request":11,"reference":null,"job":null,"n":0,"x":0,"y":0}
[completion-event] {"processOrdinal":1,"v":1,"event":13,"begin":"2169254167","end":"2169255875","thread":15,"request":11,"reference":null,"job":null,"n":0,"x":0,"y":100}
[completion-event] {"processOrdinal":1,"v":1,"event":10,"begin":"2274631375","end":"2274631542","thread":16,"request":12,"reference":null,"job":null,"n":0,"x":0,"y":0}
[completion-event] {"processOrdinal":1,"v":1,"event":11,"begin":"2274631542","end":"2274633709","thread":16,"request":12,"reference":null,"job":null,"n":0,"x":0,"y":0}
[completion-event] {"processOrdinal":1,"v":1,"event":12,"begin":"2274633709","end":"2274634834","thread":16,"request":12,"reference":null,"job":null,"n":0,"x":0,"y":0}
[completion-event] {"processOrdinal":1,"v":1,"event":13,"begin":"2274634834","end":"2274635959","thread":16,"request":12,"reference":null,"job":null,"n":0,"x":0,"y":100}
[completion-event] {"processOrdinal":1,"v":1,"event":10,"begin":"2379528209","end":"2379528667","thread":17,"request":13,"reference":null,"job":null,"n":0,"x":0,"y":0}
[completion-event] {"processOrdinal":1,"v":1,"event":11,"begin":"2379528667","end":"2379535709","thread":17,"request":13,"reference":null,"job":null,"n":0,"x":0,"y":0}
[completion-event] {"processOrdinal":1,"v":1,"event":12,"begin":"2379535709","end":"2379538542","thread":17,"request":13,"reference":null,"job":null,"n":0,"x":0,"y":0}
[completion-event] {"processOrdinal":1,"v":1,"event":13,"begin":"2379538542","end":"2379541084","thread":17,"request":13,"reference":null,"job":null,"n":0,"x":0,"y":100}
[completion-event] {"processOrdinal":1,"v":1,"event":10,"begin":"2484429000","end":"2484429209","thread":18,"request":14,"reference":null,"job":null,"n":0,"x":0,"y":0}
[completion-event] {"processOrdinal":1,"v":1,"event":11,"begin":"2484429209","end":"2484431542","thread":18,"request":14,"reference":null,"job":null,"n":0,"x":0,"y":0}
[completion-event] {"processOrdinal":1,"v":1,"event":12,"begin":"2484431542","end":"2484432750","thread":18,"request":14,"reference":null,"job":null,"n":0,"x":0,"y":0}
[completion-event] {"processOrdinal":1,"v":1,"event":13,"begin":"2484432750","end":"2484433959","thread":18,"request":14,"reference":null,"job":null,"n":0,"x":0,"y":100}
[completion-event] {"processOrdinal":1,"v":1,"event":10,"begin":"2588386834","end":"2588387000","thread":19,"request":15,"reference":null,"job":null,"n":0,"x":0,"y":0}
[completion-event] {"processOrdinal":1,"v":1,"event":11,"begin":"2588387000","end":"2588389084","thread":19,"request":15,"reference":null,"job":null,"n":0,"x":0,"y":0}
[completion-event] {"processOrdinal":1,"v":1,"event":12,"begin":"2588389084","end":"2588390375","thread":19,"request":15,"reference":null,"job":null,"n":0,"x":0,"y":0}
[completion-event] {"processOrdinal":1,"v":1,"event":13,"begin":"2588390375","end":"2588391584","thread":19,"request":15,"reference":null,"job":null,"n":0,"x":0,"y":100}
[completion-event] {"processOrdinal":1,"v":1,"event":10,"begin":"2692242834","end":"2692243000","thread":20,"request":16,"reference":null,"job":null,"n":0,"x":0,"y":0}
[completion-event] {"processOrdinal":1,"v":1,"event":11,"begin":"2692243000","end":"2692245209","thread":20,"request":16,"reference":null,"job":null,"n":0,"x":0,"y":0}
[completion-event] {"processOrdinal":1,"v":1,"event":12,"begin":"2692245209","end":"2692246584","thread":20,"request":16,"reference":null,"job":null,"n":0,"x":0,"y":0}
[completion-event] {"processOrdinal":1,"v":1,"event":13,"begin":"2692246584","end":"2692247834","thread":20,"request":16,"reference":null,"job":null,"n":0,"x":0,"y":100}
[completion-event] {"processOrdinal":1,"v":1,"event":10,"begin":"2797220167","end":"2797220625","thread":21,"request":17,"reference":null,"job":null,"n":0,"x":0,"y":0}
[completion-event] {"processOrdinal":1,"v":1,"event":11,"begin":"2797220625","end":"2797222834","thread":21,"request":17,"reference":null,"job":null,"n":0,"x":0,"y":0}
[completion-event] {"processOrdinal":1,"v":1,"event":12,"begin":"2797222834","end":"2797224542","thread":21,"request":17,"reference":null,"job":null,"n":0,"x":0,"y":0}
[completion-event] {"processOrdinal":1,"v":1,"event":13,"begin":"2797224542","end":"2797225709","thread":21,"request":17,"reference":null,"job":null,"n":0,"x":0,"y":100}
[completion-event] {"processOrdinal":1,"v":1,"event":10,"begin":"2902157000","end":"2902157167","thread":22,"request":18,"reference":null,"job":null,"n":0,"x":0,"y":0}
[completion-event] {"processOrdinal":1,"v":1,"event":11,"begin":"2902157167","end":"2902158917","thread":22,"request":18,"reference":null,"job":null,"n":0,"x":0,"y":0}
[completion-event] {"processOrdinal":1,"v":1,"event":12,"begin":"2902158917","end":"2902160000","thread":22,"request":18,"reference":null,"job":null,"n":0,"x":0,"y":0}
[completion-event] {"processOrdinal":1,"v":1,"event":13,"begin":"2902160000","end":"2902160834","thread":22,"request":18,"reference":null,"job":null,"n":0,"x":0,"y":100}
[completion-event] {"processOrdinal":1,"v":1,"event":10,"begin":"3007124417","end":"3007124584","thread":23,"request":19,"reference":null,"job":null,"n":0,"x":0,"y":0}
[completion-event] {"processOrdinal":1,"v":1,"event":11,"begin":"3007124584","end":"3007126167","thread":23,"request":19,"reference":null,"job":null,"n":0,"x":0,"y":0}
[completion-event] {"processOrdinal":1,"v":1,"event":12,"begin":"3007126167","end":"3007127250","thread":23,"request":19,"reference":null,"job":null,"n":0,"x":0,"y":0}
[completion-event] {"processOrdinal":1,"v":1,"event":13,"begin":"3007127250","end":"3007128042","thread":23,"request":19,"reference":null,"job":null,"n":0,"x":0,"y":100}
[completion-event] {"processOrdinal":1,"v":1,"event":10,"begin":"3111838750","end":"3111839042","thread":24,"request":20,"reference":null,"job":null,"n":0,"x":0,"y":0}
[completion-event] {"processOrdinal":1,"v":1,"event":11,"begin":"3111839042","end":"3111841042","thread":24,"request":20,"reference":null,"job":null,"n":0,"x":0,"y":0}
[completion-event] {"processOrdinal":1,"v":1,"event":12,"begin":"3111841042","end":"3111842459","thread":24,"request":20,"reference":null,"job":null,"n":0,"x":0,"y":0}
[completion-event] {"processOrdinal":1,"v":1,"event":13,"begin":"3111842459","end":"3111843500","thread":24,"request":20,"reference":null,"job":null,"n":0,"x":0,"y":100}
[completion-event] {"processOrdinal":1,"v":1,"event":10,"begin":"3216608625","end":"3216608792","thread":25,"request":21,"reference":null,"job":null,"n":0,"x":0,"y":0}
[completion-event] {"processOrdinal":1,"v":1,"event":11,"begin":"3216608792","end":"3216610959","thread":25,"request":21,"reference":null,"job":null,"n":0,"x":0,"y":0}
[completion-event] {"processOrdinal":1,"v":1,"event":12,"begin":"3216610959","end":"3216612209","thread":25,"request":21,"reference":null,"job":null,"n":0,"x":0,"y":0}
[completion-event] {"processOrdinal":1,"v":1,"event":13,"begin":"3216612209","end":"3216613292","thread":25,"request":21,"reference":null,"job":null,"n":0,"x":0,"y":100}
[completion-event] {"processOrdinal":1,"v":1,"event":10,"begin":"3321767750","end":"3321768042","thread":26,"request":22,"reference":null,"job":null,"n":0,"x":0,"y":0}
[completion-event] {"processOrdinal":1,"v":1,"event":11,"begin":"3321768042","end":"3321770042","thread":26,"request":22,"reference":null,"job":null,"n":0,"x":0,"y":0}
[completion-event] {"processOrdinal":1,"v":1,"event":12,"begin":"3321770042","end":"3321771167","thread":26,"request":22,"reference":null,"job":null,"n":0,"x":0,"y":0}
[completion-event] {"processOrdinal":1,"v":1,"event":13,"begin":"3321771167","end":"3321772292","thread":26,"request":22,"reference":null,"job":null,"n":0,"x":0,"y":100}
[completion-event] {"processOrdinal":1,"v":1,"event":10,"begin":"3426643000","end":"3426643209","thread":27,"request":23,"reference":null,"job":null,"n":0,"x":0,"y":0}
[completion-event] {"processOrdinal":1,"v":1,"event":11,"begin":"3426643209","end":"3426645584","thread":27,"request":23,"reference":null,"job":null,"n":0,"x":0,"y":0}
[completion-event] {"processOrdinal":1,"v":1,"event":12,"begin":"3426645584","end":"3426646709","thread":27,"request":23,"reference":null,"job":null,"n":0,"x":0,"y":0}
[completion-event] {"processOrdinal":1,"v":1,"event":13,"begin":"3426646709","end":"3426647500","thread":27,"request":23,"reference":null,"job":null,"n":0,"x":0,"y":100}
[completion-event] {"processOrdinal":1,"v":1,"event":10,"begin":"3532123250","end":"3532123417","thread":28,"request":24,"reference":null,"job":null,"n":0,"x":0,"y":0}
[completion-event] {"processOrdinal":1,"v":1,"event":11,"begin":"3532123417","end":"3532125250","thread":28,"request":24,"reference":null,"job":null,"n":0,"x":0,"y":0}
[completion-event] {"processOrdinal":1,"v":1,"event":12,"begin":"3532125250","end":"3532126334","thread":28,"request":24,"reference":null,"job":null,"n":0,"x":0,"y":0}
[completion-event] {"processOrdinal":1,"v":1,"event":13,"begin":"3532126334","end":"3532127584","thread":28,"request":24,"reference":null,"job":null,"n":0,"x":0,"y":100}
[completion-event] {"processOrdinal":1,"v":1,"event":10,"begin":"3637266417","end":"3637266584","thread":29,"request":25,"reference":null,"job":null,"n":0,"x":0,"y":0}
[completion-event] {"processOrdinal":1,"v":1,"event":11,"begin":"3637266584","end":"3637268167","thread":29,"request":25,"reference":null,"job":null,"n":0,"x":0,"y":0}
[completion-event] {"processOrdinal":1,"v":1,"event":12,"begin":"3637268167","end":"3637269292","thread":29,"request":25,"reference":null,"job":null,"n":0,"x":0,"y":0}
[completion-event] {"processOrdinal":1,"v":1,"event":13,"begin":"3637269292","end":"3637270250","thread":29,"request":25,"reference":null,"job":null,"n":0,"x":0,"y":100}
[completion-event] {"processOrdinal":1,"v":1,"event":10,"begin":"3741217584","end":"3741217750","thread":30,"request":26,"reference":null,"job":null,"n":0,"x":0,"y":0}
[completion-event] {"processOrdinal":1,"v":1,"event":11,"begin":"3741217750","end":"3741219834","thread":30,"request":26,"reference":null,"job":null,"n":0,"x":0,"y":0}
[completion-event] {"processOrdinal":1,"v":1,"event":12,"begin":"3741219834","end":"3741221000","thread":30,"request":26,"reference":null,"job":null,"n":0,"x":0,"y":0}
[completion-event] {"processOrdinal":1,"v":1,"event":13,"begin":"3741221000","end":"3741222375","thread":30,"request":26,"reference":null,"job":null,"n":0,"x":0,"y":100}
[completion-event] {"processOrdinal":1,"v":1,"event":10,"begin":"3845225042","end":"3845225292","thread":31,"request":27,"reference":null,"job":null,"n":0,"x":0,"y":0}
[completion-event] {"processOrdinal":1,"v":1,"event":11,"begin":"3845225292","end":"3845228375","thread":31,"request":27,"reference":null,"job":null,"n":0,"x":0,"y":0}
[completion-event] {"processOrdinal":1,"v":1,"event":12,"begin":"3845228375","end":"3845230375","thread":31,"request":27,"reference":null,"job":null,"n":0,"x":0,"y":0}
[completion-event] {"processOrdinal":1,"v":1,"event":13,"begin":"3845230375","end":"3845231875","thread":31,"request":27,"reference":null,"job":null,"n":0,"x":0,"y":100}
[completion-event] {"processOrdinal":1,"v":1,"event":10,"begin":"3949570167","end":"3949570417","thread":32,"request":28,"reference":null,"job":null,"n":0,"x":0,"y":0}
[completion-event] {"processOrdinal":1,"v":1,"event":11,"begin":"3949570417","end":"3949572125","thread":32,"request":28,"reference":null,"job":null,"n":0,"x":0,"y":0}
[completion-event] {"processOrdinal":1,"v":1,"event":12,"begin":"3949572125","end":"3949573417","thread":32,"request":28,"reference":null,"job":null,"n":0,"x":0,"y":0}
[completion-event] {"processOrdinal":1,"v":1,"event":13,"begin":"3949573417","end":"3949574625","thread":32,"request":28,"reference":null,"job":null,"n":0,"x":0,"y":100}
[completion-event] {"processOrdinal":1,"v":1,"event":10,"begin":"4054345292","end":"4054345584","thread":33,"request":29,"reference":null,"job":null,"n":0,"x":0,"y":0}
[completion-event] {"processOrdinal":1,"v":1,"event":11,"begin":"4054345584","end":"4054347667","thread":33,"request":29,"reference":null,"job":null,"n":0,"x":0,"y":0}
[completion-event] {"processOrdinal":1,"v":1,"event":12,"begin":"4054347667","end":"4054348959","thread":33,"request":29,"reference":null,"job":null,"n":0,"x":0,"y":0}
[completion-event] {"processOrdinal":1,"v":1,"event":13,"begin":"4054348959","end":"4054350042","thread":33,"request":29,"reference":null,"job":null,"n":0,"x":0,"y":100}
[completion-event] {"processOrdinal":1,"v":1,"event":10,"begin":"4159368042","end":"4159368209","thread":34,"request":30,"reference":null,"job":null,"n":0,"x":0,"y":0}
[completion-event] {"processOrdinal":1,"v":1,"event":11,"begin":"4159368209","end":"4159370292","thread":34,"request":30,"reference":null,"job":null,"n":0,"x":0,"y":0}
[completion-event] {"processOrdinal":1,"v":1,"event":12,"begin":"4159370292","end":"4159371500","thread":34,"request":30,"reference":null,"job":null,"n":0,"x":0,"y":0}
[completion-event] {"processOrdinal":1,"v":1,"event":13,"begin":"4159371500","end":"4159372584","thread":34,"request":30,"reference":null,"job":null,"n":0,"x":0,"y":100}
[completion-event] {"processOrdinal":1,"v":1,"event":10,"begin":"4263294417","end":"4263294584","thread":35,"request":31,"reference":null,"job":null,"n":0,"x":0,"y":0}
[completion-event] {"processOrdinal":1,"v":1,"event":11,"begin":"4263294584","end":"4263296250","thread":35,"request":31,"reference":null,"job":null,"n":0,"x":0,"y":0}
[completion-event] {"processOrdinal":1,"v":1,"event":12,"begin":"4263296250","end":"4263297334","thread":35,"request":31,"reference":null,"job":null,"n":0,"x":0,"y":0}
[completion-event] {"processOrdinal":1,"v":1,"event":13,"begin":"4263297334","end":"4263298250","thread":35,"request":31,"reference":null,"job":null,"n":0,"x":0,"y":100}
[completion-event] {"processOrdinal":1,"v":1,"event":10,"begin":"4367069334","end":"4367069625","thread":36,"request":32,"reference":null,"job":null,"n":0,"x":0,"y":0}
[completion-event] {"processOrdinal":1,"v":1,"event":11,"begin":"4367069625","end":"4367071334","thread":36,"request":32,"reference":null,"job":null,"n":0,"x":0,"y":0}
[completion-event] {"processOrdinal":1,"v":1,"event":12,"begin":"4367071334","end":"4367072625","thread":36,"request":32,"reference":null,"job":null,"n":0,"x":0,"y":0}
[completion-event] {"processOrdinal":1,"v":1,"event":13,"begin":"4367072625","end":"4367073792","thread":36,"request":32,"reference":null,"job":null,"n":0,"x":0,"y":100}
[completion-event] {"processOrdinal":1,"v":1,"event":10,"begin":"4472235959","end":"4472236167","thread":37,"request":33,"reference":null,"job":null,"n":0,"x":0,"y":0}
[completion-event] {"processOrdinal":1,"v":1,"event":11,"begin":"4472236167","end":"4472237584","thread":37,"request":33,"reference":null,"job":null,"n":0,"x":0,"y":0}
[completion-event] {"processOrdinal":1,"v":1,"event":12,"begin":"4472237584","end":"4472238625","thread":37,"request":33,"reference":null,"job":null,"n":0,"x":0,"y":0}
[completion-event] {"processOrdinal":1,"v":1,"event":13,"begin":"4472238625","end":"4472239375","thread":37,"request":33,"reference":null,"job":null,"n":0,"x":0,"y":100}
[completion-event] {"processOrdinal":1,"v":1,"event":10,"begin":"4576235917","end":"4576236167","thread":38,"request":34,"reference":null,"job":null,"n":0,"x":0,"y":0}
[completion-event] {"processOrdinal":1,"v":1,"event":11,"begin":"4576236167","end":"4576238125","thread":38,"request":34,"reference":null,"job":null,"n":0,"x":0,"y":0}
[completion-event] {"processOrdinal":1,"v":1,"event":12,"begin":"4576238125","end":"4576239334","thread":38,"request":34,"reference":null,"job":null,"n":0,"x":0,"y":0}
[completion-event] {"processOrdinal":1,"v":1,"event":13,"begin":"4576239334","end":"4576240167","thread":38,"request":34,"reference":null,"job":null,"n":0,"x":0,"y":100}
[completion-event] {"processOrdinal":1,"v":1,"event":10,"begin":"4681165250","end":"4681165417","thread":39,"request":35,"reference":null,"job":null,"n":0,"x":0,"y":0}
[completion-event] {"processOrdinal":1,"v":1,"event":11,"begin":"4681165417","end":"4681167250","thread":39,"request":35,"reference":null,"job":null,"n":0,"x":0,"y":0}
[completion-event] {"processOrdinal":1,"v":1,"event":12,"begin":"4681167250","end":"4681168375","thread":39,"request":35,"reference":null,"job":null,"n":0,"x":0,"y":0}
[completion-event] {"processOrdinal":1,"v":1,"event":13,"begin":"4681168375","end":"4681169542","thread":39,"request":35,"reference":null,"job":null,"n":0,"x":0,"y":100}
[completion-event] {"processOrdinal":1,"v":1,"event":10,"begin":"4786009084","end":"4786009250","thread":40,"request":36,"reference":null,"job":null,"n":0,"x":0,"y":0}
[completion-event] {"processOrdinal":1,"v":1,"event":11,"begin":"4786009250","end":"4786011375","thread":40,"request":36,"reference":null,"job":null,"n":0,"x":0,"y":0}
[completion-event] {"processOrdinal":1,"v":1,"event":12,"begin":"4786011375","end":"4786012584","thread":40,"request":36,"reference":null,"job":null,"n":0,"x":0,"y":0}
[completion-event] {"processOrdinal":1,"v":1,"event":13,"begin":"4786012584","end":"4786013709","thread":40,"request":36,"reference":null,"job":null,"n":0,"x":0,"y":100}
[completion-event] {"processOrdinal":1,"v":1,"event":10,"begin":"4890950542","end":"4890950709","thread":41,"request":37,"reference":null,"job":null,"n":0,"x":0,"y":0}
[completion-event] {"processOrdinal":1,"v":1,"event":11,"begin":"4890950709","end":"4890952500","thread":41,"request":37,"reference":null,"job":null,"n":0,"x":0,"y":0}
[completion-event] {"processOrdinal":1,"v":1,"event":12,"begin":"4890952500","end":"4890953584","thread":41,"request":37,"reference":null,"job":null,"n":0,"x":0,"y":0}
[completion-event] {"processOrdinal":1,"v":1,"event":13,"begin":"4890953584","end":"4890954667","thread":41,"request":37,"reference":null,"job":null,"n":0,"x":0,"y":100}
[completion-event] {"processOrdinal":1,"v":1,"event":10,"begin":"4995873417","end":"4995873709","thread":42,"request":38,"reference":null,"job":null,"n":0,"x":0,"y":0}
[completion-event] {"processOrdinal":1,"v":1,"event":11,"begin":"4995873709","end":"4995875750","thread":42,"request":38,"reference":null,"job":null,"n":0,"x":0,"y":0}
[completion-event] {"processOrdinal":1,"v":1,"event":12,"begin":"4995875750","end":"4995877084","thread":42,"request":38,"reference":null,"job":null,"n":0,"x":0,"y":0}
[completion-event] {"processOrdinal":1,"v":1,"event":13,"begin":"4995877084","end":"4995878292","thread":42,"request":38,"reference":null,"job":null,"n":0,"x":0,"y":100}
[completion-event] {"processOrdinal":1,"v":1,"event":10,"begin":"5100545125","end":"5100545292","thread":43,"request":39,"reference":null,"job":null,"n":0,"x":0,"y":0}
[completion-event] {"processOrdinal":1,"v":1,"event":11,"begin":"5100545292","end":"5100547209","thread":43,"request":39,"reference":null,"job":null,"n":0,"x":0,"y":0}
[completion-event] {"processOrdinal":1,"v":1,"event":12,"begin":"5100547209","end":"5100548625","thread":43,"request":39,"reference":null,"job":null,"n":0,"x":0,"y":0}
[completion-event] {"processOrdinal":1,"v":1,"event":13,"begin":"5100548625","end":"5100549750","thread":43,"request":39,"reference":null,"job":null,"n":0,"x":0,"y":100}
[completion-event] {"processOrdinal":1,"v":1,"event":10,"begin":"5206100000","end":"5206100209","thread":44,"request":40,"reference":null,"job":null,"n":0,"x":0,"y":0}
[completion-event] {"processOrdinal":1,"v":1,"event":11,"begin":"5206100209","end":"5206102084","thread":44,"request":40,"reference":null,"job":null,"n":0,"x":0,"y":0}
[completion-event] {"processOrdinal":1,"v":1,"event":12,"begin":"5206102084","end":"5206103209","thread":44,"request":40,"reference":null,"job":null,"n":0,"x":0,"y":0}
[completion-event] {"processOrdinal":1,"v":1,"event":13,"begin":"5206103209","end":"5206104625","thread":44,"request":40,"reference":null,"job":null,"n":0,"x":0,"y":100}
[completion-event] {"processOrdinal":1,"v":1,"event":10,"begin":"5310845084","end":"5310845250","thread":45,"request":41,"reference":null,"job":null,"n":0,"x":0,"y":0}
[completion-event] {"processOrdinal":1,"v":1,"event":11,"begin":"5310845250","end":"5310846875","thread":45,"request":41,"reference":null,"job":null,"n":0,"x":0,"y":0}
[completion-event] {"processOrdinal":1,"v":1,"event":12,"begin":"5310846875","end":"5310848000","thread":45,"request":41,"reference":null,"job":null,"n":0,"x":0,"y":0}
[completion-event] {"processOrdinal":1,"v":1,"event":13,"begin":"5310848000","end":"5310848834","thread":45,"request":41,"reference":null,"job":null,"n":0,"x":0,"y":100}
[completion-event] {"processOrdinal":1,"v":1,"event":10,"begin":"5415617334","end":"5415617500","thread":46,"request":42,"reference":null,"job":null,"n":0,"x":0,"y":0}
[completion-event] {"processOrdinal":1,"v":1,"event":11,"begin":"5415617500","end":"5415619500","thread":46,"request":42,"reference":null,"job":null,"n":0,"x":0,"y":0}
[completion-event] {"processOrdinal":1,"v":1,"event":12,"begin":"5415619500","end":"5415620667","thread":46,"request":42,"reference":null,"job":null,"n":0,"x":0,"y":0}
[completion-event] {"processOrdinal":1,"v":1,"event":13,"begin":"5415620667","end":"5415621625","thread":46,"request":42,"reference":null,"job":null,"n":0,"x":0,"y":100}
[completion-event] {"processOrdinal":1,"v":1,"event":10,"begin":"5520445375","end":"5520445542","thread":47,"request":43,"reference":null,"job":null,"n":0,"x":0,"y":0}
[completion-event] {"processOrdinal":1,"v":1,"event":11,"begin":"5520445542","end":"5520447542","thread":47,"request":43,"reference":null,"job":null,"n":0,"x":0,"y":0}
[completion-event] {"processOrdinal":1,"v":1,"event":12,"begin":"5520447542","end":"5520448709","thread":47,"request":43,"reference":null,"job":null,"n":0,"x":0,"y":0}
[completion-event] {"processOrdinal":1,"v":1,"event":13,"begin":"5520448709","end":"5520449792","thread":47,"request":43,"reference":null,"job":null,"n":0,"x":0,"y":100}
[completion-event] {"processOrdinal":1,"v":1,"event":10,"begin":"5624411292","end":"5624411375","thread":48,"request":44,"reference":null,"job":null,"n":0,"x":0,"y":0}
[completion-event] {"processOrdinal":1,"v":1,"event":11,"begin":"5624411375","end":"5624413000","thread":48,"request":44,"reference":null,"job":null,"n":0,"x":0,"y":0}
[completion-event] {"processOrdinal":1,"v":1,"event":12,"begin":"5624413000","end":"5624414000","thread":48,"request":44,"reference":null,"job":null,"n":0,"x":0,"y":0}
[completion-event] {"processOrdinal":1,"v":1,"event":13,"begin":"5624414000","end":"5624414792","thread":48,"request":44,"reference":null,"job":null,"n":0,"x":0,"y":100}
[completion-event] {"processOrdinal":1,"v":1,"event":10,"begin":"5728540375","end":"5728540625","thread":49,"request":45,"reference":null,"job":null,"n":0,"x":0,"y":0}
[completion-event] {"processOrdinal":1,"v":1,"event":11,"begin":"5728540625","end":"5728542625","thread":49,"request":45,"reference":null,"job":null,"n":0,"x":0,"y":0}
[completion-event] {"processOrdinal":1,"v":1,"event":12,"begin":"5728542625","end":"5728543750","thread":49,"request":45,"reference":null,"job":null,"n":0,"x":0,"y":0}
[completion-event] {"processOrdinal":1,"v":1,"event":13,"begin":"5728543750","end":"5728544709","thread":49,"request":45,"reference":null,"job":null,"n":0,"x":0,"y":100}
[completion-event] {"processOrdinal":1,"v":1,"event":10,"begin":"5831955500","end":"5831955667","thread":50,"request":46,"reference":null,"job":null,"n":0,"x":0,"y":0}
[completion-event] {"processOrdinal":1,"v":1,"event":11,"begin":"5831955667","end":"5831957875","thread":50,"request":46,"reference":null,"job":null,"n":0,"x":0,"y":0}
[completion-event] {"processOrdinal":1,"v":1,"event":12,"begin":"5831957875","end":"5831959000","thread":50,"request":46,"reference":null,"job":null,"n":0,"x":0,"y":0}
[completion-event] {"processOrdinal":1,"v":1,"event":13,"begin":"5831959000","end":"5831960125","thread":50,"request":46,"reference":null,"job":null,"n":0,"x":0,"y":100}
[completion-event] {"processOrdinal":1,"v":1,"event":10,"begin":"5936849667","end":"5936849917","thread":51,"request":47,"reference":null,"job":null,"n":0,"x":0,"y":0}
[completion-event] {"processOrdinal":1,"v":1,"event":11,"begin":"5936849917","end":"5936853542","thread":51,"request":47,"reference":null,"job":null,"n":0,"x":0,"y":0}
[completion-event] {"processOrdinal":1,"v":1,"event":12,"begin":"5936853542","end":"5936855292","thread":51,"request":47,"reference":null,"job":null,"n":0,"x":0,"y":0}
[completion-event] {"processOrdinal":1,"v":1,"event":13,"begin":"5936855292","end":"5936856709","thread":51,"request":47,"reference":null,"job":null,"n":0,"x":0,"y":100}
[completion-event] {"processOrdinal":1,"v":1,"event":10,"begin":"6040256292","end":"6040256459","thread":52,"request":48,"reference":null,"job":null,"n":0,"x":0,"y":0}
[completion-event] {"processOrdinal":1,"v":1,"event":11,"begin":"6040256459","end":"6040258250","thread":52,"request":48,"reference":null,"job":null,"n":0,"x":0,"y":0}
[completion-event] {"processOrdinal":1,"v":1,"event":12,"begin":"6040258250","end":"6040259250","thread":52,"request":48,"reference":null,"job":null,"n":0,"x":0,"y":0}
[completion-event] {"processOrdinal":1,"v":1,"event":13,"begin":"6040259250","end":"6040260292","thread":52,"request":48,"reference":null,"job":null,"n":0,"x":0,"y":100}
[completion-event] {"processOrdinal":1,"v":1,"event":10,"begin":"6144765667","end":"6144765834","thread":53,"request":49,"reference":null,"job":null,"n":0,"x":0,"y":0}
[completion-event] {"processOrdinal":1,"v":1,"event":11,"begin":"6144765834","end":"6144767792","thread":53,"request":49,"reference":null,"job":null,"n":0,"x":0,"y":0}
[completion-event] {"processOrdinal":1,"v":1,"event":12,"begin":"6144767792","end":"6144768875","thread":53,"request":49,"reference":null,"job":null,"n":0,"x":0,"y":0}
[completion-event] {"processOrdinal":1,"v":1,"event":13,"begin":"6144768875","end":"6144769959","thread":53,"request":49,"reference":null,"job":null,"n":0,"x":0,"y":100}
[completion-event] {"processOrdinal":1,"v":1,"event":10,"begin":"6249711250","end":"6249711417","thread":54,"request":50,"reference":null,"job":null,"n":0,"x":0,"y":0}
[completion-event] {"processOrdinal":1,"v":1,"event":11,"begin":"6249711417","end":"6249713125","thread":54,"request":50,"reference":null,"job":null,"n":0,"x":0,"y":0}
[completion-event] {"processOrdinal":1,"v":1,"event":12,"begin":"6249713125","end":"6249714209","thread":54,"request":50,"reference":null,"job":null,"n":0,"x":0,"y":0}
[completion-event] {"processOrdinal":1,"v":1,"event":13,"begin":"6249714209","end":"6249715250","thread":54,"request":50,"reference":null,"job":null,"n":0,"x":0,"y":100}
[completion-event] {"processOrdinal":1,"v":1,"event":10,"begin":"6354739625","end":"6354739875","thread":55,"request":51,"reference":null,"job":null,"n":0,"x":0,"y":0}
[completion-event] {"processOrdinal":1,"v":1,"event":11,"begin":"6354739875","end":"6354743667","thread":55,"request":51,"reference":null,"job":null,"n":0,"x":0,"y":0}
[completion-event] {"processOrdinal":1,"v":1,"event":12,"begin":"6354743667","end":"6354745875","thread":55,"request":51,"reference":null,"job":null,"n":0,"x":0,"y":0}
[completion-event] {"processOrdinal":1,"v":1,"event":13,"begin":"6354745875","end":"6354747625","thread":55,"request":51,"reference":null,"job":null,"n":0,"x":0,"y":100}
[completion-event] {"processOrdinal":1,"v":1,"event":10,"begin":"6459807834","end":"6459808084","thread":56,"request":52,"reference":null,"job":null,"n":0,"x":0,"y":0}
[completion-event] {"processOrdinal":1,"v":1,"event":11,"begin":"6459808084","end":"6459809834","thread":56,"request":52,"reference":null,"job":null,"n":0,"x":0,"y":0}
[completion-event] {"processOrdinal":1,"v":1,"event":12,"begin":"6459809834","end":"6459811459","thread":56,"request":52,"reference":null,"job":null,"n":0,"x":0,"y":0}
[completion-event] {"processOrdinal":1,"v":1,"event":13,"begin":"6459811459","end":"6459812625","thread":56,"request":52,"reference":null,"job":null,"n":0,"x":0,"y":100}
[completion-event] {"processOrdinal":1,"v":1,"event":10,"begin":"6577215209","end":"6577215417","thread":57,"request":53,"reference":null,"job":null,"n":0,"x":0,"y":0}
[completion-event] {"processOrdinal":1,"v":1,"event":11,"begin":"6577215417","end":"6577217625","thread":57,"request":53,"reference":null,"job":null,"n":0,"x":0,"y":0}
[completion-event] {"processOrdinal":1,"v":1,"event":12,"begin":"6577217625","end":"6577218834","thread":57,"request":53,"reference":null,"job":null,"n":0,"x":0,"y":0}
[completion-event] {"processOrdinal":1,"v":1,"event":13,"begin":"6577218834","end":"6577219709","thread":57,"request":53,"reference":null,"job":null,"n":0,"x":0,"y":100}
[completion-event] {"processOrdinal":1,"v":1,"event":10,"begin":"6683702792","end":"6683703000","thread":58,"request":54,"reference":null,"job":null,"n":0,"x":0,"y":0}
[completion-event] {"processOrdinal":1,"v":1,"event":11,"begin":"6683703000","end":"6683705459","thread":58,"request":54,"reference":null,"job":null,"n":0,"x":0,"y":0}
[completion-event] {"processOrdinal":1,"v":1,"event":12,"begin":"6683705459","end":"6683706667","thread":58,"request":54,"reference":null,"job":null,"n":0,"x":0,"y":0}
[completion-event] {"processOrdinal":1,"v":1,"event":13,"begin":"6683706667","end":"6683707959","thread":58,"request":54,"reference":null,"job":null,"n":0,"x":0,"y":100}
[completion-event] {"processOrdinal":1,"v":1,"event":10,"begin":"6788926584","end":"6788926750","thread":59,"request":55,"reference":null,"job":null,"n":0,"x":0,"y":0}
[completion-event] {"processOrdinal":1,"v":1,"event":11,"begin":"6788926750","end":"6788929084","thread":59,"request":55,"reference":null,"job":null,"n":0,"x":0,"y":0}
[completion-event] {"processOrdinal":1,"v":1,"event":12,"begin":"6788929084","end":"6788930459","thread":59,"request":55,"reference":null,"job":null,"n":0,"x":0,"y":0}
[completion-event] {"processOrdinal":1,"v":1,"event":13,"begin":"6788930459","end":"6788931625","thread":59,"request":55,"reference":null,"job":null,"n":0,"x":0,"y":100}
[completion-event] {"processOrdinal":1,"v":1,"event":10,"begin":"6893679417","end":"6893679792","thread":60,"request":56,"reference":null,"job":null,"n":0,"x":0,"y":0}
[completion-event] {"processOrdinal":1,"v":1,"event":11,"begin":"6893679792","end":"6893681417","thread":60,"request":56,"reference":null,"job":null,"n":0,"x":0,"y":0}
[completion-event] {"processOrdinal":1,"v":1,"event":12,"begin":"6893681417","end":"6893682792","thread":60,"request":56,"reference":null,"job":null,"n":0,"x":0,"y":0}
[completion-event] {"processOrdinal":1,"v":1,"event":13,"begin":"6893682792","end":"6893684042","thread":60,"request":56,"reference":null,"job":null,"n":0,"x":0,"y":100}
[completion-event] {"processOrdinal":1,"v":1,"event":10,"begin":"6997407209","end":"6997407375","thread":61,"request":57,"reference":null,"job":null,"n":0,"x":0,"y":0}
[completion-event] {"processOrdinal":1,"v":1,"event":11,"begin":"6997407375","end":"6997409125","thread":61,"request":57,"reference":null,"job":null,"n":0,"x":0,"y":0}
[completion-event] {"processOrdinal":1,"v":1,"event":12,"begin":"6997409125","end":"6997410334","thread":61,"request":57,"reference":null,"job":null,"n":0,"x":0,"y":0}
[completion-event] {"processOrdinal":1,"v":1,"event":13,"begin":"6997410334","end":"6997411667","thread":61,"request":57,"reference":null,"job":null,"n":0,"x":0,"y":100}
[completion-event] {"processOrdinal":1,"v":1,"event":10,"begin":"7100600750","end":"7100600917","thread":62,"request":58,"reference":null,"job":null,"n":0,"x":0,"y":0}
[completion-event] {"processOrdinal":1,"v":1,"event":11,"begin":"7100600917","end":"7100602875","thread":62,"request":58,"reference":null,"job":null,"n":0,"x":0,"y":0}
[completion-event] {"processOrdinal":1,"v":1,"event":12,"begin":"7100602875","end":"7100604042","thread":62,"request":58,"reference":null,"job":null,"n":0,"x":0,"y":0}
[completion-event] {"processOrdinal":1,"v":1,"event":13,"begin":"7100604042","end":"7100605000","thread":62,"request":58,"reference":null,"job":null,"n":0,"x":0,"y":100}
[completion-event] {"processOrdinal":1,"v":1,"event":10,"begin":"7205389834","end":"7205390000","thread":63,"request":59,"reference":null,"job":null,"n":0,"x":0,"y":0}
[completion-event] {"processOrdinal":1,"v":1,"event":11,"begin":"7205390000","end":"7205391875","thread":63,"request":59,"reference":null,"job":null,"n":0,"x":0,"y":0}
[completion-event] {"processOrdinal":1,"v":1,"event":12,"begin":"7205391875","end":"7205392875","thread":63,"request":59,"reference":null,"job":null,"n":0,"x":0,"y":0}
[completion-event] {"processOrdinal":1,"v":1,"event":13,"begin":"7205392875","end":"7205393667","thread":63,"request":59,"reference":null,"job":null,"n":0,"x":0,"y":100}
[completion-event] {"processOrdinal":1,"v":1,"event":10,"begin":"7308871375","end":"7308871625","thread":64,"request":60,"reference":null,"job":null,"n":0,"x":0,"y":0}
[completion-event] {"processOrdinal":1,"v":1,"event":11,"begin":"7308871625","end":"7308873834","thread":64,"request":60,"reference":null,"job":null,"n":0,"x":0,"y":0}
[completion-event] {"processOrdinal":1,"v":1,"event":12,"begin":"7308873834","end":"7308875042","thread":64,"request":60,"reference":null,"job":null,"n":0,"x":0,"y":0}
[completion-event] {"processOrdinal":1,"v":1,"event":13,"begin":"7308875042","end":"7308876292","thread":64,"request":60,"reference":null,"job":null,"n":0,"x":0,"y":100}
[completion-event] {"processOrdinal":1,"v":1,"event":10,"begin":"7413686292","end":"7413686500","thread":65,"request":61,"reference":null,"job":null,"n":0,"x":0,"y":0}
[completion-event] {"processOrdinal":1,"v":1,"event":11,"begin":"7413686500","end":"7413688542","thread":65,"request":61,"reference":null,"job":null,"n":0,"x":0,"y":0}
[completion-event] {"processOrdinal":1,"v":1,"event":12,"begin":"7413688542","end":"7413689625","thread":65,"request":61,"reference":null,"job":null,"n":0,"x":0,"y":0}
[completion-event] {"processOrdinal":1,"v":1,"event":13,"begin":"7413689625","end":"7413690500","thread":65,"request":61,"reference":null,"job":null,"n":0,"x":0,"y":100}
[completion-event] {"processOrdinal":1,"v":1,"event":10,"begin":"7518098834","end":"7518099125","thread":66,"request":62,"reference":null,"job":null,"n":0,"x":0,"y":0}
[completion-event] {"processOrdinal":1,"v":1,"event":11,"begin":"7518099125","end":"7518101250","thread":66,"request":62,"reference":null,"job":null,"n":0,"x":0,"y":0}
[completion-event] {"processOrdinal":1,"v":1,"event":12,"begin":"7518101250","end":"7518102459","thread":66,"request":62,"reference":null,"job":null,"n":0,"x":0,"y":0}
[completion-event] {"processOrdinal":1,"v":1,"event":13,"begin":"7518102459","end":"7518103667","thread":66,"request":62,"reference":null,"job":null,"n":0,"x":0,"y":100}
[completion-event] {"processOrdinal":1,"v":1,"event":10,"begin":"7622879959","end":"7622880125","thread":67,"request":63,"reference":null,"job":null,"n":0,"x":0,"y":0}
[completion-event] {"processOrdinal":1,"v":1,"event":11,"begin":"7622880125","end":"7622882125","thread":67,"request":63,"reference":null,"job":null,"n":0,"x":0,"y":0}
[completion-event] {"processOrdinal":1,"v":1,"event":12,"begin":"7622882125","end":"7622883292","thread":67,"request":63,"reference":null,"job":null,"n":0,"x":0,"y":0}
[completion-event] {"processOrdinal":1,"v":1,"event":13,"begin":"7622883292","end":"7622884334","thread":67,"request":63,"reference":null,"job":null,"n":0,"x":0,"y":100}
[completion-event] {"processOrdinal":1,"v":1,"event":10,"begin":"7727296292","end":"7727296500","thread":68,"request":64,"reference":null,"job":null,"n":0,"x":0,"y":0}
[completion-event] {"processOrdinal":1,"v":1,"event":11,"begin":"7727296500","end":"7727298459","thread":68,"request":64,"reference":null,"job":null,"n":0,"x":0,"y":0}
[completion-event] {"processOrdinal":1,"v":1,"event":12,"begin":"7727298459","end":"7727299709","thread":68,"request":64,"reference":null,"job":null,"n":0,"x":0,"y":0}
[completion-event] {"processOrdinal":1,"v":1,"event":13,"begin":"7727299709","end":"7727301250","thread":68,"request":64,"reference":null,"job":null,"n":0,"x":0,"y":100}
[completion-event] {"processOrdinal":1,"v":1,"event":10,"begin":"7831930417","end":"7831930667","thread":69,"request":65,"reference":null,"job":null,"n":0,"x":0,"y":0}
[completion-event] {"processOrdinal":1,"v":1,"event":11,"begin":"7831930667","end":"7831932125","thread":69,"request":65,"reference":null,"job":null,"n":0,"x":0,"y":0}
[completion-event] {"processOrdinal":1,"v":1,"event":12,"begin":"7831932125","end":"7831933209","thread":69,"request":65,"reference":null,"job":null,"n":0,"x":0,"y":0}
[completion-event] {"processOrdinal":1,"v":1,"event":13,"begin":"7831933209","end":"7831934125","thread":69,"request":65,"reference":null,"job":null,"n":0,"x":0,"y":100}
[completion-event] {"processOrdinal":1,"v":1,"event":10,"begin":"7936638334","end":"7936638542","thread":70,"request":66,"reference":null,"job":null,"n":0,"x":0,"y":0}
[completion-event] {"processOrdinal":1,"v":1,"event":11,"begin":"7936638542","end":"7936640334","thread":70,"request":66,"reference":null,"job":null,"n":0,"x":0,"y":0}
[completion-event] {"processOrdinal":1,"v":1,"event":12,"begin":"7936640334","end":"7936641500","thread":70,"request":66,"reference":null,"job":null,"n":0,"x":0,"y":0}
[completion-event] {"processOrdinal":1,"v":1,"event":13,"begin":"7936641500","end":"7936642584","thread":70,"request":66,"reference":null,"job":null,"n":0,"x":0,"y":100}
[completion-event] {"processOrdinal":1,"v":1,"event":10,"begin":"8040175000","end":"8040175250","thread":71,"request":67,"reference":null,"job":null,"n":0,"x":0,"y":0}
[completion-event] {"processOrdinal":1,"v":1,"event":11,"begin":"8040175250","end":"8040176792","thread":71,"request":67,"reference":null,"job":null,"n":0,"x":0,"y":0}
[completion-event] {"processOrdinal":1,"v":1,"event":12,"begin":"8040176792","end":"8040177875","thread":71,"request":67,"reference":null,"job":null,"n":0,"x":0,"y":0}
[completion-event] {"processOrdinal":1,"v":1,"event":13,"begin":"8040177875","end":"8040178959","thread":71,"request":67,"reference":null,"job":null,"n":0,"x":0,"y":100}
[completion-event] {"processOrdinal":1,"v":1,"event":10,"begin":"8144948250","end":"8144948459","thread":72,"request":68,"reference":null,"job":null,"n":0,"x":0,"y":0}
[completion-event] {"processOrdinal":1,"v":1,"event":11,"begin":"8144948459","end":"8144950625","thread":72,"request":68,"reference":null,"job":null,"n":0,"x":0,"y":0}
[completion-event] {"processOrdinal":1,"v":1,"event":12,"begin":"8144950625","end":"8144951792","thread":72,"request":68,"reference":null,"job":null,"n":0,"x":0,"y":0}
[completion-event] {"processOrdinal":1,"v":1,"event":13,"begin":"8144951792","end":"8144952792","thread":72,"request":68,"reference":null,"job":null,"n":0,"x":0,"y":100}
[completion-event] {"processOrdinal":1,"v":1,"event":10,"begin":"8248682500","end":"8248682667","thread":73,"request":69,"reference":null,"job":null,"n":0,"x":0,"y":0}
[completion-event] {"processOrdinal":1,"v":1,"event":11,"begin":"8248682667","end":"8248684625","thread":73,"request":69,"reference":null,"job":null,"n":0,"x":0,"y":0}
[completion-event] {"processOrdinal":1,"v":1,"event":12,"begin":"8248684625","end":"8248685750","thread":73,"request":69,"reference":null,"job":null,"n":0,"x":0,"y":0}
[completion-event] {"processOrdinal":1,"v":1,"event":13,"begin":"8248685750","end":"8248686959","thread":73,"request":69,"reference":null,"job":null,"n":0,"x":0,"y":100}
[completion-event] {"processOrdinal":1,"v":1,"event":10,"begin":"8353628959","end":"8353629084","thread":74,"request":70,"reference":null,"job":null,"n":0,"x":0,"y":0}
[completion-event] {"processOrdinal":1,"v":1,"event":11,"begin":"8353629084","end":"8353631042","thread":74,"request":70,"reference":null,"job":null,"n":0,"x":0,"y":0}
[completion-event] {"processOrdinal":1,"v":1,"event":12,"begin":"8353631042","end":"8353632334","thread":74,"request":70,"reference":null,"job":null,"n":0,"x":0,"y":0}
[completion-event] {"processOrdinal":1,"v":1,"event":13,"begin":"8353632334","end":"8353633459","thread":74,"request":70,"reference":null,"job":null,"n":0,"x":0,"y":100}
[completion-event] {"processOrdinal":1,"v":1,"event":10,"begin":"8458461667","end":"8458461917","thread":75,"request":71,"reference":null,"job":null,"n":0,"x":0,"y":0}
[completion-event] {"processOrdinal":1,"v":1,"event":11,"begin":"8458461917","end":"8458463834","thread":75,"request":71,"reference":null,"job":null,"n":0,"x":0,"y":0}
[completion-event] {"processOrdinal":1,"v":1,"event":12,"begin":"8458463834","end":"8458465209","thread":75,"request":71,"reference":null,"job":null,"n":0,"x":0,"y":0}
[completion-event] {"processOrdinal":1,"v":1,"event":13,"begin":"8458465209","end":"8458466250","thread":75,"request":71,"reference":null,"job":null,"n":0,"x":0,"y":100}
[completion-event] {"processOrdinal":1,"v":1,"event":10,"begin":"8563795500","end":"8563795667","thread":76,"request":72,"reference":null,"job":null,"n":0,"x":0,"y":0}
[completion-event] {"processOrdinal":1,"v":1,"event":11,"begin":"8563795667","end":"8563797584","thread":76,"request":72,"reference":null,"job":null,"n":0,"x":0,"y":0}
[completion-event] {"processOrdinal":1,"v":1,"event":12,"begin":"8563797584","end":"8563798917","thread":76,"request":72,"reference":null,"job":null,"n":0,"x":0,"y":0}
[completion-event] {"processOrdinal":1,"v":1,"event":13,"begin":"8563798917","end":"8563800000","thread":76,"request":72,"reference":null,"job":null,"n":0,"x":0,"y":100}
[completion-event] {"processOrdinal":1,"v":1,"event":10,"begin":"8668634667","end":"8668634834","thread":77,"request":73,"reference":null,"job":null,"n":0,"x":0,"y":0}
[completion-event] {"processOrdinal":1,"v":1,"event":11,"begin":"8668634834","end":"8668636875","thread":77,"request":73,"reference":null,"job":null,"n":0,"x":0,"y":0}
[completion-event] {"processOrdinal":1,"v":1,"event":12,"begin":"8668636875","end":"8668637875","thread":77,"request":73,"reference":null,"job":null,"n":0,"x":0,"y":0}
[completion-event] {"processOrdinal":1,"v":1,"event":13,"begin":"8668637875","end":"8668638875","thread":77,"request":73,"reference":null,"job":null,"n":0,"x":0,"y":100}
[completion-event] {"processOrdinal":1,"v":1,"event":10,"begin":"8773609875","end":"8773610042","thread":78,"request":74,"reference":null,"job":null,"n":0,"x":0,"y":0}
[completion-event] {"processOrdinal":1,"v":1,"event":11,"begin":"8773610042","end":"8773612167","thread":78,"request":74,"reference":null,"job":null,"n":0,"x":0,"y":0}
[completion-event] {"processOrdinal":1,"v":1,"event":12,"begin":"8773612167","end":"8773613292","thread":78,"request":74,"reference":null,"job":null,"n":0,"x":0,"y":0}
[completion-event] {"processOrdinal":1,"v":1,"event":13,"begin":"8773613292","end":"8773614292","thread":78,"request":74,"reference":null,"job":null,"n":0,"x":0,"y":100}
[completion-event] {"processOrdinal":1,"v":1,"event":10,"begin":"8878271625","end":"8878271834","thread":79,"request":75,"reference":null,"job":null,"n":0,"x":0,"y":0}
[completion-event] {"processOrdinal":1,"v":1,"event":11,"begin":"8878271834","end":"8878274084","thread":79,"request":75,"reference":null,"job":null,"n":0,"x":0,"y":0}
[completion-event] {"processOrdinal":1,"v":1,"event":12,"begin":"8878274084","end":"8878275292","thread":79,"request":75,"reference":null,"job":null,"n":0,"x":0,"y":0}
[completion-event] {"processOrdinal":1,"v":1,"event":13,"begin":"8878275292","end":"8878276417","thread":79,"request":75,"reference":null,"job":null,"n":0,"x":0,"y":100}
[completion-event] {"processOrdinal":1,"v":1,"event":10,"begin":"8980848417","end":"8980848667","thread":80,"request":76,"reference":null,"job":null,"n":0,"x":0,"y":0}
[completion-event] {"processOrdinal":1,"v":1,"event":11,"begin":"8980848667","end":"8980850709","thread":80,"request":76,"reference":null,"job":null,"n":0,"x":0,"y":0}
[completion-event] {"processOrdinal":1,"v":1,"event":12,"begin":"8980850709","end":"8980852042","thread":80,"request":76,"reference":null,"job":null,"n":0,"x":0,"y":0}
[completion-event] {"processOrdinal":1,"v":1,"event":13,"begin":"8980852042","end":"8980853334","thread":80,"request":76,"reference":null,"job":null,"n":0,"x":0,"y":100}
[completion-event] {"processOrdinal":1,"v":1,"event":10,"begin":"9085578250","end":"9085578625","thread":81,"request":77,"reference":null,"job":null,"n":0,"x":0,"y":0}
[completion-event] {"processOrdinal":1,"v":1,"event":11,"begin":"9085578625","end":"9085580584","thread":81,"request":77,"reference":null,"job":null,"n":0,"x":0,"y":0}
[completion-event] {"processOrdinal":1,"v":1,"event":12,"begin":"9085580584","end":"9085581709","thread":81,"request":77,"reference":null,"job":null,"n":0,"x":0,"y":0}
[completion-event] {"processOrdinal":1,"v":1,"event":13,"begin":"9085581709","end":"9085582667","thread":81,"request":77,"reference":null,"job":null,"n":0,"x":0,"y":100}
[completion-event] {"processOrdinal":1,"v":1,"event":10,"begin":"9190059292","end":"9190059500","thread":82,"request":78,"reference":null,"job":null,"n":0,"x":0,"y":0}
[completion-event] {"processOrdinal":1,"v":1,"event":11,"begin":"9190059500","end":"9190061542","thread":82,"request":78,"reference":null,"job":null,"n":0,"x":0,"y":0}
[completion-event] {"processOrdinal":1,"v":1,"event":12,"begin":"9190061542","end":"9190062667","thread":82,"request":78,"reference":null,"job":null,"n":0,"x":0,"y":0}
[completion-event] {"processOrdinal":1,"v":1,"event":13,"begin":"9190062667","end":"9190063834","thread":82,"request":78,"reference":null,"job":null,"n":0,"x":0,"y":100}
[completion-event] {"processOrdinal":1,"v":1,"event":10,"begin":"9293022917","end":"9293023125","thread":83,"request":79,"reference":null,"job":null,"n":0,"x":0,"y":0}
[completion-event] {"processOrdinal":1,"v":1,"event":11,"begin":"9293023125","end":"9293024792","thread":83,"request":79,"reference":null,"job":null,"n":0,"x":0,"y":0}
[completion-event] {"processOrdinal":1,"v":1,"event":12,"begin":"9293024792","end":"9293025917","thread":83,"request":79,"reference":null,"job":null,"n":0,"x":0,"y":0}
[completion-event] {"processOrdinal":1,"v":1,"event":13,"begin":"9293025917","end":"9293026875","thread":83,"request":79,"reference":null,"job":null,"n":0,"x":0,"y":100}
[completion-event] {"processOrdinal":1,"v":1,"event":10,"begin":"9396964709","end":"9396964917","thread":84,"request":80,"reference":null,"job":null,"n":0,"x":0,"y":0}
[completion-event] {"processOrdinal":1,"v":1,"event":11,"begin":"9396964917","end":"9396967250","thread":84,"request":80,"reference":null,"job":null,"n":0,"x":0,"y":0}
[completion-event] {"processOrdinal":1,"v":1,"event":12,"begin":"9396967250","end":"9396968625","thread":84,"request":80,"reference":null,"job":null,"n":0,"x":0,"y":0}
[completion-event] {"processOrdinal":1,"v":1,"event":13,"begin":"9396968625","end":"9396970125","thread":84,"request":80,"reference":null,"job":null,"n":0,"x":0,"y":100}
[completion-event] {"processOrdinal":1,"v":1,"event":10,"begin":"9501731500","end":"9501731667","thread":85,"request":81,"reference":null,"job":null,"n":0,"x":0,"y":0}
[completion-event] {"processOrdinal":1,"v":1,"event":11,"begin":"9501731667","end":"9501733375","thread":85,"request":81,"reference":null,"job":null,"n":0,"x":0,"y":0}
[completion-event] {"processOrdinal":1,"v":1,"event":12,"begin":"9501733375","end":"9501734500","thread":85,"request":81,"reference":null,"job":null,"n":0,"x":0,"y":0}
[completion-event] {"processOrdinal":1,"v":1,"event":13,"begin":"9501734500","end":"9501735625","thread":85,"request":81,"reference":null,"job":null,"n":0,"x":0,"y":100}
[completion-event] {"processOrdinal":1,"v":1,"event":10,"begin":"9606214667","end":"9606214792","thread":86,"request":82,"reference":null,"job":null,"n":0,"x":0,"y":0}
[completion-event] {"processOrdinal":1,"v":1,"event":11,"begin":"9606214792","end":"9606217042","thread":86,"request":82,"reference":null,"job":null,"n":0,"x":0,"y":0}
[completion-event] {"processOrdinal":1,"v":1,"event":12,"begin":"9606217042","end":"9606218292","thread":86,"request":82,"reference":null,"job":null,"n":0,"x":0,"y":0}
[completion-event] {"processOrdinal":1,"v":1,"event":13,"begin":"9606218292","end":"9606219250","thread":86,"request":82,"reference":null,"job":null,"n":0,"x":0,"y":100}
[completion-event] {"processOrdinal":1,"v":1,"event":10,"begin":"9710446459","end":"9720148584","thread":87,"request":83,"reference":null,"job":null,"n":1,"x":1,"y":0}
[completion-event] {"processOrdinal":1,"v":1,"event":11,"begin":"9720148584","end":"9720155375","thread":87,"request":83,"reference":null,"job":null,"n":0,"x":0,"y":0}
[completion-event] {"processOrdinal":1,"v":1,"event":12,"begin":"9720155375","end":"9720156959","thread":87,"request":83,"reference":null,"job":null,"n":0,"x":0,"y":0}
[completion-event] {"processOrdinal":1,"v":1,"event":13,"begin":"9720156959","end":"9720158584","thread":87,"request":83,"reference":null,"job":null,"n":0,"x":0,"y":100}
[completion-event] {"processOrdinal":1,"v":1,"event":1,"begin":"9897285792","end":"9897285792","thread":88,"request":0,"reference":"03d16a9d4a022a1c2fe7f995dc4e890e13e9e2e986cc438ccefa6e62ff5c9b87","job":null,"n":0,"x":0,"y":0}
[completion-event] {"processOrdinal":1,"v":1,"event":1,"begin":"9903221500","end":"9903221500","thread":88,"request":0,"reference":"2c37b723da068c4cc638f574aae351f457afc0ae222d8384f15d4b6233e07022","job":null,"n":0,"x":0,"y":0}
[completion-event] {"processOrdinal":1,"v":1,"event":1,"begin":"9905274750","end":"9905274750","thread":88,"request":0,"reference":"bc9d54fb48c92524c5a4b1caf90074e07276cc25ddbe7d17334cdf6695be7ba7","job":null,"n":0,"x":0,"y":0}
[completion-event] {"processOrdinal":1,"v":1,"event":1,"begin":"9906885250","end":"9906885250","thread":88,"request":0,"reference":"00f89f27765fadd149dbf219b831a1fa9efab6a55fbf3aacbb2814664ba2224c","job":null,"n":0,"x":0,"y":0}
[completion-event] {"processOrdinal":1,"v":1,"event":10,"begin":"9913898500","end":"9939976042","thread":91,"request":84,"reference":null,"job":null,"n":5,"x":1,"y":0}
[completion-event] {"processOrdinal":1,"v":1,"event":11,"begin":"9939976042","end":"9939983667","thread":91,"request":84,"reference":null,"job":null,"n":0,"x":0,"y":0}
[completion-event] {"processOrdinal":1,"v":1,"event":12,"begin":"9939983667","end":"9939985250","thread":91,"request":84,"reference":null,"job":null,"n":0,"x":0,"y":0}
[completion-event] {"processOrdinal":1,"v":1,"event":13,"begin":"9939985250","end":"9939986084","thread":91,"request":84,"reference":null,"job":null,"n":0,"x":0,"y":100}
[completion-event] {"processOrdinal":1,"v":1,"event":10,"begin":"10046565959","end":"10056477625","thread":92,"request":85,"reference":null,"job":null,"n":5,"x":1,"y":0}
[completion-event] {"processOrdinal":1,"v":1,"event":11,"begin":"10056477625","end":"10056485959","thread":92,"request":85,"reference":null,"job":null,"n":0,"x":0,"y":0}
[completion-event] {"processOrdinal":1,"v":1,"event":12,"begin":"10056485959","end":"10056487917","thread":92,"request":85,"reference":null,"job":null,"n":0,"x":0,"y":0}
[completion-event] {"processOrdinal":1,"v":1,"event":13,"begin":"10056487917","end":"10056489209","thread":92,"request":85,"reference":null,"job":null,"n":0,"x":0,"y":100}
[completion-event] {"processOrdinal":1,"v":1,"event":10,"begin":"10163897625","end":"10174310542","thread":93,"request":86,"reference":null,"job":null,"n":5,"x":1,"y":0}
[completion-event] {"processOrdinal":1,"v":1,"event":11,"begin":"10174310542","end":"10174317584","thread":93,"request":86,"reference":null,"job":null,"n":0,"x":0,"y":0}
[completion-event] {"processOrdinal":1,"v":1,"event":12,"begin":"10174317584","end":"10174319084","thread":93,"request":86,"reference":null,"job":null,"n":0,"x":0,"y":0}
[completion-event] {"processOrdinal":1,"v":1,"event":13,"begin":"10174319084","end":"10174320250","thread":93,"request":86,"reference":null,"job":null,"n":0,"x":0,"y":100}
[completion-event] {"processOrdinal":1,"v":1,"event":10,"begin":"10281397292","end":"10291100167","thread":94,"request":87,"reference":null,"job":null,"n":5,"x":1,"y":0}
[completion-event] {"processOrdinal":1,"v":1,"event":11,"begin":"10291100167","end":"10291108125","thread":94,"request":87,"reference":null,"job":null,"n":0,"x":0,"y":0}
[completion-event] {"processOrdinal":1,"v":1,"event":12,"begin":"10291108125","end":"10291109792","thread":94,"request":87,"reference":null,"job":null,"n":0,"x":0,"y":0}
[completion-event] {"processOrdinal":1,"v":1,"event":13,"begin":"10291109792","end":"10291111084","thread":94,"request":87,"reference":null,"job":null,"n":0,"x":0,"y":100}
[completion-event] {"processOrdinal":1,"v":1,"event":10,"begin":"10395621417","end":"10405075959","thread":95,"request":88,"reference":null,"job":null,"n":5,"x":1,"y":0}
[completion-event] {"processOrdinal":1,"v":1,"event":11,"begin":"10405075959","end":"10405084500","thread":95,"request":88,"reference":null,"job":null,"n":0,"x":0,"y":0}
[completion-event] {"processOrdinal":1,"v":1,"event":12,"begin":"10405084500","end":"10405085917","thread":95,"request":88,"reference":null,"job":null,"n":0,"x":0,"y":0}
[completion-event] {"processOrdinal":1,"v":1,"event":13,"begin":"10405085917","end":"10405087084","thread":95,"request":88,"reference":null,"job":null,"n":0,"x":0,"y":100}
[completion-event] {"processOrdinal":1,"v":1,"event":10,"begin":"10510999084","end":"10520809584","thread":96,"request":89,"reference":null,"job":null,"n":5,"x":1,"y":0}
[completion-event] {"processOrdinal":1,"v":1,"event":11,"begin":"10520809584","end":"10520816500","thread":96,"request":89,"reference":null,"job":null,"n":0,"x":0,"y":0}
[completion-event] {"processOrdinal":1,"v":1,"event":12,"begin":"10520816500","end":"10520817625","thread":96,"request":89,"reference":null,"job":null,"n":0,"x":0,"y":0}
[completion-event] {"processOrdinal":1,"v":1,"event":13,"begin":"10520817625","end":"10520818625","thread":96,"request":89,"reference":null,"job":null,"n":0,"x":0,"y":100}
[completion-event] {"processOrdinal":1,"v":1,"event":10,"begin":"10627185834","end":"10636945500","thread":97,"request":90,"reference":null,"job":null,"n":5,"x":1,"y":0}
[completion-event] {"processOrdinal":1,"v":1,"event":11,"begin":"10636945500","end":"10636952584","thread":97,"request":90,"reference":null,"job":null,"n":0,"x":0,"y":0}
[completion-event] {"processOrdinal":1,"v":1,"event":12,"begin":"10636952584","end":"10636953834","thread":97,"request":90,"reference":null,"job":null,"n":0,"x":0,"y":0}
[completion-event] {"processOrdinal":1,"v":1,"event":13,"begin":"10636953834","end":"10636955000","thread":97,"request":90,"reference":null,"job":null,"n":0,"x":0,"y":100}
[completion-event] {"processOrdinal":1,"v":1,"event":10,"begin":"10742631334","end":"10752453417","thread":98,"request":91,"reference":null,"job":null,"n":5,"x":1,"y":0}
[completion-event] {"processOrdinal":1,"v":1,"event":11,"begin":"10752453417","end":"10752459959","thread":98,"request":91,"reference":null,"job":null,"n":0,"x":0,"y":0}
[completion-event] {"processOrdinal":1,"v":1,"event":12,"begin":"10752459959","end":"10752461125","thread":98,"request":91,"reference":null,"job":null,"n":0,"x":0,"y":0}
[completion-event] {"processOrdinal":1,"v":1,"event":13,"begin":"10752461125","end":"10752461917","thread":98,"request":91,"reference":null,"job":null,"n":0,"x":0,"y":100}
[completion-event] {"processOrdinal":1,"v":1,"event":10,"begin":"10858892250","end":"10868777750","thread":99,"request":92,"reference":null,"job":null,"n":5,"x":1,"y":0}
[completion-event] {"processOrdinal":1,"v":1,"event":11,"begin":"10868777750","end":"10868785250","thread":99,"request":92,"reference":null,"job":null,"n":0,"x":0,"y":0}
[completion-event] {"processOrdinal":1,"v":1,"event":12,"begin":"10868785250","end":"10868786584","thread":99,"request":92,"reference":null,"job":null,"n":0,"x":0,"y":0}
[completion-event] {"processOrdinal":1,"v":1,"event":13,"begin":"10868786584","end":"10868788042","thread":99,"request":92,"reference":null,"job":null,"n":0,"x":0,"y":100}
[completion-event] {"processOrdinal":1,"v":1,"event":10,"begin":"10974060000","end":"10984956959","thread":100,"request":93,"reference":null,"job":null,"n":5,"x":1,"y":0}
[completion-event] {"processOrdinal":1,"v":1,"event":11,"begin":"10984956959","end":"10984979667","thread":100,"request":93,"reference":null,"job":null,"n":0,"x":0,"y":0}
[completion-event] {"processOrdinal":1,"v":1,"event":12,"begin":"10984979667","end":"10984994875","thread":100,"request":93,"reference":null,"job":null,"n":0,"x":0,"y":0}
[completion-event] {"processOrdinal":1,"v":1,"event":13,"begin":"10984994875","end":"10985012750","thread":100,"request":93,"reference":null,"job":null,"n":0,"x":0,"y":100}
[completion-event] {"processOrdinal":1,"v":1,"event":10,"begin":"11090572084","end":"11100265625","thread":101,"request":94,"reference":null,"job":null,"n":5,"x":1,"y":0}
[completion-event] {"processOrdinal":1,"v":1,"event":11,"begin":"11100265625","end":"11100273167","thread":101,"request":94,"reference":null,"job":null,"n":0,"x":0,"y":0}
[completion-event] {"processOrdinal":1,"v":1,"event":12,"begin":"11100273167","end":"11100275042","thread":101,"request":94,"reference":null,"job":null,"n":0,"x":0,"y":0}
[completion-event] {"processOrdinal":1,"v":1,"event":13,"begin":"11100275042","end":"11100276334","thread":101,"request":94,"reference":null,"job":null,"n":0,"x":0,"y":100}
[completion-event] {"processOrdinal":1,"v":1,"event":10,"begin":"11206790459","end":"11216489875","thread":102,"request":95,"reference":null,"job":null,"n":5,"x":1,"y":0}
[completion-event] {"processOrdinal":1,"v":1,"event":11,"begin":"11216489875","end":"11216497584","thread":102,"request":95,"reference":null,"job":null,"n":0,"x":0,"y":0}
[completion-event] {"processOrdinal":1,"v":1,"event":12,"begin":"11216497584","end":"11216499500","thread":102,"request":95,"reference":null,"job":null,"n":0,"x":0,"y":0}
[completion-event] {"processOrdinal":1,"v":1,"event":13,"begin":"11216499500","end":"11216500667","thread":102,"request":95,"reference":null,"job":null,"n":0,"x":0,"y":100}
[completion-event] {"processOrdinal":1,"v":1,"event":10,"begin":"11322467375","end":"11332418417","thread":103,"request":96,"reference":null,"job":null,"n":5,"x":1,"y":0}
[completion-event] {"processOrdinal":1,"v":1,"event":11,"begin":"11332418417","end":"11332426709","thread":103,"request":96,"reference":null,"job":null,"n":0,"x":0,"y":0}
[completion-event] {"processOrdinal":1,"v":1,"event":12,"begin":"11332426709","end":"11332428584","thread":103,"request":96,"reference":null,"job":null,"n":0,"x":0,"y":0}
[completion-event] {"processOrdinal":1,"v":1,"event":13,"begin":"11332428584","end":"11332429709","thread":103,"request":96,"reference":null,"job":null,"n":0,"x":0,"y":100}
[completion-event] {"processOrdinal":1,"v":1,"event":10,"begin":"11439127000","end":"11449118709","thread":104,"request":97,"reference":null,"job":null,"n":5,"x":1,"y":0}
[completion-event] {"processOrdinal":1,"v":1,"event":11,"begin":"11449118709","end":"11449126917","thread":104,"request":97,"reference":null,"job":null,"n":0,"x":0,"y":0}
[completion-event] {"processOrdinal":1,"v":1,"event":12,"begin":"11449126917","end":"11449128459","thread":104,"request":97,"reference":null,"job":null,"n":0,"x":0,"y":0}
[completion-event] {"processOrdinal":1,"v":1,"event":13,"begin":"11449128459","end":"11449129750","thread":104,"request":97,"reference":null,"job":null,"n":0,"x":0,"y":100}
[completion-event] {"processOrdinal":1,"v":1,"event":10,"begin":"11555332542","end":"11565272792","thread":105,"request":98,"reference":null,"job":null,"n":5,"x":1,"y":0}
[completion-event] {"processOrdinal":1,"v":1,"event":11,"begin":"11565272792","end":"11565279542","thread":105,"request":98,"reference":null,"job":null,"n":0,"x":0,"y":0}
[completion-event] {"processOrdinal":1,"v":1,"event":12,"begin":"11565279542","end":"11565280917","thread":105,"request":98,"reference":null,"job":null,"n":0,"x":0,"y":0}
[completion-event] {"processOrdinal":1,"v":1,"event":13,"begin":"11565280917","end":"11565281834","thread":105,"request":98,"reference":null,"job":null,"n":0,"x":0,"y":100}
[completion-event] {"processOrdinal":1,"v":1,"event":10,"begin":"11672135292","end":"11682292667","thread":106,"request":99,"reference":null,"job":null,"n":5,"x":1,"y":0}
[completion-event] {"processOrdinal":1,"v":1,"event":11,"begin":"11682292667","end":"11682300084","thread":106,"request":99,"reference":null,"job":null,"n":0,"x":0,"y":0}
[completion-event] {"processOrdinal":1,"v":1,"event":12,"begin":"11682300084","end":"11682302292","thread":106,"request":99,"reference":null,"job":null,"n":0,"x":0,"y":0}
[completion-event] {"processOrdinal":1,"v":1,"event":13,"begin":"11682302292","end":"11682303459","thread":106,"request":99,"reference":null,"job":null,"n":0,"x":0,"y":100}
[completion-event] {"processOrdinal":1,"v":1,"event":10,"begin":"11789104292","end":"11798900584","thread":107,"request":100,"reference":null,"job":null,"n":5,"x":1,"y":0}
[completion-event] {"processOrdinal":1,"v":1,"event":11,"begin":"11798900584","end":"11798908167","thread":107,"request":100,"reference":null,"job":null,"n":0,"x":0,"y":0}
[completion-event] {"processOrdinal":1,"v":1,"event":12,"begin":"11798908167","end":"11798910125","thread":107,"request":100,"reference":null,"job":null,"n":0,"x":0,"y":0}
[completion-event] {"processOrdinal":1,"v":1,"event":13,"begin":"11798910125","end":"11798911292","thread":107,"request":100,"reference":null,"job":null,"n":0,"x":0,"y":100}
[completion-event] {"processOrdinal":1,"v":1,"event":10,"begin":"11905037667","end":"11914836959","thread":108,"request":101,"reference":null,"job":null,"n":5,"x":1,"y":0}
[completion-event] {"processOrdinal":1,"v":1,"event":11,"begin":"11914836959","end":"11914844750","thread":108,"request":101,"reference":null,"job":null,"n":0,"x":0,"y":0}
[completion-event] {"processOrdinal":1,"v":1,"event":12,"begin":"11914844750","end":"11914846667","thread":108,"request":101,"reference":null,"job":null,"n":0,"x":0,"y":0}
[completion-event] {"processOrdinal":1,"v":1,"event":13,"begin":"11914846667","end":"11914847625","thread":108,"request":101,"reference":null,"job":null,"n":0,"x":0,"y":100}
[completion-event] {"processOrdinal":1,"v":1,"event":10,"begin":"12021268375","end":"12031017917","thread":109,"request":102,"reference":null,"job":null,"n":5,"x":1,"y":0}
[completion-event] {"processOrdinal":1,"v":1,"event":11,"begin":"12031017917","end":"12031025709","thread":109,"request":102,"reference":null,"job":null,"n":0,"x":0,"y":0}
[completion-event] {"processOrdinal":1,"v":1,"event":12,"begin":"12031025709","end":"12031027792","thread":109,"request":102,"reference":null,"job":null,"n":0,"x":0,"y":0}
[completion-event] {"processOrdinal":1,"v":1,"event":13,"begin":"12031027792","end":"12031029042","thread":109,"request":102,"reference":null,"job":null,"n":0,"x":0,"y":100}
[completion-event] {"processOrdinal":1,"v":1,"event":10,"begin":"12134876084","end":"12144742542","thread":110,"request":103,"reference":null,"job":null,"n":5,"x":1,"y":0}
[completion-event] {"processOrdinal":1,"v":1,"event":11,"begin":"12144742542","end":"12144749834","thread":110,"request":103,"reference":null,"job":null,"n":0,"x":0,"y":0}
[completion-event] {"processOrdinal":1,"v":1,"event":12,"begin":"12144749834","end":"12144751292","thread":110,"request":103,"reference":null,"job":null,"n":0,"x":0,"y":0}
[completion-event] {"processOrdinal":1,"v":1,"event":13,"begin":"12144751292","end":"12144752792","thread":110,"request":103,"reference":null,"job":null,"n":0,"x":0,"y":100}
[completion-event] {"processOrdinal":1,"v":1,"event":10,"begin":"12250995042","end":"12260906084","thread":111,"request":104,"reference":null,"job":null,"n":5,"x":1,"y":0}
[completion-event] {"processOrdinal":1,"v":1,"event":11,"begin":"12260906084","end":"12260914584","thread":111,"request":104,"reference":null,"job":null,"n":0,"x":0,"y":0}
[completion-event] {"processOrdinal":1,"v":1,"event":12,"begin":"12260914584","end":"12260916959","thread":111,"request":104,"reference":null,"job":null,"n":0,"x":0,"y":0}
[completion-event] {"processOrdinal":1,"v":1,"event":13,"begin":"12260916959","end":"12260918125","thread":111,"request":104,"reference":null,"job":null,"n":0,"x":0,"y":100}
[completion-event] {"processOrdinal":1,"v":1,"event":10,"begin":"12367370834","end":"12378043209","thread":112,"request":105,"reference":null,"job":null,"n":5,"x":1,"y":0}
[completion-event] {"processOrdinal":1,"v":1,"event":11,"begin":"12378043209","end":"12378051125","thread":112,"request":105,"reference":null,"job":null,"n":0,"x":0,"y":0}
[completion-event] {"processOrdinal":1,"v":1,"event":12,"begin":"12378051125","end":"12378052542","thread":112,"request":105,"reference":null,"job":null,"n":0,"x":0,"y":0}
[completion-event] {"processOrdinal":1,"v":1,"event":13,"begin":"12378052542","end":"12378053750","thread":112,"request":105,"reference":null,"job":null,"n":0,"x":0,"y":100}
[completion-event] {"processOrdinal":1,"v":1,"event":10,"begin":"12485467667","end":"12494947709","thread":113,"request":106,"reference":null,"job":null,"n":5,"x":1,"y":0}
[completion-event] {"processOrdinal":1,"v":1,"event":11,"begin":"12494947709","end":"12494954875","thread":113,"request":106,"reference":null,"job":null,"n":0,"x":0,"y":0}
[completion-event] {"processOrdinal":1,"v":1,"event":12,"begin":"12494954875","end":"12494956125","thread":113,"request":106,"reference":null,"job":null,"n":0,"x":0,"y":0}
[completion-event] {"processOrdinal":1,"v":1,"event":13,"begin":"12494956125","end":"12494956917","thread":113,"request":106,"reference":null,"job":null,"n":0,"x":0,"y":100}
[completion-event] {"processOrdinal":1,"v":1,"event":10,"begin":"12601305834","end":"12612103500","thread":114,"request":107,"reference":null,"job":null,"n":5,"x":1,"y":0}
[completion-event] {"processOrdinal":1,"v":1,"event":11,"begin":"12612103500","end":"12612111625","thread":114,"request":107,"reference":null,"job":null,"n":0,"x":0,"y":0}
[completion-event] {"processOrdinal":1,"v":1,"event":12,"begin":"12612111625","end":"12612112875","thread":114,"request":107,"reference":null,"job":null,"n":0,"x":0,"y":0}
[completion-event] {"processOrdinal":1,"v":1,"event":13,"begin":"12612112875","end":"12612114000","thread":114,"request":107,"reference":null,"job":null,"n":0,"x":0,"y":100}
[completion-event] {"processOrdinal":1,"v":1,"event":10,"begin":"12719194834","end":"12729217834","thread":115,"request":108,"reference":null,"job":null,"n":5,"x":1,"y":0}
[completion-event] {"processOrdinal":1,"v":1,"event":11,"begin":"12729217834","end":"12729227334","thread":115,"request":108,"reference":null,"job":null,"n":0,"x":0,"y":0}
[completion-event] {"processOrdinal":1,"v":1,"event":12,"begin":"12729227334","end":"12729228667","thread":115,"request":108,"reference":null,"job":null,"n":0,"x":0,"y":0}
[completion-event] {"processOrdinal":1,"v":1,"event":13,"begin":"12729228667","end":"12729230292","thread":115,"request":108,"reference":null,"job":null,"n":0,"x":0,"y":100}
[completion-event] {"processOrdinal":1,"v":1,"event":10,"begin":"12835995667","end":"12846579417","thread":116,"request":109,"reference":null,"job":null,"n":5,"x":1,"y":0}
[completion-event] {"processOrdinal":1,"v":1,"event":11,"begin":"12846579417","end":"12846587584","thread":116,"request":109,"reference":null,"job":null,"n":0,"x":0,"y":0}
[completion-event] {"processOrdinal":1,"v":1,"event":12,"begin":"12846587584","end":"12846589334","thread":116,"request":109,"reference":null,"job":null,"n":0,"x":0,"y":0}
[completion-event] {"processOrdinal":1,"v":1,"event":13,"begin":"12846589334","end":"12846590375","thread":116,"request":109,"reference":null,"job":null,"n":0,"x":0,"y":100}
[completion-event] {"processOrdinal":1,"v":1,"event":10,"begin":"12952872917","end":"12962722000","thread":117,"request":110,"reference":null,"job":null,"n":5,"x":1,"y":0}
[completion-event] {"processOrdinal":1,"v":1,"event":11,"begin":"12962722000","end":"12962729417","thread":117,"request":110,"reference":null,"job":null,"n":0,"x":0,"y":0}
[completion-event] {"processOrdinal":1,"v":1,"event":12,"begin":"12962729417","end":"12962731834","thread":117,"request":110,"reference":null,"job":null,"n":0,"x":0,"y":0}
[completion-event] {"processOrdinal":1,"v":1,"event":13,"begin":"12962731834","end":"12962732709","thread":117,"request":110,"reference":null,"job":null,"n":0,"x":0,"y":100}
[completion-event] {"processOrdinal":1,"v":1,"event":10,"begin":"13069449792","end":"13079280334","thread":118,"request":111,"reference":null,"job":null,"n":5,"x":1,"y":0}
[completion-event] {"processOrdinal":1,"v":1,"event":11,"begin":"13079280334","end":"13079288084","thread":118,"request":111,"reference":null,"job":null,"n":0,"x":0,"y":0}
[completion-event] {"processOrdinal":1,"v":1,"event":12,"begin":"13079288084","end":"13079289417","thread":118,"request":111,"reference":null,"job":null,"n":0,"x":0,"y":0}
[completion-event] {"processOrdinal":1,"v":1,"event":13,"begin":"13079289417","end":"13079291125","thread":118,"request":111,"reference":null,"job":null,"n":0,"x":0,"y":100}
[completion-event] {"processOrdinal":1,"v":1,"event":10,"begin":"13186253375","end":"13197840917","thread":119,"request":112,"reference":null,"job":null,"n":5,"x":1,"y":0}
[completion-event] {"processOrdinal":1,"v":1,"event":11,"begin":"13197840917","end":"13197847250","thread":119,"request":112,"reference":null,"job":null,"n":0,"x":0,"y":0}
[completion-event] {"processOrdinal":1,"v":1,"event":12,"begin":"13197847250","end":"13197848834","thread":119,"request":112,"reference":null,"job":null,"n":0,"x":0,"y":0}
[completion-event] {"processOrdinal":1,"v":1,"event":13,"begin":"13197848834","end":"13197849667","thread":119,"request":112,"reference":null,"job":null,"n":0,"x":0,"y":100}
[completion-event] {"processOrdinal":1,"v":1,"event":10,"begin":"13302850500","end":"13312827334","thread":120,"request":113,"reference":null,"job":null,"n":5,"x":1,"y":0}
[completion-event] {"processOrdinal":1,"v":1,"event":11,"begin":"13312827334","end":"13312835292","thread":120,"request":113,"reference":null,"job":null,"n":0,"x":0,"y":0}
[completion-event] {"processOrdinal":1,"v":1,"event":12,"begin":"13312835292","end":"13312836875","thread":120,"request":113,"reference":null,"job":null,"n":0,"x":0,"y":0}
[completion-event] {"processOrdinal":1,"v":1,"event":13,"begin":"13312836875","end":"13312837792","thread":120,"request":113,"reference":null,"job":null,"n":0,"x":0,"y":100}
[completion-event] {"processOrdinal":1,"v":1,"event":10,"begin":"13418567375","end":"13428537459","thread":121,"request":114,"reference":null,"job":null,"n":5,"x":1,"y":0}
[completion-event] {"processOrdinal":1,"v":1,"event":11,"begin":"13428537459","end":"13428545292","thread":121,"request":114,"reference":null,"job":null,"n":0,"x":0,"y":0}
[completion-event] {"processOrdinal":1,"v":1,"event":12,"begin":"13428545292","end":"13428547417","thread":121,"request":114,"reference":null,"job":null,"n":0,"x":0,"y":0}
[completion-event] {"processOrdinal":1,"v":1,"event":13,"begin":"13428547417","end":"13428548667","thread":121,"request":114,"reference":null,"job":null,"n":0,"x":0,"y":100}
[completion-event] {"processOrdinal":1,"v":1,"event":10,"begin":"13534731709","end":"13544640667","thread":122,"request":115,"reference":null,"job":null,"n":5,"x":1,"y":0}
[completion-event] {"processOrdinal":1,"v":1,"event":11,"begin":"13544640667","end":"13544648709","thread":122,"request":115,"reference":null,"job":null,"n":0,"x":0,"y":0}
[completion-event] {"processOrdinal":1,"v":1,"event":12,"begin":"13544648709","end":"13544650834","thread":122,"request":115,"reference":null,"job":null,"n":0,"x":0,"y":0}
[completion-event] {"processOrdinal":1,"v":1,"event":13,"begin":"13544650834","end":"13544652084","thread":122,"request":115,"reference":null,"job":null,"n":0,"x":0,"y":100}
[completion-event] {"processOrdinal":1,"v":1,"event":10,"begin":"13652992792","end":"13663114500","thread":123,"request":116,"reference":null,"job":null,"n":5,"x":1,"y":0}
[completion-event] {"processOrdinal":1,"v":1,"event":11,"begin":"13663114500","end":"13663122584","thread":123,"request":116,"reference":null,"job":null,"n":0,"x":0,"y":0}
[completion-event] {"processOrdinal":1,"v":1,"event":12,"begin":"13663122584","end":"13663123834","thread":123,"request":116,"reference":null,"job":null,"n":0,"x":0,"y":0}
[completion-event] {"processOrdinal":1,"v":1,"event":13,"begin":"13663123834","end":"13663125042","thread":123,"request":116,"reference":null,"job":null,"n":0,"x":0,"y":100}
[completion-event] {"processOrdinal":1,"v":1,"event":10,"begin":"13769603500","end":"13779663709","thread":124,"request":117,"reference":null,"job":null,"n":5,"x":1,"y":0}
[completion-event] {"processOrdinal":1,"v":1,"event":11,"begin":"13779663709","end":"13779677334","thread":124,"request":117,"reference":null,"job":null,"n":0,"x":0,"y":0}
[completion-event] {"processOrdinal":1,"v":1,"event":12,"begin":"13779677334","end":"13779680292","thread":124,"request":117,"reference":null,"job":null,"n":0,"x":0,"y":0}
[completion-event] {"processOrdinal":1,"v":1,"event":13,"begin":"13779680292","end":"13779681792","thread":124,"request":117,"reference":null,"job":null,"n":0,"x":0,"y":100}
[completion-event] {"processOrdinal":1,"v":1,"event":10,"begin":"13886473459","end":"13896262084","thread":125,"request":118,"reference":null,"job":null,"n":5,"x":1,"y":0}
[completion-event] {"processOrdinal":1,"v":1,"event":11,"begin":"13896262084","end":"13896269542","thread":125,"request":118,"reference":null,"job":null,"n":0,"x":0,"y":0}
[completion-event] {"processOrdinal":1,"v":1,"event":12,"begin":"13896269542","end":"13896271667","thread":125,"request":118,"reference":null,"job":null,"n":0,"x":0,"y":0}
[completion-event] {"processOrdinal":1,"v":1,"event":13,"begin":"13896271667","end":"13896272542","thread":125,"request":118,"reference":null,"job":null,"n":0,"x":0,"y":100}
[completion-event] {"processOrdinal":1,"v":1,"event":10,"begin":"14003368417","end":"14012962042","thread":126,"request":119,"reference":null,"job":null,"n":5,"x":1,"y":0}
[completion-event] {"processOrdinal":1,"v":1,"event":11,"begin":"14012962042","end":"14012969209","thread":126,"request":119,"reference":null,"job":null,"n":0,"x":0,"y":0}
[completion-event] {"processOrdinal":1,"v":1,"event":12,"begin":"14012969209","end":"14012970625","thread":126,"request":119,"reference":null,"job":null,"n":0,"x":0,"y":0}
[completion-event] {"processOrdinal":1,"v":1,"event":13,"begin":"14012970625","end":"14012971584","thread":126,"request":119,"reference":null,"job":null,"n":0,"x":0,"y":100}
[completion-event] {"processOrdinal":1,"v":1,"event":10,"begin":"14118420417","end":"14128318792","thread":127,"request":120,"reference":null,"job":null,"n":5,"x":1,"y":0}
[completion-event] {"processOrdinal":1,"v":1,"event":11,"begin":"14128318792","end":"14128325917","thread":127,"request":120,"reference":null,"job":null,"n":0,"x":0,"y":0}
[completion-event] {"processOrdinal":1,"v":1,"event":12,"begin":"14128325917","end":"14128327167","thread":127,"request":120,"reference":null,"job":null,"n":0,"x":0,"y":0}
[completion-event] {"processOrdinal":1,"v":1,"event":13,"begin":"14128327167","end":"14128328042","thread":127,"request":120,"reference":null,"job":null,"n":0,"x":0,"y":100}
[completion-event] {"processOrdinal":1,"v":1,"event":10,"begin":"14234012084","end":"14243806209","thread":128,"request":121,"reference":null,"job":null,"n":5,"x":1,"y":0}
[completion-event] {"processOrdinal":1,"v":1,"event":11,"begin":"14243806209","end":"14243813625","thread":128,"request":121,"reference":null,"job":null,"n":0,"x":0,"y":0}
[completion-event] {"processOrdinal":1,"v":1,"event":12,"begin":"14243813625","end":"14243814959","thread":128,"request":121,"reference":null,"job":null,"n":0,"x":0,"y":0}
[completion-event] {"processOrdinal":1,"v":1,"event":13,"begin":"14243814959","end":"14243816042","thread":128,"request":121,"reference":null,"job":null,"n":0,"x":0,"y":100}
[completion-event] {"processOrdinal":1,"v":1,"event":10,"begin":"14349336042","end":"14359604750","thread":129,"request":122,"reference":null,"job":null,"n":5,"x":1,"y":0}
[completion-event] {"processOrdinal":1,"v":1,"event":11,"begin":"14359604750","end":"14359611834","thread":129,"request":122,"reference":null,"job":null,"n":0,"x":0,"y":0}
[completion-event] {"processOrdinal":1,"v":1,"event":12,"begin":"14359611834","end":"14359613417","thread":129,"request":122,"reference":null,"job":null,"n":0,"x":0,"y":0}
[completion-event] {"processOrdinal":1,"v":1,"event":13,"begin":"14359613417","end":"14359614417","thread":129,"request":122,"reference":null,"job":null,"n":0,"x":0,"y":100}
[completion-event] {"processOrdinal":1,"v":1,"event":10,"begin":"14465619875","end":"14475184875","thread":130,"request":123,"reference":null,"job":null,"n":5,"x":1,"y":0}
[completion-event] {"processOrdinal":1,"v":1,"event":11,"begin":"14475184875","end":"14475192709","thread":130,"request":123,"reference":null,"job":null,"n":0,"x":0,"y":0}
[completion-event] {"processOrdinal":1,"v":1,"event":12,"begin":"14475192709","end":"14475194125","thread":130,"request":123,"reference":null,"job":null,"n":0,"x":0,"y":0}
[completion-event] {"processOrdinal":1,"v":1,"event":13,"begin":"14475194125","end":"14475195834","thread":130,"request":123,"reference":null,"job":null,"n":0,"x":0,"y":100}
[completion-event] {"processOrdinal":1,"v":1,"event":10,"begin":"14581092834","end":"14590762625","thread":131,"request":124,"reference":null,"job":null,"n":5,"x":1,"y":0}
[completion-event] {"processOrdinal":1,"v":1,"event":11,"begin":"14590762625","end":"14590770542","thread":131,"request":124,"reference":null,"job":null,"n":0,"x":0,"y":0}
[completion-event] {"processOrdinal":1,"v":1,"event":12,"begin":"14590770542","end":"14590772459","thread":131,"request":124,"reference":null,"job":null,"n":0,"x":0,"y":0}
[completion-event] {"processOrdinal":1,"v":1,"event":13,"begin":"14590772459","end":"14590773625","thread":131,"request":124,"reference":null,"job":null,"n":0,"x":0,"y":100}
[completion-event] {"processOrdinal":1,"v":1,"event":10,"begin":"14697297792","end":"14706882042","thread":132,"request":125,"reference":null,"job":null,"n":5,"x":1,"y":0}
[completion-event] {"processOrdinal":1,"v":1,"event":11,"begin":"14706882042","end":"14706889167","thread":132,"request":125,"reference":null,"job":null,"n":0,"x":0,"y":0}
[completion-event] {"processOrdinal":1,"v":1,"event":12,"begin":"14706889167","end":"14706890334","thread":132,"request":125,"reference":null,"job":null,"n":0,"x":0,"y":0}
[completion-event] {"processOrdinal":1,"v":1,"event":13,"begin":"14706890334","end":"14706891250","thread":132,"request":125,"reference":null,"job":null,"n":0,"x":0,"y":100}
[completion-event] {"processOrdinal":1,"v":1,"event":10,"begin":"14811779000","end":"14821658334","thread":133,"request":126,"reference":null,"job":null,"n":5,"x":1,"y":0}
[completion-event] {"processOrdinal":1,"v":1,"event":11,"begin":"14821658334","end":"14821664875","thread":133,"request":126,"reference":null,"job":null,"n":0,"x":0,"y":0}
[completion-event] {"processOrdinal":1,"v":1,"event":12,"begin":"14821664875","end":"14821666250","thread":133,"request":126,"reference":null,"job":null,"n":0,"x":0,"y":0}
[completion-event] {"processOrdinal":1,"v":1,"event":13,"begin":"14821666250","end":"14821667209","thread":133,"request":126,"reference":null,"job":null,"n":0,"x":0,"y":100}
[completion-event] {"processOrdinal":1,"v":1,"event":10,"begin":"14927889375","end":"14937811875","thread":134,"request":127,"reference":null,"job":null,"n":5,"x":1,"y":0}
[completion-event] {"processOrdinal":1,"v":1,"event":11,"begin":"14937811875","end":"14937820042","thread":134,"request":127,"reference":null,"job":null,"n":0,"x":0,"y":0}
[completion-event] {"processOrdinal":1,"v":1,"event":12,"begin":"14937820042","end":"14937822292","thread":134,"request":127,"reference":null,"job":null,"n":0,"x":0,"y":0}
[completion-event] {"processOrdinal":1,"v":1,"event":13,"begin":"14937822292","end":"14937823292","thread":134,"request":127,"reference":null,"job":null,"n":0,"x":0,"y":100}
[completion-event] {"processOrdinal":1,"v":1,"event":10,"begin":"15043539125","end":"15053877917","thread":135,"request":128,"reference":null,"job":null,"n":5,"x":1,"y":0}
[completion-event] {"processOrdinal":1,"v":1,"event":11,"begin":"15053877917","end":"15053886459","thread":135,"request":128,"reference":null,"job":null,"n":0,"x":0,"y":0}
[completion-event] {"processOrdinal":1,"v":1,"event":12,"begin":"15053886459","end":"15053888250","thread":135,"request":128,"reference":null,"job":null,"n":0,"x":0,"y":0}
[completion-event] {"processOrdinal":1,"v":1,"event":13,"begin":"15053888250","end":"15053889459","thread":135,"request":128,"reference":null,"job":null,"n":0,"x":0,"y":100}
[completion-event] {"processOrdinal":1,"v":1,"event":10,"begin":"15160372292","end":"15170120834","thread":136,"request":129,"reference":null,"job":null,"n":5,"x":1,"y":0}
[completion-event] {"processOrdinal":1,"v":1,"event":11,"begin":"15170120834","end":"15170128584","thread":136,"request":129,"reference":null,"job":null,"n":0,"x":0,"y":0}
[completion-event] {"processOrdinal":1,"v":1,"event":12,"begin":"15170128584","end":"15170131125","thread":136,"request":129,"reference":null,"job":null,"n":0,"x":0,"y":0}
[completion-event] {"processOrdinal":1,"v":1,"event":13,"begin":"15170131125","end":"15170132250","thread":136,"request":129,"reference":null,"job":null,"n":0,"x":0,"y":100}
[completion-event] {"processOrdinal":1,"v":1,"event":10,"begin":"15277219042","end":"15286941667","thread":137,"request":130,"reference":null,"job":null,"n":5,"x":1,"y":0}
[completion-event] {"processOrdinal":1,"v":1,"event":11,"begin":"15286941667","end":"15286948292","thread":137,"request":130,"reference":null,"job":null,"n":0,"x":0,"y":0}
[completion-event] {"processOrdinal":1,"v":1,"event":12,"begin":"15286948292","end":"15286949667","thread":137,"request":130,"reference":null,"job":null,"n":0,"x":0,"y":0}
[completion-event] {"processOrdinal":1,"v":1,"event":13,"begin":"15286949667","end":"15286950667","thread":137,"request":130,"reference":null,"job":null,"n":0,"x":0,"y":100}
[completion-event] {"processOrdinal":1,"v":1,"event":10,"begin":"15393599625","end":"15403328459","thread":138,"request":131,"reference":null,"job":null,"n":5,"x":1,"y":0}
[completion-event] {"processOrdinal":1,"v":1,"event":11,"begin":"15403328459","end":"15403335875","thread":138,"request":131,"reference":null,"job":null,"n":0,"x":0,"y":0}
[completion-event] {"processOrdinal":1,"v":1,"event":12,"begin":"15403335875","end":"15403337209","thread":138,"request":131,"reference":null,"job":null,"n":0,"x":0,"y":0}
[completion-event] {"processOrdinal":1,"v":1,"event":13,"begin":"15403337209","end":"15403338334","thread":138,"request":131,"reference":null,"job":null,"n":0,"x":0,"y":100}
[completion-event] {"processOrdinal":1,"v":1,"event":10,"begin":"15510199250","end":"15519875500","thread":139,"request":132,"reference":null,"job":null,"n":5,"x":1,"y":0}
[completion-event] {"processOrdinal":1,"v":1,"event":11,"begin":"15519875500","end":"15519882875","thread":139,"request":132,"reference":null,"job":null,"n":0,"x":0,"y":0}
[completion-event] {"processOrdinal":1,"v":1,"event":12,"begin":"15519882875","end":"15519884750","thread":139,"request":132,"reference":null,"job":null,"n":0,"x":0,"y":0}
[completion-event] {"processOrdinal":1,"v":1,"event":13,"begin":"15519884750","end":"15519885792","thread":139,"request":132,"reference":null,"job":null,"n":0,"x":0,"y":100}
[completion-event] {"processOrdinal":1,"v":1,"event":10,"begin":"15626455625","end":"15636706042","thread":140,"request":133,"reference":null,"job":null,"n":5,"x":1,"y":0}
[completion-event] {"processOrdinal":1,"v":1,"event":11,"begin":"15636706042","end":"15636714000","thread":140,"request":133,"reference":null,"job":null,"n":0,"x":0,"y":0}
[completion-event] {"processOrdinal":1,"v":1,"event":12,"begin":"15636714000","end":"15636715625","thread":140,"request":133,"reference":null,"job":null,"n":0,"x":0,"y":0}
[completion-event] {"processOrdinal":1,"v":1,"event":13,"begin":"15636715625","end":"15636717250","thread":140,"request":133,"reference":null,"job":null,"n":0,"x":0,"y":100}
[completion-event] {"processOrdinal":1,"v":1,"event":10,"begin":"15743495417","end":"15753557959","thread":141,"request":134,"reference":null,"job":null,"n":5,"x":1,"y":0}
[completion-event] {"processOrdinal":1,"v":1,"event":11,"begin":"15753557959","end":"15753565084","thread":141,"request":134,"reference":null,"job":null,"n":0,"x":0,"y":0}
[completion-event] {"processOrdinal":1,"v":1,"event":12,"begin":"15753565084","end":"15753566834","thread":141,"request":134,"reference":null,"job":null,"n":0,"x":0,"y":0}
[completion-event] {"processOrdinal":1,"v":1,"event":13,"begin":"15753566834","end":"15753568500","thread":141,"request":134,"reference":null,"job":null,"n":0,"x":0,"y":100}
[completion-event] {"processOrdinal":1,"v":1,"event":10,"begin":"15859374459","end":"15869008959","thread":142,"request":135,"reference":null,"job":null,"n":5,"x":1,"y":0}
[completion-event] {"processOrdinal":1,"v":1,"event":11,"begin":"15869008959","end":"15869016125","thread":142,"request":135,"reference":null,"job":null,"n":0,"x":0,"y":0}
[completion-event] {"processOrdinal":1,"v":1,"event":12,"begin":"15869016125","end":"15869017584","thread":142,"request":135,"reference":null,"job":null,"n":0,"x":0,"y":0}
[completion-event] {"processOrdinal":1,"v":1,"event":13,"begin":"15869017584","end":"15869018709","thread":142,"request":135,"reference":null,"job":null,"n":0,"x":0,"y":100}
[completion-event] {"processOrdinal":1,"v":1,"event":10,"begin":"15973454167","end":"15982960250","thread":143,"request":136,"reference":null,"job":null,"n":5,"x":1,"y":0}
[completion-event] {"processOrdinal":1,"v":1,"event":11,"begin":"15982960250","end":"15982967417","thread":143,"request":136,"reference":null,"job":null,"n":0,"x":0,"y":0}
[completion-event] {"processOrdinal":1,"v":1,"event":12,"begin":"15982967417","end":"15982969542","thread":143,"request":136,"reference":null,"job":null,"n":0,"x":0,"y":0}
[completion-event] {"processOrdinal":1,"v":1,"event":13,"begin":"15982969542","end":"15982970667","thread":143,"request":136,"reference":null,"job":null,"n":0,"x":0,"y":100}
[completion-event] {"processOrdinal":1,"v":1,"event":10,"begin":"16089577209","end":"16099612709","thread":144,"request":137,"reference":null,"job":null,"n":5,"x":1,"y":0}
[completion-event] {"processOrdinal":1,"v":1,"event":11,"begin":"16099612709","end":"16099620542","thread":144,"request":137,"reference":null,"job":null,"n":0,"x":0,"y":0}
[completion-event] {"processOrdinal":1,"v":1,"event":12,"begin":"16099620542","end":"16099622542","thread":144,"request":137,"reference":null,"job":null,"n":0,"x":0,"y":0}
[completion-event] {"processOrdinal":1,"v":1,"event":13,"begin":"16099622542","end":"16099623750","thread":144,"request":137,"reference":null,"job":null,"n":0,"x":0,"y":100}
[completion-event] {"processOrdinal":1,"v":1,"event":10,"begin":"16206814834","end":"16216798500","thread":145,"request":138,"reference":null,"job":null,"n":5,"x":1,"y":0}
[completion-event] {"processOrdinal":1,"v":1,"event":11,"begin":"16216798500","end":"16216806417","thread":145,"request":138,"reference":null,"job":null,"n":0,"x":0,"y":0}
[completion-event] {"processOrdinal":1,"v":1,"event":12,"begin":"16216806417","end":"16216808292","thread":145,"request":138,"reference":null,"job":null,"n":0,"x":0,"y":0}
[completion-event] {"processOrdinal":1,"v":1,"event":13,"begin":"16216808292","end":"16216809459","thread":145,"request":138,"reference":null,"job":null,"n":0,"x":0,"y":100}
[completion-event] {"processOrdinal":1,"v":1,"event":10,"begin":"16322002709","end":"16333336667","thread":146,"request":139,"reference":null,"job":null,"n":5,"x":1,"y":0}
[completion-event] {"processOrdinal":1,"v":1,"event":11,"begin":"16333336667","end":"16333342334","thread":146,"request":139,"reference":null,"job":null,"n":0,"x":0,"y":0}
[completion-event] {"processOrdinal":1,"v":1,"event":12,"begin":"16333342334","end":"16333344625","thread":146,"request":139,"reference":null,"job":null,"n":0,"x":0,"y":0}
[completion-event] {"processOrdinal":1,"v":1,"event":13,"begin":"16333344625","end":"16333345459","thread":146,"request":139,"reference":null,"job":null,"n":0,"x":0,"y":100}
[completion-event] {"processOrdinal":1,"v":1,"event":10,"begin":"16440258959","end":"16450173792","thread":147,"request":140,"reference":null,"job":null,"n":5,"x":1,"y":0}
[completion-event] {"processOrdinal":1,"v":1,"event":11,"begin":"16450173792","end":"16450182000","thread":147,"request":140,"reference":null,"job":null,"n":0,"x":0,"y":0}
[completion-event] {"processOrdinal":1,"v":1,"event":12,"begin":"16450182000","end":"16450183959","thread":147,"request":140,"reference":null,"job":null,"n":0,"x":0,"y":0}
[completion-event] {"processOrdinal":1,"v":1,"event":13,"begin":"16450183959","end":"16450185084","thread":147,"request":140,"reference":null,"job":null,"n":0,"x":0,"y":100}
[completion-event] {"processOrdinal":1,"v":1,"event":10,"begin":"16557344417","end":"16566774417","thread":148,"request":141,"reference":null,"job":null,"n":5,"x":1,"y":0}
[completion-event] {"processOrdinal":1,"v":1,"event":11,"begin":"16566774417","end":"16566781375","thread":148,"request":141,"reference":null,"job":null,"n":0,"x":0,"y":0}
[completion-event] {"processOrdinal":1,"v":1,"event":12,"begin":"16566781375","end":"16566783667","thread":148,"request":141,"reference":null,"job":null,"n":0,"x":0,"y":0}
[completion-event] {"processOrdinal":1,"v":1,"event":13,"begin":"16566783667","end":"16566784709","thread":148,"request":141,"reference":null,"job":null,"n":0,"x":0,"y":100}
[completion-event] {"processOrdinal":1,"v":1,"event":10,"begin":"16673218375","end":"16682765334","thread":149,"request":142,"reference":null,"job":null,"n":5,"x":1,"y":0}
[completion-event] {"processOrdinal":1,"v":1,"event":11,"begin":"16682765334","end":"16682772542","thread":149,"request":142,"reference":null,"job":null,"n":0,"x":0,"y":0}
[completion-event] {"processOrdinal":1,"v":1,"event":12,"begin":"16682772542","end":"16682774125","thread":149,"request":142,"reference":null,"job":null,"n":0,"x":0,"y":0}
[completion-event] {"processOrdinal":1,"v":1,"event":13,"begin":"16682774125","end":"16682775292","thread":149,"request":142,"reference":null,"job":null,"n":0,"x":0,"y":100}
[completion-event] {"processOrdinal":1,"v":1,"event":10,"begin":"16789402417","end":"16799130917","thread":150,"request":143,"reference":null,"job":null,"n":5,"x":1,"y":0}
[completion-event] {"processOrdinal":1,"v":1,"event":11,"begin":"16799130917","end":"16799137875","thread":150,"request":143,"reference":null,"job":null,"n":0,"x":0,"y":0}
[completion-event] {"processOrdinal":1,"v":1,"event":12,"begin":"16799137875","end":"16799139209","thread":150,"request":143,"reference":null,"job":null,"n":0,"x":0,"y":0}
[completion-event] {"processOrdinal":1,"v":1,"event":13,"begin":"16799139209","end":"16799140250","thread":150,"request":143,"reference":null,"job":null,"n":0,"x":0,"y":100}
[completion-event] {"processOrdinal":1,"v":1,"event":10,"begin":"16906584250","end":"16918152417","thread":151,"request":144,"reference":null,"job":null,"n":5,"x":1,"y":0}
[completion-event] {"processOrdinal":1,"v":1,"event":11,"begin":"16918152417","end":"16918159542","thread":151,"request":144,"reference":null,"job":null,"n":0,"x":0,"y":0}
[completion-event] {"processOrdinal":1,"v":1,"event":12,"begin":"16918159542","end":"16918161625","thread":151,"request":144,"reference":null,"job":null,"n":0,"x":0,"y":0}
[completion-event] {"processOrdinal":1,"v":1,"event":13,"begin":"16918161625","end":"16918162792","thread":151,"request":144,"reference":null,"job":null,"n":0,"x":0,"y":100}
[completion-event] {"processOrdinal":1,"v":1,"event":10,"begin":"17025682625","end":"17035626250","thread":152,"request":145,"reference":null,"job":null,"n":5,"x":1,"y":0}
[completion-event] {"processOrdinal":1,"v":1,"event":11,"begin":"17035626250","end":"17035634125","thread":152,"request":145,"reference":null,"job":null,"n":0,"x":0,"y":0}
[completion-event] {"processOrdinal":1,"v":1,"event":12,"begin":"17035634125","end":"17035635792","thread":152,"request":145,"reference":null,"job":null,"n":0,"x":0,"y":0}
[completion-event] {"processOrdinal":1,"v":1,"event":13,"begin":"17035635792","end":"17035637084","thread":152,"request":145,"reference":null,"job":null,"n":0,"x":0,"y":100}
[completion-event] {"processOrdinal":1,"v":1,"event":10,"begin":"17142261375","end":"17152080584","thread":153,"request":146,"reference":null,"job":null,"n":5,"x":1,"y":0}
[completion-event] {"processOrdinal":1,"v":1,"event":11,"begin":"17152080584","end":"17152087834","thread":153,"request":146,"reference":null,"job":null,"n":0,"x":0,"y":0}
[completion-event] {"processOrdinal":1,"v":1,"event":12,"begin":"17152087834","end":"17152089292","thread":153,"request":146,"reference":null,"job":null,"n":0,"x":0,"y":0}
[completion-event] {"processOrdinal":1,"v":1,"event":13,"begin":"17152089292","end":"17152090334","thread":153,"request":146,"reference":null,"job":null,"n":0,"x":0,"y":100}
[completion-event] {"processOrdinal":1,"v":1,"event":10,"begin":"17257309875","end":"17267021375","thread":154,"request":147,"reference":null,"job":null,"n":5,"x":1,"y":0}
[completion-event] {"processOrdinal":1,"v":1,"event":11,"begin":"17267021375","end":"17267030542","thread":154,"request":147,"reference":null,"job":null,"n":0,"x":0,"y":0}
[completion-event] {"processOrdinal":1,"v":1,"event":12,"begin":"17267030542","end":"17267031917","thread":154,"request":147,"reference":null,"job":null,"n":0,"x":0,"y":0}
[completion-event] {"processOrdinal":1,"v":1,"event":13,"begin":"17267031917","end":"17267033042","thread":154,"request":147,"reference":null,"job":null,"n":0,"x":0,"y":100}
[completion-event] {"processOrdinal":1,"v":1,"event":10,"begin":"17373355042","end":"17386955375","thread":155,"request":148,"reference":null,"job":null,"n":5,"x":1,"y":0}
[completion-event] {"processOrdinal":1,"v":1,"event":11,"begin":"17386955375","end":"17386962459","thread":155,"request":148,"reference":null,"job":null,"n":0,"x":0,"y":0}
[completion-event] {"processOrdinal":1,"v":1,"event":12,"begin":"17386962459","end":"17386963959","thread":155,"request":148,"reference":null,"job":null,"n":0,"x":0,"y":0}
[completion-event] {"processOrdinal":1,"v":1,"event":13,"begin":"17386963959","end":"17386965125","thread":155,"request":148,"reference":null,"job":null,"n":0,"x":0,"y":100}
[completion-event] {"processOrdinal":1,"v":1,"event":10,"begin":"17492367125","end":"17501895667","thread":156,"request":149,"reference":null,"job":null,"n":5,"x":1,"y":0}
[completion-event] {"processOrdinal":1,"v":1,"event":11,"begin":"17501895667","end":"17501903084","thread":156,"request":149,"reference":null,"job":null,"n":0,"x":0,"y":0}
[completion-event] {"processOrdinal":1,"v":1,"event":12,"begin":"17501903084","end":"17501905250","thread":156,"request":149,"reference":null,"job":null,"n":0,"x":0,"y":0}
[completion-event] {"processOrdinal":1,"v":1,"event":13,"begin":"17501905250","end":"17501906500","thread":156,"request":149,"reference":null,"job":null,"n":0,"x":0,"y":100}
[completion-event] {"processOrdinal":1,"v":1,"event":10,"begin":"17607176250","end":"17616968084","thread":157,"request":150,"reference":null,"job":null,"n":5,"x":1,"y":0}
[completion-event] {"processOrdinal":1,"v":1,"event":11,"begin":"17616968084","end":"17616975167","thread":157,"request":150,"reference":null,"job":null,"n":0,"x":0,"y":0}
[completion-event] {"processOrdinal":1,"v":1,"event":12,"begin":"17616975167","end":"17616976834","thread":157,"request":150,"reference":null,"job":null,"n":0,"x":0,"y":0}
[completion-event] {"processOrdinal":1,"v":1,"event":13,"begin":"17616976834","end":"17616978167","thread":157,"request":150,"reference":null,"job":null,"n":0,"x":0,"y":100}
[completion-event] {"processOrdinal":1,"v":1,"event":10,"begin":"17723260334","end":"17732975834","thread":158,"request":151,"reference":null,"job":null,"n":5,"x":1,"y":0}
[completion-event] {"processOrdinal":1,"v":1,"event":11,"begin":"17732975834","end":"17732982625","thread":158,"request":151,"reference":null,"job":null,"n":0,"x":0,"y":0}
[completion-event] {"processOrdinal":1,"v":1,"event":12,"begin":"17732982625","end":"17732984042","thread":158,"request":151,"reference":null,"job":null,"n":0,"x":0,"y":0}
[completion-event] {"processOrdinal":1,"v":1,"event":13,"begin":"17732984042","end":"17732985000","thread":158,"request":151,"reference":null,"job":null,"n":0,"x":0,"y":100}
[completion-event] {"processOrdinal":1,"v":1,"event":10,"begin":"17839864167","end":"17849593334","thread":159,"request":152,"reference":null,"job":null,"n":5,"x":1,"y":0}
[completion-event] {"processOrdinal":1,"v":1,"event":11,"begin":"17849593334","end":"17849600042","thread":159,"request":152,"reference":null,"job":null,"n":0,"x":0,"y":0}
[completion-event] {"processOrdinal":1,"v":1,"event":12,"begin":"17849600042","end":"17849601459","thread":159,"request":152,"reference":null,"job":null,"n":0,"x":0,"y":0}
[completion-event] {"processOrdinal":1,"v":1,"event":13,"begin":"17849601459","end":"17849602584","thread":159,"request":152,"reference":null,"job":null,"n":0,"x":0,"y":100}
[completion-event] {"processOrdinal":1,"v":1,"event":10,"begin":"17956108917","end":"17965884209","thread":160,"request":153,"reference":null,"job":null,"n":5,"x":1,"y":0}
[completion-event] {"processOrdinal":1,"v":1,"event":11,"begin":"17965884209","end":"17965890625","thread":160,"request":153,"reference":null,"job":null,"n":0,"x":0,"y":0}
[completion-event] {"processOrdinal":1,"v":1,"event":12,"begin":"17965890625","end":"17965892167","thread":160,"request":153,"reference":null,"job":null,"n":0,"x":0,"y":0}
[completion-event] {"processOrdinal":1,"v":1,"event":13,"begin":"17965892167","end":"17965893167","thread":160,"request":153,"reference":null,"job":null,"n":0,"x":0,"y":100}
[completion-event] {"processOrdinal":1,"v":1,"event":10,"begin":"18072851417","end":"18093181375","thread":161,"request":154,"reference":null,"job":null,"n":7,"x":2,"y":0}
[completion-event] {"processOrdinal":1,"v":1,"event":11,"begin":"18093181375","end":"18093196417","thread":161,"request":154,"reference":null,"job":null,"n":1,"x":0,"y":0}
[completion-event] {"processOrdinal":1,"v":1,"event":12,"begin":"18093196417","end":"18093198000","thread":161,"request":154,"reference":null,"job":null,"n":1,"x":0,"y":0}
[completion-event] {"processOrdinal":1,"v":1,"event":13,"begin":"18093198000","end":"18093201250","thread":161,"request":154,"reference":null,"job":null,"n":1,"x":0,"y":100}
[completion-event] {"processOrdinal":1,"v":1,"event":10,"begin":"18201946500","end":"18222842917","thread":162,"request":155,"reference":null,"job":null,"n":7,"x":2,"y":0}
[completion-event] {"processOrdinal":1,"v":1,"event":11,"begin":"18222842917","end":"18222857750","thread":162,"request":155,"reference":null,"job":null,"n":1,"x":0,"y":0}
[completion-event] {"processOrdinal":1,"v":1,"event":12,"begin":"18222857750","end":"18222859375","thread":162,"request":155,"reference":null,"job":null,"n":1,"x":0,"y":0}
[completion-event] {"processOrdinal":1,"v":1,"event":13,"begin":"18222859375","end":"18222862500","thread":162,"request":155,"reference":null,"job":null,"n":1,"x":0,"y":100}
[completion-event] {"processOrdinal":1,"v":1,"event":10,"begin":"18331233834","end":"18351650750","thread":163,"request":156,"reference":null,"job":null,"n":7,"x":2,"y":0}
[completion-event] {"processOrdinal":1,"v":1,"event":11,"begin":"18351650750","end":"18351665084","thread":163,"request":156,"reference":null,"job":null,"n":1,"x":0,"y":0}
[completion-event] {"processOrdinal":1,"v":1,"event":12,"begin":"18351665084","end":"18351666959","thread":163,"request":156,"reference":null,"job":null,"n":1,"x":0,"y":0}
[completion-event] {"processOrdinal":1,"v":1,"event":13,"begin":"18351666959","end":"18351670292","thread":163,"request":156,"reference":null,"job":null,"n":1,"x":0,"y":100}
[completion-event] {"processOrdinal":1,"v":1,"event":10,"begin":"18458015584","end":"18480879500","thread":164,"request":157,"reference":null,"job":null,"n":7,"x":2,"y":0}
[completion-event] {"processOrdinal":1,"v":1,"event":11,"begin":"18480879500","end":"18480894250","thread":164,"request":157,"reference":null,"job":null,"n":1,"x":0,"y":0}
[completion-event] {"processOrdinal":1,"v":1,"event":12,"begin":"18480894250","end":"18480895709","thread":164,"request":157,"reference":null,"job":null,"n":1,"x":0,"y":0}
[completion-event] {"processOrdinal":1,"v":1,"event":13,"begin":"18480895709","end":"18480899209","thread":164,"request":157,"reference":null,"job":null,"n":1,"x":0,"y":100}
[completion-event] {"processOrdinal":1,"v":1,"event":10,"begin":"18586719125","end":"18607653292","thread":165,"request":158,"reference":null,"job":null,"n":7,"x":2,"y":0}
[completion-event] {"processOrdinal":1,"v":1,"event":11,"begin":"18607653292","end":"18607666375","thread":165,"request":158,"reference":null,"job":null,"n":1,"x":0,"y":0}
[completion-event] {"processOrdinal":1,"v":1,"event":12,"begin":"18607666375","end":"18607667500","thread":165,"request":158,"reference":null,"job":null,"n":1,"x":0,"y":0}
[completion-event] {"processOrdinal":1,"v":1,"event":13,"begin":"18607667500","end":"18607670292","thread":165,"request":158,"reference":null,"job":null,"n":1,"x":0,"y":100}
[completion-event] {"processOrdinal":1,"v":1,"event":2,"begin":"18736237292","end":"18736237292","thread":89,"request":0,"reference":"03d16a9d4a022a1c2fe7f995dc4e890e13e9e2e986cc438ccefa6e62ff5c9b87","job":"194bc251db8b43770dc80499eabd3c6bdf00359a10cafbd1e8f1a3429336a08a","n":0,"x":0,"y":0}
[completion-event] {"processOrdinal":1,"v":1,"event":3,"begin":"18736263000","end":"18736263000","thread":167,"request":0,"reference":"03d16a9d4a022a1c2fe7f995dc4e890e13e9e2e986cc438ccefa6e62ff5c9b87","job":"194bc251db8b43770dc80499eabd3c6bdf00359a10cafbd1e8f1a3429336a08a","n":0,"x":0,"y":0}
[completion-event] {"processOrdinal":1,"v":1,"event":10,"begin":"18736897667","end":"18800848375","thread":166,"request":159,"reference":null,"job":null,"n":7,"x":2,"y":0}
[completion-event] {"processOrdinal":1,"v":1,"event":11,"begin":"18800848375","end":"18800862750","thread":166,"request":159,"reference":null,"job":null,"n":1,"x":0,"y":0}
[completion-event] {"processOrdinal":1,"v":1,"event":12,"begin":"18800862750","end":"18800864209","thread":166,"request":159,"reference":null,"job":null,"n":1,"x":0,"y":0}
[completion-event] {"processOrdinal":1,"v":1,"event":13,"begin":"18800864209","end":"18800868584","thread":166,"request":159,"reference":null,"job":null,"n":1,"x":0,"y":100}
[completion-event] {"processOrdinal":1,"v":1,"event":2,"begin":"19192762834","end":"19192762834","thread":89,"request":0,"reference":"2c37b723da068c4cc638f574aae351f457afc0ae222d8384f15d4b6233e07022","job":"35ef9c6cafcfb71cc66555701b0430bfdc52ad55e59da06c612479e987fcb8a0","n":0,"x":0,"y":0}
[completion-event] {"processOrdinal":1,"v":1,"event":4,"begin":"19193994167","end":"19193994167","thread":167,"request":0,"reference":"03d16a9d4a022a1c2fe7f995dc4e890e13e9e2e986cc438ccefa6e62ff5c9b87","job":"194bc251db8b43770dc80499eabd3c6bdf00359a10cafbd1e8f1a3429336a08a","n":0,"x":0,"y":0}
[completion-event] {"processOrdinal":1,"v":1,"event":10,"begin":"19149322500","end":"19217842500","thread":168,"request":160,"reference":null,"job":null,"n":7,"x":2,"y":0}
[completion-event] {"processOrdinal":1,"v":1,"event":11,"begin":"19217842500","end":"19217854167","thread":168,"request":160,"reference":null,"job":null,"n":1,"x":0,"y":0}
[completion-event] {"processOrdinal":1,"v":1,"event":12,"begin":"19217854167","end":"19217855625","thread":168,"request":160,"reference":null,"job":null,"n":1,"x":0,"y":0}
[completion-event] {"processOrdinal":1,"v":1,"event":13,"begin":"19217855625","end":"19217868959","thread":168,"request":160,"reference":null,"job":null,"n":1,"x":0,"y":100}
[completion-event] {"processOrdinal":1,"v":1,"event":2,"begin":"19549070625","end":"19549070625","thread":89,"request":0,"reference":"bc9d54fb48c92524c5a4b1caf90074e07276cc25ddbe7d17334cdf6695be7ba7","job":"89003a720d9f82fb0f096607097322dd8d177ed9d44246e9b18d1ec5f7c830da","n":0,"x":0,"y":0}
[completion-event] {"processOrdinal":1,"v":1,"event":10,"begin":"19379145834","end":"19576786292","thread":169,"request":161,"reference":null,"job":null,"n":7,"x":2,"y":0}
[completion-event] {"processOrdinal":1,"v":1,"event":11,"begin":"19576786292","end":"19576800125","thread":169,"request":161,"reference":null,"job":null,"n":1,"x":0,"y":0}
[completion-event] {"processOrdinal":1,"v":1,"event":12,"begin":"19576800125","end":"19576801667","thread":169,"request":161,"reference":null,"job":null,"n":1,"x":0,"y":0}
[completion-event] {"processOrdinal":1,"v":1,"event":13,"begin":"19576801667","end":"19576804834","thread":169,"request":161,"reference":null,"job":null,"n":1,"x":0,"y":100}
[completion-event] {"processOrdinal":1,"v":1,"event":10,"begin":"19685819459","end":"19708659209","thread":170,"request":162,"reference":null,"job":null,"n":7,"x":2,"y":0}
[completion-event] {"processOrdinal":1,"v":1,"event":11,"begin":"19708659209","end":"19708672709","thread":170,"request":162,"reference":null,"job":null,"n":1,"x":0,"y":0}
[completion-event] {"processOrdinal":1,"v":1,"event":12,"begin":"19708672709","end":"19708674209","thread":170,"request":162,"reference":null,"job":null,"n":1,"x":0,"y":0}
[completion-event] {"processOrdinal":1,"v":1,"event":13,"begin":"19708674209","end":"19708677625","thread":170,"request":162,"reference":null,"job":null,"n":1,"x":0,"y":100}
[completion-event] {"processOrdinal":1,"v":1,"event":2,"begin":"19848723292","end":"19848723292","thread":89,"request":0,"reference":"00f89f27765fadd149dbf219b831a1fa9efab6a55fbf3aacbb2814664ba2224c","job":"2e9a6421d721d7324eb7737d01f214812a885e02e421b4dfdeb060575461dbcc","n":0,"x":0,"y":0}
[completion-event] {"processOrdinal":1,"v":1,"event":10,"begin":"19849220792","end":"19873288542","thread":171,"request":163,"reference":null,"job":null,"n":7,"x":2,"y":0}
[completion-event] {"processOrdinal":1,"v":1,"event":11,"begin":"19873288542","end":"19873301750","thread":171,"request":163,"reference":null,"job":null,"n":1,"x":0,"y":0}
[completion-event] {"processOrdinal":1,"v":1,"event":12,"begin":"19873301750","end":"19873303667","thread":171,"request":163,"reference":null,"job":null,"n":1,"x":0,"y":0}
[completion-event] {"processOrdinal":1,"v":1,"event":13,"begin":"19873303667","end":"19873307167","thread":171,"request":163,"reference":null,"job":null,"n":1,"x":0,"y":100}
[completion-event] {"processOrdinal":1,"v":1,"event":10,"begin":"19980233625","end":"20001440959","thread":172,"request":164,"reference":null,"job":null,"n":7,"x":2,"y":0}
[completion-event] {"processOrdinal":1,"v":1,"event":11,"begin":"20001440959","end":"20001454667","thread":172,"request":164,"reference":null,"job":null,"n":1,"x":0,"y":0}
[completion-event] {"processOrdinal":1,"v":1,"event":12,"begin":"20001454667","end":"20001456959","thread":172,"request":164,"reference":null,"job":null,"n":1,"x":0,"y":0}
[completion-event] {"processOrdinal":1,"v":1,"event":13,"begin":"20001456959","end":"20001460042","thread":172,"request":164,"reference":null,"job":null,"n":1,"x":0,"y":100}
[completion-event] {"processOrdinal":1,"v":1,"event":10,"begin":"20112362000","end":"20134252167","thread":173,"request":165,"reference":null,"job":null,"n":7,"x":2,"y":0}
[completion-event] {"processOrdinal":1,"v":1,"event":11,"begin":"20134252167","end":"20134266167","thread":173,"request":165,"reference":null,"job":null,"n":1,"x":0,"y":0}
[completion-event] {"processOrdinal":1,"v":1,"event":12,"begin":"20134266167","end":"20134267459","thread":173,"request":165,"reference":null,"job":null,"n":1,"x":0,"y":0}
[completion-event] {"processOrdinal":1,"v":1,"event":13,"begin":"20134267459","end":"20134270959","thread":173,"request":165,"reference":null,"job":null,"n":1,"x":0,"y":100}
[completion-event] {"processOrdinal":1,"v":1,"event":10,"begin":"20241277125","end":"20262249084","thread":174,"request":166,"reference":null,"job":null,"n":7,"x":2,"y":0}
[completion-event] {"processOrdinal":1,"v":1,"event":11,"begin":"20262249084","end":"20262279750","thread":174,"request":166,"reference":null,"job":null,"n":1,"x":0,"y":0}
[completion-event] {"processOrdinal":1,"v":1,"event":12,"begin":"20262279750","end":"20262282584","thread":174,"request":166,"reference":null,"job":null,"n":1,"x":0,"y":0}
[completion-event] {"processOrdinal":1,"v":1,"event":13,"begin":"20262282584","end":"20262288792","thread":174,"request":166,"reference":null,"job":null,"n":1,"x":0,"y":100}
[completion-event] {"processOrdinal":1,"v":1,"event":10,"begin":"20371187209","end":"20392248375","thread":175,"request":167,"reference":null,"job":null,"n":7,"x":2,"y":0}
[completion-event] {"processOrdinal":1,"v":1,"event":11,"begin":"20392248375","end":"20392262292","thread":175,"request":167,"reference":null,"job":null,"n":1,"x":0,"y":0}
[completion-event] {"processOrdinal":1,"v":1,"event":12,"begin":"20392262292","end":"20392263667","thread":175,"request":167,"reference":null,"job":null,"n":1,"x":0,"y":0}
[completion-event] {"processOrdinal":1,"v":1,"event":13,"begin":"20392263667","end":"20392266834","thread":175,"request":167,"reference":null,"job":null,"n":1,"x":0,"y":100}
[completion-event] {"processOrdinal":1,"v":1,"event":10,"begin":"20500511667","end":"20521502834","thread":176,"request":168,"reference":null,"job":null,"n":7,"x":2,"y":0}
[completion-event] {"processOrdinal":1,"v":1,"event":11,"begin":"20521502834","end":"20521517292","thread":176,"request":168,"reference":null,"job":null,"n":1,"x":0,"y":0}
[completion-event] {"processOrdinal":1,"v":1,"event":12,"begin":"20521517292","end":"20521519209","thread":176,"request":168,"reference":null,"job":null,"n":1,"x":0,"y":0}
[completion-event] {"processOrdinal":1,"v":1,"event":13,"begin":"20521519209","end":"20521523084","thread":176,"request":168,"reference":null,"job":null,"n":1,"x":0,"y":100}
[completion-event] {"processOrdinal":1,"v":1,"event":10,"begin":"20629750792","end":"20650562417","thread":177,"request":169,"reference":null,"job":null,"n":7,"x":2,"y":0}
[completion-event] {"processOrdinal":1,"v":1,"event":11,"begin":"20650562417","end":"20650575209","thread":177,"request":169,"reference":null,"job":null,"n":1,"x":0,"y":0}
[completion-event] {"processOrdinal":1,"v":1,"event":12,"begin":"20650575209","end":"20650576750","thread":177,"request":169,"reference":null,"job":null,"n":1,"x":0,"y":0}
[completion-event] {"processOrdinal":1,"v":1,"event":13,"begin":"20650576750","end":"20650579750","thread":177,"request":169,"reference":null,"job":null,"n":1,"x":0,"y":100}
[completion-event] {"processOrdinal":1,"v":1,"event":10,"begin":"20758766084","end":"20779725042","thread":178,"request":170,"reference":null,"job":null,"n":7,"x":2,"y":0}
[completion-event] {"processOrdinal":1,"v":1,"event":11,"begin":"20779725042","end":"20779738292","thread":178,"request":170,"reference":null,"job":null,"n":1,"x":0,"y":0}
[completion-event] {"processOrdinal":1,"v":1,"event":12,"begin":"20779738292","end":"20779739500","thread":178,"request":170,"reference":null,"job":null,"n":1,"x":0,"y":0}
[completion-event] {"processOrdinal":1,"v":1,"event":13,"begin":"20779739500","end":"20779742334","thread":178,"request":170,"reference":null,"job":null,"n":1,"x":0,"y":100}
[completion-event] {"processOrdinal":1,"v":1,"event":10,"begin":"20887643417","end":"20908808209","thread":179,"request":171,"reference":null,"job":null,"n":7,"x":2,"y":0}
[completion-event] {"processOrdinal":1,"v":1,"event":11,"begin":"20908808209","end":"20908821500","thread":179,"request":171,"reference":null,"job":null,"n":1,"x":0,"y":0}
[completion-event] {"processOrdinal":1,"v":1,"event":12,"begin":"20908821500","end":"20908823084","thread":179,"request":171,"reference":null,"job":null,"n":1,"x":0,"y":0}
[completion-event] {"processOrdinal":1,"v":1,"event":13,"begin":"20908823084","end":"20908826209","thread":179,"request":171,"reference":null,"job":null,"n":1,"x":0,"y":100}
[completion-event] {"processOrdinal":1,"v":1,"event":10,"begin":"21016915292","end":"21038828834","thread":180,"request":172,"reference":null,"job":null,"n":7,"x":2,"y":0}
[completion-event] {"processOrdinal":1,"v":1,"event":11,"begin":"21038828834","end":"21038843334","thread":180,"request":172,"reference":null,"job":null,"n":1,"x":0,"y":0}
[completion-event] {"processOrdinal":1,"v":1,"event":12,"begin":"21038843334","end":"21038844917","thread":180,"request":172,"reference":null,"job":null,"n":1,"x":0,"y":0}
[completion-event] {"processOrdinal":1,"v":1,"event":13,"begin":"21038844917","end":"21038848667","thread":180,"request":172,"reference":null,"job":null,"n":1,"x":0,"y":100}
[completion-event] {"processOrdinal":1,"v":1,"event":10,"begin":"21147111875","end":"21167813834","thread":181,"request":173,"reference":null,"job":null,"n":7,"x":2,"y":0}
[completion-event] {"processOrdinal":1,"v":1,"event":11,"begin":"21167813834","end":"21167827459","thread":181,"request":173,"reference":null,"job":null,"n":1,"x":0,"y":0}
[completion-event] {"processOrdinal":1,"v":1,"event":12,"begin":"21167827459","end":"21167829167","thread":181,"request":173,"reference":null,"job":null,"n":1,"x":0,"y":0}
[completion-event] {"processOrdinal":1,"v":1,"event":13,"begin":"21167829167","end":"21167832709","thread":181,"request":173,"reference":null,"job":null,"n":1,"x":0,"y":100}
[completion-event] {"processOrdinal":1,"v":1,"event":10,"begin":"21274387459","end":"21295196459","thread":182,"request":174,"reference":null,"job":null,"n":7,"x":2,"y":0}
[completion-event] {"processOrdinal":1,"v":1,"event":11,"begin":"21295196459","end":"21295237209","thread":182,"request":174,"reference":null,"job":null,"n":1,"x":0,"y":0}
[completion-event] {"processOrdinal":1,"v":1,"event":12,"begin":"21295237209","end":"21295242959","thread":182,"request":174,"reference":null,"job":null,"n":1,"x":0,"y":0}
[completion-event] {"processOrdinal":1,"v":1,"event":13,"begin":"21295242959","end":"21295249042","thread":182,"request":174,"reference":null,"job":null,"n":1,"x":0,"y":100}
[completion-event] {"processOrdinal":1,"v":1,"event":10,"begin":"21404447667","end":"21426027250","thread":183,"request":175,"reference":null,"job":null,"n":7,"x":2,"y":0}
[completion-event] {"processOrdinal":1,"v":1,"event":11,"begin":"21426027250","end":"21426041042","thread":183,"request":175,"reference":null,"job":null,"n":1,"x":0,"y":0}
[completion-event] {"processOrdinal":1,"v":1,"event":12,"begin":"21426041042","end":"21426042459","thread":183,"request":175,"reference":null,"job":null,"n":1,"x":0,"y":0}
[completion-event] {"processOrdinal":1,"v":1,"event":13,"begin":"21426042459","end":"21426045959","thread":183,"request":175,"reference":null,"job":null,"n":1,"x":0,"y":100}
[completion-event] {"processOrdinal":1,"v":1,"event":10,"begin":"21534209250","end":"21555237792","thread":184,"request":176,"reference":null,"job":null,"n":7,"x":2,"y":0}
[completion-event] {"processOrdinal":1,"v":1,"event":11,"begin":"21555237792","end":"21555251000","thread":184,"request":176,"reference":null,"job":null,"n":1,"x":0,"y":0}
[completion-event] {"processOrdinal":1,"v":1,"event":12,"begin":"21555251000","end":"21555252542","thread":184,"request":176,"reference":null,"job":null,"n":1,"x":0,"y":0}
[completion-event] {"processOrdinal":1,"v":1,"event":13,"begin":"21555252542","end":"21555255792","thread":184,"request":176,"reference":null,"job":null,"n":1,"x":0,"y":100}
[completion-event] {"processOrdinal":1,"v":1,"event":10,"begin":"21663504167","end":"21684663542","thread":185,"request":177,"reference":null,"job":null,"n":7,"x":2,"y":0}
[completion-event] {"processOrdinal":1,"v":1,"event":11,"begin":"21684663542","end":"21684676792","thread":185,"request":177,"reference":null,"job":null,"n":1,"x":0,"y":0}
[completion-event] {"processOrdinal":1,"v":1,"event":12,"begin":"21684676792","end":"21684678334","thread":185,"request":177,"reference":null,"job":null,"n":1,"x":0,"y":0}
[completion-event] {"processOrdinal":1,"v":1,"event":13,"begin":"21684678334","end":"21684682125","thread":185,"request":177,"reference":null,"job":null,"n":1,"x":0,"y":100}
[completion-event] {"processOrdinal":1,"v":1,"event":10,"begin":"21790764459","end":"21811818000","thread":186,"request":178,"reference":null,"job":null,"n":7,"x":2,"y":0}
[completion-event] {"processOrdinal":1,"v":1,"event":11,"begin":"21811818000","end":"21811831584","thread":186,"request":178,"reference":null,"job":null,"n":1,"x":0,"y":0}
[completion-event] {"processOrdinal":1,"v":1,"event":12,"begin":"21811831584","end":"21811833000","thread":186,"request":178,"reference":null,"job":null,"n":1,"x":0,"y":0}
[completion-event] {"processOrdinal":1,"v":1,"event":13,"begin":"21811833000","end":"21811836375","thread":186,"request":178,"reference":null,"job":null,"n":1,"x":0,"y":100}
[completion-event] {"processOrdinal":1,"v":1,"event":10,"begin":"21919076500","end":"21940357792","thread":187,"request":179,"reference":null,"job":null,"n":7,"x":2,"y":0}
[completion-event] {"processOrdinal":1,"v":1,"event":11,"begin":"21940357792","end":"21940371417","thread":187,"request":179,"reference":null,"job":null,"n":1,"x":0,"y":0}
[completion-event] {"processOrdinal":1,"v":1,"event":12,"begin":"21940371417","end":"21940372959","thread":187,"request":179,"reference":null,"job":null,"n":1,"x":0,"y":0}
[completion-event] {"processOrdinal":1,"v":1,"event":13,"begin":"21940372959","end":"21940376584","thread":187,"request":179,"reference":null,"job":null,"n":1,"x":0,"y":100}
[completion-event] {"processOrdinal":1,"v":1,"event":10,"begin":"22049013959","end":"22070512375","thread":188,"request":180,"reference":null,"job":null,"n":7,"x":2,"y":0}
[completion-event] {"processOrdinal":1,"v":1,"event":11,"begin":"22070512375","end":"22070526500","thread":188,"request":180,"reference":null,"job":null,"n":1,"x":0,"y":0}
[completion-event] {"processOrdinal":1,"v":1,"event":12,"begin":"22070526500","end":"22070528209","thread":188,"request":180,"reference":null,"job":null,"n":1,"x":0,"y":0}
[completion-event] {"processOrdinal":1,"v":1,"event":13,"begin":"22070528209","end":"22070531834","thread":188,"request":180,"reference":null,"job":null,"n":1,"x":0,"y":100}
[completion-event] {"processOrdinal":1,"v":1,"event":10,"begin":"22178893125","end":"22200322292","thread":189,"request":181,"reference":null,"job":null,"n":7,"x":2,"y":0}
[completion-event] {"processOrdinal":1,"v":1,"event":11,"begin":"22200322292","end":"22200335542","thread":189,"request":181,"reference":null,"job":null,"n":1,"x":0,"y":0}
[completion-event] {"processOrdinal":1,"v":1,"event":12,"begin":"22200335542","end":"22200336959","thread":189,"request":181,"reference":null,"job":null,"n":1,"x":0,"y":0}
[completion-event] {"processOrdinal":1,"v":1,"event":13,"begin":"22200336959","end":"22200340292","thread":189,"request":181,"reference":null,"job":null,"n":1,"x":0,"y":100}
[completion-event] {"processOrdinal":1,"v":1,"event":10,"begin":"22307914375","end":"22329093959","thread":190,"request":182,"reference":null,"job":null,"n":7,"x":2,"y":0}
[completion-event] {"processOrdinal":1,"v":1,"event":11,"begin":"22329093959","end":"22329108125","thread":190,"request":182,"reference":null,"job":null,"n":1,"x":0,"y":0}
[completion-event] {"processOrdinal":1,"v":1,"event":12,"begin":"22329108125","end":"22329109334","thread":190,"request":182,"reference":null,"job":null,"n":1,"x":0,"y":0}
[completion-event] {"processOrdinal":1,"v":1,"event":13,"begin":"22329109334","end":"22329113167","thread":190,"request":182,"reference":null,"job":null,"n":1,"x":0,"y":100}
[completion-event] {"processOrdinal":1,"v":1,"event":10,"begin":"22436624417","end":"22457826167","thread":191,"request":183,"reference":null,"job":null,"n":7,"x":2,"y":0}
[completion-event] {"processOrdinal":1,"v":1,"event":11,"begin":"22457826167","end":"22457840667","thread":191,"request":183,"reference":null,"job":null,"n":1,"x":0,"y":0}
[completion-event] {"processOrdinal":1,"v":1,"event":12,"begin":"22457840667","end":"22457842250","thread":191,"request":183,"reference":null,"job":null,"n":1,"x":0,"y":0}
[completion-event] {"processOrdinal":1,"v":1,"event":13,"begin":"22457842250","end":"22457845959","thread":191,"request":183,"reference":null,"job":null,"n":1,"x":0,"y":100}
[completion-event] {"processOrdinal":1,"v":1,"event":10,"begin":"22566030167","end":"22586817417","thread":192,"request":184,"reference":null,"job":null,"n":7,"x":2,"y":0}
[completion-event] {"processOrdinal":1,"v":1,"event":11,"begin":"22586817417","end":"22586831542","thread":192,"request":184,"reference":null,"job":null,"n":1,"x":0,"y":0}
[completion-event] {"processOrdinal":1,"v":1,"event":12,"begin":"22586831542","end":"22586832917","thread":192,"request":184,"reference":null,"job":null,"n":1,"x":0,"y":0}
[completion-event] {"processOrdinal":1,"v":1,"event":13,"begin":"22586832917","end":"22586836459","thread":192,"request":184,"reference":null,"job":null,"n":1,"x":0,"y":100}
[completion-event] {"processOrdinal":1,"v":1,"event":10,"begin":"22693907334","end":"22714729084","thread":193,"request":185,"reference":null,"job":null,"n":7,"x":2,"y":0}
[completion-event] {"processOrdinal":1,"v":1,"event":11,"begin":"22714729084","end":"22714742917","thread":193,"request":185,"reference":null,"job":null,"n":1,"x":0,"y":0}
[completion-event] {"processOrdinal":1,"v":1,"event":12,"begin":"22714742917","end":"22714744834","thread":193,"request":185,"reference":null,"job":null,"n":1,"x":0,"y":0}
[completion-event] {"processOrdinal":1,"v":1,"event":13,"begin":"22714744834","end":"22714748542","thread":193,"request":185,"reference":null,"job":null,"n":1,"x":0,"y":100}
[completion-event] {"processOrdinal":1,"v":1,"event":10,"begin":"22822804125","end":"22843448250","thread":194,"request":186,"reference":null,"job":null,"n":7,"x":2,"y":0}
[completion-event] {"processOrdinal":1,"v":1,"event":11,"begin":"22843448250","end":"22843460834","thread":194,"request":186,"reference":null,"job":null,"n":1,"x":0,"y":0}
[completion-event] {"processOrdinal":1,"v":1,"event":12,"begin":"22843460834","end":"22843462209","thread":194,"request":186,"reference":null,"job":null,"n":1,"x":0,"y":0}
[completion-event] {"processOrdinal":1,"v":1,"event":13,"begin":"22843462209","end":"22843465625","thread":194,"request":186,"reference":null,"job":null,"n":1,"x":0,"y":100}
[completion-event] {"processOrdinal":1,"v":1,"event":6,"begin":"23202698709","end":"23202698709","thread":167,"request":0,"reference":"03d16a9d4a022a1c2fe7f995dc4e890e13e9e2e986cc438ccefa6e62ff5c9b87","job":"194bc251db8b43770dc80499eabd3c6bdf00359a10cafbd1e8f1a3429336a08a","n":0,"x":0,"y":0}
[completion-event] {"processOrdinal":1,"v":1,"event":7,"begin":"23612290917","end":"23612290917","thread":167,"request":0,"reference":"03d16a9d4a022a1c2fe7f995dc4e890e13e9e2e986cc438ccefa6e62ff5c9b87","job":"194bc251db8b43770dc80499eabd3c6bdf00359a10cafbd1e8f1a3429336a08a","n":0,"x":0,"y":0}
[completion-event] {"processOrdinal":1,"v":1,"event":8,"begin":"23883666250","end":"23883666250","thread":167,"request":0,"reference":"03d16a9d4a022a1c2fe7f995dc4e890e13e9e2e986cc438ccefa6e62ff5c9b87","job":"194bc251db8b43770dc80499eabd3c6bdf00359a10cafbd1e8f1a3429336a08a","n":0,"x":0,"y":0}
[completion-event] {"processOrdinal":1,"v":1,"event":5,"begin":"23883955459","end":"23883955459","thread":167,"request":0,"reference":"03d16a9d4a022a1c2fe7f995dc4e890e13e9e2e986cc438ccefa6e62ff5c9b87","job":"194bc251db8b43770dc80499eabd3c6bdf00359a10cafbd1e8f1a3429336a08a","n":1,"x":0,"y":0}
[completion-event] {"processOrdinal":1,"v":1,"event":3,"begin":"23884085417","end":"23884085417","thread":167,"request":0,"reference":"2c37b723da068c4cc638f574aae351f457afc0ae222d8384f15d4b6233e07022","job":"35ef9c6cafcfb71cc66555701b0430bfdc52ad55e59da06c612479e987fcb8a0","n":0,"x":0,"y":0}
[completion-event] {"processOrdinal":1,"v":1,"event":10,"begin":"23267744167","end":"23885305417","thread":195,"request":187,"reference":null,"job":null,"n":9,"x":2,"y":0}
[completion-event] {"processOrdinal":1,"v":1,"event":11,"begin":"23885305417","end":"23885324834","thread":195,"request":187,"reference":null,"job":null,"n":2,"x":0,"y":0}
[completion-event] {"processOrdinal":1,"v":1,"event":12,"begin":"23885324834","end":"23885329834","thread":195,"request":187,"reference":null,"job":null,"n":2,"x":0,"y":0}
[completion-event] {"processOrdinal":1,"v":1,"event":13,"begin":"23885329834","end":"23885333250","thread":195,"request":187,"reference":null,"job":null,"n":2,"x":0,"y":100}
[completion-event] {"processOrdinal":1,"v":1,"event":4,"begin":"24516014709","end":"24516014709","thread":167,"request":0,"reference":"2c37b723da068c4cc638f574aae351f457afc0ae222d8384f15d4b6233e07022","job":"35ef9c6cafcfb71cc66555701b0430bfdc52ad55e59da06c612479e987fcb8a0","n":0,"x":0,"y":0}
[completion-event] {"processOrdinal":1,"v":1,"event":10,"begin":"24514374834","end":"24881496834","thread":196,"request":188,"reference":null,"job":null,"n":9,"x":4,"y":0}
[completion-event] {"processOrdinal":1,"v":1,"event":11,"begin":"24881496834","end":"24881516125","thread":196,"request":188,"reference":null,"job":null,"n":2,"x":0,"y":0}
[completion-event] {"processOrdinal":1,"v":1,"event":12,"begin":"24881516125","end":"24881520584","thread":196,"request":188,"reference":null,"job":null,"n":2,"x":0,"y":0}
[completion-event] {"processOrdinal":1,"v":1,"event":13,"begin":"24881520584","end":"24881523500","thread":196,"request":188,"reference":null,"job":null,"n":2,"x":0,"y":100}
[completion-event] {"processOrdinal":1,"v":1,"event":9,"begin":"26354221167","end":"26354221167","thread":167,"request":0,"reference":"2c37b723da068c4cc638f574aae351f457afc0ae222d8384f15d4b6233e07022","job":"35ef9c6cafcfb71cc66555701b0430bfdc52ad55e59da06c612479e987fcb8a0","n":0,"x":0,"y":0}
[completion-event] {"processOrdinal":1,"v":1,"event":5,"begin":"26354513417","end":"26354513417","thread":167,"request":0,"reference":"2c37b723da068c4cc638f574aae351f457afc0ae222d8384f15d4b6233e07022","job":"35ef9c6cafcfb71cc66555701b0430bfdc52ad55e59da06c612479e987fcb8a0","n":0,"x":0,"y":0}
[completion-observation-status] {"processOrdinal":1,"status":"observed","code":"none","rows":770,"bytes":121688,"selected":null}
[completion-event] {"processOrdinal":2,"v":1,"event":10,"begin":"1916971125","end":"2039667000","thread":3,"request":1,"reference":null,"job":null,"n":12,"x":6,"y":0}
[completion-event] {"processOrdinal":2,"v":1,"event":11,"begin":"2039667000","end":"2039696959","thread":3,"request":1,"reference":null,"job":null,"n":4,"x":0,"y":0}
[completion-event] {"processOrdinal":2,"v":1,"event":12,"begin":"2039696959","end":"2039702167","thread":3,"request":1,"reference":null,"job":null,"n":4,"x":0,"y":0}
[completion-event] {"processOrdinal":2,"v":1,"event":13,"begin":"2039702167","end":"2039707125","thread":3,"request":1,"reference":null,"job":null,"n":4,"x":0,"y":100}
[completion-event] {"processOrdinal":2,"v":1,"event":10,"begin":"3392560250","end":"3523967667","thread":7,"request":2,"reference":null,"job":null,"n":12,"x":6,"y":0}
[completion-event] {"processOrdinal":2,"v":1,"event":11,"begin":"3523967667","end":"3523990334","thread":7,"request":2,"reference":null,"job":null,"n":4,"x":0,"y":0}
[completion-event] {"processOrdinal":2,"v":1,"event":12,"begin":"3523990334","end":"3523995292","thread":7,"request":2,"reference":null,"job":null,"n":4,"x":0,"y":0}
[completion-event] {"processOrdinal":2,"v":1,"event":13,"begin":"3523995292","end":"3523999875","thread":7,"request":2,"reference":null,"job":null,"n":4,"x":0,"y":100}
[completion-event] {"processOrdinal":2,"v":1,"event":10,"begin":"4564500334","end":"4692771625","thread":9,"request":3,"reference":null,"job":null,"n":12,"x":6,"y":0}
[completion-event] {"processOrdinal":2,"v":1,"event":11,"begin":"4692771625","end":"4692796250","thread":9,"request":3,"reference":null,"job":null,"n":4,"x":0,"y":0}
[completion-event] {"processOrdinal":2,"v":1,"event":12,"begin":"4692796250","end":"4692801000","thread":9,"request":3,"reference":null,"job":null,"n":4,"x":0,"y":0}
[completion-event] {"processOrdinal":2,"v":1,"event":13,"begin":"4692801000","end":"4692805459","thread":9,"request":3,"reference":null,"job":null,"n":4,"x":0,"y":100}
[completion-event] {"processOrdinal":2,"v":1,"event":10,"begin":"5736156834","end":"5865143500","thread":10,"request":4,"reference":null,"job":null,"n":12,"x":6,"y":0}
[completion-event] {"processOrdinal":2,"v":1,"event":11,"begin":"5865143500","end":"5865169750","thread":10,"request":4,"reference":null,"job":null,"n":4,"x":0,"y":0}
[completion-event] {"processOrdinal":2,"v":1,"event":12,"begin":"5865169750","end":"5865174667","thread":10,"request":4,"reference":null,"job":null,"n":4,"x":0,"y":0}
[completion-event] {"processOrdinal":2,"v":1,"event":13,"begin":"5865174667","end":"5865179209","thread":10,"request":4,"reference":null,"job":null,"n":4,"x":0,"y":100}
[completion-event] {"processOrdinal":2,"v":1,"event":10,"begin":"6903339500","end":"7028834417","thread":11,"request":5,"reference":null,"job":null,"n":12,"x":6,"y":0}
[completion-event] {"processOrdinal":2,"v":1,"event":11,"begin":"7028834417","end":"7028857959","thread":11,"request":5,"reference":null,"job":null,"n":4,"x":0,"y":0}
[completion-event] {"processOrdinal":2,"v":1,"event":12,"begin":"7028857959","end":"7028863500","thread":11,"request":5,"reference":null,"job":null,"n":4,"x":0,"y":0}
[completion-event] {"processOrdinal":2,"v":1,"event":13,"begin":"7028863500","end":"7028868125","thread":11,"request":5,"reference":null,"job":null,"n":4,"x":0,"y":100}
[completion-event] {"processOrdinal":2,"v":1,"event":10,"begin":"8070096750","end":"8196676209","thread":12,"request":6,"reference":null,"job":null,"n":12,"x":6,"y":0}
[completion-event] {"processOrdinal":2,"v":1,"event":11,"begin":"8196676209","end":"8196714875","thread":12,"request":6,"reference":null,"job":null,"n":4,"x":0,"y":0}
[completion-event] {"processOrdinal":2,"v":1,"event":12,"begin":"8196714875","end":"8196730875","thread":12,"request":6,"reference":null,"job":null,"n":4,"x":0,"y":0}
[completion-event] {"processOrdinal":2,"v":1,"event":13,"begin":"8196730875","end":"8196746250","thread":12,"request":6,"reference":null,"job":null,"n":4,"x":0,"y":100}
[completion-event] {"processOrdinal":2,"v":1,"event":10,"begin":"9236253750","end":"9363086167","thread":13,"request":7,"reference":null,"job":null,"n":12,"x":6,"y":0}
[completion-event] {"processOrdinal":2,"v":1,"event":11,"begin":"9363086167","end":"9363111875","thread":13,"request":7,"reference":null,"job":null,"n":4,"x":0,"y":0}
[completion-event] {"processOrdinal":2,"v":1,"event":12,"begin":"9363111875","end":"9363117834","thread":13,"request":7,"reference":null,"job":null,"n":4,"x":0,"y":0}
[completion-event] {"processOrdinal":2,"v":1,"event":13,"begin":"9363117834","end":"9363122459","thread":13,"request":7,"reference":null,"job":null,"n":4,"x":0,"y":100}
[completion-event] {"processOrdinal":2,"v":1,"event":10,"begin":"10407172959","end":"10567937667","thread":14,"request":8,"reference":null,"job":null,"n":12,"x":6,"y":0}
[completion-event] {"processOrdinal":2,"v":1,"event":11,"begin":"10567937667","end":"10567963209","thread":14,"request":8,"reference":null,"job":null,"n":4,"x":0,"y":0}
[completion-event] {"processOrdinal":2,"v":1,"event":12,"begin":"10567963209","end":"10567968209","thread":14,"request":8,"reference":null,"job":null,"n":4,"x":0,"y":0}
[completion-event] {"processOrdinal":2,"v":1,"event":13,"begin":"10567968209","end":"10567972584","thread":14,"request":8,"reference":null,"job":null,"n":4,"x":0,"y":100}
[completion-event] {"processOrdinal":2,"v":1,"event":10,"begin":"11611528334","end":"11746426792","thread":15,"request":9,"reference":null,"job":null,"n":14,"x":7,"y":0}
[completion-event] {"processOrdinal":2,"v":1,"event":11,"begin":"11746426792","end":"11746455917","thread":15,"request":9,"reference":null,"job":null,"n":5,"x":0,"y":0}
[completion-event] {"processOrdinal":2,"v":1,"event":12,"begin":"11746455917","end":"11746461917","thread":15,"request":9,"reference":null,"job":null,"n":5,"x":0,"y":0}
[completion-event] {"processOrdinal":2,"v":1,"event":13,"begin":"11746461917","end":"11746467584","thread":15,"request":9,"reference":null,"job":null,"n":5,"x":0,"y":100}
[completion-event] {"processOrdinal":2,"v":1,"event":10,"begin":"12204227584","end":"12342797750","thread":16,"request":10,"reference":null,"job":null,"n":14,"x":7,"y":0}
[completion-event] {"processOrdinal":2,"v":1,"event":11,"begin":"12342797750","end":"12342825959","thread":16,"request":10,"reference":null,"job":null,"n":5,"x":0,"y":0}
[completion-event] {"processOrdinal":2,"v":1,"event":12,"begin":"12342825959","end":"12342830917","thread":16,"request":10,"reference":null,"job":null,"n":5,"x":0,"y":0}
[completion-event] {"processOrdinal":2,"v":1,"event":13,"begin":"12342830917","end":"12342836417","thread":16,"request":10,"reference":null,"job":null,"n":5,"x":0,"y":100}
[completion-event] {"processOrdinal":2,"v":1,"event":10,"begin":"12797230459","end":"12931814500","thread":17,"request":11,"reference":null,"job":null,"n":14,"x":7,"y":0}
[completion-event] {"processOrdinal":2,"v":1,"event":11,"begin":"12931814500","end":"12931844417","thread":17,"request":11,"reference":null,"job":null,"n":5,"x":0,"y":0}
[completion-event] {"processOrdinal":2,"v":1,"event":12,"begin":"12931844417","end":"12931850250","thread":17,"request":11,"reference":null,"job":null,"n":5,"x":0,"y":0}
[completion-event] {"processOrdinal":2,"v":1,"event":13,"begin":"12931850250","end":"12931855709","thread":17,"request":11,"reference":null,"job":null,"n":5,"x":0,"y":100}
[completion-event] {"processOrdinal":2,"v":1,"event":10,"begin":"13387600500","end":"13522226875","thread":18,"request":12,"reference":null,"job":null,"n":14,"x":7,"y":0}
[completion-event] {"processOrdinal":2,"v":1,"event":11,"begin":"13522226875","end":"13522256292","thread":18,"request":12,"reference":null,"job":null,"n":5,"x":0,"y":0}
[completion-event] {"processOrdinal":2,"v":1,"event":12,"begin":"13522256292","end":"13522261875","thread":18,"request":12,"reference":null,"job":null,"n":5,"x":0,"y":0}
[completion-event] {"processOrdinal":2,"v":1,"event":13,"begin":"13522261875","end":"13522267084","thread":18,"request":12,"reference":null,"job":null,"n":5,"x":0,"y":100}
[completion-event] {"processOrdinal":2,"v":1,"event":10,"begin":"13977669375","end":"14112187792","thread":19,"request":13,"reference":null,"job":null,"n":14,"x":7,"y":0}
[completion-event] {"processOrdinal":2,"v":1,"event":11,"begin":"14112187792","end":"14112217875","thread":19,"request":13,"reference":null,"job":null,"n":5,"x":0,"y":0}
[completion-event] {"processOrdinal":2,"v":1,"event":12,"begin":"14112217875","end":"14112222792","thread":19,"request":13,"reference":null,"job":null,"n":5,"x":0,"y":0}
[completion-event] {"processOrdinal":2,"v":1,"event":13,"begin":"14112222792","end":"14112228084","thread":19,"request":13,"reference":null,"job":null,"n":5,"x":0,"y":100}
[completion-event] {"processOrdinal":2,"v":1,"event":10,"begin":"14567367500","end":"14704987042","thread":20,"request":14,"reference":null,"job":null,"n":14,"x":7,"y":0}
[completion-event] {"processOrdinal":2,"v":1,"event":11,"begin":"14704987042","end":"14705018542","thread":20,"request":14,"reference":null,"job":null,"n":5,"x":0,"y":0}
[completion-event] {"processOrdinal":2,"v":1,"event":12,"begin":"14705018542","end":"14705025084","thread":20,"request":14,"reference":null,"job":null,"n":5,"x":0,"y":0}
[completion-event] {"processOrdinal":2,"v":1,"event":13,"begin":"14705025084","end":"14705031334","thread":20,"request":14,"reference":null,"job":null,"n":5,"x":0,"y":100}
[completion-event] {"processOrdinal":2,"v":1,"event":10,"begin":"15159518209","end":"15294741500","thread":21,"request":15,"reference":null,"job":null,"n":14,"x":7,"y":0}
[completion-event] {"processOrdinal":2,"v":1,"event":11,"begin":"15294741500","end":"15294771209","thread":21,"request":15,"reference":null,"job":null,"n":5,"x":0,"y":0}
[completion-event] {"processOrdinal":2,"v":1,"event":12,"begin":"15294771209","end":"15294776417","thread":21,"request":15,"reference":null,"job":null,"n":5,"x":0,"y":0}
[completion-event] {"processOrdinal":2,"v":1,"event":13,"begin":"15294776417","end":"15294781834","thread":21,"request":15,"reference":null,"job":null,"n":5,"x":0,"y":100}
[completion-event] {"processOrdinal":2,"v":1,"event":10,"begin":"15749011625","end":"15884225709","thread":22,"request":16,"reference":null,"job":null,"n":14,"x":7,"y":0}
[completion-event] {"processOrdinal":2,"v":1,"event":11,"begin":"15884225709","end":"15884252875","thread":22,"request":16,"reference":null,"job":null,"n":5,"x":0,"y":0}
[completion-event] {"processOrdinal":2,"v":1,"event":12,"begin":"15884252875","end":"15884258209","thread":22,"request":16,"reference":null,"job":null,"n":5,"x":0,"y":0}
[completion-event] {"processOrdinal":2,"v":1,"event":13,"begin":"15884258209","end":"15884263584","thread":22,"request":16,"reference":null,"job":null,"n":5,"x":0,"y":100}
[completion-event] {"processOrdinal":2,"v":1,"event":10,"begin":"16341132167","end":"16478201625","thread":23,"request":17,"reference":null,"job":null,"n":14,"x":7,"y":0}
[completion-event] {"processOrdinal":2,"v":1,"event":11,"begin":"16478201625","end":"16478231542","thread":23,"request":17,"reference":null,"job":null,"n":5,"x":0,"y":0}
[completion-event] {"processOrdinal":2,"v":1,"event":12,"begin":"16478231542","end":"16478237417","thread":23,"request":17,"reference":null,"job":null,"n":5,"x":0,"y":0}
[completion-event] {"processOrdinal":2,"v":1,"event":13,"begin":"16478237417","end":"16478243167","thread":23,"request":17,"reference":null,"job":null,"n":5,"x":0,"y":100}
[completion-event] {"processOrdinal":2,"v":1,"event":10,"begin":"16933880125","end":"17070607292","thread":24,"request":18,"reference":null,"job":null,"n":14,"x":7,"y":0}
[completion-event] {"processOrdinal":2,"v":1,"event":11,"begin":"17070607292","end":"17070636917","thread":24,"request":18,"reference":null,"job":null,"n":5,"x":0,"y":0}
[completion-event] {"processOrdinal":2,"v":1,"event":12,"begin":"17070636917","end":"17070643167","thread":24,"request":18,"reference":null,"job":null,"n":5,"x":0,"y":0}
[completion-event] {"processOrdinal":2,"v":1,"event":13,"begin":"17070643167","end":"17070664667","thread":24,"request":18,"reference":null,"job":null,"n":5,"x":0,"y":100}
[completion-event] {"processOrdinal":2,"v":1,"event":10,"begin":"17525959125","end":"17665028750","thread":25,"request":19,"reference":null,"job":null,"n":14,"x":7,"y":0}
[completion-event] {"processOrdinal":2,"v":1,"event":11,"begin":"17665028750","end":"17665057667","thread":25,"request":19,"reference":null,"job":null,"n":5,"x":0,"y":0}
[completion-event] {"processOrdinal":2,"v":1,"event":12,"begin":"17665057667","end":"17665062542","thread":25,"request":19,"reference":null,"job":null,"n":5,"x":0,"y":0}
[completion-event] {"processOrdinal":2,"v":1,"event":13,"begin":"17665062542","end":"17665068292","thread":25,"request":19,"reference":null,"job":null,"n":5,"x":0,"y":100}
[completion-event] {"processOrdinal":2,"v":1,"event":10,"begin":"18122756042","end":"18264012084","thread":26,"request":20,"reference":null,"job":null,"n":14,"x":7,"y":0}
[completion-event] {"processOrdinal":2,"v":1,"event":11,"begin":"18264012084","end":"18264043084","thread":26,"request":20,"reference":null,"job":null,"n":5,"x":0,"y":0}
[completion-event] {"processOrdinal":2,"v":1,"event":12,"begin":"18264043084","end":"18264049375","thread":26,"request":20,"reference":null,"job":null,"n":5,"x":0,"y":0}
[completion-event] {"processOrdinal":2,"v":1,"event":13,"begin":"18264049375","end":"18264055459","thread":26,"request":20,"reference":null,"job":null,"n":5,"x":0,"y":100}
[completion-event] {"processOrdinal":2,"v":1,"event":10,"begin":"18731530209","end":"18904189542","thread":27,"request":21,"reference":null,"job":null,"n":14,"x":7,"y":0}
[completion-event] {"processOrdinal":2,"v":1,"event":11,"begin":"18904189542","end":"18904218417","thread":27,"request":21,"reference":null,"job":null,"n":5,"x":0,"y":0}
[completion-event] {"processOrdinal":2,"v":1,"event":12,"begin":"18904218417","end":"18904223459","thread":27,"request":21,"reference":null,"job":null,"n":5,"x":0,"y":0}
[completion-event] {"processOrdinal":2,"v":1,"event":13,"begin":"18904223459","end":"18904229084","thread":27,"request":21,"reference":null,"job":null,"n":5,"x":0,"y":100}
[completion-event] {"processOrdinal":2,"v":1,"event":10,"begin":"19357739250","end":"19502981917","thread":28,"request":22,"reference":null,"job":null,"n":16,"x":8,"y":0}
[completion-event] {"processOrdinal":2,"v":1,"event":11,"begin":"19502981917","end":"19503017084","thread":28,"request":22,"reference":null,"job":null,"n":6,"x":0,"y":0}
[completion-event] {"processOrdinal":2,"v":1,"event":12,"begin":"19503017084","end":"19503027500","thread":28,"request":22,"reference":null,"job":null,"n":6,"x":0,"y":0}
[completion-event] {"processOrdinal":2,"v":1,"event":13,"begin":"19503027500","end":"19503033500","thread":28,"request":22,"reference":null,"job":null,"n":6,"x":0,"y":100}
[completion-event] {"processOrdinal":2,"v":1,"event":10,"begin":"19960053209","end":"20105435792","thread":29,"request":23,"reference":null,"job":null,"n":16,"x":8,"y":0}
[completion-event] {"processOrdinal":2,"v":1,"event":11,"begin":"20105435792","end":"20105473917","thread":29,"request":23,"reference":null,"job":null,"n":6,"x":0,"y":0}
[completion-event] {"processOrdinal":2,"v":1,"event":12,"begin":"20105473917","end":"20105484084","thread":29,"request":23,"reference":null,"job":null,"n":6,"x":0,"y":0}
[completion-event] {"processOrdinal":2,"v":1,"event":13,"begin":"20105484084","end":"20105490709","thread":29,"request":23,"reference":null,"job":null,"n":6,"x":0,"y":100}
[completion-event] {"processOrdinal":2,"v":1,"event":10,"begin":"20562748084","end":"20710330209","thread":30,"request":24,"reference":null,"job":null,"n":16,"x":8,"y":0}
[completion-event] {"processOrdinal":2,"v":1,"event":11,"begin":"20710330209","end":"20710362792","thread":30,"request":24,"reference":null,"job":null,"n":6,"x":0,"y":0}
[completion-event] {"processOrdinal":2,"v":1,"event":12,"begin":"20710362792","end":"20710372459","thread":30,"request":24,"reference":null,"job":null,"n":6,"x":0,"y":0}
[completion-event] {"processOrdinal":2,"v":1,"event":13,"begin":"20710372459","end":"20710378709","thread":30,"request":24,"reference":null,"job":null,"n":6,"x":0,"y":100}
[completion-event] {"processOrdinal":2,"v":1,"event":10,"begin":"21166242125","end":"21313240959","thread":31,"request":25,"reference":null,"job":null,"n":16,"x":8,"y":0}
[completion-event] {"processOrdinal":2,"v":1,"event":11,"begin":"21313240959","end":"21313272709","thread":31,"request":25,"reference":null,"job":null,"n":6,"x":0,"y":0}
[completion-event] {"processOrdinal":2,"v":1,"event":12,"begin":"21313272709","end":"21313282625","thread":31,"request":25,"reference":null,"job":null,"n":6,"x":0,"y":0}
[completion-event] {"processOrdinal":2,"v":1,"event":13,"begin":"21313282625","end":"21313288959","thread":31,"request":25,"reference":null,"job":null,"n":6,"x":0,"y":100}
[completion-event] {"processOrdinal":2,"v":1,"event":10,"begin":"21772639500","end":"21919606125","thread":32,"request":26,"reference":null,"job":null,"n":16,"x":8,"y":0}
[completion-event] {"processOrdinal":2,"v":1,"event":11,"begin":"21919606125","end":"21919638250","thread":32,"request":26,"reference":null,"job":null,"n":6,"x":0,"y":0}
[completion-event] {"processOrdinal":2,"v":1,"event":12,"begin":"21919638250","end":"21919647417","thread":32,"request":26,"reference":null,"job":null,"n":6,"x":0,"y":0}
[completion-event] {"processOrdinal":2,"v":1,"event":13,"begin":"21919647417","end":"21919653667","thread":32,"request":26,"reference":null,"job":null,"n":6,"x":0,"y":100}
[completion-event] {"processOrdinal":2,"v":1,"event":10,"begin":"22375429959","end":"22521951084","thread":33,"request":27,"reference":null,"job":null,"n":16,"x":8,"y":0}
[completion-event] {"processOrdinal":2,"v":1,"event":11,"begin":"22521951084","end":"22521981375","thread":33,"request":27,"reference":null,"job":null,"n":6,"x":0,"y":0}
[completion-event] {"processOrdinal":2,"v":1,"event":12,"begin":"22521981375","end":"22521990834","thread":33,"request":27,"reference":null,"job":null,"n":6,"x":0,"y":0}
[completion-event] {"processOrdinal":2,"v":1,"event":13,"begin":"22521990834","end":"22521997042","thread":33,"request":27,"reference":null,"job":null,"n":6,"x":0,"y":100}
[completion-event] {"processOrdinal":2,"v":1,"event":10,"begin":"22978124084","end":"23130113834","thread":34,"request":28,"reference":null,"job":null,"n":16,"x":8,"y":0}
[completion-event] {"processOrdinal":2,"v":1,"event":11,"begin":"23130113834","end":"23130145792","thread":34,"request":28,"reference":null,"job":null,"n":6,"x":0,"y":0}
[completion-event] {"processOrdinal":2,"v":1,"event":12,"begin":"23130145792","end":"23130155667","thread":34,"request":28,"reference":null,"job":null,"n":6,"x":0,"y":0}
[completion-event] {"processOrdinal":2,"v":1,"event":13,"begin":"23130155667","end":"23130161584","thread":34,"request":28,"reference":null,"job":null,"n":6,"x":0,"y":100}
[completion-event] {"processOrdinal":2,"v":1,"event":10,"begin":"23587923084","end":"23736301209","thread":35,"request":29,"reference":null,"job":null,"n":16,"x":8,"y":0}
[completion-event] {"processOrdinal":2,"v":1,"event":11,"begin":"23736301209","end":"23736331542","thread":35,"request":29,"reference":null,"job":null,"n":6,"x":0,"y":0}
[completion-event] {"processOrdinal":2,"v":1,"event":12,"begin":"23736331542","end":"23736340959","thread":35,"request":29,"reference":null,"job":null,"n":6,"x":0,"y":0}
[completion-event] {"processOrdinal":2,"v":1,"event":13,"begin":"23736340959","end":"23736346834","thread":35,"request":29,"reference":null,"job":null,"n":6,"x":0,"y":100}
[completion-event] {"processOrdinal":2,"v":1,"event":10,"begin":"24192740000","end":"24340046834","thread":36,"request":30,"reference":null,"job":null,"n":16,"x":8,"y":0}
[completion-event] {"processOrdinal":2,"v":1,"event":11,"begin":"24340046834","end":"24340080417","thread":36,"request":30,"reference":null,"job":null,"n":6,"x":0,"y":0}
[completion-event] {"processOrdinal":2,"v":1,"event":12,"begin":"24340080417","end":"24340089792","thread":36,"request":30,"reference":null,"job":null,"n":6,"x":0,"y":0}
[completion-event] {"processOrdinal":2,"v":1,"event":13,"begin":"24340089792","end":"24340095709","thread":36,"request":30,"reference":null,"job":null,"n":6,"x":0,"y":100}
[completion-event] {"processOrdinal":2,"v":1,"event":10,"begin":"24798944459","end":"24944428542","thread":37,"request":31,"reference":null,"job":null,"n":16,"x":8,"y":0}
[completion-event] {"processOrdinal":2,"v":1,"event":11,"begin":"24944428542","end":"24944461292","thread":37,"request":31,"reference":null,"job":null,"n":6,"x":0,"y":0}
[completion-event] {"processOrdinal":2,"v":1,"event":12,"begin":"24944461292","end":"24944470834","thread":37,"request":31,"reference":null,"job":null,"n":6,"x":0,"y":0}
[completion-event] {"processOrdinal":2,"v":1,"event":13,"begin":"24944470834","end":"24944476709","thread":37,"request":31,"reference":null,"job":null,"n":6,"x":0,"y":100}
[completion-event] {"processOrdinal":2,"v":1,"event":10,"begin":"25399964959","end":"25547009792","thread":38,"request":32,"reference":null,"job":null,"n":16,"x":8,"y":0}
[completion-event] {"processOrdinal":2,"v":1,"event":11,"begin":"25547009792","end":"25547040417","thread":38,"request":32,"reference":null,"job":null,"n":6,"x":0,"y":0}
[completion-event] {"processOrdinal":2,"v":1,"event":12,"begin":"25547040417","end":"25547050542","thread":38,"request":32,"reference":null,"job":null,"n":6,"x":0,"y":0}
[completion-event] {"processOrdinal":2,"v":1,"event":13,"begin":"25547050542","end":"25547056917","thread":38,"request":32,"reference":null,"job":null,"n":6,"x":0,"y":100}
[completion-event] {"processOrdinal":2,"v":1,"event":10,"begin":"26005115417","end":"26153411042","thread":39,"request":33,"reference":null,"job":null,"n":16,"x":8,"y":0}
[completion-event] {"processOrdinal":2,"v":1,"event":11,"begin":"26153411042","end":"26153444084","thread":39,"request":33,"reference":null,"job":null,"n":6,"x":0,"y":0}
[completion-event] {"processOrdinal":2,"v":1,"event":12,"begin":"26153444084","end":"26153453542","thread":39,"request":33,"reference":null,"job":null,"n":6,"x":0,"y":0}
[completion-event] {"processOrdinal":2,"v":1,"event":13,"begin":"26153453542","end":"26153459250","thread":39,"request":33,"reference":null,"job":null,"n":6,"x":0,"y":100}
[completion-event] {"processOrdinal":2,"v":1,"event":10,"begin":"26609325959","end":"26765695500","thread":40,"request":34,"reference":null,"job":null,"n":16,"x":8,"y":0}
[completion-event] {"processOrdinal":2,"v":1,"event":11,"begin":"26765695500","end":"26765726709","thread":40,"request":34,"reference":null,"job":null,"n":6,"x":0,"y":0}
[completion-event] {"processOrdinal":2,"v":1,"event":12,"begin":"26765726709","end":"26765736667","thread":40,"request":34,"reference":null,"job":null,"n":6,"x":0,"y":0}
[completion-event] {"processOrdinal":2,"v":1,"event":13,"begin":"26765736667","end":"26765743125","thread":40,"request":34,"reference":null,"job":null,"n":6,"x":0,"y":100}
[completion-event] {"processOrdinal":2,"v":1,"event":10,"begin":"27232920667","end":"27395984584","thread":41,"request":35,"reference":null,"job":null,"n":18,"x":9,"y":0}
[completion-event] {"processOrdinal":2,"v":1,"event":11,"begin":"27395984584","end":"27396019542","thread":41,"request":35,"reference":null,"job":null,"n":7,"x":0,"y":0}
[completion-event] {"processOrdinal":2,"v":1,"event":12,"begin":"27396019542","end":"27396029625","thread":41,"request":35,"reference":null,"job":null,"n":7,"x":0,"y":0}
[completion-event] {"processOrdinal":2,"v":1,"event":13,"begin":"27396029625","end":"27396035959","thread":41,"request":35,"reference":null,"job":null,"n":7,"x":0,"y":100}
[completion-event] {"processOrdinal":2,"v":1,"event":10,"begin":"27879816667","end":"28040231250","thread":42,"request":36,"reference":null,"job":null,"n":18,"x":9,"y":0}
[completion-event] {"processOrdinal":2,"v":1,"event":11,"begin":"28040231250","end":"28040265417","thread":42,"request":36,"reference":null,"job":null,"n":7,"x":0,"y":0}
[completion-event] {"processOrdinal":2,"v":1,"event":12,"begin":"28040265417","end":"28040274584","thread":42,"request":36,"reference":null,"job":null,"n":7,"x":0,"y":0}
[completion-event] {"processOrdinal":2,"v":1,"event":13,"begin":"28040274584","end":"28040280959","thread":42,"request":36,"reference":null,"job":null,"n":7,"x":0,"y":100}
[completion-event] {"processOrdinal":2,"v":1,"event":10,"begin":"28500179125","end":"28659064917","thread":43,"request":37,"reference":null,"job":null,"n":18,"x":9,"y":0}
[completion-event] {"processOrdinal":2,"v":1,"event":11,"begin":"28659064917","end":"28659098125","thread":43,"request":37,"reference":null,"job":null,"n":7,"x":0,"y":0}
[completion-event] {"processOrdinal":2,"v":1,"event":12,"begin":"28659098125","end":"28659107959","thread":43,"request":37,"reference":null,"job":null,"n":7,"x":0,"y":0}
[completion-event] {"processOrdinal":2,"v":1,"event":13,"begin":"28659107959","end":"28659114334","thread":43,"request":37,"reference":null,"job":null,"n":7,"x":0,"y":100}
[completion-event] {"processOrdinal":2,"v":1,"event":10,"begin":"29118841125","end":"29281259250","thread":44,"request":38,"reference":null,"job":null,"n":18,"x":9,"y":0}
[completion-event] {"processOrdinal":2,"v":1,"event":11,"begin":"29281259250","end":"29281300125","thread":44,"request":38,"reference":null,"job":null,"n":7,"x":0,"y":0}
[completion-event] {"processOrdinal":2,"v":1,"event":12,"begin":"29281300125","end":"29281309667","thread":44,"request":38,"reference":null,"job":null,"n":7,"x":0,"y":0}
[completion-event] {"processOrdinal":2,"v":1,"event":13,"begin":"29281309667","end":"29281316584","thread":44,"request":38,"reference":null,"job":null,"n":7,"x":0,"y":100}
[completion-event] {"processOrdinal":2,"v":1,"event":10,"begin":"29743903875","end":"29903431209","thread":45,"request":39,"reference":null,"job":null,"n":18,"x":9,"y":0}
[completion-event] {"processOrdinal":2,"v":1,"event":11,"begin":"29903431209","end":"29903468000","thread":45,"request":39,"reference":null,"job":null,"n":7,"x":0,"y":0}
[completion-event] {"processOrdinal":2,"v":1,"event":12,"begin":"29903468000","end":"29903478042","thread":45,"request":39,"reference":null,"job":null,"n":7,"x":0,"y":0}
[completion-event] {"processOrdinal":2,"v":1,"event":13,"begin":"29903478042","end":"29903484875","thread":45,"request":39,"reference":null,"job":null,"n":7,"x":0,"y":100}
[completion-event] {"processOrdinal":2,"v":1,"event":10,"begin":"30371204292","end":"30534046000","thread":46,"request":40,"reference":null,"job":null,"n":18,"x":9,"y":0}
[completion-event] {"processOrdinal":2,"v":1,"event":11,"begin":"30534046000","end":"30534084292","thread":46,"request":40,"reference":null,"job":null,"n":7,"x":0,"y":0}
[completion-event] {"processOrdinal":2,"v":1,"event":12,"begin":"30534084292","end":"30534094792","thread":46,"request":40,"reference":null,"job":null,"n":7,"x":0,"y":0}
[completion-event] {"processOrdinal":2,"v":1,"event":13,"begin":"30534094792","end":"30534101959","thread":46,"request":40,"reference":null,"job":null,"n":7,"x":0,"y":100}
[completion-event] {"processOrdinal":2,"v":1,"event":10,"begin":"30995836875","end":"31154139125","thread":47,"request":41,"reference":null,"job":null,"n":18,"x":9,"y":0}
[completion-event] {"processOrdinal":2,"v":1,"event":11,"begin":"31154139125","end":"31154174750","thread":47,"request":41,"reference":null,"job":null,"n":7,"x":0,"y":0}
[completion-event] {"processOrdinal":2,"v":1,"event":12,"begin":"31154174750","end":"31154184584","thread":47,"request":41,"reference":null,"job":null,"n":7,"x":0,"y":0}
[completion-event] {"processOrdinal":2,"v":1,"event":13,"begin":"31154184584","end":"31154190792","thread":47,"request":41,"reference":null,"job":null,"n":7,"x":0,"y":100}
[completion-event] {"processOrdinal":2,"v":1,"event":10,"begin":"31617068917","end":"31807210709","thread":48,"request":42,"reference":null,"job":null,"n":18,"x":9,"y":0}
[completion-event] {"processOrdinal":2,"v":1,"event":11,"begin":"31807210709","end":"31807245167","thread":48,"request":42,"reference":null,"job":null,"n":7,"x":0,"y":0}
[completion-event] {"processOrdinal":2,"v":1,"event":12,"begin":"31807245167","end":"31807255042","thread":48,"request":42,"reference":null,"job":null,"n":7,"x":0,"y":0}
[completion-event] {"processOrdinal":2,"v":1,"event":13,"begin":"31807255042","end":"31807261542","thread":48,"request":42,"reference":null,"job":null,"n":7,"x":0,"y":100}
[completion-event] {"processOrdinal":2,"v":1,"event":10,"begin":"32858168167","end":"33027235125","thread":49,"request":43,"reference":null,"job":null,"n":20,"x":10,"y":0}
[completion-event] {"processOrdinal":2,"v":1,"event":11,"begin":"33027235125","end":"33027270375","thread":49,"request":43,"reference":null,"job":null,"n":8,"x":0,"y":0}
[completion-event] {"processOrdinal":2,"v":1,"event":12,"begin":"33027270375","end":"33027280000","thread":49,"request":43,"reference":null,"job":null,"n":8,"x":0,"y":0}
[completion-event] {"processOrdinal":2,"v":1,"event":13,"begin":"33027280000","end":"33027287000","thread":49,"request":43,"reference":null,"job":null,"n":8,"x":0,"y":100}
[completion-observation-status] {"processOrdinal":2,"status":"observed","code":"none","rows":172,"bytes":26686,"selected":null}
[timeline-page-observation-status] {"cycles":231,"invalid":0,"summaries":[{"cycle":1,"processOrdinal":1,"timelineOrdinal":1,"kind":"complete","elapsedMs":1.8681659999997464,"pages":1,"totalChanged":false,"mixedStates":false,"code":"none"},{"cycle":2,"processOrdinal":1,"timelineOrdinal":2,"kind":"complete","elapsedMs":1.8504579999998896,"pages":1,"totalChanged":false,"mixedStates":false,"code":"none"},{"cycle":3,"processOrdinal":1,"timelineOrdinal":3,"kind":"complete","elapsedMs":1.8316249999998035,"pages":1,"totalChanged":false,"mixedStates":false,"code":"none"},{"cycle":4,"processOrdinal":1,"timelineOrdinal":4,"kind":"complete","elapsedMs":2.0243329999998423,"pages":1,"totalChanged":false,"mixedStates":false,"code":"none"},{"cycle":5,"processOrdinal":1,"timelineOrdinal":5,"kind":"complete","elapsedMs":1.765875000000051,"pages":1,"totalChanged":false,"mixedStates":false,"code":"none"},{"cycle":6,"processOrdinal":1,"timelineOrdinal":6,"kind":"complete","elapsedMs":1.6422499999998763,"pages":1,"totalChanged":false,"mixedStates":false,"code":"none"},{"cycle":7,"processOrdinal":1,"timelineOrdinal":7,"kind":"complete","elapsedMs":2.1048329999998714,"pages":1,"totalChanged":false,"mixedStates":false,"code":"none"},{"cycle":8,"processOrdinal":1,"timelineOrdinal":8,"kind":"complete","elapsedMs":1.4808750000001965,"pages":1,"totalChanged":false,"mixedStates":false,"code":"none"},{"cycle":9,"processOrdinal":1,"timelineOrdinal":9,"kind":"complete","elapsedMs":1.659541999999874,"pages":1,"totalChanged":false,"mixedStates":false,"code":"none"},{"cycle":10,"processOrdinal":1,"timelineOrdinal":10,"kind":"complete","elapsedMs":1.5910420000000158,"pages":1,"totalChanged":false,"mixedStates":false,"code":"none"},{"cycle":11,"processOrdinal":1,"timelineOrdinal":11,"kind":"complete","elapsedMs":1.8578750000001492,"pages":1,"totalChanged":false,"mixedStates":false,"code":"none"},{"cycle":12,"processOrdinal":1,"timelineOrdinal":12,"kind":"complete","elapsedMs":1.9245419999997466,"pages":1,"totalChanged":false,"mixedStates":false,"code":"none"},{"cycle":13,"processOrdinal":1,"timelineOrdinal":13,"kind":"complete","elapsedMs":1.6596669999998994,"pages":1,"totalChanged":false,"mixedStates":false,"code":"none"},{"cycle":14,"processOrdinal":1,"timelineOrdinal":14,"kind":"complete","elapsedMs":1.597041999999874,"pages":1,"totalChanged":false,"mixedStates":false,"code":"none"},{"cycle":15,"processOrdinal":1,"timelineOrdinal":15,"kind":"complete","elapsedMs":1.7530830000000606,"pages":1,"totalChanged":false,"mixedStates":false,"code":"none"},{"cycle":16,"processOrdinal":1,"timelineOrdinal":16,"kind":"complete","elapsedMs":1.6632079999999405,"pages":1,"totalChanged":false,"mixedStates":false,"code":"none"},{"cycle":17,"processOrdinal":1,"timelineOrdinal":17,"kind":"complete","elapsedMs":1.618167000000085,"pages":1,"totalChanged":false,"mixedStates":false,"code":"none"},{"cycle":18,"processOrdinal":1,"timelineOrdinal":18,"kind":"complete","elapsedMs":1.7692500000002838,"pages":1,"totalChanged":false,"mixedStates":false,"code":"none"},{"cycle":19,"processOrdinal":1,"timelineOrdinal":19,"kind":"complete","elapsedMs":1.6735830000002352,"pages":1,"totalChanged":false,"mixedStates":false,"code":"none"},{"cycle":20,"processOrdinal":1,"timelineOrdinal":20,"kind":"complete","elapsedMs":1.765625,"pages":1,"totalChanged":false,"mixedStates":false,"code":"none"},{"cycle":21,"processOrdinal":1,"timelineOrdinal":21,"kind":"complete","elapsedMs":1.470249999999396,"pages":1,"totalChanged":false,"mixedStates":false,"code":"none"},{"cycle":22,"processOrdinal":1,"timelineOrdinal":22,"kind":"complete","elapsedMs":1.993666999999732,"pages":1,"totalChanged":false,"mixedStates":false,"code":"none"},{"cycle":23,"processOrdinal":1,"timelineOrdinal":23,"kind":"complete","elapsedMs":1.5501659999999902,"pages":1,"totalChanged":false,"mixedStates":false,"code":"none"},{"cycle":24,"processOrdinal":1,"timelineOrdinal":24,"kind":"complete","elapsedMs":1.8160829999997077,"pages":1,"totalChanged":false,"mixedStates":false,"code":"none"},{"cycle":25,"processOrdinal":1,"timelineOrdinal":25,"kind":"complete","elapsedMs":1.7313750000002983,"pages":1,"totalChanged":false,"mixedStates":false,"code":"none"},{"cycle":26,"processOrdinal":1,"timelineOrdinal":26,"kind":"complete","elapsedMs":1.5217920000004597,"pages":1,"totalChanged":false,"mixedStates":false,"code":"none"},{"cycle":27,"processOrdinal":1,"timelineOrdinal":27,"kind":"complete","elapsedMs":1.5944169999993392,"pages":1,"totalChanged":false,"mixedStates":false,"code":"none"},{"cycle":28,"processOrdinal":1,"timelineOrdinal":28,"kind":"complete","elapsedMs":1.8699169999999867,"pages":1,"totalChanged":false,"mixedStates":false,"code":"none"},{"cycle":29,"processOrdinal":1,"timelineOrdinal":29,"kind":"complete","elapsedMs":1.616083000000799,"pages":1,"totalChanged":false,"mixedStates":false,"code":"none"},{"cycle":30,"processOrdinal":1,"timelineOrdinal":30,"kind":"complete","elapsedMs":1.6250829999999041,"pages":1,"totalChanged":false,"mixedStates":false,"code":"none"},{"cycle":31,"processOrdinal":1,"timelineOrdinal":31,"kind":"complete","elapsedMs":1.5795420000004015,"pages":1,"totalChanged":false,"mixedStates":false,"code":"none"},{"cycle":32,"processOrdinal":1,"timelineOrdinal":32,"kind":"complete","elapsedMs":1.51391699999931,"pages":1,"totalChanged":false,"mixedStates":false,"code":"none"},{"cycle":33,"processOrdinal":1,"timelineOrdinal":33,"kind":"complete","elapsedMs":1.9214999999994689,"pages":1,"totalChanged":false,"mixedStates":false,"code":"none"},{"cycle":34,"processOrdinal":1,"timelineOrdinal":34,"kind":"complete","elapsedMs":1.4885410000006232,"pages":1,"totalChanged":false,"mixedStates":false,"code":"none"},{"cycle":35,"processOrdinal":1,"timelineOrdinal":35,"kind":"complete","elapsedMs":1.4954580000003261,"pages":1,"totalChanged":false,"mixedStates":false,"code":"none"},{"cycle":36,"processOrdinal":1,"timelineOrdinal":36,"kind":"complete","elapsedMs":1.5336249999991196,"pages":1,"totalChanged":false,"mixedStates":false,"code":"none"},{"cycle":37,"processOrdinal":1,"timelineOrdinal":37,"kind":"complete","elapsedMs":1.4695410000003903,"pages":1,"totalChanged":false,"mixedStates":false,"code":"none"},{"cycle":38,"processOrdinal":1,"timelineOrdinal":38,"kind":"complete","elapsedMs":1.7427499999994325,"pages":1,"totalChanged":false,"mixedStates":false,"code":"none"},{"cycle":39,"processOrdinal":1,"timelineOrdinal":39,"kind":"complete","elapsedMs":1.578457999999955,"pages":1,"totalChanged":false,"mixedStates":false,"code":"none"},{"cycle":40,"processOrdinal":1,"timelineOrdinal":40,"kind":"complete","elapsedMs":2.2064999999993233,"pages":1,"totalChanged":false,"mixedStates":false,"code":"none"},{"cycle":41,"processOrdinal":1,"timelineOrdinal":41,"kind":"complete","elapsedMs":1.570082999999613,"pages":1,"totalChanged":false,"mixedStates":false,"code":"none"},{"cycle":42,"processOrdinal":1,"timelineOrdinal":42,"kind":"complete","elapsedMs":1.4584589999994932,"pages":1,"totalChanged":false,"mixedStates":false,"code":"none"},{"cycle":43,"processOrdinal":1,"timelineOrdinal":43,"kind":"complete","elapsedMs":1.522541999999703,"pages":1,"totalChanged":false,"mixedStates":false,"code":"none"},{"cycle":44,"processOrdinal":1,"timelineOrdinal":44,"kind":"complete","elapsedMs":1.6089590000001408,"pages":1,"totalChanged":false,"mixedStates":false,"code":"none"},{"cycle":45,"processOrdinal":1,"timelineOrdinal":45,"kind":"complete","elapsedMs":1.7177499999997963,"pages":1,"totalChanged":false,"mixedStates":false,"code":"none"},{"cycle":46,"processOrdinal":1,"timelineOrdinal":46,"kind":"complete","elapsedMs":1.515374999999949,"pages":1,"totalChanged":false,"mixedStates":false,"code":"none"},{"cycle":47,"processOrdinal":1,"timelineOrdinal":47,"kind":"complete","elapsedMs":1.7186670000000959,"pages":1,"totalChanged":false,"mixedStates":false,"code":"none"},{"cycle":48,"processOrdinal":1,"timelineOrdinal":48,"kind":"complete","elapsedMs":1.5533339999992677,"pages":1,"totalChanged":false,"mixedStates":false,"code":"none"},{"cycle":49,"processOrdinal":1,"timelineOrdinal":49,"kind":"complete","elapsedMs":1.614249999999629,"pages":1,"totalChanged":false,"mixedStates":false,"code":"none"},{"cycle":50,"processOrdinal":1,"timelineOrdinal":50,"kind":"complete","elapsedMs":1.5853329999999914,"pages":1,"totalChanged":false,"mixedStates":false,"code":"none"},{"cycle":51,"processOrdinal":1,"timelineOrdinal":51,"kind":"complete","elapsedMs":1.9312090000003082,"pages":1,"totalChanged":false,"mixedStates":false,"code":"none"},{"cycle":52,"processOrdinal":1,"timelineOrdinal":52,"kind":"complete","elapsedMs":1.7647920000008526,"pages":1,"totalChanged":false,"mixedStates":false,"code":"none"},{"cycle":53,"processOrdinal":1,"timelineOrdinal":53,"kind":"complete","elapsedMs":6.2878749999999854,"pages":1,"totalChanged":false,"mixedStates":false,"code":"none"},{"cycle":54,"processOrdinal":1,"timelineOrdinal":54,"kind":"complete","elapsedMs":1.5968329999996058,"pages":1,"totalChanged":false,"mixedStates":false,"code":"none"},{"cycle":55,"processOrdinal":1,"timelineOrdinal":55,"kind":"complete","elapsedMs":1.8913329999995767,"pages":1,"totalChanged":false,"mixedStates":false,"code":"none"},{"cycle":56,"processOrdinal":1,"timelineOrdinal":56,"kind":"complete","elapsedMs":1.5369590000000244,"pages":1,"totalChanged":false,"mixedStates":false,"code":"none"},{"cycle":57,"processOrdinal":1,"timelineOrdinal":57,"kind":"complete","elapsedMs":1.7681249999995998,"pages":1,"totalChanged":false,"mixedStates":false,"code":"none"},{"cycle":58,"processOrdinal":1,"timelineOrdinal":58,"kind":"complete","elapsedMs":1.4403330000004644,"pages":1,"totalChanged":false,"mixedStates":false,"code":"none"},{"cycle":59,"processOrdinal":1,"timelineOrdinal":59,"kind":"complete","elapsedMs":1.7046669999999722,"pages":1,"totalChanged":false,"mixedStates":false,"code":"none"},{"cycle":60,"processOrdinal":1,"timelineOrdinal":60,"kind":"complete","elapsedMs":1.9760420000002341,"pages":1,"totalChanged":false,"mixedStates":false,"code":"none"},{"cycle":61,"processOrdinal":1,"timelineOrdinal":61,"kind":"complete","elapsedMs":1.5668339999992895,"pages":1,"totalChanged":false,"mixedStates":false,"code":"none"},{"cycle":62,"processOrdinal":1,"timelineOrdinal":62,"kind":"complete","elapsedMs":1.491041999999652,"pages":1,"totalChanged":false,"mixedStates":false,"code":"none"},{"cycle":63,"processOrdinal":1,"timelineOrdinal":63,"kind":"complete","elapsedMs":1.5249170000006416,"pages":1,"totalChanged":false,"mixedStates":false,"code":"none"},{"cycle":64,"processOrdinal":1,"timelineOrdinal":64,"kind":"complete","elapsedMs":1.5175419999995938,"pages":1,"totalChanged":false,"mixedStates":false,"code":"none"},{"cycle":65,"processOrdinal":1,"timelineOrdinal":65,"kind":"complete","elapsedMs":1.6098330000004353,"pages":1,"totalChanged":false,"mixedStates":false,"code":"none"},{"cycle":66,"processOrdinal":1,"timelineOrdinal":66,"kind":"complete","elapsedMs":1.4270829999986745,"pages":1,"totalChanged":false,"mixedStates":false,"code":"none"},{"cycle":67,"processOrdinal":1,"timelineOrdinal":67,"kind":"complete","elapsedMs":1.4373749999995198,"pages":1,"totalChanged":false,"mixedStates":false,"code":"none"},{"cycle":68,"processOrdinal":1,"timelineOrdinal":68,"kind":"complete","elapsedMs":1.4941249999992579,"pages":1,"totalChanged":false,"mixedStates":false,"code":"none"},{"cycle":69,"processOrdinal":1,"timelineOrdinal":69,"kind":"complete","elapsedMs":1.5936250000013388,"pages":1,"totalChanged":false,"mixedStates":false,"code":"none"},{"cycle":70,"processOrdinal":1,"timelineOrdinal":70,"kind":"complete","elapsedMs":1.6324580000000424,"pages":1,"totalChanged":false,"mixedStates":false,"code":"none"},{"cycle":71,"processOrdinal":1,"timelineOrdinal":71,"kind":"complete","elapsedMs":1.5165829999987182,"pages":1,"totalChanged":false,"mixedStates":false,"code":"none"},{"cycle":72,"processOrdinal":1,"timelineOrdinal":72,"kind":"complete","elapsedMs":1.6262090000000171,"pages":1,"totalChanged":false,"mixedStates":false,"code":"none"},{"cycle":73,"processOrdinal":1,"timelineOrdinal":73,"kind":"complete","elapsedMs":1.5509999999994761,"pages":1,"totalChanged":false,"mixedStates":false,"code":"none"},{"cycle":74,"processOrdinal":1,"timelineOrdinal":74,"kind":"complete","elapsedMs":1.578457999999955,"pages":1,"totalChanged":false,"mixedStates":false,"code":"none"},{"cycle":75,"processOrdinal":1,"timelineOrdinal":75,"kind":"complete","elapsedMs":1.5647919999992155,"pages":1,"totalChanged":false,"mixedStates":false,"code":"none"},{"cycle":76,"processOrdinal":1,"timelineOrdinal":76,"kind":"complete","elapsedMs":1.4577079999999114,"pages":1,"totalChanged":false,"mixedStates":false,"code":"none"},{"cycle":77,"processOrdinal":1,"timelineOrdinal":77,"kind":"complete","elapsedMs":1.4909999999999854,"pages":1,"totalChanged":false,"mixedStates":false,"code":"none"},{"cycle":78,"processOrdinal":1,"timelineOrdinal":78,"kind":"complete","elapsedMs":1.4079170000004524,"pages":1,"totalChanged":false,"mixedStates":false,"code":"none"},{"cycle":79,"processOrdinal":1,"timelineOrdinal":79,"kind":"complete","elapsedMs":1.5044579999994312,"pages":1,"totalChanged":false,"mixedStates":false,"code":"none"},{"cycle":80,"processOrdinal":1,"timelineOrdinal":80,"kind":"complete","elapsedMs":1.812167000000045,"pages":1,"totalChanged":false,"mixedStates":false,"code":"none"},{"cycle":81,"processOrdinal":1,"timelineOrdinal":81,"kind":"complete","elapsedMs":1.4610840000004828,"pages":1,"totalChanged":false,"mixedStates":false,"code":"none"},{"cycle":82,"processOrdinal":1,"timelineOrdinal":82,"kind":"complete","elapsedMs":1.5223750000004657,"pages":1,"totalChanged":false,"mixedStates":false,"code":"none"},{"cycle":83,"processOrdinal":1,"timelineOrdinal":83,"kind":"complete","elapsedMs":13.046458000000712,"pages":1,"totalChanged":false,"mixedStates":false,"code":"none"},{"cycle":84,"processOrdinal":1,"timelineOrdinal":84,"kind":"complete","elapsedMs":29.344499999999243,"pages":1,"totalChanged":false,"mixedStates":false,"code":"none"},{"cycle":85,"processOrdinal":1,"timelineOrdinal":85,"kind":"complete","elapsedMs":13.764290999999503,"pages":1,"totalChanged":false,"mixedStates":false,"code":"none"},{"cycle":86,"processOrdinal":1,"timelineOrdinal":86,"kind":"complete","elapsedMs":14.422457999999097,"pages":1,"totalChanged":false,"mixedStates":false,"code":"none"},{"cycle":87,"processOrdinal":1,"timelineOrdinal":87,"kind":"complete","elapsedMs":12.848125000000437,"pages":1,"totalChanged":false,"mixedStates":false,"code":"none"},{"cycle":88,"processOrdinal":1,"timelineOrdinal":88,"kind":"complete","elapsedMs":12.617833000000246,"pages":1,"totalChanged":false,"mixedStates":false,"code":"none"},{"cycle":89,"processOrdinal":1,"timelineOrdinal":89,"kind":"complete","elapsedMs":14.728875000000698,"pages":1,"totalChanged":false,"mixedStates":false,"code":"none"},{"cycle":90,"processOrdinal":1,"timelineOrdinal":90,"kind":"complete","elapsedMs":12.995750000000044,"pages":1,"totalChanged":false,"mixedStates":false,"code":"none"},{"cycle":91,"processOrdinal":1,"timelineOrdinal":91,"kind":"complete","elapsedMs":13.264666999999463,"pages":1,"totalChanged":false,"mixedStates":false,"code":"none"},{"cycle":92,"processOrdinal":1,"timelineOrdinal":92,"kind":"complete","elapsedMs":13.067332999999053,"pages":1,"totalChanged":false,"mixedStates":false,"code":"none"},{"cycle":93,"processOrdinal":1,"timelineOrdinal":93,"kind":"complete","elapsedMs":14.436082999998689,"pages":1,"totalChanged":false,"mixedStates":false,"code":"none"},{"cycle":94,"processOrdinal":1,"timelineOrdinal":94,"kind":"complete","elapsedMs":12.790250000000015,"pages":1,"totalChanged":false,"mixedStates":false,"code":"none"},{"cycle":95,"processOrdinal":1,"timelineOrdinal":95,"kind":"complete","elapsedMs":12.744375000000218,"pages":1,"totalChanged":false,"mixedStates":false,"code":"none"},{"cycle":96,"processOrdinal":1,"timelineOrdinal":96,"kind":"complete","elapsedMs":13.410041999999521,"pages":1,"totalChanged":false,"mixedStates":false,"code":"none"},{"cycle":97,"processOrdinal":1,"timelineOrdinal":97,"kind":"complete","elapsedMs":13.30829199999971,"pages":1,"totalChanged":false,"mixedStates":false,"code":"none"},{"cycle":98,"processOrdinal":1,"timelineOrdinal":98,"kind":"complete","elapsedMs":13.36620799999946,"pages":1,"totalChanged":false,"mixedStates":false,"code":"none"},{"cycle":99,"processOrdinal":1,"timelineOrdinal":99,"kind":"complete","elapsedMs":13.512416999999914,"pages":1,"totalChanged":false,"mixedStates":false,"code":"none"},{"cycle":100,"processOrdinal":1,"timelineOrdinal":100,"kind":"complete","elapsedMs":13.124959000000672,"pages":1,"totalChanged":false,"mixedStates":false,"code":"none"},{"cycle":101,"processOrdinal":1,"timelineOrdinal":101,"kind":"complete","elapsedMs":13.027625000000626,"pages":1,"totalChanged":false,"mixedStates":false,"code":"none"},{"cycle":102,"processOrdinal":1,"timelineOrdinal":102,"kind":"complete","elapsedMs":13.07458300000144,"pages":1,"totalChanged":false,"mixedStates":false,"code":"none"},{"cycle":103,"processOrdinal":1,"timelineOrdinal":103,"kind":"complete","elapsedMs":13.138582999999926,"pages":1,"totalChanged":false,"mixedStates":false,"code":"none"},{"cycle":104,"processOrdinal":1,"timelineOrdinal":104,"kind":"complete","elapsedMs":13.078792000000249,"pages":1,"totalChanged":false,"mixedStates":false,"code":"none"},{"cycle":105,"processOrdinal":1,"timelineOrdinal":105,"kind":"complete","elapsedMs":14.154125000000931,"pages":1,"totalChanged":false,"mixedStates":false,"code":"none"},{"cycle":106,"processOrdinal":1,"timelineOrdinal":106,"kind":"complete","elapsedMs":12.504708000000392,"pages":1,"totalChanged":false,"mixedStates":false,"code":"none"},{"cycle":107,"processOrdinal":1,"timelineOrdinal":107,"kind":"complete","elapsedMs":14.182250000001659,"pages":1,"totalChanged":false,"mixedStates":false,"code":"none"},{"cycle":108,"processOrdinal":1,"timelineOrdinal":108,"kind":"complete","elapsedMs":13.171207999999751,"pages":1,"totalChanged":false,"mixedStates":false,"code":"none"},{"cycle":109,"processOrdinal":1,"timelineOrdinal":109,"kind":"complete","elapsedMs":13.911707999999635,"pages":1,"totalChanged":false,"mixedStates":false,"code":"none"},{"cycle":110,"processOrdinal":1,"timelineOrdinal":110,"kind":"complete","elapsedMs":13.163583000001381,"pages":1,"totalChanged":false,"mixedStates":false,"code":"none"},{"cycle":111,"processOrdinal":1,"timelineOrdinal":111,"kind":"complete","elapsedMs":13.180707999999868,"pages":1,"totalChanged":false,"mixedStates":false,"code":"none"},{"cycle":112,"processOrdinal":1,"timelineOrdinal":112,"kind":"complete","elapsedMs":15.846707999999126,"pages":1,"totalChanged":false,"mixedStates":false,"code":"none"},{"cycle":113,"processOrdinal":1,"timelineOrdinal":113,"kind":"complete","elapsedMs":13.258125000000291,"pages":1,"totalChanged":false,"mixedStates":false,"code":"none"},{"cycle":114,"processOrdinal":1,"timelineOrdinal":114,"kind":"complete","elapsedMs":13.349750000001222,"pages":1,"totalChanged":false,"mixedStates":false,"code":"none"},{"cycle":115,"processOrdinal":1,"timelineOrdinal":115,"kind":"complete","elapsedMs":13.233000000000175,"pages":1,"totalChanged":false,"mixedStates":false,"code":"none"},{"cycle":116,"processOrdinal":1,"timelineOrdinal":116,"kind":"complete","elapsedMs":14.906082999999853,"pages":1,"totalChanged":false,"mixedStates":false,"code":"none"},{"cycle":117,"processOrdinal":1,"timelineOrdinal":117,"kind":"complete","elapsedMs":13.458208000000013,"pages":1,"totalChanged":false,"mixedStates":false,"code":"none"},{"cycle":118,"processOrdinal":1,"timelineOrdinal":118,"kind":"complete","elapsedMs":13.07458299999962,"pages":1,"totalChanged":false,"mixedStates":false,"code":"none"},{"cycle":119,"processOrdinal":1,"timelineOrdinal":119,"kind":"complete","elapsedMs":13.945458000000144,"pages":1,"totalChanged":false,"mixedStates":false,"code":"none"},{"cycle":120,"processOrdinal":1,"timelineOrdinal":120,"kind":"complete","elapsedMs":13.174999999999272,"pages":1,"totalChanged":false,"mixedStates":false,"code":"none"},{"cycle":121,"processOrdinal":1,"timelineOrdinal":121,"kind":"complete","elapsedMs":12.942666999999346,"pages":1,"totalChanged":false,"mixedStates":false,"code":"none"},{"cycle":122,"processOrdinal":1,"timelineOrdinal":122,"kind":"complete","elapsedMs":13.602042000000438,"pages":1,"totalChanged":false,"mixedStates":false,"code":"none"},{"cycle":123,"processOrdinal":1,"timelineOrdinal":123,"kind":"complete","elapsedMs":12.722834000000148,"pages":1,"totalChanged":false,"mixedStates":false,"code":"none"},{"cycle":124,"processOrdinal":1,"timelineOrdinal":124,"kind":"complete","elapsedMs":12.827250000000276,"pages":1,"totalChanged":false,"mixedStates":false,"code":"none"},{"cycle":125,"processOrdinal":1,"timelineOrdinal":125,"kind":"complete","elapsedMs":12.795916000000943,"pages":1,"totalChanged":false,"mixedStates":false,"code":"none"},{"cycle":126,"processOrdinal":1,"timelineOrdinal":126,"kind":"complete","elapsedMs":12.983750000001237,"pages":1,"totalChanged":false,"mixedStates":false,"code":"none"},{"cycle":127,"processOrdinal":1,"timelineOrdinal":127,"kind":"complete","elapsedMs":13.158290999999736,"pages":1,"totalChanged":false,"mixedStates":false,"code":"none"},{"cycle":128,"processOrdinal":1,"timelineOrdinal":128,"kind":"complete","elapsedMs":13.680000000000291,"pages":1,"totalChanged":false,"mixedStates":false,"code":"none"},{"cycle":129,"processOrdinal":1,"timelineOrdinal":129,"kind":"complete","elapsedMs":13.009208000001308,"pages":1,"totalChanged":false,"mixedStates":false,"code":"none"},{"cycle":130,"processOrdinal":1,"timelineOrdinal":130,"kind":"complete","elapsedMs":14.754291999999623,"pages":1,"totalChanged":false,"mixedStates":false,"code":"none"},{"cycle":131,"processOrdinal":1,"timelineOrdinal":131,"kind":"complete","elapsedMs":13.04491699999926,"pages":1,"totalChanged":false,"mixedStates":false,"code":"none"},{"cycle":132,"processOrdinal":1,"timelineOrdinal":132,"kind":"complete","elapsedMs":12.888416999998299,"pages":1,"totalChanged":false,"mixedStates":false,"code":"none"},{"cycle":133,"processOrdinal":1,"timelineOrdinal":133,"kind":"complete","elapsedMs":13.577582999998413,"pages":1,"totalChanged":false,"mixedStates":false,"code":"none"},{"cycle":134,"processOrdinal":1,"timelineOrdinal":134,"kind":"complete","elapsedMs":13.43724999999904,"pages":1,"totalChanged":false,"mixedStates":false,"code":"none"},{"cycle":135,"processOrdinal":1,"timelineOrdinal":135,"kind":"complete","elapsedMs":13.091667000000598,"pages":1,"totalChanged":false,"mixedStates":false,"code":"none"},{"cycle":136,"processOrdinal":1,"timelineOrdinal":136,"kind":"complete","elapsedMs":12.581374999997934,"pages":1,"totalChanged":false,"mixedStates":false,"code":"none"},{"cycle":137,"processOrdinal":1,"timelineOrdinal":137,"kind":"complete","elapsedMs":13.334249999999884,"pages":1,"totalChanged":false,"mixedStates":false,"code":"none"},{"cycle":138,"processOrdinal":1,"timelineOrdinal":138,"kind":"complete","elapsedMs":13.245542000000569,"pages":1,"totalChanged":false,"mixedStates":false,"code":"none"},{"cycle":139,"processOrdinal":1,"timelineOrdinal":139,"kind":"complete","elapsedMs":14.746375000002445,"pages":1,"totalChanged":false,"mixedStates":false,"code":"none"},{"cycle":140,"processOrdinal":1,"timelineOrdinal":140,"kind":"complete","elapsedMs":13.209833000000799,"pages":1,"totalChanged":false,"mixedStates":false,"code":"none"},{"cycle":141,"processOrdinal":1,"timelineOrdinal":141,"kind":"complete","elapsedMs":12.580832999999984,"pages":1,"totalChanged":false,"mixedStates":false,"code":"none"},{"cycle":142,"processOrdinal":1,"timelineOrdinal":142,"kind":"complete","elapsedMs":12.59533300000112,"pages":1,"totalChanged":false,"mixedStates":false,"code":"none"},{"cycle":143,"processOrdinal":1,"timelineOrdinal":143,"kind":"complete","elapsedMs":13.019874999998137,"pages":1,"totalChanged":false,"mixedStates":false,"code":"none"},{"cycle":144,"processOrdinal":1,"timelineOrdinal":144,"kind":"complete","elapsedMs":17.10870799999975,"pages":1,"totalChanged":false,"mixedStates":false,"code":"none"},{"cycle":145,"processOrdinal":1,"timelineOrdinal":145,"kind":"complete","elapsedMs":13.219582999998238,"pages":1,"totalChanged":false,"mixedStates":false,"code":"none"},{"cycle":146,"processOrdinal":1,"timelineOrdinal":146,"kind":"complete","elapsedMs":13.43525000000227,"pages":1,"totalChanged":false,"mixedStates":false,"code":"none"},{"cycle":147,"processOrdinal":1,"timelineOrdinal":147,"kind":"complete","elapsedMs":12.943291999999929,"pages":1,"totalChanged":false,"mixedStates":false,"code":"none"},{"cycle":148,"processOrdinal":1,"timelineOrdinal":148,"kind":"complete","elapsedMs":17.56941700000243,"pages":1,"totalChanged":false,"mixedStates":false,"code":"none"},{"cycle":149,"processOrdinal":1,"timelineOrdinal":149,"kind":"complete","elapsedMs":12.67212500000096,"pages":1,"totalChanged":false,"mixedStates":false,"code":"none"},{"cycle":150,"processOrdinal":1,"timelineOrdinal":150,"kind":"complete","elapsedMs":12.979790999997931,"pages":1,"totalChanged":false,"mixedStates":false,"code":"none"},{"cycle":151,"processOrdinal":1,"timelineOrdinal":151,"kind":"complete","elapsedMs":12.929583000001003,"pages":1,"totalChanged":false,"mixedStates":false,"code":"none"},{"cycle":152,"processOrdinal":1,"timelineOrdinal":152,"kind":"complete","elapsedMs":13.043125000000146,"pages":1,"totalChanged":false,"mixedStates":false,"code":"none"},{"cycle":153,"processOrdinal":1,"timelineOrdinal":153,"kind":"complete","elapsedMs":13.078209000002971,"pages":1,"totalChanged":false,"mixedStates":false,"code":"none"},{"cycle":154,"processOrdinal":1,"timelineOrdinal":154,"kind":"complete","elapsedMs":25.131999999997788,"pages":1,"totalChanged":false,"mixedStates":false,"code":"none"},{"cycle":155,"processOrdinal":1,"timelineOrdinal":155,"kind":"complete","elapsedMs":25.58758399999715,"pages":1,"totalChanged":false,"mixedStates":false,"code":"none"},{"cycle":156,"processOrdinal":1,"timelineOrdinal":156,"kind":"complete","elapsedMs":25.205125000000407,"pages":1,"totalChanged":false,"mixedStates":false,"code":"none"},{"cycle":157,"processOrdinal":1,"timelineOrdinal":157,"kind":"complete","elapsedMs":27.597250000002532,"pages":1,"totalChanged":false,"mixedStates":false,"code":"none"},{"cycle":158,"processOrdinal":1,"timelineOrdinal":158,"kind":"complete","elapsedMs":26.09049999999843,"pages":1,"totalChanged":false,"mixedStates":false,"code":"none"},{"cycle":159,"processOrdinal":1,"timelineOrdinal":159,"kind":"complete","elapsedMs":89.63775000000169,"pages":1,"totalChanged":false,"mixedStates":false,"code":"none"},{"cycle":160,"processOrdinal":1,"timelineOrdinal":160,"kind":"complete","elapsedMs":315.6856250000019,"pages":1,"totalChanged":false,"mixedStates":false,"code":"none"},{"cycle":161,"processOrdinal":1,"timelineOrdinal":161,"kind":"complete","elapsedMs":255.25691700000243,"pages":1,"totalChanged":false,"mixedStates":false,"code":"none"},{"cycle":162,"processOrdinal":1,"timelineOrdinal":162,"kind":"complete","elapsedMs":28.54845799999748,"pages":1,"totalChanged":false,"mixedStates":false,"code":"none"},{"cycle":163,"processOrdinal":1,"timelineOrdinal":163,"kind":"complete","elapsedMs":60.93345899999986,"pages":1,"totalChanged":false,"mixedStates":false,"code":"none"},{"cycle":164,"processOrdinal":1,"timelineOrdinal":164,"kind":"complete","elapsedMs":27.26441700000214,"pages":1,"totalChanged":false,"mixedStates":false,"code":"none"},{"cycle":165,"processOrdinal":1,"timelineOrdinal":165,"kind":"complete","elapsedMs":28.433334000001196,"pages":1,"totalChanged":false,"mixedStates":false,"code":"none"},{"cycle":166,"processOrdinal":1,"timelineOrdinal":166,"kind":"complete","elapsedMs":26.44904200000019,"pages":1,"totalChanged":false,"mixedStates":false,"code":"none"},{"cycle":167,"processOrdinal":1,"timelineOrdinal":167,"kind":"complete","elapsedMs":25.988541999999143,"pages":1,"totalChanged":false,"mixedStates":false,"code":"none"},{"cycle":168,"processOrdinal":1,"timelineOrdinal":168,"kind":"complete","elapsedMs":25.700832999998966,"pages":1,"totalChanged":false,"mixedStates":false,"code":"none"},{"cycle":169,"processOrdinal":1,"timelineOrdinal":169,"kind":"complete","elapsedMs":25.562333000001672,"pages":1,"totalChanged":false,"mixedStates":false,"code":"none"},{"cycle":170,"processOrdinal":1,"timelineOrdinal":170,"kind":"complete","elapsedMs":25.750249999997322,"pages":1,"totalChanged":false,"mixedStates":false,"code":"none"},{"cycle":171,"processOrdinal":1,"timelineOrdinal":171,"kind":"complete","elapsedMs":26.13116699999955,"pages":1,"totalChanged":false,"mixedStates":false,"code":"none"},{"cycle":172,"processOrdinal":1,"timelineOrdinal":172,"kind":"complete","elapsedMs":26.713792000002286,"pages":1,"totalChanged":false,"mixedStates":false,"code":"none"},{"cycle":173,"processOrdinal":1,"timelineOrdinal":173,"kind":"complete","elapsedMs":25.96245800000179,"pages":1,"totalChanged":false,"mixedStates":false,"code":"none"},{"cycle":174,"processOrdinal":1,"timelineOrdinal":174,"kind":"complete","elapsedMs":25.67504199999894,"pages":1,"totalChanged":false,"mixedStates":false,"code":"none"},{"cycle":175,"processOrdinal":1,"timelineOrdinal":175,"kind":"complete","elapsedMs":26.891499999997905,"pages":1,"totalChanged":false,"mixedStates":false,"code":"none"},{"cycle":176,"processOrdinal":1,"timelineOrdinal":176,"kind":"complete","elapsedMs":25.72412500000064,"pages":1,"totalChanged":false,"mixedStates":false,"code":"none"},{"cycle":177,"processOrdinal":1,"timelineOrdinal":177,"kind":"complete","elapsedMs":25.988084000000526,"pages":1,"totalChanged":false,"mixedStates":false,"code":"none"},{"cycle":178,"processOrdinal":1,"timelineOrdinal":178,"kind":"complete","elapsedMs":26.100249999999505,"pages":1,"totalChanged":false,"mixedStates":false,"code":"none"},{"cycle":179,"processOrdinal":1,"timelineOrdinal":179,"kind":"complete","elapsedMs":26.075333000000683,"pages":1,"totalChanged":false,"mixedStates":false,"code":"none"},{"cycle":180,"processOrdinal":1,"timelineOrdinal":180,"kind":"complete","elapsedMs":26.345707999997103,"pages":1,"totalChanged":false,"mixedStates":false,"code":"none"},{"cycle":181,"processOrdinal":1,"timelineOrdinal":181,"kind":"complete","elapsedMs":26.211584000000585,"pages":1,"totalChanged":false,"mixedStates":false,"code":"none"},{"cycle":182,"processOrdinal":1,"timelineOrdinal":182,"kind":"complete","elapsedMs":26.135957999998936,"pages":1,"totalChanged":false,"mixedStates":false,"code":"none"},{"cycle":183,"processOrdinal":1,"timelineOrdinal":183,"kind":"complete","elapsedMs":26.010458999997354,"pages":1,"totalChanged":false,"mixedStates":false,"code":"none"},{"cycle":184,"processOrdinal":1,"timelineOrdinal":184,"kind":"complete","elapsedMs":25.5479579999992,"pages":1,"totalChanged":false,"mixedStates":false,"code":"none"},{"cycle":185,"processOrdinal":1,"timelineOrdinal":185,"kind":"complete","elapsedMs":25.46350000000166,"pages":1,"totalChanged":false,"mixedStates":false,"code":"none"},{"cycle":186,"processOrdinal":1,"timelineOrdinal":186,"kind":"complete","elapsedMs":25.606833000001643,"pages":1,"totalChanged":false,"mixedStates":false,"code":"none"},{"cycle":187,"processOrdinal":1,"timelineOrdinal":187,"kind":"complete","elapsedMs":941.0000830000026,"pages":1,"totalChanged":false,"mixedStates":false,"code":"none"},{"cycle":188,"processOrdinal":1,"timelineOrdinal":188,"kind":"complete","elapsedMs":894.1399999999994,"pages":1,"totalChanged":false,"mixedStates":false,"code":"none"},{"cycle":189,"processOrdinal":2,"timelineOrdinal":1,"kind":"complete","elapsedMs":467.10104200000205,"pages":1,"totalChanged":false,"mixedStates":false,"code":"none"},{"cycle":190,"processOrdinal":2,"timelineOrdinal":2,"kind":"complete","elapsedMs":482.15591600000334,"pages":1,"totalChanged":false,"mixedStates":false,"code":"none"},{"cycle":191,"processOrdinal":2,"timelineOrdinal":3,"kind":"complete","elapsedMs":477.59091700000135,"pages":1,"totalChanged":false,"mixedStates":false,"code":"none"},{"cycle":192,"processOrdinal":2,"timelineOrdinal":4,"kind":"complete","elapsedMs":480.703042000001,"pages":1,"totalChanged":false,"mixedStates":false,"code":"none"},{"cycle":193,"processOrdinal":2,"timelineOrdinal":5,"kind":"complete","elapsedMs":474.3339160000032,"pages":1,"totalChanged":false,"mixedStates":false,"code":"none"},{"cycle":194,"processOrdinal":2,"timelineOrdinal":6,"kind":"complete","elapsedMs":474.6462909999973,"pages":1,"totalChanged":false,"mixedStates":false,"code":"none"},{"cycle":195,"processOrdinal":2,"timelineOrdinal":7,"kind":"complete","elapsedMs":473.74945899999875,"pages":1,"totalChanged":false,"mixedStates":false,"code":"none"},{"cycle":196,"processOrdinal":2,"timelineOrdinal":8,"kind":"complete","elapsedMs":509.6266669999968,"pages":1,"totalChanged":false,"mixedStates":false,"code":"none"},{"cycle":197,"processOrdinal":2,"timelineOrdinal":9,"kind":"complete","elapsedMs":485.38370900000155,"pages":1,"totalChanged":false,"mixedStates":false,"code":"none"},{"cycle":198,"processOrdinal":2,"timelineOrdinal":10,"kind":"complete","elapsedMs":490.69400000000314,"pages":1,"totalChanged":false,"mixedStates":false,"code":"none"},{"cycle":199,"processOrdinal":2,"timelineOrdinal":11,"kind":"complete","elapsedMs":483.210957999996,"pages":1,"totalChanged":false,"mixedStates":false,"code":"none"},{"cycle":200,"processOrdinal":2,"timelineOrdinal":12,"kind":"complete","elapsedMs":485.4623339999962,"pages":1,"totalChanged":false,"mixedStates":false,"code":"none"},{"cycle":201,"processOrdinal":2,"timelineOrdinal":13,"kind":"complete","elapsedMs":485.01862500000425,"pages":1,"totalChanged":false,"mixedStates":false,"code":"none"},{"cycle":202,"processOrdinal":2,"timelineOrdinal":14,"kind":"complete","elapsedMs":488.5382079999981,"pages":1,"totalChanged":false,"mixedStates":false,"code":"none"},{"cycle":203,"processOrdinal":2,"timelineOrdinal":15,"kind":"complete","elapsedMs":483.8629579999979,"pages":1,"totalChanged":false,"mixedStates":false,"code":"none"},{"cycle":204,"processOrdinal":2,"timelineOrdinal":16,"kind":"complete","elapsedMs":484.51670800000284,"pages":1,"totalChanged":false,"mixedStates":false,"code":"none"},{"cycle":205,"processOrdinal":2,"timelineOrdinal":17,"kind":"complete","elapsedMs":487.84733300000516,"pages":1,"totalChanged":false,"mixedStates":false,"code":"none"},{"cycle":206,"processOrdinal":2,"timelineOrdinal":18,"kind":"complete","elapsedMs":487.2976669999989,"pages":1,"totalChanged":false,"mixedStates":false,"code":"none"},{"cycle":207,"processOrdinal":2,"timelineOrdinal":19,"kind":"complete","elapsedMs":490.22320800000307,"pages":1,"totalChanged":false,"mixedStates":false,"code":"none"},{"cycle":208,"processOrdinal":2,"timelineOrdinal":20,"kind":"complete","elapsedMs":491.5402499999982,"pages":1,"totalChanged":false,"mixedStates":false,"code":"none"},{"cycle":209,"processOrdinal":2,"timelineOrdinal":21,"kind":"complete","elapsedMs":534.009625000006,"pages":1,"totalChanged":false,"mixedStates":false,"code":"none"},{"cycle":210,"processOrdinal":2,"timelineOrdinal":22,"kind":"complete","elapsedMs":496.7060829999973,"pages":1,"totalChanged":false,"mixedStates":false,"code":"none"},{"cycle":211,"processOrdinal":2,"timelineOrdinal":23,"kind":"complete","elapsedMs":496.8509589999958,"pages":1,"totalChanged":false,"mixedStates":false,"code":"none"},{"cycle":212,"processOrdinal":2,"timelineOrdinal":24,"kind":"complete","elapsedMs":498.96312499999476,"pages":1,"totalChanged":false,"mixedStates":false,"code":"none"},{"cycle":213,"processOrdinal":2,"timelineOrdinal":25,"kind":"complete","elapsedMs":498.42866700000013,"pages":1,"totalChanged":false,"mixedStates":false,"code":"none"},{"cycle":214,"processOrdinal":2,"timelineOrdinal":26,"kind":"complete","elapsedMs":499.0195420000018,"pages":1,"totalChanged":false,"mixedStates":false,"code":"none"},{"cycle":215,"processOrdinal":2,"timelineOrdinal":27,"kind":"complete","elapsedMs":498.0546250000043,"pages":1,"totalChanged":false,"mixedStates":false,"code":"none"},{"cycle":216,"processOrdinal":2,"timelineOrdinal":28,"kind":"complete","elapsedMs":503.78895799999736,"pages":1,"totalChanged":false,"mixedStates":false,"code":"none"},{"cycle":217,"processOrdinal":2,"timelineOrdinal":29,"kind":"complete","elapsedMs":499.5112500000032,"pages":1,"totalChanged":false,"mixedStates":false,"code":"none"},{"cycle":218,"processOrdinal":2,"timelineOrdinal":30,"kind":"complete","elapsedMs":499.7158750000017,"pages":1,"totalChanged":false,"mixedStates":false,"code":"none"},{"cycle":219,"processOrdinal":2,"timelineOrdinal":31,"kind":"complete","elapsedMs":498.75895899999887,"pages":1,"totalChanged":false,"mixedStates":false,"code":"none"},{"cycle":220,"processOrdinal":2,"timelineOrdinal":32,"kind":"complete","elapsedMs":498.245124999994,"pages":1,"totalChanged":false,"mixedStates":false,"code":"none"},{"cycle":221,"processOrdinal":2,"timelineOrdinal":33,"kind":"complete","elapsedMs":501.80275000000256,"pages":1,"totalChanged":false,"mixedStates":false,"code":"none"},{"cycle":222,"processOrdinal":2,"timelineOrdinal":34,"kind":"complete","elapsedMs":507.6487500000003,"pages":1,"totalChanged":false,"mixedStates":false,"code":"none"},{"cycle":223,"processOrdinal":2,"timelineOrdinal":35,"kind":"complete","elapsedMs":526.6953340000036,"pages":1,"totalChanged":false,"mixedStates":false,"code":"none"},{"cycle":224,"processOrdinal":2,"timelineOrdinal":36,"kind":"complete","elapsedMs":538.0893749999959,"pages":1,"totalChanged":false,"mixedStates":false,"code":"none"},{"cycle":225,"processOrdinal":2,"timelineOrdinal":37,"kind":"complete","elapsedMs":513.8918750000012,"pages":1,"totalChanged":false,"mixedStates":false,"code":"none"},{"cycle":226,"processOrdinal":2,"timelineOrdinal":38,"kind":"complete","elapsedMs":517.4003339999981,"pages":1,"totalChanged":false,"mixedStates":false,"code":"none"},{"cycle":227,"processOrdinal":2,"timelineOrdinal":39,"kind":"complete","elapsedMs":515.9721669999999,"pages":1,"totalChanged":false,"mixedStates":false,"code":"none"},{"cycle":228,"processOrdinal":2,"timelineOrdinal":40,"kind":"complete","elapsedMs":527.1152499999953,"pages":1,"totalChanged":false,"mixedStates":false,"code":"none"},{"cycle":229,"processOrdinal":2,"timelineOrdinal":41,"kind":"complete","elapsedMs":513.0537499999991,"pages":1,"totalChanged":false,"mixedStates":false,"code":"none"},{"cycle":230,"processOrdinal":2,"timelineOrdinal":42,"kind":"complete","elapsedMs":547.1602090000015,"pages":1,"totalChanged":false,"mixedStates":false,"code":"none"},{"cycle":231,"processOrdinal":2,"timelineOrdinal":43,"kind":"complete","elapsedMs":522.1127919999999,"pages":1,"totalChanged":false,"mixedStates":false,"code":"none"}]}
[cleanup] {"root":"/private/var/folders/k0/qhmr6zdx11q0_41wfx4dsd200000gn/T/media-server-current-integration-32rXBw","bytes":105119536,"rootAbsent":true,"failureCount":0,"processes":[{"schema":"recording-process-cleanup-v1","attemptCount":1,"pid":64856,"exitCode":0,"signalCode":null,"exitedObserved":true,"stopCode":"complete","forcedTermination":"not-used","normalExitPass":true,"normalShutdownPass":true,"archiveSafe":true,"ports":[{"kind":"http","port":64722,"status":"pass","code":"closed","closed":true},{"kind":"rtsp","port":64723,"status":"pass","code":"closed","closed":true}]},{"schema":"recording-process-cleanup-v1","attemptCount":1,"pid":64925,"exitCode":0,"signalCode":null,"exitedObserved":true,"stopCode":"complete","forcedTermination":"not-used","normalExitPass":true,"normalShutdownPass":true,"archiveSafe":true,"ports":[{"kind":"http","port":64944,"status":"pass","code":"closed","closed":true},{"kind":"rtsp","port":64945,"status":"pass","code":"closed","closed":true}]}],"evidencePreservedOrNotRequired":true,"udpClosed":true}
{"mode":"current-actual-app","timelineUnplacedUnit":"file","terminalObservations":[{"processOrdinal":1,"referenceSha256":"03d16a9d4a022a1c2fe7f995dc4e890e13e9e2e986cc438ccefa6e62ff5c9b87","unplacedUnit":"file","terminalObserved":true,"firstObservedMs":25959.951292,"firstPageOffset":0,"firstTimelineOrdinal":188,"mixedStates":true,"observedOutputCount":2,"fullOutputPass":false,"invalid":false,"fullPageStatus":"complete","changedCycles":0,"waitOutcome":"complete"}],"passed":15,"failed":1,"latencyPass":false,"actualEventPass":true,"restartPass":false,"expectedOutputCount":2,"observedOutputCounts":[2],"cleanup":{"rootAbsent":true,"failureCount":0,"processes":[{"schema":"recording-process-cleanup-v1","attemptCount":1,"pid":64856,"exitCode":0,"signalCode":null,"exitedObserved":true,"stopCode":"complete","forcedTermination":"not-used","normalExitPass":true,"normalShutdownPass":true,"archiveSafe":true,"ports":[{"kind":"http","port":64722,"status":"pass","code":"closed","closed":true},{"kind":"rtsp","port":64723,"status":"pass","code":"closed","closed":true}]},{"schema":"recording-process-cleanup-v1","attemptCount":1,"pid":64925,"exitCode":0,"signalCode":null,"exitedObserved":true,"stopCode":"complete","forcedTermination":"not-used","normalExitPass":true,"normalShutdownPass":true,"archiveSafe":true,"ports":[{"kind":"http","port":64944,"status":"pass","code":"closed","closed":true},{"kind":"rtsp","port":64945,"status":"pass","code":"closed","closed":true}]}],"evidencePreservedOrNotRequired":true},"elapsedMs":66845}
{"mode":"--current-integration","fullFoundationPass":false,"resourceTrendPass":false,"uiFulltestPass":false,"remaining":["final-scope-and-evidence-freeze","30min","120min","UI","resource-trend"],"currentIntegrationExecutionPass":false,"stages":[{"id":"http-api","checks":35,"exit":0,"cleanup":true},{"id":"http-auth","checks":40,"exit":0,"cleanup":true},{"id":"http-lifecycle","checks":10,"exit":0,"cleanup":true},{"id":"default-composition","checks":46,"exit":0,"cleanup":true}],"failedStage":"actual-app","error":"child-execution","notRun":[],"elapsedMs":110213,"tokenStart":null,"tokenEnd":null,"tokenConsumed":null,"tokenSource":"전용집계없음"}
