[timeline-query-mode] {"unplacedUnit":"file","knownUnit":"mapping","maxLeafItems":4096,"maxBytes":67108864}
[process-start] {"processOrdinal":1,"pid":69477,"ports":[{"kind":"http","port":52907},{"kind":"rtsp","port":52908}]}
[http-timing] {"sequence":1,"timelineOrdinal":null,"processOrdinal":1,"method":"GET","routeClass":"health","status":null,"headerElapsedMs":null,"bodyElapsedMs":null,"totalElapsedMs":3,"bytes":0,"phase":"header","outcome":"error"}
[http-timing] {"sequence":2,"timelineOrdinal":null,"processOrdinal":1,"method":"GET","routeClass":"health","status":null,"headerElapsedMs":null,"bodyElapsedMs":null,"totalElapsedMs":1,"bytes":0,"phase":"header","outcome":"error"}
[http-timing] {"sequence":3,"timelineOrdinal":null,"processOrdinal":1,"method":"GET","routeClass":"health","status":null,"headerElapsedMs":null,"bodyElapsedMs":null,"totalElapsedMs":1,"bytes":0,"phase":"header","outcome":"error"}
[http-timing] {"sequence":4,"timelineOrdinal":null,"processOrdinal":1,"method":"GET","routeClass":"health","status":null,"headerElapsedMs":null,"bodyElapsedMs":null,"totalElapsedMs":1,"bytes":0,"phase":"header","outcome":"error"}
[http-timing] {"sequence":5,"timelineOrdinal":null,"processOrdinal":1,"method":"GET","routeClass":"health","status":null,"headerElapsedMs":null,"bodyElapsedMs":null,"totalElapsedMs":1,"bytes":0,"phase":"header","outcome":"error"}
[http-timing] {"sequence":6,"timelineOrdinal":null,"processOrdinal":1,"method":"GET","routeClass":"health","status":null,"headerElapsedMs":null,"bodyElapsedMs":null,"totalElapsedMs":1,"bytes":0,"phase":"header","outcome":"error"}
[http-timing] {"sequence":7,"timelineOrdinal":null,"processOrdinal":1,"method":"GET","routeClass":"health","status":null,"headerElapsedMs":null,"bodyElapsedMs":null,"totalElapsedMs":0,"bytes":0,"phase":"header","outcome":"error"}
[http-timing] {"sequence":8,"timelineOrdinal":null,"processOrdinal":1,"method":"GET","routeClass":"health","status":null,"headerElapsedMs":null,"bodyElapsedMs":null,"totalElapsedMs":1,"bytes":0,"phase":"header","outcome":"error"}
[http-timing] {"sequence":9,"timelineOrdinal":null,"processOrdinal":1,"method":"GET","routeClass":"health","status":null,"headerElapsedMs":null,"bodyElapsedMs":null,"totalElapsedMs":1,"bytes":0,"phase":"header","outcome":"error"}
[http-timing] {"sequence":10,"timelineOrdinal":null,"processOrdinal":1,"method":"GET","routeClass":"health","status":null,"headerElapsedMs":null,"bodyElapsedMs":null,"totalElapsedMs":1,"bytes":0,"phase":"header","outcome":"error"}
[http-timing] {"sequence":11,"timelineOrdinal":null,"processOrdinal":1,"method":"GET","routeClass":"health","status":null,"headerElapsedMs":null,"bodyElapsedMs":null,"totalElapsedMs":0,"bytes":0,"phase":"header","outcome":"error"}
[http-timing] {"sequence":12,"timelineOrdinal":null,"processOrdinal":1,"method":"GET","routeClass":"health","status":null,"headerElapsedMs":null,"bodyElapsedMs":null,"totalElapsedMs":0,"bytes":0,"phase":"header","outcome":"error"}
[http-timing] {"sequence":13,"timelineOrdinal":null,"processOrdinal":1,"method":"GET","routeClass":"health","status":200,"headerElapsedMs":4,"bodyElapsedMs":1,"totalElapsedMs":5,"bytes":15,"phase":"complete","outcome":"ok"}
[http-timing] {"sequence":14,"timelineOrdinal":null,"processOrdinal":1,"method":"GET","routeClass":"ice","status":200,"headerElapsedMs":1,"bodyElapsedMs":0,"totalElapsedMs":1,"bytes":222,"phase":"complete","outcome":"ok"}
[pass] S11-CI09 product-1 healthy isolated ICE
[http-timing] {"sequence":15,"timelineOrdinal":null,"processOrdinal":1,"method":"POST","routeClass":"source","status":201,"headerElapsedMs":68,"bodyElapsedMs":0,"totalElapsedMs":68,"bytes":428,"phase":"complete","outcome":"ok"}
[http-timing] {"sequence":16,"timelineOrdinal":null,"processOrdinal":1,"method":"POST","routeClass":"tap-create","status":200,"headerElapsedMs":24,"bodyElapsedMs":0,"totalElapsedMs":24,"bytes":1187,"phase":"complete","outcome":"ok"}
[http-timing] {"sequence":17,"timelineOrdinal":1,"processOrdinal":1,"method":"GET","routeClass":"timeline","status":200,"headerElapsedMs":1,"bodyElapsedMs":0,"totalElapsedMs":1,"bytes":82,"phase":"complete","outcome":"ok"}
[timeline-page-observation] {"cycle":1,"processOrdinal":1,"timelineOrdinal":1,"kind":"page","elapsedMs":2.191624999999931,"offset":0,"total":0,"unplacedTotal":0,"states":{"intent":0,"ready":0,"committed":0,"complete":0,"failed":0,"other":0}}
[timeline-page-observation] {"cycle":1,"processOrdinal":1,"timelineOrdinal":1,"kind":"complete","elapsedMs":2.2454170000000886,"pages":1,"totalChanged":false,"mixedStates":false,"code":"none"}
[http-timing] {"sequence":18,"timelineOrdinal":2,"processOrdinal":1,"method":"GET","routeClass":"timeline","status":200,"headerElapsedMs":1,"bodyElapsedMs":0,"totalElapsedMs":1,"bytes":82,"phase":"complete","outcome":"ok"}
[timeline-page-observation] {"cycle":2,"processOrdinal":1,"timelineOrdinal":2,"kind":"page","elapsedMs":1.9070409999999356,"offset":0,"total":0,"unplacedTotal":0,"states":{"intent":0,"ready":0,"committed":0,"complete":0,"failed":0,"other":0}}
[timeline-page-observation] {"cycle":2,"processOrdinal":1,"timelineOrdinal":2,"kind":"complete","elapsedMs":1.9315409999999247,"pages":1,"totalChanged":false,"mixedStates":false,"code":"none"}
[http-timing] {"sequence":19,"timelineOrdinal":3,"processOrdinal":1,"method":"GET","routeClass":"timeline","status":200,"headerElapsedMs":1,"bodyElapsedMs":0,"totalElapsedMs":1,"bytes":82,"phase":"complete","outcome":"ok"}
[timeline-page-observation] {"cycle":3,"processOrdinal":1,"timelineOrdinal":3,"kind":"page","elapsedMs":1.7464580000000751,"offset":0,"total":0,"unplacedTotal":0,"states":{"intent":0,"ready":0,"committed":0,"complete":0,"failed":0,"other":0}}
[timeline-page-observation] {"cycle":3,"processOrdinal":1,"timelineOrdinal":3,"kind":"complete","elapsedMs":1.7742920000000595,"pages":1,"totalChanged":false,"mixedStates":false,"code":"none"}
[http-timing] {"sequence":20,"timelineOrdinal":4,"processOrdinal":1,"method":"GET","routeClass":"timeline","status":200,"headerElapsedMs":1,"bodyElapsedMs":0,"totalElapsedMs":1,"bytes":82,"phase":"complete","outcome":"ok"}
[timeline-page-observation] {"cycle":4,"processOrdinal":1,"timelineOrdinal":4,"kind":"page","elapsedMs":1.9020000000000437,"offset":0,"total":0,"unplacedTotal":0,"states":{"intent":0,"ready":0,"committed":0,"complete":0,"failed":0,"other":0}}
[timeline-page-observation] {"cycle":4,"processOrdinal":1,"timelineOrdinal":4,"kind":"complete","elapsedMs":1.9334160000003067,"pages":1,"totalChanged":false,"mixedStates":false,"code":"none"}
[http-timing] {"sequence":21,"timelineOrdinal":5,"processOrdinal":1,"method":"GET","routeClass":"timeline","status":200,"headerElapsedMs":1,"bodyElapsedMs":0,"totalElapsedMs":1,"bytes":82,"phase":"complete","outcome":"ok"}
[timeline-page-observation] {"cycle":5,"processOrdinal":1,"timelineOrdinal":5,"kind":"page","elapsedMs":1.7170830000000024,"offset":0,"total":0,"unplacedTotal":0,"states":{"intent":0,"ready":0,"committed":0,"complete":0,"failed":0,"other":0}}
[timeline-page-observation] {"cycle":5,"processOrdinal":1,"timelineOrdinal":5,"kind":"complete","elapsedMs":1.750666999999794,"pages":1,"totalChanged":false,"mixedStates":false,"code":"none"}
[http-timing] {"sequence":22,"timelineOrdinal":6,"processOrdinal":1,"method":"GET","routeClass":"timeline","status":200,"headerElapsedMs":1,"bodyElapsedMs":0,"totalElapsedMs":1,"bytes":82,"phase":"complete","outcome":"ok"}
[timeline-page-observation] {"cycle":6,"processOrdinal":1,"timelineOrdinal":6,"kind":"page","elapsedMs":1.8889589999998861,"offset":0,"total":0,"unplacedTotal":0,"states":{"intent":0,"ready":0,"committed":0,"complete":0,"failed":0,"other":0}}
[timeline-page-observation] {"cycle":6,"processOrdinal":1,"timelineOrdinal":6,"kind":"complete","elapsedMs":1.9165840000000571,"pages":1,"totalChanged":false,"mixedStates":false,"code":"none"}
[http-timing] {"sequence":23,"timelineOrdinal":7,"processOrdinal":1,"method":"GET","routeClass":"timeline","status":200,"headerElapsedMs":1,"bodyElapsedMs":0,"totalElapsedMs":1,"bytes":82,"phase":"complete","outcome":"ok"}
[timeline-page-observation] {"cycle":7,"processOrdinal":1,"timelineOrdinal":7,"kind":"page","elapsedMs":1.6210409999998774,"offset":0,"total":0,"unplacedTotal":0,"states":{"intent":0,"ready":0,"committed":0,"complete":0,"failed":0,"other":0}}
[timeline-page-observation] {"cycle":7,"processOrdinal":1,"timelineOrdinal":7,"kind":"complete","elapsedMs":1.6452500000000327,"pages":1,"totalChanged":false,"mixedStates":false,"code":"none"}
[http-timing] {"sequence":24,"timelineOrdinal":8,"processOrdinal":1,"method":"GET","routeClass":"timeline","status":200,"headerElapsedMs":1,"bodyElapsedMs":0,"totalElapsedMs":1,"bytes":82,"phase":"complete","outcome":"ok"}
[timeline-page-observation] {"cycle":8,"processOrdinal":1,"timelineOrdinal":8,"kind":"page","elapsedMs":1.5850839999998243,"offset":0,"total":0,"unplacedTotal":0,"states":{"intent":0,"ready":0,"committed":0,"complete":0,"failed":0,"other":0}}
[timeline-page-observation] {"cycle":8,"processOrdinal":1,"timelineOrdinal":8,"kind":"complete","elapsedMs":1.6007500000000618,"pages":1,"totalChanged":false,"mixedStates":false,"code":"none"}
[http-timing] {"sequence":25,"timelineOrdinal":9,"processOrdinal":1,"method":"GET","routeClass":"timeline","status":200,"headerElapsedMs":1,"bodyElapsedMs":0,"totalElapsedMs":1,"bytes":82,"phase":"complete","outcome":"ok"}
[timeline-page-observation] {"cycle":9,"processOrdinal":1,"timelineOrdinal":9,"kind":"page","elapsedMs":1.7814170000001468,"offset":0,"total":0,"unplacedTotal":0,"states":{"intent":0,"ready":0,"committed":0,"complete":0,"failed":0,"other":0}}
[timeline-page-observation] {"cycle":9,"processOrdinal":1,"timelineOrdinal":9,"kind":"complete","elapsedMs":1.7974170000002232,"pages":1,"totalChanged":false,"mixedStates":false,"code":"none"}
[http-timing] {"sequence":26,"timelineOrdinal":10,"processOrdinal":1,"method":"GET","routeClass":"timeline","status":200,"headerElapsedMs":1,"bodyElapsedMs":0,"totalElapsedMs":1,"bytes":82,"phase":"complete","outcome":"ok"}
[timeline-page-observation] {"cycle":10,"processOrdinal":1,"timelineOrdinal":10,"kind":"page","elapsedMs":1.6384579999999005,"offset":0,"total":0,"unplacedTotal":0,"states":{"intent":0,"ready":0,"committed":0,"complete":0,"failed":0,"other":0}}
[timeline-page-observation] {"cycle":10,"processOrdinal":1,"timelineOrdinal":10,"kind":"complete","elapsedMs":1.6556249999998727,"pages":1,"totalChanged":false,"mixedStates":false,"code":"none"}
[http-timing] {"sequence":27,"timelineOrdinal":11,"processOrdinal":1,"method":"GET","routeClass":"timeline","status":200,"headerElapsedMs":1,"bodyElapsedMs":0,"totalElapsedMs":1,"bytes":82,"phase":"complete","outcome":"ok"}
[timeline-page-observation] {"cycle":11,"processOrdinal":1,"timelineOrdinal":11,"kind":"page","elapsedMs":2.0389169999998558,"offset":0,"total":0,"unplacedTotal":0,"states":{"intent":0,"ready":0,"committed":0,"complete":0,"failed":0,"other":0}}
[timeline-page-observation] {"cycle":11,"processOrdinal":1,"timelineOrdinal":11,"kind":"complete","elapsedMs":2.056999999999789,"pages":1,"totalChanged":false,"mixedStates":false,"code":"none"}
[http-timing] {"sequence":28,"timelineOrdinal":12,"processOrdinal":1,"method":"GET","routeClass":"timeline","status":200,"headerElapsedMs":1,"bodyElapsedMs":0,"totalElapsedMs":1,"bytes":82,"phase":"complete","outcome":"ok"}
[timeline-page-observation] {"cycle":12,"processOrdinal":1,"timelineOrdinal":12,"kind":"page","elapsedMs":1.52212499999996,"offset":0,"total":0,"unplacedTotal":0,"states":{"intent":0,"ready":0,"committed":0,"complete":0,"failed":0,"other":0}}
[timeline-page-observation] {"cycle":12,"processOrdinal":1,"timelineOrdinal":12,"kind":"complete","elapsedMs":1.5366670000003069,"pages":1,"totalChanged":false,"mixedStates":false,"code":"none"}
[http-timing] {"sequence":29,"timelineOrdinal":13,"processOrdinal":1,"method":"GET","routeClass":"timeline","status":200,"headerElapsedMs":1,"bodyElapsedMs":0,"totalElapsedMs":1,"bytes":82,"phase":"complete","outcome":"ok"}
[timeline-page-observation] {"cycle":13,"processOrdinal":1,"timelineOrdinal":13,"kind":"page","elapsedMs":1.6680830000000242,"offset":0,"total":0,"unplacedTotal":0,"states":{"intent":0,"ready":0,"committed":0,"complete":0,"failed":0,"other":0}}
[timeline-page-observation] {"cycle":13,"processOrdinal":1,"timelineOrdinal":13,"kind":"complete","elapsedMs":1.689665999999761,"pages":1,"totalChanged":false,"mixedStates":false,"code":"none"}
[http-timing] {"sequence":30,"timelineOrdinal":14,"processOrdinal":1,"method":"GET","routeClass":"timeline","status":200,"headerElapsedMs":1,"bodyElapsedMs":0,"totalElapsedMs":1,"bytes":82,"phase":"complete","outcome":"ok"}
[timeline-page-observation] {"cycle":14,"processOrdinal":1,"timelineOrdinal":14,"kind":"page","elapsedMs":1.7014170000002196,"offset":0,"total":0,"unplacedTotal":0,"states":{"intent":0,"ready":0,"committed":0,"complete":0,"failed":0,"other":0}}
[timeline-page-observation] {"cycle":14,"processOrdinal":1,"timelineOrdinal":14,"kind":"complete","elapsedMs":1.7222920000003796,"pages":1,"totalChanged":false,"mixedStates":false,"code":"none"}
[http-timing] {"sequence":31,"timelineOrdinal":15,"processOrdinal":1,"method":"GET","routeClass":"timeline","status":200,"headerElapsedMs":1,"bodyElapsedMs":0,"totalElapsedMs":1,"bytes":82,"phase":"complete","outcome":"ok"}
[timeline-page-observation] {"cycle":15,"processOrdinal":1,"timelineOrdinal":15,"kind":"page","elapsedMs":1.4483749999999418,"offset":0,"total":0,"unplacedTotal":0,"states":{"intent":0,"ready":0,"committed":0,"complete":0,"failed":0,"other":0}}
[timeline-page-observation] {"cycle":15,"processOrdinal":1,"timelineOrdinal":15,"kind":"complete","elapsedMs":1.4618749999999636,"pages":1,"totalChanged":false,"mixedStates":false,"code":"none"}
[http-timing] {"sequence":32,"timelineOrdinal":16,"processOrdinal":1,"method":"GET","routeClass":"timeline","status":200,"headerElapsedMs":1,"bodyElapsedMs":0,"totalElapsedMs":1,"bytes":82,"phase":"complete","outcome":"ok"}
[timeline-page-observation] {"cycle":16,"processOrdinal":1,"timelineOrdinal":16,"kind":"page","elapsedMs":1.793999999999869,"offset":0,"total":0,"unplacedTotal":0,"states":{"intent":0,"ready":0,"committed":0,"complete":0,"failed":0,"other":0}}
[timeline-page-observation] {"cycle":16,"processOrdinal":1,"timelineOrdinal":16,"kind":"complete","elapsedMs":1.8113749999997708,"pages":1,"totalChanged":false,"mixedStates":false,"code":"none"}
[http-timing] {"sequence":33,"timelineOrdinal":17,"processOrdinal":1,"method":"GET","routeClass":"timeline","status":200,"headerElapsedMs":1,"bodyElapsedMs":0,"totalElapsedMs":1,"bytes":82,"phase":"complete","outcome":"ok"}
[timeline-page-observation] {"cycle":17,"processOrdinal":1,"timelineOrdinal":17,"kind":"page","elapsedMs":1.4858329999997295,"offset":0,"total":0,"unplacedTotal":0,"states":{"intent":0,"ready":0,"committed":0,"complete":0,"failed":0,"other":0}}
[timeline-page-observation] {"cycle":17,"processOrdinal":1,"timelineOrdinal":17,"kind":"complete","elapsedMs":1.501582999999755,"pages":1,"totalChanged":false,"mixedStates":false,"code":"none"}
[http-timing] {"sequence":34,"timelineOrdinal":18,"processOrdinal":1,"method":"GET","routeClass":"timeline","status":200,"headerElapsedMs":1,"bodyElapsedMs":0,"totalElapsedMs":1,"bytes":82,"phase":"complete","outcome":"ok"}
[timeline-page-observation] {"cycle":18,"processOrdinal":1,"timelineOrdinal":18,"kind":"page","elapsedMs":1.7112090000000535,"offset":0,"total":0,"unplacedTotal":0,"states":{"intent":0,"ready":0,"committed":0,"complete":0,"failed":0,"other":0}}
[timeline-page-observation] {"cycle":18,"processOrdinal":1,"timelineOrdinal":18,"kind":"complete","elapsedMs":1.727125000000342,"pages":1,"totalChanged":false,"mixedStates":false,"code":"none"}
[http-timing] {"sequence":35,"timelineOrdinal":19,"processOrdinal":1,"method":"GET","routeClass":"timeline","status":200,"headerElapsedMs":1,"bodyElapsedMs":0,"totalElapsedMs":1,"bytes":82,"phase":"complete","outcome":"ok"}
[timeline-page-observation] {"cycle":19,"processOrdinal":1,"timelineOrdinal":19,"kind":"page","elapsedMs":1.8027910000000702,"offset":0,"total":0,"unplacedTotal":0,"states":{"intent":0,"ready":0,"committed":0,"complete":0,"failed":0,"other":0}}
[timeline-page-observation] {"cycle":19,"processOrdinal":1,"timelineOrdinal":19,"kind":"complete","elapsedMs":1.832416000000194,"pages":1,"totalChanged":false,"mixedStates":false,"code":"none"}
[http-timing] {"sequence":36,"timelineOrdinal":20,"processOrdinal":1,"method":"GET","routeClass":"timeline","status":200,"headerElapsedMs":1,"bodyElapsedMs":0,"totalElapsedMs":1,"bytes":82,"phase":"complete","outcome":"ok"}
[timeline-page-observation] {"cycle":20,"processOrdinal":1,"timelineOrdinal":20,"kind":"page","elapsedMs":1.5700000000006185,"offset":0,"total":0,"unplacedTotal":0,"states":{"intent":0,"ready":0,"committed":0,"complete":0,"failed":0,"other":0}}
[timeline-page-observation] {"cycle":20,"processOrdinal":1,"timelineOrdinal":20,"kind":"complete","elapsedMs":1.5867080000007263,"pages":1,"totalChanged":false,"mixedStates":false,"code":"none"}
[http-timing] {"sequence":37,"timelineOrdinal":21,"processOrdinal":1,"method":"GET","routeClass":"timeline","status":200,"headerElapsedMs":1,"bodyElapsedMs":0,"totalElapsedMs":1,"bytes":82,"phase":"complete","outcome":"ok"}
[timeline-page-observation] {"cycle":21,"processOrdinal":1,"timelineOrdinal":21,"kind":"page","elapsedMs":1.578125,"offset":0,"total":0,"unplacedTotal":0,"states":{"intent":0,"ready":0,"committed":0,"complete":0,"failed":0,"other":0}}
[timeline-page-observation] {"cycle":21,"processOrdinal":1,"timelineOrdinal":21,"kind":"complete","elapsedMs":1.5930410000000848,"pages":1,"totalChanged":false,"mixedStates":false,"code":"none"}
[http-timing] {"sequence":38,"timelineOrdinal":22,"processOrdinal":1,"method":"GET","routeClass":"timeline","status":200,"headerElapsedMs":1,"bodyElapsedMs":0,"totalElapsedMs":1,"bytes":82,"phase":"complete","outcome":"ok"}
[timeline-page-observation] {"cycle":22,"processOrdinal":1,"timelineOrdinal":22,"kind":"page","elapsedMs":1.5474999999996726,"offset":0,"total":0,"unplacedTotal":0,"states":{"intent":0,"ready":0,"committed":0,"complete":0,"failed":0,"other":0}}
[timeline-page-observation] {"cycle":22,"processOrdinal":1,"timelineOrdinal":22,"kind":"complete","elapsedMs":1.5626249999995707,"pages":1,"totalChanged":false,"mixedStates":false,"code":"none"}
[http-timing] {"sequence":39,"timelineOrdinal":23,"processOrdinal":1,"method":"GET","routeClass":"timeline","status":200,"headerElapsedMs":1,"bodyElapsedMs":0,"totalElapsedMs":1,"bytes":82,"phase":"complete","outcome":"ok"}
[timeline-page-observation] {"cycle":23,"processOrdinal":1,"timelineOrdinal":23,"kind":"page","elapsedMs":1.5592079999996713,"offset":0,"total":0,"unplacedTotal":0,"states":{"intent":0,"ready":0,"committed":0,"complete":0,"failed":0,"other":0}}
[timeline-page-observation] {"cycle":23,"processOrdinal":1,"timelineOrdinal":23,"kind":"complete","elapsedMs":1.5739160000002812,"pages":1,"totalChanged":false,"mixedStates":false,"code":"none"}
[http-timing] {"sequence":40,"timelineOrdinal":24,"processOrdinal":1,"method":"GET","routeClass":"timeline","status":200,"headerElapsedMs":1,"bodyElapsedMs":0,"totalElapsedMs":1,"bytes":82,"phase":"complete","outcome":"ok"}
[timeline-page-observation] {"cycle":24,"processOrdinal":1,"timelineOrdinal":24,"kind":"page","elapsedMs":1.6386249999995925,"offset":0,"total":0,"unplacedTotal":0,"states":{"intent":0,"ready":0,"committed":0,"complete":0,"failed":0,"other":0}}
[timeline-page-observation] {"cycle":24,"processOrdinal":1,"timelineOrdinal":24,"kind":"complete","elapsedMs":1.6578339999996388,"pages":1,"totalChanged":false,"mixedStates":false,"code":"none"}
[http-timing] {"sequence":41,"timelineOrdinal":25,"processOrdinal":1,"method":"GET","routeClass":"timeline","status":200,"headerElapsedMs":1,"bodyElapsedMs":0,"totalElapsedMs":1,"bytes":82,"phase":"complete","outcome":"ok"}
[timeline-page-observation] {"cycle":25,"processOrdinal":1,"timelineOrdinal":25,"kind":"page","elapsedMs":1.6197080000001733,"offset":0,"total":0,"unplacedTotal":0,"states":{"intent":0,"ready":0,"committed":0,"complete":0,"failed":0,"other":0}}
[timeline-page-observation] {"cycle":25,"processOrdinal":1,"timelineOrdinal":25,"kind":"complete","elapsedMs":1.63604099999975,"pages":1,"totalChanged":false,"mixedStates":false,"code":"none"}
[http-timing] {"sequence":42,"timelineOrdinal":26,"processOrdinal":1,"method":"GET","routeClass":"timeline","status":200,"headerElapsedMs":1,"bodyElapsedMs":0,"totalElapsedMs":1,"bytes":82,"phase":"complete","outcome":"ok"}
[timeline-page-observation] {"cycle":26,"processOrdinal":1,"timelineOrdinal":26,"kind":"page","elapsedMs":1.7667080000001079,"offset":0,"total":0,"unplacedTotal":0,"states":{"intent":0,"ready":0,"committed":0,"complete":0,"failed":0,"other":0}}
[timeline-page-observation] {"cycle":26,"processOrdinal":1,"timelineOrdinal":26,"kind":"complete","elapsedMs":1.7816249999996217,"pages":1,"totalChanged":false,"mixedStates":false,"code":"none"}
[http-timing] {"sequence":43,"timelineOrdinal":27,"processOrdinal":1,"method":"GET","routeClass":"timeline","status":200,"headerElapsedMs":1,"bodyElapsedMs":0,"totalElapsedMs":1,"bytes":82,"phase":"complete","outcome":"ok"}
[timeline-page-observation] {"cycle":27,"processOrdinal":1,"timelineOrdinal":27,"kind":"page","elapsedMs":1.7842920000002778,"offset":0,"total":0,"unplacedTotal":0,"states":{"intent":0,"ready":0,"committed":0,"complete":0,"failed":0,"other":0}}
[timeline-page-observation] {"cycle":27,"processOrdinal":1,"timelineOrdinal":27,"kind":"complete","elapsedMs":1.803834000000279,"pages":1,"totalChanged":false,"mixedStates":false,"code":"none"}
[http-timing] {"sequence":44,"timelineOrdinal":28,"processOrdinal":1,"method":"GET","routeClass":"timeline","status":200,"headerElapsedMs":1,"bodyElapsedMs":0,"totalElapsedMs":1,"bytes":82,"phase":"complete","outcome":"ok"}
[timeline-page-observation] {"cycle":28,"processOrdinal":1,"timelineOrdinal":28,"kind":"page","elapsedMs":1.4909170000000813,"offset":0,"total":0,"unplacedTotal":0,"states":{"intent":0,"ready":0,"committed":0,"complete":0,"failed":0,"other":0}}
[timeline-page-observation] {"cycle":28,"processOrdinal":1,"timelineOrdinal":28,"kind":"complete","elapsedMs":1.5060419999999795,"pages":1,"totalChanged":false,"mixedStates":false,"code":"none"}
[http-timing] {"sequence":45,"timelineOrdinal":29,"processOrdinal":1,"method":"GET","routeClass":"timeline","status":200,"headerElapsedMs":1,"bodyElapsedMs":0,"totalElapsedMs":1,"bytes":82,"phase":"complete","outcome":"ok"}
[timeline-page-observation] {"cycle":29,"processOrdinal":1,"timelineOrdinal":29,"kind":"page","elapsedMs":1.5354590000006283,"offset":0,"total":0,"unplacedTotal":0,"states":{"intent":0,"ready":0,"committed":0,"complete":0,"failed":0,"other":0}}
[timeline-page-observation] {"cycle":29,"processOrdinal":1,"timelineOrdinal":29,"kind":"complete","elapsedMs":1.5520000000005894,"pages":1,"totalChanged":false,"mixedStates":false,"code":"none"}
[http-timing] {"sequence":46,"timelineOrdinal":30,"processOrdinal":1,"method":"GET","routeClass":"timeline","status":200,"headerElapsedMs":1,"bodyElapsedMs":0,"totalElapsedMs":1,"bytes":82,"phase":"complete","outcome":"ok"}
[timeline-page-observation] {"cycle":30,"processOrdinal":1,"timelineOrdinal":30,"kind":"page","elapsedMs":1.5423329999994166,"offset":0,"total":0,"unplacedTotal":0,"states":{"intent":0,"ready":0,"committed":0,"complete":0,"failed":0,"other":0}}
[timeline-page-observation] {"cycle":30,"processOrdinal":1,"timelineOrdinal":30,"kind":"complete","elapsedMs":1.5572910000000775,"pages":1,"totalChanged":false,"mixedStates":false,"code":"none"}
[http-timing] {"sequence":47,"timelineOrdinal":31,"processOrdinal":1,"method":"GET","routeClass":"timeline","status":200,"headerElapsedMs":1,"bodyElapsedMs":0,"totalElapsedMs":1,"bytes":82,"phase":"complete","outcome":"ok"}
[timeline-page-observation] {"cycle":31,"processOrdinal":1,"timelineOrdinal":31,"kind":"page","elapsedMs":1.7107919999998558,"offset":0,"total":0,"unplacedTotal":0,"states":{"intent":0,"ready":0,"committed":0,"complete":0,"failed":0,"other":0}}
[timeline-page-observation] {"cycle":31,"processOrdinal":1,"timelineOrdinal":31,"kind":"complete","elapsedMs":1.7264169999998558,"pages":1,"totalChanged":false,"mixedStates":false,"code":"none"}
[http-timing] {"sequence":48,"timelineOrdinal":32,"processOrdinal":1,"method":"GET","routeClass":"timeline","status":200,"headerElapsedMs":1,"bodyElapsedMs":0,"totalElapsedMs":1,"bytes":82,"phase":"complete","outcome":"ok"}
[timeline-page-observation] {"cycle":32,"processOrdinal":1,"timelineOrdinal":32,"kind":"page","elapsedMs":1.588542000000416,"offset":0,"total":0,"unplacedTotal":0,"states":{"intent":0,"ready":0,"committed":0,"complete":0,"failed":0,"other":0}}
[timeline-page-observation] {"cycle":32,"processOrdinal":1,"timelineOrdinal":32,"kind":"complete","elapsedMs":1.6047080000007554,"pages":1,"totalChanged":false,"mixedStates":false,"code":"none"}
[http-timing] {"sequence":49,"timelineOrdinal":33,"processOrdinal":1,"method":"GET","routeClass":"timeline","status":200,"headerElapsedMs":1,"bodyElapsedMs":0,"totalElapsedMs":1,"bytes":82,"phase":"complete","outcome":"ok"}
[timeline-page-observation] {"cycle":33,"processOrdinal":1,"timelineOrdinal":33,"kind":"page","elapsedMs":1.7622910000000047,"offset":0,"total":0,"unplacedTotal":0,"states":{"intent":0,"ready":0,"committed":0,"complete":0,"failed":0,"other":0}}
[timeline-page-observation] {"cycle":33,"processOrdinal":1,"timelineOrdinal":33,"kind":"complete","elapsedMs":1.7807910000001357,"pages":1,"totalChanged":false,"mixedStates":false,"code":"none"}
[http-timing] {"sequence":50,"timelineOrdinal":34,"processOrdinal":1,"method":"GET","routeClass":"timeline","status":200,"headerElapsedMs":1,"bodyElapsedMs":0,"totalElapsedMs":1,"bytes":82,"phase":"complete","outcome":"ok"}
[timeline-page-observation] {"cycle":34,"processOrdinal":1,"timelineOrdinal":34,"kind":"page","elapsedMs":1.5313329999999041,"offset":0,"total":0,"unplacedTotal":0,"states":{"intent":0,"ready":0,"committed":0,"complete":0,"failed":0,"other":0}}
[timeline-page-observation] {"cycle":34,"processOrdinal":1,"timelineOrdinal":34,"kind":"complete","elapsedMs":1.546875,"pages":1,"totalChanged":false,"mixedStates":false,"code":"none"}
[http-timing] {"sequence":51,"timelineOrdinal":35,"processOrdinal":1,"method":"GET","routeClass":"timeline","status":200,"headerElapsedMs":1,"bodyElapsedMs":0,"totalElapsedMs":1,"bytes":82,"phase":"complete","outcome":"ok"}
[timeline-page-observation] {"cycle":35,"processOrdinal":1,"timelineOrdinal":35,"kind":"page","elapsedMs":1.459541000000172,"offset":0,"total":0,"unplacedTotal":0,"states":{"intent":0,"ready":0,"committed":0,"complete":0,"failed":0,"other":0}}
[timeline-page-observation] {"cycle":35,"processOrdinal":1,"timelineOrdinal":35,"kind":"complete","elapsedMs":1.4744160000000193,"pages":1,"totalChanged":false,"mixedStates":false,"code":"none"}
[http-timing] {"sequence":52,"timelineOrdinal":36,"processOrdinal":1,"method":"GET","routeClass":"timeline","status":200,"headerElapsedMs":1,"bodyElapsedMs":0,"totalElapsedMs":1,"bytes":82,"phase":"complete","outcome":"ok"}
[timeline-page-observation] {"cycle":36,"processOrdinal":1,"timelineOrdinal":36,"kind":"page","elapsedMs":1.833292000000256,"offset":0,"total":0,"unplacedTotal":0,"states":{"intent":0,"ready":0,"committed":0,"complete":0,"failed":0,"other":0}}
[timeline-page-observation] {"cycle":36,"processOrdinal":1,"timelineOrdinal":36,"kind":"complete","elapsedMs":1.8487080000004426,"pages":1,"totalChanged":false,"mixedStates":false,"code":"none"}
[http-timing] {"sequence":53,"timelineOrdinal":37,"processOrdinal":1,"method":"GET","routeClass":"timeline","status":200,"headerElapsedMs":1,"bodyElapsedMs":0,"totalElapsedMs":1,"bytes":82,"phase":"complete","outcome":"ok"}
[timeline-page-observation] {"cycle":37,"processOrdinal":1,"timelineOrdinal":37,"kind":"page","elapsedMs":1.4394169999995938,"offset":0,"total":0,"unplacedTotal":0,"states":{"intent":0,"ready":0,"committed":0,"complete":0,"failed":0,"other":0}}
[timeline-page-observation] {"cycle":37,"processOrdinal":1,"timelineOrdinal":37,"kind":"complete","elapsedMs":1.454917000000023,"pages":1,"totalChanged":false,"mixedStates":false,"code":"none"}
[http-timing] {"sequence":54,"timelineOrdinal":38,"processOrdinal":1,"method":"GET","routeClass":"timeline","status":200,"headerElapsedMs":1,"bodyElapsedMs":0,"totalElapsedMs":1,"bytes":82,"phase":"complete","outcome":"ok"}
[timeline-page-observation] {"cycle":38,"processOrdinal":1,"timelineOrdinal":38,"kind":"page","elapsedMs":1.5380839999997988,"offset":0,"total":0,"unplacedTotal":0,"states":{"intent":0,"ready":0,"committed":0,"complete":0,"failed":0,"other":0}}
[timeline-page-observation] {"cycle":38,"processOrdinal":1,"timelineOrdinal":38,"kind":"complete","elapsedMs":1.559291999999914,"pages":1,"totalChanged":false,"mixedStates":false,"code":"none"}
[http-timing] {"sequence":55,"timelineOrdinal":39,"processOrdinal":1,"method":"GET","routeClass":"timeline","status":200,"headerElapsedMs":1,"bodyElapsedMs":0,"totalElapsedMs":1,"bytes":82,"phase":"complete","outcome":"ok"}
[timeline-page-observation] {"cycle":39,"processOrdinal":1,"timelineOrdinal":39,"kind":"page","elapsedMs":1.485791999999492,"offset":0,"total":0,"unplacedTotal":0,"states":{"intent":0,"ready":0,"committed":0,"complete":0,"failed":0,"other":0}}
[timeline-page-observation] {"cycle":39,"processOrdinal":1,"timelineOrdinal":39,"kind":"complete","elapsedMs":1.5012079999996786,"pages":1,"totalChanged":false,"mixedStates":false,"code":"none"}
[http-timing] {"sequence":56,"timelineOrdinal":40,"processOrdinal":1,"method":"GET","routeClass":"timeline","status":200,"headerElapsedMs":1,"bodyElapsedMs":0,"totalElapsedMs":1,"bytes":82,"phase":"complete","outcome":"ok"}
[timeline-page-observation] {"cycle":40,"processOrdinal":1,"timelineOrdinal":40,"kind":"page","elapsedMs":1.5064999999995052,"offset":0,"total":0,"unplacedTotal":0,"states":{"intent":0,"ready":0,"committed":0,"complete":0,"failed":0,"other":0}}
[timeline-page-observation] {"cycle":40,"processOrdinal":1,"timelineOrdinal":40,"kind":"complete","elapsedMs":1.5213329999996859,"pages":1,"totalChanged":false,"mixedStates":false,"code":"none"}
[http-timing] {"sequence":57,"timelineOrdinal":41,"processOrdinal":1,"method":"GET","routeClass":"timeline","status":200,"headerElapsedMs":1,"bodyElapsedMs":0,"totalElapsedMs":1,"bytes":82,"phase":"complete","outcome":"ok"}
[timeline-page-observation] {"cycle":41,"processOrdinal":1,"timelineOrdinal":41,"kind":"page","elapsedMs":2.1275839999998425,"offset":0,"total":0,"unplacedTotal":0,"states":{"intent":0,"ready":0,"committed":0,"complete":0,"failed":0,"other":0}}
[timeline-page-observation] {"cycle":41,"processOrdinal":1,"timelineOrdinal":41,"kind":"complete","elapsedMs":2.1457919999993464,"pages":1,"totalChanged":false,"mixedStates":false,"code":"none"}
[http-timing] {"sequence":58,"timelineOrdinal":42,"processOrdinal":1,"method":"GET","routeClass":"timeline","status":200,"headerElapsedMs":1,"bodyElapsedMs":0,"totalElapsedMs":1,"bytes":82,"phase":"complete","outcome":"ok"}
[timeline-page-observation] {"cycle":42,"processOrdinal":1,"timelineOrdinal":42,"kind":"page","elapsedMs":1.466500000000451,"offset":0,"total":0,"unplacedTotal":0,"states":{"intent":0,"ready":0,"committed":0,"complete":0,"failed":0,"other":0}}
[timeline-page-observation] {"cycle":42,"processOrdinal":1,"timelineOrdinal":42,"kind":"complete","elapsedMs":1.4807500000006257,"pages":1,"totalChanged":false,"mixedStates":false,"code":"none"}
[http-timing] {"sequence":59,"timelineOrdinal":43,"processOrdinal":1,"method":"GET","routeClass":"timeline","status":200,"headerElapsedMs":1,"bodyElapsedMs":0,"totalElapsedMs":1,"bytes":82,"phase":"complete","outcome":"ok"}
[timeline-page-observation] {"cycle":43,"processOrdinal":1,"timelineOrdinal":43,"kind":"page","elapsedMs":1.5683749999998327,"offset":0,"total":0,"unplacedTotal":0,"states":{"intent":0,"ready":0,"committed":0,"complete":0,"failed":0,"other":0}}
[timeline-page-observation] {"cycle":43,"processOrdinal":1,"timelineOrdinal":43,"kind":"complete","elapsedMs":1.5846670000000813,"pages":1,"totalChanged":false,"mixedStates":false,"code":"none"}
[http-timing] {"sequence":60,"timelineOrdinal":44,"processOrdinal":1,"method":"GET","routeClass":"timeline","status":200,"headerElapsedMs":1,"bodyElapsedMs":0,"totalElapsedMs":1,"bytes":82,"phase":"complete","outcome":"ok"}
[timeline-page-observation] {"cycle":44,"processOrdinal":1,"timelineOrdinal":44,"kind":"page","elapsedMs":1.5837080000001151,"offset":0,"total":0,"unplacedTotal":0,"states":{"intent":0,"ready":0,"committed":0,"complete":0,"failed":0,"other":0}}
[timeline-page-observation] {"cycle":44,"processOrdinal":1,"timelineOrdinal":44,"kind":"complete","elapsedMs":1.6075000000000728,"pages":1,"totalChanged":false,"mixedStates":false,"code":"none"}
[http-timing] {"sequence":61,"timelineOrdinal":45,"processOrdinal":1,"method":"GET","routeClass":"timeline","status":200,"headerElapsedMs":1,"bodyElapsedMs":0,"totalElapsedMs":1,"bytes":82,"phase":"complete","outcome":"ok"}
[timeline-page-observation] {"cycle":45,"processOrdinal":1,"timelineOrdinal":45,"kind":"page","elapsedMs":1.667000000000371,"offset":0,"total":0,"unplacedTotal":0,"states":{"intent":0,"ready":0,"committed":0,"complete":0,"failed":0,"other":0}}
[timeline-page-observation] {"cycle":45,"processOrdinal":1,"timelineOrdinal":45,"kind":"complete","elapsedMs":1.6809999999995853,"pages":1,"totalChanged":false,"mixedStates":false,"code":"none"}
[http-timing] {"sequence":62,"timelineOrdinal":46,"processOrdinal":1,"method":"GET","routeClass":"timeline","status":200,"headerElapsedMs":1,"bodyElapsedMs":0,"totalElapsedMs":1,"bytes":82,"phase":"complete","outcome":"ok"}
[timeline-page-observation] {"cycle":46,"processOrdinal":1,"timelineOrdinal":46,"kind":"page","elapsedMs":1.485250000000633,"offset":0,"total":0,"unplacedTotal":0,"states":{"intent":0,"ready":0,"committed":0,"complete":0,"failed":0,"other":0}}
[timeline-page-observation] {"cycle":46,"processOrdinal":1,"timelineOrdinal":46,"kind":"complete","elapsedMs":1.5004159999998592,"pages":1,"totalChanged":false,"mixedStates":false,"code":"none"}
[http-timing] {"sequence":63,"timelineOrdinal":47,"processOrdinal":1,"method":"GET","routeClass":"timeline","status":200,"headerElapsedMs":1,"bodyElapsedMs":0,"totalElapsedMs":1,"bytes":82,"phase":"complete","outcome":"ok"}
[timeline-page-observation] {"cycle":47,"processOrdinal":1,"timelineOrdinal":47,"kind":"page","elapsedMs":1.5232909999995172,"offset":0,"total":0,"unplacedTotal":0,"states":{"intent":0,"ready":0,"committed":0,"complete":0,"failed":0,"other":0}}
[timeline-page-observation] {"cycle":47,"processOrdinal":1,"timelineOrdinal":47,"kind":"complete","elapsedMs":1.5374999999994543,"pages":1,"totalChanged":false,"mixedStates":false,"code":"none"}
[http-timing] {"sequence":64,"timelineOrdinal":48,"processOrdinal":1,"method":"GET","routeClass":"timeline","status":200,"headerElapsedMs":1,"bodyElapsedMs":0,"totalElapsedMs":1,"bytes":82,"phase":"complete","outcome":"ok"}
[timeline-page-observation] {"cycle":48,"processOrdinal":1,"timelineOrdinal":48,"kind":"page","elapsedMs":1.7329170000002705,"offset":0,"total":0,"unplacedTotal":0,"states":{"intent":0,"ready":0,"committed":0,"complete":0,"failed":0,"other":0}}
[timeline-page-observation] {"cycle":48,"processOrdinal":1,"timelineOrdinal":48,"kind":"complete","elapsedMs":1.756999999999607,"pages":1,"totalChanged":false,"mixedStates":false,"code":"none"}
[http-timing] {"sequence":65,"timelineOrdinal":49,"processOrdinal":1,"method":"GET","routeClass":"timeline","status":200,"headerElapsedMs":1,"bodyElapsedMs":0,"totalElapsedMs":1,"bytes":82,"phase":"complete","outcome":"ok"}
[timeline-page-observation] {"cycle":49,"processOrdinal":1,"timelineOrdinal":49,"kind":"page","elapsedMs":1.6454160000002958,"offset":0,"total":0,"unplacedTotal":0,"states":{"intent":0,"ready":0,"committed":0,"complete":0,"failed":0,"other":0}}
[timeline-page-observation] {"cycle":49,"processOrdinal":1,"timelineOrdinal":49,"kind":"complete","elapsedMs":1.6625000000003638,"pages":1,"totalChanged":false,"mixedStates":false,"code":"none"}
[http-timing] {"sequence":66,"timelineOrdinal":50,"processOrdinal":1,"method":"GET","routeClass":"timeline","status":200,"headerElapsedMs":1,"bodyElapsedMs":0,"totalElapsedMs":1,"bytes":82,"phase":"complete","outcome":"ok"}
[timeline-page-observation] {"cycle":50,"processOrdinal":1,"timelineOrdinal":50,"kind":"page","elapsedMs":1.8075410000001284,"offset":0,"total":0,"unplacedTotal":0,"states":{"intent":0,"ready":0,"committed":0,"complete":0,"failed":0,"other":0}}
[timeline-page-observation] {"cycle":50,"processOrdinal":1,"timelineOrdinal":50,"kind":"complete","elapsedMs":1.8361249999998108,"pages":1,"totalChanged":false,"mixedStates":false,"code":"none"}
[http-timing] {"sequence":67,"timelineOrdinal":51,"processOrdinal":1,"method":"GET","routeClass":"timeline","status":200,"headerElapsedMs":1,"bodyElapsedMs":0,"totalElapsedMs":1,"bytes":82,"phase":"complete","outcome":"ok"}
[timeline-page-observation] {"cycle":51,"processOrdinal":1,"timelineOrdinal":51,"kind":"page","elapsedMs":1.412916000000223,"offset":0,"total":0,"unplacedTotal":0,"states":{"intent":0,"ready":0,"committed":0,"complete":0,"failed":0,"other":0}}
[timeline-page-observation] {"cycle":51,"processOrdinal":1,"timelineOrdinal":51,"kind":"complete","elapsedMs":1.4270830000004935,"pages":1,"totalChanged":false,"mixedStates":false,"code":"none"}
[http-timing] {"sequence":68,"timelineOrdinal":52,"processOrdinal":1,"method":"GET","routeClass":"timeline","status":200,"headerElapsedMs":1,"bodyElapsedMs":0,"totalElapsedMs":1,"bytes":82,"phase":"complete","outcome":"ok"}
[timeline-page-observation] {"cycle":52,"processOrdinal":1,"timelineOrdinal":52,"kind":"page","elapsedMs":1.523124999999709,"offset":0,"total":0,"unplacedTotal":0,"states":{"intent":0,"ready":0,"committed":0,"complete":0,"failed":0,"other":0}}
[timeline-page-observation] {"cycle":52,"processOrdinal":1,"timelineOrdinal":52,"kind":"complete","elapsedMs":1.5401250000004438,"pages":1,"totalChanged":false,"mixedStates":false,"code":"none"}
[http-timing] {"sequence":69,"timelineOrdinal":53,"processOrdinal":1,"method":"GET","routeClass":"timeline","status":200,"headerElapsedMs":1,"bodyElapsedMs":0,"totalElapsedMs":1,"bytes":82,"phase":"complete","outcome":"ok"}
[timeline-page-observation] {"cycle":53,"processOrdinal":1,"timelineOrdinal":53,"kind":"page","elapsedMs":1.6122080000004644,"offset":0,"total":0,"unplacedTotal":0,"states":{"intent":0,"ready":0,"committed":0,"complete":0,"failed":0,"other":0}}
[timeline-page-observation] {"cycle":53,"processOrdinal":1,"timelineOrdinal":53,"kind":"complete","elapsedMs":1.6296659999998155,"pages":1,"totalChanged":false,"mixedStates":false,"code":"none"}
[http-timing] {"sequence":70,"timelineOrdinal":54,"processOrdinal":1,"method":"GET","routeClass":"timeline","status":200,"headerElapsedMs":1,"bodyElapsedMs":0,"totalElapsedMs":1,"bytes":82,"phase":"complete","outcome":"ok"}
[timeline-page-observation] {"cycle":54,"processOrdinal":1,"timelineOrdinal":54,"kind":"page","elapsedMs":1.5078749999993306,"offset":0,"total":0,"unplacedTotal":0,"states":{"intent":0,"ready":0,"committed":0,"complete":0,"failed":0,"other":0}}
[timeline-page-observation] {"cycle":54,"processOrdinal":1,"timelineOrdinal":54,"kind":"complete","elapsedMs":1.530666999999994,"pages":1,"totalChanged":false,"mixedStates":false,"code":"none"}
[http-timing] {"sequence":71,"timelineOrdinal":55,"processOrdinal":1,"method":"GET","routeClass":"timeline","status":200,"headerElapsedMs":1,"bodyElapsedMs":0,"totalElapsedMs":1,"bytes":82,"phase":"complete","outcome":"ok"}
[timeline-page-observation] {"cycle":55,"processOrdinal":1,"timelineOrdinal":55,"kind":"page","elapsedMs":1.72137500000008,"offset":0,"total":0,"unplacedTotal":0,"states":{"intent":0,"ready":0,"committed":0,"complete":0,"failed":0,"other":0}}
[timeline-page-observation] {"cycle":55,"processOrdinal":1,"timelineOrdinal":55,"kind":"complete","elapsedMs":1.7377919999998994,"pages":1,"totalChanged":false,"mixedStates":false,"code":"none"}
[http-timing] {"sequence":72,"timelineOrdinal":56,"processOrdinal":1,"method":"GET","routeClass":"timeline","status":200,"headerElapsedMs":1,"bodyElapsedMs":0,"totalElapsedMs":1,"bytes":82,"phase":"complete","outcome":"ok"}
[timeline-page-observation] {"cycle":56,"processOrdinal":1,"timelineOrdinal":56,"kind":"page","elapsedMs":1.4327079999993657,"offset":0,"total":0,"unplacedTotal":0,"states":{"intent":0,"ready":0,"committed":0,"complete":0,"failed":0,"other":0}}
[timeline-page-observation] {"cycle":56,"processOrdinal":1,"timelineOrdinal":56,"kind":"complete","elapsedMs":1.4482909999996991,"pages":1,"totalChanged":false,"mixedStates":false,"code":"none"}
[http-timing] {"sequence":73,"timelineOrdinal":57,"processOrdinal":1,"method":"GET","routeClass":"timeline","status":200,"headerElapsedMs":1,"bodyElapsedMs":0,"totalElapsedMs":1,"bytes":82,"phase":"complete","outcome":"ok"}
[timeline-page-observation] {"cycle":57,"processOrdinal":1,"timelineOrdinal":57,"kind":"page","elapsedMs":1.4894580000000133,"offset":0,"total":0,"unplacedTotal":0,"states":{"intent":0,"ready":0,"committed":0,"complete":0,"failed":0,"other":0}}
[timeline-page-observation] {"cycle":57,"processOrdinal":1,"timelineOrdinal":57,"kind":"complete","elapsedMs":1.5046250000004875,"pages":1,"totalChanged":false,"mixedStates":false,"code":"none"}
[http-timing] {"sequence":74,"timelineOrdinal":58,"processOrdinal":1,"method":"GET","routeClass":"timeline","status":200,"headerElapsedMs":1,"bodyElapsedMs":0,"totalElapsedMs":1,"bytes":82,"phase":"complete","outcome":"ok"}
[timeline-page-observation] {"cycle":58,"processOrdinal":1,"timelineOrdinal":58,"kind":"page","elapsedMs":1.694999999999709,"offset":0,"total":0,"unplacedTotal":0,"states":{"intent":0,"ready":0,"committed":0,"complete":0,"failed":0,"other":0}}
[timeline-page-observation] {"cycle":58,"processOrdinal":1,"timelineOrdinal":58,"kind":"complete","elapsedMs":1.7142499999999927,"pages":1,"totalChanged":false,"mixedStates":false,"code":"none"}
[http-timing] {"sequence":75,"timelineOrdinal":59,"processOrdinal":1,"method":"GET","routeClass":"timeline","status":200,"headerElapsedMs":1,"bodyElapsedMs":0,"totalElapsedMs":1,"bytes":82,"phase":"complete","outcome":"ok"}
[timeline-page-observation] {"cycle":59,"processOrdinal":1,"timelineOrdinal":59,"kind":"page","elapsedMs":1.5871659999993426,"offset":0,"total":0,"unplacedTotal":0,"states":{"intent":0,"ready":0,"committed":0,"complete":0,"failed":0,"other":0}}
[timeline-page-observation] {"cycle":59,"processOrdinal":1,"timelineOrdinal":59,"kind":"complete","elapsedMs":1.603832999999213,"pages":1,"totalChanged":false,"mixedStates":false,"code":"none"}
[http-timing] {"sequence":76,"timelineOrdinal":60,"processOrdinal":1,"method":"GET","routeClass":"timeline","status":200,"headerElapsedMs":1,"bodyElapsedMs":0,"totalElapsedMs":1,"bytes":82,"phase":"complete","outcome":"ok"}
[timeline-page-observation] {"cycle":60,"processOrdinal":1,"timelineOrdinal":60,"kind":"page","elapsedMs":1.633417000000918,"offset":0,"total":0,"unplacedTotal":0,"states":{"intent":0,"ready":0,"committed":0,"complete":0,"failed":0,"other":0}}
[timeline-page-observation] {"cycle":60,"processOrdinal":1,"timelineOrdinal":60,"kind":"complete","elapsedMs":1.6598750000011933,"pages":1,"totalChanged":false,"mixedStates":false,"code":"none"}
[http-timing] {"sequence":77,"timelineOrdinal":61,"processOrdinal":1,"method":"GET","routeClass":"timeline","status":200,"headerElapsedMs":1,"bodyElapsedMs":0,"totalElapsedMs":1,"bytes":82,"phase":"complete","outcome":"ok"}
[timeline-page-observation] {"cycle":61,"processOrdinal":1,"timelineOrdinal":61,"kind":"page","elapsedMs":1.5949170000003505,"offset":0,"total":0,"unplacedTotal":0,"states":{"intent":0,"ready":0,"committed":0,"complete":0,"failed":0,"other":0}}
[timeline-page-observation] {"cycle":61,"processOrdinal":1,"timelineOrdinal":61,"kind":"complete","elapsedMs":1.6097920000011072,"pages":1,"totalChanged":false,"mixedStates":false,"code":"none"}
[http-timing] {"sequence":78,"timelineOrdinal":62,"processOrdinal":1,"method":"GET","routeClass":"timeline","status":200,"headerElapsedMs":1,"bodyElapsedMs":0,"totalElapsedMs":1,"bytes":82,"phase":"complete","outcome":"ok"}
[timeline-page-observation] {"cycle":62,"processOrdinal":1,"timelineOrdinal":62,"kind":"page","elapsedMs":1.4575829999994312,"offset":0,"total":0,"unplacedTotal":0,"states":{"intent":0,"ready":0,"committed":0,"complete":0,"failed":0,"other":0}}
[timeline-page-observation] {"cycle":62,"processOrdinal":1,"timelineOrdinal":62,"kind":"complete","elapsedMs":1.473374999999578,"pages":1,"totalChanged":false,"mixedStates":false,"code":"none"}
[http-timing] {"sequence":79,"timelineOrdinal":63,"processOrdinal":1,"method":"GET","routeClass":"timeline","status":200,"headerElapsedMs":1,"bodyElapsedMs":0,"totalElapsedMs":1,"bytes":82,"phase":"complete","outcome":"ok"}
[timeline-page-observation] {"cycle":63,"processOrdinal":1,"timelineOrdinal":63,"kind":"page","elapsedMs":1.6241250000002765,"offset":0,"total":0,"unplacedTotal":0,"states":{"intent":0,"ready":0,"committed":0,"complete":0,"failed":0,"other":0}}
[timeline-page-observation] {"cycle":63,"processOrdinal":1,"timelineOrdinal":63,"kind":"complete","elapsedMs":1.6412920000002487,"pages":1,"totalChanged":false,"mixedStates":false,"code":"none"}
[http-timing] {"sequence":80,"timelineOrdinal":64,"processOrdinal":1,"method":"GET","routeClass":"timeline","status":200,"headerElapsedMs":1,"bodyElapsedMs":0,"totalElapsedMs":1,"bytes":82,"phase":"complete","outcome":"ok"}
[timeline-page-observation] {"cycle":64,"processOrdinal":1,"timelineOrdinal":64,"kind":"page","elapsedMs":1.6165410000012344,"offset":0,"total":0,"unplacedTotal":0,"states":{"intent":0,"ready":0,"committed":0,"complete":0,"failed":0,"other":0}}
[timeline-page-observation] {"cycle":64,"processOrdinal":1,"timelineOrdinal":64,"kind":"complete","elapsedMs":1.6340410000011616,"pages":1,"totalChanged":false,"mixedStates":false,"code":"none"}
[http-timing] {"sequence":81,"timelineOrdinal":65,"processOrdinal":1,"method":"GET","routeClass":"timeline","status":200,"headerElapsedMs":1,"bodyElapsedMs":0,"totalElapsedMs":1,"bytes":82,"phase":"complete","outcome":"ok"}
[timeline-page-observation] {"cycle":65,"processOrdinal":1,"timelineOrdinal":65,"kind":"page","elapsedMs":1.55816699999923,"offset":0,"total":0,"unplacedTotal":0,"states":{"intent":0,"ready":0,"committed":0,"complete":0,"failed":0,"other":0}}
[timeline-page-observation] {"cycle":65,"processOrdinal":1,"timelineOrdinal":65,"kind":"complete","elapsedMs":1.5721670000002632,"pages":1,"totalChanged":false,"mixedStates":false,"code":"none"}
[http-timing] {"sequence":82,"timelineOrdinal":66,"processOrdinal":1,"method":"GET","routeClass":"timeline","status":200,"headerElapsedMs":1,"bodyElapsedMs":0,"totalElapsedMs":1,"bytes":82,"phase":"complete","outcome":"ok"}
[timeline-page-observation] {"cycle":66,"processOrdinal":1,"timelineOrdinal":66,"kind":"page","elapsedMs":1.692958000001454,"offset":0,"total":0,"unplacedTotal":0,"states":{"intent":0,"ready":0,"committed":0,"complete":0,"failed":0,"other":0}}
[timeline-page-observation] {"cycle":66,"processOrdinal":1,"timelineOrdinal":66,"kind":"complete","elapsedMs":1.7094170000000304,"pages":1,"totalChanged":false,"mixedStates":false,"code":"none"}
[http-timing] {"sequence":83,"timelineOrdinal":67,"processOrdinal":1,"method":"GET","routeClass":"timeline","status":200,"headerElapsedMs":1,"bodyElapsedMs":0,"totalElapsedMs":1,"bytes":82,"phase":"complete","outcome":"ok"}
[timeline-page-observation] {"cycle":67,"processOrdinal":1,"timelineOrdinal":67,"kind":"page","elapsedMs":1.4416670000009617,"offset":0,"total":0,"unplacedTotal":0,"states":{"intent":0,"ready":0,"committed":0,"complete":0,"failed":0,"other":0}}
[timeline-page-observation] {"cycle":67,"processOrdinal":1,"timelineOrdinal":67,"kind":"complete","elapsedMs":1.4573340000006283,"pages":1,"totalChanged":false,"mixedStates":false,"code":"none"}
[http-timing] {"sequence":84,"timelineOrdinal":68,"processOrdinal":1,"method":"GET","routeClass":"timeline","status":200,"headerElapsedMs":1,"bodyElapsedMs":0,"totalElapsedMs":1,"bytes":82,"phase":"complete","outcome":"ok"}
[timeline-page-observation] {"cycle":68,"processOrdinal":1,"timelineOrdinal":68,"kind":"page","elapsedMs":1.6162079999994603,"offset":0,"total":0,"unplacedTotal":0,"states":{"intent":0,"ready":0,"committed":0,"complete":0,"failed":0,"other":0}}
[timeline-page-observation] {"cycle":68,"processOrdinal":1,"timelineOrdinal":68,"kind":"complete","elapsedMs":1.632207999999082,"pages":1,"totalChanged":false,"mixedStates":false,"code":"none"}
[http-timing] {"sequence":85,"timelineOrdinal":69,"processOrdinal":1,"method":"GET","routeClass":"timeline","status":200,"headerElapsedMs":1,"bodyElapsedMs":0,"totalElapsedMs":1,"bytes":82,"phase":"complete","outcome":"ok"}
[timeline-page-observation] {"cycle":69,"processOrdinal":1,"timelineOrdinal":69,"kind":"page","elapsedMs":1.4981250000000728,"offset":0,"total":0,"unplacedTotal":0,"states":{"intent":0,"ready":0,"committed":0,"complete":0,"failed":0,"other":0}}
[timeline-page-observation] {"cycle":69,"processOrdinal":1,"timelineOrdinal":69,"kind":"complete","elapsedMs":1.5122090000004391,"pages":1,"totalChanged":false,"mixedStates":false,"code":"none"}
[http-timing] {"sequence":86,"timelineOrdinal":70,"processOrdinal":1,"method":"GET","routeClass":"timeline","status":200,"headerElapsedMs":1,"bodyElapsedMs":0,"totalElapsedMs":1,"bytes":82,"phase":"complete","outcome":"ok"}
[timeline-page-observation] {"cycle":70,"processOrdinal":1,"timelineOrdinal":70,"kind":"page","elapsedMs":2.0799580000002607,"offset":0,"total":0,"unplacedTotal":0,"states":{"intent":0,"ready":0,"committed":0,"complete":0,"failed":0,"other":0}}
[timeline-page-observation] {"cycle":70,"processOrdinal":1,"timelineOrdinal":70,"kind":"complete","elapsedMs":2.1021660000005795,"pages":1,"totalChanged":false,"mixedStates":false,"code":"none"}
[http-timing] {"sequence":87,"timelineOrdinal":71,"processOrdinal":1,"method":"GET","routeClass":"timeline","status":200,"headerElapsedMs":1,"bodyElapsedMs":0,"totalElapsedMs":1,"bytes":82,"phase":"complete","outcome":"ok"}
[timeline-page-observation] {"cycle":71,"processOrdinal":1,"timelineOrdinal":71,"kind":"page","elapsedMs":1.5784999999996217,"offset":0,"total":0,"unplacedTotal":0,"states":{"intent":0,"ready":0,"committed":0,"complete":0,"failed":0,"other":0}}
[timeline-page-observation] {"cycle":71,"processOrdinal":1,"timelineOrdinal":71,"kind":"complete","elapsedMs":1.5946249999997235,"pages":1,"totalChanged":false,"mixedStates":false,"code":"none"}
[http-timing] {"sequence":88,"timelineOrdinal":72,"processOrdinal":1,"method":"GET","routeClass":"timeline","status":200,"headerElapsedMs":1,"bodyElapsedMs":0,"totalElapsedMs":1,"bytes":82,"phase":"complete","outcome":"ok"}
[timeline-page-observation] {"cycle":72,"processOrdinal":1,"timelineOrdinal":72,"kind":"page","elapsedMs":1.6411669999997684,"offset":0,"total":0,"unplacedTotal":0,"states":{"intent":0,"ready":0,"committed":0,"complete":0,"failed":0,"other":0}}
[timeline-page-observation] {"cycle":72,"processOrdinal":1,"timelineOrdinal":72,"kind":"complete","elapsedMs":1.657959000000119,"pages":1,"totalChanged":false,"mixedStates":false,"code":"none"}
[http-timing] {"sequence":89,"timelineOrdinal":73,"processOrdinal":1,"method":"GET","routeClass":"timeline","status":200,"headerElapsedMs":1,"bodyElapsedMs":0,"totalElapsedMs":1,"bytes":82,"phase":"complete","outcome":"ok"}
[timeline-page-observation] {"cycle":73,"processOrdinal":1,"timelineOrdinal":73,"kind":"page","elapsedMs":1.4952499999999418,"offset":0,"total":0,"unplacedTotal":0,"states":{"intent":0,"ready":0,"committed":0,"complete":0,"failed":0,"other":0}}
[timeline-page-observation] {"cycle":73,"processOrdinal":1,"timelineOrdinal":73,"kind":"complete","elapsedMs":1.5102920000008453,"pages":1,"totalChanged":false,"mixedStates":false,"code":"none"}
[http-timing] {"sequence":90,"timelineOrdinal":74,"processOrdinal":1,"method":"GET","routeClass":"timeline","status":200,"headerElapsedMs":1,"bodyElapsedMs":0,"totalElapsedMs":1,"bytes":82,"phase":"complete","outcome":"ok"}
[timeline-page-observation] {"cycle":74,"processOrdinal":1,"timelineOrdinal":74,"kind":"page","elapsedMs":1.6212500000001455,"offset":0,"total":0,"unplacedTotal":0,"states":{"intent":0,"ready":0,"committed":0,"complete":0,"failed":0,"other":0}}
[timeline-page-observation] {"cycle":74,"processOrdinal":1,"timelineOrdinal":74,"kind":"complete","elapsedMs":1.6367920000011509,"pages":1,"totalChanged":false,"mixedStates":false,"code":"none"}
[http-timing] {"sequence":91,"timelineOrdinal":75,"processOrdinal":1,"method":"GET","routeClass":"timeline","status":200,"headerElapsedMs":1,"bodyElapsedMs":0,"totalElapsedMs":1,"bytes":82,"phase":"complete","outcome":"ok"}
[timeline-page-observation] {"cycle":75,"processOrdinal":1,"timelineOrdinal":75,"kind":"page","elapsedMs":1.6108339999991586,"offset":0,"total":0,"unplacedTotal":0,"states":{"intent":0,"ready":0,"committed":0,"complete":0,"failed":0,"other":0}}
[timeline-page-observation] {"cycle":75,"processOrdinal":1,"timelineOrdinal":75,"kind":"complete","elapsedMs":1.6344169999993028,"pages":1,"totalChanged":false,"mixedStates":false,"code":"none"}
[http-timing] {"sequence":92,"timelineOrdinal":76,"processOrdinal":1,"method":"GET","routeClass":"timeline","status":200,"headerElapsedMs":1,"bodyElapsedMs":0,"totalElapsedMs":1,"bytes":82,"phase":"complete","outcome":"ok"}
[timeline-page-observation] {"cycle":76,"processOrdinal":1,"timelineOrdinal":76,"kind":"page","elapsedMs":1.5363749999996799,"offset":0,"total":0,"unplacedTotal":0,"states":{"intent":0,"ready":0,"committed":0,"complete":0,"failed":0,"other":0}}
[timeline-page-observation] {"cycle":76,"processOrdinal":1,"timelineOrdinal":76,"kind":"complete","elapsedMs":1.552332999999635,"pages":1,"totalChanged":false,"mixedStates":false,"code":"none"}
[http-timing] {"sequence":93,"timelineOrdinal":77,"processOrdinal":1,"method":"GET","routeClass":"timeline","status":200,"headerElapsedMs":1,"bodyElapsedMs":0,"totalElapsedMs":1,"bytes":82,"phase":"complete","outcome":"ok"}
[timeline-page-observation] {"cycle":77,"processOrdinal":1,"timelineOrdinal":77,"kind":"page","elapsedMs":1.4814170000008744,"offset":0,"total":0,"unplacedTotal":0,"states":{"intent":0,"ready":0,"committed":0,"complete":0,"failed":0,"other":0}}
[timeline-page-observation] {"cycle":77,"processOrdinal":1,"timelineOrdinal":77,"kind":"complete","elapsedMs":1.4970000000012078,"pages":1,"totalChanged":false,"mixedStates":false,"code":"none"}
[http-timing] {"sequence":94,"timelineOrdinal":78,"processOrdinal":1,"method":"GET","routeClass":"timeline","status":200,"headerElapsedMs":1,"bodyElapsedMs":0,"totalElapsedMs":1,"bytes":82,"phase":"complete","outcome":"ok"}
[timeline-page-observation] {"cycle":78,"processOrdinal":1,"timelineOrdinal":78,"kind":"page","elapsedMs":1.528667000000496,"offset":0,"total":0,"unplacedTotal":0,"states":{"intent":0,"ready":0,"committed":0,"complete":0,"failed":0,"other":0}}
[timeline-page-observation] {"cycle":78,"processOrdinal":1,"timelineOrdinal":78,"kind":"complete","elapsedMs":1.5444580000003043,"pages":1,"totalChanged":false,"mixedStates":false,"code":"none"}
[http-timing] {"sequence":95,"timelineOrdinal":79,"processOrdinal":1,"method":"GET","routeClass":"timeline","status":200,"headerElapsedMs":1,"bodyElapsedMs":0,"totalElapsedMs":1,"bytes":82,"phase":"complete","outcome":"ok"}
[timeline-page-observation] {"cycle":79,"processOrdinal":1,"timelineOrdinal":79,"kind":"page","elapsedMs":1.502834000000803,"offset":0,"total":0,"unplacedTotal":0,"states":{"intent":0,"ready":0,"committed":0,"complete":0,"failed":0,"other":0}}
[timeline-page-observation] {"cycle":79,"processOrdinal":1,"timelineOrdinal":79,"kind":"complete","elapsedMs":1.517374999999447,"pages":1,"totalChanged":false,"mixedStates":false,"code":"none"}
[http-timing] {"sequence":96,"timelineOrdinal":80,"processOrdinal":1,"method":"GET","routeClass":"timeline","status":200,"headerElapsedMs":1,"bodyElapsedMs":0,"totalElapsedMs":1,"bytes":82,"phase":"complete","outcome":"ok"}
[timeline-page-observation] {"cycle":80,"processOrdinal":1,"timelineOrdinal":80,"kind":"page","elapsedMs":1.6054170000006707,"offset":0,"total":0,"unplacedTotal":0,"states":{"intent":0,"ready":0,"committed":0,"complete":0,"failed":0,"other":0}}
[timeline-page-observation] {"cycle":80,"processOrdinal":1,"timelineOrdinal":80,"kind":"complete","elapsedMs":1.62066699999923,"pages":1,"totalChanged":false,"mixedStates":false,"code":"none"}
[http-timing] {"sequence":97,"timelineOrdinal":81,"processOrdinal":1,"method":"GET","routeClass":"timeline","status":200,"headerElapsedMs":1,"bodyElapsedMs":0,"totalElapsedMs":1,"bytes":82,"phase":"complete","outcome":"ok"}
[timeline-page-observation] {"cycle":81,"processOrdinal":1,"timelineOrdinal":81,"kind":"page","elapsedMs":1.538749999999709,"offset":0,"total":0,"unplacedTotal":0,"states":{"intent":0,"ready":0,"committed":0,"complete":0,"failed":0,"other":0}}
[timeline-page-observation] {"cycle":81,"processOrdinal":1,"timelineOrdinal":81,"kind":"complete","elapsedMs":1.560209000001123,"pages":1,"totalChanged":false,"mixedStates":false,"code":"none"}
[http-timing] {"sequence":98,"timelineOrdinal":82,"processOrdinal":1,"method":"GET","routeClass":"timeline","status":200,"headerElapsedMs":1,"bodyElapsedMs":0,"totalElapsedMs":1,"bytes":82,"phase":"complete","outcome":"ok"}
[timeline-page-observation] {"cycle":82,"processOrdinal":1,"timelineOrdinal":82,"kind":"page","elapsedMs":1.5137909999994008,"offset":0,"total":0,"unplacedTotal":0,"states":{"intent":0,"ready":0,"committed":0,"complete":0,"failed":0,"other":0}}
[timeline-page-observation] {"cycle":82,"processOrdinal":1,"timelineOrdinal":82,"kind":"complete","elapsedMs":1.528707999999824,"pages":1,"totalChanged":false,"mixedStates":false,"code":"none"}
[http-timing] {"sequence":99,"timelineOrdinal":83,"processOrdinal":1,"method":"GET","routeClass":"timeline","status":200,"headerElapsedMs":12,"bodyElapsedMs":0,"totalElapsedMs":12,"bytes":105389,"phase":"complete","outcome":"ok"}
[timeline-page-observation] {"cycle":83,"processOrdinal":1,"timelineOrdinal":83,"kind":"page","elapsedMs":12.884792000000743,"offset":0,"total":1,"unplacedTotal":1,"states":{"intent":0,"ready":0,"committed":0,"complete":0,"failed":0,"other":0}}
[timeline-page-observation] {"cycle":83,"processOrdinal":1,"timelineOrdinal":83,"kind":"complete","elapsedMs":13.08166700000038,"pages":1,"totalChanged":false,"mixedStates":false,"code":"none"}
[fixture-boundary-forecast] {"run":1,"targetPts":"16666666666","sourceOrders":["1"],"sourceIdHashes":["9d38c055e82b0f33433a71771d3b5dfe0d12b0afe921c2a0e75304c9e9b55445"],"restartResetObserved":false}
[http-timing] {"sequence":100,"timelineOrdinal":null,"processOrdinal":1,"method":"GET","routeClass":"tap","status":200,"headerElapsedMs":1,"bodyElapsedMs":0,"totalElapsedMs":1,"bytes":12042,"phase":"complete","outcome":"ok"}
[http-timing] {"sequence":101,"timelineOrdinal":null,"processOrdinal":1,"method":"GET","routeClass":"tap","status":200,"headerElapsedMs":1,"bodyElapsedMs":0,"totalElapsedMs":1,"bytes":12040,"phase":"complete","outcome":"ok"}
[http-timing] {"sequence":102,"timelineOrdinal":null,"processOrdinal":1,"method":"GET","routeClass":"tap","status":200,"headerElapsedMs":1,"bodyElapsedMs":0,"totalElapsedMs":1,"bytes":12039,"phase":"complete","outcome":"ok"}
[http-timing] {"sequence":103,"timelineOrdinal":null,"processOrdinal":1,"method":"GET","routeClass":"tap","status":200,"headerElapsedMs":5,"bodyElapsedMs":0,"totalElapsedMs":5,"bytes":12047,"phase":"complete","outcome":"ok"}
[http-timing] {"sequence":104,"timelineOrdinal":null,"processOrdinal":1,"method":"GET","routeClass":"tap","status":200,"headerElapsedMs":1,"bodyElapsedMs":0,"totalElapsedMs":1,"bytes":12048,"phase":"complete","outcome":"ok"}
[http-timing] {"sequence":105,"timelineOrdinal":null,"processOrdinal":1,"method":"GET","routeClass":"tap","status":200,"headerElapsedMs":1,"bodyElapsedMs":0,"totalElapsedMs":1,"bytes":12045,"phase":"complete","outcome":"ok"}
[http-timing] {"sequence":106,"timelineOrdinal":null,"processOrdinal":1,"method":"GET","routeClass":"tap","status":200,"headerElapsedMs":1,"bodyElapsedMs":0,"totalElapsedMs":1,"bytes":12045,"phase":"complete","outcome":"ok"}
[http-timing] {"sequence":107,"timelineOrdinal":null,"processOrdinal":1,"method":"GET","routeClass":"tap","status":200,"headerElapsedMs":1,"bodyElapsedMs":0,"totalElapsedMs":1,"bytes":12042,"phase":"complete","outcome":"ok"}
[http-timing] {"sequence":108,"timelineOrdinal":null,"processOrdinal":1,"method":"GET","routeClass":"tap","status":200,"headerElapsedMs":1,"bodyElapsedMs":0,"totalElapsedMs":1,"bytes":12041,"phase":"complete","outcome":"ok"}
[http-timing] {"sequence":109,"timelineOrdinal":null,"processOrdinal":1,"method":"GET","routeClass":"tap","status":200,"headerElapsedMs":1,"bodyElapsedMs":0,"totalElapsedMs":1,"bytes":12041,"phase":"complete","outcome":"ok"}
[http-timing] {"sequence":110,"timelineOrdinal":null,"processOrdinal":1,"method":"GET","routeClass":"tap","status":200,"headerElapsedMs":1,"bodyElapsedMs":0,"totalElapsedMs":1,"bytes":12038,"phase":"complete","outcome":"ok"}
[http-timing] {"sequence":111,"timelineOrdinal":null,"processOrdinal":1,"method":"GET","routeClass":"tap","status":200,"headerElapsedMs":1,"bodyElapsedMs":0,"totalElapsedMs":1,"bytes":12032,"phase":"complete","outcome":"ok"}
[http-timing] {"sequence":112,"timelineOrdinal":null,"processOrdinal":1,"method":"GET","routeClass":"tap","status":200,"headerElapsedMs":1,"bodyElapsedMs":0,"totalElapsedMs":1,"bytes":12038,"phase":"complete","outcome":"ok"}
[http-timing] {"sequence":113,"timelineOrdinal":null,"processOrdinal":1,"method":"GET","routeClass":"tap","status":200,"headerElapsedMs":1,"bodyElapsedMs":0,"totalElapsedMs":1,"bytes":12040,"phase":"complete","outcome":"ok"}
[http-timing] {"sequence":114,"timelineOrdinal":null,"processOrdinal":1,"method":"GET","routeClass":"tap","status":200,"headerElapsedMs":1,"bodyElapsedMs":0,"totalElapsedMs":1,"bytes":12038,"phase":"complete","outcome":"ok"}
[http-timing] {"sequence":115,"timelineOrdinal":null,"processOrdinal":1,"method":"GET","routeClass":"tap","status":200,"headerElapsedMs":1,"bodyElapsedMs":0,"totalElapsedMs":1,"bytes":12037,"phase":"complete","outcome":"ok"}
[http-timing] {"sequence":116,"timelineOrdinal":null,"processOrdinal":1,"method":"GET","routeClass":"tap","status":200,"headerElapsedMs":1,"bodyElapsedMs":0,"totalElapsedMs":1,"bytes":12041,"phase":"complete","outcome":"ok"}
[http-timing] {"sequence":117,"timelineOrdinal":null,"processOrdinal":1,"method":"GET","routeClass":"tap","status":200,"headerElapsedMs":1,"bodyElapsedMs":0,"totalElapsedMs":1,"bytes":12035,"phase":"complete","outcome":"ok"}
[http-timing] {"sequence":118,"timelineOrdinal":null,"processOrdinal":1,"method":"GET","routeClass":"tap","status":200,"headerElapsedMs":1,"bodyElapsedMs":0,"totalElapsedMs":1,"bytes":12037,"phase":"complete","outcome":"ok"}
[http-timing] {"sequence":119,"timelineOrdinal":null,"processOrdinal":1,"method":"GET","routeClass":"tap","status":200,"headerElapsedMs":1,"bodyElapsedMs":0,"totalElapsedMs":1,"bytes":12048,"phase":"complete","outcome":"ok"}
[http-timing] {"sequence":120,"timelineOrdinal":null,"processOrdinal":1,"method":"GET","routeClass":"tap","status":200,"headerElapsedMs":4,"bodyElapsedMs":0,"totalElapsedMs":4,"bytes":12048,"phase":"complete","outcome":"ok"}
[http-timing] {"sequence":121,"timelineOrdinal":null,"processOrdinal":1,"method":"GET","routeClass":"tap","status":200,"headerElapsedMs":1,"bodyElapsedMs":0,"totalElapsedMs":1,"bytes":12047,"phase":"complete","outcome":"ok"}
[http-timing] {"sequence":122,"timelineOrdinal":null,"processOrdinal":1,"method":"GET","routeClass":"tap","status":200,"headerElapsedMs":1,"bodyElapsedMs":0,"totalElapsedMs":1,"bytes":12054,"phase":"complete","outcome":"ok"}
[http-timing] {"sequence":123,"timelineOrdinal":null,"processOrdinal":1,"method":"GET","routeClass":"tap","status":200,"headerElapsedMs":1,"bodyElapsedMs":0,"totalElapsedMs":1,"bytes":12054,"phase":"complete","outcome":"ok"}
[http-timing] {"sequence":124,"timelineOrdinal":null,"processOrdinal":1,"method":"GET","routeClass":"tap","status":200,"headerElapsedMs":1,"bodyElapsedMs":0,"totalElapsedMs":1,"bytes":12059,"phase":"complete","outcome":"ok"}
[http-timing] {"sequence":125,"timelineOrdinal":null,"processOrdinal":1,"method":"GET","routeClass":"tap","status":200,"headerElapsedMs":1,"bodyElapsedMs":0,"totalElapsedMs":1,"bytes":12060,"phase":"complete","outcome":"ok"}
[http-timing] {"sequence":126,"timelineOrdinal":null,"processOrdinal":1,"method":"GET","routeClass":"tap","status":200,"headerElapsedMs":1,"bodyElapsedMs":0,"totalElapsedMs":1,"bytes":12063,"phase":"complete","outcome":"ok"}
[http-timing] {"sequence":127,"timelineOrdinal":null,"processOrdinal":1,"method":"GET","routeClass":"tap","status":200,"headerElapsedMs":1,"bodyElapsedMs":0,"totalElapsedMs":1,"bytes":12061,"phase":"complete","outcome":"ok"}
[http-timing] {"sequence":128,"timelineOrdinal":null,"processOrdinal":1,"method":"GET","routeClass":"tap","status":200,"headerElapsedMs":1,"bodyElapsedMs":0,"totalElapsedMs":1,"bytes":12065,"phase":"complete","outcome":"ok"}
[http-timing] {"sequence":129,"timelineOrdinal":null,"processOrdinal":1,"method":"GET","routeClass":"tap","status":200,"headerElapsedMs":1,"bodyElapsedMs":0,"totalElapsedMs":1,"bytes":12069,"phase":"complete","outcome":"ok"}
[http-timing] {"sequence":130,"timelineOrdinal":null,"processOrdinal":1,"method":"GET","routeClass":"tap","status":200,"headerElapsedMs":1,"bodyElapsedMs":0,"totalElapsedMs":1,"bytes":12071,"phase":"complete","outcome":"ok"}
[http-timing] {"sequence":131,"timelineOrdinal":null,"processOrdinal":1,"method":"GET","routeClass":"tap","status":200,"headerElapsedMs":1,"bodyElapsedMs":0,"totalElapsedMs":1,"bytes":12074,"phase":"complete","outcome":"ok"}
[http-timing] {"sequence":132,"timelineOrdinal":null,"processOrdinal":1,"method":"GET","routeClass":"tap","status":200,"headerElapsedMs":1,"bodyElapsedMs":0,"totalElapsedMs":1,"bytes":12072,"phase":"complete","outcome":"ok"}
[http-timing] {"sequence":133,"timelineOrdinal":null,"processOrdinal":1,"method":"GET","routeClass":"tap","status":200,"headerElapsedMs":1,"bodyElapsedMs":0,"totalElapsedMs":1,"bytes":12083,"phase":"complete","outcome":"ok"}
[http-timing] {"sequence":134,"timelineOrdinal":null,"processOrdinal":1,"method":"GET","routeClass":"tap","status":200,"headerElapsedMs":1,"bodyElapsedMs":0,"totalElapsedMs":1,"bytes":12090,"phase":"complete","outcome":"ok"}
[http-timing] {"sequence":135,"timelineOrdinal":null,"processOrdinal":1,"method":"GET","routeClass":"tap","status":200,"headerElapsedMs":1,"bodyElapsedMs":0,"totalElapsedMs":1,"bytes":12088,"phase":"complete","outcome":"ok"}
[http-timing] {"sequence":136,"timelineOrdinal":null,"processOrdinal":1,"method":"GET","routeClass":"tap","status":200,"headerElapsedMs":1,"bodyElapsedMs":0,"totalElapsedMs":1,"bytes":12090,"phase":"complete","outcome":"ok"}
[http-timing] {"sequence":137,"timelineOrdinal":null,"processOrdinal":1,"method":"GET","routeClass":"tap","status":200,"headerElapsedMs":1,"bodyElapsedMs":0,"totalElapsedMs":1,"bytes":12095,"phase":"complete","outcome":"ok"}
[http-timing] {"sequence":138,"timelineOrdinal":null,"processOrdinal":1,"method":"GET","routeClass":"tap","status":200,"headerElapsedMs":1,"bodyElapsedMs":0,"totalElapsedMs":1,"bytes":12094,"phase":"complete","outcome":"ok"}
[http-timing] {"sequence":139,"timelineOrdinal":null,"processOrdinal":1,"method":"GET","routeClass":"tap","status":200,"headerElapsedMs":1,"bodyElapsedMs":0,"totalElapsedMs":1,"bytes":12091,"phase":"complete","outcome":"ok"}
[http-timing] {"sequence":140,"timelineOrdinal":null,"processOrdinal":1,"method":"GET","routeClass":"tap","status":200,"headerElapsedMs":1,"bodyElapsedMs":0,"totalElapsedMs":1,"bytes":12106,"phase":"complete","outcome":"ok"}
[http-timing] {"sequence":141,"timelineOrdinal":null,"processOrdinal":1,"method":"GET","routeClass":"tap","status":200,"headerElapsedMs":1,"bodyElapsedMs":0,"totalElapsedMs":1,"bytes":12107,"phase":"complete","outcome":"ok"}
[http-timing] {"sequence":142,"timelineOrdinal":null,"processOrdinal":1,"method":"GET","routeClass":"tap","status":200,"headerElapsedMs":1,"bodyElapsedMs":0,"totalElapsedMs":1,"bytes":12102,"phase":"complete","outcome":"ok"}
[http-timing] {"sequence":143,"timelineOrdinal":null,"processOrdinal":1,"method":"GET","routeClass":"tap","status":200,"headerElapsedMs":1,"bodyElapsedMs":0,"totalElapsedMs":1,"bytes":12101,"phase":"complete","outcome":"ok"}
[http-timing] {"sequence":144,"timelineOrdinal":null,"processOrdinal":1,"method":"GET","routeClass":"tap","status":200,"headerElapsedMs":1,"bodyElapsedMs":0,"totalElapsedMs":1,"bytes":12109,"phase":"complete","outcome":"ok"}
[http-timing] {"sequence":145,"timelineOrdinal":null,"processOrdinal":1,"method":"GET","routeClass":"tap","status":200,"headerElapsedMs":1,"bodyElapsedMs":0,"totalElapsedMs":1,"bytes":12118,"phase":"complete","outcome":"ok"}
[http-timing] {"sequence":146,"timelineOrdinal":null,"processOrdinal":1,"method":"GET","routeClass":"tap","status":200,"headerElapsedMs":1,"bodyElapsedMs":0,"totalElapsedMs":1,"bytes":12118,"phase":"complete","outcome":"ok"}
[http-timing] {"sequence":147,"timelineOrdinal":null,"processOrdinal":1,"method":"GET","routeClass":"tap","status":200,"headerElapsedMs":1,"bodyElapsedMs":0,"totalElapsedMs":1,"bytes":12112,"phase":"complete","outcome":"ok"}
[http-timing] {"sequence":148,"timelineOrdinal":null,"processOrdinal":1,"method":"GET","routeClass":"tap","status":200,"headerElapsedMs":1,"bodyElapsedMs":0,"totalElapsedMs":1,"bytes":12116,"phase":"complete","outcome":"ok"}
[http-timing] {"sequence":149,"timelineOrdinal":null,"processOrdinal":1,"method":"GET","routeClass":"tap","status":200,"headerElapsedMs":1,"bodyElapsedMs":0,"totalElapsedMs":1,"bytes":12116,"phase":"complete","outcome":"ok"}
[http-timing] {"sequence":150,"timelineOrdinal":null,"processOrdinal":1,"method":"GET","routeClass":"tap","status":200,"headerElapsedMs":1,"bodyElapsedMs":0,"totalElapsedMs":1,"bytes":12132,"phase":"complete","outcome":"ok"}
[http-timing] {"sequence":151,"timelineOrdinal":null,"processOrdinal":1,"method":"GET","routeClass":"tap","status":200,"headerElapsedMs":1,"bodyElapsedMs":0,"totalElapsedMs":1,"bytes":12123,"phase":"complete","outcome":"ok"}
[http-timing] {"sequence":152,"timelineOrdinal":null,"processOrdinal":1,"method":"GET","routeClass":"tap","status":200,"headerElapsedMs":1,"bodyElapsedMs":0,"totalElapsedMs":1,"bytes":12122,"phase":"complete","outcome":"ok"}
[http-timing] {"sequence":153,"timelineOrdinal":null,"processOrdinal":1,"method":"GET","routeClass":"tap","status":200,"headerElapsedMs":1,"bodyElapsedMs":0,"totalElapsedMs":1,"bytes":12132,"phase":"complete","outcome":"ok"}
[http-timing] {"sequence":154,"timelineOrdinal":null,"processOrdinal":1,"method":"GET","routeClass":"tap","status":200,"headerElapsedMs":1,"bodyElapsedMs":0,"totalElapsedMs":1,"bytes":12132,"phase":"complete","outcome":"ok"}
[http-timing] {"sequence":155,"timelineOrdinal":null,"processOrdinal":1,"method":"GET","routeClass":"tap","status":200,"headerElapsedMs":1,"bodyElapsedMs":0,"totalElapsedMs":1,"bytes":12130,"phase":"complete","outcome":"ok"}
[http-timing] {"sequence":156,"timelineOrdinal":null,"processOrdinal":1,"method":"GET","routeClass":"tap","status":200,"headerElapsedMs":1,"bodyElapsedMs":0,"totalElapsedMs":1,"bytes":12274,"phase":"complete","outcome":"ok"}
[http-timing] {"sequence":157,"timelineOrdinal":null,"processOrdinal":1,"method":"GET","routeClass":"tap","status":200,"headerElapsedMs":3,"bodyElapsedMs":0,"totalElapsedMs":3,"bytes":12154,"phase":"complete","outcome":"ok"}
[http-timing] {"sequence":158,"timelineOrdinal":null,"processOrdinal":1,"method":"GET","routeClass":"tap","status":200,"headerElapsedMs":1,"bodyElapsedMs":0,"totalElapsedMs":1,"bytes":12153,"phase":"complete","outcome":"ok"}
[http-timing] {"sequence":159,"timelineOrdinal":null,"processOrdinal":1,"method":"GET","routeClass":"tap","status":200,"headerElapsedMs":1,"bodyElapsedMs":0,"totalElapsedMs":1,"bytes":12146,"phase":"complete","outcome":"ok"}
[http-timing] {"sequence":160,"timelineOrdinal":null,"processOrdinal":1,"method":"GET","routeClass":"tap","status":200,"headerElapsedMs":5,"bodyElapsedMs":0,"totalElapsedMs":5,"bytes":12161,"phase":"complete","outcome":"ok"}
[http-timing] {"sequence":161,"timelineOrdinal":null,"processOrdinal":1,"method":"GET","routeClass":"tap","status":200,"headerElapsedMs":1,"bodyElapsedMs":0,"totalElapsedMs":1,"bytes":12159,"phase":"complete","outcome":"ok"}
[http-timing] {"sequence":162,"timelineOrdinal":null,"processOrdinal":1,"method":"GET","routeClass":"tap","status":200,"headerElapsedMs":1,"bodyElapsedMs":0,"totalElapsedMs":1,"bytes":10342,"phase":"complete","outcome":"ok"}
[http-timing] {"sequence":163,"timelineOrdinal":null,"processOrdinal":1,"method":"GET","routeClass":"tap","status":200,"headerElapsedMs":1,"bodyElapsedMs":0,"totalElapsedMs":1,"bytes":10343,"phase":"complete","outcome":"ok"}
[http-timing] {"sequence":164,"timelineOrdinal":null,"processOrdinal":1,"method":"GET","routeClass":"tap","status":200,"headerElapsedMs":1,"bodyElapsedMs":0,"totalElapsedMs":1,"bytes":10347,"phase":"complete","outcome":"ok"}
[http-timing] {"sequence":165,"timelineOrdinal":null,"processOrdinal":1,"method":"GET","routeClass":"tap","status":200,"headerElapsedMs":1,"bodyElapsedMs":0,"totalElapsedMs":1,"bytes":10351,"phase":"complete","outcome":"ok"}
[http-timing] {"sequence":166,"timelineOrdinal":null,"processOrdinal":1,"method":"GET","routeClass":"tap","status":200,"headerElapsedMs":1,"bodyElapsedMs":0,"totalElapsedMs":1,"bytes":10353,"phase":"complete","outcome":"ok"}
[http-timing] {"sequence":167,"timelineOrdinal":null,"processOrdinal":1,"method":"GET","routeClass":"tap","status":200,"headerElapsedMs":1,"bodyElapsedMs":0,"totalElapsedMs":1,"bytes":10351,"phase":"complete","outcome":"ok"}
[http-timing] {"sequence":168,"timelineOrdinal":null,"processOrdinal":1,"method":"GET","routeClass":"tap","status":200,"headerElapsedMs":1,"bodyElapsedMs":0,"totalElapsedMs":1,"bytes":12175,"phase":"complete","outcome":"ok"}
[http-timing] {"sequence":169,"timelineOrdinal":null,"processOrdinal":1,"method":"GET","routeClass":"tap","status":200,"headerElapsedMs":1,"bodyElapsedMs":0,"totalElapsedMs":1,"bytes":12173,"phase":"complete","outcome":"ok"}
[http-timing] {"sequence":170,"timelineOrdinal":null,"processOrdinal":1,"method":"GET","routeClass":"tap","status":200,"headerElapsedMs":1,"bodyElapsedMs":0,"totalElapsedMs":1,"bytes":12177,"phase":"complete","outcome":"ok"}
[http-timing] {"sequence":171,"timelineOrdinal":null,"processOrdinal":1,"method":"GET","routeClass":"tap","status":200,"headerElapsedMs":1,"bodyElapsedMs":0,"totalElapsedMs":1,"bytes":10349,"phase":"complete","outcome":"ok"}
[http-timing] {"sequence":172,"timelineOrdinal":null,"processOrdinal":1,"method":"GET","routeClass":"tap","status":200,"headerElapsedMs":1,"bodyElapsedMs":0,"totalElapsedMs":1,"bytes":10349,"phase":"complete","outcome":"ok"}
[http-timing] {"sequence":173,"timelineOrdinal":null,"processOrdinal":1,"method":"GET","routeClass":"tap","status":200,"headerElapsedMs":1,"bodyElapsedMs":0,"totalElapsedMs":1,"bytes":10347,"phase":"complete","outcome":"ok"}
[http-timing] {"sequence":174,"timelineOrdinal":null,"processOrdinal":1,"method":"GET","routeClass":"tap","status":200,"headerElapsedMs":1,"bodyElapsedMs":0,"totalElapsedMs":1,"bytes":10344,"phase":"complete","outcome":"ok"}
[http-timing] {"sequence":175,"timelineOrdinal":null,"processOrdinal":1,"method":"GET","routeClass":"tap","status":200,"headerElapsedMs":1,"bodyElapsedMs":0,"totalElapsedMs":1,"bytes":10346,"phase":"complete","outcome":"ok"}
[http-timing] {"sequence":176,"timelineOrdinal":null,"processOrdinal":1,"method":"GET","routeClass":"tap","status":200,"headerElapsedMs":1,"bodyElapsedMs":0,"totalElapsedMs":1,"bytes":12183,"phase":"complete","outcome":"ok"}
[http-timing] {"sequence":177,"timelineOrdinal":null,"processOrdinal":1,"method":"GET","routeClass":"tap","status":200,"headerElapsedMs":1,"bodyElapsedMs":0,"totalElapsedMs":1,"bytes":12165,"phase":"complete","outcome":"ok"}
[http-timing] {"sequence":178,"timelineOrdinal":null,"processOrdinal":1,"method":"GET","routeClass":"tap","status":200,"headerElapsedMs":1,"bodyElapsedMs":0,"totalElapsedMs":1,"bytes":12165,"phase":"complete","outcome":"ok"}
[http-timing] {"sequence":179,"timelineOrdinal":null,"processOrdinal":1,"method":"GET","routeClass":"tap","status":200,"headerElapsedMs":1,"bodyElapsedMs":0,"totalElapsedMs":1,"bytes":12172,"phase":"complete","outcome":"ok"}
[http-timing] {"sequence":180,"timelineOrdinal":null,"processOrdinal":1,"method":"GET","routeClass":"tap","status":200,"headerElapsedMs":1,"bodyElapsedMs":0,"totalElapsedMs":1,"bytes":10351,"phase":"complete","outcome":"ok"}
[http-timing] {"sequence":181,"timelineOrdinal":null,"processOrdinal":1,"method":"GET","routeClass":"tap","status":200,"headerElapsedMs":1,"bodyElapsedMs":0,"totalElapsedMs":1,"bytes":10355,"phase":"complete","outcome":"ok"}
[http-timing] {"sequence":182,"timelineOrdinal":null,"processOrdinal":1,"method":"GET","routeClass":"tap","status":200,"headerElapsedMs":1,"bodyElapsedMs":0,"totalElapsedMs":1,"bytes":10358,"phase":"complete","outcome":"ok"}
[http-timing] {"sequence":183,"timelineOrdinal":null,"processOrdinal":1,"method":"GET","routeClass":"tap","status":200,"headerElapsedMs":1,"bodyElapsedMs":0,"totalElapsedMs":1,"bytes":10358,"phase":"complete","outcome":"ok"}
[http-timing] {"sequence":184,"timelineOrdinal":null,"processOrdinal":1,"method":"GET","routeClass":"tap","status":200,"headerElapsedMs":1,"bodyElapsedMs":0,"totalElapsedMs":1,"bytes":10356,"phase":"complete","outcome":"ok"}
[http-timing] {"sequence":185,"timelineOrdinal":null,"processOrdinal":1,"method":"GET","routeClass":"tap","status":200,"headerElapsedMs":1,"bodyElapsedMs":0,"totalElapsedMs":1,"bytes":12183,"phase":"complete","outcome":"ok"}
[http-timing] {"sequence":186,"timelineOrdinal":null,"processOrdinal":1,"method":"GET","routeClass":"tap","status":200,"headerElapsedMs":1,"bodyElapsedMs":0,"totalElapsedMs":1,"bytes":12182,"phase":"complete","outcome":"ok"}
[http-timing] {"sequence":187,"timelineOrdinal":null,"processOrdinal":1,"method":"GET","routeClass":"tap","status":200,"headerElapsedMs":1,"bodyElapsedMs":0,"totalElapsedMs":1,"bytes":12184,"phase":"complete","outcome":"ok"}
[http-timing] {"sequence":188,"timelineOrdinal":null,"processOrdinal":1,"method":"GET","routeClass":"tap","status":200,"headerElapsedMs":1,"bodyElapsedMs":0,"totalElapsedMs":1,"bytes":12182,"phase":"complete","outcome":"ok"}
[http-timing] {"sequence":189,"timelineOrdinal":null,"processOrdinal":1,"method":"GET","routeClass":"tap","status":200,"headerElapsedMs":1,"bodyElapsedMs":0,"totalElapsedMs":1,"bytes":12180,"phase":"complete","outcome":"ok"}
[http-timing] {"sequence":190,"timelineOrdinal":null,"processOrdinal":1,"method":"GET","routeClass":"tap","status":200,"headerElapsedMs":1,"bodyElapsedMs":0,"totalElapsedMs":1,"bytes":12180,"phase":"complete","outcome":"ok"}
[http-timing] {"sequence":191,"timelineOrdinal":null,"processOrdinal":1,"method":"GET","routeClass":"tap","status":200,"headerElapsedMs":1,"bodyElapsedMs":0,"totalElapsedMs":1,"bytes":12180,"phase":"complete","outcome":"ok"}
[http-timing] {"sequence":192,"timelineOrdinal":null,"processOrdinal":1,"method":"GET","routeClass":"tap","status":200,"headerElapsedMs":1,"bodyElapsedMs":0,"totalElapsedMs":1,"bytes":12180,"phase":"complete","outcome":"ok"}
[http-timing] {"sequence":193,"timelineOrdinal":null,"processOrdinal":1,"method":"GET","routeClass":"tap","status":200,"headerElapsedMs":1,"bodyElapsedMs":0,"totalElapsedMs":1,"bytes":12178,"phase":"complete","outcome":"ok"}
[http-timing] {"sequence":194,"timelineOrdinal":null,"processOrdinal":1,"method":"GET","routeClass":"tap","status":200,"headerElapsedMs":1,"bodyElapsedMs":0,"totalElapsedMs":1,"bytes":12177,"phase":"complete","outcome":"ok"}
[http-timing] {"sequence":195,"timelineOrdinal":null,"processOrdinal":1,"method":"GET","routeClass":"tap","status":200,"headerElapsedMs":1,"bodyElapsedMs":0,"totalElapsedMs":1,"bytes":12179,"phase":"complete","outcome":"ok"}
[http-timing] {"sequence":196,"timelineOrdinal":null,"processOrdinal":1,"method":"GET","routeClass":"tap","status":200,"headerElapsedMs":1,"bodyElapsedMs":0,"totalElapsedMs":1,"bytes":12176,"phase":"complete","outcome":"ok"}
[http-timing] {"sequence":197,"timelineOrdinal":null,"processOrdinal":1,"method":"GET","routeClass":"tap","status":200,"headerElapsedMs":1,"bodyElapsedMs":0,"totalElapsedMs":1,"bytes":12173,"phase":"complete","outcome":"ok"}
[http-timing] {"sequence":198,"timelineOrdinal":null,"processOrdinal":1,"method":"GET","routeClass":"tap","status":200,"headerElapsedMs":1,"bodyElapsedMs":0,"totalElapsedMs":1,"bytes":12173,"phase":"complete","outcome":"ok"}
[http-timing] {"sequence":199,"timelineOrdinal":null,"processOrdinal":1,"method":"GET","routeClass":"tap","status":200,"headerElapsedMs":1,"bodyElapsedMs":0,"totalElapsedMs":1,"bytes":12182,"phase":"complete","outcome":"ok"}
[trigger-timing] {"run":1,"sourceEndPts":"16666666666","tapPts":"17033333333","delta":"366666667"}
[http-timing] {"sequence":200,"timelineOrdinal":null,"processOrdinal":1,"method":"PUT","routeClass":"rule","status":200,"headerElapsedMs":1,"bodyElapsedMs":0,"totalElapsedMs":2,"bytes":520,"phase":"complete","outcome":"ok"}
[http-timing] {"sequence":201,"timelineOrdinal":null,"processOrdinal":1,"method":"GET","routeClass":"tap-events","status":200,"headerElapsedMs":12,"bodyElapsedMs":0,"totalElapsedMs":12,"bytes":10025,"phase":"complete","outcome":"ok"}
[dispatch-timing] {"run":1,"pts":"17033333333"}
[pass] S11-CI07 run1 actual tuple EventRecord reference
[http-timing] {"sequence":202,"timelineOrdinal":null,"processOrdinal":1,"method":"PUT","routeClass":"rule","status":200,"headerElapsedMs":2,"bodyElapsedMs":0,"totalElapsedMs":2,"bytes":521,"phase":"complete","outcome":"ok"}
[transition-observation] {"kind":"start","referenceSha256":"1be7a6b658bce76622d11c461bb3d02dbae7afd8c09579278164a5816283e463","processOrdinal":1,"clientAtMs":19364.707542,"deadlineMs":30000,"beforeTimelineOrdinal":83,"scope":"full-page-two-outputs"}
[http-timing] {"sequence":203,"timelineOrdinal":84,"processOrdinal":1,"method":"GET","routeClass":"timeline","status":200,"headerElapsedMs":43,"bodyElapsedMs":0,"totalElapsedMs":43,"bytes":231116,"phase":"complete","outcome":"ok"}
[timeline-page-observation] {"cycle":84,"processOrdinal":1,"timelineOrdinal":84,"kind":"page","elapsedMs":44.13454199999978,"offset":0,"total":2,"unplacedTotal":6,"states":{"intent":0,"ready":0,"committed":0,"complete":0,"failed":0,"other":1}}
[timeline-page-observation] {"cycle":84,"processOrdinal":1,"timelineOrdinal":84,"kind":"complete","elapsedMs":44.574875000002066,"pages":1,"totalChanged":false,"mixedStates":false,"code":"none"}
[timeline-state] {"reason":"event-not-complete","rowCount":1,"jobCount":0,"outputCount":0,"referenceMatches":true,"truncated":false,"rows":[{"jobState":"not-created","completeness":"unknown","catalogState":"absent","playable":false,"request":{"timeBasis":"media-pts-ms","startTimeMs":"17033","endTimeMs":"17033","preMs":"750","postMs":"750"}}]}
[overlapping-sources] {"temporalOnly":true,"viewBasis":"timeline-known-mappings-unplaced-file-groups","segmentCount":1,"startNs":"16283000000","endNs":"17783000000","unknownCount":0,"rows":[{"idHash":"9193495fc52c5e4661179ce941e15eba269a19560b95d07e435758d223d5ab75","startPts":"16533333333","endPts":"16666666666","catalogState":"finalized","playable":true},{"idHash":"9193495fc52c5e4661179ce941e15eba269a19560b95d07e435758d223d5ab75","startPts":"8333333333","endPts":"16666666666","catalogState":"finalized","playable":true}]}
[http-timing] {"sequence":204,"timelineOrdinal":85,"processOrdinal":1,"method":"GET","routeClass":"timeline","status":200,"headerElapsedMs":24,"bodyElapsedMs":0,"totalElapsedMs":24,"bytes":231116,"phase":"complete","outcome":"ok"}
[timeline-page-observation] {"cycle":85,"processOrdinal":1,"timelineOrdinal":85,"kind":"page","elapsedMs":25.562916000002588,"offset":0,"total":2,"unplacedTotal":6,"states":{"intent":0,"ready":0,"committed":0,"complete":0,"failed":0,"other":1}}
[timeline-page-observation] {"cycle":85,"processOrdinal":1,"timelineOrdinal":85,"kind":"complete","elapsedMs":25.91687500000262,"pages":1,"totalChanged":false,"mixedStates":false,"code":"none"}
[http-timing] {"sequence":205,"timelineOrdinal":86,"processOrdinal":1,"method":"GET","routeClass":"timeline","status":200,"headerElapsedMs":24,"bodyElapsedMs":0,"totalElapsedMs":25,"bytes":231116,"phase":"complete","outcome":"ok"}
[timeline-page-observation] {"cycle":86,"processOrdinal":1,"timelineOrdinal":86,"kind":"page","elapsedMs":25.973417000001064,"offset":0,"total":2,"unplacedTotal":6,"states":{"intent":0,"ready":0,"committed":0,"complete":0,"failed":0,"other":1}}
[timeline-page-observation] {"cycle":86,"processOrdinal":1,"timelineOrdinal":86,"kind":"complete","elapsedMs":26.30187500000102,"pages":1,"totalChanged":false,"mixedStates":false,"code":"none"}
[http-timing] {"sequence":206,"timelineOrdinal":87,"processOrdinal":1,"method":"GET","routeClass":"timeline","status":200,"headerElapsedMs":24,"bodyElapsedMs":0,"totalElapsedMs":24,"bytes":231116,"phase":"complete","outcome":"ok"}
[timeline-page-observation] {"cycle":87,"processOrdinal":1,"timelineOrdinal":87,"kind":"page","elapsedMs":25.59654099999898,"offset":0,"total":2,"unplacedTotal":6,"states":{"intent":0,"ready":0,"committed":0,"complete":0,"failed":0,"other":1}}
[timeline-page-observation] {"cycle":87,"processOrdinal":1,"timelineOrdinal":87,"kind":"complete","elapsedMs":25.910665999999765,"pages":1,"totalChanged":false,"mixedStates":false,"code":"none"}
[http-timing] {"sequence":207,"timelineOrdinal":88,"processOrdinal":1,"method":"GET","routeClass":"timeline","status":200,"headerElapsedMs":26,"bodyElapsedMs":0,"totalElapsedMs":27,"bytes":231116,"phase":"complete","outcome":"ok"}
[timeline-page-observation] {"cycle":88,"processOrdinal":1,"timelineOrdinal":88,"kind":"page","elapsedMs":28.035500000001775,"offset":0,"total":2,"unplacedTotal":6,"states":{"intent":0,"ready":0,"committed":0,"complete":0,"failed":0,"other":1}}
[timeline-page-observation] {"cycle":88,"processOrdinal":1,"timelineOrdinal":88,"kind":"complete","elapsedMs":28.40370900000198,"pages":1,"totalChanged":false,"mixedStates":false,"code":"none"}
[http-timing] {"sequence":208,"timelineOrdinal":89,"processOrdinal":1,"method":"GET","routeClass":"timeline","status":200,"headerElapsedMs":26,"bodyElapsedMs":0,"totalElapsedMs":26,"bytes":231116,"phase":"complete","outcome":"ok"}
[timeline-page-observation] {"cycle":89,"processOrdinal":1,"timelineOrdinal":89,"kind":"page","elapsedMs":27.115042000001267,"offset":0,"total":2,"unplacedTotal":6,"states":{"intent":0,"ready":0,"committed":0,"complete":0,"failed":0,"other":1}}
[timeline-page-observation] {"cycle":89,"processOrdinal":1,"timelineOrdinal":89,"kind":"complete","elapsedMs":27.42437500000233,"pages":1,"totalChanged":false,"mixedStates":false,"code":"none"}
[http-timing] {"sequence":209,"timelineOrdinal":90,"processOrdinal":1,"method":"GET","routeClass":"timeline","status":200,"headerElapsedMs":24,"bodyElapsedMs":0,"totalElapsedMs":24,"bytes":231116,"phase":"complete","outcome":"ok"}
[timeline-page-observation] {"cycle":90,"processOrdinal":1,"timelineOrdinal":90,"kind":"page","elapsedMs":25.221333000001323,"offset":0,"total":2,"unplacedTotal":6,"states":{"intent":0,"ready":0,"committed":0,"complete":0,"failed":0,"other":1}}
[timeline-page-observation] {"cycle":90,"processOrdinal":1,"timelineOrdinal":90,"kind":"complete","elapsedMs":25.533792000001995,"pages":1,"totalChanged":false,"mixedStates":false,"code":"none"}
[http-timing] {"sequence":210,"timelineOrdinal":91,"processOrdinal":1,"method":"GET","routeClass":"timeline","status":200,"headerElapsedMs":24,"bodyElapsedMs":0,"totalElapsedMs":24,"bytes":231116,"phase":"complete","outcome":"ok"}
[timeline-page-observation] {"cycle":91,"processOrdinal":1,"timelineOrdinal":91,"kind":"page","elapsedMs":24.9507909999993,"offset":0,"total":2,"unplacedTotal":6,"states":{"intent":0,"ready":0,"committed":0,"complete":0,"failed":0,"other":1}}
[timeline-page-observation] {"cycle":91,"processOrdinal":1,"timelineOrdinal":91,"kind":"complete","elapsedMs":25.28087500000038,"pages":1,"totalChanged":false,"mixedStates":false,"code":"none"}
[http-timing] {"sequence":211,"timelineOrdinal":92,"processOrdinal":1,"method":"GET","routeClass":"timeline","status":200,"headerElapsedMs":25,"bodyElapsedMs":0,"totalElapsedMs":25,"bytes":231116,"phase":"complete","outcome":"ok"}
[timeline-page-observation] {"cycle":92,"processOrdinal":1,"timelineOrdinal":92,"kind":"page","elapsedMs":25.95704200000182,"offset":0,"total":2,"unplacedTotal":6,"states":{"intent":0,"ready":0,"committed":0,"complete":0,"failed":0,"other":1}}
[timeline-page-observation] {"cycle":92,"processOrdinal":1,"timelineOrdinal":92,"kind":"complete","elapsedMs":26.28070800000205,"pages":1,"totalChanged":false,"mixedStates":false,"code":"none"}
[http-timing] {"sequence":212,"timelineOrdinal":93,"processOrdinal":1,"method":"GET","routeClass":"timeline","status":200,"headerElapsedMs":24,"bodyElapsedMs":0,"totalElapsedMs":24,"bytes":231116,"phase":"complete","outcome":"ok"}
[timeline-page-observation] {"cycle":93,"processOrdinal":1,"timelineOrdinal":93,"kind":"page","elapsedMs":25.260874999999942,"offset":0,"total":2,"unplacedTotal":6,"states":{"intent":0,"ready":0,"committed":0,"complete":0,"failed":0,"other":1}}
[timeline-page-observation] {"cycle":93,"processOrdinal":1,"timelineOrdinal":93,"kind":"complete","elapsedMs":25.572959000000992,"pages":1,"totalChanged":false,"mixedStates":false,"code":"none"}
[http-timing] {"sequence":213,"timelineOrdinal":94,"processOrdinal":1,"method":"GET","routeClass":"timeline","status":200,"headerElapsedMs":24,"bodyElapsedMs":0,"totalElapsedMs":25,"bytes":231116,"phase":"complete","outcome":"ok"}
[timeline-page-observation] {"cycle":94,"processOrdinal":1,"timelineOrdinal":94,"kind":"page","elapsedMs":25.655041999998502,"offset":0,"total":2,"unplacedTotal":6,"states":{"intent":0,"ready":0,"committed":0,"complete":0,"failed":0,"other":1}}
[timeline-page-observation] {"cycle":94,"processOrdinal":1,"timelineOrdinal":94,"kind":"complete","elapsedMs":25.988624999998137,"pages":1,"totalChanged":false,"mixedStates":false,"code":"none"}
[http-timing] {"sequence":214,"timelineOrdinal":95,"processOrdinal":1,"method":"GET","routeClass":"timeline","status":200,"headerElapsedMs":24,"bodyElapsedMs":0,"totalElapsedMs":24,"bytes":231116,"phase":"complete","outcome":"ok"}
[timeline-page-observation] {"cycle":95,"processOrdinal":1,"timelineOrdinal":95,"kind":"page","elapsedMs":25.616625000002387,"offset":0,"total":2,"unplacedTotal":6,"states":{"intent":0,"ready":0,"committed":0,"complete":0,"failed":0,"other":1}}
[timeline-page-observation] {"cycle":95,"processOrdinal":1,"timelineOrdinal":95,"kind":"complete","elapsedMs":25.92475000000195,"pages":1,"totalChanged":false,"mixedStates":false,"code":"none"}
[http-timing] {"sequence":215,"timelineOrdinal":96,"processOrdinal":1,"method":"GET","routeClass":"timeline","status":200,"headerElapsedMs":24,"bodyElapsedMs":0,"totalElapsedMs":24,"bytes":231116,"phase":"complete","outcome":"ok"}
[timeline-page-observation] {"cycle":96,"processOrdinal":1,"timelineOrdinal":96,"kind":"page","elapsedMs":25.489832999999635,"offset":0,"total":2,"unplacedTotal":6,"states":{"intent":0,"ready":0,"committed":0,"complete":0,"failed":0,"other":1}}
[timeline-page-observation] {"cycle":96,"processOrdinal":1,"timelineOrdinal":96,"kind":"complete","elapsedMs":25.808833000002778,"pages":1,"totalChanged":false,"mixedStates":false,"code":"none"}
[http-timing] {"sequence":216,"timelineOrdinal":97,"processOrdinal":1,"method":"GET","routeClass":"timeline","status":200,"headerElapsedMs":24,"bodyElapsedMs":0,"totalElapsedMs":25,"bytes":231116,"phase":"complete","outcome":"ok"}
[timeline-page-observation] {"cycle":97,"processOrdinal":1,"timelineOrdinal":97,"kind":"page","elapsedMs":25.76066599999831,"offset":0,"total":2,"unplacedTotal":6,"states":{"intent":0,"ready":0,"committed":0,"complete":0,"failed":0,"other":1}}
[timeline-page-observation] {"cycle":97,"processOrdinal":1,"timelineOrdinal":97,"kind":"complete","elapsedMs":26.095750000000407,"pages":1,"totalChanged":false,"mixedStates":false,"code":"none"}
[http-timing] {"sequence":217,"timelineOrdinal":98,"processOrdinal":1,"method":"GET","routeClass":"timeline","status":200,"headerElapsedMs":23,"bodyElapsedMs":0,"totalElapsedMs":23,"bytes":231116,"phase":"complete","outcome":"ok"}
[timeline-page-observation] {"cycle":98,"processOrdinal":1,"timelineOrdinal":98,"kind":"page","elapsedMs":24.638707999998587,"offset":0,"total":2,"unplacedTotal":6,"states":{"intent":0,"ready":0,"committed":0,"complete":0,"failed":0,"other":1}}
[timeline-page-observation] {"cycle":98,"processOrdinal":1,"timelineOrdinal":98,"kind":"complete","elapsedMs":24.947583000001032,"pages":1,"totalChanged":false,"mixedStates":false,"code":"none"}
[http-timing] {"sequence":218,"timelineOrdinal":99,"processOrdinal":1,"method":"GET","routeClass":"timeline","status":200,"headerElapsedMs":23,"bodyElapsedMs":0,"totalElapsedMs":23,"bytes":231116,"phase":"complete","outcome":"ok"}
[timeline-page-observation] {"cycle":99,"processOrdinal":1,"timelineOrdinal":99,"kind":"page","elapsedMs":24.198583000001236,"offset":0,"total":2,"unplacedTotal":6,"states":{"intent":0,"ready":0,"committed":0,"complete":0,"failed":0,"other":1}}
[timeline-page-observation] {"cycle":99,"processOrdinal":1,"timelineOrdinal":99,"kind":"complete","elapsedMs":24.505542000002606,"pages":1,"totalChanged":false,"mixedStates":false,"code":"none"}
[http-timing] {"sequence":219,"timelineOrdinal":100,"processOrdinal":1,"method":"GET","routeClass":"timeline","status":200,"headerElapsedMs":23,"bodyElapsedMs":0,"totalElapsedMs":23,"bytes":231116,"phase":"complete","outcome":"ok"}
[timeline-page-observation] {"cycle":100,"processOrdinal":1,"timelineOrdinal":100,"kind":"page","elapsedMs":24.19695900000079,"offset":0,"total":2,"unplacedTotal":6,"states":{"intent":0,"ready":0,"committed":0,"complete":0,"failed":0,"other":1}}
[timeline-page-observation] {"cycle":100,"processOrdinal":1,"timelineOrdinal":100,"kind":"complete","elapsedMs":24.522166999999172,"pages":1,"totalChanged":false,"mixedStates":false,"code":"none"}
[http-timing] {"sequence":220,"timelineOrdinal":101,"processOrdinal":1,"method":"GET","routeClass":"timeline","status":200,"headerElapsedMs":24,"bodyElapsedMs":0,"totalElapsedMs":25,"bytes":231116,"phase":"complete","outcome":"ok"}
[timeline-page-observation] {"cycle":101,"processOrdinal":1,"timelineOrdinal":101,"kind":"page","elapsedMs":25.70049999999901,"offset":0,"total":2,"unplacedTotal":6,"states":{"intent":0,"ready":0,"committed":0,"complete":0,"failed":0,"other":1}}
[timeline-page-observation] {"cycle":101,"processOrdinal":1,"timelineOrdinal":101,"kind":"complete","elapsedMs":26.00212499999907,"pages":1,"totalChanged":false,"mixedStates":false,"code":"none"}
[http-timing] {"sequence":221,"timelineOrdinal":102,"processOrdinal":1,"method":"GET","routeClass":"timeline","status":200,"headerElapsedMs":24,"bodyElapsedMs":0,"totalElapsedMs":24,"bytes":231116,"phase":"complete","outcome":"ok"}
[timeline-page-observation] {"cycle":102,"processOrdinal":1,"timelineOrdinal":102,"kind":"page","elapsedMs":25.067792000001646,"offset":0,"total":2,"unplacedTotal":6,"states":{"intent":0,"ready":0,"committed":0,"complete":0,"failed":0,"other":1}}
[timeline-page-observation] {"cycle":102,"processOrdinal":1,"timelineOrdinal":102,"kind":"complete","elapsedMs":25.36987500000032,"pages":1,"totalChanged":false,"mixedStates":false,"code":"none"}
[http-timing] {"sequence":222,"timelineOrdinal":103,"processOrdinal":1,"method":"GET","routeClass":"timeline","status":200,"headerElapsedMs":24,"bodyElapsedMs":0,"totalElapsedMs":24,"bytes":231116,"phase":"complete","outcome":"ok"}
[timeline-page-observation] {"cycle":103,"processOrdinal":1,"timelineOrdinal":103,"kind":"page","elapsedMs":25.376290999996854,"offset":0,"total":2,"unplacedTotal":6,"states":{"intent":0,"ready":0,"committed":0,"complete":0,"failed":0,"other":1}}
[timeline-page-observation] {"cycle":103,"processOrdinal":1,"timelineOrdinal":103,"kind":"complete","elapsedMs":25.687165999999706,"pages":1,"totalChanged":false,"mixedStates":false,"code":"none"}
[http-timing] {"sequence":223,"timelineOrdinal":104,"processOrdinal":1,"method":"GET","routeClass":"timeline","status":200,"headerElapsedMs":24,"bodyElapsedMs":0,"totalElapsedMs":25,"bytes":231116,"phase":"complete","outcome":"ok"}
[timeline-page-observation] {"cycle":104,"processOrdinal":1,"timelineOrdinal":104,"kind":"page","elapsedMs":25.61304100000052,"offset":0,"total":2,"unplacedTotal":6,"states":{"intent":0,"ready":0,"committed":0,"complete":0,"failed":0,"other":1}}
[timeline-page-observation] {"cycle":104,"processOrdinal":1,"timelineOrdinal":104,"kind":"complete","elapsedMs":25.92358299999978,"pages":1,"totalChanged":false,"mixedStates":false,"code":"none"}
[http-timing] {"sequence":224,"timelineOrdinal":105,"processOrdinal":1,"method":"GET","routeClass":"timeline","status":200,"headerElapsedMs":24,"bodyElapsedMs":0,"totalElapsedMs":24,"bytes":231116,"phase":"complete","outcome":"ok"}
[timeline-page-observation] {"cycle":105,"processOrdinal":1,"timelineOrdinal":105,"kind":"page","elapsedMs":25.101041999998415,"offset":0,"total":2,"unplacedTotal":6,"states":{"intent":0,"ready":0,"committed":0,"complete":0,"failed":0,"other":1}}
[timeline-page-observation] {"cycle":105,"processOrdinal":1,"timelineOrdinal":105,"kind":"complete","elapsedMs":25.413416999999754,"pages":1,"totalChanged":false,"mixedStates":false,"code":"none"}
[http-timing] {"sequence":225,"timelineOrdinal":106,"processOrdinal":1,"method":"GET","routeClass":"timeline","status":200,"headerElapsedMs":24,"bodyElapsedMs":0,"totalElapsedMs":24,"bytes":231116,"phase":"complete","outcome":"ok"}
[timeline-page-observation] {"cycle":106,"processOrdinal":1,"timelineOrdinal":106,"kind":"page","elapsedMs":24.939291999999114,"offset":0,"total":2,"unplacedTotal":6,"states":{"intent":0,"ready":0,"committed":0,"complete":0,"failed":0,"other":1}}
[timeline-page-observation] {"cycle":106,"processOrdinal":1,"timelineOrdinal":106,"kind":"complete","elapsedMs":25.243000000002212,"pages":1,"totalChanged":false,"mixedStates":false,"code":"none"}
[http-timing] {"sequence":226,"timelineOrdinal":107,"processOrdinal":1,"method":"GET","routeClass":"timeline","status":200,"headerElapsedMs":24,"bodyElapsedMs":0,"totalElapsedMs":24,"bytes":231116,"phase":"complete","outcome":"ok"}
[timeline-page-observation] {"cycle":107,"processOrdinal":1,"timelineOrdinal":107,"kind":"page","elapsedMs":25.382291999998415,"offset":0,"total":2,"unplacedTotal":6,"states":{"intent":0,"ready":0,"committed":0,"complete":0,"failed":0,"other":1}}
[timeline-page-observation] {"cycle":107,"processOrdinal":1,"timelineOrdinal":107,"kind":"complete","elapsedMs":25.69666700000016,"pages":1,"totalChanged":false,"mixedStates":false,"code":"none"}
[http-timing] {"sequence":227,"timelineOrdinal":108,"processOrdinal":1,"method":"GET","routeClass":"timeline","status":200,"headerElapsedMs":24,"bodyElapsedMs":0,"totalElapsedMs":24,"bytes":231116,"phase":"complete","outcome":"ok"}
[timeline-page-observation] {"cycle":108,"processOrdinal":1,"timelineOrdinal":108,"kind":"page","elapsedMs":25.028333999998722,"offset":0,"total":2,"unplacedTotal":6,"states":{"intent":0,"ready":0,"committed":0,"complete":0,"failed":0,"other":1}}
[timeline-page-observation] {"cycle":108,"processOrdinal":1,"timelineOrdinal":108,"kind":"complete","elapsedMs":25.340166999998473,"pages":1,"totalChanged":false,"mixedStates":false,"code":"none"}
[http-timing] {"sequence":228,"timelineOrdinal":109,"processOrdinal":1,"method":"GET","routeClass":"timeline","status":200,"headerElapsedMs":24,"bodyElapsedMs":0,"totalElapsedMs":25,"bytes":231116,"phase":"complete","outcome":"ok"}
[timeline-page-observation] {"cycle":109,"processOrdinal":1,"timelineOrdinal":109,"kind":"page","elapsedMs":25.76812499999869,"offset":0,"total":2,"unplacedTotal":6,"states":{"intent":0,"ready":0,"committed":0,"complete":0,"failed":0,"other":1}}
[timeline-page-observation] {"cycle":109,"processOrdinal":1,"timelineOrdinal":109,"kind":"complete","elapsedMs":26.06170800000109,"pages":1,"totalChanged":false,"mixedStates":false,"code":"none"}
[http-timing] {"sequence":229,"timelineOrdinal":110,"processOrdinal":1,"method":"GET","routeClass":"timeline","status":200,"headerElapsedMs":23,"bodyElapsedMs":0,"totalElapsedMs":24,"bytes":231116,"phase":"complete","outcome":"ok"}
[timeline-page-observation] {"cycle":110,"processOrdinal":1,"timelineOrdinal":110,"kind":"page","elapsedMs":24.876791999999114,"offset":0,"total":2,"unplacedTotal":6,"states":{"intent":0,"ready":0,"committed":0,"complete":0,"failed":0,"other":1}}
[timeline-page-observation] {"cycle":110,"processOrdinal":1,"timelineOrdinal":110,"kind":"complete","elapsedMs":25.161791999998968,"pages":1,"totalChanged":false,"mixedStates":false,"code":"none"}
[http-timing] {"sequence":230,"timelineOrdinal":111,"processOrdinal":1,"method":"GET","routeClass":"timeline","status":200,"headerElapsedMs":23,"bodyElapsedMs":0,"totalElapsedMs":23,"bytes":231116,"phase":"complete","outcome":"ok"}
[timeline-page-observation] {"cycle":111,"processOrdinal":1,"timelineOrdinal":111,"kind":"page","elapsedMs":24.05804100000023,"offset":0,"total":2,"unplacedTotal":6,"states":{"intent":0,"ready":0,"committed":0,"complete":0,"failed":0,"other":1}}
[timeline-page-observation] {"cycle":111,"processOrdinal":1,"timelineOrdinal":111,"kind":"complete","elapsedMs":24.33875000000262,"pages":1,"totalChanged":false,"mixedStates":false,"code":"none"}
[http-timing] {"sequence":231,"timelineOrdinal":112,"processOrdinal":1,"method":"GET","routeClass":"timeline","status":200,"headerElapsedMs":24,"bodyElapsedMs":0,"totalElapsedMs":24,"bytes":231116,"phase":"complete","outcome":"ok"}
[timeline-page-observation] {"cycle":112,"processOrdinal":1,"timelineOrdinal":112,"kind":"page","elapsedMs":24.82454200000211,"offset":0,"total":2,"unplacedTotal":6,"states":{"intent":0,"ready":0,"committed":0,"complete":0,"failed":0,"other":1}}
[timeline-page-observation] {"cycle":112,"processOrdinal":1,"timelineOrdinal":112,"kind":"complete","elapsedMs":25.106583000000683,"pages":1,"totalChanged":false,"mixedStates":false,"code":"none"}
[http-timing] {"sequence":232,"timelineOrdinal":113,"processOrdinal":1,"method":"GET","routeClass":"timeline","status":200,"headerElapsedMs":27,"bodyElapsedMs":0,"totalElapsedMs":27,"bytes":231116,"phase":"complete","outcome":"ok"}
[timeline-page-observation] {"cycle":113,"processOrdinal":1,"timelineOrdinal":113,"kind":"page","elapsedMs":28.0960840000007,"offset":0,"total":2,"unplacedTotal":6,"states":{"intent":0,"ready":0,"committed":0,"complete":0,"failed":0,"other":1}}
[timeline-page-observation] {"cycle":113,"processOrdinal":1,"timelineOrdinal":113,"kind":"complete","elapsedMs":28.390791999998328,"pages":1,"totalChanged":false,"mixedStates":false,"code":"none"}
[http-timing] {"sequence":233,"timelineOrdinal":114,"processOrdinal":1,"method":"GET","routeClass":"timeline","status":200,"headerElapsedMs":23,"bodyElapsedMs":0,"totalElapsedMs":23,"bytes":231116,"phase":"complete","outcome":"ok"}
[timeline-page-observation] {"cycle":114,"processOrdinal":1,"timelineOrdinal":114,"kind":"page","elapsedMs":24.396582999997918,"offset":0,"total":2,"unplacedTotal":6,"states":{"intent":0,"ready":0,"committed":0,"complete":0,"failed":0,"other":1}}
[timeline-page-observation] {"cycle":114,"processOrdinal":1,"timelineOrdinal":114,"kind":"complete","elapsedMs":24.676292000000103,"pages":1,"totalChanged":false,"mixedStates":false,"code":"none"}
[http-timing] {"sequence":234,"timelineOrdinal":115,"processOrdinal":1,"method":"GET","routeClass":"timeline","status":200,"headerElapsedMs":24,"bodyElapsedMs":0,"totalElapsedMs":24,"bytes":231116,"phase":"complete","outcome":"ok"}
[timeline-page-observation] {"cycle":115,"processOrdinal":1,"timelineOrdinal":115,"kind":"page","elapsedMs":24.896958000001177,"offset":0,"total":2,"unplacedTotal":6,"states":{"intent":0,"ready":0,"committed":0,"complete":0,"failed":0,"other":1}}
[timeline-page-observation] {"cycle":115,"processOrdinal":1,"timelineOrdinal":115,"kind":"complete","elapsedMs":25.176541000000725,"pages":1,"totalChanged":false,"mixedStates":false,"code":"none"}
[http-timing] {"sequence":235,"timelineOrdinal":116,"processOrdinal":1,"method":"GET","routeClass":"timeline","status":200,"headerElapsedMs":25,"bodyElapsedMs":0,"totalElapsedMs":25,"bytes":231116,"phase":"complete","outcome":"ok"}
[timeline-page-observation] {"cycle":116,"processOrdinal":1,"timelineOrdinal":116,"kind":"page","elapsedMs":26.470250000002125,"offset":0,"total":2,"unplacedTotal":6,"states":{"intent":0,"ready":0,"committed":0,"complete":0,"failed":0,"other":1}}
[timeline-page-observation] {"cycle":116,"processOrdinal":1,"timelineOrdinal":116,"kind":"complete","elapsedMs":26.76637500000288,"pages":1,"totalChanged":false,"mixedStates":false,"code":"none"}
[http-timing] {"sequence":236,"timelineOrdinal":117,"processOrdinal":1,"method":"GET","routeClass":"timeline","status":200,"headerElapsedMs":23,"bodyElapsedMs":0,"totalElapsedMs":23,"bytes":231116,"phase":"complete","outcome":"ok"}
[timeline-page-observation] {"cycle":117,"processOrdinal":1,"timelineOrdinal":117,"kind":"page","elapsedMs":24.620750000001863,"offset":0,"total":2,"unplacedTotal":6,"states":{"intent":0,"ready":0,"committed":0,"complete":0,"failed":0,"other":1}}
[timeline-page-observation] {"cycle":117,"processOrdinal":1,"timelineOrdinal":117,"kind":"complete","elapsedMs":24.974291000002268,"pages":1,"totalChanged":false,"mixedStates":false,"code":"none"}
[http-timing] {"sequence":237,"timelineOrdinal":118,"processOrdinal":1,"method":"GET","routeClass":"timeline","status":200,"headerElapsedMs":24,"bodyElapsedMs":0,"totalElapsedMs":24,"bytes":231116,"phase":"complete","outcome":"ok"}
[timeline-page-observation] {"cycle":118,"processOrdinal":1,"timelineOrdinal":118,"kind":"page","elapsedMs":25.29645800000071,"offset":0,"total":2,"unplacedTotal":6,"states":{"intent":0,"ready":0,"committed":0,"complete":0,"failed":0,"other":1}}
[timeline-page-observation] {"cycle":118,"processOrdinal":1,"timelineOrdinal":118,"kind":"complete","elapsedMs":25.586458000001585,"pages":1,"totalChanged":false,"mixedStates":false,"code":"none"}
[http-timing] {"sequence":238,"timelineOrdinal":119,"processOrdinal":1,"method":"GET","routeClass":"timeline","status":200,"headerElapsedMs":24,"bodyElapsedMs":0,"totalElapsedMs":24,"bytes":231116,"phase":"complete","outcome":"ok"}
[timeline-page-observation] {"cycle":119,"processOrdinal":1,"timelineOrdinal":119,"kind":"page","elapsedMs":25.191374999998516,"offset":0,"total":2,"unplacedTotal":6,"states":{"intent":0,"ready":0,"committed":0,"complete":0,"failed":0,"other":1}}
[timeline-page-observation] {"cycle":119,"processOrdinal":1,"timelineOrdinal":119,"kind":"complete","elapsedMs":25.477584000000206,"pages":1,"totalChanged":false,"mixedStates":false,"code":"none"}
[http-timing] {"sequence":239,"timelineOrdinal":120,"processOrdinal":1,"method":"GET","routeClass":"timeline","status":200,"headerElapsedMs":24,"bodyElapsedMs":0,"totalElapsedMs":24,"bytes":231116,"phase":"complete","outcome":"ok"}
[timeline-page-observation] {"cycle":120,"processOrdinal":1,"timelineOrdinal":120,"kind":"page","elapsedMs":25.501208999998198,"offset":0,"total":2,"unplacedTotal":6,"states":{"intent":0,"ready":0,"committed":0,"complete":0,"failed":0,"other":1}}
[timeline-page-observation] {"cycle":120,"processOrdinal":1,"timelineOrdinal":120,"kind":"complete","elapsedMs":25.796708999998373,"pages":1,"totalChanged":false,"mixedStates":false,"code":"none"}
[http-timing] {"sequence":240,"timelineOrdinal":121,"processOrdinal":1,"method":"GET","routeClass":"timeline","status":200,"headerElapsedMs":24,"bodyElapsedMs":0,"totalElapsedMs":24,"bytes":231116,"phase":"complete","outcome":"ok"}
[timeline-page-observation] {"cycle":121,"processOrdinal":1,"timelineOrdinal":121,"kind":"page","elapsedMs":25.525666000001365,"offset":0,"total":2,"unplacedTotal":6,"states":{"intent":0,"ready":0,"committed":0,"complete":0,"failed":0,"other":1}}
[timeline-page-observation] {"cycle":121,"processOrdinal":1,"timelineOrdinal":121,"kind":"complete","elapsedMs":25.81304100000125,"pages":1,"totalChanged":false,"mixedStates":false,"code":"none"}
[http-timing] {"sequence":241,"timelineOrdinal":122,"processOrdinal":1,"method":"GET","routeClass":"timeline","status":200,"headerElapsedMs":27,"bodyElapsedMs":0,"totalElapsedMs":27,"bytes":231116,"phase":"complete","outcome":"ok"}
[timeline-page-observation] {"cycle":122,"processOrdinal":1,"timelineOrdinal":122,"kind":"page","elapsedMs":28.031749999998283,"offset":0,"total":2,"unplacedTotal":6,"states":{"intent":0,"ready":0,"committed":0,"complete":0,"failed":0,"other":1}}
[timeline-page-observation] {"cycle":122,"processOrdinal":1,"timelineOrdinal":122,"kind":"complete","elapsedMs":28.322791999999026,"pages":1,"totalChanged":false,"mixedStates":false,"code":"none"}
[http-timing] {"sequence":242,"timelineOrdinal":123,"processOrdinal":1,"method":"GET","routeClass":"timeline","status":200,"headerElapsedMs":24,"bodyElapsedMs":0,"totalElapsedMs":24,"bytes":231116,"phase":"complete","outcome":"ok"}
[timeline-page-observation] {"cycle":123,"processOrdinal":1,"timelineOrdinal":123,"kind":"page","elapsedMs":25.097875000003114,"offset":0,"total":2,"unplacedTotal":6,"states":{"intent":0,"ready":0,"committed":0,"complete":0,"failed":0,"other":1}}
[timeline-page-observation] {"cycle":123,"processOrdinal":1,"timelineOrdinal":123,"kind":"complete","elapsedMs":25.39033300000301,"pages":1,"totalChanged":false,"mixedStates":false,"code":"none"}
[http-timing] {"sequence":243,"timelineOrdinal":124,"processOrdinal":1,"method":"GET","routeClass":"timeline","status":200,"headerElapsedMs":25,"bodyElapsedMs":0,"totalElapsedMs":25,"bytes":231116,"phase":"complete","outcome":"ok"}
[timeline-page-observation] {"cycle":124,"processOrdinal":1,"timelineOrdinal":124,"kind":"page","elapsedMs":26.365125000000262,"offset":0,"total":2,"unplacedTotal":6,"states":{"intent":0,"ready":0,"committed":0,"complete":0,"failed":0,"other":1}}
[timeline-page-observation] {"cycle":124,"processOrdinal":1,"timelineOrdinal":124,"kind":"complete","elapsedMs":26.65874999999869,"pages":1,"totalChanged":false,"mixedStates":false,"code":"none"}
[http-timing] {"sequence":244,"timelineOrdinal":125,"processOrdinal":1,"method":"GET","routeClass":"timeline","status":200,"headerElapsedMs":24,"bodyElapsedMs":0,"totalElapsedMs":24,"bytes":231116,"phase":"complete","outcome":"ok"}
[timeline-page-observation] {"cycle":125,"processOrdinal":1,"timelineOrdinal":125,"kind":"page","elapsedMs":25.454084000000876,"offset":0,"total":2,"unplacedTotal":6,"states":{"intent":0,"ready":0,"committed":0,"complete":0,"failed":0,"other":1}}
[timeline-page-observation] {"cycle":125,"processOrdinal":1,"timelineOrdinal":125,"kind":"complete","elapsedMs":25.740709000001516,"pages":1,"totalChanged":false,"mixedStates":false,"code":"none"}
[http-timing] {"sequence":245,"timelineOrdinal":126,"processOrdinal":1,"method":"GET","routeClass":"timeline","status":200,"headerElapsedMs":29,"bodyElapsedMs":0,"totalElapsedMs":29,"bytes":231116,"phase":"complete","outcome":"ok"}
[timeline-page-observation] {"cycle":126,"processOrdinal":1,"timelineOrdinal":126,"kind":"page","elapsedMs":30.212250000000495,"offset":0,"total":2,"unplacedTotal":6,"states":{"intent":0,"ready":0,"committed":0,"complete":0,"failed":0,"other":1}}
[timeline-page-observation] {"cycle":126,"processOrdinal":1,"timelineOrdinal":126,"kind":"complete","elapsedMs":30.510582999999315,"pages":1,"totalChanged":false,"mixedStates":false,"code":"none"}
[http-timing] {"sequence":246,"timelineOrdinal":127,"processOrdinal":1,"method":"GET","routeClass":"timeline","status":200,"headerElapsedMs":24,"bodyElapsedMs":0,"totalElapsedMs":24,"bytes":231116,"phase":"complete","outcome":"ok"}
[timeline-page-observation] {"cycle":127,"processOrdinal":1,"timelineOrdinal":127,"kind":"page","elapsedMs":25.13208300000042,"offset":0,"total":2,"unplacedTotal":6,"states":{"intent":0,"ready":0,"committed":0,"complete":0,"failed":0,"other":1}}
[timeline-page-observation] {"cycle":127,"processOrdinal":1,"timelineOrdinal":127,"kind":"complete","elapsedMs":25.457500000000437,"pages":1,"totalChanged":false,"mixedStates":false,"code":"none"}
[http-timing] {"sequence":247,"timelineOrdinal":128,"processOrdinal":1,"method":"GET","routeClass":"timeline","status":200,"headerElapsedMs":24,"bodyElapsedMs":0,"totalElapsedMs":24,"bytes":231116,"phase":"complete","outcome":"ok"}
[timeline-page-observation] {"cycle":128,"processOrdinal":1,"timelineOrdinal":128,"kind":"page","elapsedMs":25.46295800000007,"offset":0,"total":2,"unplacedTotal":6,"states":{"intent":0,"ready":0,"committed":0,"complete":0,"failed":0,"other":1}}
[timeline-page-observation] {"cycle":128,"processOrdinal":1,"timelineOrdinal":128,"kind":"complete","elapsedMs":25.76312500000131,"pages":1,"totalChanged":false,"mixedStates":false,"code":"none"}
[http-timing] {"sequence":248,"timelineOrdinal":129,"processOrdinal":1,"method":"GET","routeClass":"timeline","status":200,"headerElapsedMs":24,"bodyElapsedMs":0,"totalElapsedMs":24,"bytes":231116,"phase":"complete","outcome":"ok"}
[timeline-page-observation] {"cycle":129,"processOrdinal":1,"timelineOrdinal":129,"kind":"page","elapsedMs":25.217791999999463,"offset":0,"total":2,"unplacedTotal":6,"states":{"intent":0,"ready":0,"committed":0,"complete":0,"failed":0,"other":1}}
[timeline-page-observation] {"cycle":129,"processOrdinal":1,"timelineOrdinal":129,"kind":"complete","elapsedMs":25.528458000000683,"pages":1,"totalChanged":false,"mixedStates":false,"code":"none"}
[http-timing] {"sequence":249,"timelineOrdinal":130,"processOrdinal":1,"method":"GET","routeClass":"timeline","status":200,"headerElapsedMs":24,"bodyElapsedMs":0,"totalElapsedMs":24,"bytes":231116,"phase":"complete","outcome":"ok"}
[timeline-page-observation] {"cycle":130,"processOrdinal":1,"timelineOrdinal":130,"kind":"page","elapsedMs":25.536082999999053,"offset":0,"total":2,"unplacedTotal":6,"states":{"intent":0,"ready":0,"committed":0,"complete":0,"failed":0,"other":1}}
[timeline-page-observation] {"cycle":130,"processOrdinal":1,"timelineOrdinal":130,"kind":"complete","elapsedMs":25.82854099999895,"pages":1,"totalChanged":false,"mixedStates":false,"code":"none"}
[http-timing] {"sequence":250,"timelineOrdinal":131,"processOrdinal":1,"method":"GET","routeClass":"timeline","status":200,"headerElapsedMs":24,"bodyElapsedMs":0,"totalElapsedMs":25,"bytes":231116,"phase":"complete","outcome":"ok"}
[timeline-page-observation] {"cycle":131,"processOrdinal":1,"timelineOrdinal":131,"kind":"page","elapsedMs":25.728917000000365,"offset":0,"total":2,"unplacedTotal":6,"states":{"intent":0,"ready":0,"committed":0,"complete":0,"failed":0,"other":1}}
[timeline-page-observation] {"cycle":131,"processOrdinal":1,"timelineOrdinal":131,"kind":"complete","elapsedMs":26.025042000001122,"pages":1,"totalChanged":false,"mixedStates":false,"code":"none"}
[http-timing] {"sequence":251,"timelineOrdinal":132,"processOrdinal":1,"method":"GET","routeClass":"timeline","status":200,"headerElapsedMs":24,"bodyElapsedMs":0,"totalElapsedMs":24,"bytes":231116,"phase":"complete","outcome":"ok"}
[timeline-page-observation] {"cycle":132,"processOrdinal":1,"timelineOrdinal":132,"kind":"page","elapsedMs":25.06974999999875,"offset":0,"total":2,"unplacedTotal":6,"states":{"intent":0,"ready":0,"committed":0,"complete":0,"failed":0,"other":1}}
[timeline-page-observation] {"cycle":132,"processOrdinal":1,"timelineOrdinal":132,"kind":"complete","elapsedMs":25.359165999998368,"pages":1,"totalChanged":false,"mixedStates":false,"code":"none"}
[http-timing] {"sequence":252,"timelineOrdinal":133,"processOrdinal":1,"method":"GET","routeClass":"timeline","status":200,"headerElapsedMs":24,"bodyElapsedMs":0,"totalElapsedMs":24,"bytes":231116,"phase":"complete","outcome":"ok"}
[timeline-page-observation] {"cycle":133,"processOrdinal":1,"timelineOrdinal":133,"kind":"page","elapsedMs":25.46008299999812,"offset":0,"total":2,"unplacedTotal":6,"states":{"intent":0,"ready":0,"committed":0,"complete":0,"failed":0,"other":1}}
[timeline-page-observation] {"cycle":133,"processOrdinal":1,"timelineOrdinal":133,"kind":"complete","elapsedMs":25.778540999999677,"pages":1,"totalChanged":false,"mixedStates":false,"code":"none"}
[http-timing] {"sequence":253,"timelineOrdinal":134,"processOrdinal":1,"method":"GET","routeClass":"timeline","status":200,"headerElapsedMs":29,"bodyElapsedMs":0,"totalElapsedMs":30,"bytes":231116,"phase":"complete","outcome":"ok"}
[timeline-page-observation] {"cycle":134,"processOrdinal":1,"timelineOrdinal":134,"kind":"page","elapsedMs":30.943667000003188,"offset":0,"total":2,"unplacedTotal":6,"states":{"intent":0,"ready":0,"committed":0,"complete":0,"failed":0,"other":1}}
[timeline-page-observation] {"cycle":134,"processOrdinal":1,"timelineOrdinal":134,"kind":"complete","elapsedMs":31.253375000000233,"pages":1,"totalChanged":false,"mixedStates":false,"code":"none"}
[http-timing] {"sequence":254,"timelineOrdinal":135,"processOrdinal":1,"method":"GET","routeClass":"timeline","status":200,"headerElapsedMs":24,"bodyElapsedMs":0,"totalElapsedMs":25,"bytes":231116,"phase":"complete","outcome":"ok"}
[timeline-page-observation] {"cycle":135,"processOrdinal":1,"timelineOrdinal":135,"kind":"page","elapsedMs":25.852499999997235,"offset":0,"total":2,"unplacedTotal":6,"states":{"intent":0,"ready":0,"committed":0,"complete":0,"failed":0,"other":1}}
[timeline-page-observation] {"cycle":135,"processOrdinal":1,"timelineOrdinal":135,"kind":"complete","elapsedMs":26.145708000000013,"pages":1,"totalChanged":false,"mixedStates":false,"code":"none"}
[http-timing] {"sequence":255,"timelineOrdinal":136,"processOrdinal":1,"method":"GET","routeClass":"timeline","status":200,"headerElapsedMs":24,"bodyElapsedMs":0,"totalElapsedMs":25,"bytes":231116,"phase":"complete","outcome":"ok"}
[timeline-page-observation] {"cycle":136,"processOrdinal":1,"timelineOrdinal":136,"kind":"page","elapsedMs":25.64787499999875,"offset":0,"total":2,"unplacedTotal":6,"states":{"intent":0,"ready":0,"committed":0,"complete":0,"failed":0,"other":1}}
[timeline-page-observation] {"cycle":136,"processOrdinal":1,"timelineOrdinal":136,"kind":"complete","elapsedMs":25.93449999999939,"pages":1,"totalChanged":false,"mixedStates":false,"code":"none"}
[http-timing] {"sequence":256,"timelineOrdinal":137,"processOrdinal":1,"method":"GET","routeClass":"timeline","status":200,"headerElapsedMs":24,"bodyElapsedMs":0,"totalElapsedMs":25,"bytes":231116,"phase":"complete","outcome":"ok"}
[timeline-page-observation] {"cycle":137,"processOrdinal":1,"timelineOrdinal":137,"kind":"page","elapsedMs":25.712582999996812,"offset":0,"total":2,"unplacedTotal":6,"states":{"intent":0,"ready":0,"committed":0,"complete":0,"failed":0,"other":1}}
[timeline-page-observation] {"cycle":137,"processOrdinal":1,"timelineOrdinal":137,"kind":"complete","elapsedMs":25.996124999997846,"pages":1,"totalChanged":false,"mixedStates":false,"code":"none"}
[http-timing] {"sequence":257,"timelineOrdinal":138,"processOrdinal":1,"method":"GET","routeClass":"timeline","status":200,"headerElapsedMs":26,"bodyElapsedMs":0,"totalElapsedMs":26,"bytes":231116,"phase":"complete","outcome":"ok"}
[timeline-page-observation] {"cycle":138,"processOrdinal":1,"timelineOrdinal":138,"kind":"page","elapsedMs":26.9185839999991,"offset":0,"total":2,"unplacedTotal":6,"states":{"intent":0,"ready":0,"committed":0,"complete":0,"failed":0,"other":1}}
[timeline-page-observation] {"cycle":138,"processOrdinal":1,"timelineOrdinal":138,"kind":"complete","elapsedMs":27.289249999997992,"pages":1,"totalChanged":false,"mixedStates":false,"code":"none"}
[http-timing] {"sequence":258,"timelineOrdinal":139,"processOrdinal":1,"method":"GET","routeClass":"timeline","status":200,"headerElapsedMs":24,"bodyElapsedMs":0,"totalElapsedMs":24,"bytes":231116,"phase":"complete","outcome":"ok"}
[timeline-page-observation] {"cycle":139,"processOrdinal":1,"timelineOrdinal":139,"kind":"page","elapsedMs":25.411541999998008,"offset":0,"total":2,"unplacedTotal":6,"states":{"intent":0,"ready":0,"committed":0,"complete":0,"failed":0,"other":1}}
[timeline-page-observation] {"cycle":139,"processOrdinal":1,"timelineOrdinal":139,"kind":"complete","elapsedMs":25.703166999999667,"pages":1,"totalChanged":false,"mixedStates":false,"code":"none"}
[http-timing] {"sequence":259,"timelineOrdinal":140,"processOrdinal":1,"method":"GET","routeClass":"timeline","status":200,"headerElapsedMs":24,"bodyElapsedMs":0,"totalElapsedMs":24,"bytes":231116,"phase":"complete","outcome":"ok"}
[timeline-page-observation] {"cycle":140,"processOrdinal":1,"timelineOrdinal":140,"kind":"page","elapsedMs":25.512125000001106,"offset":0,"total":2,"unplacedTotal":6,"states":{"intent":0,"ready":0,"committed":0,"complete":0,"failed":0,"other":1}}
[timeline-page-observation] {"cycle":140,"processOrdinal":1,"timelineOrdinal":140,"kind":"complete","elapsedMs":25.876749999999447,"pages":1,"totalChanged":false,"mixedStates":false,"code":"none"}
[http-timing] {"sequence":260,"timelineOrdinal":141,"processOrdinal":1,"method":"GET","routeClass":"timeline","status":200,"headerElapsedMs":24,"bodyElapsedMs":0,"totalElapsedMs":24,"bytes":231116,"phase":"complete","outcome":"ok"}
[timeline-page-observation] {"cycle":141,"processOrdinal":1,"timelineOrdinal":141,"kind":"page","elapsedMs":25.00945900000079,"offset":0,"total":2,"unplacedTotal":6,"states":{"intent":0,"ready":0,"committed":0,"complete":0,"failed":0,"other":1}}
[timeline-page-observation] {"cycle":141,"processOrdinal":1,"timelineOrdinal":141,"kind":"complete","elapsedMs":25.30054200000086,"pages":1,"totalChanged":false,"mixedStates":false,"code":"none"}
[http-timing] {"sequence":261,"timelineOrdinal":142,"processOrdinal":1,"method":"GET","routeClass":"timeline","status":200,"headerElapsedMs":26,"bodyElapsedMs":0,"totalElapsedMs":26,"bytes":231116,"phase":"complete","outcome":"ok"}
[timeline-page-observation] {"cycle":142,"processOrdinal":1,"timelineOrdinal":142,"kind":"page","elapsedMs":27.427416999998968,"offset":0,"total":2,"unplacedTotal":6,"states":{"intent":0,"ready":0,"committed":0,"complete":0,"failed":0,"other":1}}
[timeline-page-observation] {"cycle":142,"processOrdinal":1,"timelineOrdinal":142,"kind":"complete","elapsedMs":27.730874999997468,"pages":1,"totalChanged":false,"mixedStates":false,"code":"none"}
[http-timing] {"sequence":262,"timelineOrdinal":143,"processOrdinal":1,"method":"GET","routeClass":"timeline","status":200,"headerElapsedMs":34,"bodyElapsedMs":0,"totalElapsedMs":34,"bytes":231116,"phase":"complete","outcome":"ok"}
[timeline-page-observation] {"cycle":143,"processOrdinal":1,"timelineOrdinal":143,"kind":"page","elapsedMs":35.21708299999955,"offset":0,"total":2,"unplacedTotal":6,"states":{"intent":0,"ready":0,"committed":0,"complete":0,"failed":0,"other":1}}
[timeline-page-observation] {"cycle":143,"processOrdinal":1,"timelineOrdinal":143,"kind":"complete","elapsedMs":35.501790999998775,"pages":1,"totalChanged":false,"mixedStates":false,"code":"none"}
[http-timing] {"sequence":263,"timelineOrdinal":144,"processOrdinal":1,"method":"GET","routeClass":"timeline","status":200,"headerElapsedMs":23,"bodyElapsedMs":0,"totalElapsedMs":24,"bytes":231116,"phase":"complete","outcome":"ok"}
[timeline-page-observation] {"cycle":144,"processOrdinal":1,"timelineOrdinal":144,"kind":"page","elapsedMs":24.586041999998997,"offset":0,"total":2,"unplacedTotal":6,"states":{"intent":0,"ready":0,"committed":0,"complete":0,"failed":0,"other":1}}
[timeline-page-observation] {"cycle":144,"processOrdinal":1,"timelineOrdinal":144,"kind":"complete","elapsedMs":24.86479199999667,"pages":1,"totalChanged":false,"mixedStates":false,"code":"none"}
[http-timing] {"sequence":264,"timelineOrdinal":145,"processOrdinal":1,"method":"GET","routeClass":"timeline","status":200,"headerElapsedMs":23,"bodyElapsedMs":0,"totalElapsedMs":23,"bytes":231116,"phase":"complete","outcome":"ok"}
[timeline-page-observation] {"cycle":145,"processOrdinal":1,"timelineOrdinal":145,"kind":"page","elapsedMs":24.726125000001048,"offset":0,"total":2,"unplacedTotal":6,"states":{"intent":0,"ready":0,"committed":0,"complete":0,"failed":0,"other":1}}
[timeline-page-observation] {"cycle":145,"processOrdinal":1,"timelineOrdinal":145,"kind":"complete","elapsedMs":25.013957999999548,"pages":1,"totalChanged":false,"mixedStates":false,"code":"none"}
[http-timing] {"sequence":265,"timelineOrdinal":146,"processOrdinal":1,"method":"GET","routeClass":"timeline","status":200,"headerElapsedMs":23,"bodyElapsedMs":0,"totalElapsedMs":24,"bytes":231116,"phase":"complete","outcome":"ok"}
[timeline-page-observation] {"cycle":146,"processOrdinal":1,"timelineOrdinal":146,"kind":"page","elapsedMs":24.82983300000342,"offset":0,"total":2,"unplacedTotal":6,"states":{"intent":0,"ready":0,"committed":0,"complete":0,"failed":0,"other":1}}
[timeline-page-observation] {"cycle":146,"processOrdinal":1,"timelineOrdinal":146,"kind":"complete","elapsedMs":25.116250000002765,"pages":1,"totalChanged":false,"mixedStates":false,"code":"none"}
[http-timing] {"sequence":266,"timelineOrdinal":147,"processOrdinal":1,"method":"GET","routeClass":"timeline","status":200,"headerElapsedMs":51,"bodyElapsedMs":0,"totalElapsedMs":52,"bytes":347392,"phase":"complete","outcome":"ok"}
[timeline-page-observation] {"cycle":147,"processOrdinal":1,"timelineOrdinal":147,"kind":"page","elapsedMs":52.983000000000175,"offset":0,"total":3,"unplacedTotal":7,"states":{"intent":0,"ready":0,"committed":0,"complete":0,"failed":0,"other":1}}
[timeline-page-observation] {"cycle":147,"processOrdinal":1,"timelineOrdinal":147,"kind":"complete","elapsedMs":53.40016699999978,"pages":1,"totalChanged":false,"mixedStates":false,"code":"none"}
[overlapping-sources] {"temporalOnly":true,"viewBasis":"timeline-known-mappings-unplaced-file-groups","segmentCount":2,"startNs":"16283000000","endNs":"17783000000","unknownCount":0,"rows":[{"idHash":"9193495fc52c5e4661179ce941e15eba269a19560b95d07e435758d223d5ab75","startPts":"16533333333","endPts":"16666666666","catalogState":"finalized","playable":true},{"idHash":"a1bc3a80c3ffac6f04ec2e8520e60c6c12efb533a752f98f4b675ba873edcc6c","startPts":"16666666666","endPts":"24999999999","catalogState":"finalized","playable":true},{"idHash":"9193495fc52c5e4661179ce941e15eba269a19560b95d07e435758d223d5ab75","startPts":"8333333333","endPts":"16666666666","catalogState":"finalized","playable":true}]}
[http-timing] {"sequence":267,"timelineOrdinal":148,"processOrdinal":1,"method":"GET","routeClass":"timeline","status":200,"headerElapsedMs":37,"bodyElapsedMs":0,"totalElapsedMs":37,"bytes":347392,"phase":"complete","outcome":"ok"}
[timeline-page-observation] {"cycle":148,"processOrdinal":1,"timelineOrdinal":148,"kind":"page","elapsedMs":38.08137500000157,"offset":0,"total":3,"unplacedTotal":7,"states":{"intent":0,"ready":0,"committed":0,"complete":0,"failed":0,"other":1}}
[timeline-page-observation] {"cycle":148,"processOrdinal":1,"timelineOrdinal":148,"kind":"complete","elapsedMs":38.51395799999955,"pages":1,"totalChanged":false,"mixedStates":false,"code":"none"}
[http-timing] {"sequence":268,"timelineOrdinal":149,"processOrdinal":1,"method":"GET","routeClass":"timeline","status":200,"headerElapsedMs":422,"bodyElapsedMs":0,"totalElapsedMs":422,"bytes":347433,"phase":"complete","outcome":"ok"}
[timeline-page-observation] {"cycle":149,"processOrdinal":1,"timelineOrdinal":149,"kind":"page","elapsedMs":423.58037500000137,"offset":0,"total":3,"unplacedTotal":7,"states":{"intent":0,"ready":0,"committed":0,"complete":0,"failed":0,"other":1}}
[timeline-page-observation] {"cycle":149,"processOrdinal":1,"timelineOrdinal":149,"kind":"complete","elapsedMs":424.01345800000126,"pages":1,"totalChanged":false,"mixedStates":false,"code":"none"}
[http-timing] {"sequence":269,"timelineOrdinal":150,"processOrdinal":1,"method":"GET","routeClass":"timeline","status":200,"headerElapsedMs":243,"bodyElapsedMs":0,"totalElapsedMs":243,"bytes":347433,"phase":"complete","outcome":"ok"}
[timeline-page-observation] {"cycle":150,"processOrdinal":1,"timelineOrdinal":150,"kind":"page","elapsedMs":244.28120800000033,"offset":0,"total":3,"unplacedTotal":7,"states":{"intent":0,"ready":0,"committed":0,"complete":0,"failed":0,"other":1}}
[timeline-page-observation] {"cycle":150,"processOrdinal":1,"timelineOrdinal":150,"kind":"complete","elapsedMs":244.71441600000253,"pages":1,"totalChanged":false,"mixedStates":false,"code":"none"}
[http-timing] {"sequence":270,"timelineOrdinal":151,"processOrdinal":1,"method":"GET","routeClass":"timeline","status":200,"headerElapsedMs":37,"bodyElapsedMs":1,"totalElapsedMs":38,"bytes":347433,"phase":"complete","outcome":"ok"}
[timeline-page-observation] {"cycle":151,"processOrdinal":1,"timelineOrdinal":151,"kind":"page","elapsedMs":40.397000000000844,"offset":0,"total":3,"unplacedTotal":7,"states":{"intent":0,"ready":0,"committed":0,"complete":0,"failed":0,"other":1}}
[timeline-page-observation] {"cycle":151,"processOrdinal":1,"timelineOrdinal":151,"kind":"complete","elapsedMs":40.82245899999907,"pages":1,"totalChanged":false,"mixedStates":false,"code":"none"}
[http-timing] {"sequence":271,"timelineOrdinal":152,"processOrdinal":1,"method":"GET","routeClass":"timeline","status":200,"headerElapsedMs":69,"bodyElapsedMs":0,"totalElapsedMs":69,"bytes":347433,"phase":"complete","outcome":"ok"}
[timeline-page-observation] {"cycle":152,"processOrdinal":1,"timelineOrdinal":152,"kind":"page","elapsedMs":70.13404100000116,"offset":0,"total":3,"unplacedTotal":7,"states":{"intent":0,"ready":0,"committed":0,"complete":0,"failed":0,"other":1}}
[timeline-page-observation] {"cycle":152,"processOrdinal":1,"timelineOrdinal":152,"kind":"complete","elapsedMs":70.55312499999854,"pages":1,"totalChanged":false,"mixedStates":false,"code":"none"}
[http-timing] {"sequence":272,"timelineOrdinal":153,"processOrdinal":1,"method":"GET","routeClass":"timeline","status":200,"headerElapsedMs":41,"bodyElapsedMs":0,"totalElapsedMs":42,"bytes":347433,"phase":"complete","outcome":"ok"}
[timeline-page-observation] {"cycle":153,"processOrdinal":1,"timelineOrdinal":153,"kind":"page","elapsedMs":43.22712500000125,"offset":0,"total":3,"unplacedTotal":7,"states":{"intent":0,"ready":0,"committed":0,"complete":0,"failed":0,"other":1}}
[timeline-page-observation] {"cycle":153,"processOrdinal":1,"timelineOrdinal":153,"kind":"complete","elapsedMs":43.71733400000085,"pages":1,"totalChanged":false,"mixedStates":false,"code":"none"}
[http-timing] {"sequence":273,"timelineOrdinal":154,"processOrdinal":1,"method":"GET","routeClass":"timeline","status":200,"headerElapsedMs":37,"bodyElapsedMs":0,"totalElapsedMs":37,"bytes":347433,"phase":"complete","outcome":"ok"}
[timeline-page-observation] {"cycle":154,"processOrdinal":1,"timelineOrdinal":154,"kind":"page","elapsedMs":38.58637500000259,"offset":0,"total":3,"unplacedTotal":7,"states":{"intent":0,"ready":0,"committed":0,"complete":0,"failed":0,"other":1}}
[timeline-page-observation] {"cycle":154,"processOrdinal":1,"timelineOrdinal":154,"kind":"complete","elapsedMs":39.0135420000006,"pages":1,"totalChanged":false,"mixedStates":false,"code":"none"}
[http-timing] {"sequence":274,"timelineOrdinal":155,"processOrdinal":1,"method":"GET","routeClass":"timeline","status":200,"headerElapsedMs":38,"bodyElapsedMs":0,"totalElapsedMs":38,"bytes":347433,"phase":"complete","outcome":"ok"}
[timeline-page-observation] {"cycle":155,"processOrdinal":1,"timelineOrdinal":155,"kind":"page","elapsedMs":39.71716700000252,"offset":0,"total":3,"unplacedTotal":7,"states":{"intent":0,"ready":0,"committed":0,"complete":0,"failed":0,"other":1}}
[timeline-page-observation] {"cycle":155,"processOrdinal":1,"timelineOrdinal":155,"kind":"complete","elapsedMs":40.14216700000179,"pages":1,"totalChanged":false,"mixedStates":false,"code":"none"}
[http-timing] {"sequence":275,"timelineOrdinal":156,"processOrdinal":1,"method":"GET","routeClass":"timeline","status":200,"headerElapsedMs":36,"bodyElapsedMs":0,"totalElapsedMs":37,"bytes":347433,"phase":"complete","outcome":"ok"}
[timeline-page-observation] {"cycle":156,"processOrdinal":1,"timelineOrdinal":156,"kind":"page","elapsedMs":37.972624999998516,"offset":0,"total":3,"unplacedTotal":7,"states":{"intent":0,"ready":0,"committed":0,"complete":0,"failed":0,"other":1}}
[timeline-page-observation] {"cycle":156,"processOrdinal":1,"timelineOrdinal":156,"kind":"complete","elapsedMs":38.399915999998484,"pages":1,"totalChanged":false,"mixedStates":false,"code":"none"}
[http-timing] {"sequence":276,"timelineOrdinal":157,"processOrdinal":1,"method":"GET","routeClass":"timeline","status":200,"headerElapsedMs":37,"bodyElapsedMs":0,"totalElapsedMs":38,"bytes":347433,"phase":"complete","outcome":"ok"}
[timeline-page-observation] {"cycle":157,"processOrdinal":1,"timelineOrdinal":157,"kind":"page","elapsedMs":38.987833000002865,"offset":0,"total":3,"unplacedTotal":7,"states":{"intent":0,"ready":0,"committed":0,"complete":0,"failed":0,"other":1}}
[timeline-page-observation] {"cycle":157,"processOrdinal":1,"timelineOrdinal":157,"kind":"complete","elapsedMs":39.415875000002416,"pages":1,"totalChanged":false,"mixedStates":false,"code":"none"}
[http-timing] {"sequence":277,"timelineOrdinal":158,"processOrdinal":1,"method":"GET","routeClass":"timeline","status":200,"headerElapsedMs":38,"bodyElapsedMs":0,"totalElapsedMs":38,"bytes":347433,"phase":"complete","outcome":"ok"}
[timeline-page-observation] {"cycle":158,"processOrdinal":1,"timelineOrdinal":158,"kind":"page","elapsedMs":39.15166700000191,"offset":0,"total":3,"unplacedTotal":7,"states":{"intent":0,"ready":0,"committed":0,"complete":0,"failed":0,"other":1}}
[timeline-page-observation] {"cycle":158,"processOrdinal":1,"timelineOrdinal":158,"kind":"complete","elapsedMs":39.85874999999942,"pages":1,"totalChanged":false,"mixedStates":false,"code":"none"}
[http-timing] {"sequence":278,"timelineOrdinal":159,"processOrdinal":1,"method":"GET","routeClass":"timeline","status":200,"headerElapsedMs":38,"bodyElapsedMs":0,"totalElapsedMs":38,"bytes":347433,"phase":"complete","outcome":"ok"}
[timeline-page-observation] {"cycle":159,"processOrdinal":1,"timelineOrdinal":159,"kind":"page","elapsedMs":39.58074999999735,"offset":0,"total":3,"unplacedTotal":7,"states":{"intent":0,"ready":0,"committed":0,"complete":0,"failed":0,"other":1}}
[timeline-page-observation] {"cycle":159,"processOrdinal":1,"timelineOrdinal":159,"kind":"complete","elapsedMs":40.02124999999796,"pages":1,"totalChanged":false,"mixedStates":false,"code":"none"}
[http-timing] {"sequence":279,"timelineOrdinal":160,"processOrdinal":1,"method":"GET","routeClass":"timeline","status":200,"headerElapsedMs":38,"bodyElapsedMs":0,"totalElapsedMs":38,"bytes":347433,"phase":"complete","outcome":"ok"}
[timeline-page-observation] {"cycle":160,"processOrdinal":1,"timelineOrdinal":160,"kind":"page","elapsedMs":39.29650000000038,"offset":0,"total":3,"unplacedTotal":7,"states":{"intent":0,"ready":0,"committed":0,"complete":0,"failed":0,"other":1}}
[timeline-page-observation] {"cycle":160,"processOrdinal":1,"timelineOrdinal":160,"kind":"complete","elapsedMs":39.719333999997616,"pages":1,"totalChanged":false,"mixedStates":false,"code":"none"}
[http-timing] {"sequence":280,"timelineOrdinal":161,"processOrdinal":1,"method":"GET","routeClass":"timeline","status":200,"headerElapsedMs":37,"bodyElapsedMs":0,"totalElapsedMs":37,"bytes":347433,"phase":"complete","outcome":"ok"}
[timeline-page-observation] {"cycle":161,"processOrdinal":1,"timelineOrdinal":161,"kind":"page","elapsedMs":38.846166999999696,"offset":0,"total":3,"unplacedTotal":7,"states":{"intent":0,"ready":0,"committed":0,"complete":0,"failed":0,"other":1}}
[timeline-page-observation] {"cycle":161,"processOrdinal":1,"timelineOrdinal":161,"kind":"complete","elapsedMs":39.26625000000058,"pages":1,"totalChanged":false,"mixedStates":false,"code":"none"}
[http-timing] {"sequence":281,"timelineOrdinal":162,"processOrdinal":1,"method":"GET","routeClass":"timeline","status":200,"headerElapsedMs":38,"bodyElapsedMs":0,"totalElapsedMs":38,"bytes":347433,"phase":"complete","outcome":"ok"}
[timeline-page-observation] {"cycle":162,"processOrdinal":1,"timelineOrdinal":162,"kind":"page","elapsedMs":39.85699999999997,"offset":0,"total":3,"unplacedTotal":7,"states":{"intent":0,"ready":0,"committed":0,"complete":0,"failed":0,"other":1}}
[timeline-page-observation] {"cycle":162,"processOrdinal":1,"timelineOrdinal":162,"kind":"complete","elapsedMs":40.298415999997815,"pages":1,"totalChanged":false,"mixedStates":false,"code":"none"}
[http-timing] {"sequence":282,"timelineOrdinal":163,"processOrdinal":1,"method":"GET","routeClass":"timeline","status":200,"headerElapsedMs":37,"bodyElapsedMs":0,"totalElapsedMs":37,"bytes":347433,"phase":"complete","outcome":"ok"}
[timeline-page-observation] {"cycle":163,"processOrdinal":1,"timelineOrdinal":163,"kind":"page","elapsedMs":38.47441699999763,"offset":0,"total":3,"unplacedTotal":7,"states":{"intent":0,"ready":0,"committed":0,"complete":0,"failed":0,"other":1}}
[timeline-page-observation] {"cycle":163,"processOrdinal":1,"timelineOrdinal":163,"kind":"complete","elapsedMs":38.92479199999798,"pages":1,"totalChanged":false,"mixedStates":false,"code":"none"}
[http-timing] {"sequence":283,"timelineOrdinal":164,"processOrdinal":1,"method":"GET","routeClass":"timeline","status":200,"headerElapsedMs":38,"bodyElapsedMs":1,"totalElapsedMs":38,"bytes":347433,"phase":"complete","outcome":"ok"}
[timeline-page-observation] {"cycle":164,"processOrdinal":1,"timelineOrdinal":164,"kind":"page","elapsedMs":39.41212499999892,"offset":0,"total":3,"unplacedTotal":7,"states":{"intent":0,"ready":0,"committed":0,"complete":0,"failed":0,"other":1}}
[timeline-page-observation] {"cycle":164,"processOrdinal":1,"timelineOrdinal":164,"kind":"complete","elapsedMs":39.83499999999913,"pages":1,"totalChanged":false,"mixedStates":false,"code":"none"}
[http-timing] {"sequence":284,"timelineOrdinal":165,"processOrdinal":1,"method":"GET","routeClass":"timeline","status":200,"headerElapsedMs":37,"bodyElapsedMs":0,"totalElapsedMs":37,"bytes":347433,"phase":"complete","outcome":"ok"}
[timeline-page-observation] {"cycle":165,"processOrdinal":1,"timelineOrdinal":165,"kind":"page","elapsedMs":38.743791999997484,"offset":0,"total":3,"unplacedTotal":7,"states":{"intent":0,"ready":0,"committed":0,"complete":0,"failed":0,"other":1}}
[timeline-page-observation] {"cycle":165,"processOrdinal":1,"timelineOrdinal":165,"kind":"complete","elapsedMs":39.166291999998066,"pages":1,"totalChanged":false,"mixedStates":false,"code":"none"}
[http-timing] {"sequence":285,"timelineOrdinal":166,"processOrdinal":1,"method":"GET","routeClass":"timeline","status":200,"headerElapsedMs":39,"bodyElapsedMs":0,"totalElapsedMs":40,"bytes":347433,"phase":"complete","outcome":"ok"}
[timeline-page-observation] {"cycle":166,"processOrdinal":1,"timelineOrdinal":166,"kind":"page","elapsedMs":40.873790999998164,"offset":0,"total":3,"unplacedTotal":7,"states":{"intent":0,"ready":0,"committed":0,"complete":0,"failed":0,"other":1}}
[timeline-page-observation] {"cycle":166,"processOrdinal":1,"timelineOrdinal":166,"kind":"complete","elapsedMs":41.305749999999534,"pages":1,"totalChanged":false,"mixedStates":false,"code":"none"}
[http-timing] {"sequence":286,"timelineOrdinal":167,"processOrdinal":1,"method":"GET","routeClass":"timeline","status":200,"headerElapsedMs":38,"bodyElapsedMs":0,"totalElapsedMs":38,"bytes":347433,"phase":"complete","outcome":"ok"}
[timeline-page-observation] {"cycle":167,"processOrdinal":1,"timelineOrdinal":167,"kind":"page","elapsedMs":39.505999999997584,"offset":0,"total":3,"unplacedTotal":7,"states":{"intent":0,"ready":0,"committed":0,"complete":0,"failed":0,"other":1}}
[timeline-page-observation] {"cycle":167,"processOrdinal":1,"timelineOrdinal":167,"kind":"complete","elapsedMs":39.92329199999949,"pages":1,"totalChanged":false,"mixedStates":false,"code":"none"}
[http-timing] {"sequence":287,"timelineOrdinal":168,"processOrdinal":1,"method":"GET","routeClass":"timeline","status":200,"headerElapsedMs":38,"bodyElapsedMs":0,"totalElapsedMs":38,"bytes":347433,"phase":"complete","outcome":"ok"}
[timeline-page-observation] {"cycle":168,"processOrdinal":1,"timelineOrdinal":168,"kind":"page","elapsedMs":39.27758299999914,"offset":0,"total":3,"unplacedTotal":7,"states":{"intent":0,"ready":0,"committed":0,"complete":0,"failed":0,"other":1}}
[timeline-page-observation] {"cycle":168,"processOrdinal":1,"timelineOrdinal":168,"kind":"complete","elapsedMs":39.71129099999962,"pages":1,"totalChanged":false,"mixedStates":false,"code":"none"}
[http-timing] {"sequence":288,"timelineOrdinal":169,"processOrdinal":1,"method":"GET","routeClass":"timeline","status":200,"headerElapsedMs":37,"bodyElapsedMs":0,"totalElapsedMs":38,"bytes":347433,"phase":"complete","outcome":"ok"}
[timeline-page-observation] {"cycle":169,"processOrdinal":1,"timelineOrdinal":169,"kind":"page","elapsedMs":38.93741600000067,"offset":0,"total":3,"unplacedTotal":7,"states":{"intent":0,"ready":0,"committed":0,"complete":0,"failed":0,"other":1}}
[timeline-page-observation] {"cycle":169,"processOrdinal":1,"timelineOrdinal":169,"kind":"complete","elapsedMs":39.397000000000844,"pages":1,"totalChanged":false,"mixedStates":false,"code":"none"}
[http-timing] {"sequence":289,"timelineOrdinal":170,"processOrdinal":1,"method":"GET","routeClass":"timeline","status":200,"headerElapsedMs":37,"bodyElapsedMs":0,"totalElapsedMs":37,"bytes":347433,"phase":"complete","outcome":"ok"}
[timeline-page-observation] {"cycle":170,"processOrdinal":1,"timelineOrdinal":170,"kind":"page","elapsedMs":38.69574999999895,"offset":0,"total":3,"unplacedTotal":7,"states":{"intent":0,"ready":0,"committed":0,"complete":0,"failed":0,"other":1}}
[timeline-page-observation] {"cycle":170,"processOrdinal":1,"timelineOrdinal":170,"kind":"complete","elapsedMs":39.25191700000141,"pages":1,"totalChanged":false,"mixedStates":false,"code":"none"}
[http-timing] {"sequence":290,"timelineOrdinal":171,"processOrdinal":1,"method":"GET","routeClass":"timeline","status":200,"headerElapsedMs":37,"bodyElapsedMs":0,"totalElapsedMs":37,"bytes":347433,"phase":"complete","outcome":"ok"}
[timeline-page-observation] {"cycle":171,"processOrdinal":1,"timelineOrdinal":171,"kind":"page","elapsedMs":38.30091700000048,"offset":0,"total":3,"unplacedTotal":7,"states":{"intent":0,"ready":0,"committed":0,"complete":0,"failed":0,"other":1}}
[timeline-page-observation] {"cycle":171,"processOrdinal":1,"timelineOrdinal":171,"kind":"complete","elapsedMs":38.72354200000336,"pages":1,"totalChanged":false,"mixedStates":false,"code":"none"}
[http-timing] {"sequence":291,"timelineOrdinal":172,"processOrdinal":1,"method":"GET","routeClass":"timeline","status":200,"headerElapsedMs":37,"bodyElapsedMs":0,"totalElapsedMs":37,"bytes":347433,"phase":"complete","outcome":"ok"}
[timeline-page-observation] {"cycle":172,"processOrdinal":1,"timelineOrdinal":172,"kind":"page","elapsedMs":38.429667000000336,"offset":0,"total":3,"unplacedTotal":7,"states":{"intent":0,"ready":0,"committed":0,"complete":0,"failed":0,"other":1}}
[timeline-page-observation] {"cycle":172,"processOrdinal":1,"timelineOrdinal":172,"kind":"complete","elapsedMs":38.86187500000233,"pages":1,"totalChanged":false,"mixedStates":false,"code":"none"}
[http-timing] {"sequence":292,"timelineOrdinal":173,"processOrdinal":1,"method":"GET","routeClass":"timeline","status":200,"headerElapsedMs":37,"bodyElapsedMs":0,"totalElapsedMs":37,"bytes":347433,"phase":"complete","outcome":"ok"}
[timeline-page-observation] {"cycle":173,"processOrdinal":1,"timelineOrdinal":173,"kind":"page","elapsedMs":38.222083000000566,"offset":0,"total":3,"unplacedTotal":7,"states":{"intent":0,"ready":0,"committed":0,"complete":0,"failed":0,"other":1}}
[timeline-page-observation] {"cycle":173,"processOrdinal":1,"timelineOrdinal":173,"kind":"complete","elapsedMs":38.64425000000119,"pages":1,"totalChanged":false,"mixedStates":false,"code":"none"}
[http-timing] {"sequence":293,"timelineOrdinal":174,"processOrdinal":1,"method":"GET","routeClass":"timeline","status":200,"headerElapsedMs":1012,"bodyElapsedMs":0,"totalElapsedMs":1013,"bytes":602901,"phase":"complete","outcome":"ok"}
[timeline-page-observation] {"cycle":174,"processOrdinal":1,"timelineOrdinal":174,"kind":"page","elapsedMs":1014.0784999999996,"offset":0,"total":5,"unplacedTotal":8,"states":{"intent":0,"ready":0,"committed":0,"complete":0,"failed":0,"other":1}}
[timeline-page-observation] {"cycle":174,"processOrdinal":1,"timelineOrdinal":174,"kind":"complete","elapsedMs":1015.0098749999997,"pages":1,"totalChanged":false,"mixedStates":false,"code":"none"}
[http-timing] {"sequence":294,"timelineOrdinal":175,"processOrdinal":1,"method":"GET","routeClass":"timeline","status":200,"headerElapsedMs":880,"bodyElapsedMs":0,"totalElapsedMs":880,"bytes":676525,"phase":"complete","outcome":"ok"}
[timeline-page-observation] {"cycle":175,"processOrdinal":1,"timelineOrdinal":175,"kind":"page","elapsedMs":881.8550830000022,"offset":0,"total":6,"unplacedTotal":9,"states":{"intent":0,"ready":0,"committed":0,"complete":0,"failed":0,"other":1}}
[timeline-page-observation] {"cycle":175,"processOrdinal":1,"timelineOrdinal":175,"kind":"complete","elapsedMs":882.6632079999981,"pages":1,"totalChanged":false,"mixedStates":false,"code":"none"}
[http-timing] {"sequence":295,"timelineOrdinal":176,"processOrdinal":1,"method":"GET","routeClass":"timeline","status":200,"headerElapsedMs":393,"bodyElapsedMs":1,"totalElapsedMs":394,"bytes":676525,"phase":"complete","outcome":"ok"}
[timeline-page-observation] {"cycle":176,"processOrdinal":1,"timelineOrdinal":176,"kind":"page","elapsedMs":395.8577499999956,"offset":0,"total":6,"unplacedTotal":9,"states":{"intent":0,"ready":0,"committed":0,"complete":0,"failed":0,"other":1}}
[timeline-page-observation] {"cycle":176,"processOrdinal":1,"timelineOrdinal":176,"kind":"complete","elapsedMs":396.8130420000016,"pages":1,"totalChanged":false,"mixedStates":false,"code":"none"}
[http-timing] {"sequence":296,"timelineOrdinal":177,"processOrdinal":1,"method":"GET","routeClass":"timeline","status":200,"headerElapsedMs":394,"bodyElapsedMs":0,"totalElapsedMs":394,"bytes":676525,"phase":"complete","outcome":"ok"}
[timeline-page-observation] {"cycle":177,"processOrdinal":1,"timelineOrdinal":177,"kind":"page","elapsedMs":395.5257500000007,"offset":0,"total":6,"unplacedTotal":9,"states":{"intent":0,"ready":0,"committed":0,"complete":0,"failed":0,"other":1}}
[timeline-page-observation] {"cycle":177,"processOrdinal":1,"timelineOrdinal":177,"kind":"complete","elapsedMs":396.3278750000027,"pages":1,"totalChanged":false,"mixedStates":false,"code":"none"}
[http-timing] {"sequence":297,"timelineOrdinal":178,"processOrdinal":1,"method":"GET","routeClass":"timeline","status":200,"headerElapsedMs":394,"bodyElapsedMs":0,"totalElapsedMs":394,"bytes":676525,"phase":"complete","outcome":"ok"}
[timeline-page-observation] {"cycle":178,"processOrdinal":1,"timelineOrdinal":178,"kind":"page","elapsedMs":395.9161249999961,"offset":0,"total":6,"unplacedTotal":9,"states":{"intent":0,"ready":0,"committed":0,"complete":0,"failed":0,"other":1}}
[timeline-page-observation] {"cycle":178,"processOrdinal":1,"timelineOrdinal":178,"kind":"complete","elapsedMs":396.7281659999935,"pages":1,"totalChanged":false,"mixedStates":false,"code":"none"}
[http-timing] {"sequence":298,"timelineOrdinal":179,"processOrdinal":1,"method":"GET","routeClass":"timeline","status":200,"headerElapsedMs":399,"bodyElapsedMs":0,"totalElapsedMs":400,"bytes":676525,"phase":"complete","outcome":"ok"}
[timeline-page-observation] {"cycle":179,"processOrdinal":1,"timelineOrdinal":179,"kind":"page","elapsedMs":401.17766700000357,"offset":0,"total":6,"unplacedTotal":9,"states":{"intent":0,"ready":0,"committed":0,"complete":0,"failed":0,"other":1}}
[timeline-page-observation] {"cycle":179,"processOrdinal":1,"timelineOrdinal":179,"kind":"complete","elapsedMs":401.9891669999997,"pages":1,"totalChanged":false,"mixedStates":false,"code":"none"}
[http-timing] {"sequence":299,"timelineOrdinal":180,"processOrdinal":1,"method":"GET","routeClass":"timeline","status":200,"headerElapsedMs":402,"bodyElapsedMs":0,"totalElapsedMs":403,"bytes":676525,"phase":"complete","outcome":"ok"}
[timeline-page-observation] {"cycle":180,"processOrdinal":1,"timelineOrdinal":180,"kind":"page","elapsedMs":404.26350000000093,"offset":0,"total":6,"unplacedTotal":9,"states":{"intent":0,"ready":0,"committed":0,"complete":0,"failed":0,"other":1}}
[timeline-page-observation] {"cycle":180,"processOrdinal":1,"timelineOrdinal":180,"kind":"complete","elapsedMs":405.13995799999975,"pages":1,"totalChanged":false,"mixedStates":false,"code":"none"}
[http-timing] {"sequence":300,"timelineOrdinal":181,"processOrdinal":1,"method":"GET","routeClass":"timeline","status":200,"headerElapsedMs":405,"bodyElapsedMs":0,"totalElapsedMs":405,"bytes":676525,"phase":"complete","outcome":"ok"}
[timeline-page-observation] {"cycle":181,"processOrdinal":1,"timelineOrdinal":181,"kind":"page","elapsedMs":406.9387080000015,"offset":0,"total":6,"unplacedTotal":9,"states":{"intent":0,"ready":0,"committed":0,"complete":0,"failed":0,"other":1}}
[timeline-page-observation] {"cycle":181,"processOrdinal":1,"timelineOrdinal":181,"kind":"complete","elapsedMs":407.92349999999715,"pages":1,"totalChanged":false,"mixedStates":false,"code":"none"}
[http-timing] {"sequence":301,"timelineOrdinal":182,"processOrdinal":1,"method":"GET","routeClass":"timeline","status":200,"headerElapsedMs":693,"bodyElapsedMs":0,"totalElapsedMs":694,"bytes":676525,"phase":"complete","outcome":"ok"}
[timeline-page-observation] {"cycle":182,"processOrdinal":1,"timelineOrdinal":182,"kind":"page","elapsedMs":695.1834589999999,"offset":0,"total":6,"unplacedTotal":9,"states":{"intent":0,"ready":0,"committed":0,"complete":0,"failed":0,"other":1}}
[timeline-page-observation] {"cycle":182,"processOrdinal":1,"timelineOrdinal":182,"kind":"complete","elapsedMs":695.9967920000054,"pages":1,"totalChanged":false,"mixedStates":false,"code":"none"}
[http-timing] {"sequence":302,"timelineOrdinal":183,"processOrdinal":1,"method":"GET","routeClass":"timeline","status":200,"headerElapsedMs":1284,"bodyElapsedMs":0,"totalElapsedMs":1284,"bytes":931978,"phase":"complete","outcome":"ok"}
[timeline-page-observation] {"cycle":183,"processOrdinal":1,"timelineOrdinal":183,"kind":"page","elapsedMs":1286.1770000000033,"offset":0,"total":8,"unplacedTotal":10,"states":{"intent":0,"ready":0,"committed":0,"complete":0,"failed":0,"other":1}}
[timeline-page-observation] {"cycle":183,"processOrdinal":1,"timelineOrdinal":183,"kind":"complete","elapsedMs":1287.288459000003,"pages":1,"totalChanged":false,"mixedStates":false,"code":"none"}
[http-timing] {"sequence":303,"timelineOrdinal":184,"processOrdinal":1,"method":"GET","routeClass":"timeline","status":200,"headerElapsedMs":902,"bodyElapsedMs":0,"totalElapsedMs":902,"bytes":932661,"phase":"complete","outcome":"ok"}
[timeline-page-observation] {"cycle":184,"processOrdinal":1,"timelineOrdinal":184,"kind":"page","elapsedMs":904.195040999999,"offset":0,"total":8,"unplacedTotal":10,"states":{"intent":0,"ready":0,"committed":0,"complete":0,"failed":0,"other":1}}
[timeline-page-observation] {"cycle":184,"processOrdinal":1,"timelineOrdinal":184,"kind":"complete","elapsedMs":905.3699579999957,"pages":1,"totalChanged":false,"mixedStates":false,"code":"none"}
[http-timing] {"sequence":304,"timelineOrdinal":185,"processOrdinal":1,"method":"GET","routeClass":"timeline","status":200,"headerElapsedMs":820,"bodyElapsedMs":1,"totalElapsedMs":821,"bytes":932661,"phase":"complete","outcome":"ok"}
[timeline-page-observation] {"cycle":185,"processOrdinal":1,"timelineOrdinal":185,"kind":"page","elapsedMs":822.7782499999958,"offset":0,"total":8,"unplacedTotal":10,"states":{"intent":0,"ready":0,"committed":0,"complete":0,"failed":0,"other":1}}
[timeline-page-observation] {"cycle":185,"processOrdinal":1,"timelineOrdinal":185,"kind":"complete","elapsedMs":824.1712909999987,"pages":1,"totalChanged":false,"mixedStates":false,"code":"none"}
[http-timing] {"sequence":305,"timelineOrdinal":186,"processOrdinal":1,"method":"GET","routeClass":"timeline","status":200,"headerElapsedMs":778,"bodyElapsedMs":1,"totalElapsedMs":779,"bytes":1045566,"phase":"complete","outcome":"ok"}
[timeline-page-observation] {"cycle":186,"processOrdinal":1,"timelineOrdinal":186,"kind":"page","elapsedMs":781.3868339999972,"offset":0,"total":9,"unplacedTotal":11,"states":{"intent":0,"ready":0,"committed":0,"complete":0,"failed":0,"other":1}}
[timeline-page-observation] {"cycle":186,"processOrdinal":1,"timelineOrdinal":186,"kind":"complete","elapsedMs":782.7771250000005,"pages":1,"totalChanged":false,"mixedStates":false,"code":"none"}
[http-timing] {"sequence":306,"timelineOrdinal":187,"processOrdinal":1,"method":"GET","routeClass":"timeline","status":200,"headerElapsedMs":775,"bodyElapsedMs":1,"totalElapsedMs":775,"bytes":1045566,"phase":"complete","outcome":"ok"}
[timeline-page-observation] {"cycle":187,"processOrdinal":1,"timelineOrdinal":187,"kind":"page","elapsedMs":777.4652910000004,"offset":0,"total":9,"unplacedTotal":11,"states":{"intent":0,"ready":0,"committed":0,"complete":0,"failed":0,"other":1}}
[timeline-page-observation] {"cycle":187,"processOrdinal":1,"timelineOrdinal":187,"kind":"complete","elapsedMs":778.8289579999982,"pages":1,"totalChanged":false,"mixedStates":false,"code":"none"}
[http-timing] {"sequence":307,"timelineOrdinal":188,"processOrdinal":1,"method":"GET","routeClass":"timeline","status":200,"headerElapsedMs":2009,"bodyElapsedMs":1,"totalElapsedMs":2009,"bytes":1045566,"phase":"complete","outcome":"ok"}
[timeline-page-observation] {"cycle":188,"processOrdinal":1,"timelineOrdinal":188,"kind":"page","elapsedMs":2011.6037089999954,"offset":0,"total":9,"unplacedTotal":11,"states":{"intent":0,"ready":0,"committed":0,"complete":0,"failed":0,"other":1}}
[timeline-page-observation] {"cycle":188,"processOrdinal":1,"timelineOrdinal":188,"kind":"complete","elapsedMs":2012.9038749999963,"pages":1,"totalChanged":false,"mixedStates":false,"code":"none"}
[http-timing] {"sequence":308,"timelineOrdinal":189,"processOrdinal":1,"method":"GET","routeClass":"timeline","status":200,"headerElapsedMs":1271,"bodyElapsedMs":1,"totalElapsedMs":1272,"bytes":1301706,"phase":"complete","outcome":"ok"}
[timeline-page-observation] {"cycle":189,"processOrdinal":1,"timelineOrdinal":189,"kind":"page","elapsedMs":1274.2938749999958,"offset":0,"total":11,"unplacedTotal":12,"states":{"intent":1,"ready":0,"committed":0,"complete":0,"failed":0,"other":0}}
[timeline-page-observation] {"cycle":189,"processOrdinal":1,"timelineOrdinal":189,"kind":"complete","elapsedMs":1275.945749999999,"pages":1,"totalChanged":false,"mixedStates":false,"code":"none"}
[timeline-state] {"reason":"event-not-complete","rowCount":1,"jobCount":1,"outputCount":0,"referenceMatches":true,"truncated":false,"rows":[{"jobState":"intent","completeness":"unknown","catalogState":"absent","playable":false,"request":{"timeBasis":"media-pts-ms","startTimeMs":"17033","endTimeMs":"17033","preMs":"750","postMs":"750"}}]}
[http-timing] {"sequence":309,"timelineOrdinal":190,"processOrdinal":1,"method":"GET","routeClass":"timeline","status":200,"headerElapsedMs":1145,"bodyElapsedMs":1,"totalElapsedMs":1145,"bytes":1301706,"phase":"complete","outcome":"ok"}
[timeline-page-observation] {"cycle":190,"processOrdinal":1,"timelineOrdinal":190,"kind":"page","elapsedMs":1147.7560000000012,"offset":0,"total":11,"unplacedTotal":12,"states":{"intent":1,"ready":0,"committed":0,"complete":0,"failed":0,"other":0}}
[timeline-page-observation] {"cycle":190,"processOrdinal":1,"timelineOrdinal":190,"kind":"complete","elapsedMs":1149.406332999999,"pages":1,"totalChanged":false,"mixedStates":false,"code":"none"}
[http-timing] {"sequence":310,"timelineOrdinal":191,"processOrdinal":1,"method":"GET","routeClass":"timeline","status":200,"headerElapsedMs":1170,"bodyElapsedMs":1,"totalElapsedMs":1171,"bytes":1301706,"phase":"complete","outcome":"ok"}
[timeline-page-observation] {"cycle":191,"processOrdinal":1,"timelineOrdinal":191,"kind":"page","elapsedMs":1173.671583000003,"offset":0,"total":11,"unplacedTotal":12,"states":{"intent":1,"ready":0,"committed":0,"complete":0,"failed":0,"other":0}}
[timeline-page-observation] {"cycle":191,"processOrdinal":1,"timelineOrdinal":191,"kind":"complete","elapsedMs":1175.3786249999976,"pages":1,"totalChanged":false,"mixedStates":false,"code":"none"}
[http-timing] {"sequence":311,"timelineOrdinal":192,"processOrdinal":1,"method":"GET","routeClass":"timeline","status":200,"headerElapsedMs":2074,"bodyElapsedMs":1,"totalElapsedMs":2075,"bytes":1301706,"phase":"complete","outcome":"ok"}
[timeline-page-observation] {"cycle":192,"processOrdinal":1,"timelineOrdinal":192,"kind":"page","elapsedMs":2077.287457999999,"offset":0,"total":11,"unplacedTotal":12,"states":{"intent":1,"ready":0,"committed":0,"complete":0,"failed":0,"other":0}}
[timeline-page-observation] {"cycle":192,"processOrdinal":1,"timelineOrdinal":192,"kind":"complete","elapsedMs":2078.805625000001,"pages":1,"totalChanged":false,"mixedStates":false,"code":"none"}
[transition-observation] {"kind":"end","referenceSha256":"1be7a6b658bce76622d11c461bb3d02dbae7afd8c09579278164a5816283e463","processOrdinal":1,"clientAtMs":51215.281084,"elapsedMs":31850.573542000002,"deadlineMs":30000,"returnedAfterBudget":true,"outcome":"timeout","firstTimelineOrdinal":84,"lastTimelineOrdinal":192,"scope":"full-page-two-outputs"}
[terminal-observation] {"processOrdinal":1,"referenceSha256":"1be7a6b658bce76622d11c461bb3d02dbae7afd8c09579278164a5816283e463","unplacedUnit":"file","terminalObserved":false,"firstObservedMs":null,"firstPageOffset":null,"firstTimelineOrdinal":null,"mixedStates":true,"observedOutputCount":0,"fullOutputPass":false,"invalid":false,"fullPageStatus":"complete","changedCycles":0,"waitOutcome":"timeout"}
[timeline-final-state] {"reason":"event-not-complete","rowCount":1,"jobCount":1,"outputCount":0,"referenceMatches":true,"truncated":false,"rows":[{"jobState":"intent","completeness":"unknown","catalogState":"absent","playable":false,"request":{"timeBasis":"media-pts-ms","startTimeMs":"17033","endTimeMs":"17033","preMs":"750","postMs":"750"}}]}
[http-timing] {"sequence":312,"timelineOrdinal":null,"processOrdinal":1,"method":"DELETE","routeClass":"tap","status":200,"headerElapsedMs":7,"bodyElapsedMs":0,"totalElapsedMs":7,"bytes":26,"phase":"complete","outcome":"ok"}
[fail] current actual app: complete-two-outputs-timeout
[process-stop] {"processOrdinal":1,"schema":"recording-process-cleanup-v1","attemptCount":1,"pid":69477,"exitCode":0,"signalCode":null,"exitedObserved":true,"stopCode":"complete","forcedTermination":"not-used","normalExitPass":true,"normalShutdownPass":true,"archiveSafe":true,"ports":[{"kind":"http","port":52907,"status":"pass","code":"closed","closed":true},{"kind":"rtsp","port":52908,"status":"pass","code":"closed","closed":true}]}
[writer-evidence-status] {"basis":"run-wide-stderr","sourceBindingEquivalent":false,"total":0,"truncated":false,"counts":[]}
[process-evidence] {"processOrdinal":1,"evidenceFile":"process-264e1dc9-b2e7-4614-a0ee-739439573835.json"}
[pass] S11-CI08 product-1 exit0 ports returned
[latency-trace-status] {"processOrdinal":1,"status":"complete","code":"none","acceptedCount":2196,"expectedRequestCount":192,"observedRequestCount":192,"evidenceFile":"latency-9da4bbb3-2863-4eb2-9286-81d9dc325fa1.json"}
[selection-attempt] {"reference_sha256":"1be7a6b658bce76622d11c461bb3d02dbae7afd8c09579278164a5816283e463","attempt":1,"attempt_limit":121,"elapsed_ms":"49","wait_ms":"60000","deadline_exhausted":false,"attempt_exhausted":false,"selection_complete":false,"expanded_start_ns":"16283000000","expanded_end_ns":"17783000000","source_count":1,"unknown_count":2,"sources_truncated":false,"unknown_truncated":false,"sources":[{"segment_id_sha256":"9193495fc52c5e4661179ce941e15eba269a19560b95d07e435758d223d5ab75","media_epoch_id_sha256":"4820c8d5ce65bc12a1197ff4706f6bf346d22f332f24b11ad9941370546c8a99","source_generation_sha256":"efac91a7282ef157247c2d349b9fb2021a3cab423c0dfac7bb40be712b47a014","track_id_sha256":"e46aafb8144e99e2eb8a399c012afbb0b0c0e6368bf7528707a615cb8cc54c83","generation_order":"1","start_pts":"8333333333","end_pts":"16666666666","time_base_num":1,"time_base_den":1000000000,"lifecycle":1,"deleted":false,"binding_present":true,"binding_valid":true,"available_for_selection":true}],"decoded":{"namespace_valid":true,"range_comparable":true,"incomplete":false,"frames_truncated":false,"frame_count":512,"relevant_count":24,"identity_matched":24,"identity_rejected":0,"generation_mismatch":0,"pts_mismatch":0,"duration_invalid":0,"minimum_pts_ns":"16266666666","maximum_pts_ns":"17033333333","maximum_valid_end_ns":"17066666666"},"slice_state_counts":[12,2,0,0,0,0],"reason_counts":[0,2,0,0,12,0,0,0,0,0],"unknown_ranges":[{"start_ns":"16666666666","end_ns":"16666666667","reason":1},{"start_ns":"16666666666","end_ns":"17783000000","reason":1}]}
[selection-attempt] {"reference_sha256":"2de4ec75bdd4cb9805fdcfbd8b9969a15cb7d79e9e0de48ba4b18f9496bd67a8","attempt":1,"attempt_limit":121,"elapsed_ms":"71","wait_ms":"60000","deadline_exhausted":false,"attempt_exhausted":false,"selection_complete":false,"expanded_start_ns":"16283000000","expanded_end_ns":"17783000000","source_count":1,"unknown_count":2,"sources_truncated":false,"unknown_truncated":false,"sources":[{"segment_id_sha256":"9193495fc52c5e4661179ce941e15eba269a19560b95d07e435758d223d5ab75","media_epoch_id_sha256":"4820c8d5ce65bc12a1197ff4706f6bf346d22f332f24b11ad9941370546c8a99","source_generation_sha256":"efac91a7282ef157247c2d349b9fb2021a3cab423c0dfac7bb40be712b47a014","track_id_sha256":"e46aafb8144e99e2eb8a399c012afbb0b0c0e6368bf7528707a615cb8cc54c83","generation_order":"1","start_pts":"8333333333","end_pts":"16666666666","time_base_num":1,"time_base_den":1000000000,"lifecycle":1,"deleted":false,"binding_present":true,"binding_valid":true,"available_for_selection":true}],"decoded":{"namespace_valid":true,"range_comparable":true,"incomplete":false,"frames_truncated":false,"frame_count":512,"relevant_count":24,"identity_matched":24,"identity_rejected":0,"generation_mismatch":0,"pts_mismatch":0,"duration_invalid":0,"minimum_pts_ns":"16266666666","maximum_pts_ns":"17033333333","maximum_valid_end_ns":"17066666666"},"slice_state_counts":[12,2,0,0,0,0],"reason_counts":[0,2,0,0,12,0,0,0,0,0],"unknown_ranges":[{"start_ns":"16666666666","end_ns":"16666666667","reason":1},{"start_ns":"16666666666","end_ns":"17783000000","reason":1}]}
[selection-attempt] {"reference_sha256":"7a7ad4e70c3b8f520cd5ee03faa28faffbe6ef87662c45789f961fd16dcedfb1","attempt":1,"attempt_limit":121,"elapsed_ms":"119","wait_ms":"60000","deadline_exhausted":false,"attempt_exhausted":false,"selection_complete":false,"expanded_start_ns":"16283000000","expanded_end_ns":"17783000000","source_count":1,"unknown_count":2,"sources_truncated":false,"unknown_truncated":false,"sources":[{"segment_id_sha256":"9193495fc52c5e4661179ce941e15eba269a19560b95d07e435758d223d5ab75","media_epoch_id_sha256":"4820c8d5ce65bc12a1197ff4706f6bf346d22f332f24b11ad9941370546c8a99","source_generation_sha256":"efac91a7282ef157247c2d349b9fb2021a3cab423c0dfac7bb40be712b47a014","track_id_sha256":"e46aafb8144e99e2eb8a399c012afbb0b0c0e6368bf7528707a615cb8cc54c83","generation_order":"1","start_pts":"8333333333","end_pts":"16666666666","time_base_num":1,"time_base_den":1000000000,"lifecycle":1,"deleted":false,"binding_present":true,"binding_valid":true,"available_for_selection":true}],"decoded":{"namespace_valid":true,"range_comparable":true,"incomplete":false,"frames_truncated":false,"frame_count":512,"relevant_count":24,"identity_matched":24,"identity_rejected":0,"generation_mismatch":0,"pts_mismatch":0,"duration_invalid":0,"minimum_pts_ns":"16266666666","maximum_pts_ns":"17033333333","maximum_valid_end_ns":"17066666666"},"slice_state_counts":[12,2,0,0,0,0],"reason_counts":[0,2,0,0,12,0,0,0,0,0],"unknown_ranges":[{"start_ns":"16666666666","end_ns":"16666666667","reason":1},{"start_ns":"16666666666","end_ns":"17783000000","reason":1}]}
[selection-attempt] {"reference_sha256":"f990d2435e065419e276d4188f4880e254bcae81784f7bf438de44ed0d546203","attempt":1,"attempt_limit":121,"elapsed_ms":"146","wait_ms":"60000","deadline_exhausted":false,"attempt_exhausted":false,"selection_complete":false,"expanded_start_ns":"16283000000","expanded_end_ns":"17783000000","source_count":1,"unknown_count":2,"sources_truncated":false,"unknown_truncated":false,"sources":[{"segment_id_sha256":"9193495fc52c5e4661179ce941e15eba269a19560b95d07e435758d223d5ab75","media_epoch_id_sha256":"4820c8d5ce65bc12a1197ff4706f6bf346d22f332f24b11ad9941370546c8a99","source_generation_sha256":"efac91a7282ef157247c2d349b9fb2021a3cab423c0dfac7bb40be712b47a014","track_id_sha256":"e46aafb8144e99e2eb8a399c012afbb0b0c0e6368bf7528707a615cb8cc54c83","generation_order":"1","start_pts":"8333333333","end_pts":"16666666666","time_base_num":1,"time_base_den":1000000000,"lifecycle":1,"deleted":false,"binding_present":true,"binding_valid":true,"available_for_selection":true}],"decoded":{"namespace_valid":true,"range_comparable":true,"incomplete":false,"frames_truncated":false,"frame_count":516,"relevant_count":28,"identity_matched":28,"identity_rejected":0,"generation_mismatch":0,"pts_mismatch":0,"duration_invalid":0,"minimum_pts_ns":"16266666666","maximum_pts_ns":"17166666666","maximum_valid_end_ns":"17199999999"},"slice_state_counts":[12,2,0,0,0,0],"reason_counts":[0,2,0,0,12,0,0,0,0,0],"unknown_ranges":[{"start_ns":"16666666666","end_ns":"16666666667","reason":1},{"start_ns":"16666666666","end_ns":"17783000000","reason":1}]}
[selection-attempt] {"reference_sha256":"1be7a6b658bce76622d11c461bb3d02dbae7afd8c09579278164a5816283e463","attempt":2,"attempt_limit":121,"elapsed_ms":"581","wait_ms":"60000","deadline_exhausted":false,"attempt_exhausted":false,"selection_complete":false,"expanded_start_ns":"16283000000","expanded_end_ns":"17783000000","source_count":1,"unknown_count":2,"sources_truncated":false,"unknown_truncated":false,"sources":[{"segment_id_sha256":"9193495fc52c5e4661179ce941e15eba269a19560b95d07e435758d223d5ab75","media_epoch_id_sha256":"4820c8d5ce65bc12a1197ff4706f6bf346d22f332f24b11ad9941370546c8a99","source_generation_sha256":"efac91a7282ef157247c2d349b9fb2021a3cab423c0dfac7bb40be712b47a014","track_id_sha256":"e46aafb8144e99e2eb8a399c012afbb0b0c0e6368bf7528707a615cb8cc54c83","generation_order":"1","start_pts":"8333333333","end_pts":"16666666666","time_base_num":1,"time_base_den":1000000000,"lifecycle":1,"deleted":false,"binding_present":true,"binding_valid":true,"available_for_selection":true}],"decoded":{"namespace_valid":true,"range_comparable":true,"incomplete":false,"frames_truncated":false,"frame_count":528,"relevant_count":40,"identity_matched":40,"identity_rejected":0,"generation_mismatch":0,"pts_mismatch":0,"duration_invalid":0,"minimum_pts_ns":"16266666666","maximum_pts_ns":"17566666666","maximum_valid_end_ns":"17599999999"},"slice_state_counts":[12,2,0,0,0,0],"reason_counts":[0,2,0,0,12,0,0,0,0,0],"unknown_ranges":[{"start_ns":"16666666666","end_ns":"16666666667","reason":1},{"start_ns":"16666666666","end_ns":"17783000000","reason":1}]}
[selection-attempt] {"reference_sha256":"2de4ec75bdd4cb9805fdcfbd8b9969a15cb7d79e9e0de48ba4b18f9496bd67a8","attempt":2,"attempt_limit":121,"elapsed_ms":"603","wait_ms":"60000","deadline_exhausted":false,"attempt_exhausted":false,"selection_complete":false,"expanded_start_ns":"16283000000","expanded_end_ns":"17783000000","source_count":1,"unknown_count":2,"sources_truncated":false,"unknown_truncated":false,"sources":[{"segment_id_sha256":"9193495fc52c5e4661179ce941e15eba269a19560b95d07e435758d223d5ab75","media_epoch_id_sha256":"4820c8d5ce65bc12a1197ff4706f6bf346d22f332f24b11ad9941370546c8a99","source_generation_sha256":"efac91a7282ef157247c2d349b9fb2021a3cab423c0dfac7bb40be712b47a014","track_id_sha256":"e46aafb8144e99e2eb8a399c012afbb0b0c0e6368bf7528707a615cb8cc54c83","generation_order":"1","start_pts":"8333333333","end_pts":"16666666666","time_base_num":1,"time_base_den":1000000000,"lifecycle":1,"deleted":false,"binding_present":true,"binding_valid":true,"available_for_selection":true}],"decoded":{"namespace_valid":true,"range_comparable":true,"incomplete":false,"frames_truncated":false,"frame_count":528,"relevant_count":40,"identity_matched":40,"identity_rejected":0,"generation_mismatch":0,"pts_mismatch":0,"duration_invalid":0,"minimum_pts_ns":"16266666666","maximum_pts_ns":"17566666666","maximum_valid_end_ns":"17599999999"},"slice_state_counts":[12,2,0,0,0,0],"reason_counts":[0,2,0,0,12,0,0,0,0,0],"unknown_ranges":[{"start_ns":"16666666666","end_ns":"16666666667","reason":1},{"start_ns":"16666666666","end_ns":"17783000000","reason":1}]}
[selection-attempt] {"reference_sha256":"7a7ad4e70c3b8f520cd5ee03faa28faffbe6ef87662c45789f961fd16dcedfb1","attempt":2,"attempt_limit":121,"elapsed_ms":"653","wait_ms":"60000","deadline_exhausted":false,"attempt_exhausted":false,"selection_complete":false,"expanded_start_ns":"16283000000","expanded_end_ns":"17783000000","source_count":1,"unknown_count":2,"sources_truncated":false,"unknown_truncated":false,"sources":[{"segment_id_sha256":"9193495fc52c5e4661179ce941e15eba269a19560b95d07e435758d223d5ab75","media_epoch_id_sha256":"4820c8d5ce65bc12a1197ff4706f6bf346d22f332f24b11ad9941370546c8a99","source_generation_sha256":"efac91a7282ef157247c2d349b9fb2021a3cab423c0dfac7bb40be712b47a014","track_id_sha256":"e46aafb8144e99e2eb8a399c012afbb0b0c0e6368bf7528707a615cb8cc54c83","generation_order":"1","start_pts":"8333333333","end_pts":"16666666666","time_base_num":1,"time_base_den":1000000000,"lifecycle":1,"deleted":false,"binding_present":true,"binding_valid":true,"available_for_selection":true}],"decoded":{"namespace_valid":true,"range_comparable":true,"incomplete":false,"frames_truncated":false,"frame_count":532,"relevant_count":44,"identity_matched":44,"identity_rejected":0,"generation_mismatch":0,"pts_mismatch":0,"duration_invalid":0,"minimum_pts_ns":"16266666666","maximum_pts_ns":"17700000000","maximum_valid_end_ns":"17733333333"},"slice_state_counts":[12,2,0,0,0,0],"reason_counts":[0,2,0,0,12,0,0,0,0,0],"unknown_ranges":[{"start_ns":"16666666666","end_ns":"16666666667","reason":1},{"start_ns":"16666666666","end_ns":"17783000000","reason":1}]}
[selection-attempt] {"reference_sha256":"f990d2435e065419e276d4188f4880e254bcae81784f7bf438de44ed0d546203","attempt":2,"attempt_limit":121,"elapsed_ms":"681","wait_ms":"60000","deadline_exhausted":false,"attempt_exhausted":false,"selection_complete":false,"expanded_start_ns":"16283000000","expanded_end_ns":"17783000000","source_count":1,"unknown_count":2,"sources_truncated":false,"unknown_truncated":false,"sources":[{"segment_id_sha256":"9193495fc52c5e4661179ce941e15eba269a19560b95d07e435758d223d5ab75","media_epoch_id_sha256":"4820c8d5ce65bc12a1197ff4706f6bf346d22f332f24b11ad9941370546c8a99","source_generation_sha256":"efac91a7282ef157247c2d349b9fb2021a3cab423c0dfac7bb40be712b47a014","track_id_sha256":"e46aafb8144e99e2eb8a399c012afbb0b0c0e6368bf7528707a615cb8cc54c83","generation_order":"1","start_pts":"8333333333","end_pts":"16666666666","time_base_num":1,"time_base_den":1000000000,"lifecycle":1,"deleted":false,"binding_present":true,"binding_valid":true,"available_for_selection":true}],"decoded":{"namespace_valid":true,"range_comparable":true,"incomplete":false,"frames_truncated":false,"frame_count":532,"relevant_count":44,"identity_matched":44,"identity_rejected":0,"generation_mismatch":0,"pts_mismatch":0,"duration_invalid":0,"minimum_pts_ns":"16266666666","maximum_pts_ns":"17700000000","maximum_valid_end_ns":"17733333333"},"slice_state_counts":[12,2,0,0,0,0],"reason_counts":[0,2,0,0,12,0,0,0,0,0],"unknown_ranges":[{"start_ns":"16666666666","end_ns":"16666666667","reason":1},{"start_ns":"16666666666","end_ns":"17783000000","reason":1}]}
[selection-attempt] {"reference_sha256":"1be7a6b658bce76622d11c461bb3d02dbae7afd8c09579278164a5816283e463","attempt":3,"attempt_limit":121,"elapsed_ms":"1118","wait_ms":"60000","deadline_exhausted":false,"attempt_exhausted":false,"selection_complete":false,"expanded_start_ns":"16283000000","expanded_end_ns":"17783000000","source_count":1,"unknown_count":2,"sources_truncated":false,"unknown_truncated":false,"sources":[{"segment_id_sha256":"9193495fc52c5e4661179ce941e15eba269a19560b95d07e435758d223d5ab75","media_epoch_id_sha256":"4820c8d5ce65bc12a1197ff4706f6bf346d22f332f24b11ad9941370546c8a99","source_generation_sha256":"efac91a7282ef157247c2d349b9fb2021a3cab423c0dfac7bb40be712b47a014","track_id_sha256":"e46aafb8144e99e2eb8a399c012afbb0b0c0e6368bf7528707a615cb8cc54c83","generation_order":"1","start_pts":"8333333333","end_pts":"16666666666","time_base_num":1,"time_base_den":1000000000,"lifecycle":1,"deleted":false,"binding_present":true,"binding_valid":true,"available_for_selection":true}],"decoded":{"namespace_valid":true,"range_comparable":true,"incomplete":false,"frames_truncated":false,"frame_count":544,"relevant_count":46,"identity_matched":46,"identity_rejected":0,"generation_mismatch":0,"pts_mismatch":0,"duration_invalid":0,"minimum_pts_ns":"16266666666","maximum_pts_ns":"17766666666","maximum_valid_end_ns":"17799999999"},"slice_state_counts":[12,2,0,0,0,0],"reason_counts":[0,2,0,0,12,0,0,0,0,0],"unknown_ranges":[{"start_ns":"16666666666","end_ns":"16666666667","reason":1},{"start_ns":"16666666666","end_ns":"17783000000","reason":1}]}
[selection-attempt] {"reference_sha256":"2de4ec75bdd4cb9805fdcfbd8b9969a15cb7d79e9e0de48ba4b18f9496bd67a8","attempt":3,"attempt_limit":121,"elapsed_ms":"1140","wait_ms":"60000","deadline_exhausted":false,"attempt_exhausted":false,"selection_complete":false,"expanded_start_ns":"16283000000","expanded_end_ns":"17783000000","source_count":1,"unknown_count":2,"sources_truncated":false,"unknown_truncated":false,"sources":[{"segment_id_sha256":"9193495fc52c5e4661179ce941e15eba269a19560b95d07e435758d223d5ab75","media_epoch_id_sha256":"4820c8d5ce65bc12a1197ff4706f6bf346d22f332f24b11ad9941370546c8a99","source_generation_sha256":"efac91a7282ef157247c2d349b9fb2021a3cab423c0dfac7bb40be712b47a014","track_id_sha256":"e46aafb8144e99e2eb8a399c012afbb0b0c0e6368bf7528707a615cb8cc54c83","generation_order":"1","start_pts":"8333333333","end_pts":"16666666666","time_base_num":1,"time_base_den":1000000000,"lifecycle":1,"deleted":false,"binding_present":true,"binding_valid":true,"available_for_selection":true}],"decoded":{"namespace_valid":true,"range_comparable":true,"incomplete":false,"frames_truncated":false,"frame_count":544,"relevant_count":46,"identity_matched":46,"identity_rejected":0,"generation_mismatch":0,"pts_mismatch":0,"duration_invalid":0,"minimum_pts_ns":"16266666666","maximum_pts_ns":"17766666666","maximum_valid_end_ns":"17799999999"},"slice_state_counts":[12,2,0,0,0,0],"reason_counts":[0,2,0,0,12,0,0,0,0,0],"unknown_ranges":[{"start_ns":"16666666666","end_ns":"16666666667","reason":1},{"start_ns":"16666666666","end_ns":"17783000000","reason":1}]}
[selection-attempt] {"reference_sha256":"7a7ad4e70c3b8f520cd5ee03faa28faffbe6ef87662c45789f961fd16dcedfb1","attempt":3,"attempt_limit":121,"elapsed_ms":"1187","wait_ms":"60000","deadline_exhausted":false,"attempt_exhausted":false,"selection_complete":false,"expanded_start_ns":"16283000000","expanded_end_ns":"17783000000","source_count":1,"unknown_count":2,"sources_truncated":false,"unknown_truncated":false,"sources":[{"segment_id_sha256":"9193495fc52c5e4661179ce941e15eba269a19560b95d07e435758d223d5ab75","media_epoch_id_sha256":"4820c8d5ce65bc12a1197ff4706f6bf346d22f332f24b11ad9941370546c8a99","source_generation_sha256":"efac91a7282ef157247c2d349b9fb2021a3cab423c0dfac7bb40be712b47a014","track_id_sha256":"e46aafb8144e99e2eb8a399c012afbb0b0c0e6368bf7528707a615cb8cc54c83","generation_order":"1","start_pts":"8333333333","end_pts":"16666666666","time_base_num":1,"time_base_den":1000000000,"lifecycle":1,"deleted":false,"binding_present":true,"binding_valid":true,"available_for_selection":true}],"decoded":{"namespace_valid":true,"range_comparable":true,"incomplete":false,"frames_truncated":false,"frame_count":548,"relevant_count":46,"identity_matched":46,"identity_rejected":0,"generation_mismatch":0,"pts_mismatch":0,"duration_invalid":0,"minimum_pts_ns":"16266666666","maximum_pts_ns":"17766666666","maximum_valid_end_ns":"17799999999"},"slice_state_counts":[12,2,0,0,0,0],"reason_counts":[0,2,0,0,12,0,0,0,0,0],"unknown_ranges":[{"start_ns":"16666666666","end_ns":"16666666667","reason":1},{"start_ns":"16666666666","end_ns":"17783000000","reason":1}]}
[selection-attempt] {"reference_sha256":"f990d2435e065419e276d4188f4880e254bcae81784f7bf438de44ed0d546203","attempt":3,"attempt_limit":121,"elapsed_ms":"1215","wait_ms":"60000","deadline_exhausted":false,"attempt_exhausted":false,"selection_complete":false,"expanded_start_ns":"16283000000","expanded_end_ns":"17783000000","source_count":1,"unknown_count":2,"sources_truncated":false,"unknown_truncated":false,"sources":[{"segment_id_sha256":"9193495fc52c5e4661179ce941e15eba269a19560b95d07e435758d223d5ab75","media_epoch_id_sha256":"4820c8d5ce65bc12a1197ff4706f6bf346d22f332f24b11ad9941370546c8a99","source_generation_sha256":"efac91a7282ef157247c2d349b9fb2021a3cab423c0dfac7bb40be712b47a014","track_id_sha256":"e46aafb8144e99e2eb8a399c012afbb0b0c0e6368bf7528707a615cb8cc54c83","generation_order":"1","start_pts":"8333333333","end_pts":"16666666666","time_base_num":1,"time_base_den":1000000000,"lifecycle":1,"deleted":false,"binding_present":true,"binding_valid":true,"available_for_selection":true}],"decoded":{"namespace_valid":true,"range_comparable":true,"incomplete":false,"frames_truncated":false,"frame_count":548,"relevant_count":46,"identity_matched":46,"identity_rejected":0,"generation_mismatch":0,"pts_mismatch":0,"duration_invalid":0,"minimum_pts_ns":"16266666666","maximum_pts_ns":"17766666666","maximum_valid_end_ns":"17799999999"},"slice_state_counts":[12,2,0,0,0,0],"reason_counts":[0,2,0,0,12,0,0,0,0,0],"unknown_ranges":[{"start_ns":"16666666666","end_ns":"16666666667","reason":1},{"start_ns":"16666666666","end_ns":"17783000000","reason":1}]}
[selection-attempt] {"reference_sha256":"1be7a6b658bce76622d11c461bb3d02dbae7afd8c09579278164a5816283e463","attempt":4,"attempt_limit":121,"elapsed_ms":"1646","wait_ms":"60000","deadline_exhausted":false,"attempt_exhausted":false,"selection_complete":false,"expanded_start_ns":"16283000000","expanded_end_ns":"17783000000","source_count":1,"unknown_count":2,"sources_truncated":false,"unknown_truncated":false,"sources":[{"segment_id_sha256":"9193495fc52c5e4661179ce941e15eba269a19560b95d07e435758d223d5ab75","media_epoch_id_sha256":"4820c8d5ce65bc12a1197ff4706f6bf346d22f332f24b11ad9941370546c8a99","source_generation_sha256":"efac91a7282ef157247c2d349b9fb2021a3cab423c0dfac7bb40be712b47a014","track_id_sha256":"e46aafb8144e99e2eb8a399c012afbb0b0c0e6368bf7528707a615cb8cc54c83","generation_order":"1","start_pts":"8333333333","end_pts":"16666666666","time_base_num":1,"time_base_den":1000000000,"lifecycle":1,"deleted":false,"binding_present":true,"binding_valid":true,"available_for_selection":true}],"decoded":{"namespace_valid":true,"range_comparable":true,"incomplete":false,"frames_truncated":false,"frame_count":560,"relevant_count":46,"identity_matched":46,"identity_rejected":0,"generation_mismatch":0,"pts_mismatch":0,"duration_invalid":0,"minimum_pts_ns":"16266666666","maximum_pts_ns":"17766666666","maximum_valid_end_ns":"17799999999"},"slice_state_counts":[12,2,0,0,0,0],"reason_counts":[0,2,0,0,12,0,0,0,0,0],"unknown_ranges":[{"start_ns":"16666666666","end_ns":"16666666667","reason":1},{"start_ns":"16666666666","end_ns":"17783000000","reason":1}]}
[selection-attempt] {"reference_sha256":"2de4ec75bdd4cb9805fdcfbd8b9969a15cb7d79e9e0de48ba4b18f9496bd67a8","attempt":4,"attempt_limit":121,"elapsed_ms":"1668","wait_ms":"60000","deadline_exhausted":false,"attempt_exhausted":false,"selection_complete":false,"expanded_start_ns":"16283000000","expanded_end_ns":"17783000000","source_count":1,"unknown_count":2,"sources_truncated":false,"unknown_truncated":false,"sources":[{"segment_id_sha256":"9193495fc52c5e4661179ce941e15eba269a19560b95d07e435758d223d5ab75","media_epoch_id_sha256":"4820c8d5ce65bc12a1197ff4706f6bf346d22f332f24b11ad9941370546c8a99","source_generation_sha256":"efac91a7282ef157247c2d349b9fb2021a3cab423c0dfac7bb40be712b47a014","track_id_sha256":"e46aafb8144e99e2eb8a399c012afbb0b0c0e6368bf7528707a615cb8cc54c83","generation_order":"1","start_pts":"8333333333","end_pts":"16666666666","time_base_num":1,"time_base_den":1000000000,"lifecycle":1,"deleted":false,"binding_present":true,"binding_valid":true,"available_for_selection":true}],"decoded":{"namespace_valid":true,"range_comparable":true,"incomplete":false,"frames_truncated":false,"frame_count":560,"relevant_count":46,"identity_matched":46,"identity_rejected":0,"generation_mismatch":0,"pts_mismatch":0,"duration_invalid":0,"minimum_pts_ns":"16266666666","maximum_pts_ns":"17766666666","maximum_valid_end_ns":"17799999999"},"slice_state_counts":[12,2,0,0,0,0],"reason_counts":[0,2,0,0,12,0,0,0,0,0],"unknown_ranges":[{"start_ns":"16666666666","end_ns":"16666666667","reason":1},{"start_ns":"16666666666","end_ns":"17783000000","reason":1}]}
[selection-attempt] {"reference_sha256":"7a7ad4e70c3b8f520cd5ee03faa28faffbe6ef87662c45789f961fd16dcedfb1","attempt":4,"attempt_limit":121,"elapsed_ms":"1724","wait_ms":"60000","deadline_exhausted":false,"attempt_exhausted":false,"selection_complete":false,"expanded_start_ns":"16283000000","expanded_end_ns":"17783000000","source_count":1,"unknown_count":2,"sources_truncated":false,"unknown_truncated":false,"sources":[{"segment_id_sha256":"9193495fc52c5e4661179ce941e15eba269a19560b95d07e435758d223d5ab75","media_epoch_id_sha256":"4820c8d5ce65bc12a1197ff4706f6bf346d22f332f24b11ad9941370546c8a99","source_generation_sha256":"efac91a7282ef157247c2d349b9fb2021a3cab423c0dfac7bb40be712b47a014","track_id_sha256":"e46aafb8144e99e2eb8a399c012afbb0b0c0e6368bf7528707a615cb8cc54c83","generation_order":"1","start_pts":"8333333333","end_pts":"16666666666","time_base_num":1,"time_base_den":1000000000,"lifecycle":1,"deleted":false,"binding_present":true,"binding_valid":true,"available_for_selection":true}],"decoded":{"namespace_valid":true,"range_comparable":true,"incomplete":false,"frames_truncated":false,"frame_count":564,"relevant_count":46,"identity_matched":46,"identity_rejected":0,"generation_mismatch":0,"pts_mismatch":0,"duration_invalid":0,"minimum_pts_ns":"16266666666","maximum_pts_ns":"17766666666","maximum_valid_end_ns":"17799999999"},"slice_state_counts":[12,2,0,0,0,0],"reason_counts":[0,2,0,0,12,0,0,0,0,0],"unknown_ranges":[{"start_ns":"16666666666","end_ns":"16666666667","reason":1},{"start_ns":"16666666666","end_ns":"17783000000","reason":1}]}
[selection-attempt] {"reference_sha256":"f990d2435e065419e276d4188f4880e254bcae81784f7bf438de44ed0d546203","attempt":4,"attempt_limit":121,"elapsed_ms":"1751","wait_ms":"60000","deadline_exhausted":false,"attempt_exhausted":false,"selection_complete":false,"expanded_start_ns":"16283000000","expanded_end_ns":"17783000000","source_count":1,"unknown_count":2,"sources_truncated":false,"unknown_truncated":false,"sources":[{"segment_id_sha256":"9193495fc52c5e4661179ce941e15eba269a19560b95d07e435758d223d5ab75","media_epoch_id_sha256":"4820c8d5ce65bc12a1197ff4706f6bf346d22f332f24b11ad9941370546c8a99","source_generation_sha256":"efac91a7282ef157247c2d349b9fb2021a3cab423c0dfac7bb40be712b47a014","track_id_sha256":"e46aafb8144e99e2eb8a399c012afbb0b0c0e6368bf7528707a615cb8cc54c83","generation_order":"1","start_pts":"8333333333","end_pts":"16666666666","time_base_num":1,"time_base_den":1000000000,"lifecycle":1,"deleted":false,"binding_present":true,"binding_valid":true,"available_for_selection":true}],"decoded":{"namespace_valid":true,"range_comparable":true,"incomplete":false,"frames_truncated":false,"frame_count":564,"relevant_count":46,"identity_matched":46,"identity_rejected":0,"generation_mismatch":0,"pts_mismatch":0,"duration_invalid":0,"minimum_pts_ns":"16266666666","maximum_pts_ns":"17766666666","maximum_valid_end_ns":"17799999999"},"slice_state_counts":[12,2,0,0,0,0],"reason_counts":[0,2,0,0,12,0,0,0,0,0],"unknown_ranges":[{"start_ns":"16666666666","end_ns":"16666666667","reason":1},{"start_ns":"16666666666","end_ns":"17783000000","reason":1}]}
[selection-attempt] {"reference_sha256":"1be7a6b658bce76622d11c461bb3d02dbae7afd8c09579278164a5816283e463","attempt":5,"attempt_limit":121,"elapsed_ms":"2184","wait_ms":"60000","deadline_exhausted":false,"attempt_exhausted":false,"selection_complete":false,"expanded_start_ns":"16283000000","expanded_end_ns":"17783000000","source_count":1,"unknown_count":2,"sources_truncated":false,"unknown_truncated":false,"sources":[{"segment_id_sha256":"9193495fc52c5e4661179ce941e15eba269a19560b95d07e435758d223d5ab75","media_epoch_id_sha256":"4820c8d5ce65bc12a1197ff4706f6bf346d22f332f24b11ad9941370546c8a99","source_generation_sha256":"efac91a7282ef157247c2d349b9fb2021a3cab423c0dfac7bb40be712b47a014","track_id_sha256":"e46aafb8144e99e2eb8a399c012afbb0b0c0e6368bf7528707a615cb8cc54c83","generation_order":"1","start_pts":"8333333333","end_pts":"16666666666","time_base_num":1,"time_base_den":1000000000,"lifecycle":1,"deleted":false,"binding_present":true,"binding_valid":true,"available_for_selection":true}],"decoded":{"namespace_valid":true,"range_comparable":true,"incomplete":false,"frames_truncated":false,"frame_count":576,"relevant_count":46,"identity_matched":46,"identity_rejected":0,"generation_mismatch":0,"pts_mismatch":0,"duration_invalid":0,"minimum_pts_ns":"16266666666","maximum_pts_ns":"17766666666","maximum_valid_end_ns":"17799999999"},"slice_state_counts":[12,2,0,0,0,0],"reason_counts":[0,2,0,0,12,0,0,0,0,0],"unknown_ranges":[{"start_ns":"16666666666","end_ns":"16666666667","reason":1},{"start_ns":"16666666666","end_ns":"17783000000","reason":1}]}
[selection-attempt] {"reference_sha256":"2de4ec75bdd4cb9805fdcfbd8b9969a15cb7d79e9e0de48ba4b18f9496bd67a8","attempt":5,"attempt_limit":121,"elapsed_ms":"2206","wait_ms":"60000","deadline_exhausted":false,"attempt_exhausted":false,"selection_complete":false,"expanded_start_ns":"16283000000","expanded_end_ns":"17783000000","source_count":1,"unknown_count":2,"sources_truncated":false,"unknown_truncated":false,"sources":[{"segment_id_sha256":"9193495fc52c5e4661179ce941e15eba269a19560b95d07e435758d223d5ab75","media_epoch_id_sha256":"4820c8d5ce65bc12a1197ff4706f6bf346d22f332f24b11ad9941370546c8a99","source_generation_sha256":"efac91a7282ef157247c2d349b9fb2021a3cab423c0dfac7bb40be712b47a014","track_id_sha256":"e46aafb8144e99e2eb8a399c012afbb0b0c0e6368bf7528707a615cb8cc54c83","generation_order":"1","start_pts":"8333333333","end_pts":"16666666666","time_base_num":1,"time_base_den":1000000000,"lifecycle":1,"deleted":false,"binding_present":true,"binding_valid":true,"available_for_selection":true}],"decoded":{"namespace_valid":true,"range_comparable":true,"incomplete":false,"frames_truncated":false,"frame_count":576,"relevant_count":46,"identity_matched":46,"identity_rejected":0,"generation_mismatch":0,"pts_mismatch":0,"duration_invalid":0,"minimum_pts_ns":"16266666666","maximum_pts_ns":"17766666666","maximum_valid_end_ns":"17799999999"},"slice_state_counts":[12,2,0,0,0,0],"reason_counts":[0,2,0,0,12,0,0,0,0,0],"unknown_ranges":[{"start_ns":"16666666666","end_ns":"16666666667","reason":1},{"start_ns":"16666666666","end_ns":"17783000000","reason":1}]}
[selection-attempt] {"reference_sha256":"7a7ad4e70c3b8f520cd5ee03faa28faffbe6ef87662c45789f961fd16dcedfb1","attempt":5,"attempt_limit":121,"elapsed_ms":"2260","wait_ms":"60000","deadline_exhausted":false,"attempt_exhausted":false,"selection_complete":false,"expanded_start_ns":"16283000000","expanded_end_ns":"17783000000","source_count":1,"unknown_count":2,"sources_truncated":false,"unknown_truncated":false,"sources":[{"segment_id_sha256":"9193495fc52c5e4661179ce941e15eba269a19560b95d07e435758d223d5ab75","media_epoch_id_sha256":"4820c8d5ce65bc12a1197ff4706f6bf346d22f332f24b11ad9941370546c8a99","source_generation_sha256":"efac91a7282ef157247c2d349b9fb2021a3cab423c0dfac7bb40be712b47a014","track_id_sha256":"e46aafb8144e99e2eb8a399c012afbb0b0c0e6368bf7528707a615cb8cc54c83","generation_order":"1","start_pts":"8333333333","end_pts":"16666666666","time_base_num":1,"time_base_den":1000000000,"lifecycle":1,"deleted":false,"binding_present":true,"binding_valid":true,"available_for_selection":true}],"decoded":{"namespace_valid":true,"range_comparable":true,"incomplete":false,"frames_truncated":false,"frame_count":580,"relevant_count":46,"identity_matched":46,"identity_rejected":0,"generation_mismatch":0,"pts_mismatch":0,"duration_invalid":0,"minimum_pts_ns":"16266666666","maximum_pts_ns":"17766666666","maximum_valid_end_ns":"17799999999"},"slice_state_counts":[12,2,0,0,0,0],"reason_counts":[0,2,0,0,12,0,0,0,0,0],"unknown_ranges":[{"start_ns":"16666666666","end_ns":"16666666667","reason":1},{"start_ns":"16666666666","end_ns":"17783000000","reason":1}]}
[selection-attempt] {"reference_sha256":"f990d2435e065419e276d4188f4880e254bcae81784f7bf438de44ed0d546203","attempt":5,"attempt_limit":121,"elapsed_ms":"2287","wait_ms":"60000","deadline_exhausted":false,"attempt_exhausted":false,"selection_complete":false,"expanded_start_ns":"16283000000","expanded_end_ns":"17783000000","source_count":1,"unknown_count":2,"sources_truncated":false,"unknown_truncated":false,"sources":[{"segment_id_sha256":"9193495fc52c5e4661179ce941e15eba269a19560b95d07e435758d223d5ab75","media_epoch_id_sha256":"4820c8d5ce65bc12a1197ff4706f6bf346d22f332f24b11ad9941370546c8a99","source_generation_sha256":"efac91a7282ef157247c2d349b9fb2021a3cab423c0dfac7bb40be712b47a014","track_id_sha256":"e46aafb8144e99e2eb8a399c012afbb0b0c0e6368bf7528707a615cb8cc54c83","generation_order":"1","start_pts":"8333333333","end_pts":"16666666666","time_base_num":1,"time_base_den":1000000000,"lifecycle":1,"deleted":false,"binding_present":true,"binding_valid":true,"available_for_selection":true}],"decoded":{"namespace_valid":true,"range_comparable":true,"incomplete":false,"frames_truncated":false,"frame_count":580,"relevant_count":46,"identity_matched":46,"identity_rejected":0,"generation_mismatch":0,"pts_mismatch":0,"duration_invalid":0,"minimum_pts_ns":"16266666666","maximum_pts_ns":"17766666666","maximum_valid_end_ns":"17799999999"},"slice_state_counts":[12,2,0,0,0,0],"reason_counts":[0,2,0,0,12,0,0,0,0,0],"unknown_ranges":[{"start_ns":"16666666666","end_ns":"16666666667","reason":1},{"start_ns":"16666666666","end_ns":"17783000000","reason":1}]}
[selection-attempt] {"reference_sha256":"1be7a6b658bce76622d11c461bb3d02dbae7afd8c09579278164a5816283e463","attempt":6,"attempt_limit":121,"elapsed_ms":"2722","wait_ms":"60000","deadline_exhausted":false,"attempt_exhausted":false,"selection_complete":false,"expanded_start_ns":"16283000000","expanded_end_ns":"17783000000","source_count":1,"unknown_count":2,"sources_truncated":false,"unknown_truncated":false,"sources":[{"segment_id_sha256":"9193495fc52c5e4661179ce941e15eba269a19560b95d07e435758d223d5ab75","media_epoch_id_sha256":"4820c8d5ce65bc12a1197ff4706f6bf346d22f332f24b11ad9941370546c8a99","source_generation_sha256":"efac91a7282ef157247c2d349b9fb2021a3cab423c0dfac7bb40be712b47a014","track_id_sha256":"e46aafb8144e99e2eb8a399c012afbb0b0c0e6368bf7528707a615cb8cc54c83","generation_order":"1","start_pts":"8333333333","end_pts":"16666666666","time_base_num":1,"time_base_den":1000000000,"lifecycle":1,"deleted":false,"binding_present":true,"binding_valid":true,"available_for_selection":true}],"decoded":{"namespace_valid":true,"range_comparable":true,"incomplete":false,"frames_truncated":false,"frame_count":593,"relevant_count":46,"identity_matched":46,"identity_rejected":0,"generation_mismatch":0,"pts_mismatch":0,"duration_invalid":0,"minimum_pts_ns":"16266666666","maximum_pts_ns":"17766666666","maximum_valid_end_ns":"17799999999"},"slice_state_counts":[12,2,0,0,0,0],"reason_counts":[0,2,0,0,12,0,0,0,0,0],"unknown_ranges":[{"start_ns":"16666666666","end_ns":"16666666667","reason":1},{"start_ns":"16666666666","end_ns":"17783000000","reason":1}]}
[selection-attempt] {"reference_sha256":"2de4ec75bdd4cb9805fdcfbd8b9969a15cb7d79e9e0de48ba4b18f9496bd67a8","attempt":6,"attempt_limit":121,"elapsed_ms":"2744","wait_ms":"60000","deadline_exhausted":false,"attempt_exhausted":false,"selection_complete":false,"expanded_start_ns":"16283000000","expanded_end_ns":"17783000000","source_count":1,"unknown_count":2,"sources_truncated":false,"unknown_truncated":false,"sources":[{"segment_id_sha256":"9193495fc52c5e4661179ce941e15eba269a19560b95d07e435758d223d5ab75","media_epoch_id_sha256":"4820c8d5ce65bc12a1197ff4706f6bf346d22f332f24b11ad9941370546c8a99","source_generation_sha256":"efac91a7282ef157247c2d349b9fb2021a3cab423c0dfac7bb40be712b47a014","track_id_sha256":"e46aafb8144e99e2eb8a399c012afbb0b0c0e6368bf7528707a615cb8cc54c83","generation_order":"1","start_pts":"8333333333","end_pts":"16666666666","time_base_num":1,"time_base_den":1000000000,"lifecycle":1,"deleted":false,"binding_present":true,"binding_valid":true,"available_for_selection":true}],"decoded":{"namespace_valid":true,"range_comparable":true,"incomplete":false,"frames_truncated":false,"frame_count":593,"relevant_count":46,"identity_matched":46,"identity_rejected":0,"generation_mismatch":0,"pts_mismatch":0,"duration_invalid":0,"minimum_pts_ns":"16266666666","maximum_pts_ns":"17766666666","maximum_valid_end_ns":"17799999999"},"slice_state_counts":[12,2,0,0,0,0],"reason_counts":[0,2,0,0,12,0,0,0,0,0],"unknown_ranges":[{"start_ns":"16666666666","end_ns":"16666666667","reason":1},{"start_ns":"16666666666","end_ns":"17783000000","reason":1}]}
[selection-attempt] {"reference_sha256":"7a7ad4e70c3b8f520cd5ee03faa28faffbe6ef87662c45789f961fd16dcedfb1","attempt":6,"attempt_limit":121,"elapsed_ms":"2788","wait_ms":"60000","deadline_exhausted":false,"attempt_exhausted":false,"selection_complete":false,"expanded_start_ns":"16283000000","expanded_end_ns":"17783000000","source_count":1,"unknown_count":2,"sources_truncated":false,"unknown_truncated":false,"sources":[{"segment_id_sha256":"9193495fc52c5e4661179ce941e15eba269a19560b95d07e435758d223d5ab75","media_epoch_id_sha256":"4820c8d5ce65bc12a1197ff4706f6bf346d22f332f24b11ad9941370546c8a99","source_generation_sha256":"efac91a7282ef157247c2d349b9fb2021a3cab423c0dfac7bb40be712b47a014","track_id_sha256":"e46aafb8144e99e2eb8a399c012afbb0b0c0e6368bf7528707a615cb8cc54c83","generation_order":"1","start_pts":"8333333333","end_pts":"16666666666","time_base_num":1,"time_base_den":1000000000,"lifecycle":1,"deleted":false,"binding_present":true,"binding_valid":true,"available_for_selection":true}],"decoded":{"namespace_valid":true,"range_comparable":true,"incomplete":false,"frames_truncated":false,"frame_count":593,"relevant_count":46,"identity_matched":46,"identity_rejected":0,"generation_mismatch":0,"pts_mismatch":0,"duration_invalid":0,"minimum_pts_ns":"16266666666","maximum_pts_ns":"17766666666","maximum_valid_end_ns":"17799999999"},"slice_state_counts":[12,2,0,0,0,0],"reason_counts":[0,2,0,0,12,0,0,0,0,0],"unknown_ranges":[{"start_ns":"16666666666","end_ns":"16666666667","reason":1},{"start_ns":"16666666666","end_ns":"17783000000","reason":1}]}
[selection-attempt] {"reference_sha256":"f990d2435e065419e276d4188f4880e254bcae81784f7bf438de44ed0d546203","attempt":6,"attempt_limit":121,"elapsed_ms":"2815","wait_ms":"60000","deadline_exhausted":false,"attempt_exhausted":false,"selection_complete":false,"expanded_start_ns":"16283000000","expanded_end_ns":"17783000000","source_count":1,"unknown_count":2,"sources_truncated":false,"unknown_truncated":false,"sources":[{"segment_id_sha256":"9193495fc52c5e4661179ce941e15eba269a19560b95d07e435758d223d5ab75","media_epoch_id_sha256":"4820c8d5ce65bc12a1197ff4706f6bf346d22f332f24b11ad9941370546c8a99","source_generation_sha256":"efac91a7282ef157247c2d349b9fb2021a3cab423c0dfac7bb40be712b47a014","track_id_sha256":"e46aafb8144e99e2eb8a399c012afbb0b0c0e6368bf7528707a615cb8cc54c83","generation_order":"1","start_pts":"8333333333","end_pts":"16666666666","time_base_num":1,"time_base_den":1000000000,"lifecycle":1,"deleted":false,"binding_present":true,"binding_valid":true,"available_for_selection":true}],"decoded":{"namespace_valid":true,"range_comparable":true,"incomplete":false,"frames_truncated":false,"frame_count":597,"relevant_count":46,"identity_matched":46,"identity_rejected":0,"generation_mismatch":0,"pts_mismatch":0,"duration_invalid":0,"minimum_pts_ns":"16266666666","maximum_pts_ns":"17766666666","maximum_valid_end_ns":"17799999999"},"slice_state_counts":[12,2,0,0,0,0],"reason_counts":[0,2,0,0,12,0,0,0,0,0],"unknown_ranges":[{"start_ns":"16666666666","end_ns":"16666666667","reason":1},{"start_ns":"16666666666","end_ns":"17783000000","reason":1}]}
[selection-attempt] {"reference_sha256":"1be7a6b658bce76622d11c461bb3d02dbae7afd8c09579278164a5816283e463","attempt":7,"attempt_limit":121,"elapsed_ms":"3255","wait_ms":"60000","deadline_exhausted":false,"attempt_exhausted":false,"selection_complete":false,"expanded_start_ns":"16283000000","expanded_end_ns":"17783000000","source_count":1,"unknown_count":2,"sources_truncated":false,"unknown_truncated":false,"sources":[{"segment_id_sha256":"9193495fc52c5e4661179ce941e15eba269a19560b95d07e435758d223d5ab75","media_epoch_id_sha256":"4820c8d5ce65bc12a1197ff4706f6bf346d22f332f24b11ad9941370546c8a99","source_generation_sha256":"efac91a7282ef157247c2d349b9fb2021a3cab423c0dfac7bb40be712b47a014","track_id_sha256":"e46aafb8144e99e2eb8a399c012afbb0b0c0e6368bf7528707a615cb8cc54c83","generation_order":"1","start_pts":"8333333333","end_pts":"16666666666","time_base_num":1,"time_base_den":1000000000,"lifecycle":1,"deleted":false,"binding_present":true,"binding_valid":true,"available_for_selection":true}],"decoded":{"namespace_valid":true,"range_comparable":true,"incomplete":false,"frames_truncated":false,"frame_count":609,"relevant_count":46,"identity_matched":46,"identity_rejected":0,"generation_mismatch":0,"pts_mismatch":0,"duration_invalid":0,"minimum_pts_ns":"16266666666","maximum_pts_ns":"17766666666","maximum_valid_end_ns":"17799999999"},"slice_state_counts":[12,2,0,0,0,0],"reason_counts":[0,2,0,0,12,0,0,0,0,0],"unknown_ranges":[{"start_ns":"16666666666","end_ns":"16666666667","reason":1},{"start_ns":"16666666666","end_ns":"17783000000","reason":1}]}
[selection-attempt] {"reference_sha256":"2de4ec75bdd4cb9805fdcfbd8b9969a15cb7d79e9e0de48ba4b18f9496bd67a8","attempt":7,"attempt_limit":121,"elapsed_ms":"3278","wait_ms":"60000","deadline_exhausted":false,"attempt_exhausted":false,"selection_complete":false,"expanded_start_ns":"16283000000","expanded_end_ns":"17783000000","source_count":1,"unknown_count":2,"sources_truncated":false,"unknown_truncated":false,"sources":[{"segment_id_sha256":"9193495fc52c5e4661179ce941e15eba269a19560b95d07e435758d223d5ab75","media_epoch_id_sha256":"4820c8d5ce65bc12a1197ff4706f6bf346d22f332f24b11ad9941370546c8a99","source_generation_sha256":"efac91a7282ef157247c2d349b9fb2021a3cab423c0dfac7bb40be712b47a014","track_id_sha256":"e46aafb8144e99e2eb8a399c012afbb0b0c0e6368bf7528707a615cb8cc54c83","generation_order":"1","start_pts":"8333333333","end_pts":"16666666666","time_base_num":1,"time_base_den":1000000000,"lifecycle":1,"deleted":false,"binding_present":true,"binding_valid":true,"available_for_selection":true}],"decoded":{"namespace_valid":true,"range_comparable":true,"incomplete":false,"frames_truncated":false,"frame_count":609,"relevant_count":46,"identity_matched":46,"identity_rejected":0,"generation_mismatch":0,"pts_mismatch":0,"duration_invalid":0,"minimum_pts_ns":"16266666666","maximum_pts_ns":"17766666666","maximum_valid_end_ns":"17799999999"},"slice_state_counts":[12,2,0,0,0,0],"reason_counts":[0,2,0,0,12,0,0,0,0,0],"unknown_ranges":[{"start_ns":"16666666666","end_ns":"16666666667","reason":1},{"start_ns":"16666666666","end_ns":"17783000000","reason":1}]}
[selection-attempt] {"reference_sha256":"7a7ad4e70c3b8f520cd5ee03faa28faffbe6ef87662c45789f961fd16dcedfb1","attempt":7,"attempt_limit":121,"elapsed_ms":"3321","wait_ms":"60000","deadline_exhausted":false,"attempt_exhausted":false,"selection_complete":false,"expanded_start_ns":"16283000000","expanded_end_ns":"17783000000","source_count":1,"unknown_count":2,"sources_truncated":false,"unknown_truncated":false,"sources":[{"segment_id_sha256":"9193495fc52c5e4661179ce941e15eba269a19560b95d07e435758d223d5ab75","media_epoch_id_sha256":"4820c8d5ce65bc12a1197ff4706f6bf346d22f332f24b11ad9941370546c8a99","source_generation_sha256":"efac91a7282ef157247c2d349b9fb2021a3cab423c0dfac7bb40be712b47a014","track_id_sha256":"e46aafb8144e99e2eb8a399c012afbb0b0c0e6368bf7528707a615cb8cc54c83","generation_order":"1","start_pts":"8333333333","end_pts":"16666666666","time_base_num":1,"time_base_den":1000000000,"lifecycle":1,"deleted":false,"binding_present":true,"binding_valid":true,"available_for_selection":true}],"decoded":{"namespace_valid":true,"range_comparable":true,"incomplete":false,"frames_truncated":false,"frame_count":609,"relevant_count":46,"identity_matched":46,"identity_rejected":0,"generation_mismatch":0,"pts_mismatch":0,"duration_invalid":0,"minimum_pts_ns":"16266666666","maximum_pts_ns":"17766666666","maximum_valid_end_ns":"17799999999"},"slice_state_counts":[12,2,0,0,0,0],"reason_counts":[0,2,0,0,12,0,0,0,0,0],"unknown_ranges":[{"start_ns":"16666666666","end_ns":"16666666667","reason":1},{"start_ns":"16666666666","end_ns":"17783000000","reason":1}]}
[selection-attempt] {"reference_sha256":"f990d2435e065419e276d4188f4880e254bcae81784f7bf438de44ed0d546203","attempt":7,"attempt_limit":121,"elapsed_ms":"3348","wait_ms":"60000","deadline_exhausted":false,"attempt_exhausted":false,"selection_complete":false,"expanded_start_ns":"16283000000","expanded_end_ns":"17783000000","source_count":1,"unknown_count":2,"sources_truncated":false,"unknown_truncated":false,"sources":[{"segment_id_sha256":"9193495fc52c5e4661179ce941e15eba269a19560b95d07e435758d223d5ab75","media_epoch_id_sha256":"4820c8d5ce65bc12a1197ff4706f6bf346d22f332f24b11ad9941370546c8a99","source_generation_sha256":"efac91a7282ef157247c2d349b9fb2021a3cab423c0dfac7bb40be712b47a014","track_id_sha256":"e46aafb8144e99e2eb8a399c012afbb0b0c0e6368bf7528707a615cb8cc54c83","generation_order":"1","start_pts":"8333333333","end_pts":"16666666666","time_base_num":1,"time_base_den":1000000000,"lifecycle":1,"deleted":false,"binding_present":true,"binding_valid":true,"available_for_selection":true}],"decoded":{"namespace_valid":true,"range_comparable":true,"incomplete":false,"frames_truncated":false,"frame_count":613,"relevant_count":46,"identity_matched":46,"identity_rejected":0,"generation_mismatch":0,"pts_mismatch":0,"duration_invalid":0,"minimum_pts_ns":"16266666666","maximum_pts_ns":"17766666666","maximum_valid_end_ns":"17799999999"},"slice_state_counts":[12,2,0,0,0,0],"reason_counts":[0,2,0,0,12,0,0,0,0,0],"unknown_ranges":[{"start_ns":"16666666666","end_ns":"16666666667","reason":1},{"start_ns":"16666666666","end_ns":"17783000000","reason":1}]}
[selection-attempt] {"reference_sha256":"1be7a6b658bce76622d11c461bb3d02dbae7afd8c09579278164a5816283e463","attempt":8,"attempt_limit":121,"elapsed_ms":"3792","wait_ms":"60000","deadline_exhausted":false,"attempt_exhausted":false,"selection_complete":false,"expanded_start_ns":"16283000000","expanded_end_ns":"17783000000","source_count":1,"unknown_count":2,"sources_truncated":false,"unknown_truncated":false,"sources":[{"segment_id_sha256":"9193495fc52c5e4661179ce941e15eba269a19560b95d07e435758d223d5ab75","media_epoch_id_sha256":"4820c8d5ce65bc12a1197ff4706f6bf346d22f332f24b11ad9941370546c8a99","source_generation_sha256":"efac91a7282ef157247c2d349b9fb2021a3cab423c0dfac7bb40be712b47a014","track_id_sha256":"e46aafb8144e99e2eb8a399c012afbb0b0c0e6368bf7528707a615cb8cc54c83","generation_order":"1","start_pts":"8333333333","end_pts":"16666666666","time_base_num":1,"time_base_den":1000000000,"lifecycle":1,"deleted":false,"binding_present":true,"binding_valid":true,"available_for_selection":true}],"decoded":{"namespace_valid":true,"range_comparable":true,"incomplete":false,"frames_truncated":false,"frame_count":626,"relevant_count":46,"identity_matched":46,"identity_rejected":0,"generation_mismatch":0,"pts_mismatch":0,"duration_invalid":0,"minimum_pts_ns":"16266666666","maximum_pts_ns":"17766666666","maximum_valid_end_ns":"17799999999"},"slice_state_counts":[12,2,0,0,0,0],"reason_counts":[0,2,0,0,12,0,0,0,0,0],"unknown_ranges":[{"start_ns":"16666666666","end_ns":"16666666667","reason":1},{"start_ns":"16666666666","end_ns":"17783000000","reason":1}]}
[selection-attempt] {"reference_sha256":"2de4ec75bdd4cb9805fdcfbd8b9969a15cb7d79e9e0de48ba4b18f9496bd67a8","attempt":8,"attempt_limit":121,"elapsed_ms":"3815","wait_ms":"60000","deadline_exhausted":false,"attempt_exhausted":false,"selection_complete":false,"expanded_start_ns":"16283000000","expanded_end_ns":"17783000000","source_count":1,"unknown_count":2,"sources_truncated":false,"unknown_truncated":false,"sources":[{"segment_id_sha256":"9193495fc52c5e4661179ce941e15eba269a19560b95d07e435758d223d5ab75","media_epoch_id_sha256":"4820c8d5ce65bc12a1197ff4706f6bf346d22f332f24b11ad9941370546c8a99","source_generation_sha256":"efac91a7282ef157247c2d349b9fb2021a3cab423c0dfac7bb40be712b47a014","track_id_sha256":"e46aafb8144e99e2eb8a399c012afbb0b0c0e6368bf7528707a615cb8cc54c83","generation_order":"1","start_pts":"8333333333","end_pts":"16666666666","time_base_num":1,"time_base_den":1000000000,"lifecycle":1,"deleted":false,"binding_present":true,"binding_valid":true,"available_for_selection":true}],"decoded":{"namespace_valid":true,"range_comparable":true,"incomplete":false,"frames_truncated":false,"frame_count":626,"relevant_count":46,"identity_matched":46,"identity_rejected":0,"generation_mismatch":0,"pts_mismatch":0,"duration_invalid":0,"minimum_pts_ns":"16266666666","maximum_pts_ns":"17766666666","maximum_valid_end_ns":"17799999999"},"slice_state_counts":[12,2,0,0,0,0],"reason_counts":[0,2,0,0,12,0,0,0,0,0],"unknown_ranges":[{"start_ns":"16666666666","end_ns":"16666666667","reason":1},{"start_ns":"16666666666","end_ns":"17783000000","reason":1}]}
[selection-attempt] {"reference_sha256":"7a7ad4e70c3b8f520cd5ee03faa28faffbe6ef87662c45789f961fd16dcedfb1","attempt":8,"attempt_limit":121,"elapsed_ms":"3851","wait_ms":"60000","deadline_exhausted":false,"attempt_exhausted":false,"selection_complete":false,"expanded_start_ns":"16283000000","expanded_end_ns":"17783000000","source_count":1,"unknown_count":2,"sources_truncated":false,"unknown_truncated":false,"sources":[{"segment_id_sha256":"9193495fc52c5e4661179ce941e15eba269a19560b95d07e435758d223d5ab75","media_epoch_id_sha256":"4820c8d5ce65bc12a1197ff4706f6bf346d22f332f24b11ad9941370546c8a99","source_generation_sha256":"efac91a7282ef157247c2d349b9fb2021a3cab423c0dfac7bb40be712b47a014","track_id_sha256":"e46aafb8144e99e2eb8a399c012afbb0b0c0e6368bf7528707a615cb8cc54c83","generation_order":"1","start_pts":"8333333333","end_pts":"16666666666","time_base_num":1,"time_base_den":1000000000,"lifecycle":1,"deleted":false,"binding_present":true,"binding_valid":true,"available_for_selection":true}],"decoded":{"namespace_valid":true,"range_comparable":true,"incomplete":false,"frames_truncated":false,"frame_count":626,"relevant_count":46,"identity_matched":46,"identity_rejected":0,"generation_mismatch":0,"pts_mismatch":0,"duration_invalid":0,"minimum_pts_ns":"16266666666","maximum_pts_ns":"17766666666","maximum_valid_end_ns":"17799999999"},"slice_state_counts":[12,2,0,0,0,0],"reason_counts":[0,2,0,0,12,0,0,0,0,0],"unknown_ranges":[{"start_ns":"16666666666","end_ns":"16666666667","reason":1},{"start_ns":"16666666666","end_ns":"17783000000","reason":1}]}
[selection-attempt] {"reference_sha256":"f990d2435e065419e276d4188f4880e254bcae81784f7bf438de44ed0d546203","attempt":8,"attempt_limit":121,"elapsed_ms":"3878","wait_ms":"60000","deadline_exhausted":false,"attempt_exhausted":false,"selection_complete":false,"expanded_start_ns":"16283000000","expanded_end_ns":"17783000000","source_count":1,"unknown_count":2,"sources_truncated":false,"unknown_truncated":false,"sources":[{"segment_id_sha256":"9193495fc52c5e4661179ce941e15eba269a19560b95d07e435758d223d5ab75","media_epoch_id_sha256":"4820c8d5ce65bc12a1197ff4706f6bf346d22f332f24b11ad9941370546c8a99","source_generation_sha256":"efac91a7282ef157247c2d349b9fb2021a3cab423c0dfac7bb40be712b47a014","track_id_sha256":"e46aafb8144e99e2eb8a399c012afbb0b0c0e6368bf7528707a615cb8cc54c83","generation_order":"1","start_pts":"8333333333","end_pts":"16666666666","time_base_num":1,"time_base_den":1000000000,"lifecycle":1,"deleted":false,"binding_present":true,"binding_valid":true,"available_for_selection":true}],"decoded":{"namespace_valid":true,"range_comparable":true,"incomplete":false,"frames_truncated":false,"frame_count":626,"relevant_count":46,"identity_matched":46,"identity_rejected":0,"generation_mismatch":0,"pts_mismatch":0,"duration_invalid":0,"minimum_pts_ns":"16266666666","maximum_pts_ns":"17766666666","maximum_valid_end_ns":"17799999999"},"slice_state_counts":[12,2,0,0,0,0],"reason_counts":[0,2,0,0,12,0,0,0,0,0],"unknown_ranges":[{"start_ns":"16666666666","end_ns":"16666666667","reason":1},{"start_ns":"16666666666","end_ns":"17783000000","reason":1}]}
[selection-attempt] {"reference_sha256":"1be7a6b658bce76622d11c461bb3d02dbae7afd8c09579278164a5816283e463","attempt":9,"attempt_limit":121,"elapsed_ms":"4321","wait_ms":"60000","deadline_exhausted":false,"attempt_exhausted":false,"selection_complete":false,"expanded_start_ns":"16283000000","expanded_end_ns":"17783000000","source_count":1,"unknown_count":2,"sources_truncated":false,"unknown_truncated":false,"sources":[{"segment_id_sha256":"9193495fc52c5e4661179ce941e15eba269a19560b95d07e435758d223d5ab75","media_epoch_id_sha256":"4820c8d5ce65bc12a1197ff4706f6bf346d22f332f24b11ad9941370546c8a99","source_generation_sha256":"efac91a7282ef157247c2d349b9fb2021a3cab423c0dfac7bb40be712b47a014","track_id_sha256":"e46aafb8144e99e2eb8a399c012afbb0b0c0e6368bf7528707a615cb8cc54c83","generation_order":"1","start_pts":"8333333333","end_pts":"16666666666","time_base_num":1,"time_base_den":1000000000,"lifecycle":1,"deleted":false,"binding_present":true,"binding_valid":true,"available_for_selection":true}],"decoded":{"namespace_valid":true,"range_comparable":true,"incomplete":false,"frames_truncated":false,"frame_count":642,"relevant_count":46,"identity_matched":46,"identity_rejected":0,"generation_mismatch":0,"pts_mismatch":0,"duration_invalid":0,"minimum_pts_ns":"16266666666","maximum_pts_ns":"17766666666","maximum_valid_end_ns":"17799999999"},"slice_state_counts":[12,2,0,0,0,0],"reason_counts":[0,2,0,0,12,0,0,0,0,0],"unknown_ranges":[{"start_ns":"16666666666","end_ns":"16666666667","reason":1},{"start_ns":"16666666666","end_ns":"17783000000","reason":1}]}
[selection-attempt] {"reference_sha256":"2de4ec75bdd4cb9805fdcfbd8b9969a15cb7d79e9e0de48ba4b18f9496bd67a8","attempt":9,"attempt_limit":121,"elapsed_ms":"4344","wait_ms":"60000","deadline_exhausted":false,"attempt_exhausted":false,"selection_complete":false,"expanded_start_ns":"16283000000","expanded_end_ns":"17783000000","source_count":1,"unknown_count":2,"sources_truncated":false,"unknown_truncated":false,"sources":[{"segment_id_sha256":"9193495fc52c5e4661179ce941e15eba269a19560b95d07e435758d223d5ab75","media_epoch_id_sha256":"4820c8d5ce65bc12a1197ff4706f6bf346d22f332f24b11ad9941370546c8a99","source_generation_sha256":"efac91a7282ef157247c2d349b9fb2021a3cab423c0dfac7bb40be712b47a014","track_id_sha256":"e46aafb8144e99e2eb8a399c012afbb0b0c0e6368bf7528707a615cb8cc54c83","generation_order":"1","start_pts":"8333333333","end_pts":"16666666666","time_base_num":1,"time_base_den":1000000000,"lifecycle":1,"deleted":false,"binding_present":true,"binding_valid":true,"available_for_selection":true}],"decoded":{"namespace_valid":true,"range_comparable":true,"incomplete":false,"frames_truncated":false,"frame_count":642,"relevant_count":46,"identity_matched":46,"identity_rejected":0,"generation_mismatch":0,"pts_mismatch":0,"duration_invalid":0,"minimum_pts_ns":"16266666666","maximum_pts_ns":"17766666666","maximum_valid_end_ns":"17799999999"},"slice_state_counts":[12,2,0,0,0,0],"reason_counts":[0,2,0,0,12,0,0,0,0,0],"unknown_ranges":[{"start_ns":"16666666666","end_ns":"16666666667","reason":1},{"start_ns":"16666666666","end_ns":"17783000000","reason":1}]}
[selection-attempt] {"reference_sha256":"7a7ad4e70c3b8f520cd5ee03faa28faffbe6ef87662c45789f961fd16dcedfb1","attempt":9,"attempt_limit":121,"elapsed_ms":"4382","wait_ms":"60000","deadline_exhausted":false,"attempt_exhausted":false,"selection_complete":false,"expanded_start_ns":"16283000000","expanded_end_ns":"17783000000","source_count":1,"unknown_count":2,"sources_truncated":false,"unknown_truncated":false,"sources":[{"segment_id_sha256":"9193495fc52c5e4661179ce941e15eba269a19560b95d07e435758d223d5ab75","media_epoch_id_sha256":"4820c8d5ce65bc12a1197ff4706f6bf346d22f332f24b11ad9941370546c8a99","source_generation_sha256":"efac91a7282ef157247c2d349b9fb2021a3cab423c0dfac7bb40be712b47a014","track_id_sha256":"e46aafb8144e99e2eb8a399c012afbb0b0c0e6368bf7528707a615cb8cc54c83","generation_order":"1","start_pts":"8333333333","end_pts":"16666666666","time_base_num":1,"time_base_den":1000000000,"lifecycle":1,"deleted":false,"binding_present":true,"binding_valid":true,"available_for_selection":true}],"decoded":{"namespace_valid":true,"range_comparable":true,"incomplete":false,"frames_truncated":false,"frame_count":642,"relevant_count":46,"identity_matched":46,"identity_rejected":0,"generation_mismatch":0,"pts_mismatch":0,"duration_invalid":0,"minimum_pts_ns":"16266666666","maximum_pts_ns":"17766666666","maximum_valid_end_ns":"17799999999"},"slice_state_counts":[12,2,0,0,0,0],"reason_counts":[0,2,0,0,12,0,0,0,0,0],"unknown_ranges":[{"start_ns":"16666666666","end_ns":"16666666667","reason":1},{"start_ns":"16666666666","end_ns":"17783000000","reason":1}]}
[selection-attempt] {"reference_sha256":"f990d2435e065419e276d4188f4880e254bcae81784f7bf438de44ed0d546203","attempt":9,"attempt_limit":121,"elapsed_ms":"4410","wait_ms":"60000","deadline_exhausted":false,"attempt_exhausted":false,"selection_complete":false,"expanded_start_ns":"16283000000","expanded_end_ns":"17783000000","source_count":1,"unknown_count":2,"sources_truncated":false,"unknown_truncated":false,"sources":[{"segment_id_sha256":"9193495fc52c5e4661179ce941e15eba269a19560b95d07e435758d223d5ab75","media_epoch_id_sha256":"4820c8d5ce65bc12a1197ff4706f6bf346d22f332f24b11ad9941370546c8a99","source_generation_sha256":"efac91a7282ef157247c2d349b9fb2021a3cab423c0dfac7bb40be712b47a014","track_id_sha256":"e46aafb8144e99e2eb8a399c012afbb0b0c0e6368bf7528707a615cb8cc54c83","generation_order":"1","start_pts":"8333333333","end_pts":"16666666666","time_base_num":1,"time_base_den":1000000000,"lifecycle":1,"deleted":false,"binding_present":true,"binding_valid":true,"available_for_selection":true}],"decoded":{"namespace_valid":true,"range_comparable":true,"incomplete":false,"frames_truncated":false,"frame_count":642,"relevant_count":46,"identity_matched":46,"identity_rejected":0,"generation_mismatch":0,"pts_mismatch":0,"duration_invalid":0,"minimum_pts_ns":"16266666666","maximum_pts_ns":"17766666666","maximum_valid_end_ns":"17799999999"},"slice_state_counts":[12,2,0,0,0,0],"reason_counts":[0,2,0,0,12,0,0,0,0,0],"unknown_ranges":[{"start_ns":"16666666666","end_ns":"16666666667","reason":1},{"start_ns":"16666666666","end_ns":"17783000000","reason":1}]}
[selection-attempt] {"reference_sha256":"1be7a6b658bce76622d11c461bb3d02dbae7afd8c09579278164a5816283e463","attempt":10,"attempt_limit":121,"elapsed_ms":"4859","wait_ms":"60000","deadline_exhausted":false,"attempt_exhausted":false,"selection_complete":false,"expanded_start_ns":"16283000000","expanded_end_ns":"17783000000","source_count":1,"unknown_count":2,"sources_truncated":false,"unknown_truncated":false,"sources":[{"segment_id_sha256":"9193495fc52c5e4661179ce941e15eba269a19560b95d07e435758d223d5ab75","media_epoch_id_sha256":"4820c8d5ce65bc12a1197ff4706f6bf346d22f332f24b11ad9941370546c8a99","source_generation_sha256":"efac91a7282ef157247c2d349b9fb2021a3cab423c0dfac7bb40be712b47a014","track_id_sha256":"e46aafb8144e99e2eb8a399c012afbb0b0c0e6368bf7528707a615cb8cc54c83","generation_order":"1","start_pts":"8333333333","end_pts":"16666666666","time_base_num":1,"time_base_den":1000000000,"lifecycle":1,"deleted":false,"binding_present":true,"binding_valid":true,"available_for_selection":true}],"decoded":{"namespace_valid":true,"range_comparable":true,"incomplete":false,"frames_truncated":false,"frame_count":658,"relevant_count":46,"identity_matched":46,"identity_rejected":0,"generation_mismatch":0,"pts_mismatch":0,"duration_invalid":0,"minimum_pts_ns":"16266666666","maximum_pts_ns":"17766666666","maximum_valid_end_ns":"17799999999"},"slice_state_counts":[12,2,0,0,0,0],"reason_counts":[0,2,0,0,12,0,0,0,0,0],"unknown_ranges":[{"start_ns":"16666666666","end_ns":"16666666667","reason":1},{"start_ns":"16666666666","end_ns":"17783000000","reason":1}]}
[selection-attempt] {"reference_sha256":"2de4ec75bdd4cb9805fdcfbd8b9969a15cb7d79e9e0de48ba4b18f9496bd67a8","attempt":10,"attempt_limit":121,"elapsed_ms":"4881","wait_ms":"60000","deadline_exhausted":false,"attempt_exhausted":false,"selection_complete":false,"expanded_start_ns":"16283000000","expanded_end_ns":"17783000000","source_count":1,"unknown_count":2,"sources_truncated":false,"unknown_truncated":false,"sources":[{"segment_id_sha256":"9193495fc52c5e4661179ce941e15eba269a19560b95d07e435758d223d5ab75","media_epoch_id_sha256":"4820c8d5ce65bc12a1197ff4706f6bf346d22f332f24b11ad9941370546c8a99","source_generation_sha256":"efac91a7282ef157247c2d349b9fb2021a3cab423c0dfac7bb40be712b47a014","track_id_sha256":"e46aafb8144e99e2eb8a399c012afbb0b0c0e6368bf7528707a615cb8cc54c83","generation_order":"1","start_pts":"8333333333","end_pts":"16666666666","time_base_num":1,"time_base_den":1000000000,"lifecycle":1,"deleted":false,"binding_present":true,"binding_valid":true,"available_for_selection":true}],"decoded":{"namespace_valid":true,"range_comparable":true,"incomplete":false,"frames_truncated":false,"frame_count":658,"relevant_count":46,"identity_matched":46,"identity_rejected":0,"generation_mismatch":0,"pts_mismatch":0,"duration_invalid":0,"minimum_pts_ns":"16266666666","maximum_pts_ns":"17766666666","maximum_valid_end_ns":"17799999999"},"slice_state_counts":[12,2,0,0,0,0],"reason_counts":[0,2,0,0,12,0,0,0,0,0],"unknown_ranges":[{"start_ns":"16666666666","end_ns":"16666666667","reason":1},{"start_ns":"16666666666","end_ns":"17783000000","reason":1}]}
[selection-attempt] {"reference_sha256":"7a7ad4e70c3b8f520cd5ee03faa28faffbe6ef87662c45789f961fd16dcedfb1","attempt":10,"attempt_limit":121,"elapsed_ms":"4911","wait_ms":"60000","deadline_exhausted":false,"attempt_exhausted":false,"selection_complete":false,"expanded_start_ns":"16283000000","expanded_end_ns":"17783000000","source_count":1,"unknown_count":2,"sources_truncated":false,"unknown_truncated":false,"sources":[{"segment_id_sha256":"9193495fc52c5e4661179ce941e15eba269a19560b95d07e435758d223d5ab75","media_epoch_id_sha256":"4820c8d5ce65bc12a1197ff4706f6bf346d22f332f24b11ad9941370546c8a99","source_generation_sha256":"efac91a7282ef157247c2d349b9fb2021a3cab423c0dfac7bb40be712b47a014","track_id_sha256":"e46aafb8144e99e2eb8a399c012afbb0b0c0e6368bf7528707a615cb8cc54c83","generation_order":"1","start_pts":"8333333333","end_pts":"16666666666","time_base_num":1,"time_base_den":1000000000,"lifecycle":1,"deleted":false,"binding_present":true,"binding_valid":true,"available_for_selection":true}],"decoded":{"namespace_valid":true,"range_comparable":true,"incomplete":false,"frames_truncated":false,"frame_count":658,"relevant_count":46,"identity_matched":46,"identity_rejected":0,"generation_mismatch":0,"pts_mismatch":0,"duration_invalid":0,"minimum_pts_ns":"16266666666","maximum_pts_ns":"17766666666","maximum_valid_end_ns":"17799999999"},"slice_state_counts":[12,2,0,0,0,0],"reason_counts":[0,2,0,0,12,0,0,0,0,0],"unknown_ranges":[{"start_ns":"16666666666","end_ns":"16666666667","reason":1},{"start_ns":"16666666666","end_ns":"17783000000","reason":1}]}
[selection-attempt] {"reference_sha256":"f990d2435e065419e276d4188f4880e254bcae81784f7bf438de44ed0d546203","attempt":10,"attempt_limit":121,"elapsed_ms":"4938","wait_ms":"60000","deadline_exhausted":false,"attempt_exhausted":false,"selection_complete":false,"expanded_start_ns":"16283000000","expanded_end_ns":"17783000000","source_count":1,"unknown_count":2,"sources_truncated":false,"unknown_truncated":false,"sources":[{"segment_id_sha256":"9193495fc52c5e4661179ce941e15eba269a19560b95d07e435758d223d5ab75","media_epoch_id_sha256":"4820c8d5ce65bc12a1197ff4706f6bf346d22f332f24b11ad9941370546c8a99","source_generation_sha256":"efac91a7282ef157247c2d349b9fb2021a3cab423c0dfac7bb40be712b47a014","track_id_sha256":"e46aafb8144e99e2eb8a399c012afbb0b0c0e6368bf7528707a615cb8cc54c83","generation_order":"1","start_pts":"8333333333","end_pts":"16666666666","time_base_num":1,"time_base_den":1000000000,"lifecycle":1,"deleted":false,"binding_present":true,"binding_valid":true,"available_for_selection":true}],"decoded":{"namespace_valid":true,"range_comparable":true,"incomplete":false,"frames_truncated":false,"frame_count":658,"relevant_count":46,"identity_matched":46,"identity_rejected":0,"generation_mismatch":0,"pts_mismatch":0,"duration_invalid":0,"minimum_pts_ns":"16266666666","maximum_pts_ns":"17766666666","maximum_valid_end_ns":"17799999999"},"slice_state_counts":[12,2,0,0,0,0],"reason_counts":[0,2,0,0,12,0,0,0,0,0],"unknown_ranges":[{"start_ns":"16666666666","end_ns":"16666666667","reason":1},{"start_ns":"16666666666","end_ns":"17783000000","reason":1}]}
[selection-attempt] {"reference_sha256":"1be7a6b658bce76622d11c461bb3d02dbae7afd8c09579278164a5816283e463","attempt":11,"attempt_limit":121,"elapsed_ms":"5398","wait_ms":"60000","deadline_exhausted":false,"attempt_exhausted":false,"selection_complete":false,"expanded_start_ns":"16283000000","expanded_end_ns":"17783000000","source_count":1,"unknown_count":2,"sources_truncated":false,"unknown_truncated":false,"sources":[{"segment_id_sha256":"9193495fc52c5e4661179ce941e15eba269a19560b95d07e435758d223d5ab75","media_epoch_id_sha256":"4820c8d5ce65bc12a1197ff4706f6bf346d22f332f24b11ad9941370546c8a99","source_generation_sha256":"efac91a7282ef157247c2d349b9fb2021a3cab423c0dfac7bb40be712b47a014","track_id_sha256":"e46aafb8144e99e2eb8a399c012afbb0b0c0e6368bf7528707a615cb8cc54c83","generation_order":"1","start_pts":"8333333333","end_pts":"16666666666","time_base_num":1,"time_base_den":1000000000,"lifecycle":1,"deleted":false,"binding_present":true,"binding_valid":true,"available_for_selection":true}],"decoded":{"namespace_valid":true,"range_comparable":true,"incomplete":false,"frames_truncated":false,"frame_count":674,"relevant_count":46,"identity_matched":46,"identity_rejected":0,"generation_mismatch":0,"pts_mismatch":0,"duration_invalid":0,"minimum_pts_ns":"16266666666","maximum_pts_ns":"17766666666","maximum_valid_end_ns":"17799999999"},"slice_state_counts":[12,2,0,0,0,0],"reason_counts":[0,2,0,0,12,0,0,0,0,0],"unknown_ranges":[{"start_ns":"16666666666","end_ns":"16666666667","reason":1},{"start_ns":"16666666666","end_ns":"17783000000","reason":1}]}
[selection-attempt] {"reference_sha256":"2de4ec75bdd4cb9805fdcfbd8b9969a15cb7d79e9e0de48ba4b18f9496bd67a8","attempt":11,"attempt_limit":121,"elapsed_ms":"5422","wait_ms":"60000","deadline_exhausted":false,"attempt_exhausted":false,"selection_complete":false,"expanded_start_ns":"16283000000","expanded_end_ns":"17783000000","source_count":1,"unknown_count":2,"sources_truncated":false,"unknown_truncated":false,"sources":[{"segment_id_sha256":"9193495fc52c5e4661179ce941e15eba269a19560b95d07e435758d223d5ab75","media_epoch_id_sha256":"4820c8d5ce65bc12a1197ff4706f6bf346d22f332f24b11ad9941370546c8a99","source_generation_sha256":"efac91a7282ef157247c2d349b9fb2021a3cab423c0dfac7bb40be712b47a014","track_id_sha256":"e46aafb8144e99e2eb8a399c012afbb0b0c0e6368bf7528707a615cb8cc54c83","generation_order":"1","start_pts":"8333333333","end_pts":"16666666666","time_base_num":1,"time_base_den":1000000000,"lifecycle":1,"deleted":false,"binding_present":true,"binding_valid":true,"available_for_selection":true}],"decoded":{"namespace_valid":true,"range_comparable":true,"incomplete":false,"frames_truncated":false,"frame_count":674,"relevant_count":46,"identity_matched":46,"identity_rejected":0,"generation_mismatch":0,"pts_mismatch":0,"duration_invalid":0,"minimum_pts_ns":"16266666666","maximum_pts_ns":"17766666666","maximum_valid_end_ns":"17799999999"},"slice_state_counts":[12,2,0,0,0,0],"reason_counts":[0,2,0,0,12,0,0,0,0,0],"unknown_ranges":[{"start_ns":"16666666666","end_ns":"16666666667","reason":1},{"start_ns":"16666666666","end_ns":"17783000000","reason":1}]}
[selection-attempt] {"reference_sha256":"7a7ad4e70c3b8f520cd5ee03faa28faffbe6ef87662c45789f961fd16dcedfb1","attempt":11,"attempt_limit":121,"elapsed_ms":"5450","wait_ms":"60000","deadline_exhausted":false,"attempt_exhausted":false,"selection_complete":false,"expanded_start_ns":"16283000000","expanded_end_ns":"17783000000","source_count":1,"unknown_count":2,"sources_truncated":false,"unknown_truncated":false,"sources":[{"segment_id_sha256":"9193495fc52c5e4661179ce941e15eba269a19560b95d07e435758d223d5ab75","media_epoch_id_sha256":"4820c8d5ce65bc12a1197ff4706f6bf346d22f332f24b11ad9941370546c8a99","source_generation_sha256":"efac91a7282ef157247c2d349b9fb2021a3cab423c0dfac7bb40be712b47a014","track_id_sha256":"e46aafb8144e99e2eb8a399c012afbb0b0c0e6368bf7528707a615cb8cc54c83","generation_order":"1","start_pts":"8333333333","end_pts":"16666666666","time_base_num":1,"time_base_den":1000000000,"lifecycle":1,"deleted":false,"binding_present":true,"binding_valid":true,"available_for_selection":true}],"decoded":{"namespace_valid":true,"range_comparable":true,"incomplete":false,"frames_truncated":false,"frame_count":674,"relevant_count":46,"identity_matched":46,"identity_rejected":0,"generation_mismatch":0,"pts_mismatch":0,"duration_invalid":0,"minimum_pts_ns":"16266666666","maximum_pts_ns":"17766666666","maximum_valid_end_ns":"17799999999"},"slice_state_counts":[12,2,0,0,0,0],"reason_counts":[0,2,0,0,12,0,0,0,0,0],"unknown_ranges":[{"start_ns":"16666666666","end_ns":"16666666667","reason":1},{"start_ns":"16666666666","end_ns":"17783000000","reason":1}]}
[selection-attempt] {"reference_sha256":"f990d2435e065419e276d4188f4880e254bcae81784f7bf438de44ed0d546203","attempt":11,"attempt_limit":121,"elapsed_ms":"5478","wait_ms":"60000","deadline_exhausted":false,"attempt_exhausted":false,"selection_complete":false,"expanded_start_ns":"16283000000","expanded_end_ns":"17783000000","source_count":1,"unknown_count":2,"sources_truncated":false,"unknown_truncated":false,"sources":[{"segment_id_sha256":"9193495fc52c5e4661179ce941e15eba269a19560b95d07e435758d223d5ab75","media_epoch_id_sha256":"4820c8d5ce65bc12a1197ff4706f6bf346d22f332f24b11ad9941370546c8a99","source_generation_sha256":"efac91a7282ef157247c2d349b9fb2021a3cab423c0dfac7bb40be712b47a014","track_id_sha256":"e46aafb8144e99e2eb8a399c012afbb0b0c0e6368bf7528707a615cb8cc54c83","generation_order":"1","start_pts":"8333333333","end_pts":"16666666666","time_base_num":1,"time_base_den":1000000000,"lifecycle":1,"deleted":false,"binding_present":true,"binding_valid":true,"available_for_selection":true}],"decoded":{"namespace_valid":true,"range_comparable":true,"incomplete":false,"frames_truncated":false,"frame_count":674,"relevant_count":46,"identity_matched":46,"identity_rejected":0,"generation_mismatch":0,"pts_mismatch":0,"duration_invalid":0,"minimum_pts_ns":"16266666666","maximum_pts_ns":"17766666666","maximum_valid_end_ns":"17799999999"},"slice_state_counts":[12,2,0,0,0,0],"reason_counts":[0,2,0,0,12,0,0,0,0,0],"unknown_ranges":[{"start_ns":"16666666666","end_ns":"16666666667","reason":1},{"start_ns":"16666666666","end_ns":"17783000000","reason":1}]}
[selection-attempt] {"reference_sha256":"1be7a6b658bce76622d11c461bb3d02dbae7afd8c09579278164a5816283e463","attempt":12,"attempt_limit":121,"elapsed_ms":"5935","wait_ms":"60000","deadline_exhausted":false,"attempt_exhausted":false,"selection_complete":false,"expanded_start_ns":"16283000000","expanded_end_ns":"17783000000","source_count":1,"unknown_count":2,"sources_truncated":false,"unknown_truncated":false,"sources":[{"segment_id_sha256":"9193495fc52c5e4661179ce941e15eba269a19560b95d07e435758d223d5ab75","media_epoch_id_sha256":"4820c8d5ce65bc12a1197ff4706f6bf346d22f332f24b11ad9941370546c8a99","source_generation_sha256":"efac91a7282ef157247c2d349b9fb2021a3cab423c0dfac7bb40be712b47a014","track_id_sha256":"e46aafb8144e99e2eb8a399c012afbb0b0c0e6368bf7528707a615cb8cc54c83","generation_order":"1","start_pts":"8333333333","end_pts":"16666666666","time_base_num":1,"time_base_den":1000000000,"lifecycle":1,"deleted":false,"binding_present":true,"binding_valid":true,"available_for_selection":true}],"decoded":{"namespace_valid":true,"range_comparable":true,"incomplete":false,"frames_truncated":false,"frame_count":690,"relevant_count":46,"identity_matched":46,"identity_rejected":0,"generation_mismatch":0,"pts_mismatch":0,"duration_invalid":0,"minimum_pts_ns":"16266666666","maximum_pts_ns":"17766666666","maximum_valid_end_ns":"17799999999"},"slice_state_counts":[12,2,0,0,0,0],"reason_counts":[0,2,0,0,12,0,0,0,0,0],"unknown_ranges":[{"start_ns":"16666666666","end_ns":"16666666667","reason":1},{"start_ns":"16666666666","end_ns":"17783000000","reason":1}]}
[selection-attempt] {"reference_sha256":"2de4ec75bdd4cb9805fdcfbd8b9969a15cb7d79e9e0de48ba4b18f9496bd67a8","attempt":12,"attempt_limit":121,"elapsed_ms":"5958","wait_ms":"60000","deadline_exhausted":false,"attempt_exhausted":false,"selection_complete":false,"expanded_start_ns":"16283000000","expanded_end_ns":"17783000000","source_count":1,"unknown_count":2,"sources_truncated":false,"unknown_truncated":false,"sources":[{"segment_id_sha256":"9193495fc52c5e4661179ce941e15eba269a19560b95d07e435758d223d5ab75","media_epoch_id_sha256":"4820c8d5ce65bc12a1197ff4706f6bf346d22f332f24b11ad9941370546c8a99","source_generation_sha256":"efac91a7282ef157247c2d349b9fb2021a3cab423c0dfac7bb40be712b47a014","track_id_sha256":"e46aafb8144e99e2eb8a399c012afbb0b0c0e6368bf7528707a615cb8cc54c83","generation_order":"1","start_pts":"8333333333","end_pts":"16666666666","time_base_num":1,"time_base_den":1000000000,"lifecycle":1,"deleted":false,"binding_present":true,"binding_valid":true,"available_for_selection":true}],"decoded":{"namespace_valid":true,"range_comparable":true,"incomplete":false,"frames_truncated":false,"frame_count":690,"relevant_count":46,"identity_matched":46,"identity_rejected":0,"generation_mismatch":0,"pts_mismatch":0,"duration_invalid":0,"minimum_pts_ns":"16266666666","maximum_pts_ns":"17766666666","maximum_valid_end_ns":"17799999999"},"slice_state_counts":[12,2,0,0,0,0],"reason_counts":[0,2,0,0,12,0,0,0,0,0],"unknown_ranges":[{"start_ns":"16666666666","end_ns":"16666666667","reason":1},{"start_ns":"16666666666","end_ns":"17783000000","reason":1}]}
[selection-attempt] {"reference_sha256":"7a7ad4e70c3b8f520cd5ee03faa28faffbe6ef87662c45789f961fd16dcedfb1","attempt":12,"attempt_limit":121,"elapsed_ms":"5986","wait_ms":"60000","deadline_exhausted":false,"attempt_exhausted":false,"selection_complete":false,"expanded_start_ns":"16283000000","expanded_end_ns":"17783000000","source_count":1,"unknown_count":2,"sources_truncated":false,"unknown_truncated":false,"sources":[{"segment_id_sha256":"9193495fc52c5e4661179ce941e15eba269a19560b95d07e435758d223d5ab75","media_epoch_id_sha256":"4820c8d5ce65bc12a1197ff4706f6bf346d22f332f24b11ad9941370546c8a99","source_generation_sha256":"efac91a7282ef157247c2d349b9fb2021a3cab423c0dfac7bb40be712b47a014","track_id_sha256":"e46aafb8144e99e2eb8a399c012afbb0b0c0e6368bf7528707a615cb8cc54c83","generation_order":"1","start_pts":"8333333333","end_pts":"16666666666","time_base_num":1,"time_base_den":1000000000,"lifecycle":1,"deleted":false,"binding_present":true,"binding_valid":true,"available_for_selection":true}],"decoded":{"namespace_valid":true,"range_comparable":true,"incomplete":false,"frames_truncated":false,"frame_count":690,"relevant_count":46,"identity_matched":46,"identity_rejected":0,"generation_mismatch":0,"pts_mismatch":0,"duration_invalid":0,"minimum_pts_ns":"16266666666","maximum_pts_ns":"17766666666","maximum_valid_end_ns":"17799999999"},"slice_state_counts":[12,2,0,0,0,0],"reason_counts":[0,2,0,0,12,0,0,0,0,0],"unknown_ranges":[{"start_ns":"16666666666","end_ns":"16666666667","reason":1},{"start_ns":"16666666666","end_ns":"17783000000","reason":1}]}
[selection-attempt] {"reference_sha256":"f990d2435e065419e276d4188f4880e254bcae81784f7bf438de44ed0d546203","attempt":12,"attempt_limit":121,"elapsed_ms":"6013","wait_ms":"60000","deadline_exhausted":false,"attempt_exhausted":false,"selection_complete":false,"expanded_start_ns":"16283000000","expanded_end_ns":"17783000000","source_count":1,"unknown_count":2,"sources_truncated":false,"unknown_truncated":false,"sources":[{"segment_id_sha256":"9193495fc52c5e4661179ce941e15eba269a19560b95d07e435758d223d5ab75","media_epoch_id_sha256":"4820c8d5ce65bc12a1197ff4706f6bf346d22f332f24b11ad9941370546c8a99","source_generation_sha256":"efac91a7282ef157247c2d349b9fb2021a3cab423c0dfac7bb40be712b47a014","track_id_sha256":"e46aafb8144e99e2eb8a399c012afbb0b0c0e6368bf7528707a615cb8cc54c83","generation_order":"1","start_pts":"8333333333","end_pts":"16666666666","time_base_num":1,"time_base_den":1000000000,"lifecycle":1,"deleted":false,"binding_present":true,"binding_valid":true,"available_for_selection":true}],"decoded":{"namespace_valid":true,"range_comparable":true,"incomplete":false,"frames_truncated":false,"frame_count":690,"relevant_count":46,"identity_matched":46,"identity_rejected":0,"generation_mismatch":0,"pts_mismatch":0,"duration_invalid":0,"minimum_pts_ns":"16266666666","maximum_pts_ns":"17766666666","maximum_valid_end_ns":"17799999999"},"slice_state_counts":[12,2,0,0,0,0],"reason_counts":[0,2,0,0,12,0,0,0,0,0],"unknown_ranges":[{"start_ns":"16666666666","end_ns":"16666666667","reason":1},{"start_ns":"16666666666","end_ns":"17783000000","reason":1}]}
[selection-attempt] {"reference_sha256":"1be7a6b658bce76622d11c461bb3d02dbae7afd8c09579278164a5816283e463","attempt":13,"attempt_limit":121,"elapsed_ms":"6463","wait_ms":"60000","deadline_exhausted":false,"attempt_exhausted":false,"selection_complete":false,"expanded_start_ns":"16283000000","expanded_end_ns":"17783000000","source_count":1,"unknown_count":2,"sources_truncated":false,"unknown_truncated":false,"sources":[{"segment_id_sha256":"9193495fc52c5e4661179ce941e15eba269a19560b95d07e435758d223d5ab75","media_epoch_id_sha256":"4820c8d5ce65bc12a1197ff4706f6bf346d22f332f24b11ad9941370546c8a99","source_generation_sha256":"efac91a7282ef157247c2d349b9fb2021a3cab423c0dfac7bb40be712b47a014","track_id_sha256":"e46aafb8144e99e2eb8a399c012afbb0b0c0e6368bf7528707a615cb8cc54c83","generation_order":"1","start_pts":"8333333333","end_pts":"16666666666","time_base_num":1,"time_base_den":1000000000,"lifecycle":1,"deleted":false,"binding_present":true,"binding_valid":true,"available_for_selection":true}],"decoded":{"namespace_valid":true,"range_comparable":true,"incomplete":false,"frames_truncated":false,"frame_count":706,"relevant_count":46,"identity_matched":46,"identity_rejected":0,"generation_mismatch":0,"pts_mismatch":0,"duration_invalid":0,"minimum_pts_ns":"16266666666","maximum_pts_ns":"17766666666","maximum_valid_end_ns":"17799999999"},"slice_state_counts":[12,2,0,0,0,0],"reason_counts":[0,2,0,0,12,0,0,0,0,0],"unknown_ranges":[{"start_ns":"16666666666","end_ns":"16666666667","reason":1},{"start_ns":"16666666666","end_ns":"17783000000","reason":1}]}
[selection-attempt] {"reference_sha256":"2de4ec75bdd4cb9805fdcfbd8b9969a15cb7d79e9e0de48ba4b18f9496bd67a8","attempt":13,"attempt_limit":121,"elapsed_ms":"6486","wait_ms":"60000","deadline_exhausted":false,"attempt_exhausted":false,"selection_complete":false,"expanded_start_ns":"16283000000","expanded_end_ns":"17783000000","source_count":1,"unknown_count":2,"sources_truncated":false,"unknown_truncated":false,"sources":[{"segment_id_sha256":"9193495fc52c5e4661179ce941e15eba269a19560b95d07e435758d223d5ab75","media_epoch_id_sha256":"4820c8d5ce65bc12a1197ff4706f6bf346d22f332f24b11ad9941370546c8a99","source_generation_sha256":"efac91a7282ef157247c2d349b9fb2021a3cab423c0dfac7bb40be712b47a014","track_id_sha256":"e46aafb8144e99e2eb8a399c012afbb0b0c0e6368bf7528707a615cb8cc54c83","generation_order":"1","start_pts":"8333333333","end_pts":"16666666666","time_base_num":1,"time_base_den":1000000000,"lifecycle":1,"deleted":false,"binding_present":true,"binding_valid":true,"available_for_selection":true}],"decoded":{"namespace_valid":true,"range_comparable":true,"incomplete":false,"frames_truncated":false,"frame_count":706,"relevant_count":46,"identity_matched":46,"identity_rejected":0,"generation_mismatch":0,"pts_mismatch":0,"duration_invalid":0,"minimum_pts_ns":"16266666666","maximum_pts_ns":"17766666666","maximum_valid_end_ns":"17799999999"},"slice_state_counts":[12,2,0,0,0,0],"reason_counts":[0,2,0,0,12,0,0,0,0,0],"unknown_ranges":[{"start_ns":"16666666666","end_ns":"16666666667","reason":1},{"start_ns":"16666666666","end_ns":"17783000000","reason":1}]}
[selection-attempt] {"reference_sha256":"7a7ad4e70c3b8f520cd5ee03faa28faffbe6ef87662c45789f961fd16dcedfb1","attempt":13,"attempt_limit":121,"elapsed_ms":"6514","wait_ms":"60000","deadline_exhausted":false,"attempt_exhausted":false,"selection_complete":false,"expanded_start_ns":"16283000000","expanded_end_ns":"17783000000","source_count":1,"unknown_count":2,"sources_truncated":false,"unknown_truncated":false,"sources":[{"segment_id_sha256":"9193495fc52c5e4661179ce941e15eba269a19560b95d07e435758d223d5ab75","media_epoch_id_sha256":"4820c8d5ce65bc12a1197ff4706f6bf346d22f332f24b11ad9941370546c8a99","source_generation_sha256":"efac91a7282ef157247c2d349b9fb2021a3cab423c0dfac7bb40be712b47a014","track_id_sha256":"e46aafb8144e99e2eb8a399c012afbb0b0c0e6368bf7528707a615cb8cc54c83","generation_order":"1","start_pts":"8333333333","end_pts":"16666666666","time_base_num":1,"time_base_den":1000000000,"lifecycle":1,"deleted":false,"binding_present":true,"binding_valid":true,"available_for_selection":true}],"decoded":{"namespace_valid":true,"range_comparable":true,"incomplete":false,"frames_truncated":false,"frame_count":706,"relevant_count":46,"identity_matched":46,"identity_rejected":0,"generation_mismatch":0,"pts_mismatch":0,"duration_invalid":0,"minimum_pts_ns":"16266666666","maximum_pts_ns":"17766666666","maximum_valid_end_ns":"17799999999"},"slice_state_counts":[12,2,0,0,0,0],"reason_counts":[0,2,0,0,12,0,0,0,0,0],"unknown_ranges":[{"start_ns":"16666666666","end_ns":"16666666667","reason":1},{"start_ns":"16666666666","end_ns":"17783000000","reason":1}]}
[selection-attempt] {"reference_sha256":"f990d2435e065419e276d4188f4880e254bcae81784f7bf438de44ed0d546203","attempt":13,"attempt_limit":121,"elapsed_ms":"6542","wait_ms":"60000","deadline_exhausted":false,"attempt_exhausted":false,"selection_complete":false,"expanded_start_ns":"16283000000","expanded_end_ns":"17783000000","source_count":1,"unknown_count":2,"sources_truncated":false,"unknown_truncated":false,"sources":[{"segment_id_sha256":"9193495fc52c5e4661179ce941e15eba269a19560b95d07e435758d223d5ab75","media_epoch_id_sha256":"4820c8d5ce65bc12a1197ff4706f6bf346d22f332f24b11ad9941370546c8a99","source_generation_sha256":"efac91a7282ef157247c2d349b9fb2021a3cab423c0dfac7bb40be712b47a014","track_id_sha256":"e46aafb8144e99e2eb8a399c012afbb0b0c0e6368bf7528707a615cb8cc54c83","generation_order":"1","start_pts":"8333333333","end_pts":"16666666666","time_base_num":1,"time_base_den":1000000000,"lifecycle":1,"deleted":false,"binding_present":true,"binding_valid":true,"available_for_selection":true}],"decoded":{"namespace_valid":true,"range_comparable":true,"incomplete":false,"frames_truncated":false,"frame_count":706,"relevant_count":46,"identity_matched":46,"identity_rejected":0,"generation_mismatch":0,"pts_mismatch":0,"duration_invalid":0,"minimum_pts_ns":"16266666666","maximum_pts_ns":"17766666666","maximum_valid_end_ns":"17799999999"},"slice_state_counts":[12,2,0,0,0,0],"reason_counts":[0,2,0,0,12,0,0,0,0,0],"unknown_ranges":[{"start_ns":"16666666666","end_ns":"16666666667","reason":1},{"start_ns":"16666666666","end_ns":"17783000000","reason":1}]}
[selection-attempt] {"reference_sha256":"1be7a6b658bce76622d11c461bb3d02dbae7afd8c09579278164a5816283e463","attempt":14,"attempt_limit":121,"elapsed_ms":"7001","wait_ms":"60000","deadline_exhausted":false,"attempt_exhausted":false,"selection_complete":false,"expanded_start_ns":"16283000000","expanded_end_ns":"17783000000","source_count":1,"unknown_count":2,"sources_truncated":false,"unknown_truncated":false,"sources":[{"segment_id_sha256":"9193495fc52c5e4661179ce941e15eba269a19560b95d07e435758d223d5ab75","media_epoch_id_sha256":"4820c8d5ce65bc12a1197ff4706f6bf346d22f332f24b11ad9941370546c8a99","source_generation_sha256":"efac91a7282ef157247c2d349b9fb2021a3cab423c0dfac7bb40be712b47a014","track_id_sha256":"e46aafb8144e99e2eb8a399c012afbb0b0c0e6368bf7528707a615cb8cc54c83","generation_order":"1","start_pts":"8333333333","end_pts":"16666666666","time_base_num":1,"time_base_den":1000000000,"lifecycle":1,"deleted":false,"binding_present":true,"binding_valid":true,"available_for_selection":true}],"decoded":{"namespace_valid":true,"range_comparable":true,"incomplete":false,"frames_truncated":false,"frame_count":722,"relevant_count":46,"identity_matched":46,"identity_rejected":0,"generation_mismatch":0,"pts_mismatch":0,"duration_invalid":0,"minimum_pts_ns":"16266666666","maximum_pts_ns":"17766666666","maximum_valid_end_ns":"17799999999"},"slice_state_counts":[12,2,0,0,0,0],"reason_counts":[0,2,0,0,12,0,0,0,0,0],"unknown_ranges":[{"start_ns":"16666666666","end_ns":"16666666667","reason":1},{"start_ns":"16666666666","end_ns":"17783000000","reason":1}]}
[selection-attempt] {"reference_sha256":"2de4ec75bdd4cb9805fdcfbd8b9969a15cb7d79e9e0de48ba4b18f9496bd67a8","attempt":14,"attempt_limit":121,"elapsed_ms":"7024","wait_ms":"60000","deadline_exhausted":false,"attempt_exhausted":false,"selection_complete":false,"expanded_start_ns":"16283000000","expanded_end_ns":"17783000000","source_count":1,"unknown_count":2,"sources_truncated":false,"unknown_truncated":false,"sources":[{"segment_id_sha256":"9193495fc52c5e4661179ce941e15eba269a19560b95d07e435758d223d5ab75","media_epoch_id_sha256":"4820c8d5ce65bc12a1197ff4706f6bf346d22f332f24b11ad9941370546c8a99","source_generation_sha256":"efac91a7282ef157247c2d349b9fb2021a3cab423c0dfac7bb40be712b47a014","track_id_sha256":"e46aafb8144e99e2eb8a399c012afbb0b0c0e6368bf7528707a615cb8cc54c83","generation_order":"1","start_pts":"8333333333","end_pts":"16666666666","time_base_num":1,"time_base_den":1000000000,"lifecycle":1,"deleted":false,"binding_present":true,"binding_valid":true,"available_for_selection":true}],"decoded":{"namespace_valid":true,"range_comparable":true,"incomplete":false,"frames_truncated":false,"frame_count":722,"relevant_count":46,"identity_matched":46,"identity_rejected":0,"generation_mismatch":0,"pts_mismatch":0,"duration_invalid":0,"minimum_pts_ns":"16266666666","maximum_pts_ns":"17766666666","maximum_valid_end_ns":"17799999999"},"slice_state_counts":[12,2,0,0,0,0],"reason_counts":[0,2,0,0,12,0,0,0,0,0],"unknown_ranges":[{"start_ns":"16666666666","end_ns":"16666666667","reason":1},{"start_ns":"16666666666","end_ns":"17783000000","reason":1}]}
[selection-attempt] {"reference_sha256":"7a7ad4e70c3b8f520cd5ee03faa28faffbe6ef87662c45789f961fd16dcedfb1","attempt":14,"attempt_limit":121,"elapsed_ms":"7052","wait_ms":"60000","deadline_exhausted":false,"attempt_exhausted":false,"selection_complete":false,"expanded_start_ns":"16283000000","expanded_end_ns":"17783000000","source_count":1,"unknown_count":2,"sources_truncated":false,"unknown_truncated":false,"sources":[{"segment_id_sha256":"9193495fc52c5e4661179ce941e15eba269a19560b95d07e435758d223d5ab75","media_epoch_id_sha256":"4820c8d5ce65bc12a1197ff4706f6bf346d22f332f24b11ad9941370546c8a99","source_generation_sha256":"efac91a7282ef157247c2d349b9fb2021a3cab423c0dfac7bb40be712b47a014","track_id_sha256":"e46aafb8144e99e2eb8a399c012afbb0b0c0e6368bf7528707a615cb8cc54c83","generation_order":"1","start_pts":"8333333333","end_pts":"16666666666","time_base_num":1,"time_base_den":1000000000,"lifecycle":1,"deleted":false,"binding_present":true,"binding_valid":true,"available_for_selection":true}],"decoded":{"namespace_valid":true,"range_comparable":true,"incomplete":false,"frames_truncated":false,"frame_count":722,"relevant_count":46,"identity_matched":46,"identity_rejected":0,"generation_mismatch":0,"pts_mismatch":0,"duration_invalid":0,"minimum_pts_ns":"16266666666","maximum_pts_ns":"17766666666","maximum_valid_end_ns":"17799999999"},"slice_state_counts":[12,2,0,0,0,0],"reason_counts":[0,2,0,0,12,0,0,0,0,0],"unknown_ranges":[{"start_ns":"16666666666","end_ns":"16666666667","reason":1},{"start_ns":"16666666666","end_ns":"17783000000","reason":1}]}
[selection-attempt] {"reference_sha256":"f990d2435e065419e276d4188f4880e254bcae81784f7bf438de44ed0d546203","attempt":14,"attempt_limit":121,"elapsed_ms":"7079","wait_ms":"60000","deadline_exhausted":false,"attempt_exhausted":false,"selection_complete":false,"expanded_start_ns":"16283000000","expanded_end_ns":"17783000000","source_count":1,"unknown_count":2,"sources_truncated":false,"unknown_truncated":false,"sources":[{"segment_id_sha256":"9193495fc52c5e4661179ce941e15eba269a19560b95d07e435758d223d5ab75","media_epoch_id_sha256":"4820c8d5ce65bc12a1197ff4706f6bf346d22f332f24b11ad9941370546c8a99","source_generation_sha256":"efac91a7282ef157247c2d349b9fb2021a3cab423c0dfac7bb40be712b47a014","track_id_sha256":"e46aafb8144e99e2eb8a399c012afbb0b0c0e6368bf7528707a615cb8cc54c83","generation_order":"1","start_pts":"8333333333","end_pts":"16666666666","time_base_num":1,"time_base_den":1000000000,"lifecycle":1,"deleted":false,"binding_present":true,"binding_valid":true,"available_for_selection":true}],"decoded":{"namespace_valid":true,"range_comparable":true,"incomplete":false,"frames_truncated":false,"frame_count":722,"relevant_count":46,"identity_matched":46,"identity_rejected":0,"generation_mismatch":0,"pts_mismatch":0,"duration_invalid":0,"minimum_pts_ns":"16266666666","maximum_pts_ns":"17766666666","maximum_valid_end_ns":"17799999999"},"slice_state_counts":[12,2,0,0,0,0],"reason_counts":[0,2,0,0,12,0,0,0,0,0],"unknown_ranges":[{"start_ns":"16666666666","end_ns":"16666666667","reason":1},{"start_ns":"16666666666","end_ns":"17783000000","reason":1}]}
[selection-attempt] {"reference_sha256":"1be7a6b658bce76622d11c461bb3d02dbae7afd8c09579278164a5816283e463","attempt":15,"attempt_limit":121,"elapsed_ms":"7539","wait_ms":"60000","deadline_exhausted":false,"attempt_exhausted":false,"selection_complete":false,"expanded_start_ns":"16283000000","expanded_end_ns":"17783000000","source_count":1,"unknown_count":2,"sources_truncated":false,"unknown_truncated":false,"sources":[{"segment_id_sha256":"9193495fc52c5e4661179ce941e15eba269a19560b95d07e435758d223d5ab75","media_epoch_id_sha256":"4820c8d5ce65bc12a1197ff4706f6bf346d22f332f24b11ad9941370546c8a99","source_generation_sha256":"efac91a7282ef157247c2d349b9fb2021a3cab423c0dfac7bb40be712b47a014","track_id_sha256":"e46aafb8144e99e2eb8a399c012afbb0b0c0e6368bf7528707a615cb8cc54c83","generation_order":"1","start_pts":"8333333333","end_pts":"16666666666","time_base_num":1,"time_base_den":1000000000,"lifecycle":1,"deleted":false,"binding_present":true,"binding_valid":true,"available_for_selection":true}],"decoded":{"namespace_valid":true,"range_comparable":true,"incomplete":false,"frames_truncated":false,"frame_count":738,"relevant_count":46,"identity_matched":46,"identity_rejected":0,"generation_mismatch":0,"pts_mismatch":0,"duration_invalid":0,"minimum_pts_ns":"16266666666","maximum_pts_ns":"17766666666","maximum_valid_end_ns":"17799999999"},"slice_state_counts":[12,2,0,0,0,0],"reason_counts":[0,2,0,0,12,0,0,0,0,0],"unknown_ranges":[{"start_ns":"16666666666","end_ns":"16666666667","reason":1},{"start_ns":"16666666666","end_ns":"17783000000","reason":1}]}
[selection-attempt] {"reference_sha256":"2de4ec75bdd4cb9805fdcfbd8b9969a15cb7d79e9e0de48ba4b18f9496bd67a8","attempt":15,"attempt_limit":121,"elapsed_ms":"7562","wait_ms":"60000","deadline_exhausted":false,"attempt_exhausted":false,"selection_complete":false,"expanded_start_ns":"16283000000","expanded_end_ns":"17783000000","source_count":1,"unknown_count":2,"sources_truncated":false,"unknown_truncated":false,"sources":[{"segment_id_sha256":"9193495fc52c5e4661179ce941e15eba269a19560b95d07e435758d223d5ab75","media_epoch_id_sha256":"4820c8d5ce65bc12a1197ff4706f6bf346d22f332f24b11ad9941370546c8a99","source_generation_sha256":"efac91a7282ef157247c2d349b9fb2021a3cab423c0dfac7bb40be712b47a014","track_id_sha256":"e46aafb8144e99e2eb8a399c012afbb0b0c0e6368bf7528707a615cb8cc54c83","generation_order":"1","start_pts":"8333333333","end_pts":"16666666666","time_base_num":1,"time_base_den":1000000000,"lifecycle":1,"deleted":false,"binding_present":true,"binding_valid":true,"available_for_selection":true}],"decoded":{"namespace_valid":true,"range_comparable":true,"incomplete":false,"frames_truncated":false,"frame_count":738,"relevant_count":46,"identity_matched":46,"identity_rejected":0,"generation_mismatch":0,"pts_mismatch":0,"duration_invalid":0,"minimum_pts_ns":"16266666666","maximum_pts_ns":"17766666666","maximum_valid_end_ns":"17799999999"},"slice_state_counts":[12,2,0,0,0,0],"reason_counts":[0,2,0,0,12,0,0,0,0,0],"unknown_ranges":[{"start_ns":"16666666666","end_ns":"16666666667","reason":1},{"start_ns":"16666666666","end_ns":"17783000000","reason":1}]}
[selection-attempt] {"reference_sha256":"7a7ad4e70c3b8f520cd5ee03faa28faffbe6ef87662c45789f961fd16dcedfb1","attempt":15,"attempt_limit":121,"elapsed_ms":"7590","wait_ms":"60000","deadline_exhausted":false,"attempt_exhausted":false,"selection_complete":false,"expanded_start_ns":"16283000000","expanded_end_ns":"17783000000","source_count":1,"unknown_count":2,"sources_truncated":false,"unknown_truncated":false,"sources":[{"segment_id_sha256":"9193495fc52c5e4661179ce941e15eba269a19560b95d07e435758d223d5ab75","media_epoch_id_sha256":"4820c8d5ce65bc12a1197ff4706f6bf346d22f332f24b11ad9941370546c8a99","source_generation_sha256":"efac91a7282ef157247c2d349b9fb2021a3cab423c0dfac7bb40be712b47a014","track_id_sha256":"e46aafb8144e99e2eb8a399c012afbb0b0c0e6368bf7528707a615cb8cc54c83","generation_order":"1","start_pts":"8333333333","end_pts":"16666666666","time_base_num":1,"time_base_den":1000000000,"lifecycle":1,"deleted":false,"binding_present":true,"binding_valid":true,"available_for_selection":true}],"decoded":{"namespace_valid":true,"range_comparable":true,"incomplete":false,"frames_truncated":false,"frame_count":738,"relevant_count":46,"identity_matched":46,"identity_rejected":0,"generation_mismatch":0,"pts_mismatch":0,"duration_invalid":0,"minimum_pts_ns":"16266666666","maximum_pts_ns":"17766666666","maximum_valid_end_ns":"17799999999"},"slice_state_counts":[12,2,0,0,0,0],"reason_counts":[0,2,0,0,12,0,0,0,0,0],"unknown_ranges":[{"start_ns":"16666666666","end_ns":"16666666667","reason":1},{"start_ns":"16666666666","end_ns":"17783000000","reason":1}]}
[selection-attempt] {"reference_sha256":"f990d2435e065419e276d4188f4880e254bcae81784f7bf438de44ed0d546203","attempt":15,"attempt_limit":121,"elapsed_ms":"7640","wait_ms":"60000","deadline_exhausted":false,"attempt_exhausted":false,"selection_complete":false,"expanded_start_ns":"16283000000","expanded_end_ns":"17783000000","source_count":1,"unknown_count":2,"sources_truncated":false,"unknown_truncated":false,"sources":[{"segment_id_sha256":"9193495fc52c5e4661179ce941e15eba269a19560b95d07e435758d223d5ab75","media_epoch_id_sha256":"4820c8d5ce65bc12a1197ff4706f6bf346d22f332f24b11ad9941370546c8a99","source_generation_sha256":"efac91a7282ef157247c2d349b9fb2021a3cab423c0dfac7bb40be712b47a014","track_id_sha256":"e46aafb8144e99e2eb8a399c012afbb0b0c0e6368bf7528707a615cb8cc54c83","generation_order":"1","start_pts":"8333333333","end_pts":"16666666666","time_base_num":1,"time_base_den":1000000000,"lifecycle":1,"deleted":false,"binding_present":true,"binding_valid":true,"available_for_selection":true}],"decoded":{"namespace_valid":true,"range_comparable":true,"incomplete":false,"frames_truncated":false,"frame_count":738,"relevant_count":46,"identity_matched":46,"identity_rejected":0,"generation_mismatch":0,"pts_mismatch":0,"duration_invalid":0,"minimum_pts_ns":"16266666666","maximum_pts_ns":"17766666666","maximum_valid_end_ns":"17799999999"},"slice_state_counts":[12,2,0,0,0,0],"reason_counts":[0,2,0,0,12,0,0,0,0,0],"unknown_ranges":[{"start_ns":"16666666666","end_ns":"16666666667","reason":1},{"start_ns":"16666666666","end_ns":"17783000000","reason":1}]}
[selection-attempt] {"reference_sha256":"1be7a6b658bce76622d11c461bb3d02dbae7afd8c09579278164a5816283e463","attempt":16,"attempt_limit":121,"elapsed_ms":"8077","wait_ms":"60000","deadline_exhausted":false,"attempt_exhausted":false,"selection_complete":false,"expanded_start_ns":"16283000000","expanded_end_ns":"17783000000","source_count":1,"unknown_count":2,"sources_truncated":false,"unknown_truncated":false,"sources":[{"segment_id_sha256":"9193495fc52c5e4661179ce941e15eba269a19560b95d07e435758d223d5ab75","media_epoch_id_sha256":"4820c8d5ce65bc12a1197ff4706f6bf346d22f332f24b11ad9941370546c8a99","source_generation_sha256":"efac91a7282ef157247c2d349b9fb2021a3cab423c0dfac7bb40be712b47a014","track_id_sha256":"e46aafb8144e99e2eb8a399c012afbb0b0c0e6368bf7528707a615cb8cc54c83","generation_order":"1","start_pts":"8333333333","end_pts":"16666666666","time_base_num":1,"time_base_den":1000000000,"lifecycle":1,"deleted":false,"binding_present":true,"binding_valid":true,"available_for_selection":true}],"decoded":{"namespace_valid":true,"range_comparable":true,"incomplete":false,"frames_truncated":false,"frame_count":754,"relevant_count":46,"identity_matched":46,"identity_rejected":0,"generation_mismatch":0,"pts_mismatch":0,"duration_invalid":0,"minimum_pts_ns":"16266666666","maximum_pts_ns":"17766666666","maximum_valid_end_ns":"17799999999"},"slice_state_counts":[12,2,0,0,0,0],"reason_counts":[0,2,0,0,12,0,0,0,0,0],"unknown_ranges":[{"start_ns":"16666666666","end_ns":"16666666667","reason":1},{"start_ns":"16666666666","end_ns":"17783000000","reason":1}]}
[selection-attempt] {"reference_sha256":"2de4ec75bdd4cb9805fdcfbd8b9969a15cb7d79e9e0de48ba4b18f9496bd67a8","attempt":16,"attempt_limit":9,"elapsed_ms":"8168","wait_ms":"3750","deadline_exhausted":true,"attempt_exhausted":true,"selection_complete":true,"expanded_start_ns":"16283000000","expanded_end_ns":"17783000000","source_count":2,"unknown_count":0,"sources_truncated":false,"unknown_truncated":false,"sources":[{"segment_id_sha256":"9193495fc52c5e4661179ce941e15eba269a19560b95d07e435758d223d5ab75","media_epoch_id_sha256":"4820c8d5ce65bc12a1197ff4706f6bf346d22f332f24b11ad9941370546c8a99","source_generation_sha256":"efac91a7282ef157247c2d349b9fb2021a3cab423c0dfac7bb40be712b47a014","track_id_sha256":"e46aafb8144e99e2eb8a399c012afbb0b0c0e6368bf7528707a615cb8cc54c83","generation_order":"1","start_pts":"8333333333","end_pts":"16666666666","time_base_num":1,"time_base_den":1000000000,"lifecycle":1,"deleted":false,"binding_present":true,"binding_valid":true,"available_for_selection":true},{"segment_id_sha256":"a1bc3a80c3ffac6f04ec2e8520e60c6c12efb533a752f98f4b675ba873edcc6c","media_epoch_id_sha256":"4820c8d5ce65bc12a1197ff4706f6bf346d22f332f24b11ad9941370546c8a99","source_generation_sha256":"efac91a7282ef157247c2d349b9fb2021a3cab423c0dfac7bb40be712b47a014","track_id_sha256":"e46aafb8144e99e2eb8a399c012afbb0b0c0e6368bf7528707a615cb8cc54c83","generation_order":"1","start_pts":"16666666666","end_pts":"24999999999","time_base_num":1,"time_base_den":1000000000,"lifecycle":1,"deleted":false,"binding_present":true,"binding_valid":true,"available_for_selection":true}],"decoded":{"namespace_valid":true,"range_comparable":true,"incomplete":false,"frames_truncated":false,"frame_count":754,"relevant_count":46,"identity_matched":46,"identity_rejected":0,"generation_mismatch":0,"pts_mismatch":0,"duration_invalid":0,"minimum_pts_ns":"16266666666","maximum_pts_ns":"17766666666","maximum_valid_end_ns":"17799999999"},"slice_state_counts":[47,0,0,0,0,0],"reason_counts":[0,0,0,0,47,0,0,0,0,0],"unknown_ranges":[]}
[selection-attempt] {"reference_sha256":"7a7ad4e70c3b8f520cd5ee03faa28faffbe6ef87662c45789f961fd16dcedfb1","attempt":16,"attempt_limit":9,"elapsed_ms":"8837","wait_ms":"3750","deadline_exhausted":true,"attempt_exhausted":true,"selection_complete":true,"expanded_start_ns":"16283000000","expanded_end_ns":"17783000000","source_count":2,"unknown_count":0,"sources_truncated":false,"unknown_truncated":false,"sources":[{"segment_id_sha256":"9193495fc52c5e4661179ce941e15eba269a19560b95d07e435758d223d5ab75","media_epoch_id_sha256":"4820c8d5ce65bc12a1197ff4706f6bf346d22f332f24b11ad9941370546c8a99","source_generation_sha256":"efac91a7282ef157247c2d349b9fb2021a3cab423c0dfac7bb40be712b47a014","track_id_sha256":"e46aafb8144e99e2eb8a399c012afbb0b0c0e6368bf7528707a615cb8cc54c83","generation_order":"1","start_pts":"8333333333","end_pts":"16666666666","time_base_num":1,"time_base_den":1000000000,"lifecycle":1,"deleted":false,"binding_present":true,"binding_valid":true,"available_for_selection":true},{"segment_id_sha256":"a1bc3a80c3ffac6f04ec2e8520e60c6c12efb533a752f98f4b675ba873edcc6c","media_epoch_id_sha256":"4820c8d5ce65bc12a1197ff4706f6bf346d22f332f24b11ad9941370546c8a99","source_generation_sha256":"efac91a7282ef157247c2d349b9fb2021a3cab423c0dfac7bb40be712b47a014","track_id_sha256":"e46aafb8144e99e2eb8a399c012afbb0b0c0e6368bf7528707a615cb8cc54c83","generation_order":"1","start_pts":"16666666666","end_pts":"24999999999","time_base_num":1,"time_base_den":1000000000,"lifecycle":1,"deleted":false,"binding_present":true,"binding_valid":true,"available_for_selection":true}],"decoded":{"namespace_valid":true,"range_comparable":true,"incomplete":false,"frames_truncated":false,"frame_count":763,"relevant_count":46,"identity_matched":46,"identity_rejected":0,"generation_mismatch":0,"pts_mismatch":0,"duration_invalid":0,"minimum_pts_ns":"16266666666","maximum_pts_ns":"17766666666","maximum_valid_end_ns":"17799999999"},"slice_state_counts":[47,0,0,0,0,0],"reason_counts":[0,0,0,0,47,0,0,0,0,0],"unknown_ranges":[]}
[selection-attempt] {"reference_sha256":"f990d2435e065419e276d4188f4880e254bcae81784f7bf438de44ed0d546203","attempt":16,"attempt_limit":9,"elapsed_ms":"9231","wait_ms":"3750","deadline_exhausted":true,"attempt_exhausted":true,"selection_complete":true,"expanded_start_ns":"16283000000","expanded_end_ns":"17783000000","source_count":2,"unknown_count":0,"sources_truncated":false,"unknown_truncated":false,"sources":[{"segment_id_sha256":"9193495fc52c5e4661179ce941e15eba269a19560b95d07e435758d223d5ab75","media_epoch_id_sha256":"4820c8d5ce65bc12a1197ff4706f6bf346d22f332f24b11ad9941370546c8a99","source_generation_sha256":"efac91a7282ef157247c2d349b9fb2021a3cab423c0dfac7bb40be712b47a014","track_id_sha256":"e46aafb8144e99e2eb8a399c012afbb0b0c0e6368bf7528707a615cb8cc54c83","generation_order":"1","start_pts":"8333333333","end_pts":"16666666666","time_base_num":1,"time_base_den":1000000000,"lifecycle":1,"deleted":false,"binding_present":true,"binding_valid":true,"available_for_selection":true},{"segment_id_sha256":"a1bc3a80c3ffac6f04ec2e8520e60c6c12efb533a752f98f4b675ba873edcc6c","media_epoch_id_sha256":"4820c8d5ce65bc12a1197ff4706f6bf346d22f332f24b11ad9941370546c8a99","source_generation_sha256":"efac91a7282ef157247c2d349b9fb2021a3cab423c0dfac7bb40be712b47a014","track_id_sha256":"e46aafb8144e99e2eb8a399c012afbb0b0c0e6368bf7528707a615cb8cc54c83","generation_order":"1","start_pts":"16666666666","end_pts":"24999999999","time_base_num":1,"time_base_den":1000000000,"lifecycle":1,"deleted":false,"binding_present":true,"binding_valid":true,"available_for_selection":true}],"decoded":{"namespace_valid":true,"range_comparable":true,"incomplete":false,"frames_truncated":false,"frame_count":787,"relevant_count":46,"identity_matched":46,"identity_rejected":0,"generation_mismatch":0,"pts_mismatch":0,"duration_invalid":0,"minimum_pts_ns":"16266666666","maximum_pts_ns":"17766666666","maximum_valid_end_ns":"17799999999"},"slice_state_counts":[47,0,0,0,0,0],"reason_counts":[0,0,0,0,47,0,0,0,0,0],"unknown_ranges":[]}
[selection-attempt] {"reference_sha256":"1be7a6b658bce76622d11c461bb3d02dbae7afd8c09579278164a5816283e463","attempt":17,"attempt_limit":9,"elapsed_ms":"9534","wait_ms":"3750","deadline_exhausted":true,"attempt_exhausted":true,"selection_complete":true,"expanded_start_ns":"16283000000","expanded_end_ns":"17783000000","source_count":2,"unknown_count":0,"sources_truncated":false,"unknown_truncated":false,"sources":[{"segment_id_sha256":"9193495fc52c5e4661179ce941e15eba269a19560b95d07e435758d223d5ab75","media_epoch_id_sha256":"4820c8d5ce65bc12a1197ff4706f6bf346d22f332f24b11ad9941370546c8a99","source_generation_sha256":"efac91a7282ef157247c2d349b9fb2021a3cab423c0dfac7bb40be712b47a014","track_id_sha256":"e46aafb8144e99e2eb8a399c012afbb0b0c0e6368bf7528707a615cb8cc54c83","generation_order":"1","start_pts":"8333333333","end_pts":"16666666666","time_base_num":1,"time_base_den":1000000000,"lifecycle":1,"deleted":false,"binding_present":true,"binding_valid":true,"available_for_selection":true},{"segment_id_sha256":"a1bc3a80c3ffac6f04ec2e8520e60c6c12efb533a752f98f4b675ba873edcc6c","media_epoch_id_sha256":"4820c8d5ce65bc12a1197ff4706f6bf346d22f332f24b11ad9941370546c8a99","source_generation_sha256":"efac91a7282ef157247c2d349b9fb2021a3cab423c0dfac7bb40be712b47a014","track_id_sha256":"e46aafb8144e99e2eb8a399c012afbb0b0c0e6368bf7528707a615cb8cc54c83","generation_order":"1","start_pts":"16666666666","end_pts":"24999999999","time_base_num":1,"time_base_den":1000000000,"lifecycle":1,"deleted":false,"binding_present":true,"binding_valid":true,"available_for_selection":true}],"decoded":{"namespace_valid":true,"range_comparable":true,"incomplete":false,"frames_truncated":false,"frame_count":795,"relevant_count":46,"identity_matched":46,"identity_rejected":0,"generation_mismatch":0,"pts_mismatch":0,"duration_invalid":0,"minimum_pts_ns":"16266666666","maximum_pts_ns":"17766666666","maximum_valid_end_ns":"17799999999"},"slice_state_counts":[47,0,0,0,0,0],"reason_counts":[0,0,0,0,47,0,0,0,0,0],"unknown_ranges":[]}
[selection-observation-status] {"referenceSha256":"1be7a6b658bce76622d11c461bb3d02dbae7afd8c09579278164a5816283e463","attempts":17,"status":"terminal-observed"}
[completion-event] {"processOrdinal":1,"v":1,"event":10,"begin":"1130941083","end":"1130942416","thread":4,"request":1,"reference":null,"job":null,"n":0,"x":0,"y":0}
[completion-event] {"processOrdinal":1,"v":1,"event":11,"begin":"1130942416","end":"1130944833","thread":4,"request":1,"reference":null,"job":null,"n":0,"x":0,"y":0}
[completion-event] {"processOrdinal":1,"v":1,"event":12,"begin":"1130944833","end":"1130947375","thread":4,"request":1,"reference":null,"job":null,"n":0,"x":0,"y":0}
[completion-event] {"processOrdinal":1,"v":1,"event":13,"begin":"1130947375","end":"1130948958","thread":4,"request":1,"reference":null,"job":null,"n":0,"x":0,"y":100}
[completion-event] {"processOrdinal":1,"v":1,"event":10,"begin":"1236397041","end":"1236397291","thread":5,"request":2,"reference":null,"job":null,"n":0,"x":0,"y":0}
[completion-event] {"processOrdinal":1,"v":1,"event":11,"begin":"1236397291","end":"1236399125","thread":5,"request":2,"reference":null,"job":null,"n":0,"x":0,"y":0}
[completion-event] {"processOrdinal":1,"v":1,"event":12,"begin":"1236399125","end":"1236400291","thread":5,"request":2,"reference":null,"job":null,"n":0,"x":0,"y":0}
[completion-event] {"processOrdinal":1,"v":1,"event":13,"begin":"1236400291","end":"1236401458","thread":5,"request":2,"reference":null,"job":null,"n":0,"x":0,"y":100}
[completion-event] {"processOrdinal":1,"v":1,"event":10,"begin":"1340834041","end":"1340834291","thread":7,"request":3,"reference":null,"job":null,"n":0,"x":0,"y":0}
[completion-event] {"processOrdinal":1,"v":1,"event":11,"begin":"1340834291","end":"1340836416","thread":7,"request":3,"reference":null,"job":null,"n":0,"x":0,"y":0}
[completion-event] {"processOrdinal":1,"v":1,"event":12,"begin":"1340836416","end":"1340837666","thread":7,"request":3,"reference":null,"job":null,"n":0,"x":0,"y":0}
[completion-event] {"processOrdinal":1,"v":1,"event":13,"begin":"1340837666","end":"1340838916","thread":7,"request":3,"reference":null,"job":null,"n":0,"x":0,"y":100}
[completion-event] {"processOrdinal":1,"v":1,"event":10,"begin":"1445003833","end":"1445004041","thread":8,"request":4,"reference":null,"job":null,"n":0,"x":0,"y":0}
[completion-event] {"processOrdinal":1,"v":1,"event":11,"begin":"1445004041","end":"1445006125","thread":8,"request":4,"reference":null,"job":null,"n":0,"x":0,"y":0}
[completion-event] {"processOrdinal":1,"v":1,"event":12,"begin":"1445006125","end":"1445007708","thread":8,"request":4,"reference":null,"job":null,"n":0,"x":0,"y":0}
[completion-event] {"processOrdinal":1,"v":1,"event":13,"begin":"1445007708","end":"1445008708","thread":8,"request":4,"reference":null,"job":null,"n":0,"x":0,"y":100}
[completion-event] {"processOrdinal":1,"v":1,"event":10,"begin":"1550032708","end":"1550032958","thread":9,"request":5,"reference":null,"job":null,"n":0,"x":0,"y":0}
[completion-event] {"processOrdinal":1,"v":1,"event":11,"begin":"1550032958","end":"1550034791","thread":9,"request":5,"reference":null,"job":null,"n":0,"x":0,"y":0}
[completion-event] {"processOrdinal":1,"v":1,"event":12,"begin":"1550034791","end":"1550036041","thread":9,"request":5,"reference":null,"job":null,"n":0,"x":0,"y":0}
[completion-event] {"processOrdinal":1,"v":1,"event":13,"begin":"1550036041","end":"1550037250","thread":9,"request":5,"reference":null,"job":null,"n":0,"x":0,"y":100}
[completion-event] {"processOrdinal":1,"v":1,"event":10,"begin":"1655149625","end":"1655149958","thread":10,"request":6,"reference":null,"job":null,"n":0,"x":0,"y":0}
[completion-event] {"processOrdinal":1,"v":1,"event":11,"begin":"1655149958","end":"1655153208","thread":10,"request":6,"reference":null,"job":null,"n":0,"x":0,"y":0}
[completion-event] {"processOrdinal":1,"v":1,"event":12,"begin":"1655153208","end":"1655155208","thread":10,"request":6,"reference":null,"job":null,"n":0,"x":0,"y":0}
[completion-event] {"processOrdinal":1,"v":1,"event":13,"begin":"1655155208","end":"1655156750","thread":10,"request":6,"reference":null,"job":null,"n":0,"x":0,"y":100}
[completion-event] {"processOrdinal":1,"v":1,"event":10,"begin":"1760177708","end":"1760177916","thread":11,"request":7,"reference":null,"job":null,"n":0,"x":0,"y":0}
[completion-event] {"processOrdinal":1,"v":1,"event":11,"begin":"1760177916","end":"1760179875","thread":11,"request":7,"reference":null,"job":null,"n":0,"x":0,"y":0}
[completion-event] {"processOrdinal":1,"v":1,"event":12,"begin":"1760179875","end":"1760181250","thread":11,"request":7,"reference":null,"job":null,"n":0,"x":0,"y":0}
[completion-event] {"processOrdinal":1,"v":1,"event":13,"begin":"1760181250","end":"1760182625","thread":11,"request":7,"reference":null,"job":null,"n":0,"x":0,"y":100}
[completion-event] {"processOrdinal":1,"v":1,"event":10,"begin":"1865367500","end":"1865367666","thread":12,"request":8,"reference":null,"job":null,"n":0,"x":0,"y":0}
[completion-event] {"processOrdinal":1,"v":1,"event":11,"begin":"1865367666","end":"1865369708","thread":12,"request":8,"reference":null,"job":null,"n":0,"x":0,"y":0}
[completion-event] {"processOrdinal":1,"v":1,"event":12,"begin":"1865369708","end":"1865370958","thread":12,"request":8,"reference":null,"job":null,"n":0,"x":0,"y":0}
[completion-event] {"processOrdinal":1,"v":1,"event":13,"begin":"1865370958","end":"1865372458","thread":12,"request":8,"reference":null,"job":null,"n":0,"x":0,"y":100}
[completion-event] {"processOrdinal":1,"v":1,"event":10,"begin":"1970433375","end":"1970433541","thread":13,"request":9,"reference":null,"job":null,"n":0,"x":0,"y":0}
[completion-event] {"processOrdinal":1,"v":1,"event":11,"begin":"1970433541","end":"1970435750","thread":13,"request":9,"reference":null,"job":null,"n":0,"x":0,"y":0}
[completion-event] {"processOrdinal":1,"v":1,"event":12,"begin":"1970435750","end":"1970437000","thread":13,"request":9,"reference":null,"job":null,"n":0,"x":0,"y":0}
[completion-event] {"processOrdinal":1,"v":1,"event":13,"begin":"1970437000","end":"1970438458","thread":13,"request":9,"reference":null,"job":null,"n":0,"x":0,"y":100}
[completion-event] {"processOrdinal":1,"v":1,"event":10,"begin":"2074630875","end":"2074631041","thread":14,"request":10,"reference":null,"job":null,"n":0,"x":0,"y":0}
[completion-event] {"processOrdinal":1,"v":1,"event":11,"begin":"2074631041","end":"2074632708","thread":14,"request":10,"reference":null,"job":null,"n":0,"x":0,"y":0}
[completion-event] {"processOrdinal":1,"v":1,"event":12,"begin":"2074632708","end":"2074633791","thread":14,"request":10,"reference":null,"job":null,"n":0,"x":0,"y":0}
[completion-event] {"processOrdinal":1,"v":1,"event":13,"begin":"2074633791","end":"2074634708","thread":14,"request":10,"reference":null,"job":null,"n":0,"x":0,"y":100}
[completion-event] {"processOrdinal":1,"v":1,"event":10,"begin":"2180085416","end":"2180085625","thread":15,"request":11,"reference":null,"job":null,"n":0,"x":0,"y":0}
[completion-event] {"processOrdinal":1,"v":1,"event":11,"begin":"2180085625","end":"2180087333","thread":15,"request":11,"reference":null,"job":null,"n":0,"x":0,"y":0}
[completion-event] {"processOrdinal":1,"v":1,"event":12,"begin":"2180087333","end":"2180088333","thread":15,"request":11,"reference":null,"job":null,"n":0,"x":0,"y":0}
[completion-event] {"processOrdinal":1,"v":1,"event":13,"begin":"2180088333","end":"2180089375","thread":15,"request":11,"reference":null,"job":null,"n":0,"x":0,"y":100}
[completion-event] {"processOrdinal":1,"v":1,"event":10,"begin":"2285067625","end":"2285067833","thread":16,"request":12,"reference":null,"job":null,"n":0,"x":0,"y":0}
[completion-event] {"processOrdinal":1,"v":1,"event":11,"begin":"2285067833","end":"2285069791","thread":16,"request":12,"reference":null,"job":null,"n":0,"x":0,"y":0}
[completion-event] {"processOrdinal":1,"v":1,"event":12,"begin":"2285069791","end":"2285070916","thread":16,"request":12,"reference":null,"job":null,"n":0,"x":0,"y":0}
[completion-event] {"processOrdinal":1,"v":1,"event":13,"begin":"2285070916","end":"2285071875","thread":16,"request":12,"reference":null,"job":null,"n":0,"x":0,"y":100}
[completion-event] {"processOrdinal":1,"v":1,"event":10,"begin":"2390059041","end":"2390059250","thread":17,"request":13,"reference":null,"job":null,"n":0,"x":0,"y":0}
[completion-event] {"processOrdinal":1,"v":1,"event":11,"begin":"2390059250","end":"2390060875","thread":17,"request":13,"reference":null,"job":null,"n":0,"x":0,"y":0}
[completion-event] {"processOrdinal":1,"v":1,"event":12,"begin":"2390060875","end":"2390061875","thread":17,"request":13,"reference":null,"job":null,"n":0,"x":0,"y":0}
[completion-event] {"processOrdinal":1,"v":1,"event":13,"begin":"2390061875","end":"2390062708","thread":17,"request":13,"reference":null,"job":null,"n":0,"x":0,"y":100}
[completion-event] {"processOrdinal":1,"v":1,"event":10,"begin":"2495052583","end":"2495052750","thread":18,"request":14,"reference":null,"job":null,"n":0,"x":0,"y":0}
[completion-event] {"processOrdinal":1,"v":1,"event":11,"begin":"2495052750","end":"2495054750","thread":18,"request":14,"reference":null,"job":null,"n":0,"x":0,"y":0}
[completion-event] {"processOrdinal":1,"v":1,"event":12,"begin":"2495054750","end":"2495055958","thread":18,"request":14,"reference":null,"job":null,"n":0,"x":0,"y":0}
[completion-event] {"processOrdinal":1,"v":1,"event":13,"begin":"2495055958","end":"2495057333","thread":18,"request":14,"reference":null,"job":null,"n":0,"x":0,"y":100}
[completion-event] {"processOrdinal":1,"v":1,"event":10,"begin":"2599002208","end":"2599002375","thread":19,"request":15,"reference":null,"job":null,"n":0,"x":0,"y":0}
[completion-event] {"processOrdinal":1,"v":1,"event":11,"begin":"2599002375","end":"2599004666","thread":19,"request":15,"reference":null,"job":null,"n":0,"x":0,"y":0}
[completion-event] {"processOrdinal":1,"v":1,"event":12,"begin":"2599004666","end":"2599005791","thread":19,"request":15,"reference":null,"job":null,"n":0,"x":0,"y":0}
[completion-event] {"processOrdinal":1,"v":1,"event":13,"begin":"2599005791","end":"2599007083","thread":19,"request":15,"reference":null,"job":null,"n":0,"x":0,"y":100}
[completion-event] {"processOrdinal":1,"v":1,"event":10,"begin":"2704027416","end":"2704027583","thread":20,"request":16,"reference":null,"job":null,"n":0,"x":0,"y":0}
[completion-event] {"processOrdinal":1,"v":1,"event":11,"begin":"2704027583","end":"2704029625","thread":20,"request":16,"reference":null,"job":null,"n":0,"x":0,"y":0}
[completion-event] {"processOrdinal":1,"v":1,"event":12,"begin":"2704029625","end":"2704030791","thread":20,"request":16,"reference":null,"job":null,"n":0,"x":0,"y":0}
[completion-event] {"processOrdinal":1,"v":1,"event":13,"begin":"2704030791","end":"2704031916","thread":20,"request":16,"reference":null,"job":null,"n":0,"x":0,"y":100}
[completion-event] {"processOrdinal":1,"v":1,"event":10,"begin":"2807354541","end":"2807354750","thread":21,"request":17,"reference":null,"job":null,"n":0,"x":0,"y":0}
[completion-event] {"processOrdinal":1,"v":1,"event":11,"begin":"2807354750","end":"2807356875","thread":21,"request":17,"reference":null,"job":null,"n":0,"x":0,"y":0}
[completion-event] {"processOrdinal":1,"v":1,"event":12,"begin":"2807356875","end":"2807358250","thread":21,"request":17,"reference":null,"job":null,"n":0,"x":0,"y":0}
[completion-event] {"processOrdinal":1,"v":1,"event":13,"begin":"2807358250","end":"2807359750","thread":21,"request":17,"reference":null,"job":null,"n":0,"x":0,"y":100}
[completion-event] {"processOrdinal":1,"v":1,"event":10,"begin":"2912378166","end":"2912378375","thread":22,"request":18,"reference":null,"job":null,"n":0,"x":0,"y":0}
[completion-event] {"processOrdinal":1,"v":1,"event":11,"begin":"2912378375","end":"2912380333","thread":22,"request":18,"reference":null,"job":null,"n":0,"x":0,"y":0}
[completion-event] {"processOrdinal":1,"v":1,"event":12,"begin":"2912380333","end":"2912381500","thread":22,"request":18,"reference":null,"job":null,"n":0,"x":0,"y":0}
[completion-event] {"processOrdinal":1,"v":1,"event":13,"begin":"2912381500","end":"2912382375","thread":22,"request":18,"reference":null,"job":null,"n":0,"x":0,"y":100}
[completion-event] {"processOrdinal":1,"v":1,"event":10,"begin":"3015920250","end":"3015920416","thread":23,"request":19,"reference":null,"job":null,"n":0,"x":0,"y":0}
[completion-event] {"processOrdinal":1,"v":1,"event":11,"begin":"3015920416","end":"3015922500","thread":23,"request":19,"reference":null,"job":null,"n":0,"x":0,"y":0}
[completion-event] {"processOrdinal":1,"v":1,"event":12,"begin":"3015922500","end":"3015923791","thread":23,"request":19,"reference":null,"job":null,"n":0,"x":0,"y":0}
[completion-event] {"processOrdinal":1,"v":1,"event":13,"begin":"3015923791","end":"3015924666","thread":23,"request":19,"reference":null,"job":null,"n":0,"x":0,"y":100}
[completion-event] {"processOrdinal":1,"v":1,"event":10,"begin":"3120675583","end":"3120675750","thread":24,"request":20,"reference":null,"job":null,"n":0,"x":0,"y":0}
[completion-event] {"processOrdinal":1,"v":1,"event":11,"begin":"3120675750","end":"3120677875","thread":24,"request":20,"reference":null,"job":null,"n":0,"x":0,"y":0}
[completion-event] {"processOrdinal":1,"v":1,"event":12,"begin":"3120677875","end":"3120679208","thread":24,"request":20,"reference":null,"job":null,"n":0,"x":0,"y":0}
[completion-event] {"processOrdinal":1,"v":1,"event":13,"begin":"3120679208","end":"3120680375","thread":24,"request":20,"reference":null,"job":null,"n":0,"x":0,"y":100}
[completion-event] {"processOrdinal":1,"v":1,"event":10,"begin":"3224142291","end":"3224142458","thread":25,"request":21,"reference":null,"job":null,"n":0,"x":0,"y":0}
[completion-event] {"processOrdinal":1,"v":1,"event":11,"begin":"3224142458","end":"3224144666","thread":25,"request":21,"reference":null,"job":null,"n":0,"x":0,"y":0}
[completion-event] {"processOrdinal":1,"v":1,"event":12,"begin":"3224144666","end":"3224145875","thread":25,"request":21,"reference":null,"job":null,"n":0,"x":0,"y":0}
[completion-event] {"processOrdinal":1,"v":1,"event":13,"begin":"3224145875","end":"3224147041","thread":25,"request":21,"reference":null,"job":null,"n":0,"x":0,"y":100}
[completion-event] {"processOrdinal":1,"v":1,"event":10,"begin":"3328452250","end":"3328452416","thread":26,"request":22,"reference":null,"job":null,"n":0,"x":0,"y":0}
[completion-event] {"processOrdinal":1,"v":1,"event":11,"begin":"3328452416","end":"3328454250","thread":26,"request":22,"reference":null,"job":null,"n":0,"x":0,"y":0}
[completion-event] {"processOrdinal":1,"v":1,"event":12,"begin":"3328454250","end":"3328455291","thread":26,"request":22,"reference":null,"job":null,"n":0,"x":0,"y":0}
[completion-event] {"processOrdinal":1,"v":1,"event":13,"begin":"3328455291","end":"3328456583","thread":26,"request":22,"reference":null,"job":null,"n":0,"x":0,"y":100}
[completion-event] {"processOrdinal":1,"v":1,"event":10,"begin":"3433240291","end":"3433240500","thread":27,"request":23,"reference":null,"job":null,"n":0,"x":0,"y":0}
[completion-event] {"processOrdinal":1,"v":1,"event":11,"begin":"3433240500","end":"3433242458","thread":27,"request":23,"reference":null,"job":null,"n":0,"x":0,"y":0}
[completion-event] {"processOrdinal":1,"v":1,"event":12,"begin":"3433242458","end":"3433243708","thread":27,"request":23,"reference":null,"job":null,"n":0,"x":0,"y":0}
[completion-event] {"processOrdinal":1,"v":1,"event":13,"begin":"3433243708","end":"3433245041","thread":27,"request":23,"reference":null,"job":null,"n":0,"x":0,"y":100}
[completion-event] {"processOrdinal":1,"v":1,"event":10,"begin":"3537965500","end":"3537965708","thread":28,"request":24,"reference":null,"job":null,"n":0,"x":0,"y":0}
[completion-event] {"processOrdinal":1,"v":1,"event":11,"begin":"3537965708","end":"3537967625","thread":28,"request":24,"reference":null,"job":null,"n":0,"x":0,"y":0}
[completion-event] {"processOrdinal":1,"v":1,"event":12,"begin":"3537967625","end":"3537969166","thread":28,"request":24,"reference":null,"job":null,"n":0,"x":0,"y":0}
[completion-event] {"processOrdinal":1,"v":1,"event":13,"begin":"3537969166","end":"3537970166","thread":28,"request":24,"reference":null,"job":null,"n":0,"x":0,"y":100}
[completion-event] {"processOrdinal":1,"v":1,"event":10,"begin":"3642820125","end":"3642820333","thread":29,"request":25,"reference":null,"job":null,"n":0,"x":0,"y":0}
[completion-event] {"processOrdinal":1,"v":1,"event":11,"begin":"3642820333","end":"3642822250","thread":29,"request":25,"reference":null,"job":null,"n":0,"x":0,"y":0}
[completion-event] {"processOrdinal":1,"v":1,"event":12,"begin":"3642822250","end":"3642823375","thread":29,"request":25,"reference":null,"job":null,"n":0,"x":0,"y":0}
[completion-event] {"processOrdinal":1,"v":1,"event":13,"begin":"3642823375","end":"3642824250","thread":29,"request":25,"reference":null,"job":null,"n":0,"x":0,"y":100}
[completion-event] {"processOrdinal":1,"v":1,"event":10,"begin":"3748043083","end":"3748043291","thread":30,"request":26,"reference":null,"job":null,"n":0,"x":0,"y":0}
[completion-event] {"processOrdinal":1,"v":1,"event":11,"begin":"3748043291","end":"3748045083","thread":30,"request":26,"reference":null,"job":null,"n":0,"x":0,"y":0}
[completion-event] {"processOrdinal":1,"v":1,"event":12,"begin":"3748045083","end":"3748046125","thread":30,"request":26,"reference":null,"job":null,"n":0,"x":0,"y":0}
[completion-event] {"processOrdinal":1,"v":1,"event":13,"begin":"3748046125","end":"3748046958","thread":30,"request":26,"reference":null,"job":null,"n":0,"x":0,"y":100}
[completion-event] {"processOrdinal":1,"v":1,"event":10,"begin":"3853163041","end":"3853163250","thread":31,"request":27,"reference":null,"job":null,"n":0,"x":0,"y":0}
[completion-event] {"processOrdinal":1,"v":1,"event":11,"begin":"3853163250","end":"3853165916","thread":31,"request":27,"reference":null,"job":null,"n":0,"x":0,"y":0}
[completion-event] {"processOrdinal":1,"v":1,"event":12,"begin":"3853165916","end":"3853166958","thread":31,"request":27,"reference":null,"job":null,"n":0,"x":0,"y":0}
[completion-event] {"processOrdinal":1,"v":1,"event":13,"begin":"3853166958","end":"3853167833","thread":31,"request":27,"reference":null,"job":null,"n":0,"x":0,"y":100}
[completion-event] {"processOrdinal":1,"v":1,"event":10,"begin":"3957610375","end":"3957610541","thread":32,"request":28,"reference":null,"job":null,"n":0,"x":0,"y":0}
[completion-event] {"processOrdinal":1,"v":1,"event":11,"begin":"3957610541","end":"3957612750","thread":32,"request":28,"reference":null,"job":null,"n":0,"x":0,"y":0}
[completion-event] {"processOrdinal":1,"v":1,"event":12,"begin":"3957612750","end":"3957613958","thread":32,"request":28,"reference":null,"job":null,"n":0,"x":0,"y":0}
[completion-event] {"processOrdinal":1,"v":1,"event":13,"begin":"3957613958","end":"3957615250","thread":32,"request":28,"reference":null,"job":null,"n":0,"x":0,"y":100}
[completion-event] {"processOrdinal":1,"v":1,"event":10,"begin":"4062272375","end":"4062272625","thread":33,"request":29,"reference":null,"job":null,"n":0,"x":0,"y":0}
[completion-event] {"processOrdinal":1,"v":1,"event":11,"begin":"4062272625","end":"4062274541","thread":33,"request":29,"reference":null,"job":null,"n":0,"x":0,"y":0}
[completion-event] {"processOrdinal":1,"v":1,"event":12,"begin":"4062274541","end":"4062275875","thread":33,"request":29,"reference":null,"job":null,"n":0,"x":0,"y":0}
[completion-event] {"processOrdinal":1,"v":1,"event":13,"begin":"4062275875","end":"4062277166","thread":33,"request":29,"reference":null,"job":null,"n":0,"x":0,"y":100}
[completion-event] {"processOrdinal":1,"v":1,"event":10,"begin":"4165750500","end":"4165750666","thread":34,"request":30,"reference":null,"job":null,"n":0,"x":0,"y":0}
[completion-event] {"processOrdinal":1,"v":1,"event":11,"begin":"4165750666","end":"4165752500","thread":34,"request":30,"reference":null,"job":null,"n":0,"x":0,"y":0}
[completion-event] {"processOrdinal":1,"v":1,"event":12,"begin":"4165752500","end":"4165753750","thread":34,"request":30,"reference":null,"job":null,"n":0,"x":0,"y":0}
[completion-event] {"processOrdinal":1,"v":1,"event":13,"begin":"4165753750","end":"4165754791","thread":34,"request":30,"reference":null,"job":null,"n":0,"x":0,"y":100}
[completion-event] {"processOrdinal":1,"v":1,"event":10,"begin":"4269742875","end":"4269743041","thread":35,"request":31,"reference":null,"job":null,"n":0,"x":0,"y":0}
[completion-event] {"processOrdinal":1,"v":1,"event":11,"begin":"4269743041","end":"4269744666","thread":35,"request":31,"reference":null,"job":null,"n":0,"x":0,"y":0}
[completion-event] {"processOrdinal":1,"v":1,"event":12,"begin":"4269744666","end":"4269745708","thread":35,"request":31,"reference":null,"job":null,"n":0,"x":0,"y":0}
[completion-event] {"processOrdinal":1,"v":1,"event":13,"begin":"4269745708","end":"4269746583","thread":35,"request":31,"reference":null,"job":null,"n":0,"x":0,"y":100}
[completion-event] {"processOrdinal":1,"v":1,"event":10,"begin":"4374486500","end":"4374486666","thread":36,"request":32,"reference":null,"job":null,"n":0,"x":0,"y":0}
[completion-event] {"processOrdinal":1,"v":1,"event":11,"begin":"4374486666","end":"4374488958","thread":36,"request":32,"reference":null,"job":null,"n":0,"x":0,"y":0}
[completion-event] {"processOrdinal":1,"v":1,"event":12,"begin":"4374488958","end":"4374490000","thread":36,"request":32,"reference":null,"job":null,"n":0,"x":0,"y":0}
[completion-event] {"processOrdinal":1,"v":1,"event":13,"begin":"4374490000","end":"4374491083","thread":36,"request":32,"reference":null,"job":null,"n":0,"x":0,"y":100}
[completion-event] {"processOrdinal":1,"v":1,"event":10,"begin":"4479592125","end":"4479592333","thread":37,"request":33,"reference":null,"job":null,"n":0,"x":0,"y":0}
[completion-event] {"processOrdinal":1,"v":1,"event":11,"begin":"4479592333","end":"4479594166","thread":37,"request":33,"reference":null,"job":null,"n":0,"x":0,"y":0}
[completion-event] {"processOrdinal":1,"v":1,"event":12,"begin":"4479594166","end":"4479595416","thread":37,"request":33,"reference":null,"job":null,"n":0,"x":0,"y":0}
[completion-event] {"processOrdinal":1,"v":1,"event":13,"begin":"4479595416","end":"4479596500","thread":37,"request":33,"reference":null,"job":null,"n":0,"x":0,"y":100}
[completion-event] {"processOrdinal":1,"v":1,"event":10,"begin":"4582488125","end":"4582488291","thread":38,"request":34,"reference":null,"job":null,"n":0,"x":0,"y":0}
[completion-event] {"processOrdinal":1,"v":1,"event":11,"begin":"4582488291","end":"4582490041","thread":38,"request":34,"reference":null,"job":null,"n":0,"x":0,"y":0}
[completion-event] {"processOrdinal":1,"v":1,"event":12,"begin":"4582490041","end":"4582490916","thread":38,"request":34,"reference":null,"job":null,"n":0,"x":0,"y":0}
[completion-event] {"processOrdinal":1,"v":1,"event":13,"begin":"4582490916","end":"4582491750","thread":38,"request":34,"reference":null,"job":null,"n":0,"x":0,"y":100}
[completion-event] {"processOrdinal":1,"v":1,"event":10,"begin":"4687246916","end":"4687247125","thread":39,"request":35,"reference":null,"job":null,"n":0,"x":0,"y":0}
[completion-event] {"processOrdinal":1,"v":1,"event":11,"begin":"4687247125","end":"4687249041","thread":39,"request":35,"reference":null,"job":null,"n":0,"x":0,"y":0}
[completion-event] {"processOrdinal":1,"v":1,"event":12,"begin":"4687249041","end":"4687250375","thread":39,"request":35,"reference":null,"job":null,"n":0,"x":0,"y":0}
[completion-event] {"processOrdinal":1,"v":1,"event":13,"begin":"4687250375","end":"4687251500","thread":39,"request":35,"reference":null,"job":null,"n":0,"x":0,"y":100}
[completion-event] {"processOrdinal":1,"v":1,"event":10,"begin":"4791095625","end":"4791095791","thread":40,"request":36,"reference":null,"job":null,"n":0,"x":0,"y":0}
[completion-event] {"processOrdinal":1,"v":1,"event":11,"begin":"4791095791","end":"4791097791","thread":40,"request":36,"reference":null,"job":null,"n":0,"x":0,"y":0}
[completion-event] {"processOrdinal":1,"v":1,"event":12,"begin":"4791097791","end":"4791098833","thread":40,"request":36,"reference":null,"job":null,"n":0,"x":0,"y":0}
[completion-event] {"processOrdinal":1,"v":1,"event":13,"begin":"4791098833","end":"4791099875","thread":40,"request":36,"reference":null,"job":null,"n":0,"x":0,"y":100}
[completion-event] {"processOrdinal":1,"v":1,"event":10,"begin":"4895868916","end":"4895869083","thread":41,"request":37,"reference":null,"job":null,"n":0,"x":0,"y":0}
[completion-event] {"processOrdinal":1,"v":1,"event":11,"begin":"4895869083","end":"4895871375","thread":41,"request":37,"reference":null,"job":null,"n":0,"x":0,"y":0}
[completion-event] {"processOrdinal":1,"v":1,"event":12,"begin":"4895871375","end":"4895872541","thread":41,"request":37,"reference":null,"job":null,"n":0,"x":0,"y":0}
[completion-event] {"processOrdinal":1,"v":1,"event":13,"begin":"4895872541","end":"4895873958","thread":41,"request":37,"reference":null,"job":null,"n":0,"x":0,"y":100}
[completion-event] {"processOrdinal":1,"v":1,"event":10,"begin":"5000699333","end":"5000699500","thread":42,"request":38,"reference":null,"job":null,"n":0,"x":0,"y":0}
[completion-event] {"processOrdinal":1,"v":1,"event":11,"begin":"5000699500","end":"5000701458","thread":42,"request":38,"reference":null,"job":null,"n":0,"x":0,"y":0}
[completion-event] {"processOrdinal":1,"v":1,"event":12,"begin":"5000701458","end":"5000702750","thread":42,"request":38,"reference":null,"job":null,"n":0,"x":0,"y":0}
[completion-event] {"processOrdinal":1,"v":1,"event":13,"begin":"5000702750","end":"5000703750","thread":42,"request":38,"reference":null,"job":null,"n":0,"x":0,"y":100}
[completion-event] {"processOrdinal":1,"v":1,"event":10,"begin":"5102807666","end":"5102807833","thread":43,"request":39,"reference":null,"job":null,"n":0,"x":0,"y":0}
[completion-event] {"processOrdinal":1,"v":1,"event":11,"begin":"5102807833","end":"5102809833","thread":43,"request":39,"reference":null,"job":null,"n":0,"x":0,"y":0}
[completion-event] {"processOrdinal":1,"v":1,"event":12,"begin":"5102809833","end":"5102811166","thread":43,"request":39,"reference":null,"job":null,"n":0,"x":0,"y":0}
[completion-event] {"processOrdinal":1,"v":1,"event":13,"begin":"5102811166","end":"5102812500","thread":43,"request":39,"reference":null,"job":null,"n":0,"x":0,"y":100}
[completion-event] {"processOrdinal":1,"v":1,"event":10,"begin":"5207667583","end":"5207667750","thread":44,"request":40,"reference":null,"job":null,"n":0,"x":0,"y":0}
[completion-event] {"processOrdinal":1,"v":1,"event":11,"begin":"5207667750","end":"5207669500","thread":44,"request":40,"reference":null,"job":null,"n":0,"x":0,"y":0}
[completion-event] {"processOrdinal":1,"v":1,"event":12,"begin":"5207669500","end":"5207670583","thread":44,"request":40,"reference":null,"job":null,"n":0,"x":0,"y":0}
[completion-event] {"processOrdinal":1,"v":1,"event":13,"begin":"5207670583","end":"5207671666","thread":44,"request":40,"reference":null,"job":null,"n":0,"x":0,"y":100}
[completion-event] {"processOrdinal":1,"v":1,"event":10,"begin":"5312923625","end":"5312923791","thread":45,"request":41,"reference":null,"job":null,"n":0,"x":0,"y":0}
[completion-event] {"processOrdinal":1,"v":1,"event":11,"begin":"5312923791","end":"5312925750","thread":45,"request":41,"reference":null,"job":null,"n":0,"x":0,"y":0}
[completion-event] {"processOrdinal":1,"v":1,"event":12,"begin":"5312925750","end":"5312926916","thread":45,"request":41,"reference":null,"job":null,"n":0,"x":0,"y":0}
[completion-event] {"processOrdinal":1,"v":1,"event":13,"begin":"5312926916","end":"5312928041","thread":45,"request":41,"reference":null,"job":null,"n":0,"x":0,"y":100}
[completion-event] {"processOrdinal":1,"v":1,"event":10,"begin":"5416968625","end":"5416968791","thread":46,"request":42,"reference":null,"job":null,"n":0,"x":0,"y":0}
[completion-event] {"processOrdinal":1,"v":1,"event":11,"begin":"5416968791","end":"5416970416","thread":46,"request":42,"reference":null,"job":null,"n":0,"x":0,"y":0}
[completion-event] {"processOrdinal":1,"v":1,"event":12,"begin":"5416970416","end":"5416971625","thread":46,"request":42,"reference":null,"job":null,"n":0,"x":0,"y":0}
[completion-event] {"processOrdinal":1,"v":1,"event":13,"begin":"5416971625","end":"5416972583","thread":46,"request":42,"reference":null,"job":null,"n":0,"x":0,"y":100}
[completion-event] {"processOrdinal":1,"v":1,"event":10,"begin":"5521748958","end":"5521749041","thread":47,"request":43,"reference":null,"job":null,"n":0,"x":0,"y":0}
[completion-event] {"processOrdinal":1,"v":1,"event":11,"begin":"5521749041","end":"5521751083","thread":47,"request":43,"reference":null,"job":null,"n":0,"x":0,"y":0}
[completion-event] {"processOrdinal":1,"v":1,"event":12,"begin":"5521751083","end":"5521752125","thread":47,"request":43,"reference":null,"job":null,"n":0,"x":0,"y":0}
[completion-event] {"processOrdinal":1,"v":1,"event":13,"begin":"5521752125","end":"5521753083","thread":47,"request":43,"reference":null,"job":null,"n":0,"x":0,"y":100}
[completion-event] {"processOrdinal":1,"v":1,"event":10,"begin":"5626697750","end":"5626697916","thread":48,"request":44,"reference":null,"job":null,"n":0,"x":0,"y":0}
[completion-event] {"processOrdinal":1,"v":1,"event":11,"begin":"5626697916","end":"5626699916","thread":48,"request":44,"reference":null,"job":null,"n":0,"x":0,"y":0}
[completion-event] {"processOrdinal":1,"v":1,"event":12,"begin":"5626699916","end":"5626701083","thread":48,"request":44,"reference":null,"job":null,"n":0,"x":0,"y":0}
[completion-event] {"processOrdinal":1,"v":1,"event":13,"begin":"5626701083","end":"5626702333","thread":48,"request":44,"reference":null,"job":null,"n":0,"x":0,"y":100}
[completion-event] {"processOrdinal":1,"v":1,"event":10,"begin":"5730853000","end":"5730853166","thread":49,"request":45,"reference":null,"job":null,"n":0,"x":0,"y":0}
[completion-event] {"processOrdinal":1,"v":1,"event":11,"begin":"5730853166","end":"5730855291","thread":49,"request":45,"reference":null,"job":null,"n":0,"x":0,"y":0}
[completion-event] {"processOrdinal":1,"v":1,"event":12,"begin":"5730855291","end":"5730856791","thread":49,"request":45,"reference":null,"job":null,"n":0,"x":0,"y":0}
[completion-event] {"processOrdinal":1,"v":1,"event":13,"begin":"5730856791","end":"5730858041","thread":49,"request":45,"reference":null,"job":null,"n":0,"x":0,"y":100}
[completion-event] {"processOrdinal":1,"v":1,"event":10,"begin":"5835664208","end":"5835664333","thread":50,"request":46,"reference":null,"job":null,"n":0,"x":0,"y":0}
[completion-event] {"processOrdinal":1,"v":1,"event":11,"begin":"5835664333","end":"5835666291","thread":50,"request":46,"reference":null,"job":null,"n":0,"x":0,"y":0}
[completion-event] {"processOrdinal":1,"v":1,"event":12,"begin":"5835666291","end":"5835667541","thread":50,"request":46,"reference":null,"job":null,"n":0,"x":0,"y":0}
[completion-event] {"processOrdinal":1,"v":1,"event":13,"begin":"5835667541","end":"5835668458","thread":50,"request":46,"reference":null,"job":null,"n":0,"x":0,"y":100}
[completion-event] {"processOrdinal":1,"v":1,"event":10,"begin":"5939495875","end":"5939495958","thread":51,"request":47,"reference":null,"job":null,"n":0,"x":0,"y":0}
[completion-event] {"processOrdinal":1,"v":1,"event":11,"begin":"5939495958","end":"5939497541","thread":51,"request":47,"reference":null,"job":null,"n":0,"x":0,"y":0}
[completion-event] {"processOrdinal":1,"v":1,"event":12,"begin":"5939497541","end":"5939498666","thread":51,"request":47,"reference":null,"job":null,"n":0,"x":0,"y":0}
[completion-event] {"processOrdinal":1,"v":1,"event":13,"begin":"5939498666","end":"5939499583","thread":51,"request":47,"reference":null,"job":null,"n":0,"x":0,"y":100}
[completion-event] {"processOrdinal":1,"v":1,"event":10,"begin":"6044440291","end":"6044440458","thread":52,"request":48,"reference":null,"job":null,"n":0,"x":0,"y":0}
[completion-event] {"processOrdinal":1,"v":1,"event":11,"begin":"6044440458","end":"6044442250","thread":52,"request":48,"reference":null,"job":null,"n":0,"x":0,"y":0}
[completion-event] {"processOrdinal":1,"v":1,"event":12,"begin":"6044442250","end":"6044443583","thread":52,"request":48,"reference":null,"job":null,"n":0,"x":0,"y":0}
[completion-event] {"processOrdinal":1,"v":1,"event":13,"begin":"6044443583","end":"6044444416","thread":52,"request":48,"reference":null,"job":null,"n":0,"x":0,"y":100}
[completion-event] {"processOrdinal":1,"v":1,"event":10,"begin":"6149169541","end":"6149169708","thread":53,"request":49,"reference":null,"job":null,"n":0,"x":0,"y":0}
[completion-event] {"processOrdinal":1,"v":1,"event":11,"begin":"6149169708","end":"6149171708","thread":53,"request":49,"reference":null,"job":null,"n":0,"x":0,"y":0}
[completion-event] {"processOrdinal":1,"v":1,"event":12,"begin":"6149171708","end":"6149172833","thread":53,"request":49,"reference":null,"job":null,"n":0,"x":0,"y":0}
[completion-event] {"processOrdinal":1,"v":1,"event":13,"begin":"6149172833","end":"6149174083","thread":53,"request":49,"reference":null,"job":null,"n":0,"x":0,"y":100}
[completion-event] {"processOrdinal":1,"v":1,"event":10,"begin":"6254375125","end":"6254375375","thread":54,"request":50,"reference":null,"job":null,"n":0,"x":0,"y":0}
[completion-event] {"processOrdinal":1,"v":1,"event":11,"begin":"6254375375","end":"6254377166","thread":54,"request":50,"reference":null,"job":null,"n":0,"x":0,"y":0}
[completion-event] {"processOrdinal":1,"v":1,"event":12,"begin":"6254377166","end":"6254378333","thread":54,"request":50,"reference":null,"job":null,"n":0,"x":0,"y":0}
[completion-event] {"processOrdinal":1,"v":1,"event":13,"begin":"6254378333","end":"6254379333","thread":54,"request":50,"reference":null,"job":null,"n":0,"x":0,"y":100}
[completion-event] {"processOrdinal":1,"v":1,"event":10,"begin":"6357326166","end":"6357326333","thread":55,"request":51,"reference":null,"job":null,"n":0,"x":0,"y":0}
[completion-event] {"processOrdinal":1,"v":1,"event":11,"begin":"6357326333","end":"6357328333","thread":55,"request":51,"reference":null,"job":null,"n":0,"x":0,"y":0}
[completion-event] {"processOrdinal":1,"v":1,"event":12,"begin":"6357328333","end":"6357329500","thread":55,"request":51,"reference":null,"job":null,"n":0,"x":0,"y":0}
[completion-event] {"processOrdinal":1,"v":1,"event":13,"begin":"6357329500","end":"6357330458","thread":55,"request":51,"reference":null,"job":null,"n":0,"x":0,"y":100}
[completion-event] {"processOrdinal":1,"v":1,"event":10,"begin":"6462071958","end":"6462072125","thread":56,"request":52,"reference":null,"job":null,"n":0,"x":0,"y":0}
[completion-event] {"processOrdinal":1,"v":1,"event":11,"begin":"6462072125","end":"6462074583","thread":56,"request":52,"reference":null,"job":null,"n":0,"x":0,"y":0}
[completion-event] {"processOrdinal":1,"v":1,"event":12,"begin":"6462074583","end":"6462076416","thread":56,"request":52,"reference":null,"job":null,"n":0,"x":0,"y":0}
[completion-event] {"processOrdinal":1,"v":1,"event":13,"begin":"6462076416","end":"6462077583","thread":56,"request":52,"reference":null,"job":null,"n":0,"x":0,"y":100}
[completion-event] {"processOrdinal":1,"v":1,"event":10,"begin":"6566520750","end":"6566520916","thread":57,"request":53,"reference":null,"job":null,"n":0,"x":0,"y":0}
[completion-event] {"processOrdinal":1,"v":1,"event":11,"begin":"6566520916","end":"6566523000","thread":57,"request":53,"reference":null,"job":null,"n":0,"x":0,"y":0}
[completion-event] {"processOrdinal":1,"v":1,"event":12,"begin":"6566523000","end":"6566524166","thread":57,"request":53,"reference":null,"job":null,"n":0,"x":0,"y":0}
[completion-event] {"processOrdinal":1,"v":1,"event":13,"begin":"6566524166","end":"6566525291","thread":57,"request":53,"reference":null,"job":null,"n":0,"x":0,"y":100}
[completion-event] {"processOrdinal":1,"v":1,"event":10,"begin":"6670380375","end":"6670380541","thread":58,"request":54,"reference":null,"job":null,"n":0,"x":0,"y":0}
[completion-event] {"processOrdinal":1,"v":1,"event":11,"begin":"6670380541","end":"6670382666","thread":58,"request":54,"reference":null,"job":null,"n":0,"x":0,"y":0}
[completion-event] {"processOrdinal":1,"v":1,"event":12,"begin":"6670382666","end":"6670383875","thread":58,"request":54,"reference":null,"job":null,"n":0,"x":0,"y":0}
[completion-event] {"processOrdinal":1,"v":1,"event":13,"begin":"6670383875","end":"6670385083","thread":58,"request":54,"reference":null,"job":null,"n":0,"x":0,"y":100}
[completion-event] {"processOrdinal":1,"v":1,"event":10,"begin":"6775692416","end":"6775692583","thread":59,"request":55,"reference":null,"job":null,"n":0,"x":0,"y":0}
[completion-event] {"processOrdinal":1,"v":1,"event":11,"begin":"6775692583","end":"6775694583","thread":59,"request":55,"reference":null,"job":null,"n":0,"x":0,"y":0}
[completion-event] {"processOrdinal":1,"v":1,"event":12,"begin":"6775694583","end":"6775695750","thread":59,"request":55,"reference":null,"job":null,"n":0,"x":0,"y":0}
[completion-event] {"processOrdinal":1,"v":1,"event":13,"begin":"6775695750","end":"6775696833","thread":59,"request":55,"reference":null,"job":null,"n":0,"x":0,"y":100}
[completion-event] {"processOrdinal":1,"v":1,"event":10,"begin":"6877771166","end":"6877771375","thread":60,"request":56,"reference":null,"job":null,"n":0,"x":0,"y":0}
[completion-event] {"processOrdinal":1,"v":1,"event":11,"begin":"6877771375","end":"6877773333","thread":60,"request":56,"reference":null,"job":null,"n":0,"x":0,"y":0}
[completion-event] {"processOrdinal":1,"v":1,"event":12,"begin":"6877773333","end":"6877774500","thread":60,"request":56,"reference":null,"job":null,"n":0,"x":0,"y":0}
[completion-event] {"processOrdinal":1,"v":1,"event":13,"begin":"6877774500","end":"6877775583","thread":60,"request":56,"reference":null,"job":null,"n":0,"x":0,"y":100}
[completion-event] {"processOrdinal":1,"v":1,"event":10,"begin":"6982326958","end":"6982327125","thread":61,"request":57,"reference":null,"job":null,"n":0,"x":0,"y":0}
[completion-event] {"processOrdinal":1,"v":1,"event":11,"begin":"6982327125","end":"6982329250","thread":61,"request":57,"reference":null,"job":null,"n":0,"x":0,"y":0}
[completion-event] {"processOrdinal":1,"v":1,"event":12,"begin":"6982329250","end":"6982330500","thread":61,"request":57,"reference":null,"job":null,"n":0,"x":0,"y":0}
[completion-event] {"processOrdinal":1,"v":1,"event":13,"begin":"6982330500","end":"6982331666","thread":61,"request":57,"reference":null,"job":null,"n":0,"x":0,"y":100}
[completion-event] {"processOrdinal":1,"v":1,"event":10,"begin":"7087676458","end":"7087676625","thread":62,"request":58,"reference":null,"job":null,"n":0,"x":0,"y":0}
[completion-event] {"processOrdinal":1,"v":1,"event":11,"begin":"7087676625","end":"7087678541","thread":62,"request":58,"reference":null,"job":null,"n":0,"x":0,"y":0}
[completion-event] {"processOrdinal":1,"v":1,"event":12,"begin":"7087678541","end":"7087679666","thread":62,"request":58,"reference":null,"job":null,"n":0,"x":0,"y":0}
[completion-event] {"processOrdinal":1,"v":1,"event":13,"begin":"7087679666","end":"7087680708","thread":62,"request":58,"reference":null,"job":null,"n":0,"x":0,"y":100}
[completion-event] {"processOrdinal":1,"v":1,"event":10,"begin":"7190797791","end":"7190797958","thread":63,"request":59,"reference":null,"job":null,"n":0,"x":0,"y":0}
[completion-event] {"processOrdinal":1,"v":1,"event":11,"begin":"7190797958","end":"7190799916","thread":63,"request":59,"reference":null,"job":null,"n":0,"x":0,"y":0}
[completion-event] {"processOrdinal":1,"v":1,"event":12,"begin":"7190799916","end":"7190801083","thread":63,"request":59,"reference":null,"job":null,"n":0,"x":0,"y":0}
[completion-event] {"processOrdinal":1,"v":1,"event":13,"begin":"7190801083","end":"7190801958","thread":63,"request":59,"reference":null,"job":null,"n":0,"x":0,"y":100}
[completion-event] {"processOrdinal":1,"v":1,"event":10,"begin":"7295708041","end":"7295708333","thread":64,"request":60,"reference":null,"job":null,"n":0,"x":0,"y":0}
[completion-event] {"processOrdinal":1,"v":1,"event":11,"begin":"7295708333","end":"7295710000","thread":64,"request":60,"reference":null,"job":null,"n":0,"x":0,"y":0}
[completion-event] {"processOrdinal":1,"v":1,"event":12,"begin":"7295710000","end":"7295711416","thread":64,"request":60,"reference":null,"job":null,"n":0,"x":0,"y":0}
[completion-event] {"processOrdinal":1,"v":1,"event":13,"begin":"7295711416","end":"7295712458","thread":64,"request":60,"reference":null,"job":null,"n":0,"x":0,"y":100}
[completion-event] {"processOrdinal":1,"v":1,"event":10,"begin":"7399015625","end":"7399015833","thread":65,"request":61,"reference":null,"job":null,"n":0,"x":0,"y":0}
[completion-event] {"processOrdinal":1,"v":1,"event":11,"begin":"7399015833","end":"7399018000","thread":65,"request":61,"reference":null,"job":null,"n":0,"x":0,"y":0}
[completion-event] {"processOrdinal":1,"v":1,"event":12,"begin":"7399018000","end":"7399019250","thread":65,"request":61,"reference":null,"job":null,"n":0,"x":0,"y":0}
[completion-event] {"processOrdinal":1,"v":1,"event":13,"begin":"7399019250","end":"7399020250","thread":65,"request":61,"reference":null,"job":null,"n":0,"x":0,"y":100}
[completion-event] {"processOrdinal":1,"v":1,"event":10,"begin":"7502714416","end":"7502714625","thread":66,"request":62,"reference":null,"job":null,"n":0,"x":0,"y":0}
[completion-event] {"processOrdinal":1,"v":1,"event":11,"begin":"7502714625","end":"7502716541","thread":66,"request":62,"reference":null,"job":null,"n":0,"x":0,"y":0}
[completion-event] {"processOrdinal":1,"v":1,"event":12,"begin":"7502716541","end":"7502717833","thread":66,"request":62,"reference":null,"job":null,"n":0,"x":0,"y":0}
[completion-event] {"processOrdinal":1,"v":1,"event":13,"begin":"7502717833","end":"7502719125","thread":66,"request":62,"reference":null,"job":null,"n":0,"x":0,"y":100}
[completion-event] {"processOrdinal":1,"v":1,"event":10,"begin":"7606862041","end":"7606862333","thread":67,"request":63,"reference":null,"job":null,"n":0,"x":0,"y":0}
[completion-event] {"processOrdinal":1,"v":1,"event":11,"begin":"7606862333","end":"7606864291","thread":67,"request":63,"reference":null,"job":null,"n":0,"x":0,"y":0}
[completion-event] {"processOrdinal":1,"v":1,"event":12,"begin":"7606864291","end":"7606865458","thread":67,"request":63,"reference":null,"job":null,"n":0,"x":0,"y":0}
[completion-event] {"processOrdinal":1,"v":1,"event":13,"begin":"7606865458","end":"7606866583","thread":67,"request":63,"reference":null,"job":null,"n":0,"x":0,"y":100}
[completion-event] {"processOrdinal":1,"v":1,"event":10,"begin":"7711914666","end":"7711914916","thread":68,"request":64,"reference":null,"job":null,"n":0,"x":0,"y":0}
[completion-event] {"processOrdinal":1,"v":1,"event":11,"begin":"7711914916","end":"7711916541","thread":68,"request":64,"reference":null,"job":null,"n":0,"x":0,"y":0}
[completion-event] {"processOrdinal":1,"v":1,"event":12,"begin":"7711916541","end":"7711917708","thread":68,"request":64,"reference":null,"job":null,"n":0,"x":0,"y":0}
[completion-event] {"processOrdinal":1,"v":1,"event":13,"begin":"7711917708","end":"7711918958","thread":68,"request":64,"reference":null,"job":null,"n":0,"x":0,"y":100}
[completion-event] {"processOrdinal":1,"v":1,"event":10,"begin":"7816834583","end":"7816834750","thread":69,"request":65,"reference":null,"job":null,"n":0,"x":0,"y":0}
[completion-event] {"processOrdinal":1,"v":1,"event":11,"begin":"7816834750","end":"7816836708","thread":69,"request":65,"reference":null,"job":null,"n":0,"x":0,"y":0}
[completion-event] {"processOrdinal":1,"v":1,"event":12,"begin":"7816836708","end":"7816837833","thread":69,"request":65,"reference":null,"job":null,"n":0,"x":0,"y":0}
[completion-event] {"processOrdinal":1,"v":1,"event":13,"begin":"7816837833","end":"7816838833","thread":69,"request":65,"reference":null,"job":null,"n":0,"x":0,"y":100}
[completion-event] {"processOrdinal":1,"v":1,"event":10,"begin":"7920919958","end":"7920920208","thread":70,"request":66,"reference":null,"job":null,"n":0,"x":0,"y":0}
[completion-event] {"processOrdinal":1,"v":1,"event":11,"begin":"7920920208","end":"7920922333","thread":70,"request":66,"reference":null,"job":null,"n":0,"x":0,"y":0}
[completion-event] {"processOrdinal":1,"v":1,"event":12,"begin":"7920922333","end":"7920923541","thread":70,"request":66,"reference":null,"job":null,"n":0,"x":0,"y":0}
[completion-event] {"processOrdinal":1,"v":1,"event":13,"begin":"7920923541","end":"7920924708","thread":70,"request":66,"reference":null,"job":null,"n":0,"x":0,"y":100}
[completion-event] {"processOrdinal":1,"v":1,"event":10,"begin":"8023926625","end":"8023926708","thread":71,"request":67,"reference":null,"job":null,"n":0,"x":0,"y":0}
[completion-event] {"processOrdinal":1,"v":1,"event":11,"begin":"8023926708","end":"8023928708","thread":71,"request":67,"reference":null,"job":null,"n":0,"x":0,"y":0}
[completion-event] {"processOrdinal":1,"v":1,"event":12,"begin":"8023928708","end":"8023929916","thread":71,"request":67,"reference":null,"job":null,"n":0,"x":0,"y":0}
[completion-event] {"processOrdinal":1,"v":1,"event":13,"begin":"8023929916","end":"8023931541","thread":71,"request":67,"reference":null,"job":null,"n":0,"x":0,"y":100}
[completion-event] {"processOrdinal":1,"v":1,"event":10,"begin":"8128959458","end":"8128959666","thread":72,"request":68,"reference":null,"job":null,"n":0,"x":0,"y":0}
[completion-event] {"processOrdinal":1,"v":1,"event":11,"begin":"8128959666","end":"8128961291","thread":72,"request":68,"reference":null,"job":null,"n":0,"x":0,"y":0}
[completion-event] {"processOrdinal":1,"v":1,"event":12,"begin":"8128961291","end":"8128962291","thread":72,"request":68,"reference":null,"job":null,"n":0,"x":0,"y":0}
[completion-event] {"processOrdinal":1,"v":1,"event":13,"begin":"8128962291","end":"8128963208","thread":72,"request":68,"reference":null,"job":null,"n":0,"x":0,"y":100}
[completion-event] {"processOrdinal":1,"v":1,"event":10,"begin":"8234114375","end":"8234114541","thread":73,"request":69,"reference":null,"job":null,"n":0,"x":0,"y":0}
[completion-event] {"processOrdinal":1,"v":1,"event":11,"begin":"8234114541","end":"8234116458","thread":73,"request":69,"reference":null,"job":null,"n":0,"x":0,"y":0}
[completion-event] {"processOrdinal":1,"v":1,"event":12,"begin":"8234116458","end":"8234117708","thread":73,"request":69,"reference":null,"job":null,"n":0,"x":0,"y":0}
[completion-event] {"processOrdinal":1,"v":1,"event":13,"begin":"8234117708","end":"8234119208","thread":73,"request":69,"reference":null,"job":null,"n":0,"x":0,"y":100}
[completion-event] {"processOrdinal":1,"v":1,"event":10,"begin":"8339572458","end":"8339572625","thread":74,"request":70,"reference":null,"job":null,"n":0,"x":0,"y":0}
[completion-event] {"processOrdinal":1,"v":1,"event":11,"begin":"8339572625","end":"8339575250","thread":74,"request":70,"reference":null,"job":null,"n":0,"x":0,"y":0}
[completion-event] {"processOrdinal":1,"v":1,"event":12,"begin":"8339575250","end":"8339576666","thread":74,"request":70,"reference":null,"job":null,"n":0,"x":0,"y":0}
[completion-event] {"processOrdinal":1,"v":1,"event":13,"begin":"8339576666","end":"8339577875","thread":74,"request":70,"reference":null,"job":null,"n":0,"x":0,"y":100}
[completion-event] {"processOrdinal":1,"v":1,"event":10,"begin":"8443534416","end":"8443534500","thread":75,"request":71,"reference":null,"job":null,"n":0,"x":0,"y":0}
[completion-event] {"processOrdinal":1,"v":1,"event":11,"begin":"8443534500","end":"8443536333","thread":75,"request":71,"reference":null,"job":null,"n":0,"x":0,"y":0}
[completion-event] {"processOrdinal":1,"v":1,"event":12,"begin":"8443536333","end":"8443537458","thread":75,"request":71,"reference":null,"job":null,"n":0,"x":0,"y":0}
[completion-event] {"processOrdinal":1,"v":1,"event":13,"begin":"8443537458","end":"8443538458","thread":75,"request":71,"reference":null,"job":null,"n":0,"x":0,"y":100}
[completion-event] {"processOrdinal":1,"v":1,"event":10,"begin":"8547394166","end":"8547394333","thread":76,"request":72,"reference":null,"job":null,"n":0,"x":0,"y":0}
[completion-event] {"processOrdinal":1,"v":1,"event":11,"begin":"8547394333","end":"8547396416","thread":76,"request":72,"reference":null,"job":null,"n":0,"x":0,"y":0}
[completion-event] {"processOrdinal":1,"v":1,"event":12,"begin":"8547396416","end":"8547397708","thread":76,"request":72,"reference":null,"job":null,"n":0,"x":0,"y":0}
[completion-event] {"processOrdinal":1,"v":1,"event":13,"begin":"8547397708","end":"8547398916","thread":76,"request":72,"reference":null,"job":null,"n":0,"x":0,"y":100}
[completion-event] {"processOrdinal":1,"v":1,"event":10,"begin":"8652121750","end":"8652121916","thread":77,"request":73,"reference":null,"job":null,"n":0,"x":0,"y":0}
[completion-event] {"processOrdinal":1,"v":1,"event":11,"begin":"8652121916","end":"8652124125","thread":77,"request":73,"reference":null,"job":null,"n":0,"x":0,"y":0}
[completion-event] {"processOrdinal":1,"v":1,"event":12,"begin":"8652124125","end":"8652125291","thread":77,"request":73,"reference":null,"job":null,"n":0,"x":0,"y":0}
[completion-event] {"processOrdinal":1,"v":1,"event":13,"begin":"8652125291","end":"8652126833","thread":77,"request":73,"reference":null,"job":null,"n":0,"x":0,"y":100}
[completion-event] {"processOrdinal":1,"v":1,"event":10,"begin":"8755998833","end":"8755999000","thread":78,"request":74,"reference":null,"job":null,"n":0,"x":0,"y":0}
[completion-event] {"processOrdinal":1,"v":1,"event":11,"begin":"8755999000","end":"8756001000","thread":78,"request":74,"reference":null,"job":null,"n":0,"x":0,"y":0}
[completion-event] {"processOrdinal":1,"v":1,"event":12,"begin":"8756001000","end":"8756002125","thread":78,"request":74,"reference":null,"job":null,"n":0,"x":0,"y":0}
[completion-event] {"processOrdinal":1,"v":1,"event":13,"begin":"8756002125","end":"8756003208","thread":78,"request":74,"reference":null,"job":null,"n":0,"x":0,"y":100}
[completion-event] {"processOrdinal":1,"v":1,"event":10,"begin":"8860846500","end":"8860846666","thread":79,"request":75,"reference":null,"job":null,"n":0,"x":0,"y":0}
[completion-event] {"processOrdinal":1,"v":1,"event":11,"begin":"8860846666","end":"8860848416","thread":79,"request":75,"reference":null,"job":null,"n":0,"x":0,"y":0}
[completion-event] {"processOrdinal":1,"v":1,"event":12,"begin":"8860848416","end":"8860849666","thread":79,"request":75,"reference":null,"job":null,"n":0,"x":0,"y":0}
[completion-event] {"processOrdinal":1,"v":1,"event":13,"begin":"8860849666","end":"8860851083","thread":79,"request":75,"reference":null,"job":null,"n":0,"x":0,"y":100}
[completion-event] {"processOrdinal":1,"v":1,"event":10,"begin":"8965796916","end":"8965797125","thread":80,"request":76,"reference":null,"job":null,"n":0,"x":0,"y":0}
[completion-event] {"processOrdinal":1,"v":1,"event":11,"begin":"8965797125","end":"8965799250","thread":80,"request":76,"reference":null,"job":null,"n":0,"x":0,"y":0}
[completion-event] {"processOrdinal":1,"v":1,"event":12,"begin":"8965799250","end":"8965800625","thread":80,"request":76,"reference":null,"job":null,"n":0,"x":0,"y":0}
[completion-event] {"processOrdinal":1,"v":1,"event":13,"begin":"8965800625","end":"8965801916","thread":80,"request":76,"reference":null,"job":null,"n":0,"x":0,"y":100}
[completion-event] {"processOrdinal":1,"v":1,"event":10,"begin":"9071191125","end":"9071191375","thread":81,"request":77,"reference":null,"job":null,"n":0,"x":0,"y":0}
[completion-event] {"processOrdinal":1,"v":1,"event":11,"begin":"9071191375","end":"9071193250","thread":81,"request":77,"reference":null,"job":null,"n":0,"x":0,"y":0}
[completion-event] {"processOrdinal":1,"v":1,"event":12,"begin":"9071193250","end":"9071194416","thread":81,"request":77,"reference":null,"job":null,"n":0,"x":0,"y":0}
[completion-event] {"processOrdinal":1,"v":1,"event":13,"begin":"9071194416","end":"9071195416","thread":81,"request":77,"reference":null,"job":null,"n":0,"x":0,"y":100}
[completion-event] {"processOrdinal":1,"v":1,"event":10,"begin":"9176171000","end":"9176171125","thread":82,"request":78,"reference":null,"job":null,"n":0,"x":0,"y":0}
[completion-event] {"processOrdinal":1,"v":1,"event":11,"begin":"9176171125","end":"9176173125","thread":82,"request":78,"reference":null,"job":null,"n":0,"x":0,"y":0}
[completion-event] {"processOrdinal":1,"v":1,"event":12,"begin":"9176173125","end":"9176174416","thread":82,"request":78,"reference":null,"job":null,"n":0,"x":0,"y":0}
[completion-event] {"processOrdinal":1,"v":1,"event":13,"begin":"9176174416","end":"9176175541","thread":82,"request":78,"reference":null,"job":null,"n":0,"x":0,"y":100}
[completion-event] {"processOrdinal":1,"v":1,"event":10,"begin":"9279326083","end":"9279326250","thread":83,"request":79,"reference":null,"job":null,"n":0,"x":0,"y":0}
[completion-event] {"processOrdinal":1,"v":1,"event":11,"begin":"9279326250","end":"9279327916","thread":83,"request":79,"reference":null,"job":null,"n":0,"x":0,"y":0}
[completion-event] {"processOrdinal":1,"v":1,"event":12,"begin":"9279327916","end":"9279328875","thread":83,"request":79,"reference":null,"job":null,"n":0,"x":0,"y":0}
[completion-event] {"processOrdinal":1,"v":1,"event":13,"begin":"9279328875","end":"9279329958","thread":83,"request":79,"reference":null,"job":null,"n":0,"x":0,"y":100}
[completion-event] {"processOrdinal":1,"v":1,"event":10,"begin":"9382652041","end":"9382652208","thread":84,"request":80,"reference":null,"job":null,"n":0,"x":0,"y":0}
[completion-event] {"processOrdinal":1,"v":1,"event":11,"begin":"9382652208","end":"9382654000","thread":84,"request":80,"reference":null,"job":null,"n":0,"x":0,"y":0}
[completion-event] {"processOrdinal":1,"v":1,"event":12,"begin":"9382654000","end":"9382655041","thread":84,"request":80,"reference":null,"job":null,"n":0,"x":0,"y":0}
[completion-event] {"processOrdinal":1,"v":1,"event":13,"begin":"9382655041","end":"9382656208","thread":84,"request":80,"reference":null,"job":null,"n":0,"x":0,"y":100}
[completion-event] {"processOrdinal":1,"v":1,"event":10,"begin":"9486559625","end":"9486559791","thread":85,"request":81,"reference":null,"job":null,"n":0,"x":0,"y":0}
[completion-event] {"processOrdinal":1,"v":1,"event":11,"begin":"9486559791","end":"9486561750","thread":85,"request":81,"reference":null,"job":null,"n":0,"x":0,"y":0}
[completion-event] {"processOrdinal":1,"v":1,"event":12,"begin":"9486561750","end":"9486563083","thread":85,"request":81,"reference":null,"job":null,"n":0,"x":0,"y":0}
[completion-event] {"processOrdinal":1,"v":1,"event":13,"begin":"9486563083","end":"9486563916","thread":85,"request":81,"reference":null,"job":null,"n":0,"x":0,"y":100}
[completion-event] {"processOrdinal":1,"v":1,"event":10,"begin":"9590638166","end":"9590638250","thread":86,"request":82,"reference":null,"job":null,"n":0,"x":0,"y":0}
[completion-event] {"processOrdinal":1,"v":1,"event":11,"begin":"9590638250","end":"9590640416","thread":86,"request":82,"reference":null,"job":null,"n":0,"x":0,"y":0}
[completion-event] {"processOrdinal":1,"v":1,"event":12,"begin":"9590640416","end":"9590641708","thread":86,"request":82,"reference":null,"job":null,"n":0,"x":0,"y":0}
[completion-event] {"processOrdinal":1,"v":1,"event":13,"begin":"9590641708","end":"9590642833","thread":86,"request":82,"reference":null,"job":null,"n":0,"x":0,"y":100}
[completion-event] {"processOrdinal":1,"v":1,"event":10,"begin":"9695147875","end":"9704876750","thread":87,"request":83,"reference":null,"job":null,"n":2,"x":1,"y":0}
[completion-event] {"processOrdinal":1,"v":1,"event":11,"begin":"9704876750","end":"9704884875","thread":87,"request":83,"reference":null,"job":null,"n":1,"x":0,"y":0}
[completion-event] {"processOrdinal":1,"v":1,"event":12,"begin":"9704884875","end":"9704886333","thread":87,"request":83,"reference":null,"job":null,"n":1,"x":0,"y":0}
[completion-event] {"processOrdinal":1,"v":1,"event":13,"begin":"9704886333","end":"9704889666","thread":87,"request":83,"reference":null,"job":null,"n":1,"x":0,"y":100}
[completion-event] {"processOrdinal":1,"v":1,"event":1,"begin":"18285197833","end":"18285197833","thread":88,"request":0,"reference":"1be7a6b658bce76622d11c461bb3d02dbae7afd8c09579278164a5816283e463","job":null,"n":0,"x":0,"y":0}
[completion-event] {"processOrdinal":1,"v":1,"event":1,"begin":"18291523708","end":"18291523708","thread":88,"request":0,"reference":"2de4ec75bdd4cb9805fdcfbd8b9969a15cb7d79e9e0de48ba4b18f9496bd67a8","job":null,"n":0,"x":0,"y":0}
[completion-event] {"processOrdinal":1,"v":1,"event":1,"begin":"18293212125","end":"18293212125","thread":88,"request":0,"reference":"7a7ad4e70c3b8f520cd5ee03faa28faffbe6ef87662c45789f961fd16dcedfb1","job":null,"n":0,"x":0,"y":0}
[completion-event] {"processOrdinal":1,"v":1,"event":1,"begin":"18294828625","end":"18294828625","thread":88,"request":0,"reference":"f990d2435e065419e276d4188f4880e254bcae81784f7bf438de44ed0d546203","job":null,"n":0,"x":0,"y":0}
[completion-event] {"processOrdinal":1,"v":1,"event":10,"begin":"18302710375","end":"18342263041","thread":91,"request":84,"reference":null,"job":null,"n":8,"x":2,"y":0}
[completion-event] {"processOrdinal":1,"v":1,"event":11,"begin":"18342263041","end":"18342275291","thread":91,"request":84,"reference":null,"job":null,"n":2,"x":0,"y":0}
[completion-event] {"processOrdinal":1,"v":1,"event":12,"begin":"18342275291","end":"18342276583","thread":91,"request":84,"reference":null,"job":null,"n":2,"x":0,"y":0}
[completion-event] {"processOrdinal":1,"v":1,"event":13,"begin":"18342276583","end":"18342280583","thread":91,"request":84,"reference":null,"job":null,"n":2,"x":0,"y":100}
[completion-event] {"processOrdinal":1,"v":1,"event":10,"begin":"18449424166","end":"18470539500","thread":92,"request":85,"reference":null,"job":null,"n":8,"x":2,"y":0}
[completion-event] {"processOrdinal":1,"v":1,"event":11,"begin":"18470539500","end":"18470554208","thread":92,"request":85,"reference":null,"job":null,"n":2,"x":0,"y":0}
[completion-event] {"processOrdinal":1,"v":1,"event":12,"begin":"18470554208","end":"18470556041","thread":92,"request":85,"reference":null,"job":null,"n":2,"x":0,"y":0}
[completion-event] {"processOrdinal":1,"v":1,"event":13,"begin":"18470556041","end":"18470560583","thread":92,"request":85,"reference":null,"job":null,"n":2,"x":0,"y":100}
[completion-event] {"processOrdinal":1,"v":1,"event":10,"begin":"18578959541","end":"18600290500","thread":93,"request":86,"reference":null,"job":null,"n":8,"x":2,"y":0}
[completion-event] {"processOrdinal":1,"v":1,"event":11,"begin":"18600290500","end":"18600305125","thread":93,"request":86,"reference":null,"job":null,"n":2,"x":0,"y":0}
[completion-event] {"processOrdinal":1,"v":1,"event":12,"begin":"18600305125","end":"18600307166","thread":93,"request":86,"reference":null,"job":null,"n":2,"x":0,"y":0}
[completion-event] {"processOrdinal":1,"v":1,"event":13,"begin":"18600307166","end":"18600311208","thread":93,"request":86,"reference":null,"job":null,"n":2,"x":0,"y":100}
[completion-event] {"processOrdinal":1,"v":1,"event":10,"begin":"18709038125","end":"18729937208","thread":94,"request":87,"reference":null,"job":null,"n":8,"x":2,"y":0}
[completion-event] {"processOrdinal":1,"v":1,"event":11,"begin":"18729937208","end":"18729953041","thread":94,"request":87,"reference":null,"job":null,"n":2,"x":0,"y":0}
[completion-event] {"processOrdinal":1,"v":1,"event":12,"begin":"18729953041","end":"18729955375","thread":94,"request":87,"reference":null,"job":null,"n":2,"x":0,"y":0}
[completion-event] {"processOrdinal":1,"v":1,"event":13,"begin":"18729955375","end":"18729959375","thread":94,"request":87,"reference":null,"job":null,"n":2,"x":0,"y":100}
[completion-event] {"processOrdinal":1,"v":1,"event":10,"begin":"18837483208","end":"18860778708","thread":95,"request":88,"reference":null,"job":null,"n":8,"x":2,"y":0}
[completion-event] {"processOrdinal":1,"v":1,"event":11,"begin":"18860778708","end":"18860791041","thread":95,"request":88,"reference":null,"job":null,"n":2,"x":0,"y":0}
[completion-event] {"processOrdinal":1,"v":1,"event":12,"begin":"18860791041","end":"18860792541","thread":95,"request":88,"reference":null,"job":null,"n":2,"x":0,"y":0}
[completion-event] {"processOrdinal":1,"v":1,"event":13,"begin":"18860792541","end":"18860796958","thread":95,"request":88,"reference":null,"job":null,"n":2,"x":0,"y":100}
[completion-event] {"processOrdinal":1,"v":1,"event":10,"begin":"18968727958","end":"18991462583","thread":96,"request":89,"reference":null,"job":null,"n":8,"x":2,"y":0}
[completion-event] {"processOrdinal":1,"v":1,"event":11,"begin":"18991462583","end":"18991477250","thread":96,"request":89,"reference":null,"job":null,"n":2,"x":0,"y":0}
[completion-event] {"processOrdinal":1,"v":1,"event":12,"begin":"18991477250","end":"18991479500","thread":96,"request":89,"reference":null,"job":null,"n":2,"x":0,"y":0}
[completion-event] {"processOrdinal":1,"v":1,"event":13,"begin":"18991479500","end":"18991483625","thread":96,"request":89,"reference":null,"job":null,"n":2,"x":0,"y":100}
[completion-event] {"processOrdinal":1,"v":1,"event":10,"begin":"19098616750","end":"19119117041","thread":97,"request":90,"reference":null,"job":null,"n":8,"x":2,"y":0}
[completion-event] {"processOrdinal":1,"v":1,"event":11,"begin":"19119117041","end":"19119129375","thread":97,"request":90,"reference":null,"job":null,"n":2,"x":0,"y":0}
[completion-event] {"processOrdinal":1,"v":1,"event":12,"begin":"19119129375","end":"19119130958","thread":97,"request":90,"reference":null,"job":null,"n":2,"x":0,"y":0}
[completion-event] {"processOrdinal":1,"v":1,"event":13,"begin":"19119130958","end":"19119135000","thread":97,"request":90,"reference":null,"job":null,"n":2,"x":0,"y":100}
[completion-event] {"processOrdinal":1,"v":1,"event":10,"begin":"19224820083","end":"19245415083","thread":98,"request":91,"reference":null,"job":null,"n":8,"x":2,"y":0}
[completion-event] {"processOrdinal":1,"v":1,"event":11,"begin":"19245415083","end":"19245429208","thread":98,"request":91,"reference":null,"job":null,"n":2,"x":0,"y":0}
[completion-event] {"processOrdinal":1,"v":1,"event":12,"begin":"19245429208","end":"19245431208","thread":98,"request":91,"reference":null,"job":null,"n":2,"x":0,"y":0}
[completion-event] {"processOrdinal":1,"v":1,"event":13,"begin":"19245431208","end":"19245435458","thread":98,"request":91,"reference":null,"job":null,"n":2,"x":0,"y":100}
[completion-event] {"processOrdinal":1,"v":1,"event":10,"begin":"19352446125","end":"19373740541","thread":99,"request":92,"reference":null,"job":null,"n":8,"x":2,"y":0}
[completion-event] {"processOrdinal":1,"v":1,"event":11,"begin":"19373740541","end":"19373754958","thread":99,"request":92,"reference":null,"job":null,"n":2,"x":0,"y":0}
[completion-event] {"processOrdinal":1,"v":1,"event":12,"begin":"19373754958","end":"19373757166","thread":99,"request":92,"reference":null,"job":null,"n":2,"x":0,"y":0}
[completion-event] {"processOrdinal":1,"v":1,"event":13,"begin":"19373757166","end":"19373761458","thread":99,"request":92,"reference":null,"job":null,"n":2,"x":0,"y":100}
[completion-event] {"processOrdinal":1,"v":1,"event":10,"begin":"19480885750","end":"19501679041","thread":100,"request":93,"reference":null,"job":null,"n":8,"x":2,"y":0}
[completion-event] {"processOrdinal":1,"v":1,"event":11,"begin":"19501679041","end":"19501691541","thread":100,"request":93,"reference":null,"job":null,"n":2,"x":0,"y":0}
[completion-event] {"processOrdinal":1,"v":1,"event":12,"begin":"19501691541","end":"19501693083","thread":100,"request":93,"reference":null,"job":null,"n":2,"x":0,"y":0}
[completion-event] {"processOrdinal":1,"v":1,"event":13,"begin":"19501693083","end":"19501696875","thread":100,"request":93,"reference":null,"job":null,"n":2,"x":0,"y":100}
[completion-event] {"processOrdinal":1,"v":1,"event":10,"begin":"19609699250","end":"19630978375","thread":101,"request":94,"reference":null,"job":null,"n":8,"x":2,"y":0}
[completion-event] {"processOrdinal":1,"v":1,"event":11,"begin":"19630978375","end":"19630992666","thread":101,"request":94,"reference":null,"job":null,"n":2,"x":0,"y":0}
[completion-event] {"processOrdinal":1,"v":1,"event":12,"begin":"19630992666","end":"19630994583","thread":101,"request":94,"reference":null,"job":null,"n":2,"x":0,"y":0}
[completion-event] {"processOrdinal":1,"v":1,"event":13,"begin":"19630994583","end":"19630999333","thread":101,"request":94,"reference":null,"job":null,"n":2,"x":0,"y":100}
[completion-event] {"processOrdinal":1,"v":1,"event":10,"begin":"19739596416","end":"19760317500","thread":102,"request":95,"reference":null,"job":null,"n":8,"x":2,"y":0}
[completion-event] {"processOrdinal":1,"v":1,"event":11,"begin":"19760317500","end":"19760332166","thread":102,"request":95,"reference":null,"job":null,"n":2,"x":0,"y":0}
[completion-event] {"processOrdinal":1,"v":1,"event":12,"begin":"19760332166","end":"19760334166","thread":102,"request":95,"reference":null,"job":null,"n":2,"x":0,"y":0}
[completion-event] {"processOrdinal":1,"v":1,"event":13,"begin":"19760334166","end":"19760338666","thread":102,"request":95,"reference":null,"job":null,"n":2,"x":0,"y":100}
[completion-event] {"processOrdinal":1,"v":1,"event":10,"begin":"19867656541","end":"19888796500","thread":103,"request":96,"reference":null,"job":null,"n":8,"x":2,"y":0}
[completion-event] {"processOrdinal":1,"v":1,"event":11,"begin":"19888796500","end":"19888812791","thread":103,"request":96,"reference":null,"job":null,"n":2,"x":0,"y":0}
[completion-event] {"processOrdinal":1,"v":1,"event":12,"begin":"19888812791","end":"19888814833","thread":103,"request":96,"reference":null,"job":null,"n":2,"x":0,"y":0}
[completion-event] {"processOrdinal":1,"v":1,"event":13,"begin":"19888814833","end":"19888821250","thread":103,"request":96,"reference":null,"job":null,"n":2,"x":0,"y":100}
[completion-event] {"processOrdinal":1,"v":1,"event":10,"begin":"19996196916","end":"20016982625","thread":104,"request":97,"reference":null,"job":null,"n":8,"x":2,"y":0}
[completion-event] {"processOrdinal":1,"v":1,"event":11,"begin":"20016982625","end":"20016995958","thread":104,"request":97,"reference":null,"job":null,"n":2,"x":0,"y":0}
[completion-event] {"processOrdinal":1,"v":1,"event":12,"begin":"20016995958","end":"20016997458","thread":104,"request":97,"reference":null,"job":null,"n":2,"x":0,"y":0}
[completion-event] {"processOrdinal":1,"v":1,"event":13,"begin":"20016997458","end":"20017002041","thread":104,"request":97,"reference":null,"job":null,"n":2,"x":0,"y":100}
[completion-event] {"processOrdinal":1,"v":1,"event":10,"begin":"20124853625","end":"20144896083","thread":105,"request":98,"reference":null,"job":null,"n":8,"x":2,"y":0}
[completion-event] {"processOrdinal":1,"v":1,"event":11,"begin":"20144896083","end":"20144910333","thread":105,"request":98,"reference":null,"job":null,"n":2,"x":0,"y":0}
[completion-event] {"processOrdinal":1,"v":1,"event":12,"begin":"20144910333","end":"20144912458","thread":105,"request":98,"reference":null,"job":null,"n":2,"x":0,"y":0}
[completion-event] {"processOrdinal":1,"v":1,"event":13,"begin":"20144912458","end":"20144916083","thread":105,"request":98,"reference":null,"job":null,"n":2,"x":0,"y":100}
[completion-event] {"processOrdinal":1,"v":1,"event":10,"begin":"20251039791","end":"20270913000","thread":106,"request":99,"reference":null,"job":null,"n":8,"x":2,"y":0}
[completion-event] {"processOrdinal":1,"v":1,"event":11,"begin":"20270913000","end":"20270926458","thread":106,"request":99,"reference":null,"job":null,"n":2,"x":0,"y":0}
[completion-event] {"processOrdinal":1,"v":1,"event":12,"begin":"20270926458","end":"20270928333","thread":106,"request":99,"reference":null,"job":null,"n":2,"x":0,"y":0}
[completion-event] {"processOrdinal":1,"v":1,"event":13,"begin":"20270928333","end":"20270932291","thread":106,"request":99,"reference":null,"job":null,"n":2,"x":0,"y":100}
[completion-event] {"processOrdinal":1,"v":1,"event":10,"begin":"20376408208","end":"20396398125","thread":107,"request":100,"reference":null,"job":null,"n":8,"x":2,"y":0}
[completion-event] {"processOrdinal":1,"v":1,"event":11,"begin":"20396398125","end":"20396411625","thread":107,"request":100,"reference":null,"job":null,"n":2,"x":0,"y":0}
[completion-event] {"processOrdinal":1,"v":1,"event":12,"begin":"20396411625","end":"20396413208","thread":107,"request":100,"reference":null,"job":null,"n":2,"x":0,"y":0}
[completion-event] {"processOrdinal":1,"v":1,"event":13,"begin":"20396413208","end":"20396417166","thread":107,"request":100,"reference":null,"job":null,"n":2,"x":0,"y":100}
[completion-event] {"processOrdinal":1,"v":1,"event":10,"begin":"20502664166","end":"20524068125","thread":108,"request":101,"reference":null,"job":null,"n":8,"x":2,"y":0}
[completion-event] {"processOrdinal":1,"v":1,"event":11,"begin":"20524068125","end":"20524082291","thread":108,"request":101,"reference":null,"job":null,"n":2,"x":0,"y":0}
[completion-event] {"processOrdinal":1,"v":1,"event":12,"begin":"20524082291","end":"20524084416","thread":108,"request":101,"reference":null,"job":null,"n":2,"x":0,"y":0}
[completion-event] {"processOrdinal":1,"v":1,"event":13,"begin":"20524084416","end":"20524088458","thread":108,"request":101,"reference":null,"job":null,"n":2,"x":0,"y":100}
[completion-event] {"processOrdinal":1,"v":1,"event":10,"begin":"20630052875","end":"20650801083","thread":109,"request":102,"reference":null,"job":null,"n":8,"x":2,"y":0}
[completion-event] {"processOrdinal":1,"v":1,"event":11,"begin":"20650801083","end":"20650815083","thread":109,"request":102,"reference":null,"job":null,"n":2,"x":0,"y":0}
[completion-event] {"processOrdinal":1,"v":1,"event":12,"begin":"20650815083","end":"20650817041","thread":109,"request":102,"reference":null,"job":null,"n":2,"x":0,"y":0}
[completion-event] {"processOrdinal":1,"v":1,"event":13,"begin":"20650817041","end":"20650820916","thread":109,"request":102,"reference":null,"job":null,"n":2,"x":0,"y":100}
[completion-event] {"processOrdinal":1,"v":1,"event":10,"begin":"20758666958","end":"20779479250","thread":110,"request":103,"reference":null,"job":null,"n":8,"x":2,"y":0}
[completion-event] {"processOrdinal":1,"v":1,"event":11,"begin":"20779479250","end":"20779492875","thread":110,"request":103,"reference":null,"job":null,"n":2,"x":0,"y":0}
[completion-event] {"processOrdinal":1,"v":1,"event":12,"begin":"20779492875","end":"20779494791","thread":110,"request":103,"reference":null,"job":null,"n":2,"x":0,"y":0}
[completion-event] {"processOrdinal":1,"v":1,"event":13,"begin":"20779494791","end":"20779499000","thread":110,"request":103,"reference":null,"job":null,"n":2,"x":0,"y":100}
[completion-event] {"processOrdinal":1,"v":1,"event":10,"begin":"20887821458","end":"20909061958","thread":111,"request":104,"reference":null,"job":null,"n":8,"x":2,"y":0}
[completion-event] {"processOrdinal":1,"v":1,"event":11,"begin":"20909061958","end":"20909076958","thread":111,"request":104,"reference":null,"job":null,"n":2,"x":0,"y":0}
[completion-event] {"processOrdinal":1,"v":1,"event":12,"begin":"20909076958","end":"20909079041","thread":111,"request":104,"reference":null,"job":null,"n":2,"x":0,"y":0}
[completion-event] {"processOrdinal":1,"v":1,"event":13,"begin":"20909079041","end":"20909082583","thread":111,"request":104,"reference":null,"job":null,"n":2,"x":0,"y":100}
[completion-event] {"processOrdinal":1,"v":1,"event":10,"begin":"21015045125","end":"21035751208","thread":112,"request":105,"reference":null,"job":null,"n":8,"x":2,"y":0}
[completion-event] {"processOrdinal":1,"v":1,"event":11,"begin":"21035751208","end":"21035763916","thread":112,"request":105,"reference":null,"job":null,"n":2,"x":0,"y":0}
[completion-event] {"processOrdinal":1,"v":1,"event":12,"begin":"21035763916","end":"21035765166","thread":112,"request":105,"reference":null,"job":null,"n":2,"x":0,"y":0}
[completion-event] {"processOrdinal":1,"v":1,"event":13,"begin":"21035765166","end":"21035769166","thread":112,"request":105,"reference":null,"job":null,"n":2,"x":0,"y":100}
[completion-event] {"processOrdinal":1,"v":1,"event":10,"begin":"21143665083","end":"21164462458","thread":113,"request":106,"reference":null,"job":null,"n":8,"x":2,"y":0}
[completion-event] {"processOrdinal":1,"v":1,"event":11,"begin":"21164462458","end":"21164477083","thread":113,"request":106,"reference":null,"job":null,"n":2,"x":0,"y":0}
[completion-event] {"processOrdinal":1,"v":1,"event":12,"begin":"21164477083","end":"21164479041","thread":113,"request":106,"reference":null,"job":null,"n":2,"x":0,"y":0}
[completion-event] {"processOrdinal":1,"v":1,"event":13,"begin":"21164479041","end":"21164483458","thread":113,"request":106,"reference":null,"job":null,"n":2,"x":0,"y":100}
[completion-event] {"processOrdinal":1,"v":1,"event":10,"begin":"21271520583","end":"21292408416","thread":114,"request":107,"reference":null,"job":null,"n":8,"x":2,"y":0}
[completion-event] {"processOrdinal":1,"v":1,"event":11,"begin":"21292408416","end":"21292421750","thread":114,"request":107,"reference":null,"job":null,"n":2,"x":0,"y":0}
[completion-event] {"processOrdinal":1,"v":1,"event":12,"begin":"21292421750","end":"21292423500","thread":114,"request":107,"reference":null,"job":null,"n":2,"x":0,"y":0}
[completion-event] {"processOrdinal":1,"v":1,"event":13,"begin":"21292423500","end":"21292427500","thread":114,"request":107,"reference":null,"job":null,"n":2,"x":0,"y":100}
[completion-event] {"processOrdinal":1,"v":1,"event":10,"begin":"21399950375","end":"21420595708","thread":115,"request":108,"reference":null,"job":null,"n":8,"x":2,"y":0}
[completion-event] {"processOrdinal":1,"v":1,"event":11,"begin":"21420595708","end":"21420610125","thread":115,"request":108,"reference":null,"job":null,"n":2,"x":0,"y":0}
[completion-event] {"processOrdinal":1,"v":1,"event":12,"begin":"21420610125","end":"21420611833","thread":115,"request":108,"reference":null,"job":null,"n":2,"x":0,"y":0}
[completion-event] {"processOrdinal":1,"v":1,"event":13,"begin":"21420611833","end":"21420615875","thread":115,"request":108,"reference":null,"job":null,"n":2,"x":0,"y":100}
[completion-event] {"processOrdinal":1,"v":1,"event":10,"begin":"21528087416","end":"21549396333","thread":116,"request":109,"reference":null,"job":null,"n":8,"x":2,"y":0}
[completion-event] {"processOrdinal":1,"v":1,"event":11,"begin":"21549396333","end":"21549409208","thread":116,"request":109,"reference":null,"job":null,"n":2,"x":0,"y":0}
[completion-event] {"processOrdinal":1,"v":1,"event":12,"begin":"21549409208","end":"21549410916","thread":116,"request":109,"reference":null,"job":null,"n":2,"x":0,"y":0}
[completion-event] {"processOrdinal":1,"v":1,"event":13,"begin":"21549410916","end":"21549414250","thread":116,"request":109,"reference":null,"job":null,"n":2,"x":0,"y":100}
[completion-event] {"processOrdinal":1,"v":1,"event":10,"begin":"21658076166","end":"21678410000","thread":117,"request":110,"reference":null,"job":null,"n":8,"x":2,"y":0}
[completion-event] {"processOrdinal":1,"v":1,"event":11,"begin":"21678410000","end":"21678425041","thread":117,"request":110,"reference":null,"job":null,"n":2,"x":0,"y":0}
[completion-event] {"processOrdinal":1,"v":1,"event":12,"begin":"21678425041","end":"21678426916","thread":117,"request":110,"reference":null,"job":null,"n":2,"x":0,"y":0}
[completion-event] {"processOrdinal":1,"v":1,"event":13,"begin":"21678426916","end":"21678430875","thread":117,"request":110,"reference":null,"job":null,"n":2,"x":0,"y":100}
[completion-event] {"processOrdinal":1,"v":1,"event":10,"begin":"21786321708","end":"21806361666","thread":118,"request":111,"reference":null,"job":null,"n":8,"x":2,"y":0}
[completion-event] {"processOrdinal":1,"v":1,"event":11,"begin":"21806361666","end":"21806375875","thread":118,"request":111,"reference":null,"job":null,"n":2,"x":0,"y":0}
[completion-event] {"processOrdinal":1,"v":1,"event":12,"begin":"21806375875","end":"21806377666","thread":118,"request":111,"reference":null,"job":null,"n":2,"x":0,"y":0}
[completion-event] {"processOrdinal":1,"v":1,"event":13,"begin":"21806377666","end":"21806381458","thread":118,"request":111,"reference":null,"job":null,"n":2,"x":0,"y":100}
[completion-event] {"processOrdinal":1,"v":1,"event":10,"begin":"21914258625","end":"21934810875","thread":119,"request":112,"reference":null,"job":null,"n":8,"x":2,"y":0}
[completion-event] {"processOrdinal":1,"v":1,"event":11,"begin":"21934810875","end":"21934825791","thread":119,"request":112,"reference":null,"job":null,"n":2,"x":0,"y":0}
[completion-event] {"processOrdinal":1,"v":1,"event":12,"begin":"21934825791","end":"21934827625","thread":119,"request":112,"reference":null,"job":null,"n":2,"x":0,"y":0}
[completion-event] {"processOrdinal":1,"v":1,"event":13,"begin":"21934827625","end":"21934831708","thread":119,"request":112,"reference":null,"job":null,"n":2,"x":0,"y":100}
[completion-event] {"processOrdinal":1,"v":1,"event":10,"begin":"22042781500","end":"22066509083","thread":120,"request":113,"reference":null,"job":null,"n":8,"x":2,"y":0}
[completion-event] {"processOrdinal":1,"v":1,"event":11,"begin":"22066509083","end":"22066522000","thread":120,"request":113,"reference":null,"job":null,"n":2,"x":0,"y":0}
[completion-event] {"processOrdinal":1,"v":1,"event":12,"begin":"22066522000","end":"22066524083","thread":120,"request":113,"reference":null,"job":null,"n":2,"x":0,"y":0}
[completion-event] {"processOrdinal":1,"v":1,"event":13,"begin":"22066524083","end":"22066528625","thread":120,"request":113,"reference":null,"job":null,"n":2,"x":0,"y":100}
[completion-event] {"processOrdinal":1,"v":1,"event":10,"begin":"22172837750","end":"22192988291","thread":121,"request":114,"reference":null,"job":null,"n":8,"x":2,"y":0}
[completion-event] {"processOrdinal":1,"v":1,"event":11,"begin":"22192988291","end":"22193002166","thread":121,"request":114,"reference":null,"job":null,"n":2,"x":0,"y":0}
[completion-event] {"processOrdinal":1,"v":1,"event":12,"begin":"22193002166","end":"22193004166","thread":121,"request":114,"reference":null,"job":null,"n":2,"x":0,"y":0}
[completion-event] {"processOrdinal":1,"v":1,"event":13,"begin":"22193004166","end":"22193008125","thread":121,"request":114,"reference":null,"job":null,"n":2,"x":0,"y":100}
[completion-event] {"processOrdinal":1,"v":1,"event":10,"begin":"22299750916","end":"22320354083","thread":122,"request":115,"reference":null,"job":null,"n":8,"x":2,"y":0}
[completion-event] {"processOrdinal":1,"v":1,"event":11,"begin":"22320354083","end":"22320368333","thread":122,"request":115,"reference":null,"job":null,"n":2,"x":0,"y":0}
[completion-event] {"processOrdinal":1,"v":1,"event":12,"begin":"22320368333","end":"22320370125","thread":122,"request":115,"reference":null,"job":null,"n":2,"x":0,"y":0}
[completion-event] {"processOrdinal":1,"v":1,"event":13,"begin":"22320370125","end":"22320374666","thread":122,"request":115,"reference":null,"job":null,"n":2,"x":0,"y":100}
[completion-event] {"processOrdinal":1,"v":1,"event":10,"begin":"22428417666","end":"22450283625","thread":123,"request":116,"reference":null,"job":null,"n":8,"x":2,"y":0}
[completion-event] {"processOrdinal":1,"v":1,"event":11,"begin":"22450283625","end":"22450297625","thread":123,"request":116,"reference":null,"job":null,"n":2,"x":0,"y":0}
[completion-event] {"processOrdinal":1,"v":1,"event":12,"begin":"22450297625","end":"22450299666","thread":123,"request":116,"reference":null,"job":null,"n":2,"x":0,"y":0}
[completion-event] {"processOrdinal":1,"v":1,"event":13,"begin":"22450299666","end":"22450303541","thread":123,"request":116,"reference":null,"job":null,"n":2,"x":0,"y":100}
[completion-event] {"processOrdinal":1,"v":1,"event":10,"begin":"22557281666","end":"22577677083","thread":124,"request":117,"reference":null,"job":null,"n":8,"x":2,"y":0}
[completion-event] {"processOrdinal":1,"v":1,"event":11,"begin":"22577677083","end":"22577691500","thread":124,"request":117,"reference":null,"job":null,"n":2,"x":0,"y":0}
[completion-event] {"processOrdinal":1,"v":1,"event":12,"begin":"22577691500","end":"22577693166","thread":124,"request":117,"reference":null,"job":null,"n":2,"x":0,"y":0}
[completion-event] {"processOrdinal":1,"v":1,"event":13,"begin":"22577693166","end":"22577697083","thread":124,"request":117,"reference":null,"job":null,"n":2,"x":0,"y":100}
[completion-event] {"processOrdinal":1,"v":1,"event":10,"begin":"22683701083","end":"22704647416","thread":125,"request":118,"reference":null,"job":null,"n":8,"x":2,"y":0}
[completion-event] {"processOrdinal":1,"v":1,"event":11,"begin":"22704647416","end":"22704659916","thread":125,"request":118,"reference":null,"job":null,"n":2,"x":0,"y":0}
[completion-event] {"processOrdinal":1,"v":1,"event":12,"begin":"22704659916","end":"22704661583","thread":125,"request":118,"reference":null,"job":null,"n":2,"x":0,"y":0}
[completion-event] {"processOrdinal":1,"v":1,"event":13,"begin":"22704661583","end":"22704665458","thread":125,"request":118,"reference":null,"job":null,"n":2,"x":0,"y":100}
[completion-event] {"processOrdinal":1,"v":1,"event":10,"begin":"22812745375","end":"22833545166","thread":126,"request":119,"reference":null,"job":null,"n":8,"x":2,"y":0}
[completion-event] {"processOrdinal":1,"v":1,"event":11,"begin":"22833545166","end":"22833559041","thread":126,"request":119,"reference":null,"job":null,"n":2,"x":0,"y":0}
[completion-event] {"processOrdinal":1,"v":1,"event":12,"begin":"22833559041","end":"22833561250","thread":126,"request":119,"reference":null,"job":null,"n":2,"x":0,"y":0}
[completion-event] {"processOrdinal":1,"v":1,"event":13,"begin":"22833561250","end":"22833565541","thread":126,"request":119,"reference":null,"job":null,"n":2,"x":0,"y":100}
[completion-event] {"processOrdinal":1,"v":1,"event":10,"begin":"22941809500","end":"22962770208","thread":127,"request":120,"reference":null,"job":null,"n":8,"x":2,"y":0}
[completion-event] {"processOrdinal":1,"v":1,"event":11,"begin":"22962770208","end":"22962786000","thread":127,"request":120,"reference":null,"job":null,"n":2,"x":0,"y":0}
[completion-event] {"processOrdinal":1,"v":1,"event":12,"begin":"22962786000","end":"22962788041","thread":127,"request":120,"reference":null,"job":null,"n":2,"x":0,"y":0}
[completion-event] {"processOrdinal":1,"v":1,"event":13,"begin":"22962788041","end":"22962792458","thread":127,"request":120,"reference":null,"job":null,"n":2,"x":0,"y":100}
[completion-event] {"processOrdinal":1,"v":1,"event":10,"begin":"23070492125","end":"23091773041","thread":128,"request":121,"reference":null,"job":null,"n":8,"x":2,"y":0}
[completion-event] {"processOrdinal":1,"v":1,"event":11,"begin":"23091773041","end":"23091786916","thread":128,"request":121,"reference":null,"job":null,"n":2,"x":0,"y":0}
[completion-event] {"processOrdinal":1,"v":1,"event":12,"begin":"23091786916","end":"23091789125","thread":128,"request":121,"reference":null,"job":null,"n":2,"x":0,"y":0}
[completion-event] {"processOrdinal":1,"v":1,"event":13,"begin":"23091789125","end":"23091793500","thread":128,"request":121,"reference":null,"job":null,"n":2,"x":0,"y":100}
[completion-event] {"processOrdinal":1,"v":1,"event":10,"begin":"23198548791","end":"23222105083","thread":129,"request":122,"reference":null,"job":null,"n":8,"x":2,"y":0}
[completion-event] {"processOrdinal":1,"v":1,"event":11,"begin":"23222105083","end":"23222119083","thread":129,"request":122,"reference":null,"job":null,"n":2,"x":0,"y":0}
[completion-event] {"processOrdinal":1,"v":1,"event":12,"begin":"23222119083","end":"23222120791","thread":129,"request":122,"reference":null,"job":null,"n":2,"x":0,"y":0}
[completion-event] {"processOrdinal":1,"v":1,"event":13,"begin":"23222120791","end":"23222125166","thread":129,"request":122,"reference":null,"job":null,"n":2,"x":0,"y":100}
[completion-event] {"processOrdinal":1,"v":1,"event":10,"begin":"23330269708","end":"23351042208","thread":130,"request":123,"reference":null,"job":null,"n":8,"x":2,"y":0}
[completion-event] {"processOrdinal":1,"v":1,"event":11,"begin":"23351042208","end":"23351056375","thread":130,"request":123,"reference":null,"job":null,"n":2,"x":0,"y":0}
[completion-event] {"processOrdinal":1,"v":1,"event":12,"begin":"23351056375","end":"23351058250","thread":130,"request":123,"reference":null,"job":null,"n":2,"x":0,"y":0}
[completion-event] {"processOrdinal":1,"v":1,"event":13,"begin":"23351058250","end":"23351062666","thread":130,"request":123,"reference":null,"job":null,"n":2,"x":0,"y":100}
[completion-event] {"processOrdinal":1,"v":1,"event":10,"begin":"23459001375","end":"23480904875","thread":131,"request":124,"reference":null,"job":null,"n":8,"x":2,"y":0}
[completion-event] {"processOrdinal":1,"v":1,"event":11,"begin":"23480904875","end":"23480923916","thread":131,"request":124,"reference":null,"job":null,"n":2,"x":0,"y":0}
[completion-event] {"processOrdinal":1,"v":1,"event":12,"begin":"23480923916","end":"23480926041","thread":131,"request":124,"reference":null,"job":null,"n":2,"x":0,"y":0}
[completion-event] {"processOrdinal":1,"v":1,"event":13,"begin":"23480926041","end":"23480930958","thread":131,"request":124,"reference":null,"job":null,"n":2,"x":0,"y":100}
[completion-event] {"processOrdinal":1,"v":1,"event":10,"begin":"23589024458","end":"23609837458","thread":132,"request":125,"reference":null,"job":null,"n":8,"x":2,"y":0}
[completion-event] {"processOrdinal":1,"v":1,"event":11,"begin":"23609837458","end":"23609850083","thread":132,"request":125,"reference":null,"job":null,"n":2,"x":0,"y":0}
[completion-event] {"processOrdinal":1,"v":1,"event":12,"begin":"23609850083","end":"23609851750","thread":132,"request":125,"reference":null,"job":null,"n":2,"x":0,"y":0}
[completion-event] {"processOrdinal":1,"v":1,"event":13,"begin":"23609851750","end":"23609855833","thread":132,"request":125,"reference":null,"job":null,"n":2,"x":0,"y":100}
[completion-event] {"processOrdinal":1,"v":1,"event":10,"begin":"23720504208","end":"23742807666","thread":133,"request":126,"reference":null,"job":null,"n":8,"x":2,"y":0}
[completion-event] {"processOrdinal":1,"v":1,"event":11,"begin":"23742807666","end":"23742822000","thread":133,"request":126,"reference":null,"job":null,"n":2,"x":0,"y":0}
[completion-event] {"processOrdinal":1,"v":1,"event":12,"begin":"23742822000","end":"23742823833","thread":133,"request":126,"reference":null,"job":null,"n":2,"x":0,"y":0}
[completion-event] {"processOrdinal":1,"v":1,"event":13,"begin":"23742823833","end":"23742828000","thread":133,"request":126,"reference":null,"job":null,"n":2,"x":0,"y":100}
[completion-event] {"processOrdinal":1,"v":1,"event":10,"begin":"23850902833","end":"23871680041","thread":134,"request":127,"reference":null,"job":null,"n":8,"x":2,"y":0}
[completion-event] {"processOrdinal":1,"v":1,"event":11,"begin":"23871680041","end":"23871695125","thread":134,"request":127,"reference":null,"job":null,"n":2,"x":0,"y":0}
[completion-event] {"processOrdinal":1,"v":1,"event":12,"begin":"23871695125","end":"23871697208","thread":134,"request":127,"reference":null,"job":null,"n":2,"x":0,"y":0}
[completion-event] {"processOrdinal":1,"v":1,"event":13,"begin":"23871697208","end":"23871703125","thread":134,"request":127,"reference":null,"job":null,"n":2,"x":0,"y":100}
[completion-event] {"processOrdinal":1,"v":1,"event":10,"begin":"23979730750","end":"24000696583","thread":135,"request":128,"reference":null,"job":null,"n":8,"x":2,"y":0}
[completion-event] {"processOrdinal":1,"v":1,"event":11,"begin":"24000696583","end":"24000711041","thread":135,"request":128,"reference":null,"job":null,"n":2,"x":0,"y":0}
[completion-event] {"processOrdinal":1,"v":1,"event":12,"begin":"24000711041","end":"24000712916","thread":135,"request":128,"reference":null,"job":null,"n":2,"x":0,"y":0}
[completion-event] {"processOrdinal":1,"v":1,"event":13,"begin":"24000712916","end":"24000717458","thread":135,"request":128,"reference":null,"job":null,"n":2,"x":0,"y":100}
[completion-event] {"processOrdinal":1,"v":1,"event":10,"begin":"24108670625","end":"24129571416","thread":136,"request":129,"reference":null,"job":null,"n":8,"x":2,"y":0}
[completion-event] {"processOrdinal":1,"v":1,"event":11,"begin":"24129571416","end":"24129585708","thread":136,"request":129,"reference":null,"job":null,"n":2,"x":0,"y":0}
[completion-event] {"processOrdinal":1,"v":1,"event":12,"begin":"24129585708","end":"24129587666","thread":136,"request":129,"reference":null,"job":null,"n":2,"x":0,"y":0}
[completion-event] {"processOrdinal":1,"v":1,"event":13,"begin":"24129587666","end":"24129591625","thread":136,"request":129,"reference":null,"job":null,"n":2,"x":0,"y":100}
[completion-event] {"processOrdinal":1,"v":1,"event":10,"begin":"24236663250","end":"24257935958","thread":137,"request":130,"reference":null,"job":null,"n":8,"x":2,"y":0}
[completion-event] {"processOrdinal":1,"v":1,"event":11,"begin":"24257935958","end":"24257948833","thread":137,"request":130,"reference":null,"job":null,"n":2,"x":0,"y":0}
[completion-event] {"processOrdinal":1,"v":1,"event":12,"begin":"24257948833","end":"24257950375","thread":137,"request":130,"reference":null,"job":null,"n":2,"x":0,"y":0}
[completion-event] {"processOrdinal":1,"v":1,"event":13,"begin":"24257950375","end":"24257954833","thread":137,"request":130,"reference":null,"job":null,"n":2,"x":0,"y":100}
[completion-event] {"processOrdinal":1,"v":1,"event":10,"begin":"24366342791","end":"24387539875","thread":138,"request":131,"reference":null,"job":null,"n":8,"x":2,"y":0}
[completion-event] {"processOrdinal":1,"v":1,"event":11,"begin":"24387539875","end":"24387557666","thread":138,"request":131,"reference":null,"job":null,"n":2,"x":0,"y":0}
[completion-event] {"processOrdinal":1,"v":1,"event":12,"begin":"24387557666","end":"24387559833","thread":138,"request":131,"reference":null,"job":null,"n":2,"x":0,"y":0}
[completion-event] {"processOrdinal":1,"v":1,"event":13,"begin":"24387559833","end":"24387565500","thread":138,"request":131,"reference":null,"job":null,"n":2,"x":0,"y":100}
[completion-event] {"processOrdinal":1,"v":1,"event":10,"begin":"24495514583","end":"24516356208","thread":139,"request":132,"reference":null,"job":null,"n":8,"x":2,"y":0}
[completion-event] {"processOrdinal":1,"v":1,"event":11,"begin":"24516356208","end":"24516368750","thread":139,"request":132,"reference":null,"job":null,"n":2,"x":0,"y":0}
[completion-event] {"processOrdinal":1,"v":1,"event":12,"begin":"24516368750","end":"24516370625","thread":139,"request":132,"reference":null,"job":null,"n":2,"x":0,"y":0}
[completion-event] {"processOrdinal":1,"v":1,"event":13,"begin":"24516370625","end":"24516375250","thread":139,"request":132,"reference":null,"job":null,"n":2,"x":0,"y":100}
[completion-event] {"processOrdinal":1,"v":1,"event":10,"begin":"24623479458","end":"24644520666","thread":140,"request":133,"reference":null,"job":null,"n":8,"x":2,"y":0}
[completion-event] {"processOrdinal":1,"v":1,"event":11,"begin":"24644520666","end":"24644534625","thread":140,"request":133,"reference":null,"job":null,"n":2,"x":0,"y":0}
[completion-event] {"processOrdinal":1,"v":1,"event":12,"begin":"24644534625","end":"24644536083","thread":140,"request":133,"reference":null,"job":null,"n":2,"x":0,"y":0}
[completion-event] {"processOrdinal":1,"v":1,"event":13,"begin":"24644536083","end":"24644540041","thread":140,"request":133,"reference":null,"job":null,"n":2,"x":0,"y":100}
[completion-event] {"processOrdinal":1,"v":1,"event":10,"begin":"24755949458","end":"24777860416","thread":141,"request":134,"reference":null,"job":null,"n":8,"x":2,"y":0}
[completion-event] {"processOrdinal":1,"v":1,"event":11,"begin":"24777860416","end":"24777872875","thread":141,"request":134,"reference":null,"job":null,"n":2,"x":0,"y":0}
[completion-event] {"processOrdinal":1,"v":1,"event":12,"begin":"24777872875","end":"24777874500","thread":141,"request":134,"reference":null,"job":null,"n":2,"x":0,"y":0}
[completion-event] {"processOrdinal":1,"v":1,"event":13,"begin":"24777874500","end":"24777878333","thread":141,"request":134,"reference":null,"job":null,"n":2,"x":0,"y":100}
[completion-event] {"processOrdinal":1,"v":1,"event":10,"begin":"24886072291","end":"24907461916","thread":142,"request":135,"reference":null,"job":null,"n":8,"x":2,"y":0}
[completion-event] {"processOrdinal":1,"v":1,"event":11,"begin":"24907461916","end":"24907477000","thread":142,"request":135,"reference":null,"job":null,"n":2,"x":0,"y":0}
[completion-event] {"processOrdinal":1,"v":1,"event":12,"begin":"24907477000","end":"24907479416","thread":142,"request":135,"reference":null,"job":null,"n":2,"x":0,"y":0}
[completion-event] {"processOrdinal":1,"v":1,"event":13,"begin":"24907479416","end":"24907484166","thread":142,"request":135,"reference":null,"job":null,"n":2,"x":0,"y":100}
[completion-event] {"processOrdinal":1,"v":1,"event":10,"begin":"25014438625","end":"25035565208","thread":143,"request":136,"reference":null,"job":null,"n":8,"x":2,"y":0}
[completion-event] {"processOrdinal":1,"v":1,"event":11,"begin":"25035565208","end":"25035578458","thread":143,"request":136,"reference":null,"job":null,"n":2,"x":0,"y":0}
[completion-event] {"processOrdinal":1,"v":1,"event":12,"begin":"25035578458","end":"25035580250","thread":143,"request":136,"reference":null,"job":null,"n":2,"x":0,"y":0}
[completion-event] {"processOrdinal":1,"v":1,"event":13,"begin":"25035580250","end":"25035584125","thread":143,"request":136,"reference":null,"job":null,"n":2,"x":0,"y":100}
[completion-event] {"processOrdinal":1,"v":1,"event":10,"begin":"25143804583","end":"25164993625","thread":144,"request":137,"reference":null,"job":null,"n":8,"x":2,"y":0}
[completion-event] {"processOrdinal":1,"v":1,"event":11,"begin":"25164993625","end":"25165007291","thread":144,"request":137,"reference":null,"job":null,"n":2,"x":0,"y":0}
[completion-event] {"processOrdinal":1,"v":1,"event":12,"begin":"25165007291","end":"25165009291","thread":144,"request":137,"reference":null,"job":null,"n":2,"x":0,"y":0}
[completion-event] {"processOrdinal":1,"v":1,"event":13,"begin":"25165009291","end":"25165013458","thread":144,"request":137,"reference":null,"job":null,"n":2,"x":0,"y":100}
[completion-event] {"processOrdinal":1,"v":1,"event":10,"begin":"25271928083","end":"25294492458","thread":145,"request":138,"reference":null,"job":null,"n":8,"x":2,"y":0}
[completion-event] {"processOrdinal":1,"v":1,"event":11,"begin":"25294492458","end":"25294504208","thread":145,"request":138,"reference":null,"job":null,"n":2,"x":0,"y":0}
[completion-event] {"processOrdinal":1,"v":1,"event":12,"begin":"25294504208","end":"25294505791","thread":145,"request":138,"reference":null,"job":null,"n":2,"x":0,"y":0}
[completion-event] {"processOrdinal":1,"v":1,"event":13,"begin":"25294505791","end":"25294509625","thread":145,"request":138,"reference":null,"job":null,"n":2,"x":0,"y":100}
[completion-event] {"processOrdinal":1,"v":1,"event":10,"begin":"25402668625","end":"25423735083","thread":146,"request":139,"reference":null,"job":null,"n":8,"x":2,"y":0}
[completion-event] {"processOrdinal":1,"v":1,"event":11,"begin":"25423735083","end":"25423750291","thread":146,"request":139,"reference":null,"job":null,"n":2,"x":0,"y":0}
[completion-event] {"processOrdinal":1,"v":1,"event":12,"begin":"25423750291","end":"25423752291","thread":146,"request":139,"reference":null,"job":null,"n":2,"x":0,"y":0}
[completion-event] {"processOrdinal":1,"v":1,"event":13,"begin":"25423752291","end":"25423756791","thread":146,"request":139,"reference":null,"job":null,"n":2,"x":0,"y":100}
[completion-event] {"processOrdinal":1,"v":1,"event":10,"begin":"25531975375","end":"25552737916","thread":147,"request":140,"reference":null,"job":null,"n":8,"x":2,"y":0}
[completion-event] {"processOrdinal":1,"v":1,"event":11,"begin":"25552737916","end":"25552751916","thread":147,"request":140,"reference":null,"job":null,"n":2,"x":0,"y":0}
[completion-event] {"processOrdinal":1,"v":1,"event":12,"begin":"25552751916","end":"25552753625","thread":147,"request":140,"reference":null,"job":null,"n":2,"x":0,"y":0}
[completion-event] {"processOrdinal":1,"v":1,"event":13,"begin":"25552753625","end":"25552757583","thread":147,"request":140,"reference":null,"job":null,"n":2,"x":0,"y":100}
[completion-event] {"processOrdinal":1,"v":1,"event":10,"begin":"25660930375","end":"25681744541","thread":148,"request":141,"reference":null,"job":null,"n":8,"x":2,"y":0}
[completion-event] {"processOrdinal":1,"v":1,"event":11,"begin":"25681744541","end":"25681760208","thread":148,"request":141,"reference":null,"job":null,"n":2,"x":0,"y":0}
[completion-event] {"processOrdinal":1,"v":1,"event":12,"begin":"25681760208","end":"25681762166","thread":148,"request":141,"reference":null,"job":null,"n":2,"x":0,"y":0}
[completion-event] {"processOrdinal":1,"v":1,"event":13,"begin":"25681762166","end":"25681766958","thread":148,"request":141,"reference":null,"job":null,"n":2,"x":0,"y":100}
[completion-event] {"processOrdinal":1,"v":1,"event":10,"begin":"25789527708","end":"25812611875","thread":149,"request":142,"reference":null,"job":null,"n":8,"x":2,"y":0}
[completion-event] {"processOrdinal":1,"v":1,"event":11,"begin":"25812611875","end":"25812625541","thread":149,"request":142,"reference":null,"job":null,"n":2,"x":0,"y":0}
[completion-event] {"processOrdinal":1,"v":1,"event":12,"begin":"25812625541","end":"25812627250","thread":149,"request":142,"reference":null,"job":null,"n":2,"x":0,"y":0}
[completion-event] {"processOrdinal":1,"v":1,"event":13,"begin":"25812627250","end":"25812631708","thread":149,"request":142,"reference":null,"job":null,"n":2,"x":0,"y":100}
[completion-event] {"processOrdinal":1,"v":1,"event":10,"begin":"25928784750","end":"25949404208","thread":150,"request":143,"reference":null,"job":null,"n":8,"x":2,"y":0}
[completion-event] {"processOrdinal":1,"v":1,"event":11,"begin":"25949404208","end":"25949418750","thread":150,"request":143,"reference":null,"job":null,"n":2,"x":0,"y":0}
[completion-event] {"processOrdinal":1,"v":1,"event":12,"begin":"25949418750","end":"25949420541","thread":150,"request":143,"reference":null,"job":null,"n":2,"x":0,"y":0}
[completion-event] {"processOrdinal":1,"v":1,"event":13,"begin":"25949420541","end":"25949424625","thread":150,"request":143,"reference":null,"job":null,"n":2,"x":0,"y":100}
[completion-event] {"processOrdinal":1,"v":1,"event":10,"begin":"26055293500","end":"26075600458","thread":151,"request":144,"reference":null,"job":null,"n":8,"x":2,"y":0}
[completion-event] {"processOrdinal":1,"v":1,"event":11,"begin":"26075600458","end":"26075614458","thread":151,"request":144,"reference":null,"job":null,"n":2,"x":0,"y":0}
[completion-event] {"processOrdinal":1,"v":1,"event":12,"begin":"26075614458","end":"26075616333","thread":151,"request":144,"reference":null,"job":null,"n":2,"x":0,"y":0}
[completion-event] {"processOrdinal":1,"v":1,"event":13,"begin":"26075616333","end":"26075620416","thread":151,"request":144,"reference":null,"job":null,"n":2,"x":0,"y":100}
[completion-event] {"processOrdinal":1,"v":1,"event":10,"begin":"26181588833","end":"26201902041","thread":152,"request":145,"reference":null,"job":null,"n":8,"x":2,"y":0}
[completion-event] {"processOrdinal":1,"v":1,"event":11,"begin":"26201902041","end":"26201915416","thread":152,"request":145,"reference":null,"job":null,"n":2,"x":0,"y":0}
[completion-event] {"processOrdinal":1,"v":1,"event":12,"begin":"26201915416","end":"26201917291","thread":152,"request":145,"reference":null,"job":null,"n":2,"x":0,"y":0}
[completion-event] {"processOrdinal":1,"v":1,"event":13,"begin":"26201917291","end":"26201921500","thread":152,"request":145,"reference":null,"job":null,"n":2,"x":0,"y":100}
[completion-event] {"processOrdinal":1,"v":1,"event":10,"begin":"26308321333","end":"26328645666","thread":153,"request":146,"reference":null,"job":null,"n":8,"x":2,"y":0}
[completion-event] {"processOrdinal":1,"v":1,"event":11,"begin":"26328645666","end":"26328659125","thread":153,"request":146,"reference":null,"job":null,"n":2,"x":0,"y":0}
[completion-event] {"processOrdinal":1,"v":1,"event":12,"begin":"26328659125","end":"26328660750","thread":153,"request":146,"reference":null,"job":null,"n":2,"x":0,"y":0}
[completion-event] {"processOrdinal":1,"v":1,"event":13,"begin":"26328660750","end":"26328665125","thread":153,"request":146,"reference":null,"job":null,"n":2,"x":0,"y":100}
[completion-event] {"processOrdinal":1,"v":1,"event":10,"begin":"26449935166","end":"26482878875","thread":154,"request":147,"reference":null,"job":null,"n":10,"x":3,"y":0}
[completion-event] {"processOrdinal":1,"v":1,"event":11,"begin":"26482878875","end":"26482893916","thread":154,"request":147,"reference":null,"job":null,"n":3,"x":0,"y":0}
[completion-event] {"processOrdinal":1,"v":1,"event":12,"begin":"26482893916","end":"26482895625","thread":154,"request":147,"reference":null,"job":null,"n":3,"x":0,"y":0}
[completion-event] {"processOrdinal":1,"v":1,"event":13,"begin":"26482895625","end":"26482901041","thread":154,"request":147,"reference":null,"job":null,"n":3,"x":0,"y":100}
[completion-event] {"processOrdinal":1,"v":1,"event":10,"begin":"26592179916","end":"26624810750","thread":155,"request":148,"reference":null,"job":null,"n":10,"x":3,"y":0}
[completion-event] {"processOrdinal":1,"v":1,"event":11,"begin":"26624810750","end":"26624828625","thread":155,"request":148,"reference":null,"job":null,"n":3,"x":0,"y":0}
[completion-event] {"processOrdinal":1,"v":1,"event":12,"begin":"26624828625","end":"26624830291","thread":155,"request":148,"reference":null,"job":null,"n":3,"x":0,"y":0}
[completion-event] {"processOrdinal":1,"v":1,"event":13,"begin":"26624830291","end":"26624834791","thread":155,"request":148,"reference":null,"job":null,"n":3,"x":0,"y":100}
[completion-event] {"processOrdinal":1,"v":1,"event":2,"begin":"26694286166","end":"26694286166","thread":89,"request":0,"reference":"2de4ec75bdd4cb9805fdcfbd8b9969a15cb7d79e9e0de48ba4b18f9496bd67a8","job":"30d3a39c83bd118424e2ea98a2bca5348dd9b4b2a26de1dc1f2c93cf9963626f","n":0,"x":0,"y":0}
[completion-event] {"processOrdinal":1,"v":1,"event":3,"begin":"26694308250","end":"26694308250","thread":156,"request":0,"reference":"2de4ec75bdd4cb9805fdcfbd8b9969a15cb7d79e9e0de48ba4b18f9496bd67a8","job":"30d3a39c83bd118424e2ea98a2bca5348dd9b4b2a26de1dc1f2c93cf9963626f","n":0,"x":0,"y":0}
[completion-event] {"processOrdinal":1,"v":1,"event":4,"begin":"27116793083","end":"27116793083","thread":156,"request":0,"reference":"2de4ec75bdd4cb9805fdcfbd8b9969a15cb7d79e9e0de48ba4b18f9496bd67a8","job":"30d3a39c83bd118424e2ea98a2bca5348dd9b4b2a26de1dc1f2c93cf9963626f","n":0,"x":0,"y":0}
[completion-event] {"processOrdinal":1,"v":1,"event":10,"begin":"27116465875","end":"27152139625","thread":157,"request":149,"reference":null,"job":null,"n":10,"x":3,"y":0}
[completion-event] {"processOrdinal":1,"v":1,"event":11,"begin":"27152139625","end":"27152156750","thread":157,"request":149,"reference":null,"job":null,"n":3,"x":0,"y":0}
[completion-event] {"processOrdinal":1,"v":1,"event":12,"begin":"27152156750","end":"27152158708","thread":157,"request":149,"reference":null,"job":null,"n":3,"x":0,"y":0}
[completion-event] {"processOrdinal":1,"v":1,"event":13,"begin":"27152158708","end":"27152163291","thread":157,"request":149,"reference":null,"job":null,"n":3,"x":0,"y":100}
[completion-event] {"processOrdinal":1,"v":1,"event":2,"begin":"27469715083","end":"27469715083","thread":89,"request":0,"reference":"7a7ad4e70c3b8f520cd5ee03faa28faffbe6ef87662c45789f961fd16dcedfb1","job":"7593edf00347e670d615046ecfa1829e823be5601fa5cbd62d99b93fe34ee22d","n":0,"x":0,"y":0}
[completion-event] {"processOrdinal":1,"v":1,"event":10,"begin":"27301549833","end":"27499614250","thread":158,"request":150,"reference":null,"job":null,"n":10,"x":3,"y":0}
[completion-event] {"processOrdinal":1,"v":1,"event":11,"begin":"27499614250","end":"27499630291","thread":158,"request":150,"reference":null,"job":null,"n":3,"x":0,"y":0}
[completion-event] {"processOrdinal":1,"v":1,"event":12,"begin":"27499630291","end":"27499632250","thread":158,"request":150,"reference":null,"job":null,"n":3,"x":0,"y":0}
[completion-event] {"processOrdinal":1,"v":1,"event":13,"begin":"27499632250","end":"27499637083","thread":158,"request":150,"reference":null,"job":null,"n":3,"x":0,"y":100}
[completion-event] {"processOrdinal":1,"v":1,"event":10,"begin":"27611377041","end":"27644041083","thread":159,"request":151,"reference":null,"job":null,"n":10,"x":3,"y":0}
[completion-event] {"processOrdinal":1,"v":1,"event":11,"begin":"27644041083","end":"27644057291","thread":159,"request":151,"reference":null,"job":null,"n":3,"x":0,"y":0}
[completion-event] {"processOrdinal":1,"v":1,"event":12,"begin":"27644057291","end":"27644059208","thread":159,"request":151,"reference":null,"job":null,"n":3,"x":0,"y":0}
[completion-event] {"processOrdinal":1,"v":1,"event":13,"begin":"27644059208","end":"27644064666","thread":159,"request":151,"reference":null,"job":null,"n":3,"x":0,"y":100}
[completion-event] {"processOrdinal":1,"v":1,"event":2,"begin":"27765632125","end":"27765632125","thread":89,"request":0,"reference":"f990d2435e065419e276d4188f4880e254bcae81784f7bf438de44ed0d546203","job":"a98ef0dd082d5e23bf64c78ab8dfd8984b6f92e64337d1edd5f1ad8acf37d473","n":0,"x":0,"y":0}
[completion-event] {"processOrdinal":1,"v":1,"event":10,"begin":"27766459375","end":"27817865500","thread":160,"request":152,"reference":null,"job":null,"n":10,"x":3,"y":0}
[completion-event] {"processOrdinal":1,"v":1,"event":11,"begin":"27817865500","end":"27817880708","thread":160,"request":152,"reference":null,"job":null,"n":3,"x":0,"y":0}
[completion-event] {"processOrdinal":1,"v":1,"event":12,"begin":"27817880708","end":"27817882000","thread":160,"request":152,"reference":null,"job":null,"n":3,"x":0,"y":0}
[completion-event] {"processOrdinal":1,"v":1,"event":13,"begin":"27817882000","end":"27817886583","thread":160,"request":152,"reference":null,"job":null,"n":3,"x":0,"y":100}
[completion-event] {"processOrdinal":1,"v":1,"event":10,"begin":"27928178333","end":"27963694208","thread":161,"request":153,"reference":null,"job":null,"n":10,"x":3,"y":0}
[completion-event] {"processOrdinal":1,"v":1,"event":11,"begin":"27963694208","end":"27963711416","thread":161,"request":153,"reference":null,"job":null,"n":3,"x":0,"y":0}
[completion-event] {"processOrdinal":1,"v":1,"event":12,"begin":"27963711416","end":"27963713500","thread":161,"request":153,"reference":null,"job":null,"n":3,"x":0,"y":0}
[completion-event] {"processOrdinal":1,"v":1,"event":13,"begin":"27963713500","end":"27963718416","thread":161,"request":153,"reference":null,"job":null,"n":3,"x":0,"y":100}
[completion-event] {"processOrdinal":1,"v":1,"event":2,"begin":"28072176916","end":"28072176916","thread":89,"request":0,"reference":"1be7a6b658bce76622d11c461bb3d02dbae7afd8c09579278164a5816283e463","job":"9f8cd98b44c9caa619eb1e510c09f8a238cacd242ba242e41a075e8aa4eb067b","n":0,"x":0,"y":0}
[completion-event] {"processOrdinal":1,"v":1,"event":10,"begin":"28073917458","end":"28106594958","thread":162,"request":154,"reference":null,"job":null,"n":10,"x":3,"y":0}
[completion-event] {"processOrdinal":1,"v":1,"event":11,"begin":"28106594958","end":"28106613541","thread":162,"request":154,"reference":null,"job":null,"n":3,"x":0,"y":0}
[completion-event] {"processOrdinal":1,"v":1,"event":12,"begin":"28106613541","end":"28106614958","thread":162,"request":154,"reference":null,"job":null,"n":3,"x":0,"y":0}
[completion-event] {"processOrdinal":1,"v":1,"event":13,"begin":"28106614958","end":"28106620000","thread":162,"request":154,"reference":null,"job":null,"n":3,"x":0,"y":100}
[completion-event] {"processOrdinal":1,"v":1,"event":10,"begin":"28216913625","end":"28250698666","thread":163,"request":155,"reference":null,"job":null,"n":10,"x":3,"y":0}
[completion-event] {"processOrdinal":1,"v":1,"event":11,"begin":"28250698666","end":"28250715291","thread":163,"request":155,"reference":null,"job":null,"n":3,"x":0,"y":0}
[completion-event] {"processOrdinal":1,"v":1,"event":12,"begin":"28250715291","end":"28250717041","thread":163,"request":155,"reference":null,"job":null,"n":3,"x":0,"y":0}
[completion-event] {"processOrdinal":1,"v":1,"event":13,"begin":"28250717041","end":"28250722166","thread":163,"request":155,"reference":null,"job":null,"n":3,"x":0,"y":100}
[completion-event] {"processOrdinal":1,"v":1,"event":10,"begin":"28360169500","end":"28392513750","thread":164,"request":156,"reference":null,"job":null,"n":10,"x":3,"y":0}
[completion-event] {"processOrdinal":1,"v":1,"event":11,"begin":"28392513750","end":"28392530625","thread":164,"request":156,"reference":null,"job":null,"n":3,"x":0,"y":0}
[completion-event] {"processOrdinal":1,"v":1,"event":12,"begin":"28392530625","end":"28392532375","thread":164,"request":156,"reference":null,"job":null,"n":3,"x":0,"y":0}
[completion-event] {"processOrdinal":1,"v":1,"event":13,"begin":"28392532375","end":"28392537625","thread":164,"request":156,"reference":null,"job":null,"n":3,"x":0,"y":100}
[completion-event] {"processOrdinal":1,"v":1,"event":10,"begin":"28500206500","end":"28533412625","thread":165,"request":157,"reference":null,"job":null,"n":10,"x":3,"y":0}
[completion-event] {"processOrdinal":1,"v":1,"event":11,"begin":"28533412625","end":"28533428791","thread":165,"request":157,"reference":null,"job":null,"n":3,"x":0,"y":0}
[completion-event] {"processOrdinal":1,"v":1,"event":12,"begin":"28533428791","end":"28533430583","thread":165,"request":157,"reference":null,"job":null,"n":3,"x":0,"y":0}
[completion-event] {"processOrdinal":1,"v":1,"event":13,"begin":"28533430583","end":"28533435541","thread":165,"request":157,"reference":null,"job":null,"n":3,"x":0,"y":100}
[completion-event] {"processOrdinal":1,"v":1,"event":10,"begin":"28643083791","end":"28676441333","thread":166,"request":158,"reference":null,"job":null,"n":10,"x":3,"y":0}
[completion-event] {"processOrdinal":1,"v":1,"event":11,"begin":"28676441333","end":"28676457583","thread":166,"request":158,"reference":null,"job":null,"n":3,"x":0,"y":0}
[completion-event] {"processOrdinal":1,"v":1,"event":12,"begin":"28676457583","end":"28676459375","thread":166,"request":158,"reference":null,"job":null,"n":3,"x":0,"y":0}
[completion-event] {"processOrdinal":1,"v":1,"event":13,"begin":"28676459375","end":"28676464041","thread":166,"request":158,"reference":null,"job":null,"n":3,"x":0,"y":100}
[completion-event] {"processOrdinal":1,"v":1,"event":10,"begin":"28786623083","end":"28820458583","thread":167,"request":159,"reference":null,"job":null,"n":10,"x":3,"y":0}
[completion-event] {"processOrdinal":1,"v":1,"event":11,"begin":"28820458583","end":"28820474958","thread":167,"request":159,"reference":null,"job":null,"n":3,"x":0,"y":0}
[completion-event] {"processOrdinal":1,"v":1,"event":12,"begin":"28820474958","end":"28820476916","thread":167,"request":159,"reference":null,"job":null,"n":3,"x":0,"y":0}
[completion-event] {"processOrdinal":1,"v":1,"event":13,"begin":"28820476916","end":"28820481708","thread":167,"request":159,"reference":null,"job":null,"n":3,"x":0,"y":100}
[completion-event] {"processOrdinal":1,"v":1,"event":10,"begin":"28930373291","end":"28963769583","thread":168,"request":160,"reference":null,"job":null,"n":10,"x":3,"y":0}
[completion-event] {"processOrdinal":1,"v":1,"event":11,"begin":"28963769583","end":"28963790541","thread":168,"request":160,"reference":null,"job":null,"n":3,"x":0,"y":0}
[completion-event] {"processOrdinal":1,"v":1,"event":12,"begin":"28963790541","end":"28963792458","thread":168,"request":160,"reference":null,"job":null,"n":3,"x":0,"y":0}
[completion-event] {"processOrdinal":1,"v":1,"event":13,"begin":"28963792458","end":"28963797750","thread":168,"request":160,"reference":null,"job":null,"n":3,"x":0,"y":100}
[completion-event] {"processOrdinal":1,"v":1,"event":10,"begin":"29073593000","end":"29106466250","thread":169,"request":161,"reference":null,"job":null,"n":10,"x":3,"y":0}
[completion-event] {"processOrdinal":1,"v":1,"event":11,"begin":"29106466250","end":"29106481916","thread":169,"request":161,"reference":null,"job":null,"n":3,"x":0,"y":0}
[completion-event] {"processOrdinal":1,"v":1,"event":12,"begin":"29106481916","end":"29106483666","thread":169,"request":161,"reference":null,"job":null,"n":3,"x":0,"y":0}
[completion-event] {"processOrdinal":1,"v":1,"event":13,"begin":"29106483666","end":"29106488708","thread":169,"request":161,"reference":null,"job":null,"n":3,"x":0,"y":100}
[completion-event] {"processOrdinal":1,"v":1,"event":10,"begin":"29215752250","end":"29248914125","thread":170,"request":162,"reference":null,"job":null,"n":10,"x":3,"y":0}
[completion-event] {"processOrdinal":1,"v":1,"event":11,"begin":"29248914125","end":"29248930791","thread":170,"request":162,"reference":null,"job":null,"n":3,"x":0,"y":0}
[completion-event] {"processOrdinal":1,"v":1,"event":12,"begin":"29248930791","end":"29248932583","thread":170,"request":162,"reference":null,"job":null,"n":3,"x":0,"y":0}
[completion-event] {"processOrdinal":1,"v":1,"event":13,"begin":"29248932583","end":"29248937625","thread":170,"request":162,"reference":null,"job":null,"n":3,"x":0,"y":100}
[completion-event] {"processOrdinal":1,"v":1,"event":10,"begin":"29359528208","end":"29392464166","thread":171,"request":163,"reference":null,"job":null,"n":10,"x":3,"y":0}
[completion-event] {"processOrdinal":1,"v":1,"event":11,"begin":"29392464166","end":"29392479541","thread":171,"request":163,"reference":null,"job":null,"n":3,"x":0,"y":0}
[completion-event] {"processOrdinal":1,"v":1,"event":12,"begin":"29392479541","end":"29392481250","thread":171,"request":163,"reference":null,"job":null,"n":3,"x":0,"y":0}
[completion-event] {"processOrdinal":1,"v":1,"event":13,"begin":"29392481250","end":"29392485750","thread":171,"request":163,"reference":null,"job":null,"n":3,"x":0,"y":100}
[completion-event] {"processOrdinal":1,"v":1,"event":10,"begin":"29502874083","end":"29535975166","thread":172,"request":164,"reference":null,"job":null,"n":10,"x":3,"y":0}
[completion-event] {"processOrdinal":1,"v":1,"event":11,"begin":"29535975166","end":"29535992625","thread":172,"request":164,"reference":null,"job":null,"n":3,"x":0,"y":0}
[completion-event] {"processOrdinal":1,"v":1,"event":12,"begin":"29535992625","end":"29535994833","thread":172,"request":164,"reference":null,"job":null,"n":3,"x":0,"y":0}
[completion-event] {"processOrdinal":1,"v":1,"event":13,"begin":"29535994833","end":"29535999750","thread":172,"request":164,"reference":null,"job":null,"n":3,"x":0,"y":100}
[completion-event] {"processOrdinal":1,"v":1,"event":10,"begin":"29644696833","end":"29677685083","thread":173,"request":165,"reference":null,"job":null,"n":10,"x":3,"y":0}
[completion-event] {"processOrdinal":1,"v":1,"event":11,"begin":"29677685083","end":"29677702333","thread":173,"request":165,"reference":null,"job":null,"n":3,"x":0,"y":0}
[completion-event] {"processOrdinal":1,"v":1,"event":12,"begin":"29677702333","end":"29677704125","thread":173,"request":165,"reference":null,"job":null,"n":3,"x":0,"y":0}
[completion-event] {"processOrdinal":1,"v":1,"event":13,"begin":"29677704125","end":"29677709583","thread":173,"request":165,"reference":null,"job":null,"n":3,"x":0,"y":100}
[completion-event] {"processOrdinal":1,"v":1,"event":10,"begin":"29787777916","end":"29822766500","thread":174,"request":166,"reference":null,"job":null,"n":10,"x":3,"y":0}
[completion-event] {"processOrdinal":1,"v":1,"event":11,"begin":"29822766500","end":"29822783041","thread":174,"request":166,"reference":null,"job":null,"n":3,"x":0,"y":0}
[completion-event] {"processOrdinal":1,"v":1,"event":12,"begin":"29822783041","end":"29822784875","thread":174,"request":166,"reference":null,"job":null,"n":3,"x":0,"y":0}
[completion-event] {"processOrdinal":1,"v":1,"event":13,"begin":"29822784875","end":"29822790000","thread":174,"request":166,"reference":null,"job":null,"n":3,"x":0,"y":100}
[completion-event] {"processOrdinal":1,"v":1,"event":10,"begin":"29932560000","end":"29965801250","thread":175,"request":167,"reference":null,"job":null,"n":10,"x":3,"y":0}
[completion-event] {"processOrdinal":1,"v":1,"event":11,"begin":"29965801250","end":"29965818250","thread":175,"request":167,"reference":null,"job":null,"n":3,"x":0,"y":0}
[completion-event] {"processOrdinal":1,"v":1,"event":12,"begin":"29965818250","end":"29965819916","thread":175,"request":167,"reference":null,"job":null,"n":3,"x":0,"y":0}
[completion-event] {"processOrdinal":1,"v":1,"event":13,"begin":"29965819916","end":"29965824833","thread":175,"request":167,"reference":null,"job":null,"n":3,"x":0,"y":100}
[completion-event] {"processOrdinal":1,"v":1,"event":10,"begin":"30075118708","end":"30108847000","thread":176,"request":168,"reference":null,"job":null,"n":10,"x":3,"y":0}
[completion-event] {"processOrdinal":1,"v":1,"event":11,"begin":"30108847000","end":"30108864375","thread":176,"request":168,"reference":null,"job":null,"n":3,"x":0,"y":0}
[completion-event] {"processOrdinal":1,"v":1,"event":12,"begin":"30108864375","end":"30108865916","thread":176,"request":168,"reference":null,"job":null,"n":3,"x":0,"y":0}
[completion-event] {"processOrdinal":1,"v":1,"event":13,"begin":"30108865916","end":"30108870458","thread":176,"request":168,"reference":null,"job":null,"n":3,"x":0,"y":100}
[completion-event] {"processOrdinal":1,"v":1,"event":10,"begin":"30217296833","end":"30250490916","thread":177,"request":169,"reference":null,"job":null,"n":10,"x":3,"y":0}
[completion-event] {"processOrdinal":1,"v":1,"event":11,"begin":"30250490916","end":"30250508708","thread":177,"request":169,"reference":null,"job":null,"n":3,"x":0,"y":0}
[completion-event] {"processOrdinal":1,"v":1,"event":12,"begin":"30250508708","end":"30250510291","thread":177,"request":169,"reference":null,"job":null,"n":3,"x":0,"y":0}
[completion-event] {"processOrdinal":1,"v":1,"event":13,"begin":"30250510291","end":"30250514458","thread":177,"request":169,"reference":null,"job":null,"n":3,"x":0,"y":100}
[completion-event] {"processOrdinal":1,"v":1,"event":10,"begin":"30360158291","end":"30393168666","thread":178,"request":170,"reference":null,"job":null,"n":10,"x":3,"y":0}
[completion-event] {"processOrdinal":1,"v":1,"event":11,"begin":"30393168666","end":"30393185166","thread":178,"request":170,"reference":null,"job":null,"n":3,"x":0,"y":0}
[completion-event] {"processOrdinal":1,"v":1,"event":12,"begin":"30393185166","end":"30393187041","thread":178,"request":170,"reference":null,"job":null,"n":3,"x":0,"y":0}
[completion-event] {"processOrdinal":1,"v":1,"event":13,"begin":"30393187041","end":"30393192583","thread":178,"request":170,"reference":null,"job":null,"n":3,"x":0,"y":100}
[completion-event] {"processOrdinal":1,"v":1,"event":10,"begin":"30500429166","end":"30533208041","thread":179,"request":171,"reference":null,"job":null,"n":10,"x":3,"y":0}
[completion-event] {"processOrdinal":1,"v":1,"event":11,"begin":"30533208041","end":"30533226250","thread":179,"request":171,"reference":null,"job":null,"n":3,"x":0,"y":0}
[completion-event] {"processOrdinal":1,"v":1,"event":12,"begin":"30533226250","end":"30533227875","thread":179,"request":171,"reference":null,"job":null,"n":3,"x":0,"y":0}
[completion-event] {"processOrdinal":1,"v":1,"event":13,"begin":"30533227875","end":"30533232583","thread":179,"request":171,"reference":null,"job":null,"n":3,"x":0,"y":100}
[completion-event] {"processOrdinal":1,"v":1,"event":10,"begin":"30641886333","end":"30674553458","thread":180,"request":172,"reference":null,"job":null,"n":10,"x":3,"y":0}
[completion-event] {"processOrdinal":1,"v":1,"event":11,"begin":"30674553458","end":"30674571583","thread":180,"request":172,"reference":null,"job":null,"n":3,"x":0,"y":0}
[completion-event] {"processOrdinal":1,"v":1,"event":12,"begin":"30674571583","end":"30674573458","thread":180,"request":172,"reference":null,"job":null,"n":3,"x":0,"y":0}
[completion-event] {"processOrdinal":1,"v":1,"event":13,"begin":"30674573458","end":"30674578333","thread":180,"request":172,"reference":null,"job":null,"n":3,"x":0,"y":100}
[completion-event] {"processOrdinal":1,"v":1,"event":10,"begin":"30784299416","end":"30816875333","thread":181,"request":173,"reference":null,"job":null,"n":10,"x":3,"y":0}
[completion-event] {"processOrdinal":1,"v":1,"event":11,"begin":"30816875333","end":"30816891750","thread":181,"request":173,"reference":null,"job":null,"n":3,"x":0,"y":0}
[completion-event] {"processOrdinal":1,"v":1,"event":12,"begin":"30816891750","end":"30816893708","thread":181,"request":173,"reference":null,"job":null,"n":3,"x":0,"y":0}
[completion-event] {"processOrdinal":1,"v":1,"event":13,"begin":"30816893708","end":"30816898875","thread":181,"request":173,"reference":null,"job":null,"n":3,"x":0,"y":100}
[completion-event] {"processOrdinal":1,"v":1,"event":6,"begin":"31211827958","end":"31211827958","thread":156,"request":0,"reference":"2de4ec75bdd4cb9805fdcfbd8b9969a15cb7d79e9e0de48ba4b18f9496bd67a8","job":"30d3a39c83bd118424e2ea98a2bca5348dd9b4b2a26de1dc1f2c93cf9963626f","n":0,"x":0,"y":0}
[completion-event] {"processOrdinal":1,"v":1,"event":7,"begin":"31624922583","end":"31624922583","thread":156,"request":0,"reference":"2de4ec75bdd4cb9805fdcfbd8b9969a15cb7d79e9e0de48ba4b18f9496bd67a8","job":"30d3a39c83bd118424e2ea98a2bca5348dd9b4b2a26de1dc1f2c93cf9963626f","n":0,"x":0,"y":0}
[completion-event] {"processOrdinal":1,"v":1,"event":8,"begin":"31910685791","end":"31910685791","thread":156,"request":0,"reference":"2de4ec75bdd4cb9805fdcfbd8b9969a15cb7d79e9e0de48ba4b18f9496bd67a8","job":"30d3a39c83bd118424e2ea98a2bca5348dd9b4b2a26de1dc1f2c93cf9963626f","n":0,"x":0,"y":0}
[completion-event] {"processOrdinal":1,"v":1,"event":5,"begin":"31910987541","end":"31910987541","thread":156,"request":0,"reference":"2de4ec75bdd4cb9805fdcfbd8b9969a15cb7d79e9e0de48ba4b18f9496bd67a8","job":"30d3a39c83bd118424e2ea98a2bca5348dd9b4b2a26de1dc1f2c93cf9963626f","n":1,"x":0,"y":0}
[completion-event] {"processOrdinal":1,"v":1,"event":3,"begin":"31911142958","end":"31911142958","thread":156,"request":0,"reference":"7a7ad4e70c3b8f520cd5ee03faa28faffbe6ef87662c45789f961fd16dcedfb1","job":"7593edf00347e670d615046ecfa1829e823be5601fa5cbd62d99b93fe34ee22d","n":0,"x":0,"y":0}
[completion-event] {"processOrdinal":1,"v":1,"event":10,"begin":"31277503208","end":"31932526750","thread":182,"request":174,"reference":null,"job":null,"n":13,"x":3,"y":0}
[completion-event] {"processOrdinal":1,"v":1,"event":11,"begin":"31932526750","end":"31932548875","thread":182,"request":174,"reference":null,"job":null,"n":5,"x":0,"y":0}
[completion-event] {"processOrdinal":1,"v":1,"event":12,"begin":"31932548875","end":"31932563291","thread":182,"request":174,"reference":null,"job":null,"n":5,"x":0,"y":0}
[completion-event] {"processOrdinal":1,"v":1,"event":13,"begin":"31932563291","end":"31932569500","thread":182,"request":174,"reference":null,"job":null,"n":5,"x":0,"y":100}
[completion-event] {"processOrdinal":1,"v":1,"event":4,"begin":"32542362791","end":"32542362791","thread":156,"request":0,"reference":"7a7ad4e70c3b8f520cd5ee03faa28faffbe6ef87662c45789f961fd16dcedfb1","job":"7593edf00347e670d615046ecfa1829e823be5601fa5cbd62d99b93fe34ee22d","n":0,"x":0,"y":0}
[completion-event] {"processOrdinal":1,"v":1,"event":10,"begin":"32542102291","end":"32918266666","thread":183,"request":175,"reference":null,"job":null,"n":15,"x":6,"y":0}
[completion-event] {"processOrdinal":1,"v":1,"event":11,"begin":"32918266666","end":"32918297083","thread":183,"request":175,"reference":null,"job":null,"n":6,"x":0,"y":0}
[completion-event] {"processOrdinal":1,"v":1,"event":12,"begin":"32918297083","end":"32918307875","thread":183,"request":175,"reference":null,"job":null,"n":6,"x":0,"y":0}
[completion-event] {"processOrdinal":1,"v":1,"event":13,"begin":"32918307875","end":"32918314791","thread":183,"request":175,"reference":null,"job":null,"n":6,"x":0,"y":100}
[completion-event] {"processOrdinal":1,"v":1,"event":10,"begin":"33282400958","end":"33417211666","thread":184,"request":176,"reference":null,"job":null,"n":15,"x":6,"y":0}
[completion-event] {"processOrdinal":1,"v":1,"event":11,"begin":"33417211666","end":"33417242083","thread":184,"request":176,"reference":null,"job":null,"n":6,"x":0,"y":0}
[completion-event] {"processOrdinal":1,"v":1,"event":12,"begin":"33417242083","end":"33417251875","thread":184,"request":176,"reference":null,"job":null,"n":6,"x":0,"y":0}
[completion-event] {"processOrdinal":1,"v":1,"event":13,"begin":"33417251875","end":"33417258041","thread":184,"request":176,"reference":null,"job":null,"n":6,"x":0,"y":100}
[completion-event] {"processOrdinal":1,"v":1,"event":10,"begin":"33783446916","end":"33918208208","thread":185,"request":177,"reference":null,"job":null,"n":15,"x":6,"y":0}
[completion-event] {"processOrdinal":1,"v":1,"event":11,"begin":"33918208208","end":"33918237625","thread":185,"request":177,"reference":null,"job":null,"n":6,"x":0,"y":0}
[completion-event] {"processOrdinal":1,"v":1,"event":12,"begin":"33918237625","end":"33918248291","thread":185,"request":177,"reference":null,"job":null,"n":6,"x":0,"y":0}
[completion-event] {"processOrdinal":1,"v":1,"event":13,"begin":"33918248291","end":"33918255291","thread":185,"request":177,"reference":null,"job":null,"n":6,"x":0,"y":100}
[completion-event] {"processOrdinal":1,"v":1,"event":10,"begin":"34281868791","end":"34417999083","thread":186,"request":178,"reference":null,"job":null,"n":15,"x":6,"y":0}
[completion-event] {"processOrdinal":1,"v":1,"event":11,"begin":"34417999083","end":"34418030375","thread":186,"request":178,"reference":null,"job":null,"n":6,"x":0,"y":0}
[completion-event] {"processOrdinal":1,"v":1,"event":12,"begin":"34418030375","end":"34418040000","thread":186,"request":178,"reference":null,"job":null,"n":6,"x":0,"y":0}
[completion-event] {"processOrdinal":1,"v":1,"event":13,"begin":"34418040000","end":"34418046125","thread":186,"request":178,"reference":null,"job":null,"n":6,"x":0,"y":100}
[completion-event] {"processOrdinal":1,"v":1,"event":10,"begin":"34786702666","end":"34923167791","thread":187,"request":179,"reference":null,"job":null,"n":15,"x":6,"y":0}
[completion-event] {"processOrdinal":1,"v":1,"event":11,"begin":"34923167791","end":"34923196166","thread":187,"request":179,"reference":null,"job":null,"n":6,"x":0,"y":0}
[completion-event] {"processOrdinal":1,"v":1,"event":12,"begin":"34923196166","end":"34923206083","thread":187,"request":179,"reference":null,"job":null,"n":6,"x":0,"y":0}
[completion-event] {"processOrdinal":1,"v":1,"event":13,"begin":"34923206083","end":"34923212333","thread":187,"request":179,"reference":null,"job":null,"n":6,"x":0,"y":100}
[completion-event] {"processOrdinal":1,"v":1,"event":10,"begin":"35291351916","end":"35429312875","thread":188,"request":180,"reference":null,"job":null,"n":15,"x":6,"y":0}
[completion-event] {"processOrdinal":1,"v":1,"event":11,"begin":"35429312875","end":"35429359208","thread":188,"request":180,"reference":null,"job":null,"n":6,"x":0,"y":0}
[completion-event] {"processOrdinal":1,"v":1,"event":12,"begin":"35429359208","end":"35429375125","thread":188,"request":180,"reference":null,"job":null,"n":6,"x":0,"y":0}
[completion-event] {"processOrdinal":1,"v":1,"event":13,"begin":"35429375125","end":"35429385083","thread":188,"request":180,"reference":null,"job":null,"n":6,"x":0,"y":100}
[completion-event] {"processOrdinal":1,"v":1,"event":10,"begin":"35800241333","end":"35940258416","thread":189,"request":181,"reference":null,"job":null,"n":15,"x":6,"y":0}
[completion-event] {"processOrdinal":1,"v":1,"event":11,"begin":"35940258416","end":"35940290166","thread":189,"request":181,"reference":null,"job":null,"n":6,"x":0,"y":0}
[completion-event] {"processOrdinal":1,"v":1,"event":12,"begin":"35940290166","end":"35940299916","thread":189,"request":181,"reference":null,"job":null,"n":6,"x":0,"y":0}
[completion-event] {"processOrdinal":1,"v":1,"event":13,"begin":"35940299916","end":"35940306166","thread":189,"request":181,"reference":null,"job":null,"n":6,"x":0,"y":100}
[completion-event] {"processOrdinal":1,"v":1,"event":6,"begin":"36737273833","end":"36737273833","thread":156,"request":0,"reference":"7a7ad4e70c3b8f520cd5ee03faa28faffbe6ef87662c45789f961fd16dcedfb1","job":"7593edf00347e670d615046ecfa1829e823be5601fa5cbd62d99b93fe34ee22d","n":0,"x":0,"y":0}
[completion-event] {"processOrdinal":1,"v":1,"event":10,"begin":"36310514041","end":"36737504375","thread":190,"request":182,"reference":null,"job":null,"n":15,"x":6,"y":0}
[completion-event] {"processOrdinal":1,"v":1,"event":11,"begin":"36737504375","end":"36737545916","thread":190,"request":182,"reference":null,"job":null,"n":6,"x":0,"y":0}
[completion-event] {"processOrdinal":1,"v":1,"event":12,"begin":"36737545916","end":"36737558416","thread":190,"request":182,"reference":null,"job":null,"n":6,"x":0,"y":0}
[completion-event] {"processOrdinal":1,"v":1,"event":13,"begin":"36737558416","end":"36737565625","thread":190,"request":182,"reference":null,"job":null,"n":6,"x":0,"y":100}
[completion-event] {"processOrdinal":1,"v":1,"event":7,"begin":"37083587083","end":"37083587083","thread":156,"request":0,"reference":"7a7ad4e70c3b8f520cd5ee03faa28faffbe6ef87662c45789f961fd16dcedfb1","job":"7593edf00347e670d615046ecfa1829e823be5601fa5cbd62d99b93fe34ee22d","n":0,"x":0,"y":0}
[completion-event] {"processOrdinal":1,"v":1,"event":8,"begin":"37659613166","end":"37659613166","thread":156,"request":0,"reference":"7a7ad4e70c3b8f520cd5ee03faa28faffbe6ef87662c45789f961fd16dcedfb1","job":"7593edf00347e670d615046ecfa1829e823be5601fa5cbd62d99b93fe34ee22d","n":0,"x":0,"y":0}
[completion-event] {"processOrdinal":1,"v":1,"event":5,"begin":"37659909000","end":"37659909000","thread":156,"request":0,"reference":"7a7ad4e70c3b8f520cd5ee03faa28faffbe6ef87662c45789f961fd16dcedfb1","job":"7593edf00347e670d615046ecfa1829e823be5601fa5cbd62d99b93fe34ee22d","n":1,"x":0,"y":0}
[completion-event] {"processOrdinal":1,"v":1,"event":3,"begin":"37660044541","end":"37660044541","thread":156,"request":0,"reference":"f990d2435e065419e276d4188f4880e254bcae81784f7bf438de44ed0d546203","job":"a98ef0dd082d5e23bf64c78ab8dfd8984b6f92e64337d1edd5f1ad8acf37d473","n":0,"x":0,"y":0}
[completion-event] {"processOrdinal":1,"v":1,"event":4,"begin":"38077101583","end":"38077101583","thread":156,"request":0,"reference":"f990d2435e065419e276d4188f4880e254bcae81784f7bf438de44ed0d546203","job":"a98ef0dd082d5e23bf64c78ab8dfd8984b6f92e64337d1edd5f1ad8acf37d473","n":0,"x":0,"y":0}
[completion-event] {"processOrdinal":1,"v":1,"event":10,"begin":"37398634625","end":"38126373000","thread":191,"request":183,"reference":null,"job":null,"n":18,"x":6,"y":0}
[completion-event] {"processOrdinal":1,"v":1,"event":11,"begin":"38126373000","end":"38126409625","thread":191,"request":183,"reference":null,"job":null,"n":8,"x":0,"y":0}
[completion-event] {"processOrdinal":1,"v":1,"event":12,"begin":"38126409625","end":"38126427041","thread":191,"request":183,"reference":null,"job":null,"n":8,"x":0,"y":0}
[completion-event] {"processOrdinal":1,"v":1,"event":13,"begin":"38126427041","end":"38126434500","thread":191,"request":183,"reference":null,"job":null,"n":8,"x":0,"y":100}
[completion-event] {"processOrdinal":1,"v":1,"event":10,"begin":"38774245000","end":"39134806416","thread":192,"request":184,"reference":null,"job":null,"n":18,"x":8,"y":0}
[completion-event] {"processOrdinal":1,"v":1,"event":11,"begin":"39134806416","end":"39134846291","thread":192,"request":184,"reference":null,"job":null,"n":8,"x":0,"y":0}
[completion-event] {"processOrdinal":1,"v":1,"event":12,"begin":"39134846291","end":"39134863541","thread":192,"request":184,"reference":null,"job":null,"n":8,"x":0,"y":0}
[completion-event] {"processOrdinal":1,"v":1,"event":13,"begin":"39134863541","end":"39134871791","thread":192,"request":184,"reference":null,"job":null,"n":8,"x":0,"y":100}
[completion-event] {"processOrdinal":1,"v":1,"event":10,"begin":"39779775958","end":"40062123833","thread":193,"request":185,"reference":null,"job":null,"n":18,"x":8,"y":0}
[completion-event] {"processOrdinal":1,"v":1,"event":11,"begin":"40062123833","end":"40062162916","thread":193,"request":185,"reference":null,"job":null,"n":8,"x":0,"y":0}
[completion-event] {"processOrdinal":1,"v":1,"event":12,"begin":"40062162916","end":"40062181125","thread":193,"request":185,"reference":null,"job":null,"n":8,"x":0,"y":0}
[completion-event] {"processOrdinal":1,"v":1,"event":13,"begin":"40062181125","end":"40062189291","thread":193,"request":185,"reference":null,"job":null,"n":8,"x":0,"y":100}
[completion-event] {"processOrdinal":1,"v":1,"event":10,"begin":"40698702791","end":"40947302458","thread":194,"request":186,"reference":null,"job":null,"n":20,"x":9,"y":0}
[completion-event] {"processOrdinal":1,"v":1,"event":11,"begin":"40947302458","end":"40947345958","thread":194,"request":186,"reference":null,"job":null,"n":9,"x":0,"y":0}
[completion-event] {"processOrdinal":1,"v":1,"event":12,"begin":"40947345958","end":"40947363791","thread":194,"request":186,"reference":null,"job":null,"n":9,"x":0,"y":0}
[completion-event] {"processOrdinal":1,"v":1,"event":13,"begin":"40947363791","end":"40947372416","thread":194,"request":186,"reference":null,"job":null,"n":9,"x":0,"y":100}
[completion-event] {"processOrdinal":1,"v":1,"event":10,"begin":"41581713833","end":"41828519416","thread":195,"request":187,"reference":null,"job":null,"n":20,"x":9,"y":0}
[completion-event] {"processOrdinal":1,"v":1,"event":11,"begin":"41828519416","end":"41828566916","thread":195,"request":187,"reference":null,"job":null,"n":9,"x":0,"y":0}
[completion-event] {"processOrdinal":1,"v":1,"event":12,"begin":"41828566916","end":"41828583791","thread":195,"request":187,"reference":null,"job":null,"n":9,"x":0,"y":0}
[completion-event] {"processOrdinal":1,"v":1,"event":13,"begin":"41828583791","end":"41828592125","thread":195,"request":187,"reference":null,"job":null,"n":9,"x":0,"y":100}
[completion-event] {"processOrdinal":1,"v":1,"event":6,"begin":"42818325041","end":"42818325041","thread":156,"request":0,"reference":"f990d2435e065419e276d4188f4880e254bcae81784f7bf438de44ed0d546203","job":"a98ef0dd082d5e23bf64c78ab8dfd8984b6f92e64337d1edd5f1ad8acf37d473","n":0,"x":0,"y":0}
[completion-event] {"processOrdinal":1,"v":1,"event":7,"begin":"43173377083","end":"43173377083","thread":156,"request":0,"reference":"f990d2435e065419e276d4188f4880e254bcae81784f7bf438de44ed0d546203","job":"a98ef0dd082d5e23bf64c78ab8dfd8984b6f92e64337d1edd5f1ad8acf37d473","n":0,"x":0,"y":0}
[completion-event] {"processOrdinal":1,"v":1,"event":8,"begin":"43466230916","end":"43466230916","thread":156,"request":0,"reference":"f990d2435e065419e276d4188f4880e254bcae81784f7bf438de44ed0d546203","job":"a98ef0dd082d5e23bf64c78ab8dfd8984b6f92e64337d1edd5f1ad8acf37d473","n":0,"x":0,"y":0}
[completion-event] {"processOrdinal":1,"v":1,"event":5,"begin":"43466535666","end":"43466535666","thread":156,"request":0,"reference":"f990d2435e065419e276d4188f4880e254bcae81784f7bf438de44ed0d546203","job":"a98ef0dd082d5e23bf64c78ab8dfd8984b6f92e64337d1edd5f1ad8acf37d473","n":1,"x":0,"y":0}
[completion-event] {"processOrdinal":1,"v":1,"event":3,"begin":"43466677833","end":"43466677833","thread":156,"request":0,"reference":"1be7a6b658bce76622d11c461bb3d02dbae7afd8c09579278164a5816283e463","job":"9f8cd98b44c9caa619eb1e510c09f8a238cacd242ba242e41a075e8aa4eb067b","n":0,"x":0,"y":0}
[completion-event] {"processOrdinal":1,"v":1,"event":4,"begin":"43896782125","end":"43896782125","thread":156,"request":0,"reference":"1be7a6b658bce76622d11c461bb3d02dbae7afd8c09579278164a5816283e463","job":"9f8cd98b44c9caa619eb1e510c09f8a238cacd242ba242e41a075e8aa4eb067b","n":0,"x":0,"y":0}
[completion-event] {"processOrdinal":1,"v":1,"event":10,"begin":"42474474625","end":"43945517000","thread":196,"request":188,"reference":null,"job":null,"n":20,"x":9,"y":0}
[completion-event] {"processOrdinal":1,"v":1,"event":11,"begin":"43945517000","end":"43945561125","thread":196,"request":188,"reference":null,"job":null,"n":9,"x":0,"y":0}
[completion-event] {"processOrdinal":1,"v":1,"event":12,"begin":"43945561125","end":"43945577916","thread":196,"request":188,"reference":null,"job":null,"n":9,"x":0,"y":0}
[completion-event] {"processOrdinal":1,"v":1,"event":13,"begin":"43945577916","end":"43945586708","thread":196,"request":188,"reference":null,"job":null,"n":9,"x":0,"y":100}
[completion-event] {"processOrdinal":1,"v":1,"event":10,"begin":"44842677916","end":"45321282666","thread":197,"request":189,"reference":null,"job":null,"n":23,"x":11,"y":0}
[completion-event] {"processOrdinal":1,"v":1,"event":11,"begin":"45321282666","end":"45321426291","thread":197,"request":189,"reference":null,"job":null,"n":11,"x":0,"y":0}
[completion-event] {"processOrdinal":1,"v":1,"event":12,"begin":"45321426291","end":"45321496875","thread":197,"request":189,"reference":null,"job":null,"n":11,"x":0,"y":0}
[completion-event] {"processOrdinal":1,"v":1,"event":13,"begin":"45321496875","end":"45321513625","thread":197,"request":189,"reference":null,"job":null,"n":11,"x":0,"y":100}
[completion-event] {"processOrdinal":1,"v":1,"event":10,"begin":"46224985583","end":"46574588666","thread":198,"request":190,"reference":null,"job":null,"n":23,"x":11,"y":0}
[completion-event] {"processOrdinal":1,"v":1,"event":11,"begin":"46574588666","end":"46574642541","thread":198,"request":190,"reference":null,"job":null,"n":11,"x":0,"y":0}
[completion-event] {"processOrdinal":1,"v":1,"event":12,"begin":"46574642541","end":"46574669208","thread":198,"request":190,"reference":null,"job":null,"n":11,"x":0,"y":0}
[completion-event] {"processOrdinal":1,"v":1,"event":13,"begin":"46574669208","end":"46574679750","thread":198,"request":190,"reference":null,"job":null,"n":11,"x":0,"y":100}
[completion-event] {"processOrdinal":1,"v":1,"event":10,"begin":"47493176250","end":"47853103625","thread":199,"request":191,"reference":null,"job":null,"n":23,"x":11,"y":0}
[completion-event] {"processOrdinal":1,"v":1,"event":11,"begin":"47853103625","end":"47853158541","thread":199,"request":191,"reference":null,"job":null,"n":11,"x":0,"y":0}
[completion-event] {"processOrdinal":1,"v":1,"event":12,"begin":"47853158541","end":"47853185125","thread":199,"request":191,"reference":null,"job":null,"n":11,"x":0,"y":0}
[completion-event] {"processOrdinal":1,"v":1,"event":13,"begin":"47853185125","end":"47853195125","thread":199,"request":191,"reference":null,"job":null,"n":11,"x":0,"y":100}
[completion-event] {"processOrdinal":1,"v":1,"event":6,"begin":"49099038291","end":"49099038291","thread":156,"request":0,"reference":"1be7a6b658bce76622d11c461bb3d02dbae7afd8c09579278164a5816283e463","job":"9f8cd98b44c9caa619eb1e510c09f8a238cacd242ba242e41a075e8aa4eb067b","n":0,"x":0,"y":0}
[completion-event] {"processOrdinal":1,"v":1,"event":7,"begin":"49457007958","end":"49457007958","thread":156,"request":0,"reference":"1be7a6b658bce76622d11c461bb3d02dbae7afd8c09579278164a5816283e463","job":"9f8cd98b44c9caa619eb1e510c09f8a238cacd242ba242e41a075e8aa4eb067b","n":0,"x":0,"y":0}
[completion-event] {"processOrdinal":1,"v":1,"event":8,"begin":"49729562500","end":"49729562500","thread":156,"request":0,"reference":"1be7a6b658bce76622d11c461bb3d02dbae7afd8c09579278164a5816283e463","job":"9f8cd98b44c9caa619eb1e510c09f8a238cacd242ba242e41a075e8aa4eb067b","n":0,"x":0,"y":0}
[completion-event] {"processOrdinal":1,"v":1,"event":5,"begin":"49729950791","end":"49729950791","thread":156,"request":0,"reference":"1be7a6b658bce76622d11c461bb3d02dbae7afd8c09579278164a5816283e463","job":"9f8cd98b44c9caa619eb1e510c09f8a238cacd242ba242e41a075e8aa4eb067b","n":1,"x":0,"y":0}
[completion-event] {"processOrdinal":1,"v":1,"event":10,"begin":"48767083458","end":"50036918791","thread":200,"request":192,"reference":null,"job":null,"n":23,"x":11,"y":0}
[completion-event] {"processOrdinal":1,"v":1,"event":11,"begin":"50036918791","end":"50036973208","thread":200,"request":192,"reference":null,"job":null,"n":11,"x":0,"y":0}
[completion-event] {"processOrdinal":1,"v":1,"event":12,"begin":"50036973208","end":"50036999583","thread":200,"request":192,"reference":null,"job":null,"n":11,"x":0,"y":0}
[completion-event] {"processOrdinal":1,"v":1,"event":13,"begin":"50036999583","end":"50037009500","thread":200,"request":192,"reference":null,"job":null,"n":11,"x":0,"y":100}
[completion-observation-status] {"processOrdinal":1,"status":"observed","code":"none","rows":800,"bytes":128178,"selected":{"referenceSha256":"1be7a6b658bce76622d11c461bb3d02dbae7afd8c09579278164a5816283e463","events":8,"jobs":1,"status":"terminal-observed","firstNs":"18285197833","lastNs":"49729950791","terminal":[{"jobSha256":"9f8cd98b44c9caa619eb1e510c09f8a238cacd242ba242e41a075e8aa4eb067b","state":"complete","atNs":"49729562500"}]}}
[timeline-page-observation-status] {"cycles":192,"invalid":0,"summaries":[{"cycle":1,"processOrdinal":1,"timelineOrdinal":1,"kind":"complete","elapsedMs":2.2454170000000886,"pages":1,"totalChanged":false,"mixedStates":false,"code":"none"},{"cycle":2,"processOrdinal":1,"timelineOrdinal":2,"kind":"complete","elapsedMs":1.9315409999999247,"pages":1,"totalChanged":false,"mixedStates":false,"code":"none"},{"cycle":3,"processOrdinal":1,"timelineOrdinal":3,"kind":"complete","elapsedMs":1.7742920000000595,"pages":1,"totalChanged":false,"mixedStates":false,"code":"none"},{"cycle":4,"processOrdinal":1,"timelineOrdinal":4,"kind":"complete","elapsedMs":1.9334160000003067,"pages":1,"totalChanged":false,"mixedStates":false,"code":"none"},{"cycle":5,"processOrdinal":1,"timelineOrdinal":5,"kind":"complete","elapsedMs":1.750666999999794,"pages":1,"totalChanged":false,"mixedStates":false,"code":"none"},{"cycle":6,"processOrdinal":1,"timelineOrdinal":6,"kind":"complete","elapsedMs":1.9165840000000571,"pages":1,"totalChanged":false,"mixedStates":false,"code":"none"},{"cycle":7,"processOrdinal":1,"timelineOrdinal":7,"kind":"complete","elapsedMs":1.6452500000000327,"pages":1,"totalChanged":false,"mixedStates":false,"code":"none"},{"cycle":8,"processOrdinal":1,"timelineOrdinal":8,"kind":"complete","elapsedMs":1.6007500000000618,"pages":1,"totalChanged":false,"mixedStates":false,"code":"none"},{"cycle":9,"processOrdinal":1,"timelineOrdinal":9,"kind":"complete","elapsedMs":1.7974170000002232,"pages":1,"totalChanged":false,"mixedStates":false,"code":"none"},{"cycle":10,"processOrdinal":1,"timelineOrdinal":10,"kind":"complete","elapsedMs":1.6556249999998727,"pages":1,"totalChanged":false,"mixedStates":false,"code":"none"},{"cycle":11,"processOrdinal":1,"timelineOrdinal":11,"kind":"complete","elapsedMs":2.056999999999789,"pages":1,"totalChanged":false,"mixedStates":false,"code":"none"},{"cycle":12,"processOrdinal":1,"timelineOrdinal":12,"kind":"complete","elapsedMs":1.5366670000003069,"pages":1,"totalChanged":false,"mixedStates":false,"code":"none"},{"cycle":13,"processOrdinal":1,"timelineOrdinal":13,"kind":"complete","elapsedMs":1.689665999999761,"pages":1,"totalChanged":false,"mixedStates":false,"code":"none"},{"cycle":14,"processOrdinal":1,"timelineOrdinal":14,"kind":"complete","elapsedMs":1.7222920000003796,"pages":1,"totalChanged":false,"mixedStates":false,"code":"none"},{"cycle":15,"processOrdinal":1,"timelineOrdinal":15,"kind":"complete","elapsedMs":1.4618749999999636,"pages":1,"totalChanged":false,"mixedStates":false,"code":"none"},{"cycle":16,"processOrdinal":1,"timelineOrdinal":16,"kind":"complete","elapsedMs":1.8113749999997708,"pages":1,"totalChanged":false,"mixedStates":false,"code":"none"},{"cycle":17,"processOrdinal":1,"timelineOrdinal":17,"kind":"complete","elapsedMs":1.501582999999755,"pages":1,"totalChanged":false,"mixedStates":false,"code":"none"},{"cycle":18,"processOrdinal":1,"timelineOrdinal":18,"kind":"complete","elapsedMs":1.727125000000342,"pages":1,"totalChanged":false,"mixedStates":false,"code":"none"},{"cycle":19,"processOrdinal":1,"timelineOrdinal":19,"kind":"complete","elapsedMs":1.832416000000194,"pages":1,"totalChanged":false,"mixedStates":false,"code":"none"},{"cycle":20,"processOrdinal":1,"timelineOrdinal":20,"kind":"complete","elapsedMs":1.5867080000007263,"pages":1,"totalChanged":false,"mixedStates":false,"code":"none"},{"cycle":21,"processOrdinal":1,"timelineOrdinal":21,"kind":"complete","elapsedMs":1.5930410000000848,"pages":1,"totalChanged":false,"mixedStates":false,"code":"none"},{"cycle":22,"processOrdinal":1,"timelineOrdinal":22,"kind":"complete","elapsedMs":1.5626249999995707,"pages":1,"totalChanged":false,"mixedStates":false,"code":"none"},{"cycle":23,"processOrdinal":1,"timelineOrdinal":23,"kind":"complete","elapsedMs":1.5739160000002812,"pages":1,"totalChanged":false,"mixedStates":false,"code":"none"},{"cycle":24,"processOrdinal":1,"timelineOrdinal":24,"kind":"complete","elapsedMs":1.6578339999996388,"pages":1,"totalChanged":false,"mixedStates":false,"code":"none"},{"cycle":25,"processOrdinal":1,"timelineOrdinal":25,"kind":"complete","elapsedMs":1.63604099999975,"pages":1,"totalChanged":false,"mixedStates":false,"code":"none"},{"cycle":26,"processOrdinal":1,"timelineOrdinal":26,"kind":"complete","elapsedMs":1.7816249999996217,"pages":1,"totalChanged":false,"mixedStates":false,"code":"none"},{"cycle":27,"processOrdinal":1,"timelineOrdinal":27,"kind":"complete","elapsedMs":1.803834000000279,"pages":1,"totalChanged":false,"mixedStates":false,"code":"none"},{"cycle":28,"processOrdinal":1,"timelineOrdinal":28,"kind":"complete","elapsedMs":1.5060419999999795,"pages":1,"totalChanged":false,"mixedStates":false,"code":"none"},{"cycle":29,"processOrdinal":1,"timelineOrdinal":29,"kind":"complete","elapsedMs":1.5520000000005894,"pages":1,"totalChanged":false,"mixedStates":false,"code":"none"},{"cycle":30,"processOrdinal":1,"timelineOrdinal":30,"kind":"complete","elapsedMs":1.5572910000000775,"pages":1,"totalChanged":false,"mixedStates":false,"code":"none"},{"cycle":31,"processOrdinal":1,"timelineOrdinal":31,"kind":"complete","elapsedMs":1.7264169999998558,"pages":1,"totalChanged":false,"mixedStates":false,"code":"none"},{"cycle":32,"processOrdinal":1,"timelineOrdinal":32,"kind":"complete","elapsedMs":1.6047080000007554,"pages":1,"totalChanged":false,"mixedStates":false,"code":"none"},{"cycle":33,"processOrdinal":1,"timelineOrdinal":33,"kind":"complete","elapsedMs":1.7807910000001357,"pages":1,"totalChanged":false,"mixedStates":false,"code":"none"},{"cycle":34,"processOrdinal":1,"timelineOrdinal":34,"kind":"complete","elapsedMs":1.546875,"pages":1,"totalChanged":false,"mixedStates":false,"code":"none"},{"cycle":35,"processOrdinal":1,"timelineOrdinal":35,"kind":"complete","elapsedMs":1.4744160000000193,"pages":1,"totalChanged":false,"mixedStates":false,"code":"none"},{"cycle":36,"processOrdinal":1,"timelineOrdinal":36,"kind":"complete","elapsedMs":1.8487080000004426,"pages":1,"totalChanged":false,"mixedStates":false,"code":"none"},{"cycle":37,"processOrdinal":1,"timelineOrdinal":37,"kind":"complete","elapsedMs":1.454917000000023,"pages":1,"totalChanged":false,"mixedStates":false,"code":"none"},{"cycle":38,"processOrdinal":1,"timelineOrdinal":38,"kind":"complete","elapsedMs":1.559291999999914,"pages":1,"totalChanged":false,"mixedStates":false,"code":"none"},{"cycle":39,"processOrdinal":1,"timelineOrdinal":39,"kind":"complete","elapsedMs":1.5012079999996786,"pages":1,"totalChanged":false,"mixedStates":false,"code":"none"},{"cycle":40,"processOrdinal":1,"timelineOrdinal":40,"kind":"complete","elapsedMs":1.5213329999996859,"pages":1,"totalChanged":false,"mixedStates":false,"code":"none"},{"cycle":41,"processOrdinal":1,"timelineOrdinal":41,"kind":"complete","elapsedMs":2.1457919999993464,"pages":1,"totalChanged":false,"mixedStates":false,"code":"none"},{"cycle":42,"processOrdinal":1,"timelineOrdinal":42,"kind":"complete","elapsedMs":1.4807500000006257,"pages":1,"totalChanged":false,"mixedStates":false,"code":"none"},{"cycle":43,"processOrdinal":1,"timelineOrdinal":43,"kind":"complete","elapsedMs":1.5846670000000813,"pages":1,"totalChanged":false,"mixedStates":false,"code":"none"},{"cycle":44,"processOrdinal":1,"timelineOrdinal":44,"kind":"complete","elapsedMs":1.6075000000000728,"pages":1,"totalChanged":false,"mixedStates":false,"code":"none"},{"cycle":45,"processOrdinal":1,"timelineOrdinal":45,"kind":"complete","elapsedMs":1.6809999999995853,"pages":1,"totalChanged":false,"mixedStates":false,"code":"none"},{"cycle":46,"processOrdinal":1,"timelineOrdinal":46,"kind":"complete","elapsedMs":1.5004159999998592,"pages":1,"totalChanged":false,"mixedStates":false,"code":"none"},{"cycle":47,"processOrdinal":1,"timelineOrdinal":47,"kind":"complete","elapsedMs":1.5374999999994543,"pages":1,"totalChanged":false,"mixedStates":false,"code":"none"},{"cycle":48,"processOrdinal":1,"timelineOrdinal":48,"kind":"complete","elapsedMs":1.756999999999607,"pages":1,"totalChanged":false,"mixedStates":false,"code":"none"},{"cycle":49,"processOrdinal":1,"timelineOrdinal":49,"kind":"complete","elapsedMs":1.6625000000003638,"pages":1,"totalChanged":false,"mixedStates":false,"code":"none"},{"cycle":50,"processOrdinal":1,"timelineOrdinal":50,"kind":"complete","elapsedMs":1.8361249999998108,"pages":1,"totalChanged":false,"mixedStates":false,"code":"none"},{"cycle":51,"processOrdinal":1,"timelineOrdinal":51,"kind":"complete","elapsedMs":1.4270830000004935,"pages":1,"totalChanged":false,"mixedStates":false,"code":"none"},{"cycle":52,"processOrdinal":1,"timelineOrdinal":52,"kind":"complete","elapsedMs":1.5401250000004438,"pages":1,"totalChanged":false,"mixedStates":false,"code":"none"},{"cycle":53,"processOrdinal":1,"timelineOrdinal":53,"kind":"complete","elapsedMs":1.6296659999998155,"pages":1,"totalChanged":false,"mixedStates":false,"code":"none"},{"cycle":54,"processOrdinal":1,"timelineOrdinal":54,"kind":"complete","elapsedMs":1.530666999999994,"pages":1,"totalChanged":false,"mixedStates":false,"code":"none"},{"cycle":55,"processOrdinal":1,"timelineOrdinal":55,"kind":"complete","elapsedMs":1.7377919999998994,"pages":1,"totalChanged":false,"mixedStates":false,"code":"none"},{"cycle":56,"processOrdinal":1,"timelineOrdinal":56,"kind":"complete","elapsedMs":1.4482909999996991,"pages":1,"totalChanged":false,"mixedStates":false,"code":"none"},{"cycle":57,"processOrdinal":1,"timelineOrdinal":57,"kind":"complete","elapsedMs":1.5046250000004875,"pages":1,"totalChanged":false,"mixedStates":false,"code":"none"},{"cycle":58,"processOrdinal":1,"timelineOrdinal":58,"kind":"complete","elapsedMs":1.7142499999999927,"pages":1,"totalChanged":false,"mixedStates":false,"code":"none"},{"cycle":59,"processOrdinal":1,"timelineOrdinal":59,"kind":"complete","elapsedMs":1.603832999999213,"pages":1,"totalChanged":false,"mixedStates":false,"code":"none"},{"cycle":60,"processOrdinal":1,"timelineOrdinal":60,"kind":"complete","elapsedMs":1.6598750000011933,"pages":1,"totalChanged":false,"mixedStates":false,"code":"none"},{"cycle":61,"processOrdinal":1,"timelineOrdinal":61,"kind":"complete","elapsedMs":1.6097920000011072,"pages":1,"totalChanged":false,"mixedStates":false,"code":"none"},{"cycle":62,"processOrdinal":1,"timelineOrdinal":62,"kind":"complete","elapsedMs":1.473374999999578,"pages":1,"totalChanged":false,"mixedStates":false,"code":"none"},{"cycle":63,"processOrdinal":1,"timelineOrdinal":63,"kind":"complete","elapsedMs":1.6412920000002487,"pages":1,"totalChanged":false,"mixedStates":false,"code":"none"},{"cycle":64,"processOrdinal":1,"timelineOrdinal":64,"kind":"complete","elapsedMs":1.6340410000011616,"pages":1,"totalChanged":false,"mixedStates":false,"code":"none"},{"cycle":65,"processOrdinal":1,"timelineOrdinal":65,"kind":"complete","elapsedMs":1.5721670000002632,"pages":1,"totalChanged":false,"mixedStates":false,"code":"none"},{"cycle":66,"processOrdinal":1,"timelineOrdinal":66,"kind":"complete","elapsedMs":1.7094170000000304,"pages":1,"totalChanged":false,"mixedStates":false,"code":"none"},{"cycle":67,"processOrdinal":1,"timelineOrdinal":67,"kind":"complete","elapsedMs":1.4573340000006283,"pages":1,"totalChanged":false,"mixedStates":false,"code":"none"},{"cycle":68,"processOrdinal":1,"timelineOrdinal":68,"kind":"complete","elapsedMs":1.632207999999082,"pages":1,"totalChanged":false,"mixedStates":false,"code":"none"},{"cycle":69,"processOrdinal":1,"timelineOrdinal":69,"kind":"complete","elapsedMs":1.5122090000004391,"pages":1,"totalChanged":false,"mixedStates":false,"code":"none"},{"cycle":70,"processOrdinal":1,"timelineOrdinal":70,"kind":"complete","elapsedMs":2.1021660000005795,"pages":1,"totalChanged":false,"mixedStates":false,"code":"none"},{"cycle":71,"processOrdinal":1,"timelineOrdinal":71,"kind":"complete","elapsedMs":1.5946249999997235,"pages":1,"totalChanged":false,"mixedStates":false,"code":"none"},{"cycle":72,"processOrdinal":1,"timelineOrdinal":72,"kind":"complete","elapsedMs":1.657959000000119,"pages":1,"totalChanged":false,"mixedStates":false,"code":"none"},{"cycle":73,"processOrdinal":1,"timelineOrdinal":73,"kind":"complete","elapsedMs":1.5102920000008453,"pages":1,"totalChanged":false,"mixedStates":false,"code":"none"},{"cycle":74,"processOrdinal":1,"timelineOrdinal":74,"kind":"complete","elapsedMs":1.6367920000011509,"pages":1,"totalChanged":false,"mixedStates":false,"code":"none"},{"cycle":75,"processOrdinal":1,"timelineOrdinal":75,"kind":"complete","elapsedMs":1.6344169999993028,"pages":1,"totalChanged":false,"mixedStates":false,"code":"none"},{"cycle":76,"processOrdinal":1,"timelineOrdinal":76,"kind":"complete","elapsedMs":1.552332999999635,"pages":1,"totalChanged":false,"mixedStates":false,"code":"none"},{"cycle":77,"processOrdinal":1,"timelineOrdinal":77,"kind":"complete","elapsedMs":1.4970000000012078,"pages":1,"totalChanged":false,"mixedStates":false,"code":"none"},{"cycle":78,"processOrdinal":1,"timelineOrdinal":78,"kind":"complete","elapsedMs":1.5444580000003043,"pages":1,"totalChanged":false,"mixedStates":false,"code":"none"},{"cycle":79,"processOrdinal":1,"timelineOrdinal":79,"kind":"complete","elapsedMs":1.517374999999447,"pages":1,"totalChanged":false,"mixedStates":false,"code":"none"},{"cycle":80,"processOrdinal":1,"timelineOrdinal":80,"kind":"complete","elapsedMs":1.62066699999923,"pages":1,"totalChanged":false,"mixedStates":false,"code":"none"},{"cycle":81,"processOrdinal":1,"timelineOrdinal":81,"kind":"complete","elapsedMs":1.560209000001123,"pages":1,"totalChanged":false,"mixedStates":false,"code":"none"},{"cycle":82,"processOrdinal":1,"timelineOrdinal":82,"kind":"complete","elapsedMs":1.528707999999824,"pages":1,"totalChanged":false,"mixedStates":false,"code":"none"},{"cycle":83,"processOrdinal":1,"timelineOrdinal":83,"kind":"complete","elapsedMs":13.08166700000038,"pages":1,"totalChanged":false,"mixedStates":false,"code":"none"},{"cycle":84,"processOrdinal":1,"timelineOrdinal":84,"kind":"complete","elapsedMs":44.574875000002066,"pages":1,"totalChanged":false,"mixedStates":false,"code":"none"},{"cycle":85,"processOrdinal":1,"timelineOrdinal":85,"kind":"complete","elapsedMs":25.91687500000262,"pages":1,"totalChanged":false,"mixedStates":false,"code":"none"},{"cycle":86,"processOrdinal":1,"timelineOrdinal":86,"kind":"complete","elapsedMs":26.30187500000102,"pages":1,"totalChanged":false,"mixedStates":false,"code":"none"},{"cycle":87,"processOrdinal":1,"timelineOrdinal":87,"kind":"complete","elapsedMs":25.910665999999765,"pages":1,"totalChanged":false,"mixedStates":false,"code":"none"},{"cycle":88,"processOrdinal":1,"timelineOrdinal":88,"kind":"complete","elapsedMs":28.40370900000198,"pages":1,"totalChanged":false,"mixedStates":false,"code":"none"},{"cycle":89,"processOrdinal":1,"timelineOrdinal":89,"kind":"complete","elapsedMs":27.42437500000233,"pages":1,"totalChanged":false,"mixedStates":false,"code":"none"},{"cycle":90,"processOrdinal":1,"timelineOrdinal":90,"kind":"complete","elapsedMs":25.533792000001995,"pages":1,"totalChanged":false,"mixedStates":false,"code":"none"},{"cycle":91,"processOrdinal":1,"timelineOrdinal":91,"kind":"complete","elapsedMs":25.28087500000038,"pages":1,"totalChanged":false,"mixedStates":false,"code":"none"},{"cycle":92,"processOrdinal":1,"timelineOrdinal":92,"kind":"complete","elapsedMs":26.28070800000205,"pages":1,"totalChanged":false,"mixedStates":false,"code":"none"},{"cycle":93,"processOrdinal":1,"timelineOrdinal":93,"kind":"complete","elapsedMs":25.572959000000992,"pages":1,"totalChanged":false,"mixedStates":false,"code":"none"},{"cycle":94,"processOrdinal":1,"timelineOrdinal":94,"kind":"complete","elapsedMs":25.988624999998137,"pages":1,"totalChanged":false,"mixedStates":false,"code":"none"},{"cycle":95,"processOrdinal":1,"timelineOrdinal":95,"kind":"complete","elapsedMs":25.92475000000195,"pages":1,"totalChanged":false,"mixedStates":false,"code":"none"},{"cycle":96,"processOrdinal":1,"timelineOrdinal":96,"kind":"complete","elapsedMs":25.808833000002778,"pages":1,"totalChanged":false,"mixedStates":false,"code":"none"},{"cycle":97,"processOrdinal":1,"timelineOrdinal":97,"kind":"complete","elapsedMs":26.095750000000407,"pages":1,"totalChanged":false,"mixedStates":false,"code":"none"},{"cycle":98,"processOrdinal":1,"timelineOrdinal":98,"kind":"complete","elapsedMs":24.947583000001032,"pages":1,"totalChanged":false,"mixedStates":false,"code":"none"},{"cycle":99,"processOrdinal":1,"timelineOrdinal":99,"kind":"complete","elapsedMs":24.505542000002606,"pages":1,"totalChanged":false,"mixedStates":false,"code":"none"},{"cycle":100,"processOrdinal":1,"timelineOrdinal":100,"kind":"complete","elapsedMs":24.522166999999172,"pages":1,"totalChanged":false,"mixedStates":false,"code":"none"},{"cycle":101,"processOrdinal":1,"timelineOrdinal":101,"kind":"complete","elapsedMs":26.00212499999907,"pages":1,"totalChanged":false,"mixedStates":false,"code":"none"},{"cycle":102,"processOrdinal":1,"timelineOrdinal":102,"kind":"complete","elapsedMs":25.36987500000032,"pages":1,"totalChanged":false,"mixedStates":false,"code":"none"},{"cycle":103,"processOrdinal":1,"timelineOrdinal":103,"kind":"complete","elapsedMs":25.687165999999706,"pages":1,"totalChanged":false,"mixedStates":false,"code":"none"},{"cycle":104,"processOrdinal":1,"timelineOrdinal":104,"kind":"complete","elapsedMs":25.92358299999978,"pages":1,"totalChanged":false,"mixedStates":false,"code":"none"},{"cycle":105,"processOrdinal":1,"timelineOrdinal":105,"kind":"complete","elapsedMs":25.413416999999754,"pages":1,"totalChanged":false,"mixedStates":false,"code":"none"},{"cycle":106,"processOrdinal":1,"timelineOrdinal":106,"kind":"complete","elapsedMs":25.243000000002212,"pages":1,"totalChanged":false,"mixedStates":false,"code":"none"},{"cycle":107,"processOrdinal":1,"timelineOrdinal":107,"kind":"complete","elapsedMs":25.69666700000016,"pages":1,"totalChanged":false,"mixedStates":false,"code":"none"},{"cycle":108,"processOrdinal":1,"timelineOrdinal":108,"kind":"complete","elapsedMs":25.340166999998473,"pages":1,"totalChanged":false,"mixedStates":false,"code":"none"},{"cycle":109,"processOrdinal":1,"timelineOrdinal":109,"kind":"complete","elapsedMs":26.06170800000109,"pages":1,"totalChanged":false,"mixedStates":false,"code":"none"},{"cycle":110,"processOrdinal":1,"timelineOrdinal":110,"kind":"complete","elapsedMs":25.161791999998968,"pages":1,"totalChanged":false,"mixedStates":false,"code":"none"},{"cycle":111,"processOrdinal":1,"timelineOrdinal":111,"kind":"complete","elapsedMs":24.33875000000262,"pages":1,"totalChanged":false,"mixedStates":false,"code":"none"},{"cycle":112,"processOrdinal":1,"timelineOrdinal":112,"kind":"complete","elapsedMs":25.106583000000683,"pages":1,"totalChanged":false,"mixedStates":false,"code":"none"},{"cycle":113,"processOrdinal":1,"timelineOrdinal":113,"kind":"complete","elapsedMs":28.390791999998328,"pages":1,"totalChanged":false,"mixedStates":false,"code":"none"},{"cycle":114,"processOrdinal":1,"timelineOrdinal":114,"kind":"complete","elapsedMs":24.676292000000103,"pages":1,"totalChanged":false,"mixedStates":false,"code":"none"},{"cycle":115,"processOrdinal":1,"timelineOrdinal":115,"kind":"complete","elapsedMs":25.176541000000725,"pages":1,"totalChanged":false,"mixedStates":false,"code":"none"},{"cycle":116,"processOrdinal":1,"timelineOrdinal":116,"kind":"complete","elapsedMs":26.76637500000288,"pages":1,"totalChanged":false,"mixedStates":false,"code":"none"},{"cycle":117,"processOrdinal":1,"timelineOrdinal":117,"kind":"complete","elapsedMs":24.974291000002268,"pages":1,"totalChanged":false,"mixedStates":false,"code":"none"},{"cycle":118,"processOrdinal":1,"timelineOrdinal":118,"kind":"complete","elapsedMs":25.586458000001585,"pages":1,"totalChanged":false,"mixedStates":false,"code":"none"},{"cycle":119,"processOrdinal":1,"timelineOrdinal":119,"kind":"complete","elapsedMs":25.477584000000206,"pages":1,"totalChanged":false,"mixedStates":false,"code":"none"},{"cycle":120,"processOrdinal":1,"timelineOrdinal":120,"kind":"complete","elapsedMs":25.796708999998373,"pages":1,"totalChanged":false,"mixedStates":false,"code":"none"},{"cycle":121,"processOrdinal":1,"timelineOrdinal":121,"kind":"complete","elapsedMs":25.81304100000125,"pages":1,"totalChanged":false,"mixedStates":false,"code":"none"},{"cycle":122,"processOrdinal":1,"timelineOrdinal":122,"kind":"complete","elapsedMs":28.322791999999026,"pages":1,"totalChanged":false,"mixedStates":false,"code":"none"},{"cycle":123,"processOrdinal":1,"timelineOrdinal":123,"kind":"complete","elapsedMs":25.39033300000301,"pages":1,"totalChanged":false,"mixedStates":false,"code":"none"},{"cycle":124,"processOrdinal":1,"timelineOrdinal":124,"kind":"complete","elapsedMs":26.65874999999869,"pages":1,"totalChanged":false,"mixedStates":false,"code":"none"},{"cycle":125,"processOrdinal":1,"timelineOrdinal":125,"kind":"complete","elapsedMs":25.740709000001516,"pages":1,"totalChanged":false,"mixedStates":false,"code":"none"},{"cycle":126,"processOrdinal":1,"timelineOrdinal":126,"kind":"complete","elapsedMs":30.510582999999315,"pages":1,"totalChanged":false,"mixedStates":false,"code":"none"},{"cycle":127,"processOrdinal":1,"timelineOrdinal":127,"kind":"complete","elapsedMs":25.457500000000437,"pages":1,"totalChanged":false,"mixedStates":false,"code":"none"},{"cycle":128,"processOrdinal":1,"timelineOrdinal":128,"kind":"complete","elapsedMs":25.76312500000131,"pages":1,"totalChanged":false,"mixedStates":false,"code":"none"},{"cycle":129,"processOrdinal":1,"timelineOrdinal":129,"kind":"complete","elapsedMs":25.528458000000683,"pages":1,"totalChanged":false,"mixedStates":false,"code":"none"},{"cycle":130,"processOrdinal":1,"timelineOrdinal":130,"kind":"complete","elapsedMs":25.82854099999895,"pages":1,"totalChanged":false,"mixedStates":false,"code":"none"},{"cycle":131,"processOrdinal":1,"timelineOrdinal":131,"kind":"complete","elapsedMs":26.025042000001122,"pages":1,"totalChanged":false,"mixedStates":false,"code":"none"},{"cycle":132,"processOrdinal":1,"timelineOrdinal":132,"kind":"complete","elapsedMs":25.359165999998368,"pages":1,"totalChanged":false,"mixedStates":false,"code":"none"},{"cycle":133,"processOrdinal":1,"timelineOrdinal":133,"kind":"complete","elapsedMs":25.778540999999677,"pages":1,"totalChanged":false,"mixedStates":false,"code":"none"},{"cycle":134,"processOrdinal":1,"timelineOrdinal":134,"kind":"complete","elapsedMs":31.253375000000233,"pages":1,"totalChanged":false,"mixedStates":false,"code":"none"},{"cycle":135,"processOrdinal":1,"timelineOrdinal":135,"kind":"complete","elapsedMs":26.145708000000013,"pages":1,"totalChanged":false,"mixedStates":false,"code":"none"},{"cycle":136,"processOrdinal":1,"timelineOrdinal":136,"kind":"complete","elapsedMs":25.93449999999939,"pages":1,"totalChanged":false,"mixedStates":false,"code":"none"},{"cycle":137,"processOrdinal":1,"timelineOrdinal":137,"kind":"complete","elapsedMs":25.996124999997846,"pages":1,"totalChanged":false,"mixedStates":false,"code":"none"},{"cycle":138,"processOrdinal":1,"timelineOrdinal":138,"kind":"complete","elapsedMs":27.289249999997992,"pages":1,"totalChanged":false,"mixedStates":false,"code":"none"},{"cycle":139,"processOrdinal":1,"timelineOrdinal":139,"kind":"complete","elapsedMs":25.703166999999667,"pages":1,"totalChanged":false,"mixedStates":false,"code":"none"},{"cycle":140,"processOrdinal":1,"timelineOrdinal":140,"kind":"complete","elapsedMs":25.876749999999447,"pages":1,"totalChanged":false,"mixedStates":false,"code":"none"},{"cycle":141,"processOrdinal":1,"timelineOrdinal":141,"kind":"complete","elapsedMs":25.30054200000086,"pages":1,"totalChanged":false,"mixedStates":false,"code":"none"},{"cycle":142,"processOrdinal":1,"timelineOrdinal":142,"kind":"complete","elapsedMs":27.730874999997468,"pages":1,"totalChanged":false,"mixedStates":false,"code":"none"},{"cycle":143,"processOrdinal":1,"timelineOrdinal":143,"kind":"complete","elapsedMs":35.501790999998775,"pages":1,"totalChanged":false,"mixedStates":false,"code":"none"},{"cycle":144,"processOrdinal":1,"timelineOrdinal":144,"kind":"complete","elapsedMs":24.86479199999667,"pages":1,"totalChanged":false,"mixedStates":false,"code":"none"},{"cycle":145,"processOrdinal":1,"timelineOrdinal":145,"kind":"complete","elapsedMs":25.013957999999548,"pages":1,"totalChanged":false,"mixedStates":false,"code":"none"},{"cycle":146,"processOrdinal":1,"timelineOrdinal":146,"kind":"complete","elapsedMs":25.116250000002765,"pages":1,"totalChanged":false,"mixedStates":false,"code":"none"},{"cycle":147,"processOrdinal":1,"timelineOrdinal":147,"kind":"complete","elapsedMs":53.40016699999978,"pages":1,"totalChanged":false,"mixedStates":false,"code":"none"},{"cycle":148,"processOrdinal":1,"timelineOrdinal":148,"kind":"complete","elapsedMs":38.51395799999955,"pages":1,"totalChanged":false,"mixedStates":false,"code":"none"},{"cycle":149,"processOrdinal":1,"timelineOrdinal":149,"kind":"complete","elapsedMs":424.01345800000126,"pages":1,"totalChanged":false,"mixedStates":false,"code":"none"},{"cycle":150,"processOrdinal":1,"timelineOrdinal":150,"kind":"complete","elapsedMs":244.71441600000253,"pages":1,"totalChanged":false,"mixedStates":false,"code":"none"},{"cycle":151,"processOrdinal":1,"timelineOrdinal":151,"kind":"complete","elapsedMs":40.82245899999907,"pages":1,"totalChanged":false,"mixedStates":false,"code":"none"},{"cycle":152,"processOrdinal":1,"timelineOrdinal":152,"kind":"complete","elapsedMs":70.55312499999854,"pages":1,"totalChanged":false,"mixedStates":false,"code":"none"},{"cycle":153,"processOrdinal":1,"timelineOrdinal":153,"kind":"complete","elapsedMs":43.71733400000085,"pages":1,"totalChanged":false,"mixedStates":false,"code":"none"},{"cycle":154,"processOrdinal":1,"timelineOrdinal":154,"kind":"complete","elapsedMs":39.0135420000006,"pages":1,"totalChanged":false,"mixedStates":false,"code":"none"},{"cycle":155,"processOrdinal":1,"timelineOrdinal":155,"kind":"complete","elapsedMs":40.14216700000179,"pages":1,"totalChanged":false,"mixedStates":false,"code":"none"},{"cycle":156,"processOrdinal":1,"timelineOrdinal":156,"kind":"complete","elapsedMs":38.399915999998484,"pages":1,"totalChanged":false,"mixedStates":false,"code":"none"},{"cycle":157,"processOrdinal":1,"timelineOrdinal":157,"kind":"complete","elapsedMs":39.415875000002416,"pages":1,"totalChanged":false,"mixedStates":false,"code":"none"},{"cycle":158,"processOrdinal":1,"timelineOrdinal":158,"kind":"complete","elapsedMs":39.85874999999942,"pages":1,"totalChanged":false,"mixedStates":false,"code":"none"},{"cycle":159,"processOrdinal":1,"timelineOrdinal":159,"kind":"complete","elapsedMs":40.02124999999796,"pages":1,"totalChanged":false,"mixedStates":false,"code":"none"},{"cycle":160,"processOrdinal":1,"timelineOrdinal":160,"kind":"complete","elapsedMs":39.719333999997616,"pages":1,"totalChanged":false,"mixedStates":false,"code":"none"},{"cycle":161,"processOrdinal":1,"timelineOrdinal":161,"kind":"complete","elapsedMs":39.26625000000058,"pages":1,"totalChanged":false,"mixedStates":false,"code":"none"},{"cycle":162,"processOrdinal":1,"timelineOrdinal":162,"kind":"complete","elapsedMs":40.298415999997815,"pages":1,"totalChanged":false,"mixedStates":false,"code":"none"},{"cycle":163,"processOrdinal":1,"timelineOrdinal":163,"kind":"complete","elapsedMs":38.92479199999798,"pages":1,"totalChanged":false,"mixedStates":false,"code":"none"},{"cycle":164,"processOrdinal":1,"timelineOrdinal":164,"kind":"complete","elapsedMs":39.83499999999913,"pages":1,"totalChanged":false,"mixedStates":false,"code":"none"},{"cycle":165,"processOrdinal":1,"timelineOrdinal":165,"kind":"complete","elapsedMs":39.166291999998066,"pages":1,"totalChanged":false,"mixedStates":false,"code":"none"},{"cycle":166,"processOrdinal":1,"timelineOrdinal":166,"kind":"complete","elapsedMs":41.305749999999534,"pages":1,"totalChanged":false,"mixedStates":false,"code":"none"},{"cycle":167,"processOrdinal":1,"timelineOrdinal":167,"kind":"complete","elapsedMs":39.92329199999949,"pages":1,"totalChanged":false,"mixedStates":false,"code":"none"},{"cycle":168,"processOrdinal":1,"timelineOrdinal":168,"kind":"complete","elapsedMs":39.71129099999962,"pages":1,"totalChanged":false,"mixedStates":false,"code":"none"},{"cycle":169,"processOrdinal":1,"timelineOrdinal":169,"kind":"complete","elapsedMs":39.397000000000844,"pages":1,"totalChanged":false,"mixedStates":false,"code":"none"},{"cycle":170,"processOrdinal":1,"timelineOrdinal":170,"kind":"complete","elapsedMs":39.25191700000141,"pages":1,"totalChanged":false,"mixedStates":false,"code":"none"},{"cycle":171,"processOrdinal":1,"timelineOrdinal":171,"kind":"complete","elapsedMs":38.72354200000336,"pages":1,"totalChanged":false,"mixedStates":false,"code":"none"},{"cycle":172,"processOrdinal":1,"timelineOrdinal":172,"kind":"complete","elapsedMs":38.86187500000233,"pages":1,"totalChanged":false,"mixedStates":false,"code":"none"},{"cycle":173,"processOrdinal":1,"timelineOrdinal":173,"kind":"complete","elapsedMs":38.64425000000119,"pages":1,"totalChanged":false,"mixedStates":false,"code":"none"},{"cycle":174,"processOrdinal":1,"timelineOrdinal":174,"kind":"complete","elapsedMs":1015.0098749999997,"pages":1,"totalChanged":false,"mixedStates":false,"code":"none"},{"cycle":175,"processOrdinal":1,"timelineOrdinal":175,"kind":"complete","elapsedMs":882.6632079999981,"pages":1,"totalChanged":false,"mixedStates":false,"code":"none"},{"cycle":176,"processOrdinal":1,"timelineOrdinal":176,"kind":"complete","elapsedMs":396.8130420000016,"pages":1,"totalChanged":false,"mixedStates":false,"code":"none"},{"cycle":177,"processOrdinal":1,"timelineOrdinal":177,"kind":"complete","elapsedMs":396.3278750000027,"pages":1,"totalChanged":false,"mixedStates":false,"code":"none"},{"cycle":178,"processOrdinal":1,"timelineOrdinal":178,"kind":"complete","elapsedMs":396.7281659999935,"pages":1,"totalChanged":false,"mixedStates":false,"code":"none"},{"cycle":179,"processOrdinal":1,"timelineOrdinal":179,"kind":"complete","elapsedMs":401.9891669999997,"pages":1,"totalChanged":false,"mixedStates":false,"code":"none"},{"cycle":180,"processOrdinal":1,"timelineOrdinal":180,"kind":"complete","elapsedMs":405.13995799999975,"pages":1,"totalChanged":false,"mixedStates":false,"code":"none"},{"cycle":181,"processOrdinal":1,"timelineOrdinal":181,"kind":"complete","elapsedMs":407.92349999999715,"pages":1,"totalChanged":false,"mixedStates":false,"code":"none"},{"cycle":182,"processOrdinal":1,"timelineOrdinal":182,"kind":"complete","elapsedMs":695.9967920000054,"pages":1,"totalChanged":false,"mixedStates":false,"code":"none"},{"cycle":183,"processOrdinal":1,"timelineOrdinal":183,"kind":"complete","elapsedMs":1287.288459000003,"pages":1,"totalChanged":false,"mixedStates":false,"code":"none"},{"cycle":184,"processOrdinal":1,"timelineOrdinal":184,"kind":"complete","elapsedMs":905.3699579999957,"pages":1,"totalChanged":false,"mixedStates":false,"code":"none"},{"cycle":185,"processOrdinal":1,"timelineOrdinal":185,"kind":"complete","elapsedMs":824.1712909999987,"pages":1,"totalChanged":false,"mixedStates":false,"code":"none"},{"cycle":186,"processOrdinal":1,"timelineOrdinal":186,"kind":"complete","elapsedMs":782.7771250000005,"pages":1,"totalChanged":false,"mixedStates":false,"code":"none"},{"cycle":187,"processOrdinal":1,"timelineOrdinal":187,"kind":"complete","elapsedMs":778.8289579999982,"pages":1,"totalChanged":false,"mixedStates":false,"code":"none"},{"cycle":188,"processOrdinal":1,"timelineOrdinal":188,"kind":"complete","elapsedMs":2012.9038749999963,"pages":1,"totalChanged":false,"mixedStates":false,"code":"none"},{"cycle":189,"processOrdinal":1,"timelineOrdinal":189,"kind":"complete","elapsedMs":1275.945749999999,"pages":1,"totalChanged":false,"mixedStates":false,"code":"none"},{"cycle":190,"processOrdinal":1,"timelineOrdinal":190,"kind":"complete","elapsedMs":1149.406332999999,"pages":1,"totalChanged":false,"mixedStates":false,"code":"none"},{"cycle":191,"processOrdinal":1,"timelineOrdinal":191,"kind":"complete","elapsedMs":1175.3786249999976,"pages":1,"totalChanged":false,"mixedStates":false,"code":"none"},{"cycle":192,"processOrdinal":1,"timelineOrdinal":192,"kind":"complete","elapsedMs":2078.805625000001,"pages":1,"totalChanged":false,"mixedStates":false,"code":"none"}]}
[pass] LP03-B diagnostic copy bytes/hash exact
[job-state-diagnostic] {"diagnosticStatus":"complete","evidenceStatus":"preserved","cleanupAllowed":true,"evidenceFile":"state-7314577a-0f24-41d3-8b32-98cba9a46b87.json","detailRequested":true}
[job-diagnostic] {"diagnosticStatus":"complete","evidenceStatus":"preserved","cleanupAllowed":true,"evidenceFile":"state-7314577a-0f24-41d3-8b32-98cba9a46b87.json.detail.json"}
[pass] LP03-B original unchanged after diagnostic
[cleanup] {"root":"/private/var/folders/k0/qhmr6zdx11q0_41wfx4dsd200000gn/T/media-server-current-integration-26o7rl","bytes":195828612,"rootAbsent":true,"failureCount":0,"processes":[{"schema":"recording-process-cleanup-v1","attemptCount":1,"pid":69477,"exitCode":0,"signalCode":null,"exitedObserved":true,"stopCode":"complete","forcedTermination":"not-used","normalExitPass":true,"normalShutdownPass":true,"archiveSafe":true,"ports":[{"kind":"http","port":52907,"status":"pass","code":"closed","closed":true},{"kind":"rtsp","port":52908,"status":"pass","code":"closed","closed":true}]}],"evidencePreservedOrNotRequired":true,"udpClosed":true}
{"mode":"current-actual-app","timelineUnplacedUnit":"file","terminalObservations":[{"processOrdinal":1,"referenceSha256":"1be7a6b658bce76622d11c461bb3d02dbae7afd8c09579278164a5816283e463","unplacedUnit":"file","terminalObserved":false,"firstObservedMs":null,"firstPageOffset":null,"firstTimelineOrdinal":null,"mixedStates":true,"observedOutputCount":0,"fullOutputPass":false,"invalid":false,"fullPageStatus":"complete","changedCycles":0,"waitOutcome":"timeout"}],"passed":5,"failed":1,"latencyPass":false,"actualEventPass":false,"restartPass":false,"boundaryDiagnosticPass":false,"expectedOutputCount":2,"observedOutputCounts":[],"cleanup":{"rootAbsent":true,"failureCount":0,"processes":[{"schema":"recording-process-cleanup-v1","attemptCount":1,"pid":69477,"exitCode":0,"signalCode":null,"exitedObserved":true,"stopCode":"complete","forcedTermination":"not-used","normalExitPass":true,"normalShutdownPass":true,"archiveSafe":true,"ports":[{"kind":"http","port":52907,"status":"pass","code":"closed","closed":true},{"kind":"rtsp","port":52908,"status":"pass","code":"closed","closed":true}]}],"evidencePreservedOrNotRequired":true},"elapsedMs":62688}
