[timeline-query-mode] {"unplacedUnit":"file","knownUnit":"mapping","maxLeafItems":4096,"maxBytes":67108864}
[process-start] {"processOrdinal":1,"pid":68706,"ports":[{"kind":"http","port":51746},{"kind":"rtsp","port":51747}]}
[http-timing] {"sequence":1,"timelineOrdinal":null,"processOrdinal":1,"method":"GET","routeClass":"health","status":null,"headerElapsedMs":null,"bodyElapsedMs":null,"totalElapsedMs":3,"bytes":0,"phase":"header","outcome":"error"}
[http-timing] {"sequence":2,"timelineOrdinal":null,"processOrdinal":1,"method":"GET","routeClass":"health","status":null,"headerElapsedMs":null,"bodyElapsedMs":null,"totalElapsedMs":1,"bytes":0,"phase":"header","outcome":"error"}
[http-timing] {"sequence":3,"timelineOrdinal":null,"processOrdinal":1,"method":"GET","routeClass":"health","status":null,"headerElapsedMs":null,"bodyElapsedMs":null,"totalElapsedMs":1,"bytes":0,"phase":"header","outcome":"error"}
[http-timing] {"sequence":4,"timelineOrdinal":null,"processOrdinal":1,"method":"GET","routeClass":"health","status":null,"headerElapsedMs":null,"bodyElapsedMs":null,"totalElapsedMs":1,"bytes":0,"phase":"header","outcome":"error"}
[http-timing] {"sequence":5,"timelineOrdinal":null,"processOrdinal":1,"method":"GET","routeClass":"health","status":null,"headerElapsedMs":null,"bodyElapsedMs":null,"totalElapsedMs":1,"bytes":0,"phase":"header","outcome":"error"}
[http-timing] {"sequence":6,"timelineOrdinal":null,"processOrdinal":1,"method":"GET","routeClass":"health","status":null,"headerElapsedMs":null,"bodyElapsedMs":null,"totalElapsedMs":1,"bytes":0,"phase":"header","outcome":"error"}
[http-timing] {"sequence":7,"timelineOrdinal":null,"processOrdinal":1,"method":"GET","routeClass":"health","status":null,"headerElapsedMs":null,"bodyElapsedMs":null,"totalElapsedMs":1,"bytes":0,"phase":"header","outcome":"error"}
[http-timing] {"sequence":8,"timelineOrdinal":null,"processOrdinal":1,"method":"GET","routeClass":"health","status":null,"headerElapsedMs":null,"bodyElapsedMs":null,"totalElapsedMs":1,"bytes":0,"phase":"header","outcome":"error"}
[http-timing] {"sequence":9,"timelineOrdinal":null,"processOrdinal":1,"method":"GET","routeClass":"health","status":null,"headerElapsedMs":null,"bodyElapsedMs":null,"totalElapsedMs":1,"bytes":0,"phase":"header","outcome":"error"}
[http-timing] {"sequence":10,"timelineOrdinal":null,"processOrdinal":1,"method":"GET","routeClass":"health","status":null,"headerElapsedMs":null,"bodyElapsedMs":null,"totalElapsedMs":1,"bytes":0,"phase":"header","outcome":"error"}
[http-timing] {"sequence":11,"timelineOrdinal":null,"processOrdinal":1,"method":"GET","routeClass":"health","status":null,"headerElapsedMs":null,"bodyElapsedMs":null,"totalElapsedMs":0,"bytes":0,"phase":"header","outcome":"error"}
[http-timing] {"sequence":12,"timelineOrdinal":null,"processOrdinal":1,"method":"GET","routeClass":"health","status":null,"headerElapsedMs":null,"bodyElapsedMs":null,"totalElapsedMs":0,"bytes":0,"phase":"header","outcome":"error"}
[http-timing] {"sequence":13,"timelineOrdinal":null,"processOrdinal":1,"method":"GET","routeClass":"health","status":null,"headerElapsedMs":null,"bodyElapsedMs":null,"totalElapsedMs":1,"bytes":0,"phase":"header","outcome":"error"}
[http-timing] {"sequence":14,"timelineOrdinal":null,"processOrdinal":1,"method":"GET","routeClass":"health","status":200,"headerElapsedMs":5,"bodyElapsedMs":1,"totalElapsedMs":7,"bytes":15,"phase":"complete","outcome":"ok"}
[http-timing] {"sequence":15,"timelineOrdinal":null,"processOrdinal":1,"method":"GET","routeClass":"ice","status":200,"headerElapsedMs":1,"bodyElapsedMs":0,"totalElapsedMs":1,"bytes":222,"phase":"complete","outcome":"ok"}
[pass] S11-CI09 product-1 healthy isolated ICE
[http-timing] {"sequence":16,"timelineOrdinal":null,"processOrdinal":1,"method":"POST","routeClass":"source","status":201,"headerElapsedMs":74,"bodyElapsedMs":0,"totalElapsedMs":74,"bytes":428,"phase":"complete","outcome":"ok"}
[http-timing] {"sequence":17,"timelineOrdinal":null,"processOrdinal":1,"method":"POST","routeClass":"tap-create","status":200,"headerElapsedMs":25,"bodyElapsedMs":0,"totalElapsedMs":25,"bytes":1187,"phase":"complete","outcome":"ok"}
[http-timing] {"sequence":18,"timelineOrdinal":1,"processOrdinal":1,"method":"GET","routeClass":"timeline","status":200,"headerElapsedMs":1,"bodyElapsedMs":0,"totalElapsedMs":1,"bytes":82,"phase":"complete","outcome":"ok"}
[timeline-page-observation] {"cycle":1,"processOrdinal":1,"timelineOrdinal":1,"kind":"page","elapsedMs":2.094708999999966,"offset":0,"total":0,"unplacedTotal":0,"states":{"intent":0,"ready":0,"committed":0,"complete":0,"failed":0,"other":0}}
[timeline-page-observation] {"cycle":1,"processOrdinal":1,"timelineOrdinal":1,"kind":"complete","elapsedMs":2.1463340000000244,"pages":1,"totalChanged":false,"mixedStates":false,"code":"none"}
[http-timing] {"sequence":19,"timelineOrdinal":2,"processOrdinal":1,"method":"GET","routeClass":"timeline","status":200,"headerElapsedMs":1,"bodyElapsedMs":0,"totalElapsedMs":1,"bytes":82,"phase":"complete","outcome":"ok"}
[timeline-page-observation] {"cycle":2,"processOrdinal":1,"timelineOrdinal":2,"kind":"page","elapsedMs":1.9709579999998823,"offset":0,"total":0,"unplacedTotal":0,"states":{"intent":0,"ready":0,"committed":0,"complete":0,"failed":0,"other":0}}
[timeline-page-observation] {"cycle":2,"processOrdinal":1,"timelineOrdinal":2,"kind":"complete","elapsedMs":1.9995829999998023,"pages":1,"totalChanged":false,"mixedStates":false,"code":"none"}
[http-timing] {"sequence":20,"timelineOrdinal":3,"processOrdinal":1,"method":"GET","routeClass":"timeline","status":200,"headerElapsedMs":1,"bodyElapsedMs":0,"totalElapsedMs":1,"bytes":82,"phase":"complete","outcome":"ok"}
[timeline-page-observation] {"cycle":3,"processOrdinal":1,"timelineOrdinal":3,"kind":"page","elapsedMs":1.8642919999997503,"offset":0,"total":0,"unplacedTotal":0,"states":{"intent":0,"ready":0,"committed":0,"complete":0,"failed":0,"other":0}}
[timeline-page-observation] {"cycle":3,"processOrdinal":1,"timelineOrdinal":3,"kind":"complete","elapsedMs":1.889458999999988,"pages":1,"totalChanged":false,"mixedStates":false,"code":"none"}
[http-timing] {"sequence":21,"timelineOrdinal":4,"processOrdinal":1,"method":"GET","routeClass":"timeline","status":200,"headerElapsedMs":1,"bodyElapsedMs":0,"totalElapsedMs":1,"bytes":82,"phase":"complete","outcome":"ok"}
[timeline-page-observation] {"cycle":4,"processOrdinal":1,"timelineOrdinal":4,"kind":"page","elapsedMs":1.7420830000000933,"offset":0,"total":0,"unplacedTotal":0,"states":{"intent":0,"ready":0,"committed":0,"complete":0,"failed":0,"other":0}}
[timeline-page-observation] {"cycle":4,"processOrdinal":1,"timelineOrdinal":4,"kind":"complete","elapsedMs":1.7694169999999758,"pages":1,"totalChanged":false,"mixedStates":false,"code":"none"}
[http-timing] {"sequence":22,"timelineOrdinal":5,"processOrdinal":1,"method":"GET","routeClass":"timeline","status":200,"headerElapsedMs":1,"bodyElapsedMs":0,"totalElapsedMs":1,"bytes":82,"phase":"complete","outcome":"ok"}
[timeline-page-observation] {"cycle":5,"processOrdinal":1,"timelineOrdinal":5,"kind":"page","elapsedMs":1.5875839999998789,"offset":0,"total":0,"unplacedTotal":0,"states":{"intent":0,"ready":0,"committed":0,"complete":0,"failed":0,"other":0}}
[timeline-page-observation] {"cycle":5,"processOrdinal":1,"timelineOrdinal":5,"kind":"complete","elapsedMs":1.6251250000000255,"pages":1,"totalChanged":false,"mixedStates":false,"code":"none"}
[http-timing] {"sequence":23,"timelineOrdinal":6,"processOrdinal":1,"method":"GET","routeClass":"timeline","status":200,"headerElapsedMs":1,"bodyElapsedMs":0,"totalElapsedMs":1,"bytes":82,"phase":"complete","outcome":"ok"}
[timeline-page-observation] {"cycle":6,"processOrdinal":1,"timelineOrdinal":6,"kind":"page","elapsedMs":1.9888340000002245,"offset":0,"total":0,"unplacedTotal":0,"states":{"intent":0,"ready":0,"committed":0,"complete":0,"failed":0,"other":0}}
[timeline-page-observation] {"cycle":6,"processOrdinal":1,"timelineOrdinal":6,"kind":"complete","elapsedMs":2.017334000000119,"pages":1,"totalChanged":false,"mixedStates":false,"code":"none"}
[http-timing] {"sequence":24,"timelineOrdinal":7,"processOrdinal":1,"method":"GET","routeClass":"timeline","status":200,"headerElapsedMs":1,"bodyElapsedMs":0,"totalElapsedMs":1,"bytes":82,"phase":"complete","outcome":"ok"}
[timeline-page-observation] {"cycle":7,"processOrdinal":1,"timelineOrdinal":7,"kind":"page","elapsedMs":1.6458330000000387,"offset":0,"total":0,"unplacedTotal":0,"states":{"intent":0,"ready":0,"committed":0,"complete":0,"failed":0,"other":0}}
[timeline-page-observation] {"cycle":7,"processOrdinal":1,"timelineOrdinal":7,"kind":"complete","elapsedMs":1.664875000000393,"pages":1,"totalChanged":false,"mixedStates":false,"code":"none"}
[http-timing] {"sequence":25,"timelineOrdinal":8,"processOrdinal":1,"method":"GET","routeClass":"timeline","status":200,"headerElapsedMs":1,"bodyElapsedMs":0,"totalElapsedMs":1,"bytes":82,"phase":"complete","outcome":"ok"}
[timeline-page-observation] {"cycle":8,"processOrdinal":1,"timelineOrdinal":8,"kind":"page","elapsedMs":1.6971250000001419,"offset":0,"total":0,"unplacedTotal":0,"states":{"intent":0,"ready":0,"committed":0,"complete":0,"failed":0,"other":0}}
[timeline-page-observation] {"cycle":8,"processOrdinal":1,"timelineOrdinal":8,"kind":"complete","elapsedMs":1.7139999999999418,"pages":1,"totalChanged":false,"mixedStates":false,"code":"none"}
[http-timing] {"sequence":26,"timelineOrdinal":9,"processOrdinal":1,"method":"GET","routeClass":"timeline","status":200,"headerElapsedMs":1,"bodyElapsedMs":0,"totalElapsedMs":1,"bytes":82,"phase":"complete","outcome":"ok"}
[timeline-page-observation] {"cycle":9,"processOrdinal":1,"timelineOrdinal":9,"kind":"page","elapsedMs":1.5730419999999867,"offset":0,"total":0,"unplacedTotal":0,"states":{"intent":0,"ready":0,"committed":0,"complete":0,"failed":0,"other":0}}
[timeline-page-observation] {"cycle":9,"processOrdinal":1,"timelineOrdinal":9,"kind":"complete","elapsedMs":1.588582999999744,"pages":1,"totalChanged":false,"mixedStates":false,"code":"none"}
[http-timing] {"sequence":27,"timelineOrdinal":10,"processOrdinal":1,"method":"GET","routeClass":"timeline","status":200,"headerElapsedMs":1,"bodyElapsedMs":0,"totalElapsedMs":1,"bytes":82,"phase":"complete","outcome":"ok"}
[timeline-page-observation] {"cycle":10,"processOrdinal":1,"timelineOrdinal":10,"kind":"page","elapsedMs":1.5592910000000302,"offset":0,"total":0,"unplacedTotal":0,"states":{"intent":0,"ready":0,"committed":0,"complete":0,"failed":0,"other":0}}
[timeline-page-observation] {"cycle":10,"processOrdinal":1,"timelineOrdinal":10,"kind":"complete","elapsedMs":1.5759159999997792,"pages":1,"totalChanged":false,"mixedStates":false,"code":"none"}
[http-timing] {"sequence":28,"timelineOrdinal":11,"processOrdinal":1,"method":"GET","routeClass":"timeline","status":200,"headerElapsedMs":1,"bodyElapsedMs":0,"totalElapsedMs":1,"bytes":82,"phase":"complete","outcome":"ok"}
[timeline-page-observation] {"cycle":11,"processOrdinal":1,"timelineOrdinal":11,"kind":"page","elapsedMs":2.03512499999988,"offset":0,"total":0,"unplacedTotal":0,"states":{"intent":0,"ready":0,"committed":0,"complete":0,"failed":0,"other":0}}
[timeline-page-observation] {"cycle":11,"processOrdinal":1,"timelineOrdinal":11,"kind":"complete","elapsedMs":2.055166999999983,"pages":1,"totalChanged":false,"mixedStates":false,"code":"none"}
[http-timing] {"sequence":29,"timelineOrdinal":12,"processOrdinal":1,"method":"GET","routeClass":"timeline","status":200,"headerElapsedMs":1,"bodyElapsedMs":0,"totalElapsedMs":1,"bytes":82,"phase":"complete","outcome":"ok"}
[timeline-page-observation] {"cycle":12,"processOrdinal":1,"timelineOrdinal":12,"kind":"page","elapsedMs":1.6489170000004378,"offset":0,"total":0,"unplacedTotal":0,"states":{"intent":0,"ready":0,"committed":0,"complete":0,"failed":0,"other":0}}
[timeline-page-observation] {"cycle":12,"processOrdinal":1,"timelineOrdinal":12,"kind":"complete","elapsedMs":1.6636670000002596,"pages":1,"totalChanged":false,"mixedStates":false,"code":"none"}
[http-timing] {"sequence":30,"timelineOrdinal":13,"processOrdinal":1,"method":"GET","routeClass":"timeline","status":200,"headerElapsedMs":1,"bodyElapsedMs":0,"totalElapsedMs":1,"bytes":82,"phase":"complete","outcome":"ok"}
[timeline-page-observation] {"cycle":13,"processOrdinal":1,"timelineOrdinal":13,"kind":"page","elapsedMs":1.5630000000001019,"offset":0,"total":0,"unplacedTotal":0,"states":{"intent":0,"ready":0,"committed":0,"complete":0,"failed":0,"other":0}}
[timeline-page-observation] {"cycle":13,"processOrdinal":1,"timelineOrdinal":13,"kind":"complete","elapsedMs":1.5795419999999467,"pages":1,"totalChanged":false,"mixedStates":false,"code":"none"}
[http-timing] {"sequence":31,"timelineOrdinal":14,"processOrdinal":1,"method":"GET","routeClass":"timeline","status":200,"headerElapsedMs":1,"bodyElapsedMs":0,"totalElapsedMs":1,"bytes":82,"phase":"complete","outcome":"ok"}
[timeline-page-observation] {"cycle":14,"processOrdinal":1,"timelineOrdinal":14,"kind":"page","elapsedMs":1.5138340000003154,"offset":0,"total":0,"unplacedTotal":0,"states":{"intent":0,"ready":0,"committed":0,"complete":0,"failed":0,"other":0}}
[timeline-page-observation] {"cycle":14,"processOrdinal":1,"timelineOrdinal":14,"kind":"complete","elapsedMs":1.536167000000205,"pages":1,"totalChanged":false,"mixedStates":false,"code":"none"}
[http-timing] {"sequence":32,"timelineOrdinal":15,"processOrdinal":1,"method":"GET","routeClass":"timeline","status":200,"headerElapsedMs":1,"bodyElapsedMs":0,"totalElapsedMs":1,"bytes":82,"phase":"complete","outcome":"ok"}
[timeline-page-observation] {"cycle":15,"processOrdinal":1,"timelineOrdinal":15,"kind":"page","elapsedMs":1.7637500000000728,"offset":0,"total":0,"unplacedTotal":0,"states":{"intent":0,"ready":0,"committed":0,"complete":0,"failed":0,"other":0}}
[timeline-page-observation] {"cycle":15,"processOrdinal":1,"timelineOrdinal":15,"kind":"complete","elapsedMs":1.7805840000000899,"pages":1,"totalChanged":false,"mixedStates":false,"code":"none"}
[http-timing] {"sequence":33,"timelineOrdinal":16,"processOrdinal":1,"method":"GET","routeClass":"timeline","status":200,"headerElapsedMs":1,"bodyElapsedMs":0,"totalElapsedMs":1,"bytes":82,"phase":"complete","outcome":"ok"}
[timeline-page-observation] {"cycle":16,"processOrdinal":1,"timelineOrdinal":16,"kind":"page","elapsedMs":1.7085839999999735,"offset":0,"total":0,"unplacedTotal":0,"states":{"intent":0,"ready":0,"committed":0,"complete":0,"failed":0,"other":0}}
[timeline-page-observation] {"cycle":16,"processOrdinal":1,"timelineOrdinal":16,"kind":"complete","elapsedMs":1.725500000000011,"pages":1,"totalChanged":false,"mixedStates":false,"code":"none"}
[http-timing] {"sequence":34,"timelineOrdinal":17,"processOrdinal":1,"method":"GET","routeClass":"timeline","status":200,"headerElapsedMs":1,"bodyElapsedMs":0,"totalElapsedMs":1,"bytes":82,"phase":"complete","outcome":"ok"}
[timeline-page-observation] {"cycle":17,"processOrdinal":1,"timelineOrdinal":17,"kind":"page","elapsedMs":1.435707999999977,"offset":0,"total":0,"unplacedTotal":0,"states":{"intent":0,"ready":0,"committed":0,"complete":0,"failed":0,"other":0}}
[timeline-page-observation] {"cycle":17,"processOrdinal":1,"timelineOrdinal":17,"kind":"complete","elapsedMs":1.4501249999998436,"pages":1,"totalChanged":false,"mixedStates":false,"code":"none"}
[http-timing] {"sequence":35,"timelineOrdinal":18,"processOrdinal":1,"method":"GET","routeClass":"timeline","status":200,"headerElapsedMs":1,"bodyElapsedMs":0,"totalElapsedMs":1,"bytes":82,"phase":"complete","outcome":"ok"}
[timeline-page-observation] {"cycle":18,"processOrdinal":1,"timelineOrdinal":18,"kind":"page","elapsedMs":1.6143330000004426,"offset":0,"total":0,"unplacedTotal":0,"states":{"intent":0,"ready":0,"committed":0,"complete":0,"failed":0,"other":0}}
[timeline-page-observation] {"cycle":18,"processOrdinal":1,"timelineOrdinal":18,"kind":"complete","elapsedMs":1.6295410000002448,"pages":1,"totalChanged":false,"mixedStates":false,"code":"none"}
[http-timing] {"sequence":36,"timelineOrdinal":19,"processOrdinal":1,"method":"GET","routeClass":"timeline","status":200,"headerElapsedMs":1,"bodyElapsedMs":0,"totalElapsedMs":1,"bytes":82,"phase":"complete","outcome":"ok"}
[timeline-page-observation] {"cycle":19,"processOrdinal":1,"timelineOrdinal":19,"kind":"page","elapsedMs":1.8642079999999623,"offset":0,"total":0,"unplacedTotal":0,"states":{"intent":0,"ready":0,"committed":0,"complete":0,"failed":0,"other":0}}
[timeline-page-observation] {"cycle":19,"processOrdinal":1,"timelineOrdinal":19,"kind":"complete","elapsedMs":1.9073749999997744,"pages":1,"totalChanged":false,"mixedStates":false,"code":"none"}
[http-timing] {"sequence":37,"timelineOrdinal":20,"processOrdinal":1,"method":"GET","routeClass":"timeline","status":200,"headerElapsedMs":1,"bodyElapsedMs":0,"totalElapsedMs":1,"bytes":82,"phase":"complete","outcome":"ok"}
[timeline-page-observation] {"cycle":20,"processOrdinal":1,"timelineOrdinal":20,"kind":"page","elapsedMs":1.5495829999999842,"offset":0,"total":0,"unplacedTotal":0,"states":{"intent":0,"ready":0,"committed":0,"complete":0,"failed":0,"other":0}}
[timeline-page-observation] {"cycle":20,"processOrdinal":1,"timelineOrdinal":20,"kind":"complete","elapsedMs":1.566541000000143,"pages":1,"totalChanged":false,"mixedStates":false,"code":"none"}
[http-timing] {"sequence":38,"timelineOrdinal":21,"processOrdinal":1,"method":"GET","routeClass":"timeline","status":200,"headerElapsedMs":1,"bodyElapsedMs":0,"totalElapsedMs":1,"bytes":82,"phase":"complete","outcome":"ok"}
[timeline-page-observation] {"cycle":21,"processOrdinal":1,"timelineOrdinal":21,"kind":"page","elapsedMs":1.966417000000547,"offset":0,"total":0,"unplacedTotal":0,"states":{"intent":0,"ready":0,"committed":0,"complete":0,"failed":0,"other":0}}
[timeline-page-observation] {"cycle":21,"processOrdinal":1,"timelineOrdinal":21,"kind":"complete","elapsedMs":1.9885000000003856,"pages":1,"totalChanged":false,"mixedStates":false,"code":"none"}
[http-timing] {"sequence":39,"timelineOrdinal":22,"processOrdinal":1,"method":"GET","routeClass":"timeline","status":200,"headerElapsedMs":1,"bodyElapsedMs":0,"totalElapsedMs":1,"bytes":82,"phase":"complete","outcome":"ok"}
[timeline-page-observation] {"cycle":22,"processOrdinal":1,"timelineOrdinal":22,"kind":"page","elapsedMs":1.401582999999846,"offset":0,"total":0,"unplacedTotal":0,"states":{"intent":0,"ready":0,"committed":0,"complete":0,"failed":0,"other":0}}
[timeline-page-observation] {"cycle":22,"processOrdinal":1,"timelineOrdinal":22,"kind":"complete","elapsedMs":1.4161659999999756,"pages":1,"totalChanged":false,"mixedStates":false,"code":"none"}
[http-timing] {"sequence":40,"timelineOrdinal":23,"processOrdinal":1,"method":"GET","routeClass":"timeline","status":200,"headerElapsedMs":1,"bodyElapsedMs":0,"totalElapsedMs":1,"bytes":82,"phase":"complete","outcome":"ok"}
[timeline-page-observation] {"cycle":23,"processOrdinal":1,"timelineOrdinal":23,"kind":"page","elapsedMs":1.6679170000006707,"offset":0,"total":0,"unplacedTotal":0,"states":{"intent":0,"ready":0,"committed":0,"complete":0,"failed":0,"other":0}}
[timeline-page-observation] {"cycle":23,"processOrdinal":1,"timelineOrdinal":23,"kind":"complete","elapsedMs":1.6828330000007554,"pages":1,"totalChanged":false,"mixedStates":false,"code":"none"}
[http-timing] {"sequence":41,"timelineOrdinal":24,"processOrdinal":1,"method":"GET","routeClass":"timeline","status":200,"headerElapsedMs":1,"bodyElapsedMs":0,"totalElapsedMs":1,"bytes":82,"phase":"complete","outcome":"ok"}
[timeline-page-observation] {"cycle":24,"processOrdinal":1,"timelineOrdinal":24,"kind":"page","elapsedMs":1.7177910000000338,"offset":0,"total":0,"unplacedTotal":0,"states":{"intent":0,"ready":0,"committed":0,"complete":0,"failed":0,"other":0}}
[timeline-page-observation] {"cycle":24,"processOrdinal":1,"timelineOrdinal":24,"kind":"complete","elapsedMs":1.7344579999999041,"pages":1,"totalChanged":false,"mixedStates":false,"code":"none"}
[http-timing] {"sequence":42,"timelineOrdinal":25,"processOrdinal":1,"method":"GET","routeClass":"timeline","status":200,"headerElapsedMs":1,"bodyElapsedMs":0,"totalElapsedMs":1,"bytes":82,"phase":"complete","outcome":"ok"}
[timeline-page-observation] {"cycle":25,"processOrdinal":1,"timelineOrdinal":25,"kind":"page","elapsedMs":1.5957500000004075,"offset":0,"total":0,"unplacedTotal":0,"states":{"intent":0,"ready":0,"committed":0,"complete":0,"failed":0,"other":0}}
[timeline-page-observation] {"cycle":25,"processOrdinal":1,"timelineOrdinal":25,"kind":"complete","elapsedMs":1.621874999999818,"pages":1,"totalChanged":false,"mixedStates":false,"code":"none"}
[http-timing] {"sequence":43,"timelineOrdinal":26,"processOrdinal":1,"method":"GET","routeClass":"timeline","status":200,"headerElapsedMs":1,"bodyElapsedMs":0,"totalElapsedMs":1,"bytes":82,"phase":"complete","outcome":"ok"}
[timeline-page-observation] {"cycle":26,"processOrdinal":1,"timelineOrdinal":26,"kind":"page","elapsedMs":1.5670419999996739,"offset":0,"total":0,"unplacedTotal":0,"states":{"intent":0,"ready":0,"committed":0,"complete":0,"failed":0,"other":0}}
[timeline-page-observation] {"cycle":26,"processOrdinal":1,"timelineOrdinal":26,"kind":"complete","elapsedMs":1.5820829999993293,"pages":1,"totalChanged":false,"mixedStates":false,"code":"none"}
[http-timing] {"sequence":44,"timelineOrdinal":27,"processOrdinal":1,"method":"GET","routeClass":"timeline","status":200,"headerElapsedMs":1,"bodyElapsedMs":0,"totalElapsedMs":1,"bytes":82,"phase":"complete","outcome":"ok"}
[timeline-page-observation] {"cycle":27,"processOrdinal":1,"timelineOrdinal":27,"kind":"page","elapsedMs":1.5158339999998134,"offset":0,"total":0,"unplacedTotal":0,"states":{"intent":0,"ready":0,"committed":0,"complete":0,"failed":0,"other":0}}
[timeline-page-observation] {"cycle":27,"processOrdinal":1,"timelineOrdinal":27,"kind":"complete","elapsedMs":1.5311670000000959,"pages":1,"totalChanged":false,"mixedStates":false,"code":"none"}
[http-timing] {"sequence":45,"timelineOrdinal":28,"processOrdinal":1,"method":"GET","routeClass":"timeline","status":200,"headerElapsedMs":1,"bodyElapsedMs":0,"totalElapsedMs":1,"bytes":82,"phase":"complete","outcome":"ok"}
[timeline-page-observation] {"cycle":28,"processOrdinal":1,"timelineOrdinal":28,"kind":"page","elapsedMs":1.5225000000000364,"offset":0,"total":0,"unplacedTotal":0,"states":{"intent":0,"ready":0,"committed":0,"complete":0,"failed":0,"other":0}}
[timeline-page-observation] {"cycle":28,"processOrdinal":1,"timelineOrdinal":28,"kind":"complete","elapsedMs":1.5382909999998446,"pages":1,"totalChanged":false,"mixedStates":false,"code":"none"}
[http-timing] {"sequence":46,"timelineOrdinal":29,"processOrdinal":1,"method":"GET","routeClass":"timeline","status":200,"headerElapsedMs":1,"bodyElapsedMs":0,"totalElapsedMs":1,"bytes":82,"phase":"complete","outcome":"ok"}
[timeline-page-observation] {"cycle":29,"processOrdinal":1,"timelineOrdinal":29,"kind":"page","elapsedMs":1.5797090000005483,"offset":0,"total":0,"unplacedTotal":0,"states":{"intent":0,"ready":0,"committed":0,"complete":0,"failed":0,"other":0}}
[timeline-page-observation] {"cycle":29,"processOrdinal":1,"timelineOrdinal":29,"kind":"complete","elapsedMs":1.596125000000029,"pages":1,"totalChanged":false,"mixedStates":false,"code":"none"}
[http-timing] {"sequence":47,"timelineOrdinal":30,"processOrdinal":1,"method":"GET","routeClass":"timeline","status":200,"headerElapsedMs":1,"bodyElapsedMs":0,"totalElapsedMs":1,"bytes":82,"phase":"complete","outcome":"ok"}
[timeline-page-observation] {"cycle":30,"processOrdinal":1,"timelineOrdinal":30,"kind":"page","elapsedMs":2.060750000000553,"offset":0,"total":0,"unplacedTotal":0,"states":{"intent":0,"ready":0,"committed":0,"complete":0,"failed":0,"other":0}}
[timeline-page-observation] {"cycle":30,"processOrdinal":1,"timelineOrdinal":30,"kind":"complete","elapsedMs":2.079791000000114,"pages":1,"totalChanged":false,"mixedStates":false,"code":"none"}
[http-timing] {"sequence":48,"timelineOrdinal":31,"processOrdinal":1,"method":"GET","routeClass":"timeline","status":200,"headerElapsedMs":1,"bodyElapsedMs":0,"totalElapsedMs":1,"bytes":82,"phase":"complete","outcome":"ok"}
[timeline-page-observation] {"cycle":31,"processOrdinal":1,"timelineOrdinal":31,"kind":"page","elapsedMs":1.6265409999996336,"offset":0,"total":0,"unplacedTotal":0,"states":{"intent":0,"ready":0,"committed":0,"complete":0,"failed":0,"other":0}}
[timeline-page-observation] {"cycle":31,"processOrdinal":1,"timelineOrdinal":31,"kind":"complete","elapsedMs":1.6442499999993743,"pages":1,"totalChanged":false,"mixedStates":false,"code":"none"}
[http-timing] {"sequence":49,"timelineOrdinal":32,"processOrdinal":1,"method":"GET","routeClass":"timeline","status":200,"headerElapsedMs":1,"bodyElapsedMs":0,"totalElapsedMs":1,"bytes":82,"phase":"complete","outcome":"ok"}
[timeline-page-observation] {"cycle":32,"processOrdinal":1,"timelineOrdinal":32,"kind":"page","elapsedMs":1.5631669999993392,"offset":0,"total":0,"unplacedTotal":0,"states":{"intent":0,"ready":0,"committed":0,"complete":0,"failed":0,"other":0}}
[timeline-page-observation] {"cycle":32,"processOrdinal":1,"timelineOrdinal":32,"kind":"complete","elapsedMs":1.5784169999997175,"pages":1,"totalChanged":false,"mixedStates":false,"code":"none"}
[http-timing] {"sequence":50,"timelineOrdinal":33,"processOrdinal":1,"method":"GET","routeClass":"timeline","status":200,"headerElapsedMs":1,"bodyElapsedMs":0,"totalElapsedMs":1,"bytes":82,"phase":"complete","outcome":"ok"}
[timeline-page-observation] {"cycle":33,"processOrdinal":1,"timelineOrdinal":33,"kind":"page","elapsedMs":1.7387920000001031,"offset":0,"total":0,"unplacedTotal":0,"states":{"intent":0,"ready":0,"committed":0,"complete":0,"failed":0,"other":0}}
[timeline-page-observation] {"cycle":33,"processOrdinal":1,"timelineOrdinal":33,"kind":"complete","elapsedMs":1.754667000000154,"pages":1,"totalChanged":false,"mixedStates":false,"code":"none"}
[http-timing] {"sequence":51,"timelineOrdinal":34,"processOrdinal":1,"method":"GET","routeClass":"timeline","status":200,"headerElapsedMs":1,"bodyElapsedMs":0,"totalElapsedMs":1,"bytes":82,"phase":"complete","outcome":"ok"}
[timeline-page-observation] {"cycle":34,"processOrdinal":1,"timelineOrdinal":34,"kind":"page","elapsedMs":1.5974159999996118,"offset":0,"total":0,"unplacedTotal":0,"states":{"intent":0,"ready":0,"committed":0,"complete":0,"failed":0,"other":0}}
[timeline-page-observation] {"cycle":34,"processOrdinal":1,"timelineOrdinal":34,"kind":"complete","elapsedMs":1.612333000000035,"pages":1,"totalChanged":false,"mixedStates":false,"code":"none"}
[http-timing] {"sequence":52,"timelineOrdinal":35,"processOrdinal":1,"method":"GET","routeClass":"timeline","status":200,"headerElapsedMs":1,"bodyElapsedMs":0,"totalElapsedMs":1,"bytes":82,"phase":"complete","outcome":"ok"}
[timeline-page-observation] {"cycle":35,"processOrdinal":1,"timelineOrdinal":35,"kind":"page","elapsedMs":1.6894579999998314,"offset":0,"total":0,"unplacedTotal":0,"states":{"intent":0,"ready":0,"committed":0,"complete":0,"failed":0,"other":0}}
[timeline-page-observation] {"cycle":35,"processOrdinal":1,"timelineOrdinal":35,"kind":"complete","elapsedMs":1.7038329999995767,"pages":1,"totalChanged":false,"mixedStates":false,"code":"none"}
[http-timing] {"sequence":53,"timelineOrdinal":36,"processOrdinal":1,"method":"GET","routeClass":"timeline","status":200,"headerElapsedMs":1,"bodyElapsedMs":0,"totalElapsedMs":1,"bytes":82,"phase":"complete","outcome":"ok"}
[timeline-page-observation] {"cycle":36,"processOrdinal":1,"timelineOrdinal":36,"kind":"page","elapsedMs":1.526375000000371,"offset":0,"total":0,"unplacedTotal":0,"states":{"intent":0,"ready":0,"committed":0,"complete":0,"failed":0,"other":0}}
[timeline-page-observation] {"cycle":36,"processOrdinal":1,"timelineOrdinal":36,"kind":"complete","elapsedMs":1.543083999999908,"pages":1,"totalChanged":false,"mixedStates":false,"code":"none"}
[http-timing] {"sequence":54,"timelineOrdinal":37,"processOrdinal":1,"method":"GET","routeClass":"timeline","status":200,"headerElapsedMs":1,"bodyElapsedMs":0,"totalElapsedMs":1,"bytes":82,"phase":"complete","outcome":"ok"}
[timeline-page-observation] {"cycle":37,"processOrdinal":1,"timelineOrdinal":37,"kind":"page","elapsedMs":1.589958999999908,"offset":0,"total":0,"unplacedTotal":0,"states":{"intent":0,"ready":0,"committed":0,"complete":0,"failed":0,"other":0}}
[timeline-page-observation] {"cycle":37,"processOrdinal":1,"timelineOrdinal":37,"kind":"complete","elapsedMs":1.6046669999996084,"pages":1,"totalChanged":false,"mixedStates":false,"code":"none"}
[http-timing] {"sequence":55,"timelineOrdinal":38,"processOrdinal":1,"method":"GET","routeClass":"timeline","status":200,"headerElapsedMs":1,"bodyElapsedMs":0,"totalElapsedMs":1,"bytes":82,"phase":"complete","outcome":"ok"}
[timeline-page-observation] {"cycle":38,"processOrdinal":1,"timelineOrdinal":38,"kind":"page","elapsedMs":1.6849999999994907,"offset":0,"total":0,"unplacedTotal":0,"states":{"intent":0,"ready":0,"committed":0,"complete":0,"failed":0,"other":0}}
[timeline-page-observation] {"cycle":38,"processOrdinal":1,"timelineOrdinal":38,"kind":"complete","elapsedMs":1.7017499999992651,"pages":1,"totalChanged":false,"mixedStates":false,"code":"none"}
[http-timing] {"sequence":56,"timelineOrdinal":39,"processOrdinal":1,"method":"GET","routeClass":"timeline","status":200,"headerElapsedMs":1,"bodyElapsedMs":0,"totalElapsedMs":1,"bytes":82,"phase":"complete","outcome":"ok"}
[timeline-page-observation] {"cycle":39,"processOrdinal":1,"timelineOrdinal":39,"kind":"page","elapsedMs":1.5945840000003955,"offset":0,"total":0,"unplacedTotal":0,"states":{"intent":0,"ready":0,"committed":0,"complete":0,"failed":0,"other":0}}
[timeline-page-observation] {"cycle":39,"processOrdinal":1,"timelineOrdinal":39,"kind":"complete","elapsedMs":1.6109169999999722,"pages":1,"totalChanged":false,"mixedStates":false,"code":"none"}
[http-timing] {"sequence":57,"timelineOrdinal":40,"processOrdinal":1,"method":"GET","routeClass":"timeline","status":200,"headerElapsedMs":1,"bodyElapsedMs":0,"totalElapsedMs":1,"bytes":82,"phase":"complete","outcome":"ok"}
[timeline-page-observation] {"cycle":40,"processOrdinal":1,"timelineOrdinal":40,"kind":"page","elapsedMs":2.1402080000007118,"offset":0,"total":0,"unplacedTotal":0,"states":{"intent":0,"ready":0,"committed":0,"complete":0,"failed":0,"other":0}}
[timeline-page-observation] {"cycle":40,"processOrdinal":1,"timelineOrdinal":40,"kind":"complete","elapsedMs":2.154750000000604,"pages":1,"totalChanged":false,"mixedStates":false,"code":"none"}
[http-timing] {"sequence":58,"timelineOrdinal":41,"processOrdinal":1,"method":"GET","routeClass":"timeline","status":200,"headerElapsedMs":1,"bodyElapsedMs":0,"totalElapsedMs":1,"bytes":82,"phase":"complete","outcome":"ok"}
[timeline-page-observation] {"cycle":41,"processOrdinal":1,"timelineOrdinal":41,"kind":"page","elapsedMs":1.4962079999995694,"offset":0,"total":0,"unplacedTotal":0,"states":{"intent":0,"ready":0,"committed":0,"complete":0,"failed":0,"other":0}}
[timeline-page-observation] {"cycle":41,"processOrdinal":1,"timelineOrdinal":41,"kind":"complete","elapsedMs":1.511791999999332,"pages":1,"totalChanged":false,"mixedStates":false,"code":"none"}
[http-timing] {"sequence":59,"timelineOrdinal":42,"processOrdinal":1,"method":"GET","routeClass":"timeline","status":200,"headerElapsedMs":1,"bodyElapsedMs":0,"totalElapsedMs":1,"bytes":82,"phase":"complete","outcome":"ok"}
[timeline-page-observation] {"cycle":42,"processOrdinal":1,"timelineOrdinal":42,"kind":"page","elapsedMs":1.6827499999999418,"offset":0,"total":0,"unplacedTotal":0,"states":{"intent":0,"ready":0,"committed":0,"complete":0,"failed":0,"other":0}}
[timeline-page-observation] {"cycle":42,"processOrdinal":1,"timelineOrdinal":42,"kind":"complete","elapsedMs":1.6989999999996144,"pages":1,"totalChanged":false,"mixedStates":false,"code":"none"}
[http-timing] {"sequence":60,"timelineOrdinal":43,"processOrdinal":1,"method":"GET","routeClass":"timeline","status":200,"headerElapsedMs":1,"bodyElapsedMs":0,"totalElapsedMs":1,"bytes":82,"phase":"complete","outcome":"ok"}
[timeline-page-observation] {"cycle":43,"processOrdinal":1,"timelineOrdinal":43,"kind":"page","elapsedMs":1.6439589999999953,"offset":0,"total":0,"unplacedTotal":0,"states":{"intent":0,"ready":0,"committed":0,"complete":0,"failed":0,"other":0}}
[timeline-page-observation] {"cycle":43,"processOrdinal":1,"timelineOrdinal":43,"kind":"complete","elapsedMs":1.6648340000001554,"pages":1,"totalChanged":false,"mixedStates":false,"code":"none"}
[http-timing] {"sequence":61,"timelineOrdinal":44,"processOrdinal":1,"method":"GET","routeClass":"timeline","status":200,"headerElapsedMs":1,"bodyElapsedMs":0,"totalElapsedMs":1,"bytes":82,"phase":"complete","outcome":"ok"}
[timeline-page-observation] {"cycle":44,"processOrdinal":1,"timelineOrdinal":44,"kind":"page","elapsedMs":1.6208749999996144,"offset":0,"total":0,"unplacedTotal":0,"states":{"intent":0,"ready":0,"committed":0,"complete":0,"failed":0,"other":0}}
[timeline-page-observation] {"cycle":44,"processOrdinal":1,"timelineOrdinal":44,"kind":"complete","elapsedMs":1.6367499999996653,"pages":1,"totalChanged":false,"mixedStates":false,"code":"none"}
[http-timing] {"sequence":62,"timelineOrdinal":45,"processOrdinal":1,"method":"GET","routeClass":"timeline","status":200,"headerElapsedMs":1,"bodyElapsedMs":0,"totalElapsedMs":1,"bytes":82,"phase":"complete","outcome":"ok"}
[timeline-page-observation] {"cycle":45,"processOrdinal":1,"timelineOrdinal":45,"kind":"page","elapsedMs":1.3950000000004366,"offset":0,"total":0,"unplacedTotal":0,"states":{"intent":0,"ready":0,"committed":0,"complete":0,"failed":0,"other":0}}
[timeline-page-observation] {"cycle":45,"processOrdinal":1,"timelineOrdinal":45,"kind":"complete","elapsedMs":1.4091660000003685,"pages":1,"totalChanged":false,"mixedStates":false,"code":"none"}
[http-timing] {"sequence":63,"timelineOrdinal":46,"processOrdinal":1,"method":"GET","routeClass":"timeline","status":200,"headerElapsedMs":1,"bodyElapsedMs":0,"totalElapsedMs":1,"bytes":82,"phase":"complete","outcome":"ok"}
[timeline-page-observation] {"cycle":46,"processOrdinal":1,"timelineOrdinal":46,"kind":"page","elapsedMs":1.4614999999994325,"offset":0,"total":0,"unplacedTotal":0,"states":{"intent":0,"ready":0,"committed":0,"complete":0,"failed":0,"other":0}}
[timeline-page-observation] {"cycle":46,"processOrdinal":1,"timelineOrdinal":46,"kind":"complete","elapsedMs":1.476249999999709,"pages":1,"totalChanged":false,"mixedStates":false,"code":"none"}
[http-timing] {"sequence":64,"timelineOrdinal":47,"processOrdinal":1,"method":"GET","routeClass":"timeline","status":200,"headerElapsedMs":1,"bodyElapsedMs":0,"totalElapsedMs":1,"bytes":82,"phase":"complete","outcome":"ok"}
[timeline-page-observation] {"cycle":47,"processOrdinal":1,"timelineOrdinal":47,"kind":"page","elapsedMs":1.6017499999998108,"offset":0,"total":0,"unplacedTotal":0,"states":{"intent":0,"ready":0,"committed":0,"complete":0,"failed":0,"other":0}}
[timeline-page-observation] {"cycle":47,"processOrdinal":1,"timelineOrdinal":47,"kind":"complete","elapsedMs":1.6169589999999516,"pages":1,"totalChanged":false,"mixedStates":false,"code":"none"}
[http-timing] {"sequence":65,"timelineOrdinal":48,"processOrdinal":1,"method":"GET","routeClass":"timeline","status":200,"headerElapsedMs":1,"bodyElapsedMs":0,"totalElapsedMs":1,"bytes":82,"phase":"complete","outcome":"ok"}
[timeline-page-observation] {"cycle":48,"processOrdinal":1,"timelineOrdinal":48,"kind":"page","elapsedMs":1.5837910000000193,"offset":0,"total":0,"unplacedTotal":0,"states":{"intent":0,"ready":0,"committed":0,"complete":0,"failed":0,"other":0}}
[timeline-page-observation] {"cycle":48,"processOrdinal":1,"timelineOrdinal":48,"kind":"complete","elapsedMs":1.6007079999999405,"pages":1,"totalChanged":false,"mixedStates":false,"code":"none"}
[http-timing] {"sequence":66,"timelineOrdinal":49,"processOrdinal":1,"method":"GET","routeClass":"timeline","status":200,"headerElapsedMs":1,"bodyElapsedMs":0,"totalElapsedMs":1,"bytes":82,"phase":"complete","outcome":"ok"}
[timeline-page-observation] {"cycle":49,"processOrdinal":1,"timelineOrdinal":49,"kind":"page","elapsedMs":1.7397909999999683,"offset":0,"total":0,"unplacedTotal":0,"states":{"intent":0,"ready":0,"committed":0,"complete":0,"failed":0,"other":0}}
[timeline-page-observation] {"cycle":49,"processOrdinal":1,"timelineOrdinal":49,"kind":"complete","elapsedMs":1.7570409999998446,"pages":1,"totalChanged":false,"mixedStates":false,"code":"none"}
[http-timing] {"sequence":67,"timelineOrdinal":50,"processOrdinal":1,"method":"GET","routeClass":"timeline","status":200,"headerElapsedMs":1,"bodyElapsedMs":0,"totalElapsedMs":1,"bytes":82,"phase":"complete","outcome":"ok"}
[timeline-page-observation] {"cycle":50,"processOrdinal":1,"timelineOrdinal":50,"kind":"page","elapsedMs":1.6803329999993366,"offset":0,"total":0,"unplacedTotal":0,"states":{"intent":0,"ready":0,"committed":0,"complete":0,"failed":0,"other":0}}
[timeline-page-observation] {"cycle":50,"processOrdinal":1,"timelineOrdinal":50,"kind":"complete","elapsedMs":1.7014579999995476,"pages":1,"totalChanged":false,"mixedStates":false,"code":"none"}
[http-timing] {"sequence":68,"timelineOrdinal":51,"processOrdinal":1,"method":"GET","routeClass":"timeline","status":200,"headerElapsedMs":1,"bodyElapsedMs":0,"totalElapsedMs":1,"bytes":82,"phase":"complete","outcome":"ok"}
[timeline-page-observation] {"cycle":51,"processOrdinal":1,"timelineOrdinal":51,"kind":"page","elapsedMs":1.472458000000188,"offset":0,"total":0,"unplacedTotal":0,"states":{"intent":0,"ready":0,"committed":0,"complete":0,"failed":0,"other":0}}
[timeline-page-observation] {"cycle":51,"processOrdinal":1,"timelineOrdinal":51,"kind":"complete","elapsedMs":1.4885000000003856,"pages":1,"totalChanged":false,"mixedStates":false,"code":"none"}
[http-timing] {"sequence":69,"timelineOrdinal":52,"processOrdinal":1,"method":"GET","routeClass":"timeline","status":200,"headerElapsedMs":1,"bodyElapsedMs":0,"totalElapsedMs":1,"bytes":82,"phase":"complete","outcome":"ok"}
[timeline-page-observation] {"cycle":52,"processOrdinal":1,"timelineOrdinal":52,"kind":"page","elapsedMs":1.5815419999998994,"offset":0,"total":0,"unplacedTotal":0,"states":{"intent":0,"ready":0,"committed":0,"complete":0,"failed":0,"other":0}}
[timeline-page-observation] {"cycle":52,"processOrdinal":1,"timelineOrdinal":52,"kind":"complete","elapsedMs":1.597458999999617,"pages":1,"totalChanged":false,"mixedStates":false,"code":"none"}
[http-timing] {"sequence":70,"timelineOrdinal":53,"processOrdinal":1,"method":"GET","routeClass":"timeline","status":200,"headerElapsedMs":1,"bodyElapsedMs":0,"totalElapsedMs":1,"bytes":82,"phase":"complete","outcome":"ok"}
[timeline-page-observation] {"cycle":53,"processOrdinal":1,"timelineOrdinal":53,"kind":"page","elapsedMs":1.4782080000004498,"offset":0,"total":0,"unplacedTotal":0,"states":{"intent":0,"ready":0,"committed":0,"complete":0,"failed":0,"other":0}}
[timeline-page-observation] {"cycle":53,"processOrdinal":1,"timelineOrdinal":53,"kind":"complete","elapsedMs":1.5024160000002666,"pages":1,"totalChanged":false,"mixedStates":false,"code":"none"}
[http-timing] {"sequence":71,"timelineOrdinal":54,"processOrdinal":1,"method":"GET","routeClass":"timeline","status":200,"headerElapsedMs":1,"bodyElapsedMs":0,"totalElapsedMs":1,"bytes":82,"phase":"complete","outcome":"ok"}
[timeline-page-observation] {"cycle":54,"processOrdinal":1,"timelineOrdinal":54,"kind":"page","elapsedMs":1.722208000000137,"offset":0,"total":0,"unplacedTotal":0,"states":{"intent":0,"ready":0,"committed":0,"complete":0,"failed":0,"other":0}}
[timeline-page-observation] {"cycle":54,"processOrdinal":1,"timelineOrdinal":54,"kind":"complete","elapsedMs":1.7385420000000522,"pages":1,"totalChanged":false,"mixedStates":false,"code":"none"}
[http-timing] {"sequence":72,"timelineOrdinal":55,"processOrdinal":1,"method":"GET","routeClass":"timeline","status":200,"headerElapsedMs":1,"bodyElapsedMs":0,"totalElapsedMs":1,"bytes":82,"phase":"complete","outcome":"ok"}
[timeline-page-observation] {"cycle":55,"processOrdinal":1,"timelineOrdinal":55,"kind":"page","elapsedMs":1.605583000000479,"offset":0,"total":0,"unplacedTotal":0,"states":{"intent":0,"ready":0,"committed":0,"complete":0,"failed":0,"other":0}}
[timeline-page-observation] {"cycle":55,"processOrdinal":1,"timelineOrdinal":55,"kind":"complete","elapsedMs":1.6210420000006707,"pages":1,"totalChanged":false,"mixedStates":false,"code":"none"}
[http-timing] {"sequence":73,"timelineOrdinal":56,"processOrdinal":1,"method":"GET","routeClass":"timeline","status":200,"headerElapsedMs":1,"bodyElapsedMs":0,"totalElapsedMs":1,"bytes":82,"phase":"complete","outcome":"ok"}
[timeline-page-observation] {"cycle":56,"processOrdinal":1,"timelineOrdinal":56,"kind":"page","elapsedMs":1.643833999999515,"offset":0,"total":0,"unplacedTotal":0,"states":{"intent":0,"ready":0,"committed":0,"complete":0,"failed":0,"other":0}}
[timeline-page-observation] {"cycle":56,"processOrdinal":1,"timelineOrdinal":56,"kind":"complete","elapsedMs":1.6659169999993537,"pages":1,"totalChanged":false,"mixedStates":false,"code":"none"}
[http-timing] {"sequence":74,"timelineOrdinal":57,"processOrdinal":1,"method":"GET","routeClass":"timeline","status":200,"headerElapsedMs":1,"bodyElapsedMs":0,"totalElapsedMs":1,"bytes":82,"phase":"complete","outcome":"ok"}
[timeline-page-observation] {"cycle":57,"processOrdinal":1,"timelineOrdinal":57,"kind":"page","elapsedMs":1.5477920000002996,"offset":0,"total":0,"unplacedTotal":0,"states":{"intent":0,"ready":0,"committed":0,"complete":0,"failed":0,"other":0}}
[timeline-page-observation] {"cycle":57,"processOrdinal":1,"timelineOrdinal":57,"kind":"complete","elapsedMs":1.563333000000057,"pages":1,"totalChanged":false,"mixedStates":false,"code":"none"}
[http-timing] {"sequence":75,"timelineOrdinal":58,"processOrdinal":1,"method":"GET","routeClass":"timeline","status":200,"headerElapsedMs":1,"bodyElapsedMs":0,"totalElapsedMs":1,"bytes":82,"phase":"complete","outcome":"ok"}
[timeline-page-observation] {"cycle":58,"processOrdinal":1,"timelineOrdinal":58,"kind":"page","elapsedMs":1.491583000000901,"offset":0,"total":0,"unplacedTotal":0,"states":{"intent":0,"ready":0,"committed":0,"complete":0,"failed":0,"other":0}}
[timeline-page-observation] {"cycle":58,"processOrdinal":1,"timelineOrdinal":58,"kind":"complete","elapsedMs":1.506999999999607,"pages":1,"totalChanged":false,"mixedStates":false,"code":"none"}
[http-timing] {"sequence":76,"timelineOrdinal":59,"processOrdinal":1,"method":"GET","routeClass":"timeline","status":200,"headerElapsedMs":1,"bodyElapsedMs":0,"totalElapsedMs":1,"bytes":82,"phase":"complete","outcome":"ok"}
[timeline-page-observation] {"cycle":59,"processOrdinal":1,"timelineOrdinal":59,"kind":"page","elapsedMs":1.5687500000003638,"offset":0,"total":0,"unplacedTotal":0,"states":{"intent":0,"ready":0,"committed":0,"complete":0,"failed":0,"other":0}}
[timeline-page-observation] {"cycle":59,"processOrdinal":1,"timelineOrdinal":59,"kind":"complete","elapsedMs":1.583582999999635,"pages":1,"totalChanged":false,"mixedStates":false,"code":"none"}
[http-timing] {"sequence":77,"timelineOrdinal":60,"processOrdinal":1,"method":"GET","routeClass":"timeline","status":200,"headerElapsedMs":1,"bodyElapsedMs":0,"totalElapsedMs":1,"bytes":82,"phase":"complete","outcome":"ok"}
[timeline-page-observation] {"cycle":60,"processOrdinal":1,"timelineOrdinal":60,"kind":"page","elapsedMs":1.586250000000291,"offset":0,"total":0,"unplacedTotal":0,"states":{"intent":0,"ready":0,"committed":0,"complete":0,"failed":0,"other":0}}
[timeline-page-observation] {"cycle":60,"processOrdinal":1,"timelineOrdinal":60,"kind":"complete","elapsedMs":1.6043749999989814,"pages":1,"totalChanged":false,"mixedStates":false,"code":"none"}
[http-timing] {"sequence":78,"timelineOrdinal":61,"processOrdinal":1,"method":"GET","routeClass":"timeline","status":200,"headerElapsedMs":1,"bodyElapsedMs":0,"totalElapsedMs":1,"bytes":82,"phase":"complete","outcome":"ok"}
[timeline-page-observation] {"cycle":61,"processOrdinal":1,"timelineOrdinal":61,"kind":"page","elapsedMs":1.5866249999999127,"offset":0,"total":0,"unplacedTotal":0,"states":{"intent":0,"ready":0,"committed":0,"complete":0,"failed":0,"other":0}}
[timeline-page-observation] {"cycle":61,"processOrdinal":1,"timelineOrdinal":61,"kind":"complete","elapsedMs":1.6017499999998108,"pages":1,"totalChanged":false,"mixedStates":false,"code":"none"}
[http-timing] {"sequence":79,"timelineOrdinal":62,"processOrdinal":1,"method":"GET","routeClass":"timeline","status":200,"headerElapsedMs":1,"bodyElapsedMs":0,"totalElapsedMs":1,"bytes":82,"phase":"complete","outcome":"ok"}
[timeline-page-observation] {"cycle":62,"processOrdinal":1,"timelineOrdinal":62,"kind":"page","elapsedMs":1.684291999999914,"offset":0,"total":0,"unplacedTotal":0,"states":{"intent":0,"ready":0,"committed":0,"complete":0,"failed":0,"other":0}}
[timeline-page-observation] {"cycle":62,"processOrdinal":1,"timelineOrdinal":62,"kind":"complete","elapsedMs":1.7073340000006283,"pages":1,"totalChanged":false,"mixedStates":false,"code":"none"}
[http-timing] {"sequence":80,"timelineOrdinal":63,"processOrdinal":1,"method":"GET","routeClass":"timeline","status":200,"headerElapsedMs":1,"bodyElapsedMs":0,"totalElapsedMs":1,"bytes":82,"phase":"complete","outcome":"ok"}
[timeline-page-observation] {"cycle":63,"processOrdinal":1,"timelineOrdinal":63,"kind":"page","elapsedMs":1.4963750000006257,"offset":0,"total":0,"unplacedTotal":0,"states":{"intent":0,"ready":0,"committed":0,"complete":0,"failed":0,"other":0}}
[timeline-page-observation] {"cycle":63,"processOrdinal":1,"timelineOrdinal":63,"kind":"complete","elapsedMs":1.5109169999996084,"pages":1,"totalChanged":false,"mixedStates":false,"code":"none"}
[http-timing] {"sequence":81,"timelineOrdinal":64,"processOrdinal":1,"method":"GET","routeClass":"timeline","status":200,"headerElapsedMs":1,"bodyElapsedMs":0,"totalElapsedMs":1,"bytes":82,"phase":"complete","outcome":"ok"}
[timeline-page-observation] {"cycle":64,"processOrdinal":1,"timelineOrdinal":64,"kind":"page","elapsedMs":2.094041999998808,"offset":0,"total":0,"unplacedTotal":0,"states":{"intent":0,"ready":0,"committed":0,"complete":0,"failed":0,"other":0}}
[timeline-page-observation] {"cycle":64,"processOrdinal":1,"timelineOrdinal":64,"kind":"complete","elapsedMs":2.11016699999891,"pages":1,"totalChanged":false,"mixedStates":false,"code":"none"}
[http-timing] {"sequence":82,"timelineOrdinal":65,"processOrdinal":1,"method":"GET","routeClass":"timeline","status":200,"headerElapsedMs":1,"bodyElapsedMs":0,"totalElapsedMs":1,"bytes":82,"phase":"complete","outcome":"ok"}
[timeline-page-observation] {"cycle":65,"processOrdinal":1,"timelineOrdinal":65,"kind":"page","elapsedMs":1.5654169999997976,"offset":0,"total":0,"unplacedTotal":0,"states":{"intent":0,"ready":0,"committed":0,"complete":0,"failed":0,"other":0}}
[timeline-page-observation] {"cycle":65,"processOrdinal":1,"timelineOrdinal":65,"kind":"complete","elapsedMs":1.5822919999991427,"pages":1,"totalChanged":false,"mixedStates":false,"code":"none"}
[http-timing] {"sequence":83,"timelineOrdinal":66,"processOrdinal":1,"method":"GET","routeClass":"timeline","status":200,"headerElapsedMs":1,"bodyElapsedMs":0,"totalElapsedMs":1,"bytes":82,"phase":"complete","outcome":"ok"}
[timeline-page-observation] {"cycle":66,"processOrdinal":1,"timelineOrdinal":66,"kind":"page","elapsedMs":1.4859999999989668,"offset":0,"total":0,"unplacedTotal":0,"states":{"intent":0,"ready":0,"committed":0,"complete":0,"failed":0,"other":0}}
[timeline-page-observation] {"cycle":66,"processOrdinal":1,"timelineOrdinal":66,"kind":"complete","elapsedMs":1.5022090000002208,"pages":1,"totalChanged":false,"mixedStates":false,"code":"none"}
[http-timing] {"sequence":84,"timelineOrdinal":67,"processOrdinal":1,"method":"GET","routeClass":"timeline","status":200,"headerElapsedMs":1,"bodyElapsedMs":0,"totalElapsedMs":1,"bytes":82,"phase":"complete","outcome":"ok"}
[timeline-page-observation] {"cycle":67,"processOrdinal":1,"timelineOrdinal":67,"kind":"page","elapsedMs":1.5201670000005834,"offset":0,"total":0,"unplacedTotal":0,"states":{"intent":0,"ready":0,"committed":0,"complete":0,"failed":0,"other":0}}
[timeline-page-observation] {"cycle":67,"processOrdinal":1,"timelineOrdinal":67,"kind":"complete","elapsedMs":1.5348340000000462,"pages":1,"totalChanged":false,"mixedStates":false,"code":"none"}
[http-timing] {"sequence":85,"timelineOrdinal":68,"processOrdinal":1,"method":"GET","routeClass":"timeline","status":200,"headerElapsedMs":1,"bodyElapsedMs":0,"totalElapsedMs":1,"bytes":82,"phase":"complete","outcome":"ok"}
[timeline-page-observation] {"cycle":68,"processOrdinal":1,"timelineOrdinal":68,"kind":"page","elapsedMs":1.3745419999995647,"offset":0,"total":0,"unplacedTotal":0,"states":{"intent":0,"ready":0,"committed":0,"complete":0,"failed":0,"other":0}}
[timeline-page-observation] {"cycle":68,"processOrdinal":1,"timelineOrdinal":68,"kind":"complete","elapsedMs":1.3886249999995925,"pages":1,"totalChanged":false,"mixedStates":false,"code":"none"}
[http-timing] {"sequence":86,"timelineOrdinal":69,"processOrdinal":1,"method":"GET","routeClass":"timeline","status":200,"headerElapsedMs":1,"bodyElapsedMs":0,"totalElapsedMs":1,"bytes":82,"phase":"complete","outcome":"ok"}
[timeline-page-observation] {"cycle":69,"processOrdinal":1,"timelineOrdinal":69,"kind":"page","elapsedMs":1.762416999999914,"offset":0,"total":0,"unplacedTotal":0,"states":{"intent":0,"ready":0,"committed":0,"complete":0,"failed":0,"other":0}}
[timeline-page-observation] {"cycle":69,"processOrdinal":1,"timelineOrdinal":69,"kind":"complete","elapsedMs":1.7799169999998412,"pages":1,"totalChanged":false,"mixedStates":false,"code":"none"}
[http-timing] {"sequence":87,"timelineOrdinal":70,"processOrdinal":1,"method":"GET","routeClass":"timeline","status":200,"headerElapsedMs":1,"bodyElapsedMs":0,"totalElapsedMs":1,"bytes":82,"phase":"complete","outcome":"ok"}
[timeline-page-observation] {"cycle":70,"processOrdinal":1,"timelineOrdinal":70,"kind":"page","elapsedMs":1.4567499999993743,"offset":0,"total":0,"unplacedTotal":0,"states":{"intent":0,"ready":0,"committed":0,"complete":0,"failed":0,"other":0}}
[timeline-page-observation] {"cycle":70,"processOrdinal":1,"timelineOrdinal":70,"kind":"complete","elapsedMs":1.4878329999992275,"pages":1,"totalChanged":false,"mixedStates":false,"code":"none"}
[http-timing] {"sequence":88,"timelineOrdinal":71,"processOrdinal":1,"method":"GET","routeClass":"timeline","status":200,"headerElapsedMs":1,"bodyElapsedMs":0,"totalElapsedMs":1,"bytes":82,"phase":"complete","outcome":"ok"}
[timeline-page-observation] {"cycle":71,"processOrdinal":1,"timelineOrdinal":71,"kind":"page","elapsedMs":1.8639169999987644,"offset":0,"total":0,"unplacedTotal":0,"states":{"intent":0,"ready":0,"committed":0,"complete":0,"failed":0,"other":0}}
[timeline-page-observation] {"cycle":71,"processOrdinal":1,"timelineOrdinal":71,"kind":"complete","elapsedMs":1.886791999999332,"pages":1,"totalChanged":false,"mixedStates":false,"code":"none"}
[http-timing] {"sequence":89,"timelineOrdinal":72,"processOrdinal":1,"method":"GET","routeClass":"timeline","status":200,"headerElapsedMs":1,"bodyElapsedMs":0,"totalElapsedMs":1,"bytes":82,"phase":"complete","outcome":"ok"}
[timeline-page-observation] {"cycle":72,"processOrdinal":1,"timelineOrdinal":72,"kind":"page","elapsedMs":1.4851250000010623,"offset":0,"total":0,"unplacedTotal":0,"states":{"intent":0,"ready":0,"committed":0,"complete":0,"failed":0,"other":0}}
[timeline-page-observation] {"cycle":72,"processOrdinal":1,"timelineOrdinal":72,"kind":"complete","elapsedMs":1.5005000000001019,"pages":1,"totalChanged":false,"mixedStates":false,"code":"none"}
[http-timing] {"sequence":90,"timelineOrdinal":73,"processOrdinal":1,"method":"GET","routeClass":"timeline","status":200,"headerElapsedMs":1,"bodyElapsedMs":0,"totalElapsedMs":1,"bytes":82,"phase":"complete","outcome":"ok"}
[timeline-page-observation] {"cycle":73,"processOrdinal":1,"timelineOrdinal":73,"kind":"page","elapsedMs":1.6556670000009035,"offset":0,"total":0,"unplacedTotal":0,"states":{"intent":0,"ready":0,"committed":0,"complete":0,"failed":0,"other":0}}
[timeline-page-observation] {"cycle":73,"processOrdinal":1,"timelineOrdinal":73,"kind":"complete","elapsedMs":1.6706250000006548,"pages":1,"totalChanged":false,"mixedStates":false,"code":"none"}
[http-timing] {"sequence":91,"timelineOrdinal":74,"processOrdinal":1,"method":"GET","routeClass":"timeline","status":200,"headerElapsedMs":1,"bodyElapsedMs":0,"totalElapsedMs":1,"bytes":82,"phase":"complete","outcome":"ok"}
[timeline-page-observation] {"cycle":74,"processOrdinal":1,"timelineOrdinal":74,"kind":"page","elapsedMs":1.6088330000002316,"offset":0,"total":0,"unplacedTotal":0,"states":{"intent":0,"ready":0,"committed":0,"complete":0,"failed":0,"other":0}}
[timeline-page-observation] {"cycle":74,"processOrdinal":1,"timelineOrdinal":74,"kind":"complete","elapsedMs":1.6258749999997235,"pages":1,"totalChanged":false,"mixedStates":false,"code":"none"}
[http-timing] {"sequence":92,"timelineOrdinal":75,"processOrdinal":1,"method":"GET","routeClass":"timeline","status":200,"headerElapsedMs":1,"bodyElapsedMs":0,"totalElapsedMs":1,"bytes":82,"phase":"complete","outcome":"ok"}
[timeline-page-observation] {"cycle":75,"processOrdinal":1,"timelineOrdinal":75,"kind":"page","elapsedMs":1.5176659999997355,"offset":0,"total":0,"unplacedTotal":0,"states":{"intent":0,"ready":0,"committed":0,"complete":0,"failed":0,"other":0}}
[timeline-page-observation] {"cycle":75,"processOrdinal":1,"timelineOrdinal":75,"kind":"complete","elapsedMs":1.5357910000002448,"pages":1,"totalChanged":false,"mixedStates":false,"code":"none"}
[http-timing] {"sequence":93,"timelineOrdinal":76,"processOrdinal":1,"method":"GET","routeClass":"timeline","status":200,"headerElapsedMs":1,"bodyElapsedMs":0,"totalElapsedMs":1,"bytes":82,"phase":"complete","outcome":"ok"}
[timeline-page-observation] {"cycle":76,"processOrdinal":1,"timelineOrdinal":76,"kind":"page","elapsedMs":2.0251250000001164,"offset":0,"total":0,"unplacedTotal":0,"states":{"intent":0,"ready":0,"committed":0,"complete":0,"failed":0,"other":0}}
[timeline-page-observation] {"cycle":76,"processOrdinal":1,"timelineOrdinal":76,"kind":"complete","elapsedMs":2.045250000001033,"pages":1,"totalChanged":false,"mixedStates":false,"code":"none"}
[http-timing] {"sequence":94,"timelineOrdinal":77,"processOrdinal":1,"method":"GET","routeClass":"timeline","status":200,"headerElapsedMs":1,"bodyElapsedMs":0,"totalElapsedMs":1,"bytes":82,"phase":"complete","outcome":"ok"}
[timeline-page-observation] {"cycle":77,"processOrdinal":1,"timelineOrdinal":77,"kind":"page","elapsedMs":1.4656660000000556,"offset":0,"total":0,"unplacedTotal":0,"states":{"intent":0,"ready":0,"committed":0,"complete":0,"failed":0,"other":0}}
[timeline-page-observation] {"cycle":77,"processOrdinal":1,"timelineOrdinal":77,"kind":"complete","elapsedMs":1.4819160000006377,"pages":1,"totalChanged":false,"mixedStates":false,"code":"none"}
[http-timing] {"sequence":95,"timelineOrdinal":78,"processOrdinal":1,"method":"GET","routeClass":"timeline","status":200,"headerElapsedMs":1,"bodyElapsedMs":0,"totalElapsedMs":1,"bytes":82,"phase":"complete","outcome":"ok"}
[timeline-page-observation] {"cycle":78,"processOrdinal":1,"timelineOrdinal":78,"kind":"page","elapsedMs":1.6272500000013679,"offset":0,"total":0,"unplacedTotal":0,"states":{"intent":0,"ready":0,"committed":0,"complete":0,"failed":0,"other":0}}
[timeline-page-observation] {"cycle":78,"processOrdinal":1,"timelineOrdinal":78,"kind":"complete","elapsedMs":1.6413750000010623,"pages":1,"totalChanged":false,"mixedStates":false,"code":"none"}
[http-timing] {"sequence":96,"timelineOrdinal":79,"processOrdinal":1,"method":"GET","routeClass":"timeline","status":200,"headerElapsedMs":1,"bodyElapsedMs":0,"totalElapsedMs":1,"bytes":82,"phase":"complete","outcome":"ok"}
[timeline-page-observation] {"cycle":79,"processOrdinal":1,"timelineOrdinal":79,"kind":"page","elapsedMs":1.6488329999992857,"offset":0,"total":0,"unplacedTotal":0,"states":{"intent":0,"ready":0,"committed":0,"complete":0,"failed":0,"other":0}}
[timeline-page-observation] {"cycle":79,"processOrdinal":1,"timelineOrdinal":79,"kind":"complete","elapsedMs":1.6637919999993755,"pages":1,"totalChanged":false,"mixedStates":false,"code":"none"}
[http-timing] {"sequence":97,"timelineOrdinal":80,"processOrdinal":1,"method":"GET","routeClass":"timeline","status":200,"headerElapsedMs":1,"bodyElapsedMs":0,"totalElapsedMs":1,"bytes":82,"phase":"complete","outcome":"ok"}
[timeline-page-observation] {"cycle":80,"processOrdinal":1,"timelineOrdinal":80,"kind":"page","elapsedMs":1.4570829999993293,"offset":0,"total":0,"unplacedTotal":0,"states":{"intent":0,"ready":0,"committed":0,"complete":0,"failed":0,"other":0}}
[timeline-page-observation] {"cycle":80,"processOrdinal":1,"timelineOrdinal":80,"kind":"complete","elapsedMs":1.4716669999997976,"pages":1,"totalChanged":false,"mixedStates":false,"code":"none"}
[http-timing] {"sequence":98,"timelineOrdinal":81,"processOrdinal":1,"method":"GET","routeClass":"timeline","status":200,"headerElapsedMs":1,"bodyElapsedMs":0,"totalElapsedMs":1,"bytes":82,"phase":"complete","outcome":"ok"}
[timeline-page-observation] {"cycle":81,"processOrdinal":1,"timelineOrdinal":81,"kind":"page","elapsedMs":1.5281250000007276,"offset":0,"total":0,"unplacedTotal":0,"states":{"intent":0,"ready":0,"committed":0,"complete":0,"failed":0,"other":0}}
[timeline-page-observation] {"cycle":81,"processOrdinal":1,"timelineOrdinal":81,"kind":"complete","elapsedMs":1.5420830000002752,"pages":1,"totalChanged":false,"mixedStates":false,"code":"none"}
[http-timing] {"sequence":99,"timelineOrdinal":82,"processOrdinal":1,"method":"GET","routeClass":"timeline","status":200,"headerElapsedMs":1,"bodyElapsedMs":0,"totalElapsedMs":1,"bytes":82,"phase":"complete","outcome":"ok"}
[timeline-page-observation] {"cycle":82,"processOrdinal":1,"timelineOrdinal":82,"kind":"page","elapsedMs":1.5505409999987023,"offset":0,"total":0,"unplacedTotal":0,"states":{"intent":0,"ready":0,"committed":0,"complete":0,"failed":0,"other":0}}
[timeline-page-observation] {"cycle":82,"processOrdinal":1,"timelineOrdinal":82,"kind":"complete","elapsedMs":1.5666249999994761,"pages":1,"totalChanged":false,"mixedStates":false,"code":"none"}
[http-timing] {"sequence":100,"timelineOrdinal":83,"processOrdinal":1,"method":"GET","routeClass":"timeline","status":200,"headerElapsedMs":12,"bodyElapsedMs":0,"totalElapsedMs":13,"bytes":124363,"phase":"complete","outcome":"ok"}
[timeline-page-observation] {"cycle":83,"processOrdinal":1,"timelineOrdinal":83,"kind":"page","elapsedMs":13.47045799999978,"offset":0,"total":1,"unplacedTotal":1,"states":{"intent":0,"ready":0,"committed":0,"complete":0,"failed":0,"other":0}}
[timeline-page-observation] {"cycle":83,"processOrdinal":1,"timelineOrdinal":83,"kind":"complete","elapsedMs":13.67779100000007,"pages":1,"totalChanged":false,"mixedStates":false,"code":"none"}
[fixture-boundary-forecast] {"run":1,"targetPts":"16666666666","sourceOrders":["1"],"sourceIdHashes":["7ce777d672b3cb0d8539d1343f3b7b95060bedf52c90125dffd33e83ceb41af7"],"restartResetObserved":false}
[http-timing] {"sequence":101,"timelineOrdinal":null,"processOrdinal":1,"method":"GET","routeClass":"tap","status":200,"headerElapsedMs":1,"bodyElapsedMs":0,"totalElapsedMs":1,"bytes":12048,"phase":"complete","outcome":"ok"}
[http-timing] {"sequence":102,"timelineOrdinal":null,"processOrdinal":1,"method":"GET","routeClass":"tap","status":200,"headerElapsedMs":1,"bodyElapsedMs":0,"totalElapsedMs":1,"bytes":12046,"phase":"complete","outcome":"ok"}
[http-timing] {"sequence":103,"timelineOrdinal":null,"processOrdinal":1,"method":"GET","routeClass":"tap","status":200,"headerElapsedMs":1,"bodyElapsedMs":0,"totalElapsedMs":1,"bytes":12041,"phase":"complete","outcome":"ok"}
[http-timing] {"sequence":104,"timelineOrdinal":null,"processOrdinal":1,"method":"GET","routeClass":"tap","status":200,"headerElapsedMs":1,"bodyElapsedMs":0,"totalElapsedMs":1,"bytes":12043,"phase":"complete","outcome":"ok"}
[http-timing] {"sequence":105,"timelineOrdinal":null,"processOrdinal":1,"method":"GET","routeClass":"tap","status":200,"headerElapsedMs":1,"bodyElapsedMs":0,"totalElapsedMs":1,"bytes":12047,"phase":"complete","outcome":"ok"}
[http-timing] {"sequence":106,"timelineOrdinal":null,"processOrdinal":1,"method":"GET","routeClass":"tap","status":200,"headerElapsedMs":1,"bodyElapsedMs":0,"totalElapsedMs":1,"bytes":12053,"phase":"complete","outcome":"ok"}
[http-timing] {"sequence":107,"timelineOrdinal":null,"processOrdinal":1,"method":"GET","routeClass":"tap","status":200,"headerElapsedMs":1,"bodyElapsedMs":0,"totalElapsedMs":1,"bytes":12053,"phase":"complete","outcome":"ok"}
[http-timing] {"sequence":108,"timelineOrdinal":null,"processOrdinal":1,"method":"GET","routeClass":"tap","status":200,"headerElapsedMs":1,"bodyElapsedMs":0,"totalElapsedMs":1,"bytes":12047,"phase":"complete","outcome":"ok"}
[http-timing] {"sequence":109,"timelineOrdinal":null,"processOrdinal":1,"method":"GET","routeClass":"tap","status":200,"headerElapsedMs":1,"bodyElapsedMs":0,"totalElapsedMs":1,"bytes":12043,"phase":"complete","outcome":"ok"}
[http-timing] {"sequence":110,"timelineOrdinal":null,"processOrdinal":1,"method":"GET","routeClass":"tap","status":200,"headerElapsedMs":1,"bodyElapsedMs":0,"totalElapsedMs":1,"bytes":12041,"phase":"complete","outcome":"ok"}
[http-timing] {"sequence":111,"timelineOrdinal":null,"processOrdinal":1,"method":"GET","routeClass":"tap","status":200,"headerElapsedMs":1,"bodyElapsedMs":0,"totalElapsedMs":1,"bytes":12044,"phase":"complete","outcome":"ok"}
[http-timing] {"sequence":112,"timelineOrdinal":null,"processOrdinal":1,"method":"GET","routeClass":"tap","status":200,"headerElapsedMs":1,"bodyElapsedMs":0,"totalElapsedMs":1,"bytes":12050,"phase":"complete","outcome":"ok"}
[http-timing] {"sequence":113,"timelineOrdinal":null,"processOrdinal":1,"method":"GET","routeClass":"tap","status":200,"headerElapsedMs":1,"bodyElapsedMs":0,"totalElapsedMs":1,"bytes":12048,"phase":"complete","outcome":"ok"}
[http-timing] {"sequence":114,"timelineOrdinal":null,"processOrdinal":1,"method":"GET","routeClass":"tap","status":200,"headerElapsedMs":1,"bodyElapsedMs":0,"totalElapsedMs":1,"bytes":12051,"phase":"complete","outcome":"ok"}
[http-timing] {"sequence":115,"timelineOrdinal":null,"processOrdinal":1,"method":"GET","routeClass":"tap","status":200,"headerElapsedMs":1,"bodyElapsedMs":0,"totalElapsedMs":1,"bytes":12049,"phase":"complete","outcome":"ok"}
[http-timing] {"sequence":116,"timelineOrdinal":null,"processOrdinal":1,"method":"GET","routeClass":"tap","status":200,"headerElapsedMs":1,"bodyElapsedMs":0,"totalElapsedMs":1,"bytes":12040,"phase":"complete","outcome":"ok"}
[http-timing] {"sequence":117,"timelineOrdinal":null,"processOrdinal":1,"method":"GET","routeClass":"tap","status":200,"headerElapsedMs":1,"bodyElapsedMs":0,"totalElapsedMs":1,"bytes":12041,"phase":"complete","outcome":"ok"}
[http-timing] {"sequence":118,"timelineOrdinal":null,"processOrdinal":1,"method":"GET","routeClass":"tap","status":200,"headerElapsedMs":1,"bodyElapsedMs":0,"totalElapsedMs":1,"bytes":12037,"phase":"complete","outcome":"ok"}
[http-timing] {"sequence":119,"timelineOrdinal":null,"processOrdinal":1,"method":"GET","routeClass":"tap","status":200,"headerElapsedMs":1,"bodyElapsedMs":0,"totalElapsedMs":1,"bytes":12050,"phase":"complete","outcome":"ok"}
[http-timing] {"sequence":120,"timelineOrdinal":null,"processOrdinal":1,"method":"GET","routeClass":"tap","status":200,"headerElapsedMs":1,"bodyElapsedMs":0,"totalElapsedMs":1,"bytes":12053,"phase":"complete","outcome":"ok"}
[http-timing] {"sequence":121,"timelineOrdinal":null,"processOrdinal":1,"method":"GET","routeClass":"tap","status":200,"headerElapsedMs":1,"bodyElapsedMs":0,"totalElapsedMs":1,"bytes":12056,"phase":"complete","outcome":"ok"}
[http-timing] {"sequence":122,"timelineOrdinal":null,"processOrdinal":1,"method":"GET","routeClass":"tap","status":200,"headerElapsedMs":1,"bodyElapsedMs":0,"totalElapsedMs":1,"bytes":12059,"phase":"complete","outcome":"ok"}
[http-timing] {"sequence":123,"timelineOrdinal":null,"processOrdinal":1,"method":"GET","routeClass":"tap","status":200,"headerElapsedMs":1,"bodyElapsedMs":0,"totalElapsedMs":1,"bytes":12061,"phase":"complete","outcome":"ok"}
[http-timing] {"sequence":124,"timelineOrdinal":null,"processOrdinal":1,"method":"GET","routeClass":"tap","status":200,"headerElapsedMs":1,"bodyElapsedMs":0,"totalElapsedMs":1,"bytes":12063,"phase":"complete","outcome":"ok"}
[http-timing] {"sequence":125,"timelineOrdinal":null,"processOrdinal":1,"method":"GET","routeClass":"tap","status":200,"headerElapsedMs":1,"bodyElapsedMs":0,"totalElapsedMs":1,"bytes":12069,"phase":"complete","outcome":"ok"}
[http-timing] {"sequence":126,"timelineOrdinal":null,"processOrdinal":1,"method":"GET","routeClass":"tap","status":200,"headerElapsedMs":1,"bodyElapsedMs":0,"totalElapsedMs":1,"bytes":12068,"phase":"complete","outcome":"ok"}
[http-timing] {"sequence":127,"timelineOrdinal":null,"processOrdinal":1,"method":"GET","routeClass":"tap","status":200,"headerElapsedMs":1,"bodyElapsedMs":0,"totalElapsedMs":1,"bytes":12063,"phase":"complete","outcome":"ok"}
[http-timing] {"sequence":128,"timelineOrdinal":null,"processOrdinal":1,"method":"GET","routeClass":"tap","status":200,"headerElapsedMs":1,"bodyElapsedMs":0,"totalElapsedMs":1,"bytes":12073,"phase":"complete","outcome":"ok"}
[http-timing] {"sequence":129,"timelineOrdinal":null,"processOrdinal":1,"method":"GET","routeClass":"tap","status":200,"headerElapsedMs":1,"bodyElapsedMs":0,"totalElapsedMs":1,"bytes":12073,"phase":"complete","outcome":"ok"}
[http-timing] {"sequence":130,"timelineOrdinal":null,"processOrdinal":1,"method":"GET","routeClass":"tap","status":200,"headerElapsedMs":1,"bodyElapsedMs":0,"totalElapsedMs":1,"bytes":12073,"phase":"complete","outcome":"ok"}
[http-timing] {"sequence":131,"timelineOrdinal":null,"processOrdinal":1,"method":"GET","routeClass":"tap","status":200,"headerElapsedMs":1,"bodyElapsedMs":0,"totalElapsedMs":1,"bytes":12077,"phase":"complete","outcome":"ok"}
[http-timing] {"sequence":132,"timelineOrdinal":null,"processOrdinal":1,"method":"GET","routeClass":"tap","status":200,"headerElapsedMs":1,"bodyElapsedMs":0,"totalElapsedMs":1,"bytes":12071,"phase":"complete","outcome":"ok"}
[http-timing] {"sequence":133,"timelineOrdinal":null,"processOrdinal":1,"method":"GET","routeClass":"tap","status":200,"headerElapsedMs":1,"bodyElapsedMs":0,"totalElapsedMs":1,"bytes":12087,"phase":"complete","outcome":"ok"}
[http-timing] {"sequence":134,"timelineOrdinal":null,"processOrdinal":1,"method":"GET","routeClass":"tap","status":200,"headerElapsedMs":1,"bodyElapsedMs":0,"totalElapsedMs":1,"bytes":12087,"phase":"complete","outcome":"ok"}
[http-timing] {"sequence":135,"timelineOrdinal":null,"processOrdinal":1,"method":"GET","routeClass":"tap","status":200,"headerElapsedMs":1,"bodyElapsedMs":0,"totalElapsedMs":1,"bytes":12087,"phase":"complete","outcome":"ok"}
[http-timing] {"sequence":136,"timelineOrdinal":null,"processOrdinal":1,"method":"GET","routeClass":"tap","status":200,"headerElapsedMs":1,"bodyElapsedMs":0,"totalElapsedMs":1,"bytes":12093,"phase":"complete","outcome":"ok"}
[http-timing] {"sequence":137,"timelineOrdinal":null,"processOrdinal":1,"method":"GET","routeClass":"tap","status":200,"headerElapsedMs":1,"bodyElapsedMs":0,"totalElapsedMs":1,"bytes":12092,"phase":"complete","outcome":"ok"}
[http-timing] {"sequence":138,"timelineOrdinal":null,"processOrdinal":1,"method":"GET","routeClass":"tap","status":200,"headerElapsedMs":1,"bodyElapsedMs":0,"totalElapsedMs":1,"bytes":12092,"phase":"complete","outcome":"ok"}
[http-timing] {"sequence":139,"timelineOrdinal":null,"processOrdinal":1,"method":"GET","routeClass":"tap","status":200,"headerElapsedMs":1,"bodyElapsedMs":0,"totalElapsedMs":1,"bytes":12100,"phase":"complete","outcome":"ok"}
[http-timing] {"sequence":140,"timelineOrdinal":null,"processOrdinal":1,"method":"GET","routeClass":"tap","status":200,"headerElapsedMs":1,"bodyElapsedMs":0,"totalElapsedMs":1,"bytes":12100,"phase":"complete","outcome":"ok"}
[http-timing] {"sequence":141,"timelineOrdinal":null,"processOrdinal":1,"method":"GET","routeClass":"tap","status":200,"headerElapsedMs":1,"bodyElapsedMs":0,"totalElapsedMs":1,"bytes":12109,"phase":"complete","outcome":"ok"}
[http-timing] {"sequence":142,"timelineOrdinal":null,"processOrdinal":1,"method":"GET","routeClass":"tap","status":200,"headerElapsedMs":1,"bodyElapsedMs":0,"totalElapsedMs":1,"bytes":12110,"phase":"complete","outcome":"ok"}
[http-timing] {"sequence":143,"timelineOrdinal":null,"processOrdinal":1,"method":"GET","routeClass":"tap","status":200,"headerElapsedMs":1,"bodyElapsedMs":0,"totalElapsedMs":1,"bytes":12110,"phase":"complete","outcome":"ok"}
[http-timing] {"sequence":144,"timelineOrdinal":null,"processOrdinal":1,"method":"GET","routeClass":"tap","status":200,"headerElapsedMs":1,"bodyElapsedMs":0,"totalElapsedMs":1,"bytes":12111,"phase":"complete","outcome":"ok"}
[http-timing] {"sequence":145,"timelineOrdinal":null,"processOrdinal":1,"method":"GET","routeClass":"tap","status":200,"headerElapsedMs":1,"bodyElapsedMs":0,"totalElapsedMs":1,"bytes":12110,"phase":"complete","outcome":"ok"}
[http-timing] {"sequence":146,"timelineOrdinal":null,"processOrdinal":1,"method":"GET","routeClass":"tap","status":200,"headerElapsedMs":1,"bodyElapsedMs":0,"totalElapsedMs":1,"bytes":12110,"phase":"complete","outcome":"ok"}
[http-timing] {"sequence":147,"timelineOrdinal":null,"processOrdinal":1,"method":"GET","routeClass":"tap","status":200,"headerElapsedMs":1,"bodyElapsedMs":0,"totalElapsedMs":1,"bytes":12117,"phase":"complete","outcome":"ok"}
[http-timing] {"sequence":148,"timelineOrdinal":null,"processOrdinal":1,"method":"GET","routeClass":"tap","status":200,"headerElapsedMs":1,"bodyElapsedMs":0,"totalElapsedMs":1,"bytes":12115,"phase":"complete","outcome":"ok"}
[http-timing] {"sequence":149,"timelineOrdinal":null,"processOrdinal":1,"method":"GET","routeClass":"tap","status":200,"headerElapsedMs":1,"bodyElapsedMs":0,"totalElapsedMs":1,"bytes":12116,"phase":"complete","outcome":"ok"}
[http-timing] {"sequence":150,"timelineOrdinal":null,"processOrdinal":1,"method":"GET","routeClass":"tap","status":200,"headerElapsedMs":1,"bodyElapsedMs":0,"totalElapsedMs":1,"bytes":12118,"phase":"complete","outcome":"ok"}
[http-timing] {"sequence":151,"timelineOrdinal":null,"processOrdinal":1,"method":"GET","routeClass":"tap","status":200,"headerElapsedMs":1,"bodyElapsedMs":0,"totalElapsedMs":1,"bytes":12123,"phase":"complete","outcome":"ok"}
[http-timing] {"sequence":152,"timelineOrdinal":null,"processOrdinal":1,"method":"GET","routeClass":"tap","status":200,"headerElapsedMs":1,"bodyElapsedMs":0,"totalElapsedMs":1,"bytes":12132,"phase":"complete","outcome":"ok"}
[http-timing] {"sequence":153,"timelineOrdinal":null,"processOrdinal":1,"method":"GET","routeClass":"tap","status":200,"headerElapsedMs":1,"bodyElapsedMs":0,"totalElapsedMs":1,"bytes":12130,"phase":"complete","outcome":"ok"}
[http-timing] {"sequence":154,"timelineOrdinal":null,"processOrdinal":1,"method":"GET","routeClass":"tap","status":200,"headerElapsedMs":1,"bodyElapsedMs":0,"totalElapsedMs":1,"bytes":12134,"phase":"complete","outcome":"ok"}
[http-timing] {"sequence":155,"timelineOrdinal":null,"processOrdinal":1,"method":"GET","routeClass":"tap","status":200,"headerElapsedMs":1,"bodyElapsedMs":0,"totalElapsedMs":1,"bytes":12136,"phase":"complete","outcome":"ok"}
[http-timing] {"sequence":156,"timelineOrdinal":null,"processOrdinal":1,"method":"GET","routeClass":"tap","status":200,"headerElapsedMs":1,"bodyElapsedMs":0,"totalElapsedMs":1,"bytes":12137,"phase":"complete","outcome":"ok"}
[http-timing] {"sequence":157,"timelineOrdinal":null,"processOrdinal":1,"method":"GET","routeClass":"tap","status":200,"headerElapsedMs":1,"bodyElapsedMs":0,"totalElapsedMs":1,"bytes":12271,"phase":"complete","outcome":"ok"}
[http-timing] {"sequence":158,"timelineOrdinal":null,"processOrdinal":1,"method":"GET","routeClass":"tap","status":200,"headerElapsedMs":1,"bodyElapsedMs":0,"totalElapsedMs":1,"bytes":12156,"phase":"complete","outcome":"ok"}
[http-timing] {"sequence":159,"timelineOrdinal":null,"processOrdinal":1,"method":"GET","routeClass":"tap","status":200,"headerElapsedMs":1,"bodyElapsedMs":0,"totalElapsedMs":1,"bytes":12155,"phase":"complete","outcome":"ok"}
[http-timing] {"sequence":160,"timelineOrdinal":null,"processOrdinal":1,"method":"GET","routeClass":"tap","status":200,"headerElapsedMs":1,"bodyElapsedMs":0,"totalElapsedMs":1,"bytes":12150,"phase":"complete","outcome":"ok"}
[http-timing] {"sequence":161,"timelineOrdinal":null,"processOrdinal":1,"method":"GET","routeClass":"tap","status":200,"headerElapsedMs":2,"bodyElapsedMs":0,"totalElapsedMs":2,"bytes":12165,"phase":"complete","outcome":"ok"}
[http-timing] {"sequence":162,"timelineOrdinal":null,"processOrdinal":1,"method":"GET","routeClass":"tap","status":200,"headerElapsedMs":1,"bodyElapsedMs":0,"totalElapsedMs":1,"bytes":12167,"phase":"complete","outcome":"ok"}
[http-timing] {"sequence":163,"timelineOrdinal":null,"processOrdinal":1,"method":"GET","routeClass":"tap","status":200,"headerElapsedMs":1,"bodyElapsedMs":0,"totalElapsedMs":1,"bytes":10347,"phase":"complete","outcome":"ok"}
[http-timing] {"sequence":164,"timelineOrdinal":null,"processOrdinal":1,"method":"GET","routeClass":"tap","status":200,"headerElapsedMs":1,"bodyElapsedMs":0,"totalElapsedMs":1,"bytes":10347,"phase":"complete","outcome":"ok"}
[http-timing] {"sequence":165,"timelineOrdinal":null,"processOrdinal":1,"method":"GET","routeClass":"tap","status":200,"headerElapsedMs":1,"bodyElapsedMs":0,"totalElapsedMs":1,"bytes":10354,"phase":"complete","outcome":"ok"}
[http-timing] {"sequence":166,"timelineOrdinal":null,"processOrdinal":1,"method":"GET","routeClass":"tap","status":200,"headerElapsedMs":1,"bodyElapsedMs":0,"totalElapsedMs":1,"bytes":10359,"phase":"complete","outcome":"ok"}
[http-timing] {"sequence":167,"timelineOrdinal":null,"processOrdinal":1,"method":"GET","routeClass":"tap","status":200,"headerElapsedMs":3,"bodyElapsedMs":0,"totalElapsedMs":3,"bytes":10357,"phase":"complete","outcome":"ok"}
[http-timing] {"sequence":168,"timelineOrdinal":null,"processOrdinal":1,"method":"GET","routeClass":"tap","status":200,"headerElapsedMs":1,"bodyElapsedMs":0,"totalElapsedMs":1,"bytes":10357,"phase":"complete","outcome":"ok"}
[http-timing] {"sequence":169,"timelineOrdinal":null,"processOrdinal":1,"method":"GET","routeClass":"tap","status":200,"headerElapsedMs":1,"bodyElapsedMs":0,"totalElapsedMs":1,"bytes":12181,"phase":"complete","outcome":"ok"}
[http-timing] {"sequence":170,"timelineOrdinal":null,"processOrdinal":1,"method":"GET","routeClass":"tap","status":200,"headerElapsedMs":1,"bodyElapsedMs":0,"totalElapsedMs":1,"bytes":12181,"phase":"complete","outcome":"ok"}
[http-timing] {"sequence":171,"timelineOrdinal":null,"processOrdinal":1,"method":"GET","routeClass":"tap","status":200,"headerElapsedMs":1,"bodyElapsedMs":0,"totalElapsedMs":1,"bytes":12180,"phase":"complete","outcome":"ok"}
[http-timing] {"sequence":172,"timelineOrdinal":null,"processOrdinal":1,"method":"GET","routeClass":"tap","status":200,"headerElapsedMs":1,"bodyElapsedMs":0,"totalElapsedMs":1,"bytes":10352,"phase":"complete","outcome":"ok"}
[http-timing] {"sequence":173,"timelineOrdinal":null,"processOrdinal":1,"method":"GET","routeClass":"tap","status":200,"headerElapsedMs":1,"bodyElapsedMs":0,"totalElapsedMs":1,"bytes":10352,"phase":"complete","outcome":"ok"}
[http-timing] {"sequence":174,"timelineOrdinal":null,"processOrdinal":1,"method":"GET","routeClass":"tap","status":200,"headerElapsedMs":1,"bodyElapsedMs":0,"totalElapsedMs":1,"bytes":10348,"phase":"complete","outcome":"ok"}
[http-timing] {"sequence":175,"timelineOrdinal":null,"processOrdinal":1,"method":"GET","routeClass":"tap","status":200,"headerElapsedMs":1,"bodyElapsedMs":0,"totalElapsedMs":1,"bytes":10352,"phase":"complete","outcome":"ok"}
[http-timing] {"sequence":176,"timelineOrdinal":null,"processOrdinal":1,"method":"GET","routeClass":"tap","status":200,"headerElapsedMs":1,"bodyElapsedMs":0,"totalElapsedMs":1,"bytes":10352,"phase":"complete","outcome":"ok"}
[http-timing] {"sequence":177,"timelineOrdinal":null,"processOrdinal":1,"method":"GET","routeClass":"tap","status":200,"headerElapsedMs":1,"bodyElapsedMs":0,"totalElapsedMs":1,"bytes":12184,"phase":"complete","outcome":"ok"}
[http-timing] {"sequence":178,"timelineOrdinal":null,"processOrdinal":1,"method":"GET","routeClass":"tap","status":200,"headerElapsedMs":2,"bodyElapsedMs":0,"totalElapsedMs":2,"bytes":12170,"phase":"complete","outcome":"ok"}
[http-timing] {"sequence":179,"timelineOrdinal":null,"processOrdinal":1,"method":"GET","routeClass":"tap","status":200,"headerElapsedMs":1,"bodyElapsedMs":0,"totalElapsedMs":1,"bytes":12168,"phase":"complete","outcome":"ok"}
[http-timing] {"sequence":180,"timelineOrdinal":null,"processOrdinal":1,"method":"GET","routeClass":"tap","status":200,"headerElapsedMs":1,"bodyElapsedMs":0,"totalElapsedMs":1,"bytes":12179,"phase":"complete","outcome":"ok"}
[http-timing] {"sequence":181,"timelineOrdinal":null,"processOrdinal":1,"method":"GET","routeClass":"tap","status":200,"headerElapsedMs":1,"bodyElapsedMs":0,"totalElapsedMs":1,"bytes":10356,"phase":"complete","outcome":"ok"}
[http-timing] {"sequence":182,"timelineOrdinal":null,"processOrdinal":1,"method":"GET","routeClass":"tap","status":200,"headerElapsedMs":1,"bodyElapsedMs":0,"totalElapsedMs":1,"bytes":10356,"phase":"complete","outcome":"ok"}
[http-timing] {"sequence":183,"timelineOrdinal":null,"processOrdinal":1,"method":"GET","routeClass":"tap","status":200,"headerElapsedMs":1,"bodyElapsedMs":0,"totalElapsedMs":1,"bytes":10359,"phase":"complete","outcome":"ok"}
[http-timing] {"sequence":184,"timelineOrdinal":null,"processOrdinal":1,"method":"GET","routeClass":"tap","status":200,"headerElapsedMs":1,"bodyElapsedMs":0,"totalElapsedMs":1,"bytes":10355,"phase":"complete","outcome":"ok"}
[http-timing] {"sequence":185,"timelineOrdinal":null,"processOrdinal":1,"method":"GET","routeClass":"tap","status":200,"headerElapsedMs":1,"bodyElapsedMs":0,"totalElapsedMs":1,"bytes":10358,"phase":"complete","outcome":"ok"}
[http-timing] {"sequence":186,"timelineOrdinal":null,"processOrdinal":1,"method":"GET","routeClass":"tap","status":200,"headerElapsedMs":1,"bodyElapsedMs":0,"totalElapsedMs":1,"bytes":12188,"phase":"complete","outcome":"ok"}
[http-timing] {"sequence":187,"timelineOrdinal":null,"processOrdinal":1,"method":"GET","routeClass":"tap","status":200,"headerElapsedMs":1,"bodyElapsedMs":0,"totalElapsedMs":1,"bytes":12189,"phase":"complete","outcome":"ok"}
[http-timing] {"sequence":188,"timelineOrdinal":null,"processOrdinal":1,"method":"GET","routeClass":"tap","status":200,"headerElapsedMs":1,"bodyElapsedMs":0,"totalElapsedMs":1,"bytes":12188,"phase":"complete","outcome":"ok"}
[http-timing] {"sequence":189,"timelineOrdinal":null,"processOrdinal":1,"method":"GET","routeClass":"tap","status":200,"headerElapsedMs":1,"bodyElapsedMs":0,"totalElapsedMs":1,"bytes":12181,"phase":"complete","outcome":"ok"}
[http-timing] {"sequence":190,"timelineOrdinal":null,"processOrdinal":1,"method":"GET","routeClass":"tap","status":200,"headerElapsedMs":1,"bodyElapsedMs":0,"totalElapsedMs":1,"bytes":12183,"phase":"complete","outcome":"ok"}
[http-timing] {"sequence":191,"timelineOrdinal":null,"processOrdinal":1,"method":"GET","routeClass":"tap","status":200,"headerElapsedMs":1,"bodyElapsedMs":0,"totalElapsedMs":1,"bytes":12174,"phase":"complete","outcome":"ok"}
[http-timing] {"sequence":192,"timelineOrdinal":null,"processOrdinal":1,"method":"GET","routeClass":"tap","status":200,"headerElapsedMs":1,"bodyElapsedMs":0,"totalElapsedMs":1,"bytes":12178,"phase":"complete","outcome":"ok"}
[http-timing] {"sequence":193,"timelineOrdinal":null,"processOrdinal":1,"method":"GET","routeClass":"tap","status":200,"headerElapsedMs":1,"bodyElapsedMs":0,"totalElapsedMs":1,"bytes":12181,"phase":"complete","outcome":"ok"}
[http-timing] {"sequence":194,"timelineOrdinal":null,"processOrdinal":1,"method":"GET","routeClass":"tap","status":200,"headerElapsedMs":1,"bodyElapsedMs":0,"totalElapsedMs":1,"bytes":12183,"phase":"complete","outcome":"ok"}
[http-timing] {"sequence":195,"timelineOrdinal":null,"processOrdinal":1,"method":"GET","routeClass":"tap","status":200,"headerElapsedMs":1,"bodyElapsedMs":0,"totalElapsedMs":1,"bytes":12183,"phase":"complete","outcome":"ok"}
[http-timing] {"sequence":196,"timelineOrdinal":null,"processOrdinal":1,"method":"GET","routeClass":"tap","status":200,"headerElapsedMs":1,"bodyElapsedMs":0,"totalElapsedMs":1,"bytes":12181,"phase":"complete","outcome":"ok"}
[http-timing] {"sequence":197,"timelineOrdinal":null,"processOrdinal":1,"method":"GET","routeClass":"tap","status":200,"headerElapsedMs":1,"bodyElapsedMs":0,"totalElapsedMs":1,"bytes":12177,"phase":"complete","outcome":"ok"}
[http-timing] {"sequence":198,"timelineOrdinal":null,"processOrdinal":1,"method":"GET","routeClass":"tap","status":200,"headerElapsedMs":1,"bodyElapsedMs":0,"totalElapsedMs":1,"bytes":12172,"phase":"complete","outcome":"ok"}
[http-timing] {"sequence":199,"timelineOrdinal":null,"processOrdinal":1,"method":"GET","routeClass":"tap","status":200,"headerElapsedMs":1,"bodyElapsedMs":0,"totalElapsedMs":1,"bytes":12175,"phase":"complete","outcome":"ok"}
[http-timing] {"sequence":200,"timelineOrdinal":null,"processOrdinal":1,"method":"GET","routeClass":"tap","status":200,"headerElapsedMs":1,"bodyElapsedMs":0,"totalElapsedMs":1,"bytes":12185,"phase":"complete","outcome":"ok"}
[trigger-timing] {"run":1,"sourceEndPts":"16666666666","tapPts":"17033333333","delta":"366666667"}
[http-timing] {"sequence":201,"timelineOrdinal":null,"processOrdinal":1,"method":"PUT","routeClass":"rule","status":200,"headerElapsedMs":1,"bodyElapsedMs":0,"totalElapsedMs":1,"bytes":520,"phase":"complete","outcome":"ok"}
[http-timing] {"sequence":202,"timelineOrdinal":null,"processOrdinal":1,"method":"GET","routeClass":"tap-events","status":200,"headerElapsedMs":30,"bodyElapsedMs":0,"totalElapsedMs":30,"bytes":10026,"phase":"complete","outcome":"ok"}
[dispatch-timing] {"run":1,"pts":"17033333333"}
[pass] S11-CI07 run1 actual tuple EventRecord reference
[http-timing] {"sequence":203,"timelineOrdinal":null,"processOrdinal":1,"method":"PUT","routeClass":"rule","status":200,"headerElapsedMs":2,"bodyElapsedMs":0,"totalElapsedMs":2,"bytes":521,"phase":"complete","outcome":"ok"}
[transition-observation] {"kind":"start","referenceSha256":"c4f8956731eef44f1fd95e72c6854a12ad90316b5b31ad7e374f550520d40ddf","processOrdinal":1,"clientAtMs":19513.848541,"deadlineMs":30000,"beforeTimelineOrdinal":83,"scope":"full-page-two-outputs"}
[http-timing] {"sequence":204,"timelineOrdinal":84,"processOrdinal":1,"method":"GET","routeClass":"timeline","status":200,"headerElapsedMs":26,"bodyElapsedMs":0,"totalElapsedMs":26,"bytes":227416,"phase":"complete","outcome":"ok"}
[timeline-page-observation] {"cycle":84,"processOrdinal":1,"timelineOrdinal":84,"kind":"page","elapsedMs":26.999124999998457,"offset":0,"total":1,"unplacedTotal":6,"states":{"intent":0,"ready":0,"committed":0,"complete":0,"failed":0,"other":1}}
[timeline-page-observation] {"cycle":84,"processOrdinal":1,"timelineOrdinal":84,"kind":"complete","elapsedMs":27.492207999999664,"pages":1,"totalChanged":false,"mixedStates":false,"code":"none"}
[timeline-state] {"reason":"event-not-complete","rowCount":1,"jobCount":0,"outputCount":0,"referenceMatches":true,"truncated":false,"rows":[{"jobState":"not-created","completeness":"unknown","catalogState":"absent","playable":false,"request":{"timeBasis":"media-pts-ms","startTimeMs":"17033","endTimeMs":"17033","preMs":"750","postMs":"750"}}]}
[overlapping-sources] {"temporalOnly":true,"viewBasis":"timeline-known-mappings-unplaced-file-groups","segmentCount":1,"startNs":"16283000000","endNs":"17783000000","unknownCount":0,"rows":[{"idHash":"fde68cd5c62e07ae0561d9857d6141eed622116eddd1bb3a7ec053139a07ea39","startPts":"8333333333","endPts":"16666666666","catalogState":"finalized","playable":true}]}
[http-timing] {"sequence":205,"timelineOrdinal":85,"processOrdinal":1,"method":"GET","routeClass":"timeline","status":200,"headerElapsedMs":24,"bodyElapsedMs":0,"totalElapsedMs":24,"bytes":227416,"phase":"complete","outcome":"ok"}
[timeline-page-observation] {"cycle":85,"processOrdinal":1,"timelineOrdinal":85,"kind":"page","elapsedMs":25.63129199999821,"offset":0,"total":1,"unplacedTotal":6,"states":{"intent":0,"ready":0,"committed":0,"complete":0,"failed":0,"other":1}}
[timeline-page-observation] {"cycle":85,"processOrdinal":1,"timelineOrdinal":85,"kind":"complete","elapsedMs":25.989166999999725,"pages":1,"totalChanged":false,"mixedStates":false,"code":"none"}
[http-timing] {"sequence":206,"timelineOrdinal":86,"processOrdinal":1,"method":"GET","routeClass":"timeline","status":200,"headerElapsedMs":24,"bodyElapsedMs":0,"totalElapsedMs":24,"bytes":227416,"phase":"complete","outcome":"ok"}
[timeline-page-observation] {"cycle":86,"processOrdinal":1,"timelineOrdinal":86,"kind":"page","elapsedMs":25.579750000000786,"offset":0,"total":1,"unplacedTotal":6,"states":{"intent":0,"ready":0,"committed":0,"complete":0,"failed":0,"other":1}}
[timeline-page-observation] {"cycle":86,"processOrdinal":1,"timelineOrdinal":86,"kind":"complete","elapsedMs":25.888749999998254,"pages":1,"totalChanged":false,"mixedStates":false,"code":"none"}
[http-timing] {"sequence":207,"timelineOrdinal":87,"processOrdinal":1,"method":"GET","routeClass":"timeline","status":200,"headerElapsedMs":24,"bodyElapsedMs":0,"totalElapsedMs":24,"bytes":227416,"phase":"complete","outcome":"ok"}
[timeline-page-observation] {"cycle":87,"processOrdinal":1,"timelineOrdinal":87,"kind":"page","elapsedMs":25.377583000001323,"offset":0,"total":1,"unplacedTotal":6,"states":{"intent":0,"ready":0,"committed":0,"complete":0,"failed":0,"other":1}}
[timeline-page-observation] {"cycle":87,"processOrdinal":1,"timelineOrdinal":87,"kind":"complete","elapsedMs":25.686165999999503,"pages":1,"totalChanged":false,"mixedStates":false,"code":"none"}
[http-timing] {"sequence":208,"timelineOrdinal":88,"processOrdinal":1,"method":"GET","routeClass":"timeline","status":200,"headerElapsedMs":29,"bodyElapsedMs":0,"totalElapsedMs":29,"bytes":227416,"phase":"complete","outcome":"ok"}
[timeline-page-observation] {"cycle":88,"processOrdinal":1,"timelineOrdinal":88,"kind":"page","elapsedMs":29.9742499999993,"offset":0,"total":1,"unplacedTotal":6,"states":{"intent":0,"ready":0,"committed":0,"complete":0,"failed":0,"other":1}}
[timeline-page-observation] {"cycle":88,"processOrdinal":1,"timelineOrdinal":88,"kind":"complete","elapsedMs":30.31512500000099,"pages":1,"totalChanged":false,"mixedStates":false,"code":"none"}
[http-timing] {"sequence":209,"timelineOrdinal":89,"processOrdinal":1,"method":"GET","routeClass":"timeline","status":200,"headerElapsedMs":24,"bodyElapsedMs":0,"totalElapsedMs":25,"bytes":227416,"phase":"complete","outcome":"ok"}
[timeline-page-observation] {"cycle":89,"processOrdinal":1,"timelineOrdinal":89,"kind":"page","elapsedMs":25.5847079999985,"offset":0,"total":1,"unplacedTotal":6,"states":{"intent":0,"ready":0,"committed":0,"complete":0,"failed":0,"other":1}}
[timeline-page-observation] {"cycle":89,"processOrdinal":1,"timelineOrdinal":89,"kind":"complete","elapsedMs":25.90141599999697,"pages":1,"totalChanged":false,"mixedStates":false,"code":"none"}
[http-timing] {"sequence":210,"timelineOrdinal":90,"processOrdinal":1,"method":"GET","routeClass":"timeline","status":200,"headerElapsedMs":24,"bodyElapsedMs":0,"totalElapsedMs":25,"bytes":227416,"phase":"complete","outcome":"ok"}
[timeline-page-observation] {"cycle":90,"processOrdinal":1,"timelineOrdinal":90,"kind":"page","elapsedMs":25.7176670000008,"offset":0,"total":1,"unplacedTotal":6,"states":{"intent":0,"ready":0,"committed":0,"complete":0,"failed":0,"other":1}}
[timeline-page-observation] {"cycle":90,"processOrdinal":1,"timelineOrdinal":90,"kind":"complete","elapsedMs":26.053667000000132,"pages":1,"totalChanged":false,"mixedStates":false,"code":"none"}
[http-timing] {"sequence":211,"timelineOrdinal":91,"processOrdinal":1,"method":"GET","routeClass":"timeline","status":200,"headerElapsedMs":24,"bodyElapsedMs":0,"totalElapsedMs":24,"bytes":227416,"phase":"complete","outcome":"ok"}
[timeline-page-observation] {"cycle":91,"processOrdinal":1,"timelineOrdinal":91,"kind":"page","elapsedMs":25.36187500000233,"offset":0,"total":1,"unplacedTotal":6,"states":{"intent":0,"ready":0,"committed":0,"complete":0,"failed":0,"other":1}}
[timeline-page-observation] {"cycle":91,"processOrdinal":1,"timelineOrdinal":91,"kind":"complete","elapsedMs":25.68433300000106,"pages":1,"totalChanged":false,"mixedStates":false,"code":"none"}
[http-timing] {"sequence":212,"timelineOrdinal":92,"processOrdinal":1,"method":"GET","routeClass":"timeline","status":200,"headerElapsedMs":28,"bodyElapsedMs":0,"totalElapsedMs":29,"bytes":227416,"phase":"complete","outcome":"ok"}
[timeline-page-observation] {"cycle":92,"processOrdinal":1,"timelineOrdinal":92,"kind":"page","elapsedMs":29.817958000003273,"offset":0,"total":1,"unplacedTotal":6,"states":{"intent":0,"ready":0,"committed":0,"complete":0,"failed":0,"other":1}}
[timeline-page-observation] {"cycle":92,"processOrdinal":1,"timelineOrdinal":92,"kind":"complete","elapsedMs":30.15929099999994,"pages":1,"totalChanged":false,"mixedStates":false,"code":"none"}
[http-timing] {"sequence":213,"timelineOrdinal":93,"processOrdinal":1,"method":"GET","routeClass":"timeline","status":200,"headerElapsedMs":24,"bodyElapsedMs":0,"totalElapsedMs":24,"bytes":227416,"phase":"complete","outcome":"ok"}
[timeline-page-observation] {"cycle":93,"processOrdinal":1,"timelineOrdinal":93,"kind":"page","elapsedMs":25.462416999998823,"offset":0,"total":1,"unplacedTotal":6,"states":{"intent":0,"ready":0,"committed":0,"complete":0,"failed":0,"other":1}}
[timeline-page-observation] {"cycle":93,"processOrdinal":1,"timelineOrdinal":93,"kind":"complete","elapsedMs":25.775582999998733,"pages":1,"totalChanged":false,"mixedStates":false,"code":"none"}
[http-timing] {"sequence":214,"timelineOrdinal":94,"processOrdinal":1,"method":"GET","routeClass":"timeline","status":200,"headerElapsedMs":24,"bodyElapsedMs":0,"totalElapsedMs":24,"bytes":227416,"phase":"complete","outcome":"ok"}
[timeline-page-observation] {"cycle":94,"processOrdinal":1,"timelineOrdinal":94,"kind":"page","elapsedMs":24.763083000001643,"offset":0,"total":1,"unplacedTotal":6,"states":{"intent":0,"ready":0,"committed":0,"complete":0,"failed":0,"other":1}}
[timeline-page-observation] {"cycle":94,"processOrdinal":1,"timelineOrdinal":94,"kind":"complete","elapsedMs":25.088415999998688,"pages":1,"totalChanged":false,"mixedStates":false,"code":"none"}
[http-timing] {"sequence":215,"timelineOrdinal":95,"processOrdinal":1,"method":"GET","routeClass":"timeline","status":200,"headerElapsedMs":23,"bodyElapsedMs":0,"totalElapsedMs":23,"bytes":227416,"phase":"complete","outcome":"ok"}
[timeline-page-observation] {"cycle":95,"processOrdinal":1,"timelineOrdinal":95,"kind":"page","elapsedMs":24.633583999999246,"offset":0,"total":1,"unplacedTotal":6,"states":{"intent":0,"ready":0,"committed":0,"complete":0,"failed":0,"other":1}}
[timeline-page-observation] {"cycle":95,"processOrdinal":1,"timelineOrdinal":95,"kind":"complete","elapsedMs":24.953833999999915,"pages":1,"totalChanged":false,"mixedStates":false,"code":"none"}
[http-timing] {"sequence":216,"timelineOrdinal":96,"processOrdinal":1,"method":"GET","routeClass":"timeline","status":200,"headerElapsedMs":25,"bodyElapsedMs":0,"totalElapsedMs":25,"bytes":227416,"phase":"complete","outcome":"ok"}
[timeline-page-observation] {"cycle":96,"processOrdinal":1,"timelineOrdinal":96,"kind":"page","elapsedMs":26.353124999997817,"offset":0,"total":1,"unplacedTotal":6,"states":{"intent":0,"ready":0,"committed":0,"complete":0,"failed":0,"other":1}}
[timeline-page-observation] {"cycle":96,"processOrdinal":1,"timelineOrdinal":96,"kind":"complete","elapsedMs":26.654500000000553,"pages":1,"totalChanged":false,"mixedStates":false,"code":"none"}
[http-timing] {"sequence":217,"timelineOrdinal":97,"processOrdinal":1,"method":"GET","routeClass":"timeline","status":200,"headerElapsedMs":24,"bodyElapsedMs":0,"totalElapsedMs":24,"bytes":227416,"phase":"complete","outcome":"ok"}
[timeline-page-observation] {"cycle":97,"processOrdinal":1,"timelineOrdinal":97,"kind":"page","elapsedMs":25.037584000001516,"offset":0,"total":1,"unplacedTotal":6,"states":{"intent":0,"ready":0,"committed":0,"complete":0,"failed":0,"other":1}}
[timeline-page-observation] {"cycle":97,"processOrdinal":1,"timelineOrdinal":97,"kind":"complete","elapsedMs":25.336041999998997,"pages":1,"totalChanged":false,"mixedStates":false,"code":"none"}
[http-timing] {"sequence":218,"timelineOrdinal":98,"processOrdinal":1,"method":"GET","routeClass":"timeline","status":200,"headerElapsedMs":24,"bodyElapsedMs":0,"totalElapsedMs":24,"bytes":227416,"phase":"complete","outcome":"ok"}
[timeline-page-observation] {"cycle":98,"processOrdinal":1,"timelineOrdinal":98,"kind":"page","elapsedMs":24.96929199999795,"offset":0,"total":1,"unplacedTotal":6,"states":{"intent":0,"ready":0,"committed":0,"complete":0,"failed":0,"other":1}}
[timeline-page-observation] {"cycle":98,"processOrdinal":1,"timelineOrdinal":98,"kind":"complete","elapsedMs":25.277750000001106,"pages":1,"totalChanged":false,"mixedStates":false,"code":"none"}
[http-timing] {"sequence":219,"timelineOrdinal":99,"processOrdinal":1,"method":"GET","routeClass":"timeline","status":200,"headerElapsedMs":23,"bodyElapsedMs":0,"totalElapsedMs":24,"bytes":227416,"phase":"complete","outcome":"ok"}
[timeline-page-observation] {"cycle":99,"processOrdinal":1,"timelineOrdinal":99,"kind":"page","elapsedMs":24.766417000002548,"offset":0,"total":1,"unplacedTotal":6,"states":{"intent":0,"ready":0,"committed":0,"complete":0,"failed":0,"other":1}}
[timeline-page-observation] {"cycle":99,"processOrdinal":1,"timelineOrdinal":99,"kind":"complete","elapsedMs":25.064792000001034,"pages":1,"totalChanged":false,"mixedStates":false,"code":"none"}
[http-timing] {"sequence":220,"timelineOrdinal":100,"processOrdinal":1,"method":"GET","routeClass":"timeline","status":200,"headerElapsedMs":23,"bodyElapsedMs":0,"totalElapsedMs":24,"bytes":227416,"phase":"complete","outcome":"ok"}
[timeline-page-observation] {"cycle":100,"processOrdinal":1,"timelineOrdinal":100,"kind":"page","elapsedMs":24.775417000000743,"offset":0,"total":1,"unplacedTotal":6,"states":{"intent":0,"ready":0,"committed":0,"complete":0,"failed":0,"other":1}}
[timeline-page-observation] {"cycle":100,"processOrdinal":1,"timelineOrdinal":100,"kind":"complete","elapsedMs":25.075000000000728,"pages":1,"totalChanged":false,"mixedStates":false,"code":"none"}
[http-timing] {"sequence":221,"timelineOrdinal":101,"processOrdinal":1,"method":"GET","routeClass":"timeline","status":200,"headerElapsedMs":24,"bodyElapsedMs":0,"totalElapsedMs":25,"bytes":227416,"phase":"complete","outcome":"ok"}
[timeline-page-observation] {"cycle":101,"processOrdinal":1,"timelineOrdinal":101,"kind":"page","elapsedMs":25.942625000003318,"offset":0,"total":1,"unplacedTotal":6,"states":{"intent":0,"ready":0,"committed":0,"complete":0,"failed":0,"other":1}}
[timeline-page-observation] {"cycle":101,"processOrdinal":1,"timelineOrdinal":101,"kind":"complete","elapsedMs":26.266833000001498,"pages":1,"totalChanged":false,"mixedStates":false,"code":"none"}
[http-timing] {"sequence":222,"timelineOrdinal":102,"processOrdinal":1,"method":"GET","routeClass":"timeline","status":200,"headerElapsedMs":24,"bodyElapsedMs":0,"totalElapsedMs":24,"bytes":227416,"phase":"complete","outcome":"ok"}
[timeline-page-observation] {"cycle":102,"processOrdinal":1,"timelineOrdinal":102,"kind":"page","elapsedMs":25.12762499999735,"offset":0,"total":1,"unplacedTotal":6,"states":{"intent":0,"ready":0,"committed":0,"complete":0,"failed":0,"other":1}}
[timeline-page-observation] {"cycle":102,"processOrdinal":1,"timelineOrdinal":102,"kind":"complete","elapsedMs":25.430208999998285,"pages":1,"totalChanged":false,"mixedStates":false,"code":"none"}
[http-timing] {"sequence":223,"timelineOrdinal":103,"processOrdinal":1,"method":"GET","routeClass":"timeline","status":200,"headerElapsedMs":25,"bodyElapsedMs":0,"totalElapsedMs":25,"bytes":227416,"phase":"complete","outcome":"ok"}
[timeline-page-observation] {"cycle":103,"processOrdinal":1,"timelineOrdinal":103,"kind":"page","elapsedMs":26.26312500000131,"offset":0,"total":1,"unplacedTotal":6,"states":{"intent":0,"ready":0,"committed":0,"complete":0,"failed":0,"other":1}}
[timeline-page-observation] {"cycle":103,"processOrdinal":1,"timelineOrdinal":103,"kind":"complete","elapsedMs":26.564125000000786,"pages":1,"totalChanged":false,"mixedStates":false,"code":"none"}
[http-timing] {"sequence":224,"timelineOrdinal":104,"processOrdinal":1,"method":"GET","routeClass":"timeline","status":200,"headerElapsedMs":24,"bodyElapsedMs":0,"totalElapsedMs":24,"bytes":227416,"phase":"complete","outcome":"ok"}
[timeline-page-observation] {"cycle":104,"processOrdinal":1,"timelineOrdinal":104,"kind":"page","elapsedMs":25.16725000000224,"offset":0,"total":1,"unplacedTotal":6,"states":{"intent":0,"ready":0,"committed":0,"complete":0,"failed":0,"other":1}}
[timeline-page-observation] {"cycle":104,"processOrdinal":1,"timelineOrdinal":104,"kind":"complete","elapsedMs":25.475625000002765,"pages":1,"totalChanged":false,"mixedStates":false,"code":"none"}
[http-timing] {"sequence":225,"timelineOrdinal":105,"processOrdinal":1,"method":"GET","routeClass":"timeline","status":200,"headerElapsedMs":24,"bodyElapsedMs":0,"totalElapsedMs":25,"bytes":227416,"phase":"complete","outcome":"ok"}
[timeline-page-observation] {"cycle":105,"processOrdinal":1,"timelineOrdinal":105,"kind":"page","elapsedMs":25.740458000000217,"offset":0,"total":1,"unplacedTotal":6,"states":{"intent":0,"ready":0,"committed":0,"complete":0,"failed":0,"other":1}}
[timeline-page-observation] {"cycle":105,"processOrdinal":1,"timelineOrdinal":105,"kind":"complete","elapsedMs":26.04570800000147,"pages":1,"totalChanged":false,"mixedStates":false,"code":"none"}
[http-timing] {"sequence":226,"timelineOrdinal":106,"processOrdinal":1,"method":"GET","routeClass":"timeline","status":200,"headerElapsedMs":24,"bodyElapsedMs":0,"totalElapsedMs":25,"bytes":227416,"phase":"complete","outcome":"ok"}
[timeline-page-observation] {"cycle":106,"processOrdinal":1,"timelineOrdinal":106,"kind":"page","elapsedMs":25.71783399999913,"offset":0,"total":1,"unplacedTotal":6,"states":{"intent":0,"ready":0,"committed":0,"complete":0,"failed":0,"other":1}}
[timeline-page-observation] {"cycle":106,"processOrdinal":1,"timelineOrdinal":106,"kind":"complete","elapsedMs":26.026583999999275,"pages":1,"totalChanged":false,"mixedStates":false,"code":"none"}
[http-timing] {"sequence":227,"timelineOrdinal":107,"processOrdinal":1,"method":"GET","routeClass":"timeline","status":200,"headerElapsedMs":24,"bodyElapsedMs":0,"totalElapsedMs":24,"bytes":227416,"phase":"complete","outcome":"ok"}
[timeline-page-observation] {"cycle":107,"processOrdinal":1,"timelineOrdinal":107,"kind":"page","elapsedMs":25.05095799999981,"offset":0,"total":1,"unplacedTotal":6,"states":{"intent":0,"ready":0,"committed":0,"complete":0,"failed":0,"other":1}}
[timeline-page-observation] {"cycle":107,"processOrdinal":1,"timelineOrdinal":107,"kind":"complete","elapsedMs":25.374958000000333,"pages":1,"totalChanged":false,"mixedStates":false,"code":"none"}
[http-timing] {"sequence":228,"timelineOrdinal":108,"processOrdinal":1,"method":"GET","routeClass":"timeline","status":200,"headerElapsedMs":24,"bodyElapsedMs":0,"totalElapsedMs":24,"bytes":227416,"phase":"complete","outcome":"ok"}
[timeline-page-observation] {"cycle":108,"processOrdinal":1,"timelineOrdinal":108,"kind":"page","elapsedMs":25.146958000001177,"offset":0,"total":1,"unplacedTotal":6,"states":{"intent":0,"ready":0,"committed":0,"complete":0,"failed":0,"other":1}}
[timeline-page-observation] {"cycle":108,"processOrdinal":1,"timelineOrdinal":108,"kind":"complete","elapsedMs":25.451249999998254,"pages":1,"totalChanged":false,"mixedStates":false,"code":"none"}
[http-timing] {"sequence":229,"timelineOrdinal":109,"processOrdinal":1,"method":"GET","routeClass":"timeline","status":200,"headerElapsedMs":25,"bodyElapsedMs":0,"totalElapsedMs":26,"bytes":227416,"phase":"complete","outcome":"ok"}
[timeline-page-observation] {"cycle":109,"processOrdinal":1,"timelineOrdinal":109,"kind":"page","elapsedMs":26.75658399999884,"offset":0,"total":1,"unplacedTotal":6,"states":{"intent":0,"ready":0,"committed":0,"complete":0,"failed":0,"other":1}}
[timeline-page-observation] {"cycle":109,"processOrdinal":1,"timelineOrdinal":109,"kind":"complete","elapsedMs":27.0435839999991,"pages":1,"totalChanged":false,"mixedStates":false,"code":"none"}
[http-timing] {"sequence":230,"timelineOrdinal":110,"processOrdinal":1,"method":"GET","routeClass":"timeline","status":200,"headerElapsedMs":23,"bodyElapsedMs":0,"totalElapsedMs":24,"bytes":227416,"phase":"complete","outcome":"ok"}
[timeline-page-observation] {"cycle":110,"processOrdinal":1,"timelineOrdinal":110,"kind":"page","elapsedMs":25.05383300000176,"offset":0,"total":1,"unplacedTotal":6,"states":{"intent":0,"ready":0,"committed":0,"complete":0,"failed":0,"other":1}}
[timeline-page-observation] {"cycle":110,"processOrdinal":1,"timelineOrdinal":110,"kind":"complete","elapsedMs":25.342500000002474,"pages":1,"totalChanged":false,"mixedStates":false,"code":"none"}
[http-timing] {"sequence":231,"timelineOrdinal":111,"processOrdinal":1,"method":"GET","routeClass":"timeline","status":200,"headerElapsedMs":24,"bodyElapsedMs":0,"totalElapsedMs":25,"bytes":227416,"phase":"complete","outcome":"ok"}
[timeline-page-observation] {"cycle":111,"processOrdinal":1,"timelineOrdinal":111,"kind":"page","elapsedMs":25.687040999997407,"offset":0,"total":1,"unplacedTotal":6,"states":{"intent":0,"ready":0,"committed":0,"complete":0,"failed":0,"other":1}}
[timeline-page-observation] {"cycle":111,"processOrdinal":1,"timelineOrdinal":111,"kind":"complete","elapsedMs":25.9719159999986,"pages":1,"totalChanged":false,"mixedStates":false,"code":"none"}
[http-timing] {"sequence":232,"timelineOrdinal":112,"processOrdinal":1,"method":"GET","routeClass":"timeline","status":200,"headerElapsedMs":24,"bodyElapsedMs":0,"totalElapsedMs":24,"bytes":227416,"phase":"complete","outcome":"ok"}
[timeline-page-observation] {"cycle":112,"processOrdinal":1,"timelineOrdinal":112,"kind":"page","elapsedMs":24.946458999998868,"offset":0,"total":1,"unplacedTotal":6,"states":{"intent":0,"ready":0,"committed":0,"complete":0,"failed":0,"other":1}}
[timeline-page-observation] {"cycle":112,"processOrdinal":1,"timelineOrdinal":112,"kind":"complete","elapsedMs":25.235334000000876,"pages":1,"totalChanged":false,"mixedStates":false,"code":"none"}
[http-timing] {"sequence":233,"timelineOrdinal":113,"processOrdinal":1,"method":"GET","routeClass":"timeline","status":200,"headerElapsedMs":23,"bodyElapsedMs":0,"totalElapsedMs":24,"bytes":227416,"phase":"complete","outcome":"ok"}
[timeline-page-observation] {"cycle":113,"processOrdinal":1,"timelineOrdinal":113,"kind":"page","elapsedMs":24.609624999997322,"offset":0,"total":1,"unplacedTotal":6,"states":{"intent":0,"ready":0,"committed":0,"complete":0,"failed":0,"other":1}}
[timeline-page-observation] {"cycle":113,"processOrdinal":1,"timelineOrdinal":113,"kind":"complete","elapsedMs":24.897624999997788,"pages":1,"totalChanged":false,"mixedStates":false,"code":"none"}
[http-timing] {"sequence":234,"timelineOrdinal":114,"processOrdinal":1,"method":"GET","routeClass":"timeline","status":200,"headerElapsedMs":23,"bodyElapsedMs":0,"totalElapsedMs":23,"bytes":227416,"phase":"complete","outcome":"ok"}
[timeline-page-observation] {"cycle":114,"processOrdinal":1,"timelineOrdinal":114,"kind":"page","elapsedMs":24.366541999999754,"offset":0,"total":1,"unplacedTotal":6,"states":{"intent":0,"ready":0,"committed":0,"complete":0,"failed":0,"other":1}}
[timeline-page-observation] {"cycle":114,"processOrdinal":1,"timelineOrdinal":114,"kind":"complete","elapsedMs":24.658791999998357,"pages":1,"totalChanged":false,"mixedStates":false,"code":"none"}
[http-timing] {"sequence":235,"timelineOrdinal":115,"processOrdinal":1,"method":"GET","routeClass":"timeline","status":200,"headerElapsedMs":23,"bodyElapsedMs":0,"totalElapsedMs":23,"bytes":227416,"phase":"complete","outcome":"ok"}
[timeline-page-observation] {"cycle":115,"processOrdinal":1,"timelineOrdinal":115,"kind":"page","elapsedMs":24.256792000000132,"offset":0,"total":1,"unplacedTotal":6,"states":{"intent":0,"ready":0,"committed":0,"complete":0,"failed":0,"other":1}}
[timeline-page-observation] {"cycle":115,"processOrdinal":1,"timelineOrdinal":115,"kind":"complete","elapsedMs":24.5346669999999,"pages":1,"totalChanged":false,"mixedStates":false,"code":"none"}
[http-timing] {"sequence":236,"timelineOrdinal":116,"processOrdinal":1,"method":"GET","routeClass":"timeline","status":200,"headerElapsedMs":24,"bodyElapsedMs":0,"totalElapsedMs":25,"bytes":227416,"phase":"complete","outcome":"ok"}
[timeline-page-observation] {"cycle":116,"processOrdinal":1,"timelineOrdinal":116,"kind":"page","elapsedMs":25.731541999997717,"offset":0,"total":1,"unplacedTotal":6,"states":{"intent":0,"ready":0,"committed":0,"complete":0,"failed":0,"other":1}}
[timeline-page-observation] {"cycle":116,"processOrdinal":1,"timelineOrdinal":116,"kind":"complete","elapsedMs":26.014666999999463,"pages":1,"totalChanged":false,"mixedStates":false,"code":"none"}
[http-timing] {"sequence":237,"timelineOrdinal":117,"processOrdinal":1,"method":"GET","routeClass":"timeline","status":200,"headerElapsedMs":29,"bodyElapsedMs":0,"totalElapsedMs":30,"bytes":227416,"phase":"complete","outcome":"ok"}
[timeline-page-observation] {"cycle":117,"processOrdinal":1,"timelineOrdinal":117,"kind":"page","elapsedMs":30.680249999997613,"offset":0,"total":1,"unplacedTotal":6,"states":{"intent":0,"ready":0,"committed":0,"complete":0,"failed":0,"other":1}}
[timeline-page-observation] {"cycle":117,"processOrdinal":1,"timelineOrdinal":117,"kind":"complete","elapsedMs":30.963707999999315,"pages":1,"totalChanged":false,"mixedStates":false,"code":"none"}
[http-timing] {"sequence":238,"timelineOrdinal":118,"processOrdinal":1,"method":"GET","routeClass":"timeline","status":200,"headerElapsedMs":24,"bodyElapsedMs":0,"totalElapsedMs":24,"bytes":227416,"phase":"complete","outcome":"ok"}
[timeline-page-observation] {"cycle":118,"processOrdinal":1,"timelineOrdinal":118,"kind":"page","elapsedMs":25.6775000000016,"offset":0,"total":1,"unplacedTotal":6,"states":{"intent":0,"ready":0,"committed":0,"complete":0,"failed":0,"other":1}}
[timeline-page-observation] {"cycle":118,"processOrdinal":1,"timelineOrdinal":118,"kind":"complete","elapsedMs":25.97137500000099,"pages":1,"totalChanged":false,"mixedStates":false,"code":"none"}
[http-timing] {"sequence":239,"timelineOrdinal":119,"processOrdinal":1,"method":"GET","routeClass":"timeline","status":200,"headerElapsedMs":24,"bodyElapsedMs":0,"totalElapsedMs":24,"bytes":227416,"phase":"complete","outcome":"ok"}
[timeline-page-observation] {"cycle":119,"processOrdinal":1,"timelineOrdinal":119,"kind":"page","elapsedMs":25.102458000001207,"offset":0,"total":1,"unplacedTotal":6,"states":{"intent":0,"ready":0,"committed":0,"complete":0,"failed":0,"other":1}}
[timeline-page-observation] {"cycle":119,"processOrdinal":1,"timelineOrdinal":119,"kind":"complete","elapsedMs":25.392917000001034,"pages":1,"totalChanged":false,"mixedStates":false,"code":"none"}
[http-timing] {"sequence":240,"timelineOrdinal":120,"processOrdinal":1,"method":"GET","routeClass":"timeline","status":200,"headerElapsedMs":23,"bodyElapsedMs":0,"totalElapsedMs":24,"bytes":227416,"phase":"complete","outcome":"ok"}
[timeline-page-observation] {"cycle":120,"processOrdinal":1,"timelineOrdinal":120,"kind":"page","elapsedMs":24.683750000000146,"offset":0,"total":1,"unplacedTotal":6,"states":{"intent":0,"ready":0,"committed":0,"complete":0,"failed":0,"other":1}}
[timeline-page-observation] {"cycle":120,"processOrdinal":1,"timelineOrdinal":120,"kind":"complete","elapsedMs":24.967124999999214,"pages":1,"totalChanged":false,"mixedStates":false,"code":"none"}
[http-timing] {"sequence":241,"timelineOrdinal":121,"processOrdinal":1,"method":"GET","routeClass":"timeline","status":200,"headerElapsedMs":27,"bodyElapsedMs":0,"totalElapsedMs":28,"bytes":227416,"phase":"complete","outcome":"ok"}
[timeline-page-observation] {"cycle":121,"processOrdinal":1,"timelineOrdinal":121,"kind":"page","elapsedMs":28.626458000002458,"offset":0,"total":1,"unplacedTotal":6,"states":{"intent":0,"ready":0,"committed":0,"complete":0,"failed":0,"other":1}}
[timeline-page-observation] {"cycle":121,"processOrdinal":1,"timelineOrdinal":121,"kind":"complete","elapsedMs":28.94787500000166,"pages":1,"totalChanged":false,"mixedStates":false,"code":"none"}
[http-timing] {"sequence":242,"timelineOrdinal":122,"processOrdinal":1,"method":"GET","routeClass":"timeline","status":200,"headerElapsedMs":24,"bodyElapsedMs":0,"totalElapsedMs":24,"bytes":227416,"phase":"complete","outcome":"ok"}
[timeline-page-observation] {"cycle":122,"processOrdinal":1,"timelineOrdinal":122,"kind":"page","elapsedMs":25.416500000002998,"offset":0,"total":1,"unplacedTotal":6,"states":{"intent":0,"ready":0,"committed":0,"complete":0,"failed":0,"other":1}}
[timeline-page-observation] {"cycle":122,"processOrdinal":1,"timelineOrdinal":122,"kind":"complete","elapsedMs":25.71008300000176,"pages":1,"totalChanged":false,"mixedStates":false,"code":"none"}
[http-timing] {"sequence":243,"timelineOrdinal":123,"processOrdinal":1,"method":"GET","routeClass":"timeline","status":200,"headerElapsedMs":24,"bodyElapsedMs":0,"totalElapsedMs":24,"bytes":227416,"phase":"complete","outcome":"ok"}
[timeline-page-observation] {"cycle":123,"processOrdinal":1,"timelineOrdinal":123,"kind":"page","elapsedMs":25.401166999999987,"offset":0,"total":1,"unplacedTotal":6,"states":{"intent":0,"ready":0,"committed":0,"complete":0,"failed":0,"other":1}}
[timeline-page-observation] {"cycle":123,"processOrdinal":1,"timelineOrdinal":123,"kind":"complete","elapsedMs":25.68512499999997,"pages":1,"totalChanged":false,"mixedStates":false,"code":"none"}
[http-timing] {"sequence":244,"timelineOrdinal":124,"processOrdinal":1,"method":"GET","routeClass":"timeline","status":200,"headerElapsedMs":24,"bodyElapsedMs":0,"totalElapsedMs":24,"bytes":227416,"phase":"complete","outcome":"ok"}
[timeline-page-observation] {"cycle":124,"processOrdinal":1,"timelineOrdinal":124,"kind":"page","elapsedMs":25.875625000000582,"offset":0,"total":1,"unplacedTotal":6,"states":{"intent":0,"ready":0,"committed":0,"complete":0,"failed":0,"other":1}}
[timeline-page-observation] {"cycle":124,"processOrdinal":1,"timelineOrdinal":124,"kind":"complete","elapsedMs":26.165916999998444,"pages":1,"totalChanged":false,"mixedStates":false,"code":"none"}
[http-timing] {"sequence":245,"timelineOrdinal":125,"processOrdinal":1,"method":"GET","routeClass":"timeline","status":200,"headerElapsedMs":27,"bodyElapsedMs":0,"totalElapsedMs":27,"bytes":227416,"phase":"complete","outcome":"ok"}
[timeline-page-observation] {"cycle":125,"processOrdinal":1,"timelineOrdinal":125,"kind":"page","elapsedMs":28.228457999997772,"offset":0,"total":1,"unplacedTotal":6,"states":{"intent":0,"ready":0,"committed":0,"complete":0,"failed":0,"other":1}}
[timeline-page-observation] {"cycle":125,"processOrdinal":1,"timelineOrdinal":125,"kind":"complete","elapsedMs":28.516249999996944,"pages":1,"totalChanged":false,"mixedStates":false,"code":"none"}
[http-timing] {"sequence":246,"timelineOrdinal":126,"processOrdinal":1,"method":"GET","routeClass":"timeline","status":200,"headerElapsedMs":24,"bodyElapsedMs":0,"totalElapsedMs":24,"bytes":227416,"phase":"complete","outcome":"ok"}
[timeline-page-observation] {"cycle":126,"processOrdinal":1,"timelineOrdinal":126,"kind":"page","elapsedMs":24.807416999999987,"offset":0,"total":1,"unplacedTotal":6,"states":{"intent":0,"ready":0,"committed":0,"complete":0,"failed":0,"other":1}}
[timeline-page-observation] {"cycle":126,"processOrdinal":1,"timelineOrdinal":126,"kind":"complete","elapsedMs":25.094582999998238,"pages":1,"totalChanged":false,"mixedStates":false,"code":"none"}
[http-timing] {"sequence":247,"timelineOrdinal":127,"processOrdinal":1,"method":"GET","routeClass":"timeline","status":200,"headerElapsedMs":24,"bodyElapsedMs":0,"totalElapsedMs":24,"bytes":227416,"phase":"complete","outcome":"ok"}
[timeline-page-observation] {"cycle":127,"processOrdinal":1,"timelineOrdinal":127,"kind":"page","elapsedMs":25.564916999999696,"offset":0,"total":1,"unplacedTotal":6,"states":{"intent":0,"ready":0,"committed":0,"complete":0,"failed":0,"other":1}}
[timeline-page-observation] {"cycle":127,"processOrdinal":1,"timelineOrdinal":127,"kind":"complete","elapsedMs":25.863375000000815,"pages":1,"totalChanged":false,"mixedStates":false,"code":"none"}
[http-timing] {"sequence":248,"timelineOrdinal":128,"processOrdinal":1,"method":"GET","routeClass":"timeline","status":200,"headerElapsedMs":24,"bodyElapsedMs":0,"totalElapsedMs":24,"bytes":227416,"phase":"complete","outcome":"ok"}
[timeline-page-observation] {"cycle":128,"processOrdinal":1,"timelineOrdinal":128,"kind":"page","elapsedMs":25.011875000000146,"offset":0,"total":1,"unplacedTotal":6,"states":{"intent":0,"ready":0,"committed":0,"complete":0,"failed":0,"other":1}}
[timeline-page-observation] {"cycle":128,"processOrdinal":1,"timelineOrdinal":128,"kind":"complete","elapsedMs":25.298083000001498,"pages":1,"totalChanged":false,"mixedStates":false,"code":"none"}
[http-timing] {"sequence":249,"timelineOrdinal":129,"processOrdinal":1,"method":"GET","routeClass":"timeline","status":200,"headerElapsedMs":24,"bodyElapsedMs":0,"totalElapsedMs":24,"bytes":227416,"phase":"complete","outcome":"ok"}
[timeline-page-observation] {"cycle":129,"processOrdinal":1,"timelineOrdinal":129,"kind":"page","elapsedMs":25.45404199999757,"offset":0,"total":1,"unplacedTotal":6,"states":{"intent":0,"ready":0,"committed":0,"complete":0,"failed":0,"other":1}}
[timeline-page-observation] {"cycle":129,"processOrdinal":1,"timelineOrdinal":129,"kind":"complete","elapsedMs":25.771874999998545,"pages":1,"totalChanged":false,"mixedStates":false,"code":"none"}
[http-timing] {"sequence":250,"timelineOrdinal":130,"processOrdinal":1,"method":"GET","routeClass":"timeline","status":200,"headerElapsedMs":24,"bodyElapsedMs":0,"totalElapsedMs":24,"bytes":227416,"phase":"complete","outcome":"ok"}
[timeline-page-observation] {"cycle":130,"processOrdinal":1,"timelineOrdinal":130,"kind":"page","elapsedMs":25.582249999999476,"offset":0,"total":1,"unplacedTotal":6,"states":{"intent":0,"ready":0,"committed":0,"complete":0,"failed":0,"other":1}}
[timeline-page-observation] {"cycle":130,"processOrdinal":1,"timelineOrdinal":130,"kind":"complete","elapsedMs":25.870999999999185,"pages":1,"totalChanged":false,"mixedStates":false,"code":"none"}
[http-timing] {"sequence":251,"timelineOrdinal":131,"processOrdinal":1,"method":"GET","routeClass":"timeline","status":200,"headerElapsedMs":24,"bodyElapsedMs":0,"totalElapsedMs":24,"bytes":227416,"phase":"complete","outcome":"ok"}
[timeline-page-observation] {"cycle":131,"processOrdinal":1,"timelineOrdinal":131,"kind":"page","elapsedMs":25.390166000001045,"offset":0,"total":1,"unplacedTotal":6,"states":{"intent":0,"ready":0,"committed":0,"complete":0,"failed":0,"other":1}}
[timeline-page-observation] {"cycle":131,"processOrdinal":1,"timelineOrdinal":131,"kind":"complete","elapsedMs":25.67450000000099,"pages":1,"totalChanged":false,"mixedStates":false,"code":"none"}
[http-timing] {"sequence":252,"timelineOrdinal":132,"processOrdinal":1,"method":"GET","routeClass":"timeline","status":200,"headerElapsedMs":24,"bodyElapsedMs":0,"totalElapsedMs":25,"bytes":227416,"phase":"complete","outcome":"ok"}
[timeline-page-observation] {"cycle":132,"processOrdinal":1,"timelineOrdinal":132,"kind":"page","elapsedMs":25.680500000002212,"offset":0,"total":1,"unplacedTotal":6,"states":{"intent":0,"ready":0,"committed":0,"complete":0,"failed":0,"other":1}}
[timeline-page-observation] {"cycle":132,"processOrdinal":1,"timelineOrdinal":132,"kind":"complete","elapsedMs":25.970375000000786,"pages":1,"totalChanged":false,"mixedStates":false,"code":"none"}
[http-timing] {"sequence":253,"timelineOrdinal":133,"processOrdinal":1,"method":"GET","routeClass":"timeline","status":200,"headerElapsedMs":24,"bodyElapsedMs":0,"totalElapsedMs":24,"bytes":227416,"phase":"complete","outcome":"ok"}
[timeline-page-observation] {"cycle":133,"processOrdinal":1,"timelineOrdinal":133,"kind":"page","elapsedMs":24.920458000000508,"offset":0,"total":1,"unplacedTotal":6,"states":{"intent":0,"ready":0,"committed":0,"complete":0,"failed":0,"other":1}}
[timeline-page-observation] {"cycle":133,"processOrdinal":1,"timelineOrdinal":133,"kind":"complete","elapsedMs":25.20087500000227,"pages":1,"totalChanged":false,"mixedStates":false,"code":"none"}
[http-timing] {"sequence":254,"timelineOrdinal":134,"processOrdinal":1,"method":"GET","routeClass":"timeline","status":200,"headerElapsedMs":24,"bodyElapsedMs":0,"totalElapsedMs":24,"bytes":227416,"phase":"complete","outcome":"ok"}
[timeline-page-observation] {"cycle":134,"processOrdinal":1,"timelineOrdinal":134,"kind":"page","elapsedMs":25.40258299999914,"offset":0,"total":1,"unplacedTotal":6,"states":{"intent":0,"ready":0,"committed":0,"complete":0,"failed":0,"other":1}}
[timeline-page-observation] {"cycle":134,"processOrdinal":1,"timelineOrdinal":134,"kind":"complete","elapsedMs":25.692125000001397,"pages":1,"totalChanged":false,"mixedStates":false,"code":"none"}
[http-timing] {"sequence":255,"timelineOrdinal":135,"processOrdinal":1,"method":"GET","routeClass":"timeline","status":200,"headerElapsedMs":24,"bodyElapsedMs":0,"totalElapsedMs":24,"bytes":227416,"phase":"complete","outcome":"ok"}
[timeline-page-observation] {"cycle":135,"processOrdinal":1,"timelineOrdinal":135,"kind":"page","elapsedMs":25.671625000002678,"offset":0,"total":1,"unplacedTotal":6,"states":{"intent":0,"ready":0,"committed":0,"complete":0,"failed":0,"other":1}}
[timeline-page-observation] {"cycle":135,"processOrdinal":1,"timelineOrdinal":135,"kind":"complete","elapsedMs":25.95429100000183,"pages":1,"totalChanged":false,"mixedStates":false,"code":"none"}
[http-timing] {"sequence":256,"timelineOrdinal":136,"processOrdinal":1,"method":"GET","routeClass":"timeline","status":200,"headerElapsedMs":24,"bodyElapsedMs":0,"totalElapsedMs":25,"bytes":227416,"phase":"complete","outcome":"ok"}
[timeline-page-observation] {"cycle":136,"processOrdinal":1,"timelineOrdinal":136,"kind":"page","elapsedMs":25.67395899999974,"offset":0,"total":1,"unplacedTotal":6,"states":{"intent":0,"ready":0,"committed":0,"complete":0,"failed":0,"other":1}}
[timeline-page-observation] {"cycle":136,"processOrdinal":1,"timelineOrdinal":136,"kind":"complete","elapsedMs":25.959875000000466,"pages":1,"totalChanged":false,"mixedStates":false,"code":"none"}
[http-timing] {"sequence":257,"timelineOrdinal":137,"processOrdinal":1,"method":"GET","routeClass":"timeline","status":200,"headerElapsedMs":25,"bodyElapsedMs":0,"totalElapsedMs":25,"bytes":227416,"phase":"complete","outcome":"ok"}
[timeline-page-observation] {"cycle":137,"processOrdinal":1,"timelineOrdinal":137,"kind":"page","elapsedMs":25.8939169999976,"offset":0,"total":1,"unplacedTotal":6,"states":{"intent":0,"ready":0,"committed":0,"complete":0,"failed":0,"other":1}}
[timeline-page-observation] {"cycle":137,"processOrdinal":1,"timelineOrdinal":137,"kind":"complete","elapsedMs":26.185749999996915,"pages":1,"totalChanged":false,"mixedStates":false,"code":"none"}
[http-timing] {"sequence":258,"timelineOrdinal":138,"processOrdinal":1,"method":"GET","routeClass":"timeline","status":200,"headerElapsedMs":24,"bodyElapsedMs":0,"totalElapsedMs":24,"bytes":227416,"phase":"complete","outcome":"ok"}
[timeline-page-observation] {"cycle":138,"processOrdinal":1,"timelineOrdinal":138,"kind":"page","elapsedMs":25.58037499999773,"offset":0,"total":1,"unplacedTotal":6,"states":{"intent":0,"ready":0,"committed":0,"complete":0,"failed":0,"other":1}}
[timeline-page-observation] {"cycle":138,"processOrdinal":1,"timelineOrdinal":138,"kind":"complete","elapsedMs":25.90387499999997,"pages":1,"totalChanged":false,"mixedStates":false,"code":"none"}
[http-timing] {"sequence":259,"timelineOrdinal":139,"processOrdinal":1,"method":"GET","routeClass":"timeline","status":200,"headerElapsedMs":24,"bodyElapsedMs":0,"totalElapsedMs":24,"bytes":227416,"phase":"complete","outcome":"ok"}
[timeline-page-observation] {"cycle":139,"processOrdinal":1,"timelineOrdinal":139,"kind":"page","elapsedMs":25.408417000002373,"offset":0,"total":1,"unplacedTotal":6,"states":{"intent":0,"ready":0,"committed":0,"complete":0,"failed":0,"other":1}}
[timeline-page-observation] {"cycle":139,"processOrdinal":1,"timelineOrdinal":139,"kind":"complete","elapsedMs":25.698457999998936,"pages":1,"totalChanged":false,"mixedStates":false,"code":"none"}
[http-timing] {"sequence":260,"timelineOrdinal":140,"processOrdinal":1,"method":"GET","routeClass":"timeline","status":200,"headerElapsedMs":24,"bodyElapsedMs":0,"totalElapsedMs":24,"bytes":227416,"phase":"complete","outcome":"ok"}
[timeline-page-observation] {"cycle":140,"processOrdinal":1,"timelineOrdinal":140,"kind":"page","elapsedMs":25.265332999999373,"offset":0,"total":1,"unplacedTotal":6,"states":{"intent":0,"ready":0,"committed":0,"complete":0,"failed":0,"other":1}}
[timeline-page-observation] {"cycle":140,"processOrdinal":1,"timelineOrdinal":140,"kind":"complete","elapsedMs":25.552958000000217,"pages":1,"totalChanged":false,"mixedStates":false,"code":"none"}
[http-timing] {"sequence":261,"timelineOrdinal":141,"processOrdinal":1,"method":"GET","routeClass":"timeline","status":200,"headerElapsedMs":24,"bodyElapsedMs":0,"totalElapsedMs":24,"bytes":227416,"phase":"complete","outcome":"ok"}
[timeline-page-observation] {"cycle":141,"processOrdinal":1,"timelineOrdinal":141,"kind":"page","elapsedMs":24.907042000002548,"offset":0,"total":1,"unplacedTotal":6,"states":{"intent":0,"ready":0,"committed":0,"complete":0,"failed":0,"other":1}}
[timeline-page-observation] {"cycle":141,"processOrdinal":1,"timelineOrdinal":141,"kind":"complete","elapsedMs":25.193999999999505,"pages":1,"totalChanged":false,"mixedStates":false,"code":"none"}
[http-timing] {"sequence":262,"timelineOrdinal":142,"processOrdinal":1,"method":"GET","routeClass":"timeline","status":200,"headerElapsedMs":26,"bodyElapsedMs":0,"totalElapsedMs":26,"bytes":227416,"phase":"complete","outcome":"ok"}
[timeline-page-observation] {"cycle":142,"processOrdinal":1,"timelineOrdinal":142,"kind":"page","elapsedMs":27.346291999998357,"offset":0,"total":1,"unplacedTotal":6,"states":{"intent":0,"ready":0,"committed":0,"complete":0,"failed":0,"other":1}}
[timeline-page-observation] {"cycle":142,"processOrdinal":1,"timelineOrdinal":142,"kind":"complete","elapsedMs":27.634291999998823,"pages":1,"totalChanged":false,"mixedStates":false,"code":"none"}
[http-timing] {"sequence":263,"timelineOrdinal":143,"processOrdinal":1,"method":"GET","routeClass":"timeline","status":200,"headerElapsedMs":23,"bodyElapsedMs":0,"totalElapsedMs":23,"bytes":227416,"phase":"complete","outcome":"ok"}
[timeline-page-observation] {"cycle":143,"processOrdinal":1,"timelineOrdinal":143,"kind":"page","elapsedMs":24.351458000001003,"offset":0,"total":1,"unplacedTotal":6,"states":{"intent":0,"ready":0,"committed":0,"complete":0,"failed":0,"other":1}}
[timeline-page-observation] {"cycle":143,"processOrdinal":1,"timelineOrdinal":143,"kind":"complete","elapsedMs":24.637957999999344,"pages":1,"totalChanged":false,"mixedStates":false,"code":"none"}
[http-timing] {"sequence":264,"timelineOrdinal":144,"processOrdinal":1,"method":"GET","routeClass":"timeline","status":200,"headerElapsedMs":23,"bodyElapsedMs":0,"totalElapsedMs":23,"bytes":227416,"phase":"complete","outcome":"ok"}
[timeline-page-observation] {"cycle":144,"processOrdinal":1,"timelineOrdinal":144,"kind":"page","elapsedMs":24.487499999999272,"offset":0,"total":1,"unplacedTotal":6,"states":{"intent":0,"ready":0,"committed":0,"complete":0,"failed":0,"other":1}}
[timeline-page-observation] {"cycle":144,"processOrdinal":1,"timelineOrdinal":144,"kind":"complete","elapsedMs":24.767250000000786,"pages":1,"totalChanged":false,"mixedStates":false,"code":"none"}
[http-timing] {"sequence":265,"timelineOrdinal":145,"processOrdinal":1,"method":"GET","routeClass":"timeline","status":200,"headerElapsedMs":24,"bodyElapsedMs":0,"totalElapsedMs":24,"bytes":227416,"phase":"complete","outcome":"ok"}
[timeline-page-observation] {"cycle":145,"processOrdinal":1,"timelineOrdinal":145,"kind":"page","elapsedMs":25.0222079999985,"offset":0,"total":1,"unplacedTotal":6,"states":{"intent":0,"ready":0,"committed":0,"complete":0,"failed":0,"other":1}}
[timeline-page-observation] {"cycle":145,"processOrdinal":1,"timelineOrdinal":145,"kind":"complete","elapsedMs":25.308375000000524,"pages":1,"totalChanged":false,"mixedStates":false,"code":"none"}
[http-timing] {"sequence":266,"timelineOrdinal":146,"processOrdinal":1,"method":"GET","routeClass":"timeline","status":200,"headerElapsedMs":24,"bodyElapsedMs":0,"totalElapsedMs":24,"bytes":227416,"phase":"complete","outcome":"ok"}
[timeline-page-observation] {"cycle":146,"processOrdinal":1,"timelineOrdinal":146,"kind":"page","elapsedMs":25.48387499999808,"offset":0,"total":1,"unplacedTotal":6,"states":{"intent":0,"ready":0,"committed":0,"complete":0,"failed":0,"other":1}}
[timeline-page-observation] {"cycle":146,"processOrdinal":1,"timelineOrdinal":146,"kind":"complete","elapsedMs":25.765707999998995,"pages":1,"totalChanged":false,"mixedStates":false,"code":"none"}
[http-timing] {"sequence":267,"timelineOrdinal":147,"processOrdinal":1,"method":"GET","routeClass":"timeline","status":200,"headerElapsedMs":59,"bodyElapsedMs":0,"totalElapsedMs":59,"bytes":336290,"phase":"complete","outcome":"ok"}
[timeline-page-observation] {"cycle":147,"processOrdinal":1,"timelineOrdinal":147,"kind":"page","elapsedMs":60.42674999999872,"offset":0,"total":1,"unplacedTotal":7,"states":{"intent":0,"ready":0,"committed":0,"complete":0,"failed":0,"other":1}}
[timeline-page-observation] {"cycle":147,"processOrdinal":1,"timelineOrdinal":147,"kind":"complete","elapsedMs":60.86316599999918,"pages":1,"totalChanged":false,"mixedStates":false,"code":"none"}
[overlapping-sources] {"temporalOnly":true,"viewBasis":"timeline-known-mappings-unplaced-file-groups","segmentCount":2,"startNs":"16283000000","endNs":"17783000000","unknownCount":0,"rows":[{"idHash":"1b8d7d67b84668148617272389d95274037c4f640f189b078f21418a2d041125","startPts":"16666666666","endPts":"24999999999","catalogState":"finalized","playable":true},{"idHash":"fde68cd5c62e07ae0561d9857d6141eed622116eddd1bb3a7ec053139a07ea39","startPts":"8333333333","endPts":"16666666666","catalogState":"finalized","playable":true}]}
[http-timing] {"sequence":268,"timelineOrdinal":148,"processOrdinal":1,"method":"GET","routeClass":"timeline","status":200,"headerElapsedMs":37,"bodyElapsedMs":0,"totalElapsedMs":37,"bytes":336290,"phase":"complete","outcome":"ok"}
[timeline-page-observation] {"cycle":148,"processOrdinal":1,"timelineOrdinal":148,"kind":"page","elapsedMs":38.478541000000405,"offset":0,"total":1,"unplacedTotal":7,"states":{"intent":0,"ready":0,"committed":0,"complete":0,"failed":0,"other":1}}
[timeline-page-observation] {"cycle":148,"processOrdinal":1,"timelineOrdinal":148,"kind":"complete","elapsedMs":38.88624999999956,"pages":1,"totalChanged":false,"mixedStates":false,"code":"none"}
[http-timing] {"sequence":269,"timelineOrdinal":149,"processOrdinal":1,"method":"GET","routeClass":"timeline","status":200,"headerElapsedMs":380,"bodyElapsedMs":0,"totalElapsedMs":380,"bytes":336331,"phase":"complete","outcome":"ok"}
[timeline-page-observation] {"cycle":149,"processOrdinal":1,"timelineOrdinal":149,"kind":"page","elapsedMs":381.6031669999975,"offset":0,"total":1,"unplacedTotal":7,"states":{"intent":0,"ready":0,"committed":0,"complete":0,"failed":0,"other":1}}
[timeline-page-observation] {"cycle":149,"processOrdinal":1,"timelineOrdinal":149,"kind":"complete","elapsedMs":382.01229199999943,"pages":1,"totalChanged":false,"mixedStates":false,"code":"none"}
[http-timing] {"sequence":270,"timelineOrdinal":150,"processOrdinal":1,"method":"GET","routeClass":"timeline","status":200,"headerElapsedMs":214,"bodyElapsedMs":0,"totalElapsedMs":214,"bytes":336331,"phase":"complete","outcome":"ok"}
[timeline-page-observation] {"cycle":150,"processOrdinal":1,"timelineOrdinal":150,"kind":"page","elapsedMs":215.4330000000009,"offset":0,"total":1,"unplacedTotal":7,"states":{"intent":0,"ready":0,"committed":0,"complete":0,"failed":0,"other":1}}
[timeline-page-observation] {"cycle":150,"processOrdinal":1,"timelineOrdinal":150,"kind":"complete","elapsedMs":215.84820799999943,"pages":1,"totalChanged":false,"mixedStates":false,"code":"none"}
[http-timing] {"sequence":271,"timelineOrdinal":151,"processOrdinal":1,"method":"GET","routeClass":"timeline","status":200,"headerElapsedMs":37,"bodyElapsedMs":1,"totalElapsedMs":38,"bytes":336331,"phase":"complete","outcome":"ok"}
[timeline-page-observation] {"cycle":151,"processOrdinal":1,"timelineOrdinal":151,"kind":"page","elapsedMs":39.557958000001236,"offset":0,"total":1,"unplacedTotal":7,"states":{"intent":0,"ready":0,"committed":0,"complete":0,"failed":0,"other":1}}
[timeline-page-observation] {"cycle":151,"processOrdinal":1,"timelineOrdinal":151,"kind":"complete","elapsedMs":40.419042000001355,"pages":1,"totalChanged":false,"mixedStates":false,"code":"none"}
[http-timing] {"sequence":272,"timelineOrdinal":152,"processOrdinal":1,"method":"GET","routeClass":"timeline","status":200,"headerElapsedMs":39,"bodyElapsedMs":0,"totalElapsedMs":39,"bytes":336331,"phase":"complete","outcome":"ok"}
[timeline-page-observation] {"cycle":152,"processOrdinal":1,"timelineOrdinal":152,"kind":"page","elapsedMs":40.63920800000051,"offset":0,"total":1,"unplacedTotal":7,"states":{"intent":0,"ready":0,"committed":0,"complete":0,"failed":0,"other":1}}
[timeline-page-observation] {"cycle":152,"processOrdinal":1,"timelineOrdinal":152,"kind":"complete","elapsedMs":41.04966600000262,"pages":1,"totalChanged":false,"mixedStates":false,"code":"none"}
[http-timing] {"sequence":273,"timelineOrdinal":153,"processOrdinal":1,"method":"GET","routeClass":"timeline","status":200,"headerElapsedMs":39,"bodyElapsedMs":0,"totalElapsedMs":39,"bytes":336331,"phase":"complete","outcome":"ok"}
[timeline-page-observation] {"cycle":153,"processOrdinal":1,"timelineOrdinal":153,"kind":"page","elapsedMs":40.44070799999827,"offset":0,"total":1,"unplacedTotal":7,"states":{"intent":0,"ready":0,"committed":0,"complete":0,"failed":0,"other":1}}
[timeline-page-observation] {"cycle":153,"processOrdinal":1,"timelineOrdinal":153,"kind":"complete","elapsedMs":40.85649999999805,"pages":1,"totalChanged":false,"mixedStates":false,"code":"none"}
[http-timing] {"sequence":274,"timelineOrdinal":154,"processOrdinal":1,"method":"GET","routeClass":"timeline","status":200,"headerElapsedMs":37,"bodyElapsedMs":0,"totalElapsedMs":37,"bytes":336331,"phase":"complete","outcome":"ok"}
[timeline-page-observation] {"cycle":154,"processOrdinal":1,"timelineOrdinal":154,"kind":"page","elapsedMs":38.46820799999841,"offset":0,"total":1,"unplacedTotal":7,"states":{"intent":0,"ready":0,"committed":0,"complete":0,"failed":0,"other":1}}
[timeline-page-observation] {"cycle":154,"processOrdinal":1,"timelineOrdinal":154,"kind":"complete","elapsedMs":38.88591599999927,"pages":1,"totalChanged":false,"mixedStates":false,"code":"none"}
[http-timing] {"sequence":275,"timelineOrdinal":155,"processOrdinal":1,"method":"GET","routeClass":"timeline","status":200,"headerElapsedMs":40,"bodyElapsedMs":0,"totalElapsedMs":40,"bytes":336331,"phase":"complete","outcome":"ok"}
[timeline-page-observation] {"cycle":155,"processOrdinal":1,"timelineOrdinal":155,"kind":"page","elapsedMs":41.12370899999951,"offset":0,"total":1,"unplacedTotal":7,"states":{"intent":0,"ready":0,"committed":0,"complete":0,"failed":0,"other":1}}
[timeline-page-observation] {"cycle":155,"processOrdinal":1,"timelineOrdinal":155,"kind":"complete","elapsedMs":41.56187499999942,"pages":1,"totalChanged":false,"mixedStates":false,"code":"none"}
[http-timing] {"sequence":276,"timelineOrdinal":156,"processOrdinal":1,"method":"GET","routeClass":"timeline","status":200,"headerElapsedMs":38,"bodyElapsedMs":1,"totalElapsedMs":38,"bytes":336331,"phase":"complete","outcome":"ok"}
[timeline-page-observation] {"cycle":156,"processOrdinal":1,"timelineOrdinal":156,"kind":"page","elapsedMs":39.89374999999927,"offset":0,"total":1,"unplacedTotal":7,"states":{"intent":0,"ready":0,"committed":0,"complete":0,"failed":0,"other":1}}
[timeline-page-observation] {"cycle":156,"processOrdinal":1,"timelineOrdinal":156,"kind":"complete","elapsedMs":40.698207999997976,"pages":1,"totalChanged":false,"mixedStates":false,"code":"none"}
[http-timing] {"sequence":277,"timelineOrdinal":157,"processOrdinal":1,"method":"GET","routeClass":"timeline","status":200,"headerElapsedMs":39,"bodyElapsedMs":0,"totalElapsedMs":39,"bytes":336331,"phase":"complete","outcome":"ok"}
[timeline-page-observation] {"cycle":157,"processOrdinal":1,"timelineOrdinal":157,"kind":"page","elapsedMs":40.32325000000128,"offset":0,"total":1,"unplacedTotal":7,"states":{"intent":0,"ready":0,"committed":0,"complete":0,"failed":0,"other":1}}
[timeline-page-observation] {"cycle":157,"processOrdinal":1,"timelineOrdinal":157,"kind":"complete","elapsedMs":40.736417000000074,"pages":1,"totalChanged":false,"mixedStates":false,"code":"none"}
[http-timing] {"sequence":278,"timelineOrdinal":158,"processOrdinal":1,"method":"GET","routeClass":"timeline","status":200,"headerElapsedMs":38,"bodyElapsedMs":0,"totalElapsedMs":39,"bytes":336331,"phase":"complete","outcome":"ok"}
[timeline-page-observation] {"cycle":158,"processOrdinal":1,"timelineOrdinal":158,"kind":"page","elapsedMs":39.82287499999802,"offset":0,"total":1,"unplacedTotal":7,"states":{"intent":0,"ready":0,"committed":0,"complete":0,"failed":0,"other":1}}
[timeline-page-observation] {"cycle":158,"processOrdinal":1,"timelineOrdinal":158,"kind":"complete","elapsedMs":40.23349999999846,"pages":1,"totalChanged":false,"mixedStates":false,"code":"none"}
[http-timing] {"sequence":279,"timelineOrdinal":159,"processOrdinal":1,"method":"GET","routeClass":"timeline","status":200,"headerElapsedMs":37,"bodyElapsedMs":0,"totalElapsedMs":37,"bytes":336331,"phase":"complete","outcome":"ok"}
[timeline-page-observation] {"cycle":159,"processOrdinal":1,"timelineOrdinal":159,"kind":"page","elapsedMs":38.52437500000087,"offset":0,"total":1,"unplacedTotal":7,"states":{"intent":0,"ready":0,"committed":0,"complete":0,"failed":0,"other":1}}
[timeline-page-observation] {"cycle":159,"processOrdinal":1,"timelineOrdinal":159,"kind":"complete","elapsedMs":38.954791000000114,"pages":1,"totalChanged":false,"mixedStates":false,"code":"none"}
[http-timing] {"sequence":280,"timelineOrdinal":160,"processOrdinal":1,"method":"GET","routeClass":"timeline","status":200,"headerElapsedMs":38,"bodyElapsedMs":0,"totalElapsedMs":38,"bytes":336331,"phase":"complete","outcome":"ok"}
[timeline-page-observation] {"cycle":160,"processOrdinal":1,"timelineOrdinal":160,"kind":"page","elapsedMs":39.34295900000143,"offset":0,"total":1,"unplacedTotal":7,"states":{"intent":0,"ready":0,"committed":0,"complete":0,"failed":0,"other":1}}
[timeline-page-observation] {"cycle":160,"processOrdinal":1,"timelineOrdinal":160,"kind":"complete","elapsedMs":39.749917000001005,"pages":1,"totalChanged":false,"mixedStates":false,"code":"none"}
[http-timing] {"sequence":281,"timelineOrdinal":161,"processOrdinal":1,"method":"GET","routeClass":"timeline","status":200,"headerElapsedMs":36,"bodyElapsedMs":0,"totalElapsedMs":36,"bytes":336331,"phase":"complete","outcome":"ok"}
[timeline-page-observation] {"cycle":161,"processOrdinal":1,"timelineOrdinal":161,"kind":"page","elapsedMs":37.723540999999386,"offset":0,"total":1,"unplacedTotal":7,"states":{"intent":0,"ready":0,"committed":0,"complete":0,"failed":0,"other":1}}
[timeline-page-observation] {"cycle":161,"processOrdinal":1,"timelineOrdinal":161,"kind":"complete","elapsedMs":38.13641599999755,"pages":1,"totalChanged":false,"mixedStates":false,"code":"none"}
[http-timing] {"sequence":282,"timelineOrdinal":162,"processOrdinal":1,"method":"GET","routeClass":"timeline","status":200,"headerElapsedMs":36,"bodyElapsedMs":0,"totalElapsedMs":36,"bytes":336331,"phase":"complete","outcome":"ok"}
[timeline-page-observation] {"cycle":162,"processOrdinal":1,"timelineOrdinal":162,"kind":"page","elapsedMs":37.41937500000131,"offset":0,"total":1,"unplacedTotal":7,"states":{"intent":0,"ready":0,"committed":0,"complete":0,"failed":0,"other":1}}
[timeline-page-observation] {"cycle":162,"processOrdinal":1,"timelineOrdinal":162,"kind":"complete","elapsedMs":37.84316700000272,"pages":1,"totalChanged":false,"mixedStates":false,"code":"none"}
[http-timing] {"sequence":283,"timelineOrdinal":163,"processOrdinal":1,"method":"GET","routeClass":"timeline","status":200,"headerElapsedMs":36,"bodyElapsedMs":0,"totalElapsedMs":36,"bytes":336331,"phase":"complete","outcome":"ok"}
[timeline-page-observation] {"cycle":163,"processOrdinal":1,"timelineOrdinal":163,"kind":"page","elapsedMs":37.60450000000128,"offset":0,"total":1,"unplacedTotal":7,"states":{"intent":0,"ready":0,"committed":0,"complete":0,"failed":0,"other":1}}
[timeline-page-observation] {"cycle":163,"processOrdinal":1,"timelineOrdinal":163,"kind":"complete","elapsedMs":38.029458000000886,"pages":1,"totalChanged":false,"mixedStates":false,"code":"none"}
[http-timing] {"sequence":284,"timelineOrdinal":164,"processOrdinal":1,"method":"GET","routeClass":"timeline","status":200,"headerElapsedMs":38,"bodyElapsedMs":0,"totalElapsedMs":38,"bytes":336331,"phase":"complete","outcome":"ok"}
[timeline-page-observation] {"cycle":164,"processOrdinal":1,"timelineOrdinal":164,"kind":"page","elapsedMs":39.22595799999908,"offset":0,"total":1,"unplacedTotal":7,"states":{"intent":0,"ready":0,"committed":0,"complete":0,"failed":0,"other":1}}
[timeline-page-observation] {"cycle":164,"processOrdinal":1,"timelineOrdinal":164,"kind":"complete","elapsedMs":39.65116699999999,"pages":1,"totalChanged":false,"mixedStates":false,"code":"none"}
[http-timing] {"sequence":285,"timelineOrdinal":165,"processOrdinal":1,"method":"GET","routeClass":"timeline","status":200,"headerElapsedMs":37,"bodyElapsedMs":0,"totalElapsedMs":37,"bytes":336331,"phase":"complete","outcome":"ok"}
[timeline-page-observation] {"cycle":165,"processOrdinal":1,"timelineOrdinal":165,"kind":"page","elapsedMs":38.49541599999793,"offset":0,"total":1,"unplacedTotal":7,"states":{"intent":0,"ready":0,"committed":0,"complete":0,"failed":0,"other":1}}
[timeline-page-observation] {"cycle":165,"processOrdinal":1,"timelineOrdinal":165,"kind":"complete","elapsedMs":38.90195799999856,"pages":1,"totalChanged":false,"mixedStates":false,"code":"none"}
[http-timing] {"sequence":286,"timelineOrdinal":166,"processOrdinal":1,"method":"GET","routeClass":"timeline","status":200,"headerElapsedMs":37,"bodyElapsedMs":0,"totalElapsedMs":37,"bytes":336331,"phase":"complete","outcome":"ok"}
[timeline-page-observation] {"cycle":166,"processOrdinal":1,"timelineOrdinal":166,"kind":"page","elapsedMs":38.39500000000044,"offset":0,"total":1,"unplacedTotal":7,"states":{"intent":0,"ready":0,"committed":0,"complete":0,"failed":0,"other":1}}
[timeline-page-observation] {"cycle":166,"processOrdinal":1,"timelineOrdinal":166,"kind":"complete","elapsedMs":38.810207999998966,"pages":1,"totalChanged":false,"mixedStates":false,"code":"none"}
[http-timing] {"sequence":287,"timelineOrdinal":167,"processOrdinal":1,"method":"GET","routeClass":"timeline","status":200,"headerElapsedMs":38,"bodyElapsedMs":0,"totalElapsedMs":38,"bytes":336331,"phase":"complete","outcome":"ok"}
[timeline-page-observation] {"cycle":167,"processOrdinal":1,"timelineOrdinal":167,"kind":"page","elapsedMs":39.12879199999952,"offset":0,"total":1,"unplacedTotal":7,"states":{"intent":0,"ready":0,"committed":0,"complete":0,"failed":0,"other":1}}
[timeline-page-observation] {"cycle":167,"processOrdinal":1,"timelineOrdinal":167,"kind":"complete","elapsedMs":39.5412499999984,"pages":1,"totalChanged":false,"mixedStates":false,"code":"none"}
[http-timing] {"sequence":288,"timelineOrdinal":168,"processOrdinal":1,"method":"GET","routeClass":"timeline","status":200,"headerElapsedMs":38,"bodyElapsedMs":1,"totalElapsedMs":38,"bytes":336331,"phase":"complete","outcome":"ok"}
[timeline-page-observation] {"cycle":168,"processOrdinal":1,"timelineOrdinal":168,"kind":"page","elapsedMs":39.708458000000974,"offset":0,"total":1,"unplacedTotal":7,"states":{"intent":0,"ready":0,"committed":0,"complete":0,"failed":0,"other":1}}
[timeline-page-observation] {"cycle":168,"processOrdinal":1,"timelineOrdinal":168,"kind":"complete","elapsedMs":40.2266660000023,"pages":1,"totalChanged":false,"mixedStates":false,"code":"none"}
[http-timing] {"sequence":289,"timelineOrdinal":169,"processOrdinal":1,"method":"GET","routeClass":"timeline","status":200,"headerElapsedMs":37,"bodyElapsedMs":0,"totalElapsedMs":37,"bytes":336331,"phase":"complete","outcome":"ok"}
[timeline-page-observation] {"cycle":169,"processOrdinal":1,"timelineOrdinal":169,"kind":"page","elapsedMs":38.37162499999977,"offset":0,"total":1,"unplacedTotal":7,"states":{"intent":0,"ready":0,"committed":0,"complete":0,"failed":0,"other":1}}
[timeline-page-observation] {"cycle":169,"processOrdinal":1,"timelineOrdinal":169,"kind":"complete","elapsedMs":38.83354200000031,"pages":1,"totalChanged":false,"mixedStates":false,"code":"none"}
[http-timing] {"sequence":290,"timelineOrdinal":170,"processOrdinal":1,"method":"GET","routeClass":"timeline","status":200,"headerElapsedMs":38,"bodyElapsedMs":0,"totalElapsedMs":38,"bytes":336331,"phase":"complete","outcome":"ok"}
[timeline-page-observation] {"cycle":170,"processOrdinal":1,"timelineOrdinal":170,"kind":"page","elapsedMs":39.69758400000137,"offset":0,"total":1,"unplacedTotal":7,"states":{"intent":0,"ready":0,"committed":0,"complete":0,"failed":0,"other":1}}
[timeline-page-observation] {"cycle":170,"processOrdinal":1,"timelineOrdinal":170,"kind":"complete","elapsedMs":40.103917000000365,"pages":1,"totalChanged":false,"mixedStates":false,"code":"none"}
[http-timing] {"sequence":291,"timelineOrdinal":171,"processOrdinal":1,"method":"GET","routeClass":"timeline","status":200,"headerElapsedMs":37,"bodyElapsedMs":0,"totalElapsedMs":38,"bytes":336331,"phase":"complete","outcome":"ok"}
[timeline-page-observation] {"cycle":171,"processOrdinal":1,"timelineOrdinal":171,"kind":"page","elapsedMs":38.91250000000218,"offset":0,"total":1,"unplacedTotal":7,"states":{"intent":0,"ready":0,"committed":0,"complete":0,"failed":0,"other":1}}
[timeline-page-observation] {"cycle":171,"processOrdinal":1,"timelineOrdinal":171,"kind":"complete","elapsedMs":39.32879099999991,"pages":1,"totalChanged":false,"mixedStates":false,"code":"none"}
[http-timing] {"sequence":292,"timelineOrdinal":172,"processOrdinal":1,"method":"GET","routeClass":"timeline","status":200,"headerElapsedMs":39,"bodyElapsedMs":0,"totalElapsedMs":39,"bytes":336331,"phase":"complete","outcome":"ok"}
[timeline-page-observation] {"cycle":172,"processOrdinal":1,"timelineOrdinal":172,"kind":"page","elapsedMs":40.98699999999735,"offset":0,"total":1,"unplacedTotal":7,"states":{"intent":0,"ready":0,"committed":0,"complete":0,"failed":0,"other":1}}
[timeline-page-observation] {"cycle":172,"processOrdinal":1,"timelineOrdinal":172,"kind":"complete","elapsedMs":41.4016249999986,"pages":1,"totalChanged":false,"mixedStates":false,"code":"none"}
[http-timing] {"sequence":293,"timelineOrdinal":173,"processOrdinal":1,"method":"GET","routeClass":"timeline","status":200,"headerElapsedMs":37,"bodyElapsedMs":0,"totalElapsedMs":37,"bytes":336331,"phase":"complete","outcome":"ok"}
[timeline-page-observation] {"cycle":173,"processOrdinal":1,"timelineOrdinal":173,"kind":"page","elapsedMs":38.15679200000159,"offset":0,"total":1,"unplacedTotal":7,"states":{"intent":0,"ready":0,"committed":0,"complete":0,"failed":0,"other":1}}
[timeline-page-observation] {"cycle":173,"processOrdinal":1,"timelineOrdinal":173,"kind":"complete","elapsedMs":38.55904200000077,"pages":1,"totalChanged":false,"mixedStates":false,"code":"none"}
[http-timing] {"sequence":294,"timelineOrdinal":174,"processOrdinal":1,"method":"GET","routeClass":"timeline","status":200,"headerElapsedMs":310,"bodyElapsedMs":0,"totalElapsedMs":310,"bytes":336331,"phase":"complete","outcome":"ok"}
[timeline-page-observation] {"cycle":174,"processOrdinal":1,"timelineOrdinal":174,"kind":"page","elapsedMs":311.5221249999995,"offset":0,"total":1,"unplacedTotal":7,"states":{"intent":0,"ready":0,"committed":0,"complete":0,"failed":0,"other":1}}
[timeline-page-observation] {"cycle":174,"processOrdinal":1,"timelineOrdinal":174,"kind":"complete","elapsedMs":311.9265830000004,"pages":1,"totalChanged":false,"mixedStates":false,"code":"none"}
[http-timing] {"sequence":295,"timelineOrdinal":175,"processOrdinal":1,"method":"GET","routeClass":"timeline","status":200,"headerElapsedMs":600,"bodyElapsedMs":0,"totalElapsedMs":600,"bytes":559149,"phase":"complete","outcome":"ok"}
[timeline-page-observation] {"cycle":175,"processOrdinal":1,"timelineOrdinal":175,"kind":"page","elapsedMs":601.5633340000022,"offset":0,"total":1,"unplacedTotal":8,"states":{"intent":0,"ready":0,"committed":0,"complete":0,"failed":0,"other":1}}
[timeline-page-observation] {"cycle":175,"processOrdinal":1,"timelineOrdinal":175,"kind":"complete","elapsedMs":602.2257500000014,"pages":1,"totalChanged":false,"mixedStates":false,"code":"none"}
[http-timing] {"sequence":296,"timelineOrdinal":176,"processOrdinal":1,"method":"GET","routeClass":"timeline","status":200,"headerElapsedMs":828,"bodyElapsedMs":0,"totalElapsedMs":828,"bytes":633870,"phase":"complete","outcome":"ok"}
[timeline-page-observation] {"cycle":176,"processOrdinal":1,"timelineOrdinal":176,"kind":"page","elapsedMs":829.7330000000002,"offset":0,"total":1,"unplacedTotal":9,"states":{"intent":0,"ready":0,"committed":0,"complete":0,"failed":0,"other":1}}
[timeline-page-observation] {"cycle":176,"processOrdinal":1,"timelineOrdinal":176,"kind":"complete","elapsedMs":830.5194580000025,"pages":1,"totalChanged":false,"mixedStates":false,"code":"none"}
[http-timing] {"sequence":297,"timelineOrdinal":177,"processOrdinal":1,"method":"GET","routeClass":"timeline","status":200,"headerElapsedMs":380,"bodyElapsedMs":0,"totalElapsedMs":381,"bytes":633870,"phase":"complete","outcome":"ok"}
[timeline-page-observation] {"cycle":177,"processOrdinal":1,"timelineOrdinal":177,"kind":"page","elapsedMs":382.3042920000007,"offset":0,"total":1,"unplacedTotal":9,"states":{"intent":0,"ready":0,"committed":0,"complete":0,"failed":0,"other":1}}
[timeline-page-observation] {"cycle":177,"processOrdinal":1,"timelineOrdinal":177,"kind":"complete","elapsedMs":383.07633400000486,"pages":1,"totalChanged":false,"mixedStates":false,"code":"none"}
[http-timing] {"sequence":298,"timelineOrdinal":178,"processOrdinal":1,"method":"GET","routeClass":"timeline","status":200,"headerElapsedMs":382,"bodyElapsedMs":0,"totalElapsedMs":383,"bytes":633870,"phase":"complete","outcome":"ok"}
[timeline-page-observation] {"cycle":178,"processOrdinal":1,"timelineOrdinal":178,"kind":"page","elapsedMs":384.1262080000015,"offset":0,"total":1,"unplacedTotal":9,"states":{"intent":0,"ready":0,"committed":0,"complete":0,"failed":0,"other":1}}
[timeline-page-observation] {"cycle":178,"processOrdinal":1,"timelineOrdinal":178,"kind":"complete","elapsedMs":384.8950829999958,"pages":1,"totalChanged":false,"mixedStates":false,"code":"none"}
[http-timing] {"sequence":299,"timelineOrdinal":179,"processOrdinal":1,"method":"GET","routeClass":"timeline","status":200,"headerElapsedMs":378,"bodyElapsedMs":0,"totalElapsedMs":379,"bytes":633870,"phase":"complete","outcome":"ok"}
[timeline-page-observation] {"cycle":179,"processOrdinal":1,"timelineOrdinal":179,"kind":"page","elapsedMs":380.24112500000047,"offset":0,"total":1,"unplacedTotal":9,"states":{"intent":0,"ready":0,"committed":0,"complete":0,"failed":0,"other":1}}
[timeline-page-observation] {"cycle":179,"processOrdinal":1,"timelineOrdinal":179,"kind":"complete","elapsedMs":380.98845900000015,"pages":1,"totalChanged":false,"mixedStates":false,"code":"none"}
[http-timing] {"sequence":300,"timelineOrdinal":180,"processOrdinal":1,"method":"GET","routeClass":"timeline","status":200,"headerElapsedMs":388,"bodyElapsedMs":0,"totalElapsedMs":388,"bytes":633870,"phase":"complete","outcome":"ok"}
[timeline-page-observation] {"cycle":180,"processOrdinal":1,"timelineOrdinal":180,"kind":"page","elapsedMs":389.61308299999655,"offset":0,"total":1,"unplacedTotal":9,"states":{"intent":0,"ready":0,"committed":0,"complete":0,"failed":0,"other":1}}
[timeline-page-observation] {"cycle":180,"processOrdinal":1,"timelineOrdinal":180,"kind":"complete","elapsedMs":390.37320799999725,"pages":1,"totalChanged":false,"mixedStates":false,"code":"none"}
[http-timing] {"sequence":301,"timelineOrdinal":181,"processOrdinal":1,"method":"GET","routeClass":"timeline","status":200,"headerElapsedMs":385,"bodyElapsedMs":0,"totalElapsedMs":385,"bytes":633870,"phase":"complete","outcome":"ok"}
[timeline-page-observation] {"cycle":181,"processOrdinal":1,"timelineOrdinal":181,"kind":"page","elapsedMs":387.0848330000008,"offset":0,"total":1,"unplacedTotal":9,"states":{"intent":0,"ready":0,"committed":0,"complete":0,"failed":0,"other":1}}
[timeline-page-observation] {"cycle":181,"processOrdinal":1,"timelineOrdinal":181,"kind":"complete","elapsedMs":387.8488329999964,"pages":1,"totalChanged":false,"mixedStates":false,"code":"none"}
[http-timing] {"sequence":302,"timelineOrdinal":182,"processOrdinal":1,"method":"GET","routeClass":"timeline","status":200,"headerElapsedMs":392,"bodyElapsedMs":0,"totalElapsedMs":393,"bytes":633870,"phase":"complete","outcome":"ok"}
[timeline-page-observation] {"cycle":182,"processOrdinal":1,"timelineOrdinal":182,"kind":"page","elapsedMs":394.192833000001,"offset":0,"total":1,"unplacedTotal":9,"states":{"intent":0,"ready":0,"committed":0,"complete":0,"failed":0,"other":1}}
[timeline-page-observation] {"cycle":182,"processOrdinal":1,"timelineOrdinal":182,"kind":"complete","elapsedMs":394.9324579999957,"pages":1,"totalChanged":false,"mixedStates":false,"code":"none"}
[http-timing] {"sequence":303,"timelineOrdinal":183,"processOrdinal":1,"method":"GET","routeClass":"timeline","status":200,"headerElapsedMs":391,"bodyElapsedMs":0,"totalElapsedMs":392,"bytes":633870,"phase":"complete","outcome":"ok"}
[timeline-page-observation] {"cycle":183,"processOrdinal":1,"timelineOrdinal":183,"kind":"page","elapsedMs":393.4060000000027,"offset":0,"total":1,"unplacedTotal":9,"states":{"intent":0,"ready":0,"committed":0,"complete":0,"failed":0,"other":1}}
[timeline-page-observation] {"cycle":183,"processOrdinal":1,"timelineOrdinal":183,"kind":"complete","elapsedMs":394.2609589999993,"pages":1,"totalChanged":false,"mixedStates":false,"code":"none"}
[http-timing] {"sequence":304,"timelineOrdinal":184,"processOrdinal":1,"method":"GET","routeClass":"timeline","status":200,"headerElapsedMs":1194,"bodyElapsedMs":1,"totalElapsedMs":1195,"bytes":856697,"phase":"complete","outcome":"ok"}
[timeline-page-observation] {"cycle":184,"processOrdinal":1,"timelineOrdinal":184,"kind":"page","elapsedMs":1196.7877090000038,"offset":0,"total":1,"unplacedTotal":10,"states":{"intent":0,"ready":0,"committed":0,"complete":0,"failed":0,"other":1}}
[timeline-page-observation] {"cycle":184,"processOrdinal":1,"timelineOrdinal":184,"kind":"complete","elapsedMs":1197.9111669999984,"pages":1,"totalChanged":false,"mixedStates":false,"code":"none"}
[http-timing] {"sequence":305,"timelineOrdinal":185,"processOrdinal":1,"method":"GET","routeClass":"timeline","status":200,"headerElapsedMs":1135,"bodyElapsedMs":0,"totalElapsedMs":1135,"bytes":856934,"phase":"complete","outcome":"ok"}
[timeline-page-observation] {"cycle":185,"processOrdinal":1,"timelineOrdinal":185,"kind":"page","elapsedMs":1136.926542000001,"offset":0,"total":1,"unplacedTotal":10,"states":{"intent":1,"ready":0,"committed":0,"complete":0,"failed":0,"other":0}}
[timeline-page-observation] {"cycle":185,"processOrdinal":1,"timelineOrdinal":185,"kind":"complete","elapsedMs":1137.970417000004,"pages":1,"totalChanged":false,"mixedStates":false,"code":"none"}
[timeline-state] {"reason":"event-not-complete","rowCount":1,"jobCount":1,"outputCount":0,"referenceMatches":true,"truncated":false,"rows":[{"jobState":"intent","completeness":"unknown","catalogState":"absent","playable":false,"request":{"timeBasis":"media-pts-ms","startTimeMs":"17033","endTimeMs":"17033","preMs":"750","postMs":"750"}}]}
[http-timing] {"sequence":306,"timelineOrdinal":186,"processOrdinal":1,"method":"GET","routeClass":"timeline","status":200,"headerElapsedMs":750,"bodyElapsedMs":0,"totalElapsedMs":750,"bytes":856934,"phase":"complete","outcome":"ok"}
[timeline-page-observation] {"cycle":186,"processOrdinal":1,"timelineOrdinal":186,"kind":"page","elapsedMs":752.0796659999978,"offset":0,"total":1,"unplacedTotal":10,"states":{"intent":1,"ready":0,"committed":0,"complete":0,"failed":0,"other":0}}
[timeline-page-observation] {"cycle":186,"processOrdinal":1,"timelineOrdinal":186,"kind":"complete","elapsedMs":753.1091249999954,"pages":1,"totalChanged":false,"mixedStates":false,"code":"none"}
[http-timing] {"sequence":307,"timelineOrdinal":187,"processOrdinal":1,"method":"GET","routeClass":"timeline","status":200,"headerElapsedMs":771,"bodyElapsedMs":1,"totalElapsedMs":772,"bytes":923021,"phase":"complete","outcome":"ok"}
[timeline-page-observation] {"cycle":187,"processOrdinal":1,"timelineOrdinal":187,"kind":"page","elapsedMs":773.8143749999945,"offset":0,"total":2,"unplacedTotal":11,"states":{"intent":1,"ready":0,"committed":0,"complete":0,"failed":0,"other":0}}
[timeline-page-observation] {"cycle":187,"processOrdinal":1,"timelineOrdinal":187,"kind":"complete","elapsedMs":775.3233330000003,"pages":1,"totalChanged":false,"mixedStates":false,"code":"none"}
[http-timing] {"sequence":308,"timelineOrdinal":188,"processOrdinal":1,"method":"GET","routeClass":"timeline","status":200,"headerElapsedMs":749,"bodyElapsedMs":0,"totalElapsedMs":749,"bytes":923021,"phase":"complete","outcome":"ok"}
[timeline-page-observation] {"cycle":188,"processOrdinal":1,"timelineOrdinal":188,"kind":"page","elapsedMs":751.4344579999961,"offset":0,"total":2,"unplacedTotal":11,"states":{"intent":1,"ready":0,"committed":0,"complete":0,"failed":0,"other":0}}
[timeline-page-observation] {"cycle":188,"processOrdinal":1,"timelineOrdinal":188,"kind":"complete","elapsedMs":752.5554579999953,"pages":1,"totalChanged":false,"mixedStates":false,"code":"none"}
[http-timing] {"sequence":309,"timelineOrdinal":189,"processOrdinal":1,"method":"GET","routeClass":"timeline","status":200,"headerElapsedMs":744,"bodyElapsedMs":0,"totalElapsedMs":745,"bytes":923021,"phase":"complete","outcome":"ok"}
[timeline-page-observation] {"cycle":189,"processOrdinal":1,"timelineOrdinal":189,"kind":"page","elapsedMs":746.6562919999997,"offset":0,"total":2,"unplacedTotal":11,"states":{"intent":1,"ready":0,"committed":0,"complete":0,"failed":0,"other":0}}
[timeline-page-observation] {"cycle":189,"processOrdinal":1,"timelineOrdinal":189,"kind":"complete","elapsedMs":747.8142089999965,"pages":1,"totalChanged":false,"mixedStates":false,"code":"none"}
[http-timing] {"sequence":310,"timelineOrdinal":190,"processOrdinal":1,"method":"GET","routeClass":"timeline","status":200,"headerElapsedMs":2150,"bodyElapsedMs":0,"totalElapsedMs":2150,"bytes":1145849,"phase":"complete","outcome":"ok"}
[timeline-page-observation] {"cycle":190,"processOrdinal":1,"timelineOrdinal":190,"kind":"page","elapsedMs":2152.601625000003,"offset":0,"total":2,"unplacedTotal":12,"states":{"intent":0,"ready":2,"committed":0,"complete":0,"failed":0,"other":0}}
[timeline-page-observation] {"cycle":190,"processOrdinal":1,"timelineOrdinal":190,"kind":"complete","elapsedMs":2153.9434580000016,"pages":1,"totalChanged":false,"mixedStates":false,"code":"none"}
[timeline-state] {"reason":"event-not-complete","rowCount":2,"jobCount":1,"outputCount":2,"referenceMatches":true,"truncated":false,"rows":[{"jobState":"ready","completeness":"complete","catalogState":"unknown","playable":false,"request":{"timeBasis":"media-pts-ms","startTimeMs":"17033","endTimeMs":"17033","preMs":"750","postMs":"750"}},{"jobState":"ready","completeness":"complete","catalogState":"unknown","playable":false,"request":{"timeBasis":"media-pts-ms","startTimeMs":"17033","endTimeMs":"17033","preMs":"750","postMs":"750"}}]}
[http-timing] {"sequence":311,"timelineOrdinal":191,"processOrdinal":1,"method":"GET","routeClass":"timeline","status":200,"headerElapsedMs":1104,"bodyElapsedMs":1,"totalElapsedMs":1105,"bytes":1146086,"phase":"complete","outcome":"ok"}
[timeline-page-observation] {"cycle":191,"processOrdinal":1,"timelineOrdinal":191,"kind":"page","elapsedMs":1108.2380409999969,"offset":0,"total":2,"unplacedTotal":12,"states":{"intent":0,"ready":0,"committed":0,"complete":2,"failed":0,"other":0}}
[timeline-page-observation] {"cycle":191,"processOrdinal":1,"timelineOrdinal":191,"kind":"complete","elapsedMs":1109.7290409999987,"pages":1,"totalChanged":false,"mixedStates":false,"code":"none"}
[timeline-state] {"reason":"ok","rowCount":2,"jobCount":1,"outputCount":2,"referenceMatches":true,"truncated":false,"rows":[{"jobState":"complete","completeness":"complete","catalogState":"finalized","playable":true,"request":{"timeBasis":"media-pts-ms","startTimeMs":"17033","endTimeMs":"17033","preMs":"750","postMs":"750"}},{"jobState":"complete","completeness":"complete","catalogState":"finalized","playable":true,"request":{"timeBasis":"media-pts-ms","startTimeMs":"17033","endTimeMs":"17033","preMs":"750","postMs":"750"}}]}
[transition-observation] {"kind":"end","referenceSha256":"c4f8956731eef44f1fd95e72c6854a12ad90316b5b31ad7e374f550520d40ddf","processOrdinal":1,"clientAtMs":46860.885041,"elapsedMs":27347.036500000002,"deadlineMs":30000,"returnedAfterBudget":false,"outcome":"complete","firstTimelineOrdinal":84,"lastTimelineOrdinal":191,"scope":"full-page-two-outputs"}
[terminal-observation] {"processOrdinal":1,"referenceSha256":"c4f8956731eef44f1fd95e72c6854a12ad90316b5b31ad7e374f550520d40ddf","unplacedUnit":"file","terminalObserved":true,"firstObservedMs":46854.198666,"firstPageOffset":0,"firstTimelineOrdinal":191,"mixedStates":true,"observedOutputCount":2,"fullOutputPass":false,"invalid":false,"fullPageStatus":"complete","changedCycles":0,"waitOutcome":"complete"}
[pass] S11-CI07 run1 literal two output files all pages
[http-timing] {"sequence":312,"timelineOrdinal":null,"processOrdinal":1,"method":"GET","routeClass":"media","status":200,"headerElapsedMs":502,"bodyElapsedMs":2,"totalElapsedMs":504,"bytes":4817392,"phase":"complete","outcome":"ok"}
[pass] S11-CI07 run1 output1 HTTP200
[http-timing] {"sequence":313,"timelineOrdinal":null,"processOrdinal":1,"method":"GET","routeClass":"media","status":200,"headerElapsedMs":506,"bodyElapsedMs":3,"totalElapsedMs":509,"bytes":5227129,"phase":"complete","outcome":"ok"}
[pass] S11-CI07 run1 output2 HTTP200
[http-timing] {"sequence":314,"timelineOrdinal":null,"processOrdinal":1,"method":"DELETE","routeClass":"tap","status":200,"headerElapsedMs":100,"bodyElapsedMs":0,"totalElapsedMs":100,"bytes":26,"phase":"complete","outcome":"ok"}
[process-stop] {"processOrdinal":1,"schema":"recording-process-cleanup-v1","attemptCount":1,"pid":68706,"exitCode":0,"signalCode":null,"exitedObserved":true,"stopCode":"complete","forcedTermination":"not-used","normalExitPass":true,"normalShutdownPass":true,"archiveSafe":true,"ports":[{"kind":"http","port":51746,"status":"pass","code":"closed","closed":true},{"kind":"rtsp","port":51747,"status":"pass","code":"closed","closed":true}]}
[writer-evidence-status] {"basis":"run-wide-stderr","sourceBindingEquivalent":false,"total":0,"truncated":false,"counts":[]}
[process-evidence] {"processOrdinal":1,"evidenceFile":"process-29654282-dd20-4490-8386-d6a41563854e.json"}
[pass] S11-CI08 product-1 exit0 ports returned
[pass] S11-CI11 copy1 bytes/hash exact before Open
[pass] S11-CI11 copy1 same-axis request two sources typed proof
[pass] S11-CI11 original1 unchanged by copy recovery
[pass] S11-CI07 output owned regular hash dj-93dfe52ff23db956161abddaedff1c6431f7dbe7cff65338e21b43b3f0c08bb9-o0
[pass] S11-CI07 output owned regular hash dj-93dfe52ff23db956161abddaedff1c6431f7dbe7cff65338e21b43b3f0c08bb9-o1
[archive-proof] {"referenceId":"event-reference-22b28d4894d95754a64d6b41f6072eca7b6ce59ad9fff38201498d7feb232ecf","eventId":"evt_1790170525708_128","jobId":"dj-93dfe52ff23db956161abddaedff1c6431f7dbe7cff65338e21b43b3f0c08bb9","timeBasis":"media-pts-ms","expandedStartNs":"16283000000","expandedEndNs":"17783000000","epoch":"9827ea4e-ee13-4a1e-b46e-07f429d53191","generation":"44741d82-8f56-4d8c-bd58-19f1e0910ffd","generationOrder":"1","track":"1c45f25417b2e881d2af1950499bdeb886e716dc79f842e863c45359b332852f/001","sources":[{"id":"cc0ed0c9-ab9c-4592-8c9f-b16530bd4ea4","startPts":"8333333333","endPts":"16666666666","order":"2"},{"id":"adb5e139-1279-4a28-9009-5fcf204a9c9f","startPts":"16666666666","endPts":"24999999999","order":"3"}],"outputs":[{"id":"dj-93dfe52ff23db956161abddaedff1c6431f7dbe7cff65338e21b43b3f0c08bb9-o0","hash":"98a7e32b19145d9c365440eece53a59780f9e31f62a18779eecbffa31fcf7de7","bytes":"4817392"},{"id":"dj-93dfe52ff23db956161abddaedff1c6431f7dbe7cff65338e21b43b3f0c08bb9-o1","hash":"94a3669acb4cea0a7171003595918c18ef9d42dc9f1282103ecb5091d91056b2","bytes":"5227129"}],"copyCatalogOpened":true}
[process-start] {"processOrdinal":2,"pid":68798,"ports":[{"kind":"http","port":52082},{"kind":"rtsp","port":52083}]}
[http-timing] {"sequence":315,"timelineOrdinal":null,"processOrdinal":2,"method":"GET","routeClass":"health","status":null,"headerElapsedMs":null,"bodyElapsedMs":null,"totalElapsedMs":0,"bytes":0,"phase":"header","outcome":"error"}
[http-timing] {"sequence":316,"timelineOrdinal":null,"processOrdinal":2,"method":"GET","routeClass":"health","status":null,"headerElapsedMs":null,"bodyElapsedMs":null,"totalElapsedMs":0,"bytes":0,"phase":"header","outcome":"error"}
[http-timing] {"sequence":317,"timelineOrdinal":null,"processOrdinal":2,"method":"GET","routeClass":"health","status":null,"headerElapsedMs":null,"bodyElapsedMs":null,"totalElapsedMs":0,"bytes":0,"phase":"header","outcome":"error"}
[http-timing] {"sequence":318,"timelineOrdinal":null,"processOrdinal":2,"method":"GET","routeClass":"health","status":null,"headerElapsedMs":null,"bodyElapsedMs":null,"totalElapsedMs":0,"bytes":0,"phase":"header","outcome":"error"}
[http-timing] {"sequence":319,"timelineOrdinal":null,"processOrdinal":2,"method":"GET","routeClass":"health","status":null,"headerElapsedMs":null,"bodyElapsedMs":null,"totalElapsedMs":0,"bytes":0,"phase":"header","outcome":"error"}
[http-timing] {"sequence":320,"timelineOrdinal":null,"processOrdinal":2,"method":"GET","routeClass":"health","status":null,"headerElapsedMs":null,"bodyElapsedMs":null,"totalElapsedMs":1,"bytes":0,"phase":"header","outcome":"error"}
[http-timing] {"sequence":321,"timelineOrdinal":null,"processOrdinal":2,"method":"GET","routeClass":"health","status":null,"headerElapsedMs":null,"bodyElapsedMs":null,"totalElapsedMs":0,"bytes":0,"phase":"header","outcome":"error"}
[http-timing] {"sequence":322,"timelineOrdinal":null,"processOrdinal":2,"method":"GET","routeClass":"health","status":null,"headerElapsedMs":null,"bodyElapsedMs":null,"totalElapsedMs":0,"bytes":0,"phase":"header","outcome":"error"}
[http-timing] {"sequence":323,"timelineOrdinal":null,"processOrdinal":2,"method":"GET","routeClass":"health","status":null,"headerElapsedMs":null,"bodyElapsedMs":null,"totalElapsedMs":0,"bytes":0,"phase":"header","outcome":"error"}
[http-timing] {"sequence":324,"timelineOrdinal":null,"processOrdinal":2,"method":"GET","routeClass":"health","status":null,"headerElapsedMs":null,"bodyElapsedMs":null,"totalElapsedMs":0,"bytes":0,"phase":"header","outcome":"error"}
[http-timing] {"sequence":325,"timelineOrdinal":null,"processOrdinal":2,"method":"GET","routeClass":"health","status":null,"headerElapsedMs":null,"bodyElapsedMs":null,"totalElapsedMs":0,"bytes":0,"phase":"header","outcome":"error"}
[http-timing] {"sequence":326,"timelineOrdinal":null,"processOrdinal":2,"method":"GET","routeClass":"health","status":null,"headerElapsedMs":null,"bodyElapsedMs":null,"totalElapsedMs":0,"bytes":0,"phase":"header","outcome":"error"}
[http-timing] {"sequence":327,"timelineOrdinal":null,"processOrdinal":2,"method":"GET","routeClass":"health","status":null,"headerElapsedMs":null,"bodyElapsedMs":null,"totalElapsedMs":0,"bytes":0,"phase":"header","outcome":"error"}
[http-timing] {"sequence":328,"timelineOrdinal":null,"processOrdinal":2,"method":"GET","routeClass":"health","status":null,"headerElapsedMs":null,"bodyElapsedMs":null,"totalElapsedMs":1,"bytes":0,"phase":"header","outcome":"error"}
[http-timing] {"sequence":329,"timelineOrdinal":null,"processOrdinal":2,"method":"GET","routeClass":"health","status":null,"headerElapsedMs":null,"bodyElapsedMs":null,"totalElapsedMs":0,"bytes":0,"phase":"header","outcome":"error"}
[http-timing] {"sequence":330,"timelineOrdinal":null,"processOrdinal":2,"method":"GET","routeClass":"health","status":null,"headerElapsedMs":null,"bodyElapsedMs":null,"totalElapsedMs":0,"bytes":0,"phase":"header","outcome":"error"}
[http-timing] {"sequence":331,"timelineOrdinal":null,"processOrdinal":2,"method":"GET","routeClass":"health","status":null,"headerElapsedMs":null,"bodyElapsedMs":null,"totalElapsedMs":0,"bytes":0,"phase":"header","outcome":"error"}
[http-timing] {"sequence":332,"timelineOrdinal":null,"processOrdinal":2,"method":"GET","routeClass":"health","status":null,"headerElapsedMs":null,"bodyElapsedMs":null,"totalElapsedMs":0,"bytes":0,"phase":"header","outcome":"error"}
[http-timing] {"sequence":333,"timelineOrdinal":null,"processOrdinal":2,"method":"GET","routeClass":"health","status":null,"headerElapsedMs":null,"bodyElapsedMs":null,"totalElapsedMs":0,"bytes":0,"phase":"header","outcome":"error"}
[http-timing] {"sequence":334,"timelineOrdinal":null,"processOrdinal":2,"method":"GET","routeClass":"health","status":null,"headerElapsedMs":null,"bodyElapsedMs":null,"totalElapsedMs":0,"bytes":0,"phase":"header","outcome":"error"}
[http-timing] {"sequence":335,"timelineOrdinal":null,"processOrdinal":2,"method":"GET","routeClass":"health","status":null,"headerElapsedMs":null,"bodyElapsedMs":null,"totalElapsedMs":0,"bytes":0,"phase":"header","outcome":"error"}
[http-timing] {"sequence":336,"timelineOrdinal":null,"processOrdinal":2,"method":"GET","routeClass":"health","status":null,"headerElapsedMs":null,"bodyElapsedMs":null,"totalElapsedMs":1,"bytes":0,"phase":"header","outcome":"error"}
[http-timing] {"sequence":337,"timelineOrdinal":null,"processOrdinal":2,"method":"GET","routeClass":"health","status":null,"headerElapsedMs":null,"bodyElapsedMs":null,"totalElapsedMs":0,"bytes":0,"phase":"header","outcome":"error"}
[http-timing] {"sequence":338,"timelineOrdinal":null,"processOrdinal":2,"method":"GET","routeClass":"health","status":null,"headerElapsedMs":null,"bodyElapsedMs":null,"totalElapsedMs":0,"bytes":0,"phase":"header","outcome":"error"}
[http-timing] {"sequence":339,"timelineOrdinal":null,"processOrdinal":2,"method":"GET","routeClass":"health","status":null,"headerElapsedMs":null,"bodyElapsedMs":null,"totalElapsedMs":0,"bytes":0,"phase":"header","outcome":"error"}
[http-timing] {"sequence":340,"timelineOrdinal":null,"processOrdinal":2,"method":"GET","routeClass":"health","status":null,"headerElapsedMs":null,"bodyElapsedMs":null,"totalElapsedMs":0,"bytes":0,"phase":"header","outcome":"error"}
[http-timing] {"sequence":341,"timelineOrdinal":null,"processOrdinal":2,"method":"GET","routeClass":"health","status":null,"headerElapsedMs":null,"bodyElapsedMs":null,"totalElapsedMs":0,"bytes":0,"phase":"header","outcome":"error"}
[http-timing] {"sequence":342,"timelineOrdinal":null,"processOrdinal":2,"method":"GET","routeClass":"health","status":null,"headerElapsedMs":null,"bodyElapsedMs":null,"totalElapsedMs":0,"bytes":0,"phase":"header","outcome":"error"}
[http-timing] {"sequence":343,"timelineOrdinal":null,"processOrdinal":2,"method":"GET","routeClass":"health","status":null,"headerElapsedMs":null,"bodyElapsedMs":null,"totalElapsedMs":0,"bytes":0,"phase":"header","outcome":"error"}
[http-timing] {"sequence":344,"timelineOrdinal":null,"processOrdinal":2,"method":"GET","routeClass":"health","status":null,"headerElapsedMs":null,"bodyElapsedMs":null,"totalElapsedMs":1,"bytes":0,"phase":"header","outcome":"error"}
[http-timing] {"sequence":345,"timelineOrdinal":null,"processOrdinal":2,"method":"GET","routeClass":"health","status":null,"headerElapsedMs":null,"bodyElapsedMs":null,"totalElapsedMs":0,"bytes":0,"phase":"header","outcome":"error"}
[http-timing] {"sequence":346,"timelineOrdinal":null,"processOrdinal":2,"method":"GET","routeClass":"health","status":null,"headerElapsedMs":null,"bodyElapsedMs":null,"totalElapsedMs":0,"bytes":0,"phase":"header","outcome":"error"}
[http-timing] {"sequence":347,"timelineOrdinal":null,"processOrdinal":2,"method":"GET","routeClass":"health","status":null,"headerElapsedMs":null,"bodyElapsedMs":null,"totalElapsedMs":0,"bytes":0,"phase":"header","outcome":"error"}
[http-timing] {"sequence":348,"timelineOrdinal":null,"processOrdinal":2,"method":"GET","routeClass":"health","status":null,"headerElapsedMs":null,"bodyElapsedMs":null,"totalElapsedMs":0,"bytes":0,"phase":"header","outcome":"error"}
[http-timing] {"sequence":349,"timelineOrdinal":null,"processOrdinal":2,"method":"GET","routeClass":"health","status":null,"headerElapsedMs":null,"bodyElapsedMs":null,"totalElapsedMs":0,"bytes":0,"phase":"header","outcome":"error"}
[http-timing] {"sequence":350,"timelineOrdinal":null,"processOrdinal":2,"method":"GET","routeClass":"health","status":null,"headerElapsedMs":null,"bodyElapsedMs":null,"totalElapsedMs":0,"bytes":0,"phase":"header","outcome":"error"}
[http-timing] {"sequence":351,"timelineOrdinal":null,"processOrdinal":2,"method":"GET","routeClass":"health","status":null,"headerElapsedMs":null,"bodyElapsedMs":null,"totalElapsedMs":0,"bytes":0,"phase":"header","outcome":"error"}
[http-timing] {"sequence":352,"timelineOrdinal":null,"processOrdinal":2,"method":"GET","routeClass":"health","status":null,"headerElapsedMs":null,"bodyElapsedMs":null,"totalElapsedMs":1,"bytes":0,"phase":"header","outcome":"error"}
[http-timing] {"sequence":353,"timelineOrdinal":null,"processOrdinal":2,"method":"GET","routeClass":"health","status":null,"headerElapsedMs":null,"bodyElapsedMs":null,"totalElapsedMs":0,"bytes":0,"phase":"header","outcome":"error"}
[http-timing] {"sequence":354,"timelineOrdinal":null,"processOrdinal":2,"method":"GET","routeClass":"health","status":200,"headerElapsedMs":1,"bodyElapsedMs":0,"totalElapsedMs":1,"bytes":15,"phase":"complete","outcome":"ok"}
[http-timing] {"sequence":355,"timelineOrdinal":null,"processOrdinal":2,"method":"GET","routeClass":"ice","status":200,"headerElapsedMs":0,"bodyElapsedMs":0,"totalElapsedMs":0,"bytes":222,"phase":"complete","outcome":"ok"}
[pass] S11-CI09 product-2 healthy isolated ICE
[http-timing] {"sequence":356,"timelineOrdinal":1,"processOrdinal":2,"method":"GET","routeClass":"timeline","status":200,"headerElapsedMs":1108,"bodyElapsedMs":0,"totalElapsedMs":1109,"bytes":1222755,"phase":"complete","outcome":"ok"}
[timeline-page-observation] {"cycle":192,"processOrdinal":2,"timelineOrdinal":1,"kind":"page","elapsedMs":1111.1268750000017,"offset":0,"total":3,"unplacedTotal":13,"states":{"intent":0,"ready":0,"committed":0,"complete":2,"failed":0,"other":0}}
[timeline-page-observation] {"cycle":192,"processOrdinal":2,"timelineOrdinal":1,"kind":"complete","elapsedMs":1112.4779170000038,"pages":1,"totalChanged":false,"mixedStates":false,"code":"none"}
[http-timing] {"sequence":357,"timelineOrdinal":null,"processOrdinal":2,"method":"GET","routeClass":"media","status":200,"headerElapsedMs":462,"bodyElapsedMs":2,"totalElapsedMs":464,"bytes":4817392,"phase":"complete","outcome":"ok"}
[pass] S11-CI08 retained output HTTP200
[http-timing] {"sequence":358,"timelineOrdinal":null,"processOrdinal":2,"method":"GET","routeClass":"media","status":200,"headerElapsedMs":464,"bodyElapsedMs":2,"totalElapsedMs":466,"bytes":5227129,"phase":"complete","outcome":"ok"}
[pass] S11-CI08 retained output HTTP200
[http-timing] {"sequence":359,"timelineOrdinal":null,"processOrdinal":2,"method":"POST","routeClass":"tap-create","status":200,"headerElapsedMs":29,"bodyElapsedMs":0,"totalElapsedMs":29,"bytes":1187,"phase":"complete","outcome":"ok"}
[http-timing] {"sequence":360,"timelineOrdinal":2,"processOrdinal":2,"method":"GET","routeClass":"timeline","status":200,"headerElapsedMs":1145,"bodyElapsedMs":0,"totalElapsedMs":1145,"bytes":1222755,"phase":"complete","outcome":"ok"}
[timeline-page-observation] {"cycle":193,"processOrdinal":2,"timelineOrdinal":2,"kind":"page","elapsedMs":1147.546666999995,"offset":0,"total":3,"unplacedTotal":13,"states":{"intent":0,"ready":0,"committed":0,"complete":0,"failed":0,"other":0}}
[timeline-page-observation] {"cycle":193,"processOrdinal":2,"timelineOrdinal":2,"kind":"complete","elapsedMs":1149.0422089999993,"pages":1,"totalChanged":false,"mixedStates":false,"code":"none"}
[http-timing] {"sequence":361,"timelineOrdinal":3,"processOrdinal":2,"method":"GET","routeClass":"timeline","status":200,"headerElapsedMs":1145,"bodyElapsedMs":1,"totalElapsedMs":1146,"bytes":1222755,"phase":"complete","outcome":"ok"}
[timeline-page-observation] {"cycle":194,"processOrdinal":2,"timelineOrdinal":3,"kind":"page","elapsedMs":1148.0570829999997,"offset":0,"total":3,"unplacedTotal":13,"states":{"intent":0,"ready":0,"committed":0,"complete":0,"failed":0,"other":0}}
[timeline-page-observation] {"cycle":194,"processOrdinal":2,"timelineOrdinal":3,"kind":"complete","elapsedMs":1149.5845830000035,"pages":1,"totalChanged":false,"mixedStates":false,"code":"none"}
[http-timing] {"sequence":362,"timelineOrdinal":4,"processOrdinal":2,"method":"GET","routeClass":"timeline","status":200,"headerElapsedMs":1154,"bodyElapsedMs":0,"totalElapsedMs":1154,"bytes":1222755,"phase":"complete","outcome":"ok"}
[timeline-page-observation] {"cycle":195,"processOrdinal":2,"timelineOrdinal":4,"kind":"page","elapsedMs":1156.7183749999967,"offset":0,"total":3,"unplacedTotal":13,"states":{"intent":0,"ready":0,"committed":0,"complete":0,"failed":0,"other":0}}
[timeline-page-observation] {"cycle":195,"processOrdinal":2,"timelineOrdinal":4,"kind":"complete","elapsedMs":1158.2615409999999,"pages":1,"totalChanged":false,"mixedStates":false,"code":"none"}
[http-timing] {"sequence":363,"timelineOrdinal":5,"processOrdinal":2,"method":"GET","routeClass":"timeline","status":200,"headerElapsedMs":1141,"bodyElapsedMs":1,"totalElapsedMs":1141,"bytes":1222755,"phase":"complete","outcome":"ok"}
[timeline-page-observation] {"cycle":196,"processOrdinal":2,"timelineOrdinal":5,"kind":"page","elapsedMs":1143.7520000000004,"offset":0,"total":3,"unplacedTotal":13,"states":{"intent":0,"ready":0,"committed":0,"complete":0,"failed":0,"other":0}}
[timeline-page-observation] {"cycle":196,"processOrdinal":2,"timelineOrdinal":5,"kind":"complete","elapsedMs":1145.2139590000006,"pages":1,"totalChanged":false,"mixedStates":false,"code":"none"}
[http-timing] {"sequence":364,"timelineOrdinal":6,"processOrdinal":2,"method":"GET","routeClass":"timeline","status":200,"headerElapsedMs":1148,"bodyElapsedMs":1,"totalElapsedMs":1149,"bytes":1222755,"phase":"complete","outcome":"ok"}
[timeline-page-observation] {"cycle":197,"processOrdinal":2,"timelineOrdinal":6,"kind":"page","elapsedMs":1151.2265830000033,"offset":0,"total":3,"unplacedTotal":13,"states":{"intent":0,"ready":0,"committed":0,"complete":0,"failed":0,"other":0}}
[timeline-page-observation] {"cycle":197,"processOrdinal":2,"timelineOrdinal":6,"kind":"complete","elapsedMs":1152.7815000000046,"pages":1,"totalChanged":false,"mixedStates":false,"code":"none"}
[http-timing] {"sequence":365,"timelineOrdinal":7,"processOrdinal":2,"method":"GET","routeClass":"timeline","status":200,"headerElapsedMs":1206,"bodyElapsedMs":0,"totalElapsedMs":1207,"bytes":1222755,"phase":"complete","outcome":"ok"}
[timeline-page-observation] {"cycle":198,"processOrdinal":2,"timelineOrdinal":7,"kind":"page","elapsedMs":1209.0230410000077,"offset":0,"total":3,"unplacedTotal":13,"states":{"intent":0,"ready":0,"committed":0,"complete":0,"failed":0,"other":0}}
[timeline-page-observation] {"cycle":198,"processOrdinal":2,"timelineOrdinal":7,"kind":"complete","elapsedMs":1210.481958000004,"pages":1,"totalChanged":false,"mixedStates":false,"code":"none"}
[http-timing] {"sequence":366,"timelineOrdinal":8,"processOrdinal":2,"method":"GET","routeClass":"timeline","status":200,"headerElapsedMs":1163,"bodyElapsedMs":1,"totalElapsedMs":1164,"bytes":1340969,"phase":"complete","outcome":"ok"}
[timeline-page-observation] {"cycle":199,"processOrdinal":2,"timelineOrdinal":8,"kind":"page","elapsedMs":1166.4080419999955,"offset":0,"total":3,"unplacedTotal":14,"states":{"intent":0,"ready":0,"committed":0,"complete":0,"failed":0,"other":0}}
[timeline-page-observation] {"cycle":199,"processOrdinal":2,"timelineOrdinal":8,"kind":"complete","elapsedMs":1168.0933340000047,"pages":1,"totalChanged":false,"mixedStates":false,"code":"none"}
[fixture-boundary-forecast] {"run":2,"targetPts":"16666666666","sourceOrders":["13"],"sourceIdHashes":["771ad2c4c8b738d4465aba3a11d77c766ea4da8a84644b61a950b69c776b1b57"],"restartResetObserved":true}
[http-timing] {"sequence":367,"timelineOrdinal":null,"processOrdinal":2,"method":"GET","routeClass":"tap","status":200,"headerElapsedMs":1,"bodyElapsedMs":0,"totalElapsedMs":1,"bytes":12074,"phase":"complete","outcome":"ok"}
[http-timing] {"sequence":368,"timelineOrdinal":null,"processOrdinal":2,"method":"GET","routeClass":"tap","status":200,"headerElapsedMs":1,"bodyElapsedMs":0,"totalElapsedMs":1,"bytes":12074,"phase":"complete","outcome":"ok"}
[http-timing] {"sequence":369,"timelineOrdinal":null,"processOrdinal":2,"method":"GET","routeClass":"tap","status":200,"headerElapsedMs":1,"bodyElapsedMs":0,"totalElapsedMs":1,"bytes":12074,"phase":"complete","outcome":"ok"}
[http-timing] {"sequence":370,"timelineOrdinal":null,"processOrdinal":2,"method":"GET","routeClass":"tap","status":200,"headerElapsedMs":1,"bodyElapsedMs":0,"totalElapsedMs":1,"bytes":12086,"phase":"complete","outcome":"ok"}
[http-timing] {"sequence":371,"timelineOrdinal":null,"processOrdinal":2,"method":"GET","routeClass":"tap","status":200,"headerElapsedMs":1,"bodyElapsedMs":0,"totalElapsedMs":1,"bytes":12086,"phase":"complete","outcome":"ok"}
[http-timing] {"sequence":372,"timelineOrdinal":null,"processOrdinal":2,"method":"GET","routeClass":"tap","status":200,"headerElapsedMs":1,"bodyElapsedMs":0,"totalElapsedMs":1,"bytes":12086,"phase":"complete","outcome":"ok"}
[http-timing] {"sequence":373,"timelineOrdinal":null,"processOrdinal":2,"method":"GET","routeClass":"tap","status":200,"headerElapsedMs":4,"bodyElapsedMs":0,"totalElapsedMs":4,"bytes":12091,"phase":"complete","outcome":"ok"}
[http-timing] {"sequence":374,"timelineOrdinal":null,"processOrdinal":2,"method":"GET","routeClass":"tap","status":200,"headerElapsedMs":1,"bodyElapsedMs":0,"totalElapsedMs":1,"bytes":12092,"phase":"complete","outcome":"ok"}
[http-timing] {"sequence":375,"timelineOrdinal":null,"processOrdinal":2,"method":"GET","routeClass":"tap","status":200,"headerElapsedMs":1,"bodyElapsedMs":0,"totalElapsedMs":1,"bytes":12090,"phase":"complete","outcome":"ok"}
[http-timing] {"sequence":376,"timelineOrdinal":null,"processOrdinal":2,"method":"GET","routeClass":"tap","status":200,"headerElapsedMs":3,"bodyElapsedMs":0,"totalElapsedMs":3,"bytes":12095,"phase":"complete","outcome":"ok"}
[http-timing] {"sequence":377,"timelineOrdinal":null,"processOrdinal":2,"method":"GET","routeClass":"tap","status":200,"headerElapsedMs":1,"bodyElapsedMs":0,"totalElapsedMs":1,"bytes":12104,"phase":"complete","outcome":"ok"}
[http-timing] {"sequence":378,"timelineOrdinal":null,"processOrdinal":2,"method":"GET","routeClass":"tap","status":200,"headerElapsedMs":1,"bodyElapsedMs":0,"totalElapsedMs":1,"bytes":12238,"phase":"complete","outcome":"ok"}
[http-timing] {"sequence":379,"timelineOrdinal":null,"processOrdinal":2,"method":"GET","routeClass":"tap","status":200,"headerElapsedMs":1,"bodyElapsedMs":0,"totalElapsedMs":1,"bytes":12238,"phase":"complete","outcome":"ok"}
[http-timing] {"sequence":380,"timelineOrdinal":null,"processOrdinal":2,"method":"GET","routeClass":"tap","status":200,"headerElapsedMs":1,"bodyElapsedMs":0,"totalElapsedMs":1,"bytes":12114,"phase":"complete","outcome":"ok"}
[http-timing] {"sequence":381,"timelineOrdinal":null,"processOrdinal":2,"method":"GET","routeClass":"tap","status":200,"headerElapsedMs":1,"bodyElapsedMs":0,"totalElapsedMs":1,"bytes":12116,"phase":"complete","outcome":"ok"}
[http-timing] {"sequence":382,"timelineOrdinal":null,"processOrdinal":2,"method":"GET","routeClass":"tap","status":200,"headerElapsedMs":1,"bodyElapsedMs":0,"totalElapsedMs":1,"bytes":12117,"phase":"complete","outcome":"ok"}
[http-timing] {"sequence":383,"timelineOrdinal":null,"processOrdinal":2,"method":"GET","routeClass":"tap","status":200,"headerElapsedMs":1,"bodyElapsedMs":0,"totalElapsedMs":1,"bytes":12110,"phase":"complete","outcome":"ok"}
[http-timing] {"sequence":384,"timelineOrdinal":null,"processOrdinal":2,"method":"GET","routeClass":"tap","status":200,"headerElapsedMs":1,"bodyElapsedMs":0,"totalElapsedMs":1,"bytes":12120,"phase":"complete","outcome":"ok"}
[http-timing] {"sequence":385,"timelineOrdinal":null,"processOrdinal":2,"method":"GET","routeClass":"tap","status":200,"headerElapsedMs":1,"bodyElapsedMs":0,"totalElapsedMs":1,"bytes":12126,"phase":"complete","outcome":"ok"}
[http-timing] {"sequence":386,"timelineOrdinal":null,"processOrdinal":2,"method":"GET","routeClass":"tap","status":200,"headerElapsedMs":1,"bodyElapsedMs":0,"totalElapsedMs":1,"bytes":12130,"phase":"complete","outcome":"ok"}
[http-timing] {"sequence":387,"timelineOrdinal":null,"processOrdinal":2,"method":"GET","routeClass":"tap","status":200,"headerElapsedMs":1,"bodyElapsedMs":0,"totalElapsedMs":1,"bytes":12126,"phase":"complete","outcome":"ok"}
[http-timing] {"sequence":388,"timelineOrdinal":null,"processOrdinal":2,"method":"GET","routeClass":"tap","status":200,"headerElapsedMs":1,"bodyElapsedMs":0,"totalElapsedMs":1,"bytes":12126,"phase":"complete","outcome":"ok"}
[http-timing] {"sequence":389,"timelineOrdinal":null,"processOrdinal":2,"method":"GET","routeClass":"tap","status":200,"headerElapsedMs":1,"bodyElapsedMs":0,"totalElapsedMs":1,"bytes":12134,"phase":"complete","outcome":"ok"}
[http-timing] {"sequence":390,"timelineOrdinal":null,"processOrdinal":2,"method":"GET","routeClass":"tap","status":200,"headerElapsedMs":1,"bodyElapsedMs":0,"totalElapsedMs":1,"bytes":12139,"phase":"complete","outcome":"ok"}
[http-timing] {"sequence":391,"timelineOrdinal":null,"processOrdinal":2,"method":"GET","routeClass":"tap","status":200,"headerElapsedMs":1,"bodyElapsedMs":0,"totalElapsedMs":1,"bytes":12139,"phase":"complete","outcome":"ok"}
[http-timing] {"sequence":392,"timelineOrdinal":null,"processOrdinal":2,"method":"GET","routeClass":"tap","status":200,"headerElapsedMs":1,"bodyElapsedMs":0,"totalElapsedMs":1,"bytes":12138,"phase":"complete","outcome":"ok"}
[http-timing] {"sequence":393,"timelineOrdinal":null,"processOrdinal":2,"method":"GET","routeClass":"tap","status":200,"headerElapsedMs":1,"bodyElapsedMs":0,"totalElapsedMs":1,"bytes":12137,"phase":"complete","outcome":"ok"}
[http-timing] {"sequence":394,"timelineOrdinal":null,"processOrdinal":2,"method":"GET","routeClass":"tap","status":200,"headerElapsedMs":1,"bodyElapsedMs":0,"totalElapsedMs":1,"bytes":12140,"phase":"complete","outcome":"ok"}
[http-timing] {"sequence":395,"timelineOrdinal":null,"processOrdinal":2,"method":"GET","routeClass":"tap","status":200,"headerElapsedMs":1,"bodyElapsedMs":0,"totalElapsedMs":1,"bytes":12147,"phase":"complete","outcome":"ok"}
[http-timing] {"sequence":396,"timelineOrdinal":null,"processOrdinal":2,"method":"GET","routeClass":"tap","status":200,"headerElapsedMs":1,"bodyElapsedMs":0,"totalElapsedMs":1,"bytes":12147,"phase":"complete","outcome":"ok"}
[http-timing] {"sequence":397,"timelineOrdinal":null,"processOrdinal":2,"method":"GET","routeClass":"tap","status":200,"headerElapsedMs":1,"bodyElapsedMs":0,"totalElapsedMs":1,"bytes":12145,"phase":"complete","outcome":"ok"}
[http-timing] {"sequence":398,"timelineOrdinal":null,"processOrdinal":2,"method":"GET","routeClass":"tap","status":200,"headerElapsedMs":1,"bodyElapsedMs":0,"totalElapsedMs":1,"bytes":12145,"phase":"complete","outcome":"ok"}
[http-timing] {"sequence":399,"timelineOrdinal":null,"processOrdinal":2,"method":"GET","routeClass":"tap","status":200,"headerElapsedMs":1,"bodyElapsedMs":0,"totalElapsedMs":1,"bytes":12145,"phase":"complete","outcome":"ok"}
[http-timing] {"sequence":400,"timelineOrdinal":null,"processOrdinal":2,"method":"GET","routeClass":"tap","status":200,"headerElapsedMs":1,"bodyElapsedMs":0,"totalElapsedMs":1,"bytes":12156,"phase":"complete","outcome":"ok"}
[http-timing] {"sequence":401,"timelineOrdinal":null,"processOrdinal":2,"method":"GET","routeClass":"tap","status":200,"headerElapsedMs":1,"bodyElapsedMs":0,"totalElapsedMs":1,"bytes":12150,"phase":"complete","outcome":"ok"}
[http-timing] {"sequence":402,"timelineOrdinal":null,"processOrdinal":2,"method":"GET","routeClass":"tap","status":200,"headerElapsedMs":1,"bodyElapsedMs":0,"totalElapsedMs":1,"bytes":12151,"phase":"complete","outcome":"ok"}
[http-timing] {"sequence":403,"timelineOrdinal":null,"processOrdinal":2,"method":"GET","routeClass":"tap","status":200,"headerElapsedMs":1,"bodyElapsedMs":0,"totalElapsedMs":1,"bytes":10346,"phase":"complete","outcome":"ok"}
[http-timing] {"sequence":404,"timelineOrdinal":null,"processOrdinal":2,"method":"GET","routeClass":"tap","status":200,"headerElapsedMs":1,"bodyElapsedMs":0,"totalElapsedMs":1,"bytes":10349,"phase":"complete","outcome":"ok"}
[http-timing] {"sequence":405,"timelineOrdinal":null,"processOrdinal":2,"method":"GET","routeClass":"tap","status":200,"headerElapsedMs":1,"bodyElapsedMs":0,"totalElapsedMs":1,"bytes":10345,"phase":"complete","outcome":"ok"}
[http-timing] {"sequence":406,"timelineOrdinal":null,"processOrdinal":2,"method":"GET","routeClass":"tap","status":200,"headerElapsedMs":1,"bodyElapsedMs":0,"totalElapsedMs":1,"bytes":10352,"phase":"complete","outcome":"ok"}
[http-timing] {"sequence":407,"timelineOrdinal":null,"processOrdinal":2,"method":"GET","routeClass":"tap","status":200,"headerElapsedMs":1,"bodyElapsedMs":0,"totalElapsedMs":1,"bytes":10353,"phase":"complete","outcome":"ok"}
[http-timing] {"sequence":408,"timelineOrdinal":null,"processOrdinal":2,"method":"GET","routeClass":"tap","status":200,"headerElapsedMs":1,"bodyElapsedMs":0,"totalElapsedMs":1,"bytes":10351,"phase":"complete","outcome":"ok"}
[http-timing] {"sequence":409,"timelineOrdinal":null,"processOrdinal":2,"method":"GET","routeClass":"tap","status":200,"headerElapsedMs":1,"bodyElapsedMs":0,"totalElapsedMs":1,"bytes":12172,"phase":"complete","outcome":"ok"}
[http-timing] {"sequence":410,"timelineOrdinal":null,"processOrdinal":2,"method":"GET","routeClass":"tap","status":200,"headerElapsedMs":1,"bodyElapsedMs":0,"totalElapsedMs":1,"bytes":10355,"phase":"complete","outcome":"ok"}
[http-timing] {"sequence":411,"timelineOrdinal":null,"processOrdinal":2,"method":"GET","routeClass":"tap","status":200,"headerElapsedMs":1,"bodyElapsedMs":0,"totalElapsedMs":1,"bytes":10355,"phase":"complete","outcome":"ok"}
[http-timing] {"sequence":412,"timelineOrdinal":null,"processOrdinal":2,"method":"GET","routeClass":"tap","status":200,"headerElapsedMs":1,"bodyElapsedMs":0,"totalElapsedMs":1,"bytes":10350,"phase":"complete","outcome":"ok"}
[http-timing] {"sequence":413,"timelineOrdinal":null,"processOrdinal":2,"method":"GET","routeClass":"tap","status":200,"headerElapsedMs":1,"bodyElapsedMs":0,"totalElapsedMs":1,"bytes":10350,"phase":"complete","outcome":"ok"}
[http-timing] {"sequence":414,"timelineOrdinal":null,"processOrdinal":2,"method":"GET","routeClass":"tap","status":200,"headerElapsedMs":1,"bodyElapsedMs":0,"totalElapsedMs":1,"bytes":10357,"phase":"complete","outcome":"ok"}
[http-timing] {"sequence":415,"timelineOrdinal":null,"processOrdinal":2,"method":"GET","routeClass":"tap","status":200,"headerElapsedMs":1,"bodyElapsedMs":0,"totalElapsedMs":1,"bytes":10355,"phase":"complete","outcome":"ok"}
[http-timing] {"sequence":416,"timelineOrdinal":null,"processOrdinal":2,"method":"GET","routeClass":"tap","status":200,"headerElapsedMs":1,"bodyElapsedMs":0,"totalElapsedMs":1,"bytes":12179,"phase":"complete","outcome":"ok"}
[http-timing] {"sequence":417,"timelineOrdinal":null,"processOrdinal":2,"method":"GET","routeClass":"tap","status":200,"headerElapsedMs":1,"bodyElapsedMs":0,"totalElapsedMs":1,"bytes":12178,"phase":"complete","outcome":"ok"}
[http-timing] {"sequence":418,"timelineOrdinal":null,"processOrdinal":2,"method":"GET","routeClass":"tap","status":200,"headerElapsedMs":1,"bodyElapsedMs":0,"totalElapsedMs":1,"bytes":12174,"phase":"complete","outcome":"ok"}
[http-timing] {"sequence":419,"timelineOrdinal":null,"processOrdinal":2,"method":"GET","routeClass":"tap","status":200,"headerElapsedMs":1,"bodyElapsedMs":0,"totalElapsedMs":1,"bytes":12170,"phase":"complete","outcome":"ok"}
[http-timing] {"sequence":420,"timelineOrdinal":null,"processOrdinal":2,"method":"GET","routeClass":"tap","status":200,"headerElapsedMs":1,"bodyElapsedMs":0,"totalElapsedMs":1,"bytes":12597,"phase":"complete","outcome":"ok"}
[http-timing] {"sequence":421,"timelineOrdinal":null,"processOrdinal":2,"method":"GET","routeClass":"tap","status":200,"headerElapsedMs":1,"bodyElapsedMs":0,"totalElapsedMs":1,"bytes":10352,"phase":"complete","outcome":"ok"}
[http-timing] {"sequence":422,"timelineOrdinal":null,"processOrdinal":2,"method":"GET","routeClass":"tap","status":200,"headerElapsedMs":1,"bodyElapsedMs":0,"totalElapsedMs":1,"bytes":10354,"phase":"complete","outcome":"ok"}
[http-timing] {"sequence":423,"timelineOrdinal":null,"processOrdinal":2,"method":"GET","routeClass":"tap","status":200,"headerElapsedMs":1,"bodyElapsedMs":0,"totalElapsedMs":1,"bytes":10349,"phase":"complete","outcome":"ok"}
[http-timing] {"sequence":424,"timelineOrdinal":null,"processOrdinal":2,"method":"GET","routeClass":"tap","status":200,"headerElapsedMs":1,"bodyElapsedMs":0,"totalElapsedMs":1,"bytes":10350,"phase":"complete","outcome":"ok"}
[http-timing] {"sequence":425,"timelineOrdinal":null,"processOrdinal":2,"method":"GET","routeClass":"tap","status":200,"headerElapsedMs":1,"bodyElapsedMs":0,"totalElapsedMs":1,"bytes":10345,"phase":"complete","outcome":"ok"}
[http-timing] {"sequence":426,"timelineOrdinal":null,"processOrdinal":2,"method":"GET","routeClass":"tap","status":200,"headerElapsedMs":1,"bodyElapsedMs":0,"totalElapsedMs":1,"bytes":10815,"phase":"complete","outcome":"ok"}
[http-timing] {"sequence":427,"timelineOrdinal":null,"processOrdinal":2,"method":"GET","routeClass":"tap","status":200,"headerElapsedMs":1,"bodyElapsedMs":0,"totalElapsedMs":1,"bytes":10857,"phase":"complete","outcome":"ok"}
[http-timing] {"sequence":428,"timelineOrdinal":null,"processOrdinal":2,"method":"GET","routeClass":"tap","status":200,"headerElapsedMs":1,"bodyElapsedMs":0,"totalElapsedMs":1,"bytes":10856,"phase":"complete","outcome":"ok"}
[http-timing] {"sequence":429,"timelineOrdinal":null,"processOrdinal":2,"method":"GET","routeClass":"tap","status":200,"headerElapsedMs":1,"bodyElapsedMs":0,"totalElapsedMs":1,"bytes":10906,"phase":"complete","outcome":"ok"}
[http-timing] {"sequence":430,"timelineOrdinal":null,"processOrdinal":2,"method":"GET","routeClass":"tap","status":200,"headerElapsedMs":6,"bodyElapsedMs":0,"totalElapsedMs":6,"bytes":10950,"phase":"complete","outcome":"ok"}
[http-timing] {"sequence":431,"timelineOrdinal":null,"processOrdinal":2,"method":"GET","routeClass":"tap","status":200,"headerElapsedMs":1,"bodyElapsedMs":0,"totalElapsedMs":1,"bytes":10946,"phase":"complete","outcome":"ok"}
[http-timing] {"sequence":432,"timelineOrdinal":null,"processOrdinal":2,"method":"GET","routeClass":"tap","status":200,"headerElapsedMs":1,"bodyElapsedMs":0,"totalElapsedMs":1,"bytes":10999,"phase":"complete","outcome":"ok"}
[http-timing] {"sequence":433,"timelineOrdinal":null,"processOrdinal":2,"method":"GET","routeClass":"tap","status":200,"headerElapsedMs":1,"bodyElapsedMs":0,"totalElapsedMs":1,"bytes":11045,"phase":"complete","outcome":"ok"}
[http-timing] {"sequence":434,"timelineOrdinal":null,"processOrdinal":2,"method":"GET","routeClass":"tap","status":200,"headerElapsedMs":1,"bodyElapsedMs":0,"totalElapsedMs":1,"bytes":11045,"phase":"complete","outcome":"ok"}
[http-timing] {"sequence":435,"timelineOrdinal":null,"processOrdinal":2,"method":"GET","routeClass":"tap","status":200,"headerElapsedMs":1,"bodyElapsedMs":0,"totalElapsedMs":1,"bytes":11091,"phase":"complete","outcome":"ok"}
[http-timing] {"sequence":436,"timelineOrdinal":null,"processOrdinal":2,"method":"GET","routeClass":"tap","status":200,"headerElapsedMs":1,"bodyElapsedMs":0,"totalElapsedMs":1,"bytes":11091,"phase":"complete","outcome":"ok"}
[http-timing] {"sequence":437,"timelineOrdinal":null,"processOrdinal":2,"method":"GET","routeClass":"tap","status":200,"headerElapsedMs":1,"bodyElapsedMs":0,"totalElapsedMs":1,"bytes":11139,"phase":"complete","outcome":"ok"}
[http-timing] {"sequence":438,"timelineOrdinal":null,"processOrdinal":2,"method":"GET","routeClass":"tap","status":200,"headerElapsedMs":1,"bodyElapsedMs":0,"totalElapsedMs":1,"bytes":11184,"phase":"complete","outcome":"ok"}
[http-timing] {"sequence":439,"timelineOrdinal":null,"processOrdinal":2,"method":"GET","routeClass":"tap","status":200,"headerElapsedMs":4,"bodyElapsedMs":0,"totalElapsedMs":4,"bytes":11224,"phase":"complete","outcome":"ok"}
[trigger-timing] {"run":2,"sourceEndPts":"16666666666","tapPts":"17000000000","delta":"333333334"}
[http-timing] {"sequence":440,"timelineOrdinal":null,"processOrdinal":2,"method":"PUT","routeClass":"rule","status":200,"headerElapsedMs":2,"bodyElapsedMs":0,"totalElapsedMs":2,"bytes":520,"phase":"complete","outcome":"ok"}
[http-timing] {"sequence":441,"timelineOrdinal":null,"processOrdinal":2,"method":"GET","routeClass":"tap-events","status":200,"headerElapsedMs":38,"bodyElapsedMs":0,"totalElapsedMs":39,"bytes":9062,"phase":"complete","outcome":"ok"}
[dispatch-timing] {"run":2,"pts":"17000000000"}
[pass] S11-CI07 run2 actual tuple EventRecord reference
[http-timing] {"sequence":442,"timelineOrdinal":null,"processOrdinal":2,"method":"PUT","routeClass":"rule","status":200,"headerElapsedMs":1,"bodyElapsedMs":0,"totalElapsedMs":1,"bytes":521,"phase":"complete","outcome":"ok"}
[transition-observation] {"kind":"start","referenceSha256":"77891e632e1e1acd2f6038d184f0e5153b7ddf0ca43985a7d00004fc76eff150","processOrdinal":2,"clientAtMs":75440.095583,"deadlineMs":30000,"beforeTimelineOrdinal":8,"scope":"full-page-two-outputs"}
[http-timing] {"sequence":443,"timelineOrdinal":9,"processOrdinal":2,"method":"GET","routeClass":"timeline","status":200,"headerElapsedMs":1225,"bodyElapsedMs":1,"totalElapsedMs":1226,"bytes":1475612,"phase":"complete","outcome":"ok"}
[timeline-page-observation] {"cycle":200,"processOrdinal":2,"timelineOrdinal":9,"kind":"page","elapsedMs":1228.3782499999943,"offset":0,"total":4,"unplacedTotal":19,"states":{"intent":0,"ready":0,"committed":0,"complete":0,"failed":0,"other":1}}
[timeline-page-observation] {"cycle":200,"processOrdinal":2,"timelineOrdinal":9,"kind":"complete","elapsedMs":1230.1037090000027,"pages":1,"totalChanged":false,"mixedStates":false,"code":"none"}
[timeline-state] {"reason":"event-not-complete","rowCount":1,"jobCount":0,"outputCount":0,"referenceMatches":true,"truncated":false,"rows":[{"jobState":"not-created","completeness":"unknown","catalogState":"absent","playable":false,"request":{"timeBasis":"media-pts-ms","startTimeMs":"17000","endTimeMs":"17000","preMs":"750","postMs":"750"}}]}
[overlapping-sources] {"temporalOnly":true,"viewBasis":"timeline-known-mappings-unplaced-file-groups","segmentCount":4,"startNs":"16250000000","endNs":"17750000000","unknownCount":0,"rows":[{"idHash":"69cbac98dda383b28626252a1b03ad1879b05e05cbe6905e481a3d8584cb7642","startPts":"16633333333","endPts":"16666666666","catalogState":"finalized","playable":true},{"idHash":"094f33b8d73401691eba8b337eebbcd7e782b4e7b3fcfb0ca6ad5b9ca4086341","startPts":"16266666666","endPts":"16366666666","catalogState":"finalized","playable":true},{"idHash":"69cbac98dda383b28626252a1b03ad1879b05e05cbe6905e481a3d8584cb7642","startPts":"8333333333","endPts":"16666666666","catalogState":"finalized","playable":true},{"idHash":"094f33b8d73401691eba8b337eebbcd7e782b4e7b3fcfb0ca6ad5b9ca4086341","startPts":"8333333333","endPts":"16366666666","catalogState":"finalized","playable":true},{"idHash":"1b8d7d67b84668148617272389d95274037c4f640f189b078f21418a2d041125","startPts":"16666666666","endPts":"24999999999","catalogState":"finalized","playable":true},{"idHash":"fde68cd5c62e07ae0561d9857d6141eed622116eddd1bb3a7ec053139a07ea39","startPts":"8333333333","endPts":"16666666666","catalogState":"finalized","playable":true}]}
[http-timing] {"sequence":444,"timelineOrdinal":10,"processOrdinal":2,"method":"GET","routeClass":"timeline","status":200,"headerElapsedMs":1235,"bodyElapsedMs":1,"totalElapsedMs":1235,"bytes":1475612,"phase":"complete","outcome":"ok"}
[timeline-page-observation] {"cycle":201,"processOrdinal":2,"timelineOrdinal":10,"kind":"page","elapsedMs":1237.9824579999986,"offset":0,"total":4,"unplacedTotal":19,"states":{"intent":0,"ready":0,"committed":0,"complete":0,"failed":0,"other":1}}
[timeline-page-observation] {"cycle":201,"processOrdinal":2,"timelineOrdinal":10,"kind":"complete","elapsedMs":1239.7480000000069,"pages":1,"totalChanged":false,"mixedStates":false,"code":"none"}
[http-timing] {"sequence":445,"timelineOrdinal":11,"processOrdinal":2,"method":"GET","routeClass":"timeline","status":200,"headerElapsedMs":1255,"bodyElapsedMs":1,"totalElapsedMs":1256,"bytes":1475612,"phase":"complete","outcome":"ok"}
[timeline-page-observation] {"cycle":202,"processOrdinal":2,"timelineOrdinal":11,"kind":"page","elapsedMs":1258.5876669999998,"offset":0,"total":4,"unplacedTotal":19,"states":{"intent":0,"ready":0,"committed":0,"complete":0,"failed":0,"other":1}}
[timeline-page-observation] {"cycle":202,"processOrdinal":2,"timelineOrdinal":11,"kind":"complete","elapsedMs":1260.4540839999972,"pages":1,"totalChanged":false,"mixedStates":false,"code":"none"}
[http-timing] {"sequence":446,"timelineOrdinal":12,"processOrdinal":2,"method":"GET","routeClass":"timeline","status":200,"headerElapsedMs":1241,"bodyElapsedMs":1,"totalElapsedMs":1242,"bytes":1475612,"phase":"complete","outcome":"ok"}
[timeline-page-observation] {"cycle":203,"processOrdinal":2,"timelineOrdinal":12,"kind":"page","elapsedMs":1244.8605410000018,"offset":0,"total":4,"unplacedTotal":19,"states":{"intent":0,"ready":0,"committed":0,"complete":0,"failed":0,"other":1}}
[timeline-page-observation] {"cycle":203,"processOrdinal":2,"timelineOrdinal":12,"kind":"complete","elapsedMs":1247.206250000003,"pages":1,"totalChanged":false,"mixedStates":false,"code":"none"}
[http-timing] {"sequence":447,"timelineOrdinal":13,"processOrdinal":2,"method":"GET","routeClass":"timeline","status":200,"headerElapsedMs":1251,"bodyElapsedMs":1,"totalElapsedMs":1252,"bytes":1475612,"phase":"complete","outcome":"ok"}
[timeline-page-observation] {"cycle":204,"processOrdinal":2,"timelineOrdinal":13,"kind":"page","elapsedMs":1254.6519580000022,"offset":0,"total":4,"unplacedTotal":19,"states":{"intent":0,"ready":0,"committed":0,"complete":0,"failed":0,"other":1}}
[timeline-page-observation] {"cycle":204,"processOrdinal":2,"timelineOrdinal":13,"kind":"complete","elapsedMs":1256.476708000002,"pages":1,"totalChanged":false,"mixedStates":false,"code":"none"}
[http-timing] {"sequence":448,"timelineOrdinal":14,"processOrdinal":2,"method":"GET","routeClass":"timeline","status":200,"headerElapsedMs":1288,"bodyElapsedMs":1,"totalElapsedMs":1289,"bytes":1475612,"phase":"complete","outcome":"ok"}
[timeline-page-observation] {"cycle":205,"processOrdinal":2,"timelineOrdinal":14,"kind":"page","elapsedMs":1291.9219589999993,"offset":0,"total":4,"unplacedTotal":19,"states":{"intent":0,"ready":0,"committed":0,"complete":0,"failed":0,"other":1}}
[timeline-page-observation] {"cycle":205,"processOrdinal":2,"timelineOrdinal":14,"kind":"complete","elapsedMs":1293.8452919999982,"pages":1,"totalChanged":false,"mixedStates":false,"code":"none"}
[http-timing] {"sequence":449,"timelineOrdinal":15,"processOrdinal":2,"method":"GET","routeClass":"timeline","status":200,"headerElapsedMs":1781,"bodyElapsedMs":1,"totalElapsedMs":1782,"bytes":1594679,"phase":"complete","outcome":"ok"}
[timeline-page-observation] {"cycle":206,"processOrdinal":2,"timelineOrdinal":15,"kind":"page","elapsedMs":1785.1483330000046,"offset":0,"total":4,"unplacedTotal":20,"states":{"intent":0,"ready":0,"committed":0,"complete":0,"failed":0,"other":1}}
[timeline-page-observation] {"cycle":206,"processOrdinal":2,"timelineOrdinal":15,"kind":"complete","elapsedMs":1787.442041000002,"pages":1,"totalChanged":false,"mixedStates":false,"code":"none"}
[overlapping-sources] {"temporalOnly":true,"viewBasis":"timeline-known-mappings-unplaced-file-groups","segmentCount":5,"startNs":"16250000000","endNs":"17750000000","unknownCount":0,"rows":[{"idHash":"69cbac98dda383b28626252a1b03ad1879b05e05cbe6905e481a3d8584cb7642","startPts":"16633333333","endPts":"16666666666","catalogState":"finalized","playable":true},{"idHash":"094f33b8d73401691eba8b337eebbcd7e782b4e7b3fcfb0ca6ad5b9ca4086341","startPts":"16266666666","endPts":"16366666666","catalogState":"finalized","playable":true},{"idHash":"69cbac98dda383b28626252a1b03ad1879b05e05cbe6905e481a3d8584cb7642","startPts":"8333333333","endPts":"16666666666","catalogState":"finalized","playable":true},{"idHash":"718d1bbee4983be6c68e16311be2e2eea17b8ec9da0d54e727be0f5fe88acae0","startPts":"16666666666","endPts":"24999999999","catalogState":"finalized","playable":true},{"idHash":"094f33b8d73401691eba8b337eebbcd7e782b4e7b3fcfb0ca6ad5b9ca4086341","startPts":"8333333333","endPts":"16366666666","catalogState":"finalized","playable":true},{"idHash":"1b8d7d67b84668148617272389d95274037c4f640f189b078f21418a2d041125","startPts":"16666666666","endPts":"24999999999","catalogState":"finalized","playable":true},{"idHash":"fde68cd5c62e07ae0561d9857d6141eed622116eddd1bb3a7ec053139a07ea39","startPts":"8333333333","endPts":"16666666666","catalogState":"finalized","playable":true}]}
[http-timing] {"sequence":450,"timelineOrdinal":16,"processOrdinal":2,"method":"GET","routeClass":"timeline","status":200,"headerElapsedMs":1569,"bodyElapsedMs":1,"totalElapsedMs":1569,"bytes":1594720,"phase":"complete","outcome":"ok"}
[timeline-page-observation] {"cycle":207,"processOrdinal":2,"timelineOrdinal":16,"kind":"page","elapsedMs":1572.8623329999973,"offset":0,"total":4,"unplacedTotal":20,"states":{"intent":0,"ready":0,"committed":0,"complete":0,"failed":0,"other":1}}
[timeline-page-observation] {"cycle":207,"processOrdinal":2,"timelineOrdinal":16,"kind":"complete","elapsedMs":1574.9463749999995,"pages":1,"totalChanged":false,"mixedStates":false,"code":"none"}
[http-timing] {"sequence":451,"timelineOrdinal":17,"processOrdinal":2,"method":"GET","routeClass":"timeline","status":200,"headerElapsedMs":1365,"bodyElapsedMs":1,"totalElapsedMs":1365,"bytes":1594720,"phase":"complete","outcome":"ok"}
[timeline-page-observation] {"cycle":208,"processOrdinal":2,"timelineOrdinal":17,"kind":"page","elapsedMs":1368.5462090000074,"offset":0,"total":4,"unplacedTotal":20,"states":{"intent":0,"ready":0,"committed":0,"complete":0,"failed":0,"other":1}}
[timeline-page-observation] {"cycle":208,"processOrdinal":2,"timelineOrdinal":17,"kind":"complete","elapsedMs":1370.7523340000043,"pages":1,"totalChanged":false,"mixedStates":false,"code":"none"}
[http-timing] {"sequence":452,"timelineOrdinal":18,"processOrdinal":2,"method":"GET","routeClass":"timeline","status":200,"headerElapsedMs":1301,"bodyElapsedMs":1,"totalElapsedMs":1301,"bytes":1667923,"phase":"complete","outcome":"ok"}
[timeline-page-observation] {"cycle":209,"processOrdinal":2,"timelineOrdinal":18,"kind":"page","elapsedMs":1304.4288340000057,"offset":0,"total":4,"unplacedTotal":21,"states":{"intent":0,"ready":0,"committed":0,"complete":0,"failed":0,"other":1}}
[timeline-page-observation] {"cycle":209,"processOrdinal":2,"timelineOrdinal":18,"kind":"complete","elapsedMs":1306.873166999998,"pages":1,"totalChanged":false,"mixedStates":false,"code":"none"}
[http-timing] {"sequence":453,"timelineOrdinal":19,"processOrdinal":2,"method":"GET","routeClass":"timeline","status":200,"headerElapsedMs":2834,"bodyElapsedMs":1,"totalElapsedMs":2834,"bytes":1667923,"phase":"complete","outcome":"ok"}
[timeline-page-observation] {"cycle":210,"processOrdinal":2,"timelineOrdinal":19,"kind":"page","elapsedMs":2837.9238750000077,"offset":0,"total":4,"unplacedTotal":21,"states":{"intent":0,"ready":0,"committed":0,"complete":0,"failed":0,"other":1}}
[timeline-page-observation] {"cycle":210,"processOrdinal":2,"timelineOrdinal":19,"kind":"complete","elapsedMs":2840.1020839999983,"pages":1,"totalChanged":false,"mixedStates":false,"code":"none"}
[http-timing] {"sequence":454,"timelineOrdinal":20,"processOrdinal":2,"method":"GET","routeClass":"timeline","status":200,"headerElapsedMs":1676,"bodyElapsedMs":1,"totalElapsedMs":1677,"bytes":1936244,"phase":"complete","outcome":"ok"}
[timeline-page-observation] {"cycle":211,"processOrdinal":2,"timelineOrdinal":20,"kind":"page","elapsedMs":1680.2049590000097,"offset":0,"total":5,"unplacedTotal":22,"states":{"intent":0,"ready":0,"committed":0,"complete":0,"failed":0,"other":1}}
[timeline-page-observation] {"cycle":211,"processOrdinal":2,"timelineOrdinal":20,"kind":"complete","elapsedMs":1682.7043750000012,"pages":1,"totalChanged":false,"mixedStates":false,"code":"none"}
[http-timing] {"sequence":455,"timelineOrdinal":21,"processOrdinal":2,"method":"GET","routeClass":"timeline","status":200,"headerElapsedMs":1686,"bodyElapsedMs":1,"totalElapsedMs":1687,"bytes":1936244,"phase":"complete","outcome":"ok"}
[timeline-page-observation] {"cycle":212,"processOrdinal":2,"timelineOrdinal":21,"kind":"page","elapsedMs":1691.075291999994,"offset":0,"total":5,"unplacedTotal":22,"states":{"intent":0,"ready":0,"committed":0,"complete":0,"failed":0,"other":1}}
[timeline-page-observation] {"cycle":212,"processOrdinal":2,"timelineOrdinal":21,"kind":"complete","elapsedMs":1694.068041999999,"pages":1,"totalChanged":false,"mixedStates":false,"code":"none"}
[http-timing] {"sequence":456,"timelineOrdinal":22,"processOrdinal":2,"method":"GET","routeClass":"timeline","status":200,"headerElapsedMs":3266,"bodyElapsedMs":1,"totalElapsedMs":3267,"bytes":2203984,"phase":"complete","outcome":"ok"}
[timeline-page-observation] {"cycle":213,"processOrdinal":2,"timelineOrdinal":22,"kind":"page","elapsedMs":3271.0306249999994,"offset":0,"total":6,"unplacedTotal":23,"states":{"intent":0,"ready":0,"committed":0,"complete":0,"failed":0,"other":1}}
[timeline-page-observation] {"cycle":213,"processOrdinal":2,"timelineOrdinal":22,"kind":"complete","elapsedMs":3274.049542000008,"pages":1,"totalChanged":false,"mixedStates":false,"code":"none"}
[http-timing] {"sequence":457,"timelineOrdinal":23,"processOrdinal":2,"method":"GET","routeClass":"timeline","status":200,"headerElapsedMs":2123,"bodyElapsedMs":1,"totalElapsedMs":2124,"bytes":2326329,"phase":"complete","outcome":"ok"}
[timeline-page-observation] {"cycle":214,"processOrdinal":2,"timelineOrdinal":23,"kind":"page","elapsedMs":2127.884416000001,"offset":0,"total":7,"unplacedTotal":24,"states":{"intent":0,"ready":0,"committed":0,"complete":0,"failed":0,"other":1}}
[timeline-page-observation] {"cycle":214,"processOrdinal":2,"timelineOrdinal":23,"kind":"complete","elapsedMs":2131.4430409999914,"pages":1,"totalChanged":false,"mixedStates":false,"code":"none"}
[http-timing] {"sequence":458,"timelineOrdinal":24,"processOrdinal":2,"method":"GET","routeClass":"timeline","status":200,"headerElapsedMs":3766,"bodyElapsedMs":1,"totalElapsedMs":3767,"bytes":2326329,"phase":"complete","outcome":"ok"}
[timeline-page-observation] {"cycle":215,"processOrdinal":2,"timelineOrdinal":24,"kind":"page","elapsedMs":3770.6518750000105,"offset":0,"total":7,"unplacedTotal":24,"states":{"intent":0,"ready":0,"committed":0,"complete":0,"failed":0,"other":1}}
[timeline-page-observation] {"cycle":215,"processOrdinal":2,"timelineOrdinal":24,"kind":"complete","elapsedMs":3774.2905420000025,"pages":1,"totalChanged":false,"mixedStates":false,"code":"none"}
[transition-observation] {"kind":"end","referenceSha256":"77891e632e1e1acd2f6038d184f0e5153b7ddf0ca43985a7d00004fc76eff150","processOrdinal":2,"clientAtMs":106060.970291,"elapsedMs":30620.874708000003,"deadlineMs":30000,"returnedAfterBudget":true,"outcome":"timeout","firstTimelineOrdinal":9,"lastTimelineOrdinal":24,"scope":"full-page-two-outputs"}
[terminal-observation] {"processOrdinal":2,"referenceSha256":"77891e632e1e1acd2f6038d184f0e5153b7ddf0ca43985a7d00004fc76eff150","unplacedUnit":"file","terminalObserved":false,"firstObservedMs":null,"firstPageOffset":null,"firstTimelineOrdinal":null,"mixedStates":false,"observedOutputCount":0,"fullOutputPass":false,"invalid":false,"fullPageStatus":"complete","changedCycles":0,"waitOutcome":"timeout"}
[timeline-final-state] {"reason":"event-not-complete","rowCount":1,"jobCount":0,"outputCount":0,"referenceMatches":true,"truncated":false,"rows":[{"jobState":"not-created","completeness":"unknown","catalogState":"absent","playable":false,"request":{"timeBasis":"media-pts-ms","startTimeMs":"17000","endTimeMs":"17000","preMs":"750","postMs":"750"}}]}
[http-timing] {"sequence":459,"timelineOrdinal":null,"processOrdinal":2,"method":"DELETE","routeClass":"tap","status":200,"headerElapsedMs":111,"bodyElapsedMs":0,"totalElapsedMs":111,"bytes":26,"phase":"complete","outcome":"ok"}
[fail] current actual app: complete-two-outputs-timeout
[process-stop] {"processOrdinal":2,"schema":"recording-process-cleanup-v1","attemptCount":1,"pid":68798,"exitCode":0,"signalCode":null,"exitedObserved":true,"stopCode":"complete","forcedTermination":"not-used","normalExitPass":true,"normalShutdownPass":true,"archiveSafe":true,"ports":[{"kind":"http","port":52082,"status":"pass","code":"closed","closed":true},{"kind":"rtsp","port":52083,"status":"pass","code":"closed","closed":true}]}
[writer-evidence-status] {"basis":"run-wide-stderr","sourceBindingEquivalent":false,"total":0,"truncated":false,"counts":[]}
[process-evidence] {"processOrdinal":2,"evidenceFile":"process-3215f1cd-0969-4273-b2d3-1c9bf47abb71.json"}
[pass] S11-CI08 product-2 exit0 ports returned
[latency-trace-status] {"processOrdinal":1,"status":"complete","code":"none","acceptedCount":2131,"expectedRequestCount":191,"observedRequestCount":191,"evidenceFile":"latency-c6e0a5e7-29c4-4eba-bec6-6862b27a9d68.json"}
[latency-trace-status] {"processOrdinal":2,"status":"complete","code":"none","acceptedCount":1355,"expectedRequestCount":24,"observedRequestCount":24,"evidenceFile":"latency-6962a8fc-ab03-45be-a886-265c7f2a10d0.json"}
[selection-attempt] {"reference_sha256":"c4f8956731eef44f1fd95e72c6854a12ad90316b5b31ad7e374f550520d40ddf","attempt":1,"attempt_limit":121,"elapsed_ms":"29","wait_ms":"60000","deadline_exhausted":false,"attempt_exhausted":false,"selection_complete":false,"expanded_start_ns":"16283000000","expanded_end_ns":"17783000000","source_count":1,"unknown_count":2,"sources_truncated":false,"unknown_truncated":false,"sources":[{"segment_id_sha256":"fde68cd5c62e07ae0561d9857d6141eed622116eddd1bb3a7ec053139a07ea39","media_epoch_id_sha256":"e6fc365cc4293485ba9bd44ca4b5494be9f082dfc67e4b1309d50f633796fff9","source_generation_sha256":"1369a0075a08d4e14d8d4da21c4a0476b5ee0030caf0310005ca81a2f122c09e","track_id_sha256":"f2ff69f8f2b94e05c2d2b92bbafc41e9782b04757ea0f13533ba97acb9b8fe7c","generation_order":"1","start_pts":"8333333333","end_pts":"16666666666","time_base_num":1,"time_base_den":1000000000,"lifecycle":1,"deleted":false,"binding_present":true,"binding_valid":true,"available_for_selection":true}],"decoded":{"namespace_valid":true,"range_comparable":true,"incomplete":false,"frames_truncated":false,"frame_count":512,"relevant_count":24,"identity_matched":24,"identity_rejected":0,"generation_mismatch":0,"pts_mismatch":0,"duration_invalid":0,"minimum_pts_ns":"16266666666","maximum_pts_ns":"17033333333","maximum_valid_end_ns":"17066666666"},"slice_state_counts":[12,2,0,0,0,0],"reason_counts":[0,2,0,0,12,0,0,0,0,0],"unknown_ranges":[{"start_ns":"16666666666","end_ns":"16666666667","reason":1},{"start_ns":"16666666666","end_ns":"17783000000","reason":1}]}
[selection-attempt] {"reference_sha256":"3cb85ebc2267400b4b0fee50c7dfb31fd71904419e5687cbb50a62fc7aae7298","attempt":1,"attempt_limit":121,"elapsed_ms":"52","wait_ms":"60000","deadline_exhausted":false,"attempt_exhausted":false,"selection_complete":false,"expanded_start_ns":"16283000000","expanded_end_ns":"17783000000","source_count":1,"unknown_count":2,"sources_truncated":false,"unknown_truncated":false,"sources":[{"segment_id_sha256":"fde68cd5c62e07ae0561d9857d6141eed622116eddd1bb3a7ec053139a07ea39","media_epoch_id_sha256":"e6fc365cc4293485ba9bd44ca4b5494be9f082dfc67e4b1309d50f633796fff9","source_generation_sha256":"1369a0075a08d4e14d8d4da21c4a0476b5ee0030caf0310005ca81a2f122c09e","track_id_sha256":"f2ff69f8f2b94e05c2d2b92bbafc41e9782b04757ea0f13533ba97acb9b8fe7c","generation_order":"1","start_pts":"8333333333","end_pts":"16666666666","time_base_num":1,"time_base_den":1000000000,"lifecycle":1,"deleted":false,"binding_present":true,"binding_valid":true,"available_for_selection":true}],"decoded":{"namespace_valid":true,"range_comparable":true,"incomplete":false,"frames_truncated":false,"frame_count":512,"relevant_count":24,"identity_matched":24,"identity_rejected":0,"generation_mismatch":0,"pts_mismatch":0,"duration_invalid":0,"minimum_pts_ns":"16266666666","maximum_pts_ns":"17033333333","maximum_valid_end_ns":"17066666666"},"slice_state_counts":[12,2,0,0,0,0],"reason_counts":[0,2,0,0,12,0,0,0,0,0],"unknown_ranges":[{"start_ns":"16666666666","end_ns":"16666666667","reason":1},{"start_ns":"16666666666","end_ns":"17783000000","reason":1}]}
[selection-attempt] {"reference_sha256":"888d6e960e04bd3540f8ed155c3001276bc04a96b2578c56ebd0c8a1b957f290","attempt":1,"attempt_limit":121,"elapsed_ms":"55","wait_ms":"60000","deadline_exhausted":false,"attempt_exhausted":false,"selection_complete":false,"expanded_start_ns":"16283000000","expanded_end_ns":"17783000000","source_count":1,"unknown_count":2,"sources_truncated":false,"unknown_truncated":false,"sources":[{"segment_id_sha256":"fde68cd5c62e07ae0561d9857d6141eed622116eddd1bb3a7ec053139a07ea39","media_epoch_id_sha256":"e6fc365cc4293485ba9bd44ca4b5494be9f082dfc67e4b1309d50f633796fff9","source_generation_sha256":"1369a0075a08d4e14d8d4da21c4a0476b5ee0030caf0310005ca81a2f122c09e","track_id_sha256":"f2ff69f8f2b94e05c2d2b92bbafc41e9782b04757ea0f13533ba97acb9b8fe7c","generation_order":"1","start_pts":"8333333333","end_pts":"16666666666","time_base_num":1,"time_base_den":1000000000,"lifecycle":1,"deleted":false,"binding_present":true,"binding_valid":true,"available_for_selection":true}],"decoded":{"namespace_valid":true,"range_comparable":true,"incomplete":false,"frames_truncated":false,"frame_count":512,"relevant_count":24,"identity_matched":24,"identity_rejected":0,"generation_mismatch":0,"pts_mismatch":0,"duration_invalid":0,"minimum_pts_ns":"16266666666","maximum_pts_ns":"17033333333","maximum_valid_end_ns":"17066666666"},"slice_state_counts":[12,2,0,0,0,0],"reason_counts":[0,2,0,0,12,0,0,0,0,0],"unknown_ranges":[{"start_ns":"16666666666","end_ns":"16666666667","reason":1},{"start_ns":"16666666666","end_ns":"17783000000","reason":1}]}
[selection-attempt] {"reference_sha256":"89f5a6b8ee07389e5bd9f408cd0d69d52bc48956f4dd63a15fc75b721653ed9f","attempt":1,"attempt_limit":121,"elapsed_ms":"99","wait_ms":"60000","deadline_exhausted":false,"attempt_exhausted":false,"selection_complete":false,"expanded_start_ns":"16283000000","expanded_end_ns":"17783000000","source_count":1,"unknown_count":2,"sources_truncated":false,"unknown_truncated":false,"sources":[{"segment_id_sha256":"fde68cd5c62e07ae0561d9857d6141eed622116eddd1bb3a7ec053139a07ea39","media_epoch_id_sha256":"e6fc365cc4293485ba9bd44ca4b5494be9f082dfc67e4b1309d50f633796fff9","source_generation_sha256":"1369a0075a08d4e14d8d4da21c4a0476b5ee0030caf0310005ca81a2f122c09e","track_id_sha256":"f2ff69f8f2b94e05c2d2b92bbafc41e9782b04757ea0f13533ba97acb9b8fe7c","generation_order":"1","start_pts":"8333333333","end_pts":"16666666666","time_base_num":1,"time_base_den":1000000000,"lifecycle":1,"deleted":false,"binding_present":true,"binding_valid":true,"available_for_selection":true}],"decoded":{"namespace_valid":true,"range_comparable":true,"incomplete":false,"frames_truncated":false,"frame_count":512,"relevant_count":24,"identity_matched":24,"identity_rejected":0,"generation_mismatch":0,"pts_mismatch":0,"duration_invalid":0,"minimum_pts_ns":"16266666666","maximum_pts_ns":"17033333333","maximum_valid_end_ns":"17066666666"},"slice_state_counts":[12,2,0,0,0,0],"reason_counts":[0,2,0,0,12,0,0,0,0,0],"unknown_ranges":[{"start_ns":"16666666666","end_ns":"16666666667","reason":1},{"start_ns":"16666666666","end_ns":"17783000000","reason":1}]}
[selection-attempt] {"reference_sha256":"c4f8956731eef44f1fd95e72c6854a12ad90316b5b31ad7e374f550520d40ddf","attempt":2,"attempt_limit":121,"elapsed_ms":"559","wait_ms":"60000","deadline_exhausted":false,"attempt_exhausted":false,"selection_complete":false,"expanded_start_ns":"16283000000","expanded_end_ns":"17783000000","source_count":1,"unknown_count":2,"sources_truncated":false,"unknown_truncated":false,"sources":[{"segment_id_sha256":"fde68cd5c62e07ae0561d9857d6141eed622116eddd1bb3a7ec053139a07ea39","media_epoch_id_sha256":"e6fc365cc4293485ba9bd44ca4b5494be9f082dfc67e4b1309d50f633796fff9","source_generation_sha256":"1369a0075a08d4e14d8d4da21c4a0476b5ee0030caf0310005ca81a2f122c09e","track_id_sha256":"f2ff69f8f2b94e05c2d2b92bbafc41e9782b04757ea0f13533ba97acb9b8fe7c","generation_order":"1","start_pts":"8333333333","end_pts":"16666666666","time_base_num":1,"time_base_den":1000000000,"lifecycle":1,"deleted":false,"binding_present":true,"binding_valid":true,"available_for_selection":true}],"decoded":{"namespace_valid":true,"range_comparable":true,"incomplete":false,"frames_truncated":false,"frame_count":528,"relevant_count":40,"identity_matched":40,"identity_rejected":0,"generation_mismatch":0,"pts_mismatch":0,"duration_invalid":0,"minimum_pts_ns":"16266666666","maximum_pts_ns":"17566666666","maximum_valid_end_ns":"17599999999"},"slice_state_counts":[12,2,0,0,0,0],"reason_counts":[0,2,0,0,12,0,0,0,0,0],"unknown_ranges":[{"start_ns":"16666666666","end_ns":"16666666667","reason":1},{"start_ns":"16666666666","end_ns":"17783000000","reason":1}]}
[selection-attempt] {"reference_sha256":"3cb85ebc2267400b4b0fee50c7dfb31fd71904419e5687cbb50a62fc7aae7298","attempt":2,"attempt_limit":121,"elapsed_ms":"582","wait_ms":"60000","deadline_exhausted":false,"attempt_exhausted":false,"selection_complete":false,"expanded_start_ns":"16283000000","expanded_end_ns":"17783000000","source_count":1,"unknown_count":2,"sources_truncated":false,"unknown_truncated":false,"sources":[{"segment_id_sha256":"fde68cd5c62e07ae0561d9857d6141eed622116eddd1bb3a7ec053139a07ea39","media_epoch_id_sha256":"e6fc365cc4293485ba9bd44ca4b5494be9f082dfc67e4b1309d50f633796fff9","source_generation_sha256":"1369a0075a08d4e14d8d4da21c4a0476b5ee0030caf0310005ca81a2f122c09e","track_id_sha256":"f2ff69f8f2b94e05c2d2b92bbafc41e9782b04757ea0f13533ba97acb9b8fe7c","generation_order":"1","start_pts":"8333333333","end_pts":"16666666666","time_base_num":1,"time_base_den":1000000000,"lifecycle":1,"deleted":false,"binding_present":true,"binding_valid":true,"available_for_selection":true}],"decoded":{"namespace_valid":true,"range_comparable":true,"incomplete":false,"frames_truncated":false,"frame_count":528,"relevant_count":40,"identity_matched":40,"identity_rejected":0,"generation_mismatch":0,"pts_mismatch":0,"duration_invalid":0,"minimum_pts_ns":"16266666666","maximum_pts_ns":"17566666666","maximum_valid_end_ns":"17599999999"},"slice_state_counts":[12,2,0,0,0,0],"reason_counts":[0,2,0,0,12,0,0,0,0,0],"unknown_ranges":[{"start_ns":"16666666666","end_ns":"16666666667","reason":1},{"start_ns":"16666666666","end_ns":"17783000000","reason":1}]}
[selection-attempt] {"reference_sha256":"888d6e960e04bd3540f8ed155c3001276bc04a96b2578c56ebd0c8a1b957f290","attempt":2,"attempt_limit":121,"elapsed_ms":"587","wait_ms":"60000","deadline_exhausted":false,"attempt_exhausted":false,"selection_complete":false,"expanded_start_ns":"16283000000","expanded_end_ns":"17783000000","source_count":1,"unknown_count":2,"sources_truncated":false,"unknown_truncated":false,"sources":[{"segment_id_sha256":"fde68cd5c62e07ae0561d9857d6141eed622116eddd1bb3a7ec053139a07ea39","media_epoch_id_sha256":"e6fc365cc4293485ba9bd44ca4b5494be9f082dfc67e4b1309d50f633796fff9","source_generation_sha256":"1369a0075a08d4e14d8d4da21c4a0476b5ee0030caf0310005ca81a2f122c09e","track_id_sha256":"f2ff69f8f2b94e05c2d2b92bbafc41e9782b04757ea0f13533ba97acb9b8fe7c","generation_order":"1","start_pts":"8333333333","end_pts":"16666666666","time_base_num":1,"time_base_den":1000000000,"lifecycle":1,"deleted":false,"binding_present":true,"binding_valid":true,"available_for_selection":true}],"decoded":{"namespace_valid":true,"range_comparable":true,"incomplete":false,"frames_truncated":false,"frame_count":528,"relevant_count":40,"identity_matched":40,"identity_rejected":0,"generation_mismatch":0,"pts_mismatch":0,"duration_invalid":0,"minimum_pts_ns":"16266666666","maximum_pts_ns":"17566666666","maximum_valid_end_ns":"17599999999"},"slice_state_counts":[12,2,0,0,0,0],"reason_counts":[0,2,0,0,12,0,0,0,0,0],"unknown_ranges":[{"start_ns":"16666666666","end_ns":"16666666667","reason":1},{"start_ns":"16666666666","end_ns":"17783000000","reason":1}]}
[selection-attempt] {"reference_sha256":"89f5a6b8ee07389e5bd9f408cd0d69d52bc48956f4dd63a15fc75b721653ed9f","attempt":2,"attempt_limit":121,"elapsed_ms":"629","wait_ms":"60000","deadline_exhausted":false,"attempt_exhausted":false,"selection_complete":false,"expanded_start_ns":"16283000000","expanded_end_ns":"17783000000","source_count":1,"unknown_count":2,"sources_truncated":false,"unknown_truncated":false,"sources":[{"segment_id_sha256":"fde68cd5c62e07ae0561d9857d6141eed622116eddd1bb3a7ec053139a07ea39","media_epoch_id_sha256":"e6fc365cc4293485ba9bd44ca4b5494be9f082dfc67e4b1309d50f633796fff9","source_generation_sha256":"1369a0075a08d4e14d8d4da21c4a0476b5ee0030caf0310005ca81a2f122c09e","track_id_sha256":"f2ff69f8f2b94e05c2d2b92bbafc41e9782b04757ea0f13533ba97acb9b8fe7c","generation_order":"1","start_pts":"8333333333","end_pts":"16666666666","time_base_num":1,"time_base_den":1000000000,"lifecycle":1,"deleted":false,"binding_present":true,"binding_valid":true,"available_for_selection":true}],"decoded":{"namespace_valid":true,"range_comparable":true,"incomplete":false,"frames_truncated":false,"frame_count":532,"relevant_count":44,"identity_matched":44,"identity_rejected":0,"generation_mismatch":0,"pts_mismatch":0,"duration_invalid":0,"minimum_pts_ns":"16266666666","maximum_pts_ns":"17700000000","maximum_valid_end_ns":"17733333333"},"slice_state_counts":[12,2,0,0,0,0],"reason_counts":[0,2,0,0,12,0,0,0,0,0],"unknown_ranges":[{"start_ns":"16666666666","end_ns":"16666666667","reason":1},{"start_ns":"16666666666","end_ns":"17783000000","reason":1}]}
[selection-attempt] {"reference_sha256":"c4f8956731eef44f1fd95e72c6854a12ad90316b5b31ad7e374f550520d40ddf","attempt":3,"attempt_limit":121,"elapsed_ms":"1095","wait_ms":"60000","deadline_exhausted":false,"attempt_exhausted":false,"selection_complete":false,"expanded_start_ns":"16283000000","expanded_end_ns":"17783000000","source_count":1,"unknown_count":2,"sources_truncated":false,"unknown_truncated":false,"sources":[{"segment_id_sha256":"fde68cd5c62e07ae0561d9857d6141eed622116eddd1bb3a7ec053139a07ea39","media_epoch_id_sha256":"e6fc365cc4293485ba9bd44ca4b5494be9f082dfc67e4b1309d50f633796fff9","source_generation_sha256":"1369a0075a08d4e14d8d4da21c4a0476b5ee0030caf0310005ca81a2f122c09e","track_id_sha256":"f2ff69f8f2b94e05c2d2b92bbafc41e9782b04757ea0f13533ba97acb9b8fe7c","generation_order":"1","start_pts":"8333333333","end_pts":"16666666666","time_base_num":1,"time_base_den":1000000000,"lifecycle":1,"deleted":false,"binding_present":true,"binding_valid":true,"available_for_selection":true}],"decoded":{"namespace_valid":true,"range_comparable":true,"incomplete":false,"frames_truncated":false,"frame_count":544,"relevant_count":46,"identity_matched":46,"identity_rejected":0,"generation_mismatch":0,"pts_mismatch":0,"duration_invalid":0,"minimum_pts_ns":"16266666666","maximum_pts_ns":"17766666666","maximum_valid_end_ns":"17799999999"},"slice_state_counts":[12,2,0,0,0,0],"reason_counts":[0,2,0,0,12,0,0,0,0,0],"unknown_ranges":[{"start_ns":"16666666666","end_ns":"16666666667","reason":1},{"start_ns":"16666666666","end_ns":"17783000000","reason":1}]}
[selection-attempt] {"reference_sha256":"3cb85ebc2267400b4b0fee50c7dfb31fd71904419e5687cbb50a62fc7aae7298","attempt":3,"attempt_limit":121,"elapsed_ms":"1117","wait_ms":"60000","deadline_exhausted":false,"attempt_exhausted":false,"selection_complete":false,"expanded_start_ns":"16283000000","expanded_end_ns":"17783000000","source_count":1,"unknown_count":2,"sources_truncated":false,"unknown_truncated":false,"sources":[{"segment_id_sha256":"fde68cd5c62e07ae0561d9857d6141eed622116eddd1bb3a7ec053139a07ea39","media_epoch_id_sha256":"e6fc365cc4293485ba9bd44ca4b5494be9f082dfc67e4b1309d50f633796fff9","source_generation_sha256":"1369a0075a08d4e14d8d4da21c4a0476b5ee0030caf0310005ca81a2f122c09e","track_id_sha256":"f2ff69f8f2b94e05c2d2b92bbafc41e9782b04757ea0f13533ba97acb9b8fe7c","generation_order":"1","start_pts":"8333333333","end_pts":"16666666666","time_base_num":1,"time_base_den":1000000000,"lifecycle":1,"deleted":false,"binding_present":true,"binding_valid":true,"available_for_selection":true}],"decoded":{"namespace_valid":true,"range_comparable":true,"incomplete":false,"frames_truncated":false,"frame_count":544,"relevant_count":46,"identity_matched":46,"identity_rejected":0,"generation_mismatch":0,"pts_mismatch":0,"duration_invalid":0,"minimum_pts_ns":"16266666666","maximum_pts_ns":"17766666666","maximum_valid_end_ns":"17799999999"},"slice_state_counts":[12,2,0,0,0,0],"reason_counts":[0,2,0,0,12,0,0,0,0,0],"unknown_ranges":[{"start_ns":"16666666666","end_ns":"16666666667","reason":1},{"start_ns":"16666666666","end_ns":"17783000000","reason":1}]}
[selection-attempt] {"reference_sha256":"888d6e960e04bd3540f8ed155c3001276bc04a96b2578c56ebd0c8a1b957f290","attempt":3,"attempt_limit":121,"elapsed_ms":"1121","wait_ms":"60000","deadline_exhausted":false,"attempt_exhausted":false,"selection_complete":false,"expanded_start_ns":"16283000000","expanded_end_ns":"17783000000","source_count":1,"unknown_count":2,"sources_truncated":false,"unknown_truncated":false,"sources":[{"segment_id_sha256":"fde68cd5c62e07ae0561d9857d6141eed622116eddd1bb3a7ec053139a07ea39","media_epoch_id_sha256":"e6fc365cc4293485ba9bd44ca4b5494be9f082dfc67e4b1309d50f633796fff9","source_generation_sha256":"1369a0075a08d4e14d8d4da21c4a0476b5ee0030caf0310005ca81a2f122c09e","track_id_sha256":"f2ff69f8f2b94e05c2d2b92bbafc41e9782b04757ea0f13533ba97acb9b8fe7c","generation_order":"1","start_pts":"8333333333","end_pts":"16666666666","time_base_num":1,"time_base_den":1000000000,"lifecycle":1,"deleted":false,"binding_present":true,"binding_valid":true,"available_for_selection":true}],"decoded":{"namespace_valid":true,"range_comparable":true,"incomplete":false,"frames_truncated":false,"frame_count":544,"relevant_count":46,"identity_matched":46,"identity_rejected":0,"generation_mismatch":0,"pts_mismatch":0,"duration_invalid":0,"minimum_pts_ns":"16266666666","maximum_pts_ns":"17766666666","maximum_valid_end_ns":"17799999999"},"slice_state_counts":[12,2,0,0,0,0],"reason_counts":[0,2,0,0,12,0,0,0,0,0],"unknown_ranges":[{"start_ns":"16666666666","end_ns":"16666666667","reason":1},{"start_ns":"16666666666","end_ns":"17783000000","reason":1}]}
[selection-attempt] {"reference_sha256":"89f5a6b8ee07389e5bd9f408cd0d69d52bc48956f4dd63a15fc75b721653ed9f","attempt":3,"attempt_limit":121,"elapsed_ms":"1157","wait_ms":"60000","deadline_exhausted":false,"attempt_exhausted":false,"selection_complete":false,"expanded_start_ns":"16283000000","expanded_end_ns":"17783000000","source_count":1,"unknown_count":2,"sources_truncated":false,"unknown_truncated":false,"sources":[{"segment_id_sha256":"fde68cd5c62e07ae0561d9857d6141eed622116eddd1bb3a7ec053139a07ea39","media_epoch_id_sha256":"e6fc365cc4293485ba9bd44ca4b5494be9f082dfc67e4b1309d50f633796fff9","source_generation_sha256":"1369a0075a08d4e14d8d4da21c4a0476b5ee0030caf0310005ca81a2f122c09e","track_id_sha256":"f2ff69f8f2b94e05c2d2b92bbafc41e9782b04757ea0f13533ba97acb9b8fe7c","generation_order":"1","start_pts":"8333333333","end_pts":"16666666666","time_base_num":1,"time_base_den":1000000000,"lifecycle":1,"deleted":false,"binding_present":true,"binding_valid":true,"available_for_selection":true}],"decoded":{"namespace_valid":true,"range_comparable":true,"incomplete":false,"frames_truncated":false,"frame_count":548,"relevant_count":46,"identity_matched":46,"identity_rejected":0,"generation_mismatch":0,"pts_mismatch":0,"duration_invalid":0,"minimum_pts_ns":"16266666666","maximum_pts_ns":"17766666666","maximum_valid_end_ns":"17799999999"},"slice_state_counts":[12,2,0,0,0,0],"reason_counts":[0,2,0,0,12,0,0,0,0,0],"unknown_ranges":[{"start_ns":"16666666666","end_ns":"16666666667","reason":1},{"start_ns":"16666666666","end_ns":"17783000000","reason":1}]}
[selection-attempt] {"reference_sha256":"c4f8956731eef44f1fd95e72c6854a12ad90316b5b31ad7e374f550520d40ddf","attempt":4,"attempt_limit":121,"elapsed_ms":"1629","wait_ms":"60000","deadline_exhausted":false,"attempt_exhausted":false,"selection_complete":false,"expanded_start_ns":"16283000000","expanded_end_ns":"17783000000","source_count":1,"unknown_count":2,"sources_truncated":false,"unknown_truncated":false,"sources":[{"segment_id_sha256":"fde68cd5c62e07ae0561d9857d6141eed622116eddd1bb3a7ec053139a07ea39","media_epoch_id_sha256":"e6fc365cc4293485ba9bd44ca4b5494be9f082dfc67e4b1309d50f633796fff9","source_generation_sha256":"1369a0075a08d4e14d8d4da21c4a0476b5ee0030caf0310005ca81a2f122c09e","track_id_sha256":"f2ff69f8f2b94e05c2d2b92bbafc41e9782b04757ea0f13533ba97acb9b8fe7c","generation_order":"1","start_pts":"8333333333","end_pts":"16666666666","time_base_num":1,"time_base_den":1000000000,"lifecycle":1,"deleted":false,"binding_present":true,"binding_valid":true,"available_for_selection":true}],"decoded":{"namespace_valid":true,"range_comparable":true,"incomplete":false,"frames_truncated":false,"frame_count":561,"relevant_count":46,"identity_matched":46,"identity_rejected":0,"generation_mismatch":0,"pts_mismatch":0,"duration_invalid":0,"minimum_pts_ns":"16266666666","maximum_pts_ns":"17766666666","maximum_valid_end_ns":"17799999999"},"slice_state_counts":[12,2,0,0,0,0],"reason_counts":[0,2,0,0,12,0,0,0,0,0],"unknown_ranges":[{"start_ns":"16666666666","end_ns":"16666666667","reason":1},{"start_ns":"16666666666","end_ns":"17783000000","reason":1}]}
[selection-attempt] {"reference_sha256":"3cb85ebc2267400b4b0fee50c7dfb31fd71904419e5687cbb50a62fc7aae7298","attempt":4,"attempt_limit":121,"elapsed_ms":"1652","wait_ms":"60000","deadline_exhausted":false,"attempt_exhausted":false,"selection_complete":false,"expanded_start_ns":"16283000000","expanded_end_ns":"17783000000","source_count":1,"unknown_count":2,"sources_truncated":false,"unknown_truncated":false,"sources":[{"segment_id_sha256":"fde68cd5c62e07ae0561d9857d6141eed622116eddd1bb3a7ec053139a07ea39","media_epoch_id_sha256":"e6fc365cc4293485ba9bd44ca4b5494be9f082dfc67e4b1309d50f633796fff9","source_generation_sha256":"1369a0075a08d4e14d8d4da21c4a0476b5ee0030caf0310005ca81a2f122c09e","track_id_sha256":"f2ff69f8f2b94e05c2d2b92bbafc41e9782b04757ea0f13533ba97acb9b8fe7c","generation_order":"1","start_pts":"8333333333","end_pts":"16666666666","time_base_num":1,"time_base_den":1000000000,"lifecycle":1,"deleted":false,"binding_present":true,"binding_valid":true,"available_for_selection":true}],"decoded":{"namespace_valid":true,"range_comparable":true,"incomplete":false,"frames_truncated":false,"frame_count":561,"relevant_count":46,"identity_matched":46,"identity_rejected":0,"generation_mismatch":0,"pts_mismatch":0,"duration_invalid":0,"minimum_pts_ns":"16266666666","maximum_pts_ns":"17766666666","maximum_valid_end_ns":"17799999999"},"slice_state_counts":[12,2,0,0,0,0],"reason_counts":[0,2,0,0,12,0,0,0,0,0],"unknown_ranges":[{"start_ns":"16666666666","end_ns":"16666666667","reason":1},{"start_ns":"16666666666","end_ns":"17783000000","reason":1}]}
[selection-attempt] {"reference_sha256":"888d6e960e04bd3540f8ed155c3001276bc04a96b2578c56ebd0c8a1b957f290","attempt":4,"attempt_limit":121,"elapsed_ms":"1656","wait_ms":"60000","deadline_exhausted":false,"attempt_exhausted":false,"selection_complete":false,"expanded_start_ns":"16283000000","expanded_end_ns":"17783000000","source_count":1,"unknown_count":2,"sources_truncated":false,"unknown_truncated":false,"sources":[{"segment_id_sha256":"fde68cd5c62e07ae0561d9857d6141eed622116eddd1bb3a7ec053139a07ea39","media_epoch_id_sha256":"e6fc365cc4293485ba9bd44ca4b5494be9f082dfc67e4b1309d50f633796fff9","source_generation_sha256":"1369a0075a08d4e14d8d4da21c4a0476b5ee0030caf0310005ca81a2f122c09e","track_id_sha256":"f2ff69f8f2b94e05c2d2b92bbafc41e9782b04757ea0f13533ba97acb9b8fe7c","generation_order":"1","start_pts":"8333333333","end_pts":"16666666666","time_base_num":1,"time_base_den":1000000000,"lifecycle":1,"deleted":false,"binding_present":true,"binding_valid":true,"available_for_selection":true}],"decoded":{"namespace_valid":true,"range_comparable":true,"incomplete":false,"frames_truncated":false,"frame_count":561,"relevant_count":46,"identity_matched":46,"identity_rejected":0,"generation_mismatch":0,"pts_mismatch":0,"duration_invalid":0,"minimum_pts_ns":"16266666666","maximum_pts_ns":"17766666666","maximum_valid_end_ns":"17799999999"},"slice_state_counts":[12,2,0,0,0,0],"reason_counts":[0,2,0,0,12,0,0,0,0,0],"unknown_ranges":[{"start_ns":"16666666666","end_ns":"16666666667","reason":1},{"start_ns":"16666666666","end_ns":"17783000000","reason":1}]}
[selection-attempt] {"reference_sha256":"89f5a6b8ee07389e5bd9f408cd0d69d52bc48956f4dd63a15fc75b721653ed9f","attempt":4,"attempt_limit":121,"elapsed_ms":"1683","wait_ms":"60000","deadline_exhausted":false,"attempt_exhausted":false,"selection_complete":false,"expanded_start_ns":"16283000000","expanded_end_ns":"17783000000","source_count":1,"unknown_count":2,"sources_truncated":false,"unknown_truncated":false,"sources":[{"segment_id_sha256":"fde68cd5c62e07ae0561d9857d6141eed622116eddd1bb3a7ec053139a07ea39","media_epoch_id_sha256":"e6fc365cc4293485ba9bd44ca4b5494be9f082dfc67e4b1309d50f633796fff9","source_generation_sha256":"1369a0075a08d4e14d8d4da21c4a0476b5ee0030caf0310005ca81a2f122c09e","track_id_sha256":"f2ff69f8f2b94e05c2d2b92bbafc41e9782b04757ea0f13533ba97acb9b8fe7c","generation_order":"1","start_pts":"8333333333","end_pts":"16666666666","time_base_num":1,"time_base_den":1000000000,"lifecycle":1,"deleted":false,"binding_present":true,"binding_valid":true,"available_for_selection":true}],"decoded":{"namespace_valid":true,"range_comparable":true,"incomplete":false,"frames_truncated":false,"frame_count":561,"relevant_count":46,"identity_matched":46,"identity_rejected":0,"generation_mismatch":0,"pts_mismatch":0,"duration_invalid":0,"minimum_pts_ns":"16266666666","maximum_pts_ns":"17766666666","maximum_valid_end_ns":"17799999999"},"slice_state_counts":[12,2,0,0,0,0],"reason_counts":[0,2,0,0,12,0,0,0,0,0],"unknown_ranges":[{"start_ns":"16666666666","end_ns":"16666666667","reason":1},{"start_ns":"16666666666","end_ns":"17783000000","reason":1}]}
[selection-attempt] {"reference_sha256":"c4f8956731eef44f1fd95e72c6854a12ad90316b5b31ad7e374f550520d40ddf","attempt":5,"attempt_limit":121,"elapsed_ms":"2159","wait_ms":"60000","deadline_exhausted":false,"attempt_exhausted":false,"selection_complete":false,"expanded_start_ns":"16283000000","expanded_end_ns":"17783000000","source_count":1,"unknown_count":2,"sources_truncated":false,"unknown_truncated":false,"sources":[{"segment_id_sha256":"fde68cd5c62e07ae0561d9857d6141eed622116eddd1bb3a7ec053139a07ea39","media_epoch_id_sha256":"e6fc365cc4293485ba9bd44ca4b5494be9f082dfc67e4b1309d50f633796fff9","source_generation_sha256":"1369a0075a08d4e14d8d4da21c4a0476b5ee0030caf0310005ca81a2f122c09e","track_id_sha256":"f2ff69f8f2b94e05c2d2b92bbafc41e9782b04757ea0f13533ba97acb9b8fe7c","generation_order":"1","start_pts":"8333333333","end_pts":"16666666666","time_base_num":1,"time_base_den":1000000000,"lifecycle":1,"deleted":false,"binding_present":true,"binding_valid":true,"available_for_selection":true}],"decoded":{"namespace_valid":true,"range_comparable":true,"incomplete":false,"frames_truncated":false,"frame_count":577,"relevant_count":46,"identity_matched":46,"identity_rejected":0,"generation_mismatch":0,"pts_mismatch":0,"duration_invalid":0,"minimum_pts_ns":"16266666666","maximum_pts_ns":"17766666666","maximum_valid_end_ns":"17799999999"},"slice_state_counts":[12,2,0,0,0,0],"reason_counts":[0,2,0,0,12,0,0,0,0,0],"unknown_ranges":[{"start_ns":"16666666666","end_ns":"16666666667","reason":1},{"start_ns":"16666666666","end_ns":"17783000000","reason":1}]}
[selection-attempt] {"reference_sha256":"3cb85ebc2267400b4b0fee50c7dfb31fd71904419e5687cbb50a62fc7aae7298","attempt":5,"attempt_limit":121,"elapsed_ms":"2181","wait_ms":"60000","deadline_exhausted":false,"attempt_exhausted":false,"selection_complete":false,"expanded_start_ns":"16283000000","expanded_end_ns":"17783000000","source_count":1,"unknown_count":2,"sources_truncated":false,"unknown_truncated":false,"sources":[{"segment_id_sha256":"fde68cd5c62e07ae0561d9857d6141eed622116eddd1bb3a7ec053139a07ea39","media_epoch_id_sha256":"e6fc365cc4293485ba9bd44ca4b5494be9f082dfc67e4b1309d50f633796fff9","source_generation_sha256":"1369a0075a08d4e14d8d4da21c4a0476b5ee0030caf0310005ca81a2f122c09e","track_id_sha256":"f2ff69f8f2b94e05c2d2b92bbafc41e9782b04757ea0f13533ba97acb9b8fe7c","generation_order":"1","start_pts":"8333333333","end_pts":"16666666666","time_base_num":1,"time_base_den":1000000000,"lifecycle":1,"deleted":false,"binding_present":true,"binding_valid":true,"available_for_selection":true}],"decoded":{"namespace_valid":true,"range_comparable":true,"incomplete":false,"frames_truncated":false,"frame_count":577,"relevant_count":46,"identity_matched":46,"identity_rejected":0,"generation_mismatch":0,"pts_mismatch":0,"duration_invalid":0,"minimum_pts_ns":"16266666666","maximum_pts_ns":"17766666666","maximum_valid_end_ns":"17799999999"},"slice_state_counts":[12,2,0,0,0,0],"reason_counts":[0,2,0,0,12,0,0,0,0,0],"unknown_ranges":[{"start_ns":"16666666666","end_ns":"16666666667","reason":1},{"start_ns":"16666666666","end_ns":"17783000000","reason":1}]}
[selection-attempt] {"reference_sha256":"888d6e960e04bd3540f8ed155c3001276bc04a96b2578c56ebd0c8a1b957f290","attempt":5,"attempt_limit":121,"elapsed_ms":"2185","wait_ms":"60000","deadline_exhausted":false,"attempt_exhausted":false,"selection_complete":false,"expanded_start_ns":"16283000000","expanded_end_ns":"17783000000","source_count":1,"unknown_count":2,"sources_truncated":false,"unknown_truncated":false,"sources":[{"segment_id_sha256":"fde68cd5c62e07ae0561d9857d6141eed622116eddd1bb3a7ec053139a07ea39","media_epoch_id_sha256":"e6fc365cc4293485ba9bd44ca4b5494be9f082dfc67e4b1309d50f633796fff9","source_generation_sha256":"1369a0075a08d4e14d8d4da21c4a0476b5ee0030caf0310005ca81a2f122c09e","track_id_sha256":"f2ff69f8f2b94e05c2d2b92bbafc41e9782b04757ea0f13533ba97acb9b8fe7c","generation_order":"1","start_pts":"8333333333","end_pts":"16666666666","time_base_num":1,"time_base_den":1000000000,"lifecycle":1,"deleted":false,"binding_present":true,"binding_valid":true,"available_for_selection":true}],"decoded":{"namespace_valid":true,"range_comparable":true,"incomplete":false,"frames_truncated":false,"frame_count":577,"relevant_count":46,"identity_matched":46,"identity_rejected":0,"generation_mismatch":0,"pts_mismatch":0,"duration_invalid":0,"minimum_pts_ns":"16266666666","maximum_pts_ns":"17766666666","maximum_valid_end_ns":"17799999999"},"slice_state_counts":[12,2,0,0,0,0],"reason_counts":[0,2,0,0,12,0,0,0,0,0],"unknown_ranges":[{"start_ns":"16666666666","end_ns":"16666666667","reason":1},{"start_ns":"16666666666","end_ns":"17783000000","reason":1}]}
[selection-attempt] {"reference_sha256":"89f5a6b8ee07389e5bd9f408cd0d69d52bc48956f4dd63a15fc75b721653ed9f","attempt":5,"attempt_limit":121,"elapsed_ms":"2210","wait_ms":"60000","deadline_exhausted":false,"attempt_exhausted":false,"selection_complete":false,"expanded_start_ns":"16283000000","expanded_end_ns":"17783000000","source_count":1,"unknown_count":2,"sources_truncated":false,"unknown_truncated":false,"sources":[{"segment_id_sha256":"fde68cd5c62e07ae0561d9857d6141eed622116eddd1bb3a7ec053139a07ea39","media_epoch_id_sha256":"e6fc365cc4293485ba9bd44ca4b5494be9f082dfc67e4b1309d50f633796fff9","source_generation_sha256":"1369a0075a08d4e14d8d4da21c4a0476b5ee0030caf0310005ca81a2f122c09e","track_id_sha256":"f2ff69f8f2b94e05c2d2b92bbafc41e9782b04757ea0f13533ba97acb9b8fe7c","generation_order":"1","start_pts":"8333333333","end_pts":"16666666666","time_base_num":1,"time_base_den":1000000000,"lifecycle":1,"deleted":false,"binding_present":true,"binding_valid":true,"available_for_selection":true}],"decoded":{"namespace_valid":true,"range_comparable":true,"incomplete":false,"frames_truncated":false,"frame_count":577,"relevant_count":46,"identity_matched":46,"identity_rejected":0,"generation_mismatch":0,"pts_mismatch":0,"duration_invalid":0,"minimum_pts_ns":"16266666666","maximum_pts_ns":"17766666666","maximum_valid_end_ns":"17799999999"},"slice_state_counts":[12,2,0,0,0,0],"reason_counts":[0,2,0,0,12,0,0,0,0,0],"unknown_ranges":[{"start_ns":"16666666666","end_ns":"16666666667","reason":1},{"start_ns":"16666666666","end_ns":"17783000000","reason":1}]}
[selection-attempt] {"reference_sha256":"c4f8956731eef44f1fd95e72c6854a12ad90316b5b31ad7e374f550520d40ddf","attempt":6,"attempt_limit":121,"elapsed_ms":"2683","wait_ms":"60000","deadline_exhausted":false,"attempt_exhausted":false,"selection_complete":false,"expanded_start_ns":"16283000000","expanded_end_ns":"17783000000","source_count":1,"unknown_count":2,"sources_truncated":false,"unknown_truncated":false,"sources":[{"segment_id_sha256":"fde68cd5c62e07ae0561d9857d6141eed622116eddd1bb3a7ec053139a07ea39","media_epoch_id_sha256":"e6fc365cc4293485ba9bd44ca4b5494be9f082dfc67e4b1309d50f633796fff9","source_generation_sha256":"1369a0075a08d4e14d8d4da21c4a0476b5ee0030caf0310005ca81a2f122c09e","track_id_sha256":"f2ff69f8f2b94e05c2d2b92bbafc41e9782b04757ea0f13533ba97acb9b8fe7c","generation_order":"1","start_pts":"8333333333","end_pts":"16666666666","time_base_num":1,"time_base_den":1000000000,"lifecycle":1,"deleted":false,"binding_present":true,"binding_valid":true,"available_for_selection":true}],"decoded":{"namespace_valid":true,"range_comparable":true,"incomplete":false,"frames_truncated":false,"frame_count":593,"relevant_count":46,"identity_matched":46,"identity_rejected":0,"generation_mismatch":0,"pts_mismatch":0,"duration_invalid":0,"minimum_pts_ns":"16266666666","maximum_pts_ns":"17766666666","maximum_valid_end_ns":"17799999999"},"slice_state_counts":[12,2,0,0,0,0],"reason_counts":[0,2,0,0,12,0,0,0,0,0],"unknown_ranges":[{"start_ns":"16666666666","end_ns":"16666666667","reason":1},{"start_ns":"16666666666","end_ns":"17783000000","reason":1}]}
[selection-attempt] {"reference_sha256":"3cb85ebc2267400b4b0fee50c7dfb31fd71904419e5687cbb50a62fc7aae7298","attempt":6,"attempt_limit":121,"elapsed_ms":"2706","wait_ms":"60000","deadline_exhausted":false,"attempt_exhausted":false,"selection_complete":false,"expanded_start_ns":"16283000000","expanded_end_ns":"17783000000","source_count":1,"unknown_count":2,"sources_truncated":false,"unknown_truncated":false,"sources":[{"segment_id_sha256":"fde68cd5c62e07ae0561d9857d6141eed622116eddd1bb3a7ec053139a07ea39","media_epoch_id_sha256":"e6fc365cc4293485ba9bd44ca4b5494be9f082dfc67e4b1309d50f633796fff9","source_generation_sha256":"1369a0075a08d4e14d8d4da21c4a0476b5ee0030caf0310005ca81a2f122c09e","track_id_sha256":"f2ff69f8f2b94e05c2d2b92bbafc41e9782b04757ea0f13533ba97acb9b8fe7c","generation_order":"1","start_pts":"8333333333","end_pts":"16666666666","time_base_num":1,"time_base_den":1000000000,"lifecycle":1,"deleted":false,"binding_present":true,"binding_valid":true,"available_for_selection":true}],"decoded":{"namespace_valid":true,"range_comparable":true,"incomplete":false,"frames_truncated":false,"frame_count":593,"relevant_count":46,"identity_matched":46,"identity_rejected":0,"generation_mismatch":0,"pts_mismatch":0,"duration_invalid":0,"minimum_pts_ns":"16266666666","maximum_pts_ns":"17766666666","maximum_valid_end_ns":"17799999999"},"slice_state_counts":[12,2,0,0,0,0],"reason_counts":[0,2,0,0,12,0,0,0,0,0],"unknown_ranges":[{"start_ns":"16666666666","end_ns":"16666666667","reason":1},{"start_ns":"16666666666","end_ns":"17783000000","reason":1}]}
[selection-attempt] {"reference_sha256":"888d6e960e04bd3540f8ed155c3001276bc04a96b2578c56ebd0c8a1b957f290","attempt":6,"attempt_limit":121,"elapsed_ms":"2710","wait_ms":"60000","deadline_exhausted":false,"attempt_exhausted":false,"selection_complete":false,"expanded_start_ns":"16283000000","expanded_end_ns":"17783000000","source_count":1,"unknown_count":2,"sources_truncated":false,"unknown_truncated":false,"sources":[{"segment_id_sha256":"fde68cd5c62e07ae0561d9857d6141eed622116eddd1bb3a7ec053139a07ea39","media_epoch_id_sha256":"e6fc365cc4293485ba9bd44ca4b5494be9f082dfc67e4b1309d50f633796fff9","source_generation_sha256":"1369a0075a08d4e14d8d4da21c4a0476b5ee0030caf0310005ca81a2f122c09e","track_id_sha256":"f2ff69f8f2b94e05c2d2b92bbafc41e9782b04757ea0f13533ba97acb9b8fe7c","generation_order":"1","start_pts":"8333333333","end_pts":"16666666666","time_base_num":1,"time_base_den":1000000000,"lifecycle":1,"deleted":false,"binding_present":true,"binding_valid":true,"available_for_selection":true}],"decoded":{"namespace_valid":true,"range_comparable":true,"incomplete":false,"frames_truncated":false,"frame_count":593,"relevant_count":46,"identity_matched":46,"identity_rejected":0,"generation_mismatch":0,"pts_mismatch":0,"duration_invalid":0,"minimum_pts_ns":"16266666666","maximum_pts_ns":"17766666666","maximum_valid_end_ns":"17799999999"},"slice_state_counts":[12,2,0,0,0,0],"reason_counts":[0,2,0,0,12,0,0,0,0,0],"unknown_ranges":[{"start_ns":"16666666666","end_ns":"16666666667","reason":1},{"start_ns":"16666666666","end_ns":"17783000000","reason":1}]}
[selection-attempt] {"reference_sha256":"89f5a6b8ee07389e5bd9f408cd0d69d52bc48956f4dd63a15fc75b721653ed9f","attempt":6,"attempt_limit":121,"elapsed_ms":"2735","wait_ms":"60000","deadline_exhausted":false,"attempt_exhausted":false,"selection_complete":false,"expanded_start_ns":"16283000000","expanded_end_ns":"17783000000","source_count":1,"unknown_count":2,"sources_truncated":false,"unknown_truncated":false,"sources":[{"segment_id_sha256":"fde68cd5c62e07ae0561d9857d6141eed622116eddd1bb3a7ec053139a07ea39","media_epoch_id_sha256":"e6fc365cc4293485ba9bd44ca4b5494be9f082dfc67e4b1309d50f633796fff9","source_generation_sha256":"1369a0075a08d4e14d8d4da21c4a0476b5ee0030caf0310005ca81a2f122c09e","track_id_sha256":"f2ff69f8f2b94e05c2d2b92bbafc41e9782b04757ea0f13533ba97acb9b8fe7c","generation_order":"1","start_pts":"8333333333","end_pts":"16666666666","time_base_num":1,"time_base_den":1000000000,"lifecycle":1,"deleted":false,"binding_present":true,"binding_valid":true,"available_for_selection":true}],"decoded":{"namespace_valid":true,"range_comparable":true,"incomplete":false,"frames_truncated":false,"frame_count":593,"relevant_count":46,"identity_matched":46,"identity_rejected":0,"generation_mismatch":0,"pts_mismatch":0,"duration_invalid":0,"minimum_pts_ns":"16266666666","maximum_pts_ns":"17766666666","maximum_valid_end_ns":"17799999999"},"slice_state_counts":[12,2,0,0,0,0],"reason_counts":[0,2,0,0,12,0,0,0,0,0],"unknown_ranges":[{"start_ns":"16666666666","end_ns":"16666666667","reason":1},{"start_ns":"16666666666","end_ns":"17783000000","reason":1}]}
[selection-attempt] {"reference_sha256":"c4f8956731eef44f1fd95e72c6854a12ad90316b5b31ad7e374f550520d40ddf","attempt":7,"attempt_limit":121,"elapsed_ms":"3217","wait_ms":"60000","deadline_exhausted":false,"attempt_exhausted":false,"selection_complete":false,"expanded_start_ns":"16283000000","expanded_end_ns":"17783000000","source_count":1,"unknown_count":2,"sources_truncated":false,"unknown_truncated":false,"sources":[{"segment_id_sha256":"fde68cd5c62e07ae0561d9857d6141eed622116eddd1bb3a7ec053139a07ea39","media_epoch_id_sha256":"e6fc365cc4293485ba9bd44ca4b5494be9f082dfc67e4b1309d50f633796fff9","source_generation_sha256":"1369a0075a08d4e14d8d4da21c4a0476b5ee0030caf0310005ca81a2f122c09e","track_id_sha256":"f2ff69f8f2b94e05c2d2b92bbafc41e9782b04757ea0f13533ba97acb9b8fe7c","generation_order":"1","start_pts":"8333333333","end_pts":"16666666666","time_base_num":1,"time_base_den":1000000000,"lifecycle":1,"deleted":false,"binding_present":true,"binding_valid":true,"available_for_selection":true}],"decoded":{"namespace_valid":true,"range_comparable":true,"incomplete":false,"frames_truncated":false,"frame_count":609,"relevant_count":46,"identity_matched":46,"identity_rejected":0,"generation_mismatch":0,"pts_mismatch":0,"duration_invalid":0,"minimum_pts_ns":"16266666666","maximum_pts_ns":"17766666666","maximum_valid_end_ns":"17799999999"},"slice_state_counts":[12,2,0,0,0,0],"reason_counts":[0,2,0,0,12,0,0,0,0,0],"unknown_ranges":[{"start_ns":"16666666666","end_ns":"16666666667","reason":1},{"start_ns":"16666666666","end_ns":"17783000000","reason":1}]}
[selection-attempt] {"reference_sha256":"3cb85ebc2267400b4b0fee50c7dfb31fd71904419e5687cbb50a62fc7aae7298","attempt":7,"attempt_limit":121,"elapsed_ms":"3240","wait_ms":"60000","deadline_exhausted":false,"attempt_exhausted":false,"selection_complete":false,"expanded_start_ns":"16283000000","expanded_end_ns":"17783000000","source_count":1,"unknown_count":2,"sources_truncated":false,"unknown_truncated":false,"sources":[{"segment_id_sha256":"fde68cd5c62e07ae0561d9857d6141eed622116eddd1bb3a7ec053139a07ea39","media_epoch_id_sha256":"e6fc365cc4293485ba9bd44ca4b5494be9f082dfc67e4b1309d50f633796fff9","source_generation_sha256":"1369a0075a08d4e14d8d4da21c4a0476b5ee0030caf0310005ca81a2f122c09e","track_id_sha256":"f2ff69f8f2b94e05c2d2b92bbafc41e9782b04757ea0f13533ba97acb9b8fe7c","generation_order":"1","start_pts":"8333333333","end_pts":"16666666666","time_base_num":1,"time_base_den":1000000000,"lifecycle":1,"deleted":false,"binding_present":true,"binding_valid":true,"available_for_selection":true}],"decoded":{"namespace_valid":true,"range_comparable":true,"incomplete":false,"frames_truncated":false,"frame_count":609,"relevant_count":46,"identity_matched":46,"identity_rejected":0,"generation_mismatch":0,"pts_mismatch":0,"duration_invalid":0,"minimum_pts_ns":"16266666666","maximum_pts_ns":"17766666666","maximum_valid_end_ns":"17799999999"},"slice_state_counts":[12,2,0,0,0,0],"reason_counts":[0,2,0,0,12,0,0,0,0,0],"unknown_ranges":[{"start_ns":"16666666666","end_ns":"16666666667","reason":1},{"start_ns":"16666666666","end_ns":"17783000000","reason":1}]}
[selection-attempt] {"reference_sha256":"888d6e960e04bd3540f8ed155c3001276bc04a96b2578c56ebd0c8a1b957f290","attempt":7,"attempt_limit":121,"elapsed_ms":"3245","wait_ms":"60000","deadline_exhausted":false,"attempt_exhausted":false,"selection_complete":false,"expanded_start_ns":"16283000000","expanded_end_ns":"17783000000","source_count":1,"unknown_count":2,"sources_truncated":false,"unknown_truncated":false,"sources":[{"segment_id_sha256":"fde68cd5c62e07ae0561d9857d6141eed622116eddd1bb3a7ec053139a07ea39","media_epoch_id_sha256":"e6fc365cc4293485ba9bd44ca4b5494be9f082dfc67e4b1309d50f633796fff9","source_generation_sha256":"1369a0075a08d4e14d8d4da21c4a0476b5ee0030caf0310005ca81a2f122c09e","track_id_sha256":"f2ff69f8f2b94e05c2d2b92bbafc41e9782b04757ea0f13533ba97acb9b8fe7c","generation_order":"1","start_pts":"8333333333","end_pts":"16666666666","time_base_num":1,"time_base_den":1000000000,"lifecycle":1,"deleted":false,"binding_present":true,"binding_valid":true,"available_for_selection":true}],"decoded":{"namespace_valid":true,"range_comparable":true,"incomplete":false,"frames_truncated":false,"frame_count":609,"relevant_count":46,"identity_matched":46,"identity_rejected":0,"generation_mismatch":0,"pts_mismatch":0,"duration_invalid":0,"minimum_pts_ns":"16266666666","maximum_pts_ns":"17766666666","maximum_valid_end_ns":"17799999999"},"slice_state_counts":[12,2,0,0,0,0],"reason_counts":[0,2,0,0,12,0,0,0,0,0],"unknown_ranges":[{"start_ns":"16666666666","end_ns":"16666666667","reason":1},{"start_ns":"16666666666","end_ns":"17783000000","reason":1}]}
[selection-attempt] {"reference_sha256":"89f5a6b8ee07389e5bd9f408cd0d69d52bc48956f4dd63a15fc75b721653ed9f","attempt":7,"attempt_limit":121,"elapsed_ms":"3270","wait_ms":"60000","deadline_exhausted":false,"attempt_exhausted":false,"selection_complete":false,"expanded_start_ns":"16283000000","expanded_end_ns":"17783000000","source_count":1,"unknown_count":2,"sources_truncated":false,"unknown_truncated":false,"sources":[{"segment_id_sha256":"fde68cd5c62e07ae0561d9857d6141eed622116eddd1bb3a7ec053139a07ea39","media_epoch_id_sha256":"e6fc365cc4293485ba9bd44ca4b5494be9f082dfc67e4b1309d50f633796fff9","source_generation_sha256":"1369a0075a08d4e14d8d4da21c4a0476b5ee0030caf0310005ca81a2f122c09e","track_id_sha256":"f2ff69f8f2b94e05c2d2b92bbafc41e9782b04757ea0f13533ba97acb9b8fe7c","generation_order":"1","start_pts":"8333333333","end_pts":"16666666666","time_base_num":1,"time_base_den":1000000000,"lifecycle":1,"deleted":false,"binding_present":true,"binding_valid":true,"available_for_selection":true}],"decoded":{"namespace_valid":true,"range_comparable":true,"incomplete":false,"frames_truncated":false,"frame_count":609,"relevant_count":46,"identity_matched":46,"identity_rejected":0,"generation_mismatch":0,"pts_mismatch":0,"duration_invalid":0,"minimum_pts_ns":"16266666666","maximum_pts_ns":"17766666666","maximum_valid_end_ns":"17799999999"},"slice_state_counts":[12,2,0,0,0,0],"reason_counts":[0,2,0,0,12,0,0,0,0,0],"unknown_ranges":[{"start_ns":"16666666666","end_ns":"16666666667","reason":1},{"start_ns":"16666666666","end_ns":"17783000000","reason":1}]}
[selection-attempt] {"reference_sha256":"c4f8956731eef44f1fd95e72c6854a12ad90316b5b31ad7e374f550520d40ddf","attempt":8,"attempt_limit":121,"elapsed_ms":"3752","wait_ms":"60000","deadline_exhausted":false,"attempt_exhausted":false,"selection_complete":false,"expanded_start_ns":"16283000000","expanded_end_ns":"17783000000","source_count":1,"unknown_count":2,"sources_truncated":false,"unknown_truncated":false,"sources":[{"segment_id_sha256":"fde68cd5c62e07ae0561d9857d6141eed622116eddd1bb3a7ec053139a07ea39","media_epoch_id_sha256":"e6fc365cc4293485ba9bd44ca4b5494be9f082dfc67e4b1309d50f633796fff9","source_generation_sha256":"1369a0075a08d4e14d8d4da21c4a0476b5ee0030caf0310005ca81a2f122c09e","track_id_sha256":"f2ff69f8f2b94e05c2d2b92bbafc41e9782b04757ea0f13533ba97acb9b8fe7c","generation_order":"1","start_pts":"8333333333","end_pts":"16666666666","time_base_num":1,"time_base_den":1000000000,"lifecycle":1,"deleted":false,"binding_present":true,"binding_valid":true,"available_for_selection":true}],"decoded":{"namespace_valid":true,"range_comparable":true,"incomplete":false,"frames_truncated":false,"frame_count":625,"relevant_count":46,"identity_matched":46,"identity_rejected":0,"generation_mismatch":0,"pts_mismatch":0,"duration_invalid":0,"minimum_pts_ns":"16266666666","maximum_pts_ns":"17766666666","maximum_valid_end_ns":"17799999999"},"slice_state_counts":[12,2,0,0,0,0],"reason_counts":[0,2,0,0,12,0,0,0,0,0],"unknown_ranges":[{"start_ns":"16666666666","end_ns":"16666666667","reason":1},{"start_ns":"16666666666","end_ns":"17783000000","reason":1}]}
[selection-attempt] {"reference_sha256":"3cb85ebc2267400b4b0fee50c7dfb31fd71904419e5687cbb50a62fc7aae7298","attempt":8,"attempt_limit":121,"elapsed_ms":"3774","wait_ms":"60000","deadline_exhausted":false,"attempt_exhausted":false,"selection_complete":false,"expanded_start_ns":"16283000000","expanded_end_ns":"17783000000","source_count":1,"unknown_count":2,"sources_truncated":false,"unknown_truncated":false,"sources":[{"segment_id_sha256":"fde68cd5c62e07ae0561d9857d6141eed622116eddd1bb3a7ec053139a07ea39","media_epoch_id_sha256":"e6fc365cc4293485ba9bd44ca4b5494be9f082dfc67e4b1309d50f633796fff9","source_generation_sha256":"1369a0075a08d4e14d8d4da21c4a0476b5ee0030caf0310005ca81a2f122c09e","track_id_sha256":"f2ff69f8f2b94e05c2d2b92bbafc41e9782b04757ea0f13533ba97acb9b8fe7c","generation_order":"1","start_pts":"8333333333","end_pts":"16666666666","time_base_num":1,"time_base_den":1000000000,"lifecycle":1,"deleted":false,"binding_present":true,"binding_valid":true,"available_for_selection":true}],"decoded":{"namespace_valid":true,"range_comparable":true,"incomplete":false,"frames_truncated":false,"frame_count":625,"relevant_count":46,"identity_matched":46,"identity_rejected":0,"generation_mismatch":0,"pts_mismatch":0,"duration_invalid":0,"minimum_pts_ns":"16266666666","maximum_pts_ns":"17766666666","maximum_valid_end_ns":"17799999999"},"slice_state_counts":[12,2,0,0,0,0],"reason_counts":[0,2,0,0,12,0,0,0,0,0],"unknown_ranges":[{"start_ns":"16666666666","end_ns":"16666666667","reason":1},{"start_ns":"16666666666","end_ns":"17783000000","reason":1}]}
[selection-attempt] {"reference_sha256":"888d6e960e04bd3540f8ed155c3001276bc04a96b2578c56ebd0c8a1b957f290","attempt":8,"attempt_limit":121,"elapsed_ms":"3778","wait_ms":"60000","deadline_exhausted":false,"attempt_exhausted":false,"selection_complete":false,"expanded_start_ns":"16283000000","expanded_end_ns":"17783000000","source_count":1,"unknown_count":2,"sources_truncated":false,"unknown_truncated":false,"sources":[{"segment_id_sha256":"fde68cd5c62e07ae0561d9857d6141eed622116eddd1bb3a7ec053139a07ea39","media_epoch_id_sha256":"e6fc365cc4293485ba9bd44ca4b5494be9f082dfc67e4b1309d50f633796fff9","source_generation_sha256":"1369a0075a08d4e14d8d4da21c4a0476b5ee0030caf0310005ca81a2f122c09e","track_id_sha256":"f2ff69f8f2b94e05c2d2b92bbafc41e9782b04757ea0f13533ba97acb9b8fe7c","generation_order":"1","start_pts":"8333333333","end_pts":"16666666666","time_base_num":1,"time_base_den":1000000000,"lifecycle":1,"deleted":false,"binding_present":true,"binding_valid":true,"available_for_selection":true}],"decoded":{"namespace_valid":true,"range_comparable":true,"incomplete":false,"frames_truncated":false,"frame_count":625,"relevant_count":46,"identity_matched":46,"identity_rejected":0,"generation_mismatch":0,"pts_mismatch":0,"duration_invalid":0,"minimum_pts_ns":"16266666666","maximum_pts_ns":"17766666666","maximum_valid_end_ns":"17799999999"},"slice_state_counts":[12,2,0,0,0,0],"reason_counts":[0,2,0,0,12,0,0,0,0,0],"unknown_ranges":[{"start_ns":"16666666666","end_ns":"16666666667","reason":1},{"start_ns":"16666666666","end_ns":"17783000000","reason":1}]}
[selection-attempt] {"reference_sha256":"89f5a6b8ee07389e5bd9f408cd0d69d52bc48956f4dd63a15fc75b721653ed9f","attempt":8,"attempt_limit":121,"elapsed_ms":"3803","wait_ms":"60000","deadline_exhausted":false,"attempt_exhausted":false,"selection_complete":false,"expanded_start_ns":"16283000000","expanded_end_ns":"17783000000","source_count":1,"unknown_count":2,"sources_truncated":false,"unknown_truncated":false,"sources":[{"segment_id_sha256":"fde68cd5c62e07ae0561d9857d6141eed622116eddd1bb3a7ec053139a07ea39","media_epoch_id_sha256":"e6fc365cc4293485ba9bd44ca4b5494be9f082dfc67e4b1309d50f633796fff9","source_generation_sha256":"1369a0075a08d4e14d8d4da21c4a0476b5ee0030caf0310005ca81a2f122c09e","track_id_sha256":"f2ff69f8f2b94e05c2d2b92bbafc41e9782b04757ea0f13533ba97acb9b8fe7c","generation_order":"1","start_pts":"8333333333","end_pts":"16666666666","time_base_num":1,"time_base_den":1000000000,"lifecycle":1,"deleted":false,"binding_present":true,"binding_valid":true,"available_for_selection":true}],"decoded":{"namespace_valid":true,"range_comparable":true,"incomplete":false,"frames_truncated":false,"frame_count":625,"relevant_count":46,"identity_matched":46,"identity_rejected":0,"generation_mismatch":0,"pts_mismatch":0,"duration_invalid":0,"minimum_pts_ns":"16266666666","maximum_pts_ns":"17766666666","maximum_valid_end_ns":"17799999999"},"slice_state_counts":[12,2,0,0,0,0],"reason_counts":[0,2,0,0,12,0,0,0,0,0],"unknown_ranges":[{"start_ns":"16666666666","end_ns":"16666666667","reason":1},{"start_ns":"16666666666","end_ns":"17783000000","reason":1}]}
[selection-attempt] {"reference_sha256":"c4f8956731eef44f1fd95e72c6854a12ad90316b5b31ad7e374f550520d40ddf","attempt":9,"attempt_limit":121,"elapsed_ms":"4287","wait_ms":"60000","deadline_exhausted":false,"attempt_exhausted":false,"selection_complete":false,"expanded_start_ns":"16283000000","expanded_end_ns":"17783000000","source_count":1,"unknown_count":2,"sources_truncated":false,"unknown_truncated":false,"sources":[{"segment_id_sha256":"fde68cd5c62e07ae0561d9857d6141eed622116eddd1bb3a7ec053139a07ea39","media_epoch_id_sha256":"e6fc365cc4293485ba9bd44ca4b5494be9f082dfc67e4b1309d50f633796fff9","source_generation_sha256":"1369a0075a08d4e14d8d4da21c4a0476b5ee0030caf0310005ca81a2f122c09e","track_id_sha256":"f2ff69f8f2b94e05c2d2b92bbafc41e9782b04757ea0f13533ba97acb9b8fe7c","generation_order":"1","start_pts":"8333333333","end_pts":"16666666666","time_base_num":1,"time_base_den":1000000000,"lifecycle":1,"deleted":false,"binding_present":true,"binding_valid":true,"available_for_selection":true}],"decoded":{"namespace_valid":true,"range_comparable":true,"incomplete":false,"frames_truncated":false,"frame_count":638,"relevant_count":46,"identity_matched":46,"identity_rejected":0,"generation_mismatch":0,"pts_mismatch":0,"duration_invalid":0,"minimum_pts_ns":"16266666666","maximum_pts_ns":"17766666666","maximum_valid_end_ns":"17799999999"},"slice_state_counts":[12,2,0,0,0,0],"reason_counts":[0,2,0,0,12,0,0,0,0,0],"unknown_ranges":[{"start_ns":"16666666666","end_ns":"16666666667","reason":1},{"start_ns":"16666666666","end_ns":"17783000000","reason":1}]}
[selection-attempt] {"reference_sha256":"3cb85ebc2267400b4b0fee50c7dfb31fd71904419e5687cbb50a62fc7aae7298","attempt":9,"attempt_limit":121,"elapsed_ms":"4328","wait_ms":"60000","deadline_exhausted":false,"attempt_exhausted":false,"selection_complete":false,"expanded_start_ns":"16283000000","expanded_end_ns":"17783000000","source_count":1,"unknown_count":2,"sources_truncated":false,"unknown_truncated":false,"sources":[{"segment_id_sha256":"fde68cd5c62e07ae0561d9857d6141eed622116eddd1bb3a7ec053139a07ea39","media_epoch_id_sha256":"e6fc365cc4293485ba9bd44ca4b5494be9f082dfc67e4b1309d50f633796fff9","source_generation_sha256":"1369a0075a08d4e14d8d4da21c4a0476b5ee0030caf0310005ca81a2f122c09e","track_id_sha256":"f2ff69f8f2b94e05c2d2b92bbafc41e9782b04757ea0f13533ba97acb9b8fe7c","generation_order":"1","start_pts":"8333333333","end_pts":"16666666666","time_base_num":1,"time_base_den":1000000000,"lifecycle":1,"deleted":false,"binding_present":true,"binding_valid":true,"available_for_selection":true}],"decoded":{"namespace_valid":true,"range_comparable":true,"incomplete":false,"frames_truncated":false,"frame_count":638,"relevant_count":46,"identity_matched":46,"identity_rejected":0,"generation_mismatch":0,"pts_mismatch":0,"duration_invalid":0,"minimum_pts_ns":"16266666666","maximum_pts_ns":"17766666666","maximum_valid_end_ns":"17799999999"},"slice_state_counts":[12,2,0,0,0,0],"reason_counts":[0,2,0,0,12,0,0,0,0,0],"unknown_ranges":[{"start_ns":"16666666666","end_ns":"16666666667","reason":1},{"start_ns":"16666666666","end_ns":"17783000000","reason":1}]}
[selection-attempt] {"reference_sha256":"888d6e960e04bd3540f8ed155c3001276bc04a96b2578c56ebd0c8a1b957f290","attempt":9,"attempt_limit":121,"elapsed_ms":"4332","wait_ms":"60000","deadline_exhausted":false,"attempt_exhausted":false,"selection_complete":false,"expanded_start_ns":"16283000000","expanded_end_ns":"17783000000","source_count":1,"unknown_count":2,"sources_truncated":false,"unknown_truncated":false,"sources":[{"segment_id_sha256":"fde68cd5c62e07ae0561d9857d6141eed622116eddd1bb3a7ec053139a07ea39","media_epoch_id_sha256":"e6fc365cc4293485ba9bd44ca4b5494be9f082dfc67e4b1309d50f633796fff9","source_generation_sha256":"1369a0075a08d4e14d8d4da21c4a0476b5ee0030caf0310005ca81a2f122c09e","track_id_sha256":"f2ff69f8f2b94e05c2d2b92bbafc41e9782b04757ea0f13533ba97acb9b8fe7c","generation_order":"1","start_pts":"8333333333","end_pts":"16666666666","time_base_num":1,"time_base_den":1000000000,"lifecycle":1,"deleted":false,"binding_present":true,"binding_valid":true,"available_for_selection":true}],"decoded":{"namespace_valid":true,"range_comparable":true,"incomplete":false,"frames_truncated":false,"frame_count":642,"relevant_count":46,"identity_matched":46,"identity_rejected":0,"generation_mismatch":0,"pts_mismatch":0,"duration_invalid":0,"minimum_pts_ns":"16266666666","maximum_pts_ns":"17766666666","maximum_valid_end_ns":"17799999999"},"slice_state_counts":[12,2,0,0,0,0],"reason_counts":[0,2,0,0,12,0,0,0,0,0],"unknown_ranges":[{"start_ns":"16666666666","end_ns":"16666666667","reason":1},{"start_ns":"16666666666","end_ns":"17783000000","reason":1}]}
[selection-attempt] {"reference_sha256":"89f5a6b8ee07389e5bd9f408cd0d69d52bc48956f4dd63a15fc75b721653ed9f","attempt":9,"attempt_limit":121,"elapsed_ms":"4357","wait_ms":"60000","deadline_exhausted":false,"attempt_exhausted":false,"selection_complete":false,"expanded_start_ns":"16283000000","expanded_end_ns":"17783000000","source_count":1,"unknown_count":2,"sources_truncated":false,"unknown_truncated":false,"sources":[{"segment_id_sha256":"fde68cd5c62e07ae0561d9857d6141eed622116eddd1bb3a7ec053139a07ea39","media_epoch_id_sha256":"e6fc365cc4293485ba9bd44ca4b5494be9f082dfc67e4b1309d50f633796fff9","source_generation_sha256":"1369a0075a08d4e14d8d4da21c4a0476b5ee0030caf0310005ca81a2f122c09e","track_id_sha256":"f2ff69f8f2b94e05c2d2b92bbafc41e9782b04757ea0f13533ba97acb9b8fe7c","generation_order":"1","start_pts":"8333333333","end_pts":"16666666666","time_base_num":1,"time_base_den":1000000000,"lifecycle":1,"deleted":false,"binding_present":true,"binding_valid":true,"available_for_selection":true}],"decoded":{"namespace_valid":true,"range_comparable":true,"incomplete":false,"frames_truncated":false,"frame_count":642,"relevant_count":46,"identity_matched":46,"identity_rejected":0,"generation_mismatch":0,"pts_mismatch":0,"duration_invalid":0,"minimum_pts_ns":"16266666666","maximum_pts_ns":"17766666666","maximum_valid_end_ns":"17799999999"},"slice_state_counts":[12,2,0,0,0,0],"reason_counts":[0,2,0,0,12,0,0,0,0,0],"unknown_ranges":[{"start_ns":"16666666666","end_ns":"16666666667","reason":1},{"start_ns":"16666666666","end_ns":"17783000000","reason":1}]}
[selection-attempt] {"reference_sha256":"c4f8956731eef44f1fd95e72c6854a12ad90316b5b31ad7e374f550520d40ddf","attempt":10,"attempt_limit":121,"elapsed_ms":"4823","wait_ms":"60000","deadline_exhausted":false,"attempt_exhausted":false,"selection_complete":false,"expanded_start_ns":"16283000000","expanded_end_ns":"17783000000","source_count":1,"unknown_count":2,"sources_truncated":false,"unknown_truncated":false,"sources":[{"segment_id_sha256":"fde68cd5c62e07ae0561d9857d6141eed622116eddd1bb3a7ec053139a07ea39","media_epoch_id_sha256":"e6fc365cc4293485ba9bd44ca4b5494be9f082dfc67e4b1309d50f633796fff9","source_generation_sha256":"1369a0075a08d4e14d8d4da21c4a0476b5ee0030caf0310005ca81a2f122c09e","track_id_sha256":"f2ff69f8f2b94e05c2d2b92bbafc41e9782b04757ea0f13533ba97acb9b8fe7c","generation_order":"1","start_pts":"8333333333","end_pts":"16666666666","time_base_num":1,"time_base_den":1000000000,"lifecycle":1,"deleted":false,"binding_present":true,"binding_valid":true,"available_for_selection":true}],"decoded":{"namespace_valid":true,"range_comparable":true,"incomplete":false,"frames_truncated":false,"frame_count":654,"relevant_count":46,"identity_matched":46,"identity_rejected":0,"generation_mismatch":0,"pts_mismatch":0,"duration_invalid":0,"minimum_pts_ns":"16266666666","maximum_pts_ns":"17766666666","maximum_valid_end_ns":"17799999999"},"slice_state_counts":[12,2,0,0,0,0],"reason_counts":[0,2,0,0,12,0,0,0,0,0],"unknown_ranges":[{"start_ns":"16666666666","end_ns":"16666666667","reason":1},{"start_ns":"16666666666","end_ns":"17783000000","reason":1}]}
[selection-attempt] {"reference_sha256":"3cb85ebc2267400b4b0fee50c7dfb31fd71904419e5687cbb50a62fc7aae7298","attempt":10,"attempt_limit":121,"elapsed_ms":"4856","wait_ms":"60000","deadline_exhausted":false,"attempt_exhausted":false,"selection_complete":false,"expanded_start_ns":"16283000000","expanded_end_ns":"17783000000","source_count":1,"unknown_count":2,"sources_truncated":false,"unknown_truncated":false,"sources":[{"segment_id_sha256":"fde68cd5c62e07ae0561d9857d6141eed622116eddd1bb3a7ec053139a07ea39","media_epoch_id_sha256":"e6fc365cc4293485ba9bd44ca4b5494be9f082dfc67e4b1309d50f633796fff9","source_generation_sha256":"1369a0075a08d4e14d8d4da21c4a0476b5ee0030caf0310005ca81a2f122c09e","track_id_sha256":"f2ff69f8f2b94e05c2d2b92bbafc41e9782b04757ea0f13533ba97acb9b8fe7c","generation_order":"1","start_pts":"8333333333","end_pts":"16666666666","time_base_num":1,"time_base_den":1000000000,"lifecycle":1,"deleted":false,"binding_present":true,"binding_valid":true,"available_for_selection":true}],"decoded":{"namespace_valid":true,"range_comparable":true,"incomplete":false,"frames_truncated":false,"frame_count":658,"relevant_count":46,"identity_matched":46,"identity_rejected":0,"generation_mismatch":0,"pts_mismatch":0,"duration_invalid":0,"minimum_pts_ns":"16266666666","maximum_pts_ns":"17766666666","maximum_valid_end_ns":"17799999999"},"slice_state_counts":[12,2,0,0,0,0],"reason_counts":[0,2,0,0,12,0,0,0,0,0],"unknown_ranges":[{"start_ns":"16666666666","end_ns":"16666666667","reason":1},{"start_ns":"16666666666","end_ns":"17783000000","reason":1}]}
[selection-attempt] {"reference_sha256":"888d6e960e04bd3540f8ed155c3001276bc04a96b2578c56ebd0c8a1b957f290","attempt":10,"attempt_limit":121,"elapsed_ms":"4861","wait_ms":"60000","deadline_exhausted":false,"attempt_exhausted":false,"selection_complete":false,"expanded_start_ns":"16283000000","expanded_end_ns":"17783000000","source_count":1,"unknown_count":2,"sources_truncated":false,"unknown_truncated":false,"sources":[{"segment_id_sha256":"fde68cd5c62e07ae0561d9857d6141eed622116eddd1bb3a7ec053139a07ea39","media_epoch_id_sha256":"e6fc365cc4293485ba9bd44ca4b5494be9f082dfc67e4b1309d50f633796fff9","source_generation_sha256":"1369a0075a08d4e14d8d4da21c4a0476b5ee0030caf0310005ca81a2f122c09e","track_id_sha256":"f2ff69f8f2b94e05c2d2b92bbafc41e9782b04757ea0f13533ba97acb9b8fe7c","generation_order":"1","start_pts":"8333333333","end_pts":"16666666666","time_base_num":1,"time_base_den":1000000000,"lifecycle":1,"deleted":false,"binding_present":true,"binding_valid":true,"available_for_selection":true}],"decoded":{"namespace_valid":true,"range_comparable":true,"incomplete":false,"frames_truncated":false,"frame_count":658,"relevant_count":46,"identity_matched":46,"identity_rejected":0,"generation_mismatch":0,"pts_mismatch":0,"duration_invalid":0,"minimum_pts_ns":"16266666666","maximum_pts_ns":"17766666666","maximum_valid_end_ns":"17799999999"},"slice_state_counts":[12,2,0,0,0,0],"reason_counts":[0,2,0,0,12,0,0,0,0,0],"unknown_ranges":[{"start_ns":"16666666666","end_ns":"16666666667","reason":1},{"start_ns":"16666666666","end_ns":"17783000000","reason":1}]}
[selection-attempt] {"reference_sha256":"89f5a6b8ee07389e5bd9f408cd0d69d52bc48956f4dd63a15fc75b721653ed9f","attempt":10,"attempt_limit":121,"elapsed_ms":"4886","wait_ms":"60000","deadline_exhausted":false,"attempt_exhausted":false,"selection_complete":false,"expanded_start_ns":"16283000000","expanded_end_ns":"17783000000","source_count":1,"unknown_count":2,"sources_truncated":false,"unknown_truncated":false,"sources":[{"segment_id_sha256":"fde68cd5c62e07ae0561d9857d6141eed622116eddd1bb3a7ec053139a07ea39","media_epoch_id_sha256":"e6fc365cc4293485ba9bd44ca4b5494be9f082dfc67e4b1309d50f633796fff9","source_generation_sha256":"1369a0075a08d4e14d8d4da21c4a0476b5ee0030caf0310005ca81a2f122c09e","track_id_sha256":"f2ff69f8f2b94e05c2d2b92bbafc41e9782b04757ea0f13533ba97acb9b8fe7c","generation_order":"1","start_pts":"8333333333","end_pts":"16666666666","time_base_num":1,"time_base_den":1000000000,"lifecycle":1,"deleted":false,"binding_present":true,"binding_valid":true,"available_for_selection":true}],"decoded":{"namespace_valid":true,"range_comparable":true,"incomplete":false,"frames_truncated":false,"frame_count":658,"relevant_count":46,"identity_matched":46,"identity_rejected":0,"generation_mismatch":0,"pts_mismatch":0,"duration_invalid":0,"minimum_pts_ns":"16266666666","maximum_pts_ns":"17766666666","maximum_valid_end_ns":"17799999999"},"slice_state_counts":[12,2,0,0,0,0],"reason_counts":[0,2,0,0,12,0,0,0,0,0],"unknown_ranges":[{"start_ns":"16666666666","end_ns":"16666666667","reason":1},{"start_ns":"16666666666","end_ns":"17783000000","reason":1}]}
[selection-attempt] {"reference_sha256":"c4f8956731eef44f1fd95e72c6854a12ad90316b5b31ad7e374f550520d40ddf","attempt":11,"attempt_limit":121,"elapsed_ms":"5378","wait_ms":"60000","deadline_exhausted":false,"attempt_exhausted":false,"selection_complete":false,"expanded_start_ns":"16283000000","expanded_end_ns":"17783000000","source_count":1,"unknown_count":2,"sources_truncated":false,"unknown_truncated":false,"sources":[{"segment_id_sha256":"fde68cd5c62e07ae0561d9857d6141eed622116eddd1bb3a7ec053139a07ea39","media_epoch_id_sha256":"e6fc365cc4293485ba9bd44ca4b5494be9f082dfc67e4b1309d50f633796fff9","source_generation_sha256":"1369a0075a08d4e14d8d4da21c4a0476b5ee0030caf0310005ca81a2f122c09e","track_id_sha256":"f2ff69f8f2b94e05c2d2b92bbafc41e9782b04757ea0f13533ba97acb9b8fe7c","generation_order":"1","start_pts":"8333333333","end_pts":"16666666666","time_base_num":1,"time_base_den":1000000000,"lifecycle":1,"deleted":false,"binding_present":true,"binding_valid":true,"available_for_selection":true}],"decoded":{"namespace_valid":true,"range_comparable":true,"incomplete":false,"frames_truncated":false,"frame_count":670,"relevant_count":46,"identity_matched":46,"identity_rejected":0,"generation_mismatch":0,"pts_mismatch":0,"duration_invalid":0,"minimum_pts_ns":"16266666666","maximum_pts_ns":"17766666666","maximum_valid_end_ns":"17799999999"},"slice_state_counts":[12,2,0,0,0,0],"reason_counts":[0,2,0,0,12,0,0,0,0,0],"unknown_ranges":[{"start_ns":"16666666666","end_ns":"16666666667","reason":1},{"start_ns":"16666666666","end_ns":"17783000000","reason":1}]}
[selection-attempt] {"reference_sha256":"3cb85ebc2267400b4b0fee50c7dfb31fd71904419e5687cbb50a62fc7aae7298","attempt":11,"attempt_limit":121,"elapsed_ms":"5400","wait_ms":"60000","deadline_exhausted":false,"attempt_exhausted":false,"selection_complete":false,"expanded_start_ns":"16283000000","expanded_end_ns":"17783000000","source_count":1,"unknown_count":2,"sources_truncated":false,"unknown_truncated":false,"sources":[{"segment_id_sha256":"fde68cd5c62e07ae0561d9857d6141eed622116eddd1bb3a7ec053139a07ea39","media_epoch_id_sha256":"e6fc365cc4293485ba9bd44ca4b5494be9f082dfc67e4b1309d50f633796fff9","source_generation_sha256":"1369a0075a08d4e14d8d4da21c4a0476b5ee0030caf0310005ca81a2f122c09e","track_id_sha256":"f2ff69f8f2b94e05c2d2b92bbafc41e9782b04757ea0f13533ba97acb9b8fe7c","generation_order":"1","start_pts":"8333333333","end_pts":"16666666666","time_base_num":1,"time_base_den":1000000000,"lifecycle":1,"deleted":false,"binding_present":true,"binding_valid":true,"available_for_selection":true}],"decoded":{"namespace_valid":true,"range_comparable":true,"incomplete":false,"frames_truncated":false,"frame_count":674,"relevant_count":46,"identity_matched":46,"identity_rejected":0,"generation_mismatch":0,"pts_mismatch":0,"duration_invalid":0,"minimum_pts_ns":"16266666666","maximum_pts_ns":"17766666666","maximum_valid_end_ns":"17799999999"},"slice_state_counts":[12,2,0,0,0,0],"reason_counts":[0,2,0,0,12,0,0,0,0,0],"unknown_ranges":[{"start_ns":"16666666666","end_ns":"16666666667","reason":1},{"start_ns":"16666666666","end_ns":"17783000000","reason":1}]}
[selection-attempt] {"reference_sha256":"888d6e960e04bd3540f8ed155c3001276bc04a96b2578c56ebd0c8a1b957f290","attempt":11,"attempt_limit":121,"elapsed_ms":"5405","wait_ms":"60000","deadline_exhausted":false,"attempt_exhausted":false,"selection_complete":false,"expanded_start_ns":"16283000000","expanded_end_ns":"17783000000","source_count":1,"unknown_count":2,"sources_truncated":false,"unknown_truncated":false,"sources":[{"segment_id_sha256":"fde68cd5c62e07ae0561d9857d6141eed622116eddd1bb3a7ec053139a07ea39","media_epoch_id_sha256":"e6fc365cc4293485ba9bd44ca4b5494be9f082dfc67e4b1309d50f633796fff9","source_generation_sha256":"1369a0075a08d4e14d8d4da21c4a0476b5ee0030caf0310005ca81a2f122c09e","track_id_sha256":"f2ff69f8f2b94e05c2d2b92bbafc41e9782b04757ea0f13533ba97acb9b8fe7c","generation_order":"1","start_pts":"8333333333","end_pts":"16666666666","time_base_num":1,"time_base_den":1000000000,"lifecycle":1,"deleted":false,"binding_present":true,"binding_valid":true,"available_for_selection":true}],"decoded":{"namespace_valid":true,"range_comparable":true,"incomplete":false,"frames_truncated":false,"frame_count":674,"relevant_count":46,"identity_matched":46,"identity_rejected":0,"generation_mismatch":0,"pts_mismatch":0,"duration_invalid":0,"minimum_pts_ns":"16266666666","maximum_pts_ns":"17766666666","maximum_valid_end_ns":"17799999999"},"slice_state_counts":[12,2,0,0,0,0],"reason_counts":[0,2,0,0,12,0,0,0,0,0],"unknown_ranges":[{"start_ns":"16666666666","end_ns":"16666666667","reason":1},{"start_ns":"16666666666","end_ns":"17783000000","reason":1}]}
[selection-attempt] {"reference_sha256":"89f5a6b8ee07389e5bd9f408cd0d69d52bc48956f4dd63a15fc75b721653ed9f","attempt":11,"attempt_limit":121,"elapsed_ms":"5429","wait_ms":"60000","deadline_exhausted":false,"attempt_exhausted":false,"selection_complete":false,"expanded_start_ns":"16283000000","expanded_end_ns":"17783000000","source_count":1,"unknown_count":2,"sources_truncated":false,"unknown_truncated":false,"sources":[{"segment_id_sha256":"fde68cd5c62e07ae0561d9857d6141eed622116eddd1bb3a7ec053139a07ea39","media_epoch_id_sha256":"e6fc365cc4293485ba9bd44ca4b5494be9f082dfc67e4b1309d50f633796fff9","source_generation_sha256":"1369a0075a08d4e14d8d4da21c4a0476b5ee0030caf0310005ca81a2f122c09e","track_id_sha256":"f2ff69f8f2b94e05c2d2b92bbafc41e9782b04757ea0f13533ba97acb9b8fe7c","generation_order":"1","start_pts":"8333333333","end_pts":"16666666666","time_base_num":1,"time_base_den":1000000000,"lifecycle":1,"deleted":false,"binding_present":true,"binding_valid":true,"available_for_selection":true}],"decoded":{"namespace_valid":true,"range_comparable":true,"incomplete":false,"frames_truncated":false,"frame_count":674,"relevant_count":46,"identity_matched":46,"identity_rejected":0,"generation_mismatch":0,"pts_mismatch":0,"duration_invalid":0,"minimum_pts_ns":"16266666666","maximum_pts_ns":"17766666666","maximum_valid_end_ns":"17799999999"},"slice_state_counts":[12,2,0,0,0,0],"reason_counts":[0,2,0,0,12,0,0,0,0,0],"unknown_ranges":[{"start_ns":"16666666666","end_ns":"16666666667","reason":1},{"start_ns":"16666666666","end_ns":"17783000000","reason":1}]}
[selection-attempt] {"reference_sha256":"c4f8956731eef44f1fd95e72c6854a12ad90316b5b31ad7e374f550520d40ddf","attempt":12,"attempt_limit":121,"elapsed_ms":"5909","wait_ms":"60000","deadline_exhausted":false,"attempt_exhausted":false,"selection_complete":false,"expanded_start_ns":"16283000000","expanded_end_ns":"17783000000","source_count":1,"unknown_count":2,"sources_truncated":false,"unknown_truncated":false,"sources":[{"segment_id_sha256":"fde68cd5c62e07ae0561d9857d6141eed622116eddd1bb3a7ec053139a07ea39","media_epoch_id_sha256":"e6fc365cc4293485ba9bd44ca4b5494be9f082dfc67e4b1309d50f633796fff9","source_generation_sha256":"1369a0075a08d4e14d8d4da21c4a0476b5ee0030caf0310005ca81a2f122c09e","track_id_sha256":"f2ff69f8f2b94e05c2d2b92bbafc41e9782b04757ea0f13533ba97acb9b8fe7c","generation_order":"1","start_pts":"8333333333","end_pts":"16666666666","time_base_num":1,"time_base_den":1000000000,"lifecycle":1,"deleted":false,"binding_present":true,"binding_valid":true,"available_for_selection":true}],"decoded":{"namespace_valid":true,"range_comparable":true,"incomplete":false,"frames_truncated":false,"frame_count":686,"relevant_count":46,"identity_matched":46,"identity_rejected":0,"generation_mismatch":0,"pts_mismatch":0,"duration_invalid":0,"minimum_pts_ns":"16266666666","maximum_pts_ns":"17766666666","maximum_valid_end_ns":"17799999999"},"slice_state_counts":[12,2,0,0,0,0],"reason_counts":[0,2,0,0,12,0,0,0,0,0],"unknown_ranges":[{"start_ns":"16666666666","end_ns":"16666666667","reason":1},{"start_ns":"16666666666","end_ns":"17783000000","reason":1}]}
[selection-attempt] {"reference_sha256":"3cb85ebc2267400b4b0fee50c7dfb31fd71904419e5687cbb50a62fc7aae7298","attempt":12,"attempt_limit":121,"elapsed_ms":"5932","wait_ms":"60000","deadline_exhausted":false,"attempt_exhausted":false,"selection_complete":false,"expanded_start_ns":"16283000000","expanded_end_ns":"17783000000","source_count":1,"unknown_count":2,"sources_truncated":false,"unknown_truncated":false,"sources":[{"segment_id_sha256":"fde68cd5c62e07ae0561d9857d6141eed622116eddd1bb3a7ec053139a07ea39","media_epoch_id_sha256":"e6fc365cc4293485ba9bd44ca4b5494be9f082dfc67e4b1309d50f633796fff9","source_generation_sha256":"1369a0075a08d4e14d8d4da21c4a0476b5ee0030caf0310005ca81a2f122c09e","track_id_sha256":"f2ff69f8f2b94e05c2d2b92bbafc41e9782b04757ea0f13533ba97acb9b8fe7c","generation_order":"1","start_pts":"8333333333","end_pts":"16666666666","time_base_num":1,"time_base_den":1000000000,"lifecycle":1,"deleted":false,"binding_present":true,"binding_valid":true,"available_for_selection":true}],"decoded":{"namespace_valid":true,"range_comparable":true,"incomplete":false,"frames_truncated":false,"frame_count":690,"relevant_count":46,"identity_matched":46,"identity_rejected":0,"generation_mismatch":0,"pts_mismatch":0,"duration_invalid":0,"minimum_pts_ns":"16266666666","maximum_pts_ns":"17766666666","maximum_valid_end_ns":"17799999999"},"slice_state_counts":[12,2,0,0,0,0],"reason_counts":[0,2,0,0,12,0,0,0,0,0],"unknown_ranges":[{"start_ns":"16666666666","end_ns":"16666666667","reason":1},{"start_ns":"16666666666","end_ns":"17783000000","reason":1}]}
[selection-attempt] {"reference_sha256":"888d6e960e04bd3540f8ed155c3001276bc04a96b2578c56ebd0c8a1b957f290","attempt":12,"attempt_limit":121,"elapsed_ms":"5937","wait_ms":"60000","deadline_exhausted":false,"attempt_exhausted":false,"selection_complete":false,"expanded_start_ns":"16283000000","expanded_end_ns":"17783000000","source_count":1,"unknown_count":2,"sources_truncated":false,"unknown_truncated":false,"sources":[{"segment_id_sha256":"fde68cd5c62e07ae0561d9857d6141eed622116eddd1bb3a7ec053139a07ea39","media_epoch_id_sha256":"e6fc365cc4293485ba9bd44ca4b5494be9f082dfc67e4b1309d50f633796fff9","source_generation_sha256":"1369a0075a08d4e14d8d4da21c4a0476b5ee0030caf0310005ca81a2f122c09e","track_id_sha256":"f2ff69f8f2b94e05c2d2b92bbafc41e9782b04757ea0f13533ba97acb9b8fe7c","generation_order":"1","start_pts":"8333333333","end_pts":"16666666666","time_base_num":1,"time_base_den":1000000000,"lifecycle":1,"deleted":false,"binding_present":true,"binding_valid":true,"available_for_selection":true}],"decoded":{"namespace_valid":true,"range_comparable":true,"incomplete":false,"frames_truncated":false,"frame_count":690,"relevant_count":46,"identity_matched":46,"identity_rejected":0,"generation_mismatch":0,"pts_mismatch":0,"duration_invalid":0,"minimum_pts_ns":"16266666666","maximum_pts_ns":"17766666666","maximum_valid_end_ns":"17799999999"},"slice_state_counts":[12,2,0,0,0,0],"reason_counts":[0,2,0,0,12,0,0,0,0,0],"unknown_ranges":[{"start_ns":"16666666666","end_ns":"16666666667","reason":1},{"start_ns":"16666666666","end_ns":"17783000000","reason":1}]}
[selection-attempt] {"reference_sha256":"89f5a6b8ee07389e5bd9f408cd0d69d52bc48956f4dd63a15fc75b721653ed9f","attempt":12,"attempt_limit":121,"elapsed_ms":"5962","wait_ms":"60000","deadline_exhausted":false,"attempt_exhausted":false,"selection_complete":false,"expanded_start_ns":"16283000000","expanded_end_ns":"17783000000","source_count":1,"unknown_count":2,"sources_truncated":false,"unknown_truncated":false,"sources":[{"segment_id_sha256":"fde68cd5c62e07ae0561d9857d6141eed622116eddd1bb3a7ec053139a07ea39","media_epoch_id_sha256":"e6fc365cc4293485ba9bd44ca4b5494be9f082dfc67e4b1309d50f633796fff9","source_generation_sha256":"1369a0075a08d4e14d8d4da21c4a0476b5ee0030caf0310005ca81a2f122c09e","track_id_sha256":"f2ff69f8f2b94e05c2d2b92bbafc41e9782b04757ea0f13533ba97acb9b8fe7c","generation_order":"1","start_pts":"8333333333","end_pts":"16666666666","time_base_num":1,"time_base_den":1000000000,"lifecycle":1,"deleted":false,"binding_present":true,"binding_valid":true,"available_for_selection":true}],"decoded":{"namespace_valid":true,"range_comparable":true,"incomplete":false,"frames_truncated":false,"frame_count":690,"relevant_count":46,"identity_matched":46,"identity_rejected":0,"generation_mismatch":0,"pts_mismatch":0,"duration_invalid":0,"minimum_pts_ns":"16266666666","maximum_pts_ns":"17766666666","maximum_valid_end_ns":"17799999999"},"slice_state_counts":[12,2,0,0,0,0],"reason_counts":[0,2,0,0,12,0,0,0,0,0],"unknown_ranges":[{"start_ns":"16666666666","end_ns":"16666666667","reason":1},{"start_ns":"16666666666","end_ns":"17783000000","reason":1}]}
[selection-attempt] {"reference_sha256":"c4f8956731eef44f1fd95e72c6854a12ad90316b5b31ad7e374f550520d40ddf","attempt":13,"attempt_limit":121,"elapsed_ms":"6456","wait_ms":"60000","deadline_exhausted":false,"attempt_exhausted":false,"selection_complete":false,"expanded_start_ns":"16283000000","expanded_end_ns":"17783000000","source_count":1,"unknown_count":2,"sources_truncated":false,"unknown_truncated":false,"sources":[{"segment_id_sha256":"fde68cd5c62e07ae0561d9857d6141eed622116eddd1bb3a7ec053139a07ea39","media_epoch_id_sha256":"e6fc365cc4293485ba9bd44ca4b5494be9f082dfc67e4b1309d50f633796fff9","source_generation_sha256":"1369a0075a08d4e14d8d4da21c4a0476b5ee0030caf0310005ca81a2f122c09e","track_id_sha256":"f2ff69f8f2b94e05c2d2b92bbafc41e9782b04757ea0f13533ba97acb9b8fe7c","generation_order":"1","start_pts":"8333333333","end_pts":"16666666666","time_base_num":1,"time_base_den":1000000000,"lifecycle":1,"deleted":false,"binding_present":true,"binding_valid":true,"available_for_selection":true}],"decoded":{"namespace_valid":true,"range_comparable":true,"incomplete":false,"frames_truncated":false,"frame_count":702,"relevant_count":46,"identity_matched":46,"identity_rejected":0,"generation_mismatch":0,"pts_mismatch":0,"duration_invalid":0,"minimum_pts_ns":"16266666666","maximum_pts_ns":"17766666666","maximum_valid_end_ns":"17799999999"},"slice_state_counts":[12,2,0,0,0,0],"reason_counts":[0,2,0,0,12,0,0,0,0,0],"unknown_ranges":[{"start_ns":"16666666666","end_ns":"16666666667","reason":1},{"start_ns":"16666666666","end_ns":"17783000000","reason":1}]}
[selection-attempt] {"reference_sha256":"3cb85ebc2267400b4b0fee50c7dfb31fd71904419e5687cbb50a62fc7aae7298","attempt":13,"attempt_limit":121,"elapsed_ms":"6479","wait_ms":"60000","deadline_exhausted":false,"attempt_exhausted":false,"selection_complete":false,"expanded_start_ns":"16283000000","expanded_end_ns":"17783000000","source_count":1,"unknown_count":2,"sources_truncated":false,"unknown_truncated":false,"sources":[{"segment_id_sha256":"fde68cd5c62e07ae0561d9857d6141eed622116eddd1bb3a7ec053139a07ea39","media_epoch_id_sha256":"e6fc365cc4293485ba9bd44ca4b5494be9f082dfc67e4b1309d50f633796fff9","source_generation_sha256":"1369a0075a08d4e14d8d4da21c4a0476b5ee0030caf0310005ca81a2f122c09e","track_id_sha256":"f2ff69f8f2b94e05c2d2b92bbafc41e9782b04757ea0f13533ba97acb9b8fe7c","generation_order":"1","start_pts":"8333333333","end_pts":"16666666666","time_base_num":1,"time_base_den":1000000000,"lifecycle":1,"deleted":false,"binding_present":true,"binding_valid":true,"available_for_selection":true}],"decoded":{"namespace_valid":true,"range_comparable":true,"incomplete":false,"frames_truncated":false,"frame_count":706,"relevant_count":46,"identity_matched":46,"identity_rejected":0,"generation_mismatch":0,"pts_mismatch":0,"duration_invalid":0,"minimum_pts_ns":"16266666666","maximum_pts_ns":"17766666666","maximum_valid_end_ns":"17799999999"},"slice_state_counts":[12,2,0,0,0,0],"reason_counts":[0,2,0,0,12,0,0,0,0,0],"unknown_ranges":[{"start_ns":"16666666666","end_ns":"16666666667","reason":1},{"start_ns":"16666666666","end_ns":"17783000000","reason":1}]}
[selection-attempt] {"reference_sha256":"888d6e960e04bd3540f8ed155c3001276bc04a96b2578c56ebd0c8a1b957f290","attempt":13,"attempt_limit":121,"elapsed_ms":"6485","wait_ms":"60000","deadline_exhausted":false,"attempt_exhausted":false,"selection_complete":false,"expanded_start_ns":"16283000000","expanded_end_ns":"17783000000","source_count":1,"unknown_count":2,"sources_truncated":false,"unknown_truncated":false,"sources":[{"segment_id_sha256":"fde68cd5c62e07ae0561d9857d6141eed622116eddd1bb3a7ec053139a07ea39","media_epoch_id_sha256":"e6fc365cc4293485ba9bd44ca4b5494be9f082dfc67e4b1309d50f633796fff9","source_generation_sha256":"1369a0075a08d4e14d8d4da21c4a0476b5ee0030caf0310005ca81a2f122c09e","track_id_sha256":"f2ff69f8f2b94e05c2d2b92bbafc41e9782b04757ea0f13533ba97acb9b8fe7c","generation_order":"1","start_pts":"8333333333","end_pts":"16666666666","time_base_num":1,"time_base_den":1000000000,"lifecycle":1,"deleted":false,"binding_present":true,"binding_valid":true,"available_for_selection":true}],"decoded":{"namespace_valid":true,"range_comparable":true,"incomplete":false,"frames_truncated":false,"frame_count":706,"relevant_count":46,"identity_matched":46,"identity_rejected":0,"generation_mismatch":0,"pts_mismatch":0,"duration_invalid":0,"minimum_pts_ns":"16266666666","maximum_pts_ns":"17766666666","maximum_valid_end_ns":"17799999999"},"slice_state_counts":[12,2,0,0,0,0],"reason_counts":[0,2,0,0,12,0,0,0,0,0],"unknown_ranges":[{"start_ns":"16666666666","end_ns":"16666666667","reason":1},{"start_ns":"16666666666","end_ns":"17783000000","reason":1}]}
[selection-attempt] {"reference_sha256":"89f5a6b8ee07389e5bd9f408cd0d69d52bc48956f4dd63a15fc75b721653ed9f","attempt":13,"attempt_limit":121,"elapsed_ms":"6509","wait_ms":"60000","deadline_exhausted":false,"attempt_exhausted":false,"selection_complete":false,"expanded_start_ns":"16283000000","expanded_end_ns":"17783000000","source_count":1,"unknown_count":2,"sources_truncated":false,"unknown_truncated":false,"sources":[{"segment_id_sha256":"fde68cd5c62e07ae0561d9857d6141eed622116eddd1bb3a7ec053139a07ea39","media_epoch_id_sha256":"e6fc365cc4293485ba9bd44ca4b5494be9f082dfc67e4b1309d50f633796fff9","source_generation_sha256":"1369a0075a08d4e14d8d4da21c4a0476b5ee0030caf0310005ca81a2f122c09e","track_id_sha256":"f2ff69f8f2b94e05c2d2b92bbafc41e9782b04757ea0f13533ba97acb9b8fe7c","generation_order":"1","start_pts":"8333333333","end_pts":"16666666666","time_base_num":1,"time_base_den":1000000000,"lifecycle":1,"deleted":false,"binding_present":true,"binding_valid":true,"available_for_selection":true}],"decoded":{"namespace_valid":true,"range_comparable":true,"incomplete":false,"frames_truncated":false,"frame_count":706,"relevant_count":46,"identity_matched":46,"identity_rejected":0,"generation_mismatch":0,"pts_mismatch":0,"duration_invalid":0,"minimum_pts_ns":"16266666666","maximum_pts_ns":"17766666666","maximum_valid_end_ns":"17799999999"},"slice_state_counts":[12,2,0,0,0,0],"reason_counts":[0,2,0,0,12,0,0,0,0,0],"unknown_ranges":[{"start_ns":"16666666666","end_ns":"16666666667","reason":1},{"start_ns":"16666666666","end_ns":"17783000000","reason":1}]}
[selection-attempt] {"reference_sha256":"c4f8956731eef44f1fd95e72c6854a12ad90316b5b31ad7e374f550520d40ddf","attempt":14,"attempt_limit":121,"elapsed_ms":"6991","wait_ms":"60000","deadline_exhausted":false,"attempt_exhausted":false,"selection_complete":false,"expanded_start_ns":"16283000000","expanded_end_ns":"17783000000","source_count":1,"unknown_count":2,"sources_truncated":false,"unknown_truncated":false,"sources":[{"segment_id_sha256":"fde68cd5c62e07ae0561d9857d6141eed622116eddd1bb3a7ec053139a07ea39","media_epoch_id_sha256":"e6fc365cc4293485ba9bd44ca4b5494be9f082dfc67e4b1309d50f633796fff9","source_generation_sha256":"1369a0075a08d4e14d8d4da21c4a0476b5ee0030caf0310005ca81a2f122c09e","track_id_sha256":"f2ff69f8f2b94e05c2d2b92bbafc41e9782b04757ea0f13533ba97acb9b8fe7c","generation_order":"1","start_pts":"8333333333","end_pts":"16666666666","time_base_num":1,"time_base_den":1000000000,"lifecycle":1,"deleted":false,"binding_present":true,"binding_valid":true,"available_for_selection":true}],"decoded":{"namespace_valid":true,"range_comparable":true,"incomplete":false,"frames_truncated":false,"frame_count":722,"relevant_count":46,"identity_matched":46,"identity_rejected":0,"generation_mismatch":0,"pts_mismatch":0,"duration_invalid":0,"minimum_pts_ns":"16266666666","maximum_pts_ns":"17766666666","maximum_valid_end_ns":"17799999999"},"slice_state_counts":[12,2,0,0,0,0],"reason_counts":[0,2,0,0,12,0,0,0,0,0],"unknown_ranges":[{"start_ns":"16666666666","end_ns":"16666666667","reason":1},{"start_ns":"16666666666","end_ns":"17783000000","reason":1}]}
[selection-attempt] {"reference_sha256":"3cb85ebc2267400b4b0fee50c7dfb31fd71904419e5687cbb50a62fc7aae7298","attempt":14,"attempt_limit":121,"elapsed_ms":"7015","wait_ms":"60000","deadline_exhausted":false,"attempt_exhausted":false,"selection_complete":false,"expanded_start_ns":"16283000000","expanded_end_ns":"17783000000","source_count":1,"unknown_count":2,"sources_truncated":false,"unknown_truncated":false,"sources":[{"segment_id_sha256":"fde68cd5c62e07ae0561d9857d6141eed622116eddd1bb3a7ec053139a07ea39","media_epoch_id_sha256":"e6fc365cc4293485ba9bd44ca4b5494be9f082dfc67e4b1309d50f633796fff9","source_generation_sha256":"1369a0075a08d4e14d8d4da21c4a0476b5ee0030caf0310005ca81a2f122c09e","track_id_sha256":"f2ff69f8f2b94e05c2d2b92bbafc41e9782b04757ea0f13533ba97acb9b8fe7c","generation_order":"1","start_pts":"8333333333","end_pts":"16666666666","time_base_num":1,"time_base_den":1000000000,"lifecycle":1,"deleted":false,"binding_present":true,"binding_valid":true,"available_for_selection":true}],"decoded":{"namespace_valid":true,"range_comparable":true,"incomplete":false,"frames_truncated":false,"frame_count":722,"relevant_count":46,"identity_matched":46,"identity_rejected":0,"generation_mismatch":0,"pts_mismatch":0,"duration_invalid":0,"minimum_pts_ns":"16266666666","maximum_pts_ns":"17766666666","maximum_valid_end_ns":"17799999999"},"slice_state_counts":[12,2,0,0,0,0],"reason_counts":[0,2,0,0,12,0,0,0,0,0],"unknown_ranges":[{"start_ns":"16666666666","end_ns":"16666666667","reason":1},{"start_ns":"16666666666","end_ns":"17783000000","reason":1}]}
[selection-attempt] {"reference_sha256":"888d6e960e04bd3540f8ed155c3001276bc04a96b2578c56ebd0c8a1b957f290","attempt":14,"attempt_limit":121,"elapsed_ms":"7020","wait_ms":"60000","deadline_exhausted":false,"attempt_exhausted":false,"selection_complete":false,"expanded_start_ns":"16283000000","expanded_end_ns":"17783000000","source_count":1,"unknown_count":2,"sources_truncated":false,"unknown_truncated":false,"sources":[{"segment_id_sha256":"fde68cd5c62e07ae0561d9857d6141eed622116eddd1bb3a7ec053139a07ea39","media_epoch_id_sha256":"e6fc365cc4293485ba9bd44ca4b5494be9f082dfc67e4b1309d50f633796fff9","source_generation_sha256":"1369a0075a08d4e14d8d4da21c4a0476b5ee0030caf0310005ca81a2f122c09e","track_id_sha256":"f2ff69f8f2b94e05c2d2b92bbafc41e9782b04757ea0f13533ba97acb9b8fe7c","generation_order":"1","start_pts":"8333333333","end_pts":"16666666666","time_base_num":1,"time_base_den":1000000000,"lifecycle":1,"deleted":false,"binding_present":true,"binding_valid":true,"available_for_selection":true}],"decoded":{"namespace_valid":true,"range_comparable":true,"incomplete":false,"frames_truncated":false,"frame_count":722,"relevant_count":46,"identity_matched":46,"identity_rejected":0,"generation_mismatch":0,"pts_mismatch":0,"duration_invalid":0,"minimum_pts_ns":"16266666666","maximum_pts_ns":"17766666666","maximum_valid_end_ns":"17799999999"},"slice_state_counts":[12,2,0,0,0,0],"reason_counts":[0,2,0,0,12,0,0,0,0,0],"unknown_ranges":[{"start_ns":"16666666666","end_ns":"16666666667","reason":1},{"start_ns":"16666666666","end_ns":"17783000000","reason":1}]}
[selection-attempt] {"reference_sha256":"89f5a6b8ee07389e5bd9f408cd0d69d52bc48956f4dd63a15fc75b721653ed9f","attempt":14,"attempt_limit":121,"elapsed_ms":"7045","wait_ms":"60000","deadline_exhausted":false,"attempt_exhausted":false,"selection_complete":false,"expanded_start_ns":"16283000000","expanded_end_ns":"17783000000","source_count":1,"unknown_count":2,"sources_truncated":false,"unknown_truncated":false,"sources":[{"segment_id_sha256":"fde68cd5c62e07ae0561d9857d6141eed622116eddd1bb3a7ec053139a07ea39","media_epoch_id_sha256":"e6fc365cc4293485ba9bd44ca4b5494be9f082dfc67e4b1309d50f633796fff9","source_generation_sha256":"1369a0075a08d4e14d8d4da21c4a0476b5ee0030caf0310005ca81a2f122c09e","track_id_sha256":"f2ff69f8f2b94e05c2d2b92bbafc41e9782b04757ea0f13533ba97acb9b8fe7c","generation_order":"1","start_pts":"8333333333","end_pts":"16666666666","time_base_num":1,"time_base_den":1000000000,"lifecycle":1,"deleted":false,"binding_present":true,"binding_valid":true,"available_for_selection":true}],"decoded":{"namespace_valid":true,"range_comparable":true,"incomplete":false,"frames_truncated":false,"frame_count":722,"relevant_count":46,"identity_matched":46,"identity_rejected":0,"generation_mismatch":0,"pts_mismatch":0,"duration_invalid":0,"minimum_pts_ns":"16266666666","maximum_pts_ns":"17766666666","maximum_valid_end_ns":"17799999999"},"slice_state_counts":[12,2,0,0,0,0],"reason_counts":[0,2,0,0,12,0,0,0,0,0],"unknown_ranges":[{"start_ns":"16666666666","end_ns":"16666666667","reason":1},{"start_ns":"16666666666","end_ns":"17783000000","reason":1}]}
[selection-attempt] {"reference_sha256":"c4f8956731eef44f1fd95e72c6854a12ad90316b5b31ad7e374f550520d40ddf","attempt":15,"attempt_limit":121,"elapsed_ms":"7524","wait_ms":"60000","deadline_exhausted":false,"attempt_exhausted":false,"selection_complete":false,"expanded_start_ns":"16283000000","expanded_end_ns":"17783000000","source_count":1,"unknown_count":2,"sources_truncated":false,"unknown_truncated":false,"sources":[{"segment_id_sha256":"fde68cd5c62e07ae0561d9857d6141eed622116eddd1bb3a7ec053139a07ea39","media_epoch_id_sha256":"e6fc365cc4293485ba9bd44ca4b5494be9f082dfc67e4b1309d50f633796fff9","source_generation_sha256":"1369a0075a08d4e14d8d4da21c4a0476b5ee0030caf0310005ca81a2f122c09e","track_id_sha256":"f2ff69f8f2b94e05c2d2b92bbafc41e9782b04757ea0f13533ba97acb9b8fe7c","generation_order":"1","start_pts":"8333333333","end_pts":"16666666666","time_base_num":1,"time_base_den":1000000000,"lifecycle":1,"deleted":false,"binding_present":true,"binding_valid":true,"available_for_selection":true}],"decoded":{"namespace_valid":true,"range_comparable":true,"incomplete":false,"frames_truncated":false,"frame_count":738,"relevant_count":46,"identity_matched":46,"identity_rejected":0,"generation_mismatch":0,"pts_mismatch":0,"duration_invalid":0,"minimum_pts_ns":"16266666666","maximum_pts_ns":"17766666666","maximum_valid_end_ns":"17799999999"},"slice_state_counts":[12,2,0,0,0,0],"reason_counts":[0,2,0,0,12,0,0,0,0,0],"unknown_ranges":[{"start_ns":"16666666666","end_ns":"16666666667","reason":1},{"start_ns":"16666666666","end_ns":"17783000000","reason":1}]}
[selection-attempt] {"reference_sha256":"3cb85ebc2267400b4b0fee50c7dfb31fd71904419e5687cbb50a62fc7aae7298","attempt":15,"attempt_limit":121,"elapsed_ms":"7548","wait_ms":"60000","deadline_exhausted":false,"attempt_exhausted":false,"selection_complete":false,"expanded_start_ns":"16283000000","expanded_end_ns":"17783000000","source_count":1,"unknown_count":2,"sources_truncated":false,"unknown_truncated":false,"sources":[{"segment_id_sha256":"fde68cd5c62e07ae0561d9857d6141eed622116eddd1bb3a7ec053139a07ea39","media_epoch_id_sha256":"e6fc365cc4293485ba9bd44ca4b5494be9f082dfc67e4b1309d50f633796fff9","source_generation_sha256":"1369a0075a08d4e14d8d4da21c4a0476b5ee0030caf0310005ca81a2f122c09e","track_id_sha256":"f2ff69f8f2b94e05c2d2b92bbafc41e9782b04757ea0f13533ba97acb9b8fe7c","generation_order":"1","start_pts":"8333333333","end_pts":"16666666666","time_base_num":1,"time_base_den":1000000000,"lifecycle":1,"deleted":false,"binding_present":true,"binding_valid":true,"available_for_selection":true}],"decoded":{"namespace_valid":true,"range_comparable":true,"incomplete":false,"frames_truncated":false,"frame_count":738,"relevant_count":46,"identity_matched":46,"identity_rejected":0,"generation_mismatch":0,"pts_mismatch":0,"duration_invalid":0,"minimum_pts_ns":"16266666666","maximum_pts_ns":"17766666666","maximum_valid_end_ns":"17799999999"},"slice_state_counts":[12,2,0,0,0,0],"reason_counts":[0,2,0,0,12,0,0,0,0,0],"unknown_ranges":[{"start_ns":"16666666666","end_ns":"16666666667","reason":1},{"start_ns":"16666666666","end_ns":"17783000000","reason":1}]}
[selection-attempt] {"reference_sha256":"888d6e960e04bd3540f8ed155c3001276bc04a96b2578c56ebd0c8a1b957f290","attempt":15,"attempt_limit":121,"elapsed_ms":"7553","wait_ms":"60000","deadline_exhausted":false,"attempt_exhausted":false,"selection_complete":false,"expanded_start_ns":"16283000000","expanded_end_ns":"17783000000","source_count":1,"unknown_count":2,"sources_truncated":false,"unknown_truncated":false,"sources":[{"segment_id_sha256":"fde68cd5c62e07ae0561d9857d6141eed622116eddd1bb3a7ec053139a07ea39","media_epoch_id_sha256":"e6fc365cc4293485ba9bd44ca4b5494be9f082dfc67e4b1309d50f633796fff9","source_generation_sha256":"1369a0075a08d4e14d8d4da21c4a0476b5ee0030caf0310005ca81a2f122c09e","track_id_sha256":"f2ff69f8f2b94e05c2d2b92bbafc41e9782b04757ea0f13533ba97acb9b8fe7c","generation_order":"1","start_pts":"8333333333","end_pts":"16666666666","time_base_num":1,"time_base_den":1000000000,"lifecycle":1,"deleted":false,"binding_present":true,"binding_valid":true,"available_for_selection":true}],"decoded":{"namespace_valid":true,"range_comparable":true,"incomplete":false,"frames_truncated":false,"frame_count":738,"relevant_count":46,"identity_matched":46,"identity_rejected":0,"generation_mismatch":0,"pts_mismatch":0,"duration_invalid":0,"minimum_pts_ns":"16266666666","maximum_pts_ns":"17766666666","maximum_valid_end_ns":"17799999999"},"slice_state_counts":[12,2,0,0,0,0],"reason_counts":[0,2,0,0,12,0,0,0,0,0],"unknown_ranges":[{"start_ns":"16666666666","end_ns":"16666666667","reason":1},{"start_ns":"16666666666","end_ns":"17783000000","reason":1}]}
[selection-attempt] {"reference_sha256":"89f5a6b8ee07389e5bd9f408cd0d69d52bc48956f4dd63a15fc75b721653ed9f","attempt":15,"attempt_limit":121,"elapsed_ms":"7578","wait_ms":"60000","deadline_exhausted":false,"attempt_exhausted":false,"selection_complete":false,"expanded_start_ns":"16283000000","expanded_end_ns":"17783000000","source_count":1,"unknown_count":2,"sources_truncated":false,"unknown_truncated":false,"sources":[{"segment_id_sha256":"fde68cd5c62e07ae0561d9857d6141eed622116eddd1bb3a7ec053139a07ea39","media_epoch_id_sha256":"e6fc365cc4293485ba9bd44ca4b5494be9f082dfc67e4b1309d50f633796fff9","source_generation_sha256":"1369a0075a08d4e14d8d4da21c4a0476b5ee0030caf0310005ca81a2f122c09e","track_id_sha256":"f2ff69f8f2b94e05c2d2b92bbafc41e9782b04757ea0f13533ba97acb9b8fe7c","generation_order":"1","start_pts":"8333333333","end_pts":"16666666666","time_base_num":1,"time_base_den":1000000000,"lifecycle":1,"deleted":false,"binding_present":true,"binding_valid":true,"available_for_selection":true}],"decoded":{"namespace_valid":true,"range_comparable":true,"incomplete":false,"frames_truncated":false,"frame_count":738,"relevant_count":46,"identity_matched":46,"identity_rejected":0,"generation_mismatch":0,"pts_mismatch":0,"duration_invalid":0,"minimum_pts_ns":"16266666666","maximum_pts_ns":"17766666666","maximum_valid_end_ns":"17799999999"},"slice_state_counts":[12,2,0,0,0,0],"reason_counts":[0,2,0,0,12,0,0,0,0,0],"unknown_ranges":[{"start_ns":"16666666666","end_ns":"16666666667","reason":1},{"start_ns":"16666666666","end_ns":"17783000000","reason":1}]}
[selection-attempt] {"reference_sha256":"c4f8956731eef44f1fd95e72c6854a12ad90316b5b31ad7e374f550520d40ddf","attempt":16,"attempt_limit":121,"elapsed_ms":"8052","wait_ms":"60000","deadline_exhausted":false,"attempt_exhausted":false,"selection_complete":false,"expanded_start_ns":"16283000000","expanded_end_ns":"17783000000","source_count":1,"unknown_count":2,"sources_truncated":false,"unknown_truncated":false,"sources":[{"segment_id_sha256":"fde68cd5c62e07ae0561d9857d6141eed622116eddd1bb3a7ec053139a07ea39","media_epoch_id_sha256":"e6fc365cc4293485ba9bd44ca4b5494be9f082dfc67e4b1309d50f633796fff9","source_generation_sha256":"1369a0075a08d4e14d8d4da21c4a0476b5ee0030caf0310005ca81a2f122c09e","track_id_sha256":"f2ff69f8f2b94e05c2d2b92bbafc41e9782b04757ea0f13533ba97acb9b8fe7c","generation_order":"1","start_pts":"8333333333","end_pts":"16666666666","time_base_num":1,"time_base_den":1000000000,"lifecycle":1,"deleted":false,"binding_present":true,"binding_valid":true,"available_for_selection":true}],"decoded":{"namespace_valid":true,"range_comparable":true,"incomplete":false,"frames_truncated":false,"frame_count":754,"relevant_count":46,"identity_matched":46,"identity_rejected":0,"generation_mismatch":0,"pts_mismatch":0,"duration_invalid":0,"minimum_pts_ns":"16266666666","maximum_pts_ns":"17766666666","maximum_valid_end_ns":"17799999999"},"slice_state_counts":[12,2,0,0,0,0],"reason_counts":[0,2,0,0,12,0,0,0,0,0],"unknown_ranges":[{"start_ns":"16666666666","end_ns":"16666666667","reason":1},{"start_ns":"16666666666","end_ns":"17783000000","reason":1}]}
[selection-attempt] {"reference_sha256":"3cb85ebc2267400b4b0fee50c7dfb31fd71904419e5687cbb50a62fc7aae7298","attempt":16,"attempt_limit":121,"elapsed_ms":"8075","wait_ms":"60000","deadline_exhausted":false,"attempt_exhausted":false,"selection_complete":false,"expanded_start_ns":"16283000000","expanded_end_ns":"17783000000","source_count":1,"unknown_count":2,"sources_truncated":false,"unknown_truncated":false,"sources":[{"segment_id_sha256":"fde68cd5c62e07ae0561d9857d6141eed622116eddd1bb3a7ec053139a07ea39","media_epoch_id_sha256":"e6fc365cc4293485ba9bd44ca4b5494be9f082dfc67e4b1309d50f633796fff9","source_generation_sha256":"1369a0075a08d4e14d8d4da21c4a0476b5ee0030caf0310005ca81a2f122c09e","track_id_sha256":"f2ff69f8f2b94e05c2d2b92bbafc41e9782b04757ea0f13533ba97acb9b8fe7c","generation_order":"1","start_pts":"8333333333","end_pts":"16666666666","time_base_num":1,"time_base_den":1000000000,"lifecycle":1,"deleted":false,"binding_present":true,"binding_valid":true,"available_for_selection":true}],"decoded":{"namespace_valid":true,"range_comparable":true,"incomplete":false,"frames_truncated":false,"frame_count":754,"relevant_count":46,"identity_matched":46,"identity_rejected":0,"generation_mismatch":0,"pts_mismatch":0,"duration_invalid":0,"minimum_pts_ns":"16266666666","maximum_pts_ns":"17766666666","maximum_valid_end_ns":"17799999999"},"slice_state_counts":[12,2,0,0,0,0],"reason_counts":[0,2,0,0,12,0,0,0,0,0],"unknown_ranges":[{"start_ns":"16666666666","end_ns":"16666666667","reason":1},{"start_ns":"16666666666","end_ns":"17783000000","reason":1}]}
[selection-attempt] {"reference_sha256":"888d6e960e04bd3540f8ed155c3001276bc04a96b2578c56ebd0c8a1b957f290","attempt":16,"attempt_limit":9,"elapsed_ms":"8146","wait_ms":"3750","deadline_exhausted":true,"attempt_exhausted":true,"selection_complete":true,"expanded_start_ns":"16283000000","expanded_end_ns":"17783000000","source_count":2,"unknown_count":0,"sources_truncated":false,"unknown_truncated":false,"sources":[{"segment_id_sha256":"fde68cd5c62e07ae0561d9857d6141eed622116eddd1bb3a7ec053139a07ea39","media_epoch_id_sha256":"e6fc365cc4293485ba9bd44ca4b5494be9f082dfc67e4b1309d50f633796fff9","source_generation_sha256":"1369a0075a08d4e14d8d4da21c4a0476b5ee0030caf0310005ca81a2f122c09e","track_id_sha256":"f2ff69f8f2b94e05c2d2b92bbafc41e9782b04757ea0f13533ba97acb9b8fe7c","generation_order":"1","start_pts":"8333333333","end_pts":"16666666666","time_base_num":1,"time_base_den":1000000000,"lifecycle":1,"deleted":false,"binding_present":true,"binding_valid":true,"available_for_selection":true},{"segment_id_sha256":"1b8d7d67b84668148617272389d95274037c4f640f189b078f21418a2d041125","media_epoch_id_sha256":"e6fc365cc4293485ba9bd44ca4b5494be9f082dfc67e4b1309d50f633796fff9","source_generation_sha256":"1369a0075a08d4e14d8d4da21c4a0476b5ee0030caf0310005ca81a2f122c09e","track_id_sha256":"f2ff69f8f2b94e05c2d2b92bbafc41e9782b04757ea0f13533ba97acb9b8fe7c","generation_order":"1","start_pts":"16666666666","end_pts":"24999999999","time_base_num":1,"time_base_den":1000000000,"lifecycle":1,"deleted":false,"binding_present":true,"binding_valid":true,"available_for_selection":true}],"decoded":{"namespace_valid":true,"range_comparable":true,"incomplete":false,"frames_truncated":false,"frame_count":754,"relevant_count":46,"identity_matched":46,"identity_rejected":0,"generation_mismatch":0,"pts_mismatch":0,"duration_invalid":0,"minimum_pts_ns":"16266666666","maximum_pts_ns":"17766666666","maximum_valid_end_ns":"17799999999"},"slice_state_counts":[47,0,0,0,0,0],"reason_counts":[0,0,0,0,47,0,0,0,0,0],"unknown_ranges":[]}
[selection-attempt] {"reference_sha256":"89f5a6b8ee07389e5bd9f408cd0d69d52bc48956f4dd63a15fc75b721653ed9f","attempt":16,"attempt_limit":9,"elapsed_ms":"8765","wait_ms":"3750","deadline_exhausted":true,"attempt_exhausted":true,"selection_complete":true,"expanded_start_ns":"16283000000","expanded_end_ns":"17783000000","source_count":2,"unknown_count":0,"sources_truncated":false,"unknown_truncated":false,"sources":[{"segment_id_sha256":"fde68cd5c62e07ae0561d9857d6141eed622116eddd1bb3a7ec053139a07ea39","media_epoch_id_sha256":"e6fc365cc4293485ba9bd44ca4b5494be9f082dfc67e4b1309d50f633796fff9","source_generation_sha256":"1369a0075a08d4e14d8d4da21c4a0476b5ee0030caf0310005ca81a2f122c09e","track_id_sha256":"f2ff69f8f2b94e05c2d2b92bbafc41e9782b04757ea0f13533ba97acb9b8fe7c","generation_order":"1","start_pts":"8333333333","end_pts":"16666666666","time_base_num":1,"time_base_den":1000000000,"lifecycle":1,"deleted":false,"binding_present":true,"binding_valid":true,"available_for_selection":true},{"segment_id_sha256":"1b8d7d67b84668148617272389d95274037c4f640f189b078f21418a2d041125","media_epoch_id_sha256":"e6fc365cc4293485ba9bd44ca4b5494be9f082dfc67e4b1309d50f633796fff9","source_generation_sha256":"1369a0075a08d4e14d8d4da21c4a0476b5ee0030caf0310005ca81a2f122c09e","track_id_sha256":"f2ff69f8f2b94e05c2d2b92bbafc41e9782b04757ea0f13533ba97acb9b8fe7c","generation_order":"1","start_pts":"16666666666","end_pts":"24999999999","time_base_num":1,"time_base_den":1000000000,"lifecycle":1,"deleted":false,"binding_present":true,"binding_valid":true,"available_for_selection":true}],"decoded":{"namespace_valid":true,"range_comparable":true,"incomplete":false,"frames_truncated":false,"frame_count":762,"relevant_count":46,"identity_matched":46,"identity_rejected":0,"generation_mismatch":0,"pts_mismatch":0,"duration_invalid":0,"minimum_pts_ns":"16266666666","maximum_pts_ns":"17766666666","maximum_valid_end_ns":"17799999999"},"slice_state_counts":[47,0,0,0,0,0],"reason_counts":[0,0,0,0,47,0,0,0,0,0],"unknown_ranges":[]}
[selection-attempt] {"reference_sha256":"c4f8956731eef44f1fd95e72c6854a12ad90316b5b31ad7e374f550520d40ddf","attempt":17,"attempt_limit":9,"elapsed_ms":"9167","wait_ms":"3750","deadline_exhausted":true,"attempt_exhausted":true,"selection_complete":true,"expanded_start_ns":"16283000000","expanded_end_ns":"17783000000","source_count":2,"unknown_count":0,"sources_truncated":false,"unknown_truncated":false,"sources":[{"segment_id_sha256":"fde68cd5c62e07ae0561d9857d6141eed622116eddd1bb3a7ec053139a07ea39","media_epoch_id_sha256":"e6fc365cc4293485ba9bd44ca4b5494be9f082dfc67e4b1309d50f633796fff9","source_generation_sha256":"1369a0075a08d4e14d8d4da21c4a0476b5ee0030caf0310005ca81a2f122c09e","track_id_sha256":"f2ff69f8f2b94e05c2d2b92bbafc41e9782b04757ea0f13533ba97acb9b8fe7c","generation_order":"1","start_pts":"8333333333","end_pts":"16666666666","time_base_num":1,"time_base_den":1000000000,"lifecycle":1,"deleted":false,"binding_present":true,"binding_valid":true,"available_for_selection":true},{"segment_id_sha256":"1b8d7d67b84668148617272389d95274037c4f640f189b078f21418a2d041125","media_epoch_id_sha256":"e6fc365cc4293485ba9bd44ca4b5494be9f082dfc67e4b1309d50f633796fff9","source_generation_sha256":"1369a0075a08d4e14d8d4da21c4a0476b5ee0030caf0310005ca81a2f122c09e","track_id_sha256":"f2ff69f8f2b94e05c2d2b92bbafc41e9782b04757ea0f13533ba97acb9b8fe7c","generation_order":"1","start_pts":"16666666666","end_pts":"24999999999","time_base_num":1,"time_base_den":1000000000,"lifecycle":1,"deleted":false,"binding_present":true,"binding_valid":true,"available_for_selection":true}],"decoded":{"namespace_valid":true,"range_comparable":true,"incomplete":false,"frames_truncated":false,"frame_count":786,"relevant_count":46,"identity_matched":46,"identity_rejected":0,"generation_mismatch":0,"pts_mismatch":0,"duration_invalid":0,"minimum_pts_ns":"16266666666","maximum_pts_ns":"17766666666","maximum_valid_end_ns":"17799999999"},"slice_state_counts":[47,0,0,0,0,0],"reason_counts":[0,0,0,0,47,0,0,0,0,0],"unknown_ranges":[]}
[selection-attempt] {"reference_sha256":"3cb85ebc2267400b4b0fee50c7dfb31fd71904419e5687cbb50a62fc7aae7298","attempt":17,"attempt_limit":9,"elapsed_ms":"9432","wait_ms":"3750","deadline_exhausted":true,"attempt_exhausted":true,"selection_complete":true,"expanded_start_ns":"16283000000","expanded_end_ns":"17783000000","source_count":2,"unknown_count":0,"sources_truncated":false,"unknown_truncated":false,"sources":[{"segment_id_sha256":"fde68cd5c62e07ae0561d9857d6141eed622116eddd1bb3a7ec053139a07ea39","media_epoch_id_sha256":"e6fc365cc4293485ba9bd44ca4b5494be9f082dfc67e4b1309d50f633796fff9","source_generation_sha256":"1369a0075a08d4e14d8d4da21c4a0476b5ee0030caf0310005ca81a2f122c09e","track_id_sha256":"f2ff69f8f2b94e05c2d2b92bbafc41e9782b04757ea0f13533ba97acb9b8fe7c","generation_order":"1","start_pts":"8333333333","end_pts":"16666666666","time_base_num":1,"time_base_den":1000000000,"lifecycle":1,"deleted":false,"binding_present":true,"binding_valid":true,"available_for_selection":true},{"segment_id_sha256":"1b8d7d67b84668148617272389d95274037c4f640f189b078f21418a2d041125","media_epoch_id_sha256":"e6fc365cc4293485ba9bd44ca4b5494be9f082dfc67e4b1309d50f633796fff9","source_generation_sha256":"1369a0075a08d4e14d8d4da21c4a0476b5ee0030caf0310005ca81a2f122c09e","track_id_sha256":"f2ff69f8f2b94e05c2d2b92bbafc41e9782b04757ea0f13533ba97acb9b8fe7c","generation_order":"1","start_pts":"16666666666","end_pts":"24999999999","time_base_num":1,"time_base_den":1000000000,"lifecycle":1,"deleted":false,"binding_present":true,"binding_valid":true,"available_for_selection":true}],"decoded":{"namespace_valid":true,"range_comparable":true,"incomplete":false,"frames_truncated":false,"frame_count":794,"relevant_count":46,"identity_matched":46,"identity_rejected":0,"generation_mismatch":0,"pts_mismatch":0,"duration_invalid":0,"minimum_pts_ns":"16266666666","maximum_pts_ns":"17766666666","maximum_valid_end_ns":"17799999999"},"slice_state_counts":[47,0,0,0,0,0],"reason_counts":[0,0,0,0,47,0,0,0,0,0],"unknown_ranges":[]}
[selection-attempt] {"reference_sha256":"77891e632e1e1acd2f6038d184f0e5153b7ddf0ca43985a7d00004fc76eff150","attempt":1,"attempt_limit":121,"elapsed_ms":"39","wait_ms":"60000","deadline_exhausted":false,"attempt_exhausted":false,"selection_complete":false,"expanded_start_ns":"16250000000","expanded_end_ns":"17750000000","source_count":1,"unknown_count":2,"sources_truncated":false,"unknown_truncated":false,"sources":[{"segment_id_sha256":"69cbac98dda383b28626252a1b03ad1879b05e05cbe6905e481a3d8584cb7642","media_epoch_id_sha256":"764723bea1c6296f50bc93521896f5339592ae7246d95b3d41b505360b21ac7a","source_generation_sha256":"2273e5c0f438c3f104849a2c3c516214813e50093f8aa6899fc5e4cac03d435e","track_id_sha256":"f2ff69f8f2b94e05c2d2b92bbafc41e9782b04757ea0f13533ba97acb9b8fe7c","generation_order":"1","start_pts":"8333333333","end_pts":"16666666666","time_base_num":1,"time_base_den":1000000000,"lifecycle":1,"deleted":false,"binding_present":true,"binding_valid":true,"available_for_selection":true}],"decoded":{"namespace_valid":true,"range_comparable":true,"incomplete":false,"frames_truncated":false,"frame_count":452,"relevant_count":24,"identity_matched":24,"identity_rejected":0,"generation_mismatch":0,"pts_mismatch":0,"duration_invalid":0,"minimum_pts_ns":"16233333333","maximum_pts_ns":"17000000000","maximum_valid_end_ns":"17033333333"},"slice_state_counts":[13,2,0,0,0,0],"reason_counts":[0,2,0,0,13,0,0,0,0,0],"unknown_ranges":[{"start_ns":"16666666666","end_ns":"16666666667","reason":1},{"start_ns":"16666666666","end_ns":"17750000000","reason":1}]}
[selection-attempt] {"reference_sha256":"67eb50672d821934528f7960f4db80c1c60ef09b9eff73baccb7b44e3b11245e","attempt":1,"attempt_limit":121,"elapsed_ms":"897","wait_ms":"60000","deadline_exhausted":false,"attempt_exhausted":false,"selection_complete":false,"expanded_start_ns":"16250000000","expanded_end_ns":"17750000000","source_count":1,"unknown_count":2,"sources_truncated":false,"unknown_truncated":false,"sources":[{"segment_id_sha256":"69cbac98dda383b28626252a1b03ad1879b05e05cbe6905e481a3d8584cb7642","media_epoch_id_sha256":"764723bea1c6296f50bc93521896f5339592ae7246d95b3d41b505360b21ac7a","source_generation_sha256":"2273e5c0f438c3f104849a2c3c516214813e50093f8aa6899fc5e4cac03d435e","track_id_sha256":"f2ff69f8f2b94e05c2d2b92bbafc41e9782b04757ea0f13533ba97acb9b8fe7c","generation_order":"1","start_pts":"8333333333","end_pts":"16666666666","time_base_num":1,"time_base_den":1000000000,"lifecycle":1,"deleted":false,"binding_present":true,"binding_valid":true,"available_for_selection":true}],"decoded":{"namespace_valid":true,"range_comparable":true,"incomplete":false,"frames_truncated":false,"frame_count":452,"relevant_count":24,"identity_matched":24,"identity_rejected":0,"generation_mismatch":0,"pts_mismatch":0,"duration_invalid":0,"minimum_pts_ns":"16233333333","maximum_pts_ns":"17000000000","maximum_valid_end_ns":"17033333333"},"slice_state_counts":[13,2,0,0,0,0],"reason_counts":[0,2,0,0,13,0,0,0,0,0],"unknown_ranges":[{"start_ns":"16666666666","end_ns":"16666666667","reason":1},{"start_ns":"16666666666","end_ns":"17750000000","reason":1}]}
[selection-attempt] {"reference_sha256":"0a5f0514de2e597a48654a71469a16a0dbb5b027a9189a389fe4af3f7c861718","attempt":1,"attempt_limit":121,"elapsed_ms":"904","wait_ms":"60000","deadline_exhausted":false,"attempt_exhausted":false,"selection_complete":false,"expanded_start_ns":"16250000000","expanded_end_ns":"17750000000","source_count":1,"unknown_count":2,"sources_truncated":false,"unknown_truncated":false,"sources":[{"segment_id_sha256":"69cbac98dda383b28626252a1b03ad1879b05e05cbe6905e481a3d8584cb7642","media_epoch_id_sha256":"764723bea1c6296f50bc93521896f5339592ae7246d95b3d41b505360b21ac7a","source_generation_sha256":"2273e5c0f438c3f104849a2c3c516214813e50093f8aa6899fc5e4cac03d435e","track_id_sha256":"f2ff69f8f2b94e05c2d2b92bbafc41e9782b04757ea0f13533ba97acb9b8fe7c","generation_order":"1","start_pts":"8333333333","end_pts":"16666666666","time_base_num":1,"time_base_den":1000000000,"lifecycle":1,"deleted":false,"binding_present":true,"binding_valid":true,"available_for_selection":true}],"decoded":{"namespace_valid":true,"range_comparable":true,"incomplete":false,"frames_truncated":false,"frame_count":476,"relevant_count":46,"identity_matched":46,"identity_rejected":0,"generation_mismatch":0,"pts_mismatch":0,"duration_invalid":0,"minimum_pts_ns":"16233333333","maximum_pts_ns":"17733333333","maximum_valid_end_ns":"17766666666"},"slice_state_counts":[13,2,0,0,0,0],"reason_counts":[0,2,0,0,13,0,0,0,0,0],"unknown_ranges":[{"start_ns":"16666666666","end_ns":"16666666667","reason":1},{"start_ns":"16666666666","end_ns":"17750000000","reason":1}]}
[selection-attempt] {"reference_sha256":"e43ed0eaad8f5d1714ac736716bc1f50d8afd88d7e14fa13d58e14ace839ab18","attempt":1,"attempt_limit":121,"elapsed_ms":"937","wait_ms":"60000","deadline_exhausted":false,"attempt_exhausted":false,"selection_complete":false,"expanded_start_ns":"16250000000","expanded_end_ns":"17750000000","source_count":1,"unknown_count":2,"sources_truncated":false,"unknown_truncated":false,"sources":[{"segment_id_sha256":"69cbac98dda383b28626252a1b03ad1879b05e05cbe6905e481a3d8584cb7642","media_epoch_id_sha256":"764723bea1c6296f50bc93521896f5339592ae7246d95b3d41b505360b21ac7a","source_generation_sha256":"2273e5c0f438c3f104849a2c3c516214813e50093f8aa6899fc5e4cac03d435e","track_id_sha256":"f2ff69f8f2b94e05c2d2b92bbafc41e9782b04757ea0f13533ba97acb9b8fe7c","generation_order":"1","start_pts":"8333333333","end_pts":"16666666666","time_base_num":1,"time_base_den":1000000000,"lifecycle":1,"deleted":false,"binding_present":true,"binding_valid":true,"available_for_selection":true}],"decoded":{"namespace_valid":true,"range_comparable":true,"incomplete":false,"frames_truncated":false,"frame_count":480,"relevant_count":46,"identity_matched":46,"identity_rejected":0,"generation_mismatch":0,"pts_mismatch":0,"duration_invalid":0,"minimum_pts_ns":"16233333333","maximum_pts_ns":"17733333333","maximum_valid_end_ns":"17766666666"},"slice_state_counts":[13,2,0,0,0,0],"reason_counts":[0,2,0,0,13,0,0,0,0,0],"unknown_ranges":[{"start_ns":"16666666666","end_ns":"16666666667","reason":1},{"start_ns":"16666666666","end_ns":"17750000000","reason":1}]}
[selection-attempt] {"reference_sha256":"77891e632e1e1acd2f6038d184f0e5153b7ddf0ca43985a7d00004fc76eff150","attempt":2,"attempt_limit":121,"elapsed_ms":"1011","wait_ms":"60000","deadline_exhausted":false,"attempt_exhausted":false,"selection_complete":false,"expanded_start_ns":"16250000000","expanded_end_ns":"17750000000","source_count":1,"unknown_count":2,"sources_truncated":false,"unknown_truncated":false,"sources":[{"segment_id_sha256":"69cbac98dda383b28626252a1b03ad1879b05e05cbe6905e481a3d8584cb7642","media_epoch_id_sha256":"764723bea1c6296f50bc93521896f5339592ae7246d95b3d41b505360b21ac7a","source_generation_sha256":"2273e5c0f438c3f104849a2c3c516214813e50093f8aa6899fc5e4cac03d435e","track_id_sha256":"f2ff69f8f2b94e05c2d2b92bbafc41e9782b04757ea0f13533ba97acb9b8fe7c","generation_order":"1","start_pts":"8333333333","end_pts":"16666666666","time_base_num":1,"time_base_den":1000000000,"lifecycle":1,"deleted":false,"binding_present":true,"binding_valid":true,"available_for_selection":true}],"decoded":{"namespace_valid":true,"range_comparable":true,"incomplete":false,"frames_truncated":false,"frame_count":480,"relevant_count":46,"identity_matched":46,"identity_rejected":0,"generation_mismatch":0,"pts_mismatch":0,"duration_invalid":0,"minimum_pts_ns":"16233333333","maximum_pts_ns":"17733333333","maximum_valid_end_ns":"17766666666"},"slice_state_counts":[13,2,0,0,0,0],"reason_counts":[0,2,0,0,13,0,0,0,0,0],"unknown_ranges":[{"start_ns":"16666666666","end_ns":"16666666667","reason":1},{"start_ns":"16666666666","end_ns":"17750000000","reason":1}]}
[selection-attempt] {"reference_sha256":"67eb50672d821934528f7960f4db80c1c60ef09b9eff73baccb7b44e3b11245e","attempt":2,"attempt_limit":121,"elapsed_ms":"2246","wait_ms":"60000","deadline_exhausted":false,"attempt_exhausted":false,"selection_complete":false,"expanded_start_ns":"16250000000","expanded_end_ns":"17750000000","source_count":1,"unknown_count":2,"sources_truncated":false,"unknown_truncated":false,"sources":[{"segment_id_sha256":"69cbac98dda383b28626252a1b03ad1879b05e05cbe6905e481a3d8584cb7642","media_epoch_id_sha256":"764723bea1c6296f50bc93521896f5339592ae7246d95b3d41b505360b21ac7a","source_generation_sha256":"2273e5c0f438c3f104849a2c3c516214813e50093f8aa6899fc5e4cac03d435e","track_id_sha256":"f2ff69f8f2b94e05c2d2b92bbafc41e9782b04757ea0f13533ba97acb9b8fe7c","generation_order":"1","start_pts":"8333333333","end_pts":"16666666666","time_base_num":1,"time_base_den":1000000000,"lifecycle":1,"deleted":false,"binding_present":true,"binding_valid":true,"available_for_selection":true}],"decoded":{"namespace_valid":true,"range_comparable":true,"incomplete":false,"frames_truncated":false,"frame_count":492,"relevant_count":46,"identity_matched":46,"identity_rejected":0,"generation_mismatch":0,"pts_mismatch":0,"duration_invalid":0,"minimum_pts_ns":"16233333333","maximum_pts_ns":"17733333333","maximum_valid_end_ns":"17766666666"},"slice_state_counts":[13,2,0,0,0,0],"reason_counts":[0,2,0,0,13,0,0,0,0,0],"unknown_ranges":[{"start_ns":"16666666666","end_ns":"16666666667","reason":1},{"start_ns":"16666666666","end_ns":"17750000000","reason":1}]}
[selection-attempt] {"reference_sha256":"0a5f0514de2e597a48654a71469a16a0dbb5b027a9189a389fe4af3f7c861718","attempt":2,"attempt_limit":121,"elapsed_ms":"2252","wait_ms":"60000","deadline_exhausted":false,"attempt_exhausted":false,"selection_complete":false,"expanded_start_ns":"16250000000","expanded_end_ns":"17750000000","source_count":1,"unknown_count":2,"sources_truncated":false,"unknown_truncated":false,"sources":[{"segment_id_sha256":"69cbac98dda383b28626252a1b03ad1879b05e05cbe6905e481a3d8584cb7642","media_epoch_id_sha256":"764723bea1c6296f50bc93521896f5339592ae7246d95b3d41b505360b21ac7a","source_generation_sha256":"2273e5c0f438c3f104849a2c3c516214813e50093f8aa6899fc5e4cac03d435e","track_id_sha256":"f2ff69f8f2b94e05c2d2b92bbafc41e9782b04757ea0f13533ba97acb9b8fe7c","generation_order":"1","start_pts":"8333333333","end_pts":"16666666666","time_base_num":1,"time_base_den":1000000000,"lifecycle":1,"deleted":false,"binding_present":true,"binding_valid":true,"available_for_selection":true}],"decoded":{"namespace_valid":true,"range_comparable":true,"incomplete":false,"frames_truncated":false,"frame_count":516,"relevant_count":46,"identity_matched":46,"identity_rejected":0,"generation_mismatch":0,"pts_mismatch":0,"duration_invalid":0,"minimum_pts_ns":"16233333333","maximum_pts_ns":"17733333333","maximum_valid_end_ns":"17766666666"},"slice_state_counts":[13,2,0,0,0,0],"reason_counts":[0,2,0,0,13,0,0,0,0,0],"unknown_ranges":[{"start_ns":"16666666666","end_ns":"16666666667","reason":1},{"start_ns":"16666666666","end_ns":"17750000000","reason":1}]}
[selection-attempt] {"reference_sha256":"e43ed0eaad8f5d1714ac736716bc1f50d8afd88d7e14fa13d58e14ace839ab18","attempt":2,"attempt_limit":121,"elapsed_ms":"2285","wait_ms":"60000","deadline_exhausted":false,"attempt_exhausted":false,"selection_complete":false,"expanded_start_ns":"16250000000","expanded_end_ns":"17750000000","source_count":1,"unknown_count":2,"sources_truncated":false,"unknown_truncated":false,"sources":[{"segment_id_sha256":"69cbac98dda383b28626252a1b03ad1879b05e05cbe6905e481a3d8584cb7642","media_epoch_id_sha256":"764723bea1c6296f50bc93521896f5339592ae7246d95b3d41b505360b21ac7a","source_generation_sha256":"2273e5c0f438c3f104849a2c3c516214813e50093f8aa6899fc5e4cac03d435e","track_id_sha256":"f2ff69f8f2b94e05c2d2b92bbafc41e9782b04757ea0f13533ba97acb9b8fe7c","generation_order":"1","start_pts":"8333333333","end_pts":"16666666666","time_base_num":1,"time_base_den":1000000000,"lifecycle":1,"deleted":false,"binding_present":true,"binding_valid":true,"available_for_selection":true}],"decoded":{"namespace_valid":true,"range_comparable":true,"incomplete":false,"frames_truncated":false,"frame_count":520,"relevant_count":46,"identity_matched":46,"identity_rejected":0,"generation_mismatch":0,"pts_mismatch":0,"duration_invalid":0,"minimum_pts_ns":"16233333333","maximum_pts_ns":"17733333333","maximum_valid_end_ns":"17766666666"},"slice_state_counts":[13,2,0,0,0,0],"reason_counts":[0,2,0,0,13,0,0,0,0,0],"unknown_ranges":[{"start_ns":"16666666666","end_ns":"16666666667","reason":1},{"start_ns":"16666666666","end_ns":"17750000000","reason":1}]}
[selection-attempt] {"reference_sha256":"77891e632e1e1acd2f6038d184f0e5153b7ddf0ca43985a7d00004fc76eff150","attempt":3,"attempt_limit":121,"elapsed_ms":"2373","wait_ms":"60000","deadline_exhausted":false,"attempt_exhausted":false,"selection_complete":false,"expanded_start_ns":"16250000000","expanded_end_ns":"17750000000","source_count":1,"unknown_count":2,"sources_truncated":false,"unknown_truncated":false,"sources":[{"segment_id_sha256":"69cbac98dda383b28626252a1b03ad1879b05e05cbe6905e481a3d8584cb7642","media_epoch_id_sha256":"764723bea1c6296f50bc93521896f5339592ae7246d95b3d41b505360b21ac7a","source_generation_sha256":"2273e5c0f438c3f104849a2c3c516214813e50093f8aa6899fc5e4cac03d435e","track_id_sha256":"f2ff69f8f2b94e05c2d2b92bbafc41e9782b04757ea0f13533ba97acb9b8fe7c","generation_order":"1","start_pts":"8333333333","end_pts":"16666666666","time_base_num":1,"time_base_den":1000000000,"lifecycle":1,"deleted":false,"binding_present":true,"binding_valid":true,"available_for_selection":true}],"decoded":{"namespace_valid":true,"range_comparable":true,"incomplete":false,"frames_truncated":false,"frame_count":520,"relevant_count":46,"identity_matched":46,"identity_rejected":0,"generation_mismatch":0,"pts_mismatch":0,"duration_invalid":0,"minimum_pts_ns":"16233333333","maximum_pts_ns":"17733333333","maximum_valid_end_ns":"17766666666"},"slice_state_counts":[13,2,0,0,0,0],"reason_counts":[0,2,0,0,13,0,0,0,0,0],"unknown_ranges":[{"start_ns":"16666666666","end_ns":"16666666667","reason":1},{"start_ns":"16666666666","end_ns":"17750000000","reason":1}]}
[selection-attempt] {"reference_sha256":"67eb50672d821934528f7960f4db80c1c60ef09b9eff73baccb7b44e3b11245e","attempt":3,"attempt_limit":121,"elapsed_ms":"3566","wait_ms":"60000","deadline_exhausted":false,"attempt_exhausted":false,"selection_complete":false,"expanded_start_ns":"16250000000","expanded_end_ns":"17750000000","source_count":1,"unknown_count":2,"sources_truncated":false,"unknown_truncated":false,"sources":[{"segment_id_sha256":"69cbac98dda383b28626252a1b03ad1879b05e05cbe6905e481a3d8584cb7642","media_epoch_id_sha256":"764723bea1c6296f50bc93521896f5339592ae7246d95b3d41b505360b21ac7a","source_generation_sha256":"2273e5c0f438c3f104849a2c3c516214813e50093f8aa6899fc5e4cac03d435e","track_id_sha256":"f2ff69f8f2b94e05c2d2b92bbafc41e9782b04757ea0f13533ba97acb9b8fe7c","generation_order":"1","start_pts":"8333333333","end_pts":"16666666666","time_base_num":1,"time_base_den":1000000000,"lifecycle":1,"deleted":false,"binding_present":true,"binding_valid":true,"available_for_selection":true}],"decoded":{"namespace_valid":true,"range_comparable":true,"incomplete":false,"frames_truncated":false,"frame_count":532,"relevant_count":46,"identity_matched":46,"identity_rejected":0,"generation_mismatch":0,"pts_mismatch":0,"duration_invalid":0,"minimum_pts_ns":"16233333333","maximum_pts_ns":"17733333333","maximum_valid_end_ns":"17766666666"},"slice_state_counts":[13,2,0,0,0,0],"reason_counts":[0,2,0,0,13,0,0,0,0,0],"unknown_ranges":[{"start_ns":"16666666666","end_ns":"16666666667","reason":1},{"start_ns":"16666666666","end_ns":"17750000000","reason":1}]}
[selection-attempt] {"reference_sha256":"0a5f0514de2e597a48654a71469a16a0dbb5b027a9189a389fe4af3f7c861718","attempt":3,"attempt_limit":121,"elapsed_ms":"3600","wait_ms":"60000","deadline_exhausted":false,"attempt_exhausted":false,"selection_complete":false,"expanded_start_ns":"16250000000","expanded_end_ns":"17750000000","source_count":1,"unknown_count":2,"sources_truncated":false,"unknown_truncated":false,"sources":[{"segment_id_sha256":"69cbac98dda383b28626252a1b03ad1879b05e05cbe6905e481a3d8584cb7642","media_epoch_id_sha256":"764723bea1c6296f50bc93521896f5339592ae7246d95b3d41b505360b21ac7a","source_generation_sha256":"2273e5c0f438c3f104849a2c3c516214813e50093f8aa6899fc5e4cac03d435e","track_id_sha256":"f2ff69f8f2b94e05c2d2b92bbafc41e9782b04757ea0f13533ba97acb9b8fe7c","generation_order":"1","start_pts":"8333333333","end_pts":"16666666666","time_base_num":1,"time_base_den":1000000000,"lifecycle":1,"deleted":false,"binding_present":true,"binding_valid":true,"available_for_selection":true}],"decoded":{"namespace_valid":true,"range_comparable":true,"incomplete":false,"frames_truncated":false,"frame_count":556,"relevant_count":46,"identity_matched":46,"identity_rejected":0,"generation_mismatch":0,"pts_mismatch":0,"duration_invalid":0,"minimum_pts_ns":"16233333333","maximum_pts_ns":"17733333333","maximum_valid_end_ns":"17766666666"},"slice_state_counts":[13,2,0,0,0,0],"reason_counts":[0,2,0,0,13,0,0,0,0,0],"unknown_ranges":[{"start_ns":"16666666666","end_ns":"16666666667","reason":1},{"start_ns":"16666666666","end_ns":"17750000000","reason":1}]}
[selection-attempt] {"reference_sha256":"e43ed0eaad8f5d1714ac736716bc1f50d8afd88d7e14fa13d58e14ace839ab18","attempt":3,"attempt_limit":121,"elapsed_ms":"3634","wait_ms":"60000","deadline_exhausted":false,"attempt_exhausted":false,"selection_complete":false,"expanded_start_ns":"16250000000","expanded_end_ns":"17750000000","source_count":1,"unknown_count":2,"sources_truncated":false,"unknown_truncated":false,"sources":[{"segment_id_sha256":"69cbac98dda383b28626252a1b03ad1879b05e05cbe6905e481a3d8584cb7642","media_epoch_id_sha256":"764723bea1c6296f50bc93521896f5339592ae7246d95b3d41b505360b21ac7a","source_generation_sha256":"2273e5c0f438c3f104849a2c3c516214813e50093f8aa6899fc5e4cac03d435e","track_id_sha256":"f2ff69f8f2b94e05c2d2b92bbafc41e9782b04757ea0f13533ba97acb9b8fe7c","generation_order":"1","start_pts":"8333333333","end_pts":"16666666666","time_base_num":1,"time_base_den":1000000000,"lifecycle":1,"deleted":false,"binding_present":true,"binding_valid":true,"available_for_selection":true}],"decoded":{"namespace_valid":true,"range_comparable":true,"incomplete":false,"frames_truncated":false,"frame_count":560,"relevant_count":46,"identity_matched":46,"identity_rejected":0,"generation_mismatch":0,"pts_mismatch":0,"duration_invalid":0,"minimum_pts_ns":"16233333333","maximum_pts_ns":"17733333333","maximum_valid_end_ns":"17766666666"},"slice_state_counts":[13,2,0,0,0,0],"reason_counts":[0,2,0,0,13,0,0,0,0,0],"unknown_ranges":[{"start_ns":"16666666666","end_ns":"16666666667","reason":1},{"start_ns":"16666666666","end_ns":"17750000000","reason":1}]}
[selection-attempt] {"reference_sha256":"77891e632e1e1acd2f6038d184f0e5153b7ddf0ca43985a7d00004fc76eff150","attempt":4,"attempt_limit":121,"elapsed_ms":"3709","wait_ms":"60000","deadline_exhausted":false,"attempt_exhausted":false,"selection_complete":false,"expanded_start_ns":"16250000000","expanded_end_ns":"17750000000","source_count":1,"unknown_count":2,"sources_truncated":false,"unknown_truncated":false,"sources":[{"segment_id_sha256":"69cbac98dda383b28626252a1b03ad1879b05e05cbe6905e481a3d8584cb7642","media_epoch_id_sha256":"764723bea1c6296f50bc93521896f5339592ae7246d95b3d41b505360b21ac7a","source_generation_sha256":"2273e5c0f438c3f104849a2c3c516214813e50093f8aa6899fc5e4cac03d435e","track_id_sha256":"f2ff69f8f2b94e05c2d2b92bbafc41e9782b04757ea0f13533ba97acb9b8fe7c","generation_order":"1","start_pts":"8333333333","end_pts":"16666666666","time_base_num":1,"time_base_den":1000000000,"lifecycle":1,"deleted":false,"binding_present":true,"binding_valid":true,"available_for_selection":true}],"decoded":{"namespace_valid":true,"range_comparable":true,"incomplete":false,"frames_truncated":false,"frame_count":560,"relevant_count":46,"identity_matched":46,"identity_rejected":0,"generation_mismatch":0,"pts_mismatch":0,"duration_invalid":0,"minimum_pts_ns":"16233333333","maximum_pts_ns":"17733333333","maximum_valid_end_ns":"17766666666"},"slice_state_counts":[13,2,0,0,0,0],"reason_counts":[0,2,0,0,13,0,0,0,0,0],"unknown_ranges":[{"start_ns":"16666666666","end_ns":"16666666667","reason":1},{"start_ns":"16666666666","end_ns":"17750000000","reason":1}]}
[selection-attempt] {"reference_sha256":"67eb50672d821934528f7960f4db80c1c60ef09b9eff73baccb7b44e3b11245e","attempt":4,"attempt_limit":121,"elapsed_ms":"4958","wait_ms":"60000","deadline_exhausted":false,"attempt_exhausted":false,"selection_complete":false,"expanded_start_ns":"16250000000","expanded_end_ns":"17750000000","source_count":1,"unknown_count":2,"sources_truncated":false,"unknown_truncated":false,"sources":[{"segment_id_sha256":"69cbac98dda383b28626252a1b03ad1879b05e05cbe6905e481a3d8584cb7642","media_epoch_id_sha256":"764723bea1c6296f50bc93521896f5339592ae7246d95b3d41b505360b21ac7a","source_generation_sha256":"2273e5c0f438c3f104849a2c3c516214813e50093f8aa6899fc5e4cac03d435e","track_id_sha256":"f2ff69f8f2b94e05c2d2b92bbafc41e9782b04757ea0f13533ba97acb9b8fe7c","generation_order":"1","start_pts":"8333333333","end_pts":"16666666666","time_base_num":1,"time_base_den":1000000000,"lifecycle":1,"deleted":false,"binding_present":true,"binding_valid":true,"available_for_selection":true}],"decoded":{"namespace_valid":true,"range_comparable":true,"incomplete":false,"frames_truncated":false,"frame_count":572,"relevant_count":46,"identity_matched":46,"identity_rejected":0,"generation_mismatch":0,"pts_mismatch":0,"duration_invalid":0,"minimum_pts_ns":"16233333333","maximum_pts_ns":"17733333333","maximum_valid_end_ns":"17766666666"},"slice_state_counts":[13,2,0,0,0,0],"reason_counts":[0,2,0,0,13,0,0,0,0,0],"unknown_ranges":[{"start_ns":"16666666666","end_ns":"16666666667","reason":1},{"start_ns":"16666666666","end_ns":"17750000000","reason":1}]}
[selection-attempt] {"reference_sha256":"0a5f0514de2e597a48654a71469a16a0dbb5b027a9189a389fe4af3f7c861718","attempt":4,"attempt_limit":121,"elapsed_ms":"4966","wait_ms":"60000","deadline_exhausted":false,"attempt_exhausted":false,"selection_complete":false,"expanded_start_ns":"16250000000","expanded_end_ns":"17750000000","source_count":1,"unknown_count":2,"sources_truncated":false,"unknown_truncated":false,"sources":[{"segment_id_sha256":"69cbac98dda383b28626252a1b03ad1879b05e05cbe6905e481a3d8584cb7642","media_epoch_id_sha256":"764723bea1c6296f50bc93521896f5339592ae7246d95b3d41b505360b21ac7a","source_generation_sha256":"2273e5c0f438c3f104849a2c3c516214813e50093f8aa6899fc5e4cac03d435e","track_id_sha256":"f2ff69f8f2b94e05c2d2b92bbafc41e9782b04757ea0f13533ba97acb9b8fe7c","generation_order":"1","start_pts":"8333333333","end_pts":"16666666666","time_base_num":1,"time_base_den":1000000000,"lifecycle":1,"deleted":false,"binding_present":true,"binding_valid":true,"available_for_selection":true}],"decoded":{"namespace_valid":true,"range_comparable":true,"incomplete":false,"frames_truncated":false,"frame_count":600,"relevant_count":46,"identity_matched":46,"identity_rejected":0,"generation_mismatch":0,"pts_mismatch":0,"duration_invalid":0,"minimum_pts_ns":"16233333333","maximum_pts_ns":"17733333333","maximum_valid_end_ns":"17766666666"},"slice_state_counts":[13,2,0,0,0,0],"reason_counts":[0,2,0,0,13,0,0,0,0,0],"unknown_ranges":[{"start_ns":"16666666666","end_ns":"16666666667","reason":1},{"start_ns":"16666666666","end_ns":"17750000000","reason":1}]}
[selection-attempt] {"reference_sha256":"e43ed0eaad8f5d1714ac736716bc1f50d8afd88d7e14fa13d58e14ace839ab18","attempt":4,"attempt_limit":121,"elapsed_ms":"5001","wait_ms":"60000","deadline_exhausted":false,"attempt_exhausted":false,"selection_complete":false,"expanded_start_ns":"16250000000","expanded_end_ns":"17750000000","source_count":1,"unknown_count":2,"sources_truncated":false,"unknown_truncated":false,"sources":[{"segment_id_sha256":"69cbac98dda383b28626252a1b03ad1879b05e05cbe6905e481a3d8584cb7642","media_epoch_id_sha256":"764723bea1c6296f50bc93521896f5339592ae7246d95b3d41b505360b21ac7a","source_generation_sha256":"2273e5c0f438c3f104849a2c3c516214813e50093f8aa6899fc5e4cac03d435e","track_id_sha256":"f2ff69f8f2b94e05c2d2b92bbafc41e9782b04757ea0f13533ba97acb9b8fe7c","generation_order":"1","start_pts":"8333333333","end_pts":"16666666666","time_base_num":1,"time_base_den":1000000000,"lifecycle":1,"deleted":false,"binding_present":true,"binding_valid":true,"available_for_selection":true}],"decoded":{"namespace_valid":true,"range_comparable":true,"incomplete":false,"frames_truncated":false,"frame_count":600,"relevant_count":46,"identity_matched":46,"identity_rejected":0,"generation_mismatch":0,"pts_mismatch":0,"duration_invalid":0,"minimum_pts_ns":"16233333333","maximum_pts_ns":"17733333333","maximum_valid_end_ns":"17766666666"},"slice_state_counts":[13,2,0,0,0,0],"reason_counts":[0,2,0,0,13,0,0,0,0,0],"unknown_ranges":[{"start_ns":"16666666666","end_ns":"16666666667","reason":1},{"start_ns":"16666666666","end_ns":"17750000000","reason":1}]}
[selection-attempt] {"reference_sha256":"77891e632e1e1acd2f6038d184f0e5153b7ddf0ca43985a7d00004fc76eff150","attempt":5,"attempt_limit":121,"elapsed_ms":"5088","wait_ms":"60000","deadline_exhausted":false,"attempt_exhausted":false,"selection_complete":false,"expanded_start_ns":"16250000000","expanded_end_ns":"17750000000","source_count":1,"unknown_count":2,"sources_truncated":false,"unknown_truncated":false,"sources":[{"segment_id_sha256":"69cbac98dda383b28626252a1b03ad1879b05e05cbe6905e481a3d8584cb7642","media_epoch_id_sha256":"764723bea1c6296f50bc93521896f5339592ae7246d95b3d41b505360b21ac7a","source_generation_sha256":"2273e5c0f438c3f104849a2c3c516214813e50093f8aa6899fc5e4cac03d435e","track_id_sha256":"f2ff69f8f2b94e05c2d2b92bbafc41e9782b04757ea0f13533ba97acb9b8fe7c","generation_order":"1","start_pts":"8333333333","end_pts":"16666666666","time_base_num":1,"time_base_den":1000000000,"lifecycle":1,"deleted":false,"binding_present":true,"binding_valid":true,"available_for_selection":true}],"decoded":{"namespace_valid":true,"range_comparable":true,"incomplete":false,"frames_truncated":false,"frame_count":600,"relevant_count":46,"identity_matched":46,"identity_rejected":0,"generation_mismatch":0,"pts_mismatch":0,"duration_invalid":0,"minimum_pts_ns":"16233333333","maximum_pts_ns":"17733333333","maximum_valid_end_ns":"17766666666"},"slice_state_counts":[13,2,0,0,0,0],"reason_counts":[0,2,0,0,13,0,0,0,0,0],"unknown_ranges":[{"start_ns":"16666666666","end_ns":"16666666667","reason":1},{"start_ns":"16666666666","end_ns":"17750000000","reason":1}]}
[selection-attempt] {"reference_sha256":"67eb50672d821934528f7960f4db80c1c60ef09b9eff73baccb7b44e3b11245e","attempt":5,"attempt_limit":121,"elapsed_ms":"6317","wait_ms":"60000","deadline_exhausted":false,"attempt_exhausted":false,"selection_complete":false,"expanded_start_ns":"16250000000","expanded_end_ns":"17750000000","source_count":1,"unknown_count":2,"sources_truncated":false,"unknown_truncated":false,"sources":[{"segment_id_sha256":"69cbac98dda383b28626252a1b03ad1879b05e05cbe6905e481a3d8584cb7642","media_epoch_id_sha256":"764723bea1c6296f50bc93521896f5339592ae7246d95b3d41b505360b21ac7a","source_generation_sha256":"2273e5c0f438c3f104849a2c3c516214813e50093f8aa6899fc5e4cac03d435e","track_id_sha256":"f2ff69f8f2b94e05c2d2b92bbafc41e9782b04757ea0f13533ba97acb9b8fe7c","generation_order":"1","start_pts":"8333333333","end_pts":"16666666666","time_base_num":1,"time_base_den":1000000000,"lifecycle":1,"deleted":false,"binding_present":true,"binding_valid":true,"available_for_selection":true}],"decoded":{"namespace_valid":true,"range_comparable":true,"incomplete":false,"frames_truncated":false,"frame_count":616,"relevant_count":46,"identity_matched":46,"identity_rejected":0,"generation_mismatch":0,"pts_mismatch":0,"duration_invalid":0,"minimum_pts_ns":"16233333333","maximum_pts_ns":"17733333333","maximum_valid_end_ns":"17766666666"},"slice_state_counts":[13,2,0,0,0,0],"reason_counts":[0,2,0,0,13,0,0,0,0,0],"unknown_ranges":[{"start_ns":"16666666666","end_ns":"16666666667","reason":1},{"start_ns":"16666666666","end_ns":"17750000000","reason":1}]}
[selection-attempt] {"reference_sha256":"0a5f0514de2e597a48654a71469a16a0dbb5b027a9189a389fe4af3f7c861718","attempt":5,"attempt_limit":121,"elapsed_ms":"6325","wait_ms":"60000","deadline_exhausted":false,"attempt_exhausted":false,"selection_complete":false,"expanded_start_ns":"16250000000","expanded_end_ns":"17750000000","source_count":1,"unknown_count":2,"sources_truncated":false,"unknown_truncated":false,"sources":[{"segment_id_sha256":"69cbac98dda383b28626252a1b03ad1879b05e05cbe6905e481a3d8584cb7642","media_epoch_id_sha256":"764723bea1c6296f50bc93521896f5339592ae7246d95b3d41b505360b21ac7a","source_generation_sha256":"2273e5c0f438c3f104849a2c3c516214813e50093f8aa6899fc5e4cac03d435e","track_id_sha256":"f2ff69f8f2b94e05c2d2b92bbafc41e9782b04757ea0f13533ba97acb9b8fe7c","generation_order":"1","start_pts":"8333333333","end_pts":"16666666666","time_base_num":1,"time_base_den":1000000000,"lifecycle":1,"deleted":false,"binding_present":true,"binding_valid":true,"available_for_selection":true}],"decoded":{"namespace_valid":true,"range_comparable":true,"incomplete":false,"frames_truncated":false,"frame_count":640,"relevant_count":46,"identity_matched":46,"identity_rejected":0,"generation_mismatch":0,"pts_mismatch":0,"duration_invalid":0,"minimum_pts_ns":"16233333333","maximum_pts_ns":"17733333333","maximum_valid_end_ns":"17766666666"},"slice_state_counts":[13,2,0,0,0,0],"reason_counts":[0,2,0,0,13,0,0,0,0,0],"unknown_ranges":[{"start_ns":"16666666666","end_ns":"16666666667","reason":1},{"start_ns":"16666666666","end_ns":"17750000000","reason":1}]}
[selection-attempt] {"reference_sha256":"e43ed0eaad8f5d1714ac736716bc1f50d8afd88d7e14fa13d58e14ace839ab18","attempt":5,"attempt_limit":121,"elapsed_ms":"6360","wait_ms":"60000","deadline_exhausted":false,"attempt_exhausted":false,"selection_complete":false,"expanded_start_ns":"16250000000","expanded_end_ns":"17750000000","source_count":1,"unknown_count":2,"sources_truncated":false,"unknown_truncated":false,"sources":[{"segment_id_sha256":"69cbac98dda383b28626252a1b03ad1879b05e05cbe6905e481a3d8584cb7642","media_epoch_id_sha256":"764723bea1c6296f50bc93521896f5339592ae7246d95b3d41b505360b21ac7a","source_generation_sha256":"2273e5c0f438c3f104849a2c3c516214813e50093f8aa6899fc5e4cac03d435e","track_id_sha256":"f2ff69f8f2b94e05c2d2b92bbafc41e9782b04757ea0f13533ba97acb9b8fe7c","generation_order":"1","start_pts":"8333333333","end_pts":"16666666666","time_base_num":1,"time_base_den":1000000000,"lifecycle":1,"deleted":false,"binding_present":true,"binding_valid":true,"available_for_selection":true}],"decoded":{"namespace_valid":true,"range_comparable":true,"incomplete":false,"frames_truncated":false,"frame_count":640,"relevant_count":46,"identity_matched":46,"identity_rejected":0,"generation_mismatch":0,"pts_mismatch":0,"duration_invalid":0,"minimum_pts_ns":"16233333333","maximum_pts_ns":"17733333333","maximum_valid_end_ns":"17766666666"},"slice_state_counts":[13,2,0,0,0,0],"reason_counts":[0,2,0,0,13,0,0,0,0,0],"unknown_ranges":[{"start_ns":"16666666666","end_ns":"16666666667","reason":1},{"start_ns":"16666666666","end_ns":"17750000000","reason":1}]}
[selection-attempt] {"reference_sha256":"77891e632e1e1acd2f6038d184f0e5153b7ddf0ca43985a7d00004fc76eff150","attempt":6,"attempt_limit":121,"elapsed_ms":"6445","wait_ms":"60000","deadline_exhausted":false,"attempt_exhausted":false,"selection_complete":false,"expanded_start_ns":"16250000000","expanded_end_ns":"17750000000","source_count":1,"unknown_count":2,"sources_truncated":false,"unknown_truncated":false,"sources":[{"segment_id_sha256":"69cbac98dda383b28626252a1b03ad1879b05e05cbe6905e481a3d8584cb7642","media_epoch_id_sha256":"764723bea1c6296f50bc93521896f5339592ae7246d95b3d41b505360b21ac7a","source_generation_sha256":"2273e5c0f438c3f104849a2c3c516214813e50093f8aa6899fc5e4cac03d435e","track_id_sha256":"f2ff69f8f2b94e05c2d2b92bbafc41e9782b04757ea0f13533ba97acb9b8fe7c","generation_order":"1","start_pts":"8333333333","end_pts":"16666666666","time_base_num":1,"time_base_den":1000000000,"lifecycle":1,"deleted":false,"binding_present":true,"binding_valid":true,"available_for_selection":true}],"decoded":{"namespace_valid":true,"range_comparable":true,"incomplete":false,"frames_truncated":false,"frame_count":640,"relevant_count":46,"identity_matched":46,"identity_rejected":0,"generation_mismatch":0,"pts_mismatch":0,"duration_invalid":0,"minimum_pts_ns":"16233333333","maximum_pts_ns":"17733333333","maximum_valid_end_ns":"17766666666"},"slice_state_counts":[13,2,0,0,0,0],"reason_counts":[0,2,0,0,13,0,0,0,0,0],"unknown_ranges":[{"start_ns":"16666666666","end_ns":"16666666667","reason":1},{"start_ns":"16666666666","end_ns":"17750000000","reason":1}]}
[selection-attempt] {"reference_sha256":"67eb50672d821934528f7960f4db80c1c60ef09b9eff73baccb7b44e3b11245e","attempt":6,"attempt_limit":121,"elapsed_ms":"7674","wait_ms":"60000","deadline_exhausted":false,"attempt_exhausted":false,"selection_complete":false,"expanded_start_ns":"16250000000","expanded_end_ns":"17750000000","source_count":1,"unknown_count":2,"sources_truncated":false,"unknown_truncated":false,"sources":[{"segment_id_sha256":"69cbac98dda383b28626252a1b03ad1879b05e05cbe6905e481a3d8584cb7642","media_epoch_id_sha256":"764723bea1c6296f50bc93521896f5339592ae7246d95b3d41b505360b21ac7a","source_generation_sha256":"2273e5c0f438c3f104849a2c3c516214813e50093f8aa6899fc5e4cac03d435e","track_id_sha256":"f2ff69f8f2b94e05c2d2b92bbafc41e9782b04757ea0f13533ba97acb9b8fe7c","generation_order":"1","start_pts":"8333333333","end_pts":"16666666666","time_base_num":1,"time_base_den":1000000000,"lifecycle":1,"deleted":false,"binding_present":true,"binding_valid":true,"available_for_selection":true}],"decoded":{"namespace_valid":true,"range_comparable":true,"incomplete":false,"frames_truncated":false,"frame_count":652,"relevant_count":46,"identity_matched":46,"identity_rejected":0,"generation_mismatch":0,"pts_mismatch":0,"duration_invalid":0,"minimum_pts_ns":"16233333333","maximum_pts_ns":"17733333333","maximum_valid_end_ns":"17766666666"},"slice_state_counts":[13,2,0,0,0,0],"reason_counts":[0,2,0,0,13,0,0,0,0,0],"unknown_ranges":[{"start_ns":"16666666666","end_ns":"16666666667","reason":1},{"start_ns":"16666666666","end_ns":"17750000000","reason":1}]}
[selection-attempt] {"reference_sha256":"0a5f0514de2e597a48654a71469a16a0dbb5b027a9189a389fe4af3f7c861718","attempt":6,"attempt_limit":121,"elapsed_ms":"7683","wait_ms":"60000","deadline_exhausted":false,"attempt_exhausted":false,"selection_complete":false,"expanded_start_ns":"16250000000","expanded_end_ns":"17750000000","source_count":1,"unknown_count":2,"sources_truncated":false,"unknown_truncated":false,"sources":[{"segment_id_sha256":"69cbac98dda383b28626252a1b03ad1879b05e05cbe6905e481a3d8584cb7642","media_epoch_id_sha256":"764723bea1c6296f50bc93521896f5339592ae7246d95b3d41b505360b21ac7a","source_generation_sha256":"2273e5c0f438c3f104849a2c3c516214813e50093f8aa6899fc5e4cac03d435e","track_id_sha256":"f2ff69f8f2b94e05c2d2b92bbafc41e9782b04757ea0f13533ba97acb9b8fe7c","generation_order":"1","start_pts":"8333333333","end_pts":"16666666666","time_base_num":1,"time_base_den":1000000000,"lifecycle":1,"deleted":false,"binding_present":true,"binding_valid":true,"available_for_selection":true}],"decoded":{"namespace_valid":true,"range_comparable":true,"incomplete":false,"frames_truncated":false,"frame_count":681,"relevant_count":46,"identity_matched":46,"identity_rejected":0,"generation_mismatch":0,"pts_mismatch":0,"duration_invalid":0,"minimum_pts_ns":"16233333333","maximum_pts_ns":"17733333333","maximum_valid_end_ns":"17766666666"},"slice_state_counts":[13,2,0,0,0,0],"reason_counts":[0,2,0,0,13,0,0,0,0,0],"unknown_ranges":[{"start_ns":"16666666666","end_ns":"16666666667","reason":1},{"start_ns":"16666666666","end_ns":"17750000000","reason":1}]}
[selection-attempt] {"reference_sha256":"e43ed0eaad8f5d1714ac736716bc1f50d8afd88d7e14fa13d58e14ace839ab18","attempt":6,"attempt_limit":121,"elapsed_ms":"7720","wait_ms":"60000","deadline_exhausted":false,"attempt_exhausted":false,"selection_complete":false,"expanded_start_ns":"16250000000","expanded_end_ns":"17750000000","source_count":1,"unknown_count":2,"sources_truncated":false,"unknown_truncated":false,"sources":[{"segment_id_sha256":"69cbac98dda383b28626252a1b03ad1879b05e05cbe6905e481a3d8584cb7642","media_epoch_id_sha256":"764723bea1c6296f50bc93521896f5339592ae7246d95b3d41b505360b21ac7a","source_generation_sha256":"2273e5c0f438c3f104849a2c3c516214813e50093f8aa6899fc5e4cac03d435e","track_id_sha256":"f2ff69f8f2b94e05c2d2b92bbafc41e9782b04757ea0f13533ba97acb9b8fe7c","generation_order":"1","start_pts":"8333333333","end_pts":"16666666666","time_base_num":1,"time_base_den":1000000000,"lifecycle":1,"deleted":false,"binding_present":true,"binding_valid":true,"available_for_selection":true}],"decoded":{"namespace_valid":true,"range_comparable":true,"incomplete":false,"frames_truncated":false,"frame_count":681,"relevant_count":46,"identity_matched":46,"identity_rejected":0,"generation_mismatch":0,"pts_mismatch":0,"duration_invalid":0,"minimum_pts_ns":"16233333333","maximum_pts_ns":"17733333333","maximum_valid_end_ns":"17766666666"},"slice_state_counts":[13,2,0,0,0,0],"reason_counts":[0,2,0,0,13,0,0,0,0,0],"unknown_ranges":[{"start_ns":"16666666666","end_ns":"16666666667","reason":1},{"start_ns":"16666666666","end_ns":"17750000000","reason":1}]}
[selection-attempt] {"reference_sha256":"77891e632e1e1acd2f6038d184f0e5153b7ddf0ca43985a7d00004fc76eff150","attempt":7,"attempt_limit":121,"elapsed_ms":"7822","wait_ms":"60000","deadline_exhausted":false,"attempt_exhausted":false,"selection_complete":false,"expanded_start_ns":"16250000000","expanded_end_ns":"17750000000","source_count":1,"unknown_count":2,"sources_truncated":false,"unknown_truncated":false,"sources":[{"segment_id_sha256":"69cbac98dda383b28626252a1b03ad1879b05e05cbe6905e481a3d8584cb7642","media_epoch_id_sha256":"764723bea1c6296f50bc93521896f5339592ae7246d95b3d41b505360b21ac7a","source_generation_sha256":"2273e5c0f438c3f104849a2c3c516214813e50093f8aa6899fc5e4cac03d435e","track_id_sha256":"f2ff69f8f2b94e05c2d2b92bbafc41e9782b04757ea0f13533ba97acb9b8fe7c","generation_order":"1","start_pts":"8333333333","end_pts":"16666666666","time_base_num":1,"time_base_den":1000000000,"lifecycle":1,"deleted":false,"binding_present":true,"binding_valid":true,"available_for_selection":true}],"decoded":{"namespace_valid":true,"range_comparable":true,"incomplete":false,"frames_truncated":false,"frame_count":681,"relevant_count":46,"identity_matched":46,"identity_rejected":0,"generation_mismatch":0,"pts_mismatch":0,"duration_invalid":0,"minimum_pts_ns":"16233333333","maximum_pts_ns":"17733333333","maximum_valid_end_ns":"17766666666"},"slice_state_counts":[13,2,0,0,0,0],"reason_counts":[0,2,0,0,13,0,0,0,0,0],"unknown_ranges":[{"start_ns":"16666666666","end_ns":"16666666667","reason":1},{"start_ns":"16666666666","end_ns":"17750000000","reason":1}]}
[selection-attempt] {"reference_sha256":"67eb50672d821934528f7960f4db80c1c60ef09b9eff73baccb7b44e3b11245e","attempt":7,"attempt_limit":9,"elapsed_ms":"9129","wait_ms":"3750","deadline_exhausted":true,"attempt_exhausted":false,"selection_complete":true,"expanded_start_ns":"16250000000","expanded_end_ns":"17750000000","source_count":2,"unknown_count":0,"sources_truncated":false,"unknown_truncated":false,"sources":[{"segment_id_sha256":"69cbac98dda383b28626252a1b03ad1879b05e05cbe6905e481a3d8584cb7642","media_epoch_id_sha256":"764723bea1c6296f50bc93521896f5339592ae7246d95b3d41b505360b21ac7a","source_generation_sha256":"2273e5c0f438c3f104849a2c3c516214813e50093f8aa6899fc5e4cac03d435e","track_id_sha256":"f2ff69f8f2b94e05c2d2b92bbafc41e9782b04757ea0f13533ba97acb9b8fe7c","generation_order":"1","start_pts":"8333333333","end_pts":"16666666666","time_base_num":1,"time_base_den":1000000000,"lifecycle":1,"deleted":false,"binding_present":true,"binding_valid":true,"available_for_selection":true},{"segment_id_sha256":"718d1bbee4983be6c68e16311be2e2eea17b8ec9da0d54e727be0f5fe88acae0","media_epoch_id_sha256":"764723bea1c6296f50bc93521896f5339592ae7246d95b3d41b505360b21ac7a","source_generation_sha256":"2273e5c0f438c3f104849a2c3c516214813e50093f8aa6899fc5e4cac03d435e","track_id_sha256":"f2ff69f8f2b94e05c2d2b92bbafc41e9782b04757ea0f13533ba97acb9b8fe7c","generation_order":"1","start_pts":"16666666666","end_pts":"24999999999","time_base_num":1,"time_base_den":1000000000,"lifecycle":1,"deleted":false,"binding_present":true,"binding_valid":true,"available_for_selection":true}],"decoded":{"namespace_valid":true,"range_comparable":true,"incomplete":false,"frames_truncated":false,"frame_count":697,"relevant_count":46,"identity_matched":46,"identity_rejected":0,"generation_mismatch":0,"pts_mismatch":0,"duration_invalid":0,"minimum_pts_ns":"16233333333","maximum_pts_ns":"17733333333","maximum_valid_end_ns":"17766666666"},"slice_state_counts":[47,0,0,0,0,0],"reason_counts":[0,0,0,0,47,0,0,0,0,0],"unknown_ranges":[]}
[selection-attempt] {"reference_sha256":"0a5f0514de2e597a48654a71469a16a0dbb5b027a9189a389fe4af3f7c861718","attempt":7,"attempt_limit":9,"elapsed_ms":"9887","wait_ms":"3750","deadline_exhausted":true,"attempt_exhausted":false,"selection_complete":true,"expanded_start_ns":"16250000000","expanded_end_ns":"17750000000","source_count":2,"unknown_count":0,"sources_truncated":false,"unknown_truncated":false,"sources":[{"segment_id_sha256":"69cbac98dda383b28626252a1b03ad1879b05e05cbe6905e481a3d8584cb7642","media_epoch_id_sha256":"764723bea1c6296f50bc93521896f5339592ae7246d95b3d41b505360b21ac7a","source_generation_sha256":"2273e5c0f438c3f104849a2c3c516214813e50093f8aa6899fc5e4cac03d435e","track_id_sha256":"f2ff69f8f2b94e05c2d2b92bbafc41e9782b04757ea0f13533ba97acb9b8fe7c","generation_order":"1","start_pts":"8333333333","end_pts":"16666666666","time_base_num":1,"time_base_den":1000000000,"lifecycle":1,"deleted":false,"binding_present":true,"binding_valid":true,"available_for_selection":true},{"segment_id_sha256":"718d1bbee4983be6c68e16311be2e2eea17b8ec9da0d54e727be0f5fe88acae0","media_epoch_id_sha256":"764723bea1c6296f50bc93521896f5339592ae7246d95b3d41b505360b21ac7a","source_generation_sha256":"2273e5c0f438c3f104849a2c3c516214813e50093f8aa6899fc5e4cac03d435e","track_id_sha256":"f2ff69f8f2b94e05c2d2b92bbafc41e9782b04757ea0f13533ba97acb9b8fe7c","generation_order":"1","start_pts":"16666666666","end_pts":"24999999999","time_base_num":1,"time_base_den":1000000000,"lifecycle":1,"deleted":false,"binding_present":true,"binding_valid":true,"available_for_selection":true}],"decoded":{"namespace_valid":true,"range_comparable":true,"incomplete":false,"frames_truncated":false,"frame_count":733,"relevant_count":46,"identity_matched":46,"identity_rejected":0,"generation_mismatch":0,"pts_mismatch":0,"duration_invalid":0,"minimum_pts_ns":"16233333333","maximum_pts_ns":"17733333333","maximum_valid_end_ns":"17766666666"},"slice_state_counts":[47,0,0,0,0,0],"reason_counts":[0,0,0,0,47,0,0,0,0,0],"unknown_ranges":[]}
[selection-attempt] {"reference_sha256":"e43ed0eaad8f5d1714ac736716bc1f50d8afd88d7e14fa13d58e14ace839ab18","attempt":7,"attempt_limit":9,"elapsed_ms":"11195","wait_ms":"3750","deadline_exhausted":true,"attempt_exhausted":false,"selection_complete":true,"expanded_start_ns":"16250000000","expanded_end_ns":"17750000000","source_count":2,"unknown_count":0,"sources_truncated":false,"unknown_truncated":false,"sources":[{"segment_id_sha256":"69cbac98dda383b28626252a1b03ad1879b05e05cbe6905e481a3d8584cb7642","media_epoch_id_sha256":"764723bea1c6296f50bc93521896f5339592ae7246d95b3d41b505360b21ac7a","source_generation_sha256":"2273e5c0f438c3f104849a2c3c516214813e50093f8aa6899fc5e4cac03d435e","track_id_sha256":"f2ff69f8f2b94e05c2d2b92bbafc41e9782b04757ea0f13533ba97acb9b8fe7c","generation_order":"1","start_pts":"8333333333","end_pts":"16666666666","time_base_num":1,"time_base_den":1000000000,"lifecycle":1,"deleted":false,"binding_present":true,"binding_valid":true,"available_for_selection":true},{"segment_id_sha256":"718d1bbee4983be6c68e16311be2e2eea17b8ec9da0d54e727be0f5fe88acae0","media_epoch_id_sha256":"764723bea1c6296f50bc93521896f5339592ae7246d95b3d41b505360b21ac7a","source_generation_sha256":"2273e5c0f438c3f104849a2c3c516214813e50093f8aa6899fc5e4cac03d435e","track_id_sha256":"f2ff69f8f2b94e05c2d2b92bbafc41e9782b04757ea0f13533ba97acb9b8fe7c","generation_order":"1","start_pts":"16666666666","end_pts":"24999999999","time_base_num":1,"time_base_den":1000000000,"lifecycle":1,"deleted":false,"binding_present":true,"binding_valid":true,"available_for_selection":true}],"decoded":{"namespace_valid":true,"range_comparable":true,"incomplete":false,"frames_truncated":false,"frame_count":785,"relevant_count":46,"identity_matched":46,"identity_rejected":0,"generation_mismatch":0,"pts_mismatch":0,"duration_invalid":0,"minimum_pts_ns":"16233333333","maximum_pts_ns":"17733333333","maximum_valid_end_ns":"17766666666"},"slice_state_counts":[47,0,0,0,0,0],"reason_counts":[0,0,0,0,47,0,0,0,0,0],"unknown_ranges":[]}
[selection-attempt] {"reference_sha256":"77891e632e1e1acd2f6038d184f0e5153b7ddf0ca43985a7d00004fc76eff150","attempt":8,"attempt_limit":9,"elapsed_ms":"11607","wait_ms":"3750","deadline_exhausted":true,"attempt_exhausted":false,"selection_complete":true,"expanded_start_ns":"16250000000","expanded_end_ns":"17750000000","source_count":2,"unknown_count":0,"sources_truncated":false,"unknown_truncated":false,"sources":[{"segment_id_sha256":"69cbac98dda383b28626252a1b03ad1879b05e05cbe6905e481a3d8584cb7642","media_epoch_id_sha256":"764723bea1c6296f50bc93521896f5339592ae7246d95b3d41b505360b21ac7a","source_generation_sha256":"2273e5c0f438c3f104849a2c3c516214813e50093f8aa6899fc5e4cac03d435e","track_id_sha256":"f2ff69f8f2b94e05c2d2b92bbafc41e9782b04757ea0f13533ba97acb9b8fe7c","generation_order":"1","start_pts":"8333333333","end_pts":"16666666666","time_base_num":1,"time_base_den":1000000000,"lifecycle":1,"deleted":false,"binding_present":true,"binding_valid":true,"available_for_selection":true},{"segment_id_sha256":"718d1bbee4983be6c68e16311be2e2eea17b8ec9da0d54e727be0f5fe88acae0","media_epoch_id_sha256":"764723bea1c6296f50bc93521896f5339592ae7246d95b3d41b505360b21ac7a","source_generation_sha256":"2273e5c0f438c3f104849a2c3c516214813e50093f8aa6899fc5e4cac03d435e","track_id_sha256":"f2ff69f8f2b94e05c2d2b92bbafc41e9782b04757ea0f13533ba97acb9b8fe7c","generation_order":"1","start_pts":"16666666666","end_pts":"24999999999","time_base_num":1,"time_base_den":1000000000,"lifecycle":1,"deleted":false,"binding_present":true,"binding_valid":true,"available_for_selection":true}],"decoded":{"namespace_valid":true,"range_comparable":true,"incomplete":false,"frames_truncated":false,"frame_count":793,"relevant_count":46,"identity_matched":46,"identity_rejected":0,"generation_mismatch":0,"pts_mismatch":0,"duration_invalid":0,"minimum_pts_ns":"16233333333","maximum_pts_ns":"17733333333","maximum_valid_end_ns":"17766666666"},"slice_state_counts":[47,0,0,0,0,0],"reason_counts":[0,0,0,0,47,0,0,0,0,0],"unknown_ranges":[]}
[selection-observation-status] {"referenceSha256":"77891e632e1e1acd2f6038d184f0e5153b7ddf0ca43985a7d00004fc76eff150","attempts":8,"status":"terminal-observed"}
[completion-event] {"processOrdinal":1,"v":1,"event":10,"begin":"1240110250","end":"1240111417","thread":4,"request":1,"reference":null,"job":null,"n":0,"x":0,"y":0}
[completion-event] {"processOrdinal":1,"v":1,"event":11,"begin":"1240111417","end":"1240114333","thread":4,"request":1,"reference":null,"job":null,"n":0,"x":0,"y":0}
[completion-event] {"processOrdinal":1,"v":1,"event":12,"begin":"1240114333","end":"1240116583","thread":4,"request":1,"reference":null,"job":null,"n":0,"x":0,"y":0}
[completion-event] {"processOrdinal":1,"v":1,"event":13,"begin":"1240116583","end":"1240118583","thread":4,"request":1,"reference":null,"job":null,"n":0,"x":0,"y":100}
[completion-event] {"processOrdinal":1,"v":1,"event":10,"begin":"1345618250","end":"1345618375","thread":5,"request":2,"reference":null,"job":null,"n":0,"x":0,"y":0}
[completion-event] {"processOrdinal":1,"v":1,"event":11,"begin":"1345618375","end":"1345620792","thread":5,"request":2,"reference":null,"job":null,"n":0,"x":0,"y":0}
[completion-event] {"processOrdinal":1,"v":1,"event":12,"begin":"1345620792","end":"1345622042","thread":5,"request":2,"reference":null,"job":null,"n":0,"x":0,"y":0}
[completion-event] {"processOrdinal":1,"v":1,"event":13,"begin":"1345622042","end":"1345623292","thread":5,"request":2,"reference":null,"job":null,"n":0,"x":0,"y":100}
[completion-event] {"processOrdinal":1,"v":1,"event":10,"begin":"1449206625","end":"1449206792","thread":7,"request":3,"reference":null,"job":null,"n":0,"x":0,"y":0}
[completion-event] {"processOrdinal":1,"v":1,"event":11,"begin":"1449206792","end":"1449208500","thread":7,"request":3,"reference":null,"job":null,"n":0,"x":0,"y":0}
[completion-event] {"processOrdinal":1,"v":1,"event":12,"begin":"1449208500","end":"1449209583","thread":7,"request":3,"reference":null,"job":null,"n":0,"x":0,"y":0}
[completion-event] {"processOrdinal":1,"v":1,"event":13,"begin":"1449209583","end":"1449210500","thread":7,"request":3,"reference":null,"job":null,"n":0,"x":0,"y":100}
[completion-event] {"processOrdinal":1,"v":1,"event":10,"begin":"1554318417","end":"1554318625","thread":8,"request":4,"reference":null,"job":null,"n":0,"x":0,"y":0}
[completion-event] {"processOrdinal":1,"v":1,"event":11,"begin":"1554318625","end":"1554320542","thread":8,"request":4,"reference":null,"job":null,"n":0,"x":0,"y":0}
[completion-event] {"processOrdinal":1,"v":1,"event":12,"begin":"1554320542","end":"1554321625","thread":8,"request":4,"reference":null,"job":null,"n":0,"x":0,"y":0}
[completion-event] {"processOrdinal":1,"v":1,"event":13,"begin":"1554321625","end":"1554322583","thread":8,"request":4,"reference":null,"job":null,"n":0,"x":0,"y":100}
[completion-event] {"processOrdinal":1,"v":1,"event":10,"begin":"1659141292","end":"1659141417","thread":9,"request":5,"reference":null,"job":null,"n":0,"x":0,"y":0}
[completion-event] {"processOrdinal":1,"v":1,"event":11,"begin":"1659141417","end":"1659143250","thread":9,"request":5,"reference":null,"job":null,"n":0,"x":0,"y":0}
[completion-event] {"processOrdinal":1,"v":1,"event":12,"begin":"1659143250","end":"1659144458","thread":9,"request":5,"reference":null,"job":null,"n":0,"x":0,"y":0}
[completion-event] {"processOrdinal":1,"v":1,"event":13,"begin":"1659144458","end":"1659145250","thread":9,"request":5,"reference":null,"job":null,"n":0,"x":0,"y":100}
[completion-event] {"processOrdinal":1,"v":1,"event":10,"begin":"1764557792","end":"1764558042","thread":10,"request":6,"reference":null,"job":null,"n":0,"x":0,"y":0}
[completion-event] {"processOrdinal":1,"v":1,"event":11,"begin":"1764558042","end":"1764560083","thread":10,"request":6,"reference":null,"job":null,"n":0,"x":0,"y":0}
[completion-event] {"processOrdinal":1,"v":1,"event":12,"begin":"1764560083","end":"1764561500","thread":10,"request":6,"reference":null,"job":null,"n":0,"x":0,"y":0}
[completion-event] {"processOrdinal":1,"v":1,"event":13,"begin":"1764561500","end":"1764562708","thread":10,"request":6,"reference":null,"job":null,"n":0,"x":0,"y":100}
[completion-event] {"processOrdinal":1,"v":1,"event":10,"begin":"1868554333","end":"1868554500","thread":11,"request":7,"reference":null,"job":null,"n":0,"x":0,"y":0}
[completion-event] {"processOrdinal":1,"v":1,"event":11,"begin":"1868554500","end":"1868556750","thread":11,"request":7,"reference":null,"job":null,"n":0,"x":0,"y":0}
[completion-event] {"processOrdinal":1,"v":1,"event":12,"begin":"1868556750","end":"1868558000","thread":11,"request":7,"reference":null,"job":null,"n":0,"x":0,"y":0}
[completion-event] {"processOrdinal":1,"v":1,"event":13,"begin":"1868558000","end":"1868559208","thread":11,"request":7,"reference":null,"job":null,"n":0,"x":0,"y":100}
[completion-event] {"processOrdinal":1,"v":1,"event":10,"begin":"1973660542","end":"1973660708","thread":12,"request":8,"reference":null,"job":null,"n":0,"x":0,"y":0}
[completion-event] {"processOrdinal":1,"v":1,"event":11,"begin":"1973660708","end":"1973662792","thread":12,"request":8,"reference":null,"job":null,"n":0,"x":0,"y":0}
[completion-event] {"processOrdinal":1,"v":1,"event":12,"begin":"1973662792","end":"1973663917","thread":12,"request":8,"reference":null,"job":null,"n":0,"x":0,"y":0}
[completion-event] {"processOrdinal":1,"v":1,"event":13,"begin":"1973663917","end":"1973665083","thread":12,"request":8,"reference":null,"job":null,"n":0,"x":0,"y":100}
[completion-event] {"processOrdinal":1,"v":1,"event":10,"begin":"2078490708","end":"2078490875","thread":13,"request":9,"reference":null,"job":null,"n":0,"x":0,"y":0}
[completion-event] {"processOrdinal":1,"v":1,"event":11,"begin":"2078490875","end":"2078493000","thread":13,"request":9,"reference":null,"job":null,"n":0,"x":0,"y":0}
[completion-event] {"processOrdinal":1,"v":1,"event":12,"begin":"2078493000","end":"2078494375","thread":13,"request":9,"reference":null,"job":null,"n":0,"x":0,"y":0}
[completion-event] {"processOrdinal":1,"v":1,"event":13,"begin":"2078494375","end":"2078495375","thread":13,"request":9,"reference":null,"job":null,"n":0,"x":0,"y":100}
[completion-event] {"processOrdinal":1,"v":1,"event":10,"begin":"2183267792","end":"2183267875","thread":14,"request":10,"reference":null,"job":null,"n":0,"x":0,"y":0}
[completion-event] {"processOrdinal":1,"v":1,"event":11,"begin":"2183267875","end":"2183269625","thread":14,"request":10,"reference":null,"job":null,"n":0,"x":0,"y":0}
[completion-event] {"processOrdinal":1,"v":1,"event":12,"begin":"2183269625","end":"2183270958","thread":14,"request":10,"reference":null,"job":null,"n":0,"x":0,"y":0}
[completion-event] {"processOrdinal":1,"v":1,"event":13,"begin":"2183270958","end":"2183272000","thread":14,"request":10,"reference":null,"job":null,"n":0,"x":0,"y":100}
[completion-event] {"processOrdinal":1,"v":1,"event":10,"begin":"2288500083","end":"2288500292","thread":15,"request":11,"reference":null,"job":null,"n":0,"x":0,"y":0}
[completion-event] {"processOrdinal":1,"v":1,"event":11,"begin":"2288500292","end":"2288501792","thread":15,"request":11,"reference":null,"job":null,"n":0,"x":0,"y":0}
[completion-event] {"processOrdinal":1,"v":1,"event":12,"begin":"2288501792","end":"2288503000","thread":15,"request":11,"reference":null,"job":null,"n":0,"x":0,"y":0}
[completion-event] {"processOrdinal":1,"v":1,"event":13,"begin":"2288503000","end":"2288503917","thread":15,"request":11,"reference":null,"job":null,"n":0,"x":0,"y":100}
[completion-event] {"processOrdinal":1,"v":1,"event":10,"begin":"2393599792","end":"2393599958","thread":16,"request":12,"reference":null,"job":null,"n":0,"x":0,"y":0}
[completion-event] {"processOrdinal":1,"v":1,"event":11,"begin":"2393599958","end":"2393602250","thread":16,"request":12,"reference":null,"job":null,"n":0,"x":0,"y":0}
[completion-event] {"processOrdinal":1,"v":1,"event":12,"begin":"2393602250","end":"2393603625","thread":16,"request":12,"reference":null,"job":null,"n":0,"x":0,"y":0}
[completion-event] {"processOrdinal":1,"v":1,"event":13,"begin":"2393603625","end":"2393604750","thread":16,"request":12,"reference":null,"job":null,"n":0,"x":0,"y":100}
[completion-event] {"processOrdinal":1,"v":1,"event":10,"begin":"2498668625","end":"2498668833","thread":17,"request":13,"reference":null,"job":null,"n":0,"x":0,"y":0}
[completion-event] {"processOrdinal":1,"v":1,"event":11,"begin":"2498668833","end":"2498670917","thread":17,"request":13,"reference":null,"job":null,"n":0,"x":0,"y":0}
[completion-event] {"processOrdinal":1,"v":1,"event":12,"begin":"2498670917","end":"2498672292","thread":17,"request":13,"reference":null,"job":null,"n":0,"x":0,"y":0}
[completion-event] {"processOrdinal":1,"v":1,"event":13,"begin":"2498672292","end":"2498673417","thread":17,"request":13,"reference":null,"job":null,"n":0,"x":0,"y":100}
[completion-event] {"processOrdinal":1,"v":1,"event":10,"begin":"2601774667","end":"2601774875","thread":18,"request":14,"reference":null,"job":null,"n":0,"x":0,"y":0}
[completion-event] {"processOrdinal":1,"v":1,"event":11,"begin":"2601774875","end":"2601776875","thread":18,"request":14,"reference":null,"job":null,"n":0,"x":0,"y":0}
[completion-event] {"processOrdinal":1,"v":1,"event":12,"begin":"2601776875","end":"2601778042","thread":18,"request":14,"reference":null,"job":null,"n":0,"x":0,"y":0}
[completion-event] {"processOrdinal":1,"v":1,"event":13,"begin":"2601778042","end":"2601779375","thread":18,"request":14,"reference":null,"job":null,"n":0,"x":0,"y":100}
[completion-event] {"processOrdinal":1,"v":1,"event":10,"begin":"2705701875","end":"2705702042","thread":19,"request":15,"reference":null,"job":null,"n":0,"x":0,"y":0}
[completion-event] {"processOrdinal":1,"v":1,"event":11,"begin":"2705702042","end":"2705703875","thread":19,"request":15,"reference":null,"job":null,"n":0,"x":0,"y":0}
[completion-event] {"processOrdinal":1,"v":1,"event":12,"begin":"2705703875","end":"2705705083","thread":19,"request":15,"reference":null,"job":null,"n":0,"x":0,"y":0}
[completion-event] {"processOrdinal":1,"v":1,"event":13,"begin":"2705705083","end":"2705706208","thread":19,"request":15,"reference":null,"job":null,"n":0,"x":0,"y":100}
[completion-event] {"processOrdinal":1,"v":1,"event":10,"begin":"2810608875","end":"2810609042","thread":20,"request":16,"reference":null,"job":null,"n":0,"x":0,"y":0}
[completion-event] {"processOrdinal":1,"v":1,"event":11,"begin":"2810609042","end":"2810611208","thread":20,"request":16,"reference":null,"job":null,"n":0,"x":0,"y":0}
[completion-event] {"processOrdinal":1,"v":1,"event":12,"begin":"2810611208","end":"2810612458","thread":20,"request":16,"reference":null,"job":null,"n":0,"x":0,"y":0}
[completion-event] {"processOrdinal":1,"v":1,"event":13,"begin":"2810612458","end":"2810613625","thread":20,"request":16,"reference":null,"job":null,"n":0,"x":0,"y":100}
[completion-event] {"processOrdinal":1,"v":1,"event":10,"begin":"2915411583","end":"2915411792","thread":21,"request":17,"reference":null,"job":null,"n":0,"x":0,"y":0}
[completion-event] {"processOrdinal":1,"v":1,"event":11,"begin":"2915411792","end":"2915413958","thread":21,"request":17,"reference":null,"job":null,"n":0,"x":0,"y":0}
[completion-event] {"processOrdinal":1,"v":1,"event":12,"begin":"2915413958","end":"2915415167","thread":21,"request":17,"reference":null,"job":null,"n":0,"x":0,"y":0}
[completion-event] {"processOrdinal":1,"v":1,"event":13,"begin":"2915415167","end":"2915416417","thread":21,"request":17,"reference":null,"job":null,"n":0,"x":0,"y":100}
[completion-event] {"processOrdinal":1,"v":1,"event":10,"begin":"3018477750","end":"3018477917","thread":22,"request":18,"reference":null,"job":null,"n":0,"x":0,"y":0}
[completion-event] {"processOrdinal":1,"v":1,"event":11,"begin":"3018477917","end":"3018480083","thread":22,"request":18,"reference":null,"job":null,"n":0,"x":0,"y":0}
[completion-event] {"processOrdinal":1,"v":1,"event":12,"begin":"3018480083","end":"3018481250","thread":22,"request":18,"reference":null,"job":null,"n":0,"x":0,"y":0}
[completion-event] {"processOrdinal":1,"v":1,"event":13,"begin":"3018481250","end":"3018482250","thread":22,"request":18,"reference":null,"job":null,"n":0,"x":0,"y":100}
[completion-event] {"processOrdinal":1,"v":1,"event":10,"begin":"3122408958","end":"3122409167","thread":23,"request":19,"reference":null,"job":null,"n":0,"x":0,"y":0}
[completion-event] {"processOrdinal":1,"v":1,"event":11,"begin":"3122409167","end":"3122410792","thread":23,"request":19,"reference":null,"job":null,"n":0,"x":0,"y":0}
[completion-event] {"processOrdinal":1,"v":1,"event":12,"begin":"3122410792","end":"3122412000","thread":23,"request":19,"reference":null,"job":null,"n":0,"x":0,"y":0}
[completion-event] {"processOrdinal":1,"v":1,"event":13,"begin":"3122412000","end":"3122412917","thread":23,"request":19,"reference":null,"job":null,"n":0,"x":0,"y":100}
[completion-event] {"processOrdinal":1,"v":1,"event":10,"begin":"3226763042","end":"3226763208","thread":24,"request":20,"reference":null,"job":null,"n":0,"x":0,"y":0}
[completion-event] {"processOrdinal":1,"v":1,"event":11,"begin":"3226763208","end":"3226765167","thread":24,"request":20,"reference":null,"job":null,"n":0,"x":0,"y":0}
[completion-event] {"processOrdinal":1,"v":1,"event":12,"begin":"3226765167","end":"3226766292","thread":24,"request":20,"reference":null,"job":null,"n":0,"x":0,"y":0}
[completion-event] {"processOrdinal":1,"v":1,"event":13,"begin":"3226766292","end":"3226767375","thread":24,"request":20,"reference":null,"job":null,"n":0,"x":0,"y":100}
[completion-event] {"processOrdinal":1,"v":1,"event":10,"begin":"3332015208","end":"3332015375","thread":25,"request":21,"reference":null,"job":null,"n":0,"x":0,"y":0}
[completion-event] {"processOrdinal":1,"v":1,"event":11,"begin":"3332015375","end":"3332017250","thread":25,"request":21,"reference":null,"job":null,"n":0,"x":0,"y":0}
[completion-event] {"processOrdinal":1,"v":1,"event":12,"begin":"3332017250","end":"3332018375","thread":25,"request":21,"reference":null,"job":null,"n":0,"x":0,"y":0}
[completion-event] {"processOrdinal":1,"v":1,"event":13,"begin":"3332018375","end":"3332019583","thread":25,"request":21,"reference":null,"job":null,"n":0,"x":0,"y":100}
[completion-event] {"processOrdinal":1,"v":1,"event":10,"begin":"3437249708","end":"3437249875","thread":26,"request":22,"reference":null,"job":null,"n":0,"x":0,"y":0}
[completion-event] {"processOrdinal":1,"v":1,"event":11,"begin":"3437249875","end":"3437251625","thread":26,"request":22,"reference":null,"job":null,"n":0,"x":0,"y":0}
[completion-event] {"processOrdinal":1,"v":1,"event":12,"begin":"3437251625","end":"3437252833","thread":26,"request":22,"reference":null,"job":null,"n":0,"x":0,"y":0}
[completion-event] {"processOrdinal":1,"v":1,"event":13,"begin":"3437252833","end":"3437253750","thread":26,"request":22,"reference":null,"job":null,"n":0,"x":0,"y":100}
[completion-event] {"processOrdinal":1,"v":1,"event":10,"begin":"3542093833","end":"3542094125","thread":27,"request":23,"reference":null,"job":null,"n":0,"x":0,"y":0}
[completion-event] {"processOrdinal":1,"v":1,"event":11,"begin":"3542094125","end":"3542095958","thread":27,"request":23,"reference":null,"job":null,"n":0,"x":0,"y":0}
[completion-event] {"processOrdinal":1,"v":1,"event":12,"begin":"3542095958","end":"3542097125","thread":27,"request":23,"reference":null,"job":null,"n":0,"x":0,"y":0}
[completion-event] {"processOrdinal":1,"v":1,"event":13,"begin":"3542097125","end":"3542097958","thread":27,"request":23,"reference":null,"job":null,"n":0,"x":0,"y":100}
[completion-event] {"processOrdinal":1,"v":1,"event":10,"begin":"3646934542","end":"3646934750","thread":28,"request":24,"reference":null,"job":null,"n":0,"x":0,"y":0}
[completion-event] {"processOrdinal":1,"v":1,"event":11,"begin":"3646934750","end":"3646938000","thread":28,"request":24,"reference":null,"job":null,"n":0,"x":0,"y":0}
[completion-event] {"processOrdinal":1,"v":1,"event":12,"begin":"3646938000","end":"3646939750","thread":28,"request":24,"reference":null,"job":null,"n":0,"x":0,"y":0}
[completion-event] {"processOrdinal":1,"v":1,"event":13,"begin":"3646939750","end":"3646941125","thread":28,"request":24,"reference":null,"job":null,"n":0,"x":0,"y":100}
[completion-event] {"processOrdinal":1,"v":1,"event":10,"begin":"3751771625","end":"3751771792","thread":29,"request":25,"reference":null,"job":null,"n":0,"x":0,"y":0}
[completion-event] {"processOrdinal":1,"v":1,"event":11,"begin":"3751771792","end":"3751773792","thread":29,"request":25,"reference":null,"job":null,"n":0,"x":0,"y":0}
[completion-event] {"processOrdinal":1,"v":1,"event":12,"begin":"3751773792","end":"3751775042","thread":29,"request":25,"reference":null,"job":null,"n":0,"x":0,"y":0}
[completion-event] {"processOrdinal":1,"v":1,"event":13,"begin":"3751775042","end":"3751776417","thread":29,"request":25,"reference":null,"job":null,"n":0,"x":0,"y":100}
[completion-event] {"processOrdinal":1,"v":1,"event":10,"begin":"3856911458","end":"3856911625","thread":30,"request":26,"reference":null,"job":null,"n":0,"x":0,"y":0}
[completion-event] {"processOrdinal":1,"v":1,"event":11,"begin":"3856911625","end":"3856913625","thread":30,"request":26,"reference":null,"job":null,"n":0,"x":0,"y":0}
[completion-event] {"processOrdinal":1,"v":1,"event":12,"begin":"3856913625","end":"3856914875","thread":30,"request":26,"reference":null,"job":null,"n":0,"x":0,"y":0}
[completion-event] {"processOrdinal":1,"v":1,"event":13,"begin":"3856914875","end":"3856916167","thread":30,"request":26,"reference":null,"job":null,"n":0,"x":0,"y":100}
[completion-event] {"processOrdinal":1,"v":1,"event":10,"begin":"3960853875","end":"3960854042","thread":31,"request":27,"reference":null,"job":null,"n":0,"x":0,"y":0}
[completion-event] {"processOrdinal":1,"v":1,"event":11,"begin":"3960854042","end":"3960856125","thread":31,"request":27,"reference":null,"job":null,"n":0,"x":0,"y":0}
[completion-event] {"processOrdinal":1,"v":1,"event":12,"begin":"3960856125","end":"3960857458","thread":31,"request":27,"reference":null,"job":null,"n":0,"x":0,"y":0}
[completion-event] {"processOrdinal":1,"v":1,"event":13,"begin":"3960857458","end":"3960858625","thread":31,"request":27,"reference":null,"job":null,"n":0,"x":0,"y":100}
[completion-event] {"processOrdinal":1,"v":1,"event":10,"begin":"4065017792","end":"4065018042","thread":32,"request":28,"reference":null,"job":null,"n":0,"x":0,"y":0}
[completion-event] {"processOrdinal":1,"v":1,"event":11,"begin":"4065018042","end":"4065020167","thread":32,"request":28,"reference":null,"job":null,"n":0,"x":0,"y":0}
[completion-event] {"processOrdinal":1,"v":1,"event":12,"begin":"4065020167","end":"4065021375","thread":32,"request":28,"reference":null,"job":null,"n":0,"x":0,"y":0}
[completion-event] {"processOrdinal":1,"v":1,"event":13,"begin":"4065021375","end":"4065022583","thread":32,"request":28,"reference":null,"job":null,"n":0,"x":0,"y":100}
[completion-event] {"processOrdinal":1,"v":1,"event":10,"begin":"4168833083","end":"4168833333","thread":33,"request":29,"reference":null,"job":null,"n":0,"x":0,"y":0}
[completion-event] {"processOrdinal":1,"v":1,"event":11,"begin":"4168833333","end":"4168835375","thread":33,"request":29,"reference":null,"job":null,"n":0,"x":0,"y":0}
[completion-event] {"processOrdinal":1,"v":1,"event":12,"begin":"4168835375","end":"4168836625","thread":33,"request":29,"reference":null,"job":null,"n":0,"x":0,"y":0}
[completion-event] {"processOrdinal":1,"v":1,"event":13,"begin":"4168836625","end":"4168837833","thread":33,"request":29,"reference":null,"job":null,"n":0,"x":0,"y":100}
[completion-event] {"processOrdinal":1,"v":1,"event":10,"begin":"4273538375","end":"4273538542","thread":34,"request":30,"reference":null,"job":null,"n":0,"x":0,"y":0}
[completion-event] {"processOrdinal":1,"v":1,"event":11,"begin":"4273538542","end":"4273540500","thread":34,"request":30,"reference":null,"job":null,"n":0,"x":0,"y":0}
[completion-event] {"processOrdinal":1,"v":1,"event":12,"begin":"4273540500","end":"4273541750","thread":34,"request":30,"reference":null,"job":null,"n":0,"x":0,"y":0}
[completion-event] {"processOrdinal":1,"v":1,"event":13,"begin":"4273541750","end":"4273542708","thread":34,"request":30,"reference":null,"job":null,"n":0,"x":0,"y":100}
[completion-event] {"processOrdinal":1,"v":1,"event":10,"begin":"4378530375","end":"4378530583","thread":35,"request":31,"reference":null,"job":null,"n":0,"x":0,"y":0}
[completion-event] {"processOrdinal":1,"v":1,"event":11,"begin":"4378530583","end":"4378532625","thread":35,"request":31,"reference":null,"job":null,"n":0,"x":0,"y":0}
[completion-event] {"processOrdinal":1,"v":1,"event":12,"begin":"4378532625","end":"4378533750","thread":35,"request":31,"reference":null,"job":null,"n":0,"x":0,"y":0}
[completion-event] {"processOrdinal":1,"v":1,"event":13,"begin":"4378533750","end":"4378534792","thread":35,"request":31,"reference":null,"job":null,"n":0,"x":0,"y":100}
[completion-event] {"processOrdinal":1,"v":1,"event":10,"begin":"4483495417","end":"4483495583","thread":36,"request":32,"reference":null,"job":null,"n":0,"x":0,"y":0}
[completion-event] {"processOrdinal":1,"v":1,"event":11,"begin":"4483495583","end":"4483497333","thread":36,"request":32,"reference":null,"job":null,"n":0,"x":0,"y":0}
[completion-event] {"processOrdinal":1,"v":1,"event":12,"begin":"4483497333","end":"4483498458","thread":36,"request":32,"reference":null,"job":null,"n":0,"x":0,"y":0}
[completion-event] {"processOrdinal":1,"v":1,"event":13,"begin":"4483498458","end":"4483499708","thread":36,"request":32,"reference":null,"job":null,"n":0,"x":0,"y":100}
[completion-event] {"processOrdinal":1,"v":1,"event":10,"begin":"4588910125","end":"4588910292","thread":37,"request":33,"reference":null,"job":null,"n":0,"x":0,"y":0}
[completion-event] {"processOrdinal":1,"v":1,"event":11,"begin":"4588910292","end":"4588912000","thread":37,"request":33,"reference":null,"job":null,"n":0,"x":0,"y":0}
[completion-event] {"processOrdinal":1,"v":1,"event":12,"begin":"4588912000","end":"4588912958","thread":37,"request":33,"reference":null,"job":null,"n":0,"x":0,"y":0}
[completion-event] {"processOrdinal":1,"v":1,"event":13,"begin":"4588912958","end":"4588914042","thread":37,"request":33,"reference":null,"job":null,"n":0,"x":0,"y":100}
[completion-event] {"processOrdinal":1,"v":1,"event":10,"begin":"4693371250","end":"4693371458","thread":38,"request":34,"reference":null,"job":null,"n":0,"x":0,"y":0}
[completion-event] {"processOrdinal":1,"v":1,"event":11,"begin":"4693371458","end":"4693373417","thread":38,"request":34,"reference":null,"job":null,"n":0,"x":0,"y":0}
[completion-event] {"processOrdinal":1,"v":1,"event":12,"begin":"4693373417","end":"4693374583","thread":38,"request":34,"reference":null,"job":null,"n":0,"x":0,"y":0}
[completion-event] {"processOrdinal":1,"v":1,"event":13,"begin":"4693374583","end":"4693375750","thread":38,"request":34,"reference":null,"job":null,"n":0,"x":0,"y":100}
[completion-event] {"processOrdinal":1,"v":1,"event":10,"begin":"4798331792","end":"4798332083","thread":39,"request":35,"reference":null,"job":null,"n":0,"x":0,"y":0}
[completion-event] {"processOrdinal":1,"v":1,"event":11,"begin":"4798332083","end":"4798334042","thread":39,"request":35,"reference":null,"job":null,"n":0,"x":0,"y":0}
[completion-event] {"processOrdinal":1,"v":1,"event":12,"begin":"4798334042","end":"4798335500","thread":39,"request":35,"reference":null,"job":null,"n":0,"x":0,"y":0}
[completion-event] {"processOrdinal":1,"v":1,"event":13,"begin":"4798335500","end":"4798336583","thread":39,"request":35,"reference":null,"job":null,"n":0,"x":0,"y":100}
[completion-event] {"processOrdinal":1,"v":1,"event":10,"begin":"4903063000","end":"4903063125","thread":40,"request":36,"reference":null,"job":null,"n":0,"x":0,"y":0}
[completion-event] {"processOrdinal":1,"v":1,"event":11,"begin":"4903063125","end":"4903065125","thread":40,"request":36,"reference":null,"job":null,"n":0,"x":0,"y":0}
[completion-event] {"processOrdinal":1,"v":1,"event":12,"begin":"4903065125","end":"4903066417","thread":40,"request":36,"reference":null,"job":null,"n":0,"x":0,"y":0}
[completion-event] {"processOrdinal":1,"v":1,"event":13,"begin":"4903066417","end":"4903067417","thread":40,"request":36,"reference":null,"job":null,"n":0,"x":0,"y":100}
[completion-event] {"processOrdinal":1,"v":1,"event":10,"begin":"5008110125","end":"5008110292","thread":41,"request":37,"reference":null,"job":null,"n":0,"x":0,"y":0}
[completion-event] {"processOrdinal":1,"v":1,"event":11,"begin":"5008110292","end":"5008112375","thread":41,"request":37,"reference":null,"job":null,"n":0,"x":0,"y":0}
[completion-event] {"processOrdinal":1,"v":1,"event":12,"begin":"5008112375","end":"5008113417","thread":41,"request":37,"reference":null,"job":null,"n":0,"x":0,"y":0}
[completion-event] {"processOrdinal":1,"v":1,"event":13,"begin":"5008113417","end":"5008114750","thread":41,"request":37,"reference":null,"job":null,"n":0,"x":0,"y":100}
[completion-event] {"processOrdinal":1,"v":1,"event":10,"begin":"5113848583","end":"5113848875","thread":42,"request":38,"reference":null,"job":null,"n":0,"x":0,"y":0}
[completion-event] {"processOrdinal":1,"v":1,"event":11,"begin":"5113848875","end":"5113851083","thread":42,"request":38,"reference":null,"job":null,"n":0,"x":0,"y":0}
[completion-event] {"processOrdinal":1,"v":1,"event":12,"begin":"5113851083","end":"5113852667","thread":42,"request":38,"reference":null,"job":null,"n":0,"x":0,"y":0}
[completion-event] {"processOrdinal":1,"v":1,"event":13,"begin":"5113852667","end":"5113853708","thread":42,"request":38,"reference":null,"job":null,"n":0,"x":0,"y":100}
[completion-event] {"processOrdinal":1,"v":1,"event":10,"begin":"5216746375","end":"5216746583","thread":43,"request":39,"reference":null,"job":null,"n":0,"x":0,"y":0}
[completion-event] {"processOrdinal":1,"v":1,"event":11,"begin":"5216746583","end":"5216748458","thread":43,"request":39,"reference":null,"job":null,"n":0,"x":0,"y":0}
[completion-event] {"processOrdinal":1,"v":1,"event":12,"begin":"5216748458","end":"5216749708","thread":43,"request":39,"reference":null,"job":null,"n":0,"x":0,"y":0}
[completion-event] {"processOrdinal":1,"v":1,"event":13,"begin":"5216749708","end":"5216750792","thread":43,"request":39,"reference":null,"job":null,"n":0,"x":0,"y":100}
[completion-event] {"processOrdinal":1,"v":1,"event":10,"begin":"5322117667","end":"5322117917","thread":44,"request":40,"reference":null,"job":null,"n":0,"x":0,"y":0}
[completion-event] {"processOrdinal":1,"v":1,"event":11,"begin":"5322117917","end":"5322119292","thread":44,"request":40,"reference":null,"job":null,"n":0,"x":0,"y":0}
[completion-event] {"processOrdinal":1,"v":1,"event":12,"begin":"5322119292","end":"5322120417","thread":44,"request":40,"reference":null,"job":null,"n":0,"x":0,"y":0}
[completion-event] {"processOrdinal":1,"v":1,"event":13,"begin":"5322120417","end":"5322121167","thread":44,"request":40,"reference":null,"job":null,"n":0,"x":0,"y":100}
[completion-event] {"processOrdinal":1,"v":1,"event":10,"begin":"5425336833","end":"5425337000","thread":45,"request":41,"reference":null,"job":null,"n":0,"x":0,"y":0}
[completion-event] {"processOrdinal":1,"v":1,"event":11,"begin":"5425337000","end":"5425338833","thread":45,"request":41,"reference":null,"job":null,"n":0,"x":0,"y":0}
[completion-event] {"processOrdinal":1,"v":1,"event":12,"begin":"5425338833","end":"5425339833","thread":45,"request":41,"reference":null,"job":null,"n":0,"x":0,"y":0}
[completion-event] {"processOrdinal":1,"v":1,"event":13,"begin":"5425339833","end":"5425340792","thread":45,"request":41,"reference":null,"job":null,"n":0,"x":0,"y":100}
[completion-event] {"processOrdinal":1,"v":1,"event":10,"begin":"5530346958","end":"5530347250","thread":46,"request":42,"reference":null,"job":null,"n":0,"x":0,"y":0}
[completion-event] {"processOrdinal":1,"v":1,"event":11,"begin":"5530347250","end":"5530349208","thread":46,"request":42,"reference":null,"job":null,"n":0,"x":0,"y":0}
[completion-event] {"processOrdinal":1,"v":1,"event":12,"begin":"5530349208","end":"5530350667","thread":46,"request":42,"reference":null,"job":null,"n":0,"x":0,"y":0}
[completion-event] {"processOrdinal":1,"v":1,"event":13,"begin":"5530350667","end":"5530351958","thread":46,"request":42,"reference":null,"job":null,"n":0,"x":0,"y":100}
[completion-event] {"processOrdinal":1,"v":1,"event":10,"begin":"5635448583","end":"5635448833","thread":47,"request":43,"reference":null,"job":null,"n":0,"x":0,"y":0}
[completion-event] {"processOrdinal":1,"v":1,"event":11,"begin":"5635448833","end":"5635451042","thread":47,"request":43,"reference":null,"job":null,"n":0,"x":0,"y":0}
[completion-event] {"processOrdinal":1,"v":1,"event":12,"begin":"5635451042","end":"5635452292","thread":47,"request":43,"reference":null,"job":null,"n":0,"x":0,"y":0}
[completion-event] {"processOrdinal":1,"v":1,"event":13,"begin":"5635452292","end":"5635453250","thread":47,"request":43,"reference":null,"job":null,"n":0,"x":0,"y":100}
[completion-event] {"processOrdinal":1,"v":1,"event":10,"begin":"5740623917","end":"5740624083","thread":48,"request":44,"reference":null,"job":null,"n":0,"x":0,"y":0}
[completion-event] {"processOrdinal":1,"v":1,"event":11,"begin":"5740624083","end":"5740626083","thread":48,"request":44,"reference":null,"job":null,"n":0,"x":0,"y":0}
[completion-event] {"processOrdinal":1,"v":1,"event":12,"begin":"5740626083","end":"5740627583","thread":48,"request":44,"reference":null,"job":null,"n":0,"x":0,"y":0}
[completion-event] {"processOrdinal":1,"v":1,"event":13,"begin":"5740627583","end":"5740628833","thread":48,"request":44,"reference":null,"job":null,"n":0,"x":0,"y":100}
[completion-event] {"processOrdinal":1,"v":1,"event":10,"begin":"5845375750","end":"5845375917","thread":49,"request":45,"reference":null,"job":null,"n":0,"x":0,"y":0}
[completion-event] {"processOrdinal":1,"v":1,"event":11,"begin":"5845375917","end":"5845377750","thread":49,"request":45,"reference":null,"job":null,"n":0,"x":0,"y":0}
[completion-event] {"processOrdinal":1,"v":1,"event":12,"begin":"5845377750","end":"5845378917","thread":49,"request":45,"reference":null,"job":null,"n":0,"x":0,"y":0}
[completion-event] {"processOrdinal":1,"v":1,"event":13,"begin":"5845378917","end":"5845379750","thread":49,"request":45,"reference":null,"job":null,"n":0,"x":0,"y":100}
[completion-event] {"processOrdinal":1,"v":1,"event":10,"begin":"5949783917","end":"5949784167","thread":50,"request":46,"reference":null,"job":null,"n":0,"x":0,"y":0}
[completion-event] {"processOrdinal":1,"v":1,"event":11,"begin":"5949784167","end":"5949785833","thread":50,"request":46,"reference":null,"job":null,"n":0,"x":0,"y":0}
[completion-event] {"processOrdinal":1,"v":1,"event":12,"begin":"5949785833","end":"5949786917","thread":50,"request":46,"reference":null,"job":null,"n":0,"x":0,"y":0}
[completion-event] {"processOrdinal":1,"v":1,"event":13,"begin":"5949786917","end":"5949787958","thread":50,"request":46,"reference":null,"job":null,"n":0,"x":0,"y":100}
[completion-event] {"processOrdinal":1,"v":1,"event":10,"begin":"6054250542","end":"6054250792","thread":51,"request":47,"reference":null,"job":null,"n":0,"x":0,"y":0}
[completion-event] {"processOrdinal":1,"v":1,"event":11,"begin":"6054250792","end":"6054252333","thread":51,"request":47,"reference":null,"job":null,"n":0,"x":0,"y":0}
[completion-event] {"processOrdinal":1,"v":1,"event":12,"begin":"6054252333","end":"6054253292","thread":51,"request":47,"reference":null,"job":null,"n":0,"x":0,"y":0}
[completion-event] {"processOrdinal":1,"v":1,"event":13,"begin":"6054253292","end":"6054254125","thread":51,"request":47,"reference":null,"job":null,"n":0,"x":0,"y":100}
[completion-event] {"processOrdinal":1,"v":1,"event":10,"begin":"6159537458","end":"6159537625","thread":52,"request":48,"reference":null,"job":null,"n":0,"x":0,"y":0}
[completion-event] {"processOrdinal":1,"v":1,"event":11,"begin":"6159537625","end":"6159539500","thread":52,"request":48,"reference":null,"job":null,"n":0,"x":0,"y":0}
[completion-event] {"processOrdinal":1,"v":1,"event":12,"begin":"6159539500","end":"6159540708","thread":52,"request":48,"reference":null,"job":null,"n":0,"x":0,"y":0}
[completion-event] {"processOrdinal":1,"v":1,"event":13,"begin":"6159540708","end":"6159541792","thread":52,"request":48,"reference":null,"job":null,"n":0,"x":0,"y":100}
[completion-event] {"processOrdinal":1,"v":1,"event":10,"begin":"6264795458","end":"6264795625","thread":53,"request":49,"reference":null,"job":null,"n":0,"x":0,"y":0}
[completion-event] {"processOrdinal":1,"v":1,"event":11,"begin":"6264795625","end":"6264797625","thread":53,"request":49,"reference":null,"job":null,"n":0,"x":0,"y":0}
[completion-event] {"processOrdinal":1,"v":1,"event":12,"begin":"6264797625","end":"6264798792","thread":53,"request":49,"reference":null,"job":null,"n":0,"x":0,"y":0}
[completion-event] {"processOrdinal":1,"v":1,"event":13,"begin":"6264798792","end":"6264800208","thread":53,"request":49,"reference":null,"job":null,"n":0,"x":0,"y":100}
[completion-event] {"processOrdinal":1,"v":1,"event":10,"begin":"6369671375","end":"6369671583","thread":54,"request":50,"reference":null,"job":null,"n":0,"x":0,"y":0}
[completion-event] {"processOrdinal":1,"v":1,"event":11,"begin":"6369671583","end":"6369674083","thread":54,"request":50,"reference":null,"job":null,"n":0,"x":0,"y":0}
[completion-event] {"processOrdinal":1,"v":1,"event":12,"begin":"6369674083","end":"6369676125","thread":54,"request":50,"reference":null,"job":null,"n":0,"x":0,"y":0}
[completion-event] {"processOrdinal":1,"v":1,"event":13,"begin":"6369676125","end":"6369677583","thread":54,"request":50,"reference":null,"job":null,"n":0,"x":0,"y":100}
[completion-event] {"processOrdinal":1,"v":1,"event":10,"begin":"6474019667","end":"6474019792","thread":55,"request":51,"reference":null,"job":null,"n":0,"x":0,"y":0}
[completion-event] {"processOrdinal":1,"v":1,"event":11,"begin":"6474019792","end":"6474021792","thread":55,"request":51,"reference":null,"job":null,"n":0,"x":0,"y":0}
[completion-event] {"processOrdinal":1,"v":1,"event":12,"begin":"6474021792","end":"6474022958","thread":55,"request":51,"reference":null,"job":null,"n":0,"x":0,"y":0}
[completion-event] {"processOrdinal":1,"v":1,"event":13,"begin":"6474022958","end":"6474024417","thread":55,"request":51,"reference":null,"job":null,"n":0,"x":0,"y":100}
[completion-event] {"processOrdinal":1,"v":1,"event":10,"begin":"6577888583","end":"6577888917","thread":56,"request":52,"reference":null,"job":null,"n":0,"x":0,"y":0}
[completion-event] {"processOrdinal":1,"v":1,"event":11,"begin":"6577888917","end":"6577890875","thread":56,"request":52,"reference":null,"job":null,"n":0,"x":0,"y":0}
[completion-event] {"processOrdinal":1,"v":1,"event":12,"begin":"6577890875","end":"6577892167","thread":56,"request":52,"reference":null,"job":null,"n":0,"x":0,"y":0}
[completion-event] {"processOrdinal":1,"v":1,"event":13,"begin":"6577892167","end":"6577893083","thread":56,"request":52,"reference":null,"job":null,"n":0,"x":0,"y":100}
[completion-event] {"processOrdinal":1,"v":1,"event":10,"begin":"6682310458","end":"6682310792","thread":57,"request":53,"reference":null,"job":null,"n":0,"x":0,"y":0}
[completion-event] {"processOrdinal":1,"v":1,"event":11,"begin":"6682310792","end":"6682312458","thread":57,"request":53,"reference":null,"job":null,"n":0,"x":0,"y":0}
[completion-event] {"processOrdinal":1,"v":1,"event":12,"begin":"6682312458","end":"6682313583","thread":57,"request":53,"reference":null,"job":null,"n":0,"x":0,"y":0}
[completion-event] {"processOrdinal":1,"v":1,"event":13,"begin":"6682313583","end":"6682314708","thread":57,"request":53,"reference":null,"job":null,"n":0,"x":0,"y":100}
[completion-event] {"processOrdinal":1,"v":1,"event":10,"begin":"6787291500","end":"6787291667","thread":58,"request":54,"reference":null,"job":null,"n":0,"x":0,"y":0}
[completion-event] {"processOrdinal":1,"v":1,"event":11,"begin":"6787291667","end":"6787293750","thread":58,"request":54,"reference":null,"job":null,"n":0,"x":0,"y":0}
[completion-event] {"processOrdinal":1,"v":1,"event":12,"begin":"6787293750","end":"6787295000","thread":58,"request":54,"reference":null,"job":null,"n":0,"x":0,"y":0}
[completion-event] {"processOrdinal":1,"v":1,"event":13,"begin":"6787295000","end":"6787296375","thread":58,"request":54,"reference":null,"job":null,"n":0,"x":0,"y":100}
[completion-event] {"processOrdinal":1,"v":1,"event":10,"begin":"6890848250","end":"6890848417","thread":59,"request":55,"reference":null,"job":null,"n":0,"x":0,"y":0}
[completion-event] {"processOrdinal":1,"v":1,"event":11,"begin":"6890848417","end":"6890850125","thread":59,"request":55,"reference":null,"job":null,"n":0,"x":0,"y":0}
[completion-event] {"processOrdinal":1,"v":1,"event":12,"begin":"6890850125","end":"6890851125","thread":59,"request":55,"reference":null,"job":null,"n":0,"x":0,"y":0}
[completion-event] {"processOrdinal":1,"v":1,"event":13,"begin":"6890851125","end":"6890852000","thread":59,"request":55,"reference":null,"job":null,"n":0,"x":0,"y":100}
[completion-event] {"processOrdinal":1,"v":1,"event":10,"begin":"6995791917","end":"6995792083","thread":60,"request":56,"reference":null,"job":null,"n":0,"x":0,"y":0}
[completion-event] {"processOrdinal":1,"v":1,"event":11,"begin":"6995792083","end":"6995794208","thread":60,"request":56,"reference":null,"job":null,"n":0,"x":0,"y":0}
[completion-event] {"processOrdinal":1,"v":1,"event":12,"begin":"6995794208","end":"6995795292","thread":60,"request":56,"reference":null,"job":null,"n":0,"x":0,"y":0}
[completion-event] {"processOrdinal":1,"v":1,"event":13,"begin":"6995795292","end":"6995796333","thread":60,"request":56,"reference":null,"job":null,"n":0,"x":0,"y":100}
[completion-event] {"processOrdinal":1,"v":1,"event":10,"begin":"7099836000","end":"7099836208","thread":61,"request":57,"reference":null,"job":null,"n":0,"x":0,"y":0}
[completion-event] {"processOrdinal":1,"v":1,"event":11,"begin":"7099836208","end":"7099838250","thread":61,"request":57,"reference":null,"job":null,"n":0,"x":0,"y":0}
[completion-event] {"processOrdinal":1,"v":1,"event":12,"begin":"7099838250","end":"7099839375","thread":61,"request":57,"reference":null,"job":null,"n":0,"x":0,"y":0}
[completion-event] {"processOrdinal":1,"v":1,"event":13,"begin":"7099839375","end":"7099840375","thread":61,"request":57,"reference":null,"job":null,"n":0,"x":0,"y":100}
[completion-event] {"processOrdinal":1,"v":1,"event":10,"begin":"7204196500","end":"7204196750","thread":62,"request":58,"reference":null,"job":null,"n":0,"x":0,"y":0}
[completion-event] {"processOrdinal":1,"v":1,"event":11,"begin":"7204196750","end":"7204198792","thread":62,"request":58,"reference":null,"job":null,"n":0,"x":0,"y":0}
[completion-event] {"processOrdinal":1,"v":1,"event":12,"begin":"7204198792","end":"7204200125","thread":62,"request":58,"reference":null,"job":null,"n":0,"x":0,"y":0}
[completion-event] {"processOrdinal":1,"v":1,"event":13,"begin":"7204200125","end":"7204201417","thread":62,"request":58,"reference":null,"job":null,"n":0,"x":0,"y":100}
[completion-event] {"processOrdinal":1,"v":1,"event":10,"begin":"7307239167","end":"7307239333","thread":63,"request":59,"reference":null,"job":null,"n":0,"x":0,"y":0}
[completion-event] {"processOrdinal":1,"v":1,"event":11,"begin":"7307239333","end":"7307241417","thread":63,"request":59,"reference":null,"job":null,"n":0,"x":0,"y":0}
[completion-event] {"processOrdinal":1,"v":1,"event":12,"begin":"7307241417","end":"7307242625","thread":63,"request":59,"reference":null,"job":null,"n":0,"x":0,"y":0}
[completion-event] {"processOrdinal":1,"v":1,"event":13,"begin":"7307242625","end":"7307243875","thread":63,"request":59,"reference":null,"job":null,"n":0,"x":0,"y":100}
[completion-event] {"processOrdinal":1,"v":1,"event":10,"begin":"7412260292","end":"7412260458","thread":64,"request":60,"reference":null,"job":null,"n":0,"x":0,"y":0}
[completion-event] {"processOrdinal":1,"v":1,"event":11,"begin":"7412260458","end":"7412262750","thread":64,"request":60,"reference":null,"job":null,"n":0,"x":0,"y":0}
[completion-event] {"processOrdinal":1,"v":1,"event":12,"begin":"7412262750","end":"7412264000","thread":64,"request":60,"reference":null,"job":null,"n":0,"x":0,"y":0}
[completion-event] {"processOrdinal":1,"v":1,"event":13,"begin":"7412264000","end":"7412265125","thread":64,"request":60,"reference":null,"job":null,"n":0,"x":0,"y":100}
[completion-event] {"processOrdinal":1,"v":1,"event":10,"begin":"7517123708","end":"7517123792","thread":65,"request":61,"reference":null,"job":null,"n":0,"x":0,"y":0}
[completion-event] {"processOrdinal":1,"v":1,"event":11,"begin":"7517123792","end":"7517125917","thread":65,"request":61,"reference":null,"job":null,"n":0,"x":0,"y":0}
[completion-event] {"processOrdinal":1,"v":1,"event":12,"begin":"7517125917","end":"7517126833","thread":65,"request":61,"reference":null,"job":null,"n":0,"x":0,"y":0}
[completion-event] {"processOrdinal":1,"v":1,"event":13,"begin":"7517126833","end":"7517128000","thread":65,"request":61,"reference":null,"job":null,"n":0,"x":0,"y":100}
[completion-event] {"processOrdinal":1,"v":1,"event":10,"begin":"7622164875","end":"7622164958","thread":66,"request":62,"reference":null,"job":null,"n":0,"x":0,"y":0}
[completion-event] {"processOrdinal":1,"v":1,"event":11,"begin":"7622164958","end":"7622167042","thread":66,"request":62,"reference":null,"job":null,"n":0,"x":0,"y":0}
[completion-event] {"processOrdinal":1,"v":1,"event":12,"begin":"7622167042","end":"7622168167","thread":66,"request":62,"reference":null,"job":null,"n":0,"x":0,"y":0}
[completion-event] {"processOrdinal":1,"v":1,"event":13,"begin":"7622168167","end":"7622169250","thread":66,"request":62,"reference":null,"job":null,"n":0,"x":0,"y":100}
[completion-event] {"processOrdinal":1,"v":1,"event":10,"begin":"7727095333","end":"7727095583","thread":67,"request":63,"reference":null,"job":null,"n":0,"x":0,"y":0}
[completion-event] {"processOrdinal":1,"v":1,"event":11,"begin":"7727095583","end":"7727097375","thread":67,"request":63,"reference":null,"job":null,"n":0,"x":0,"y":0}
[completion-event] {"processOrdinal":1,"v":1,"event":12,"begin":"7727097375","end":"7727098542","thread":67,"request":63,"reference":null,"job":null,"n":0,"x":0,"y":0}
[completion-event] {"processOrdinal":1,"v":1,"event":13,"begin":"7727098542","end":"7727099458","thread":67,"request":63,"reference":null,"job":null,"n":0,"x":0,"y":100}
[completion-event] {"processOrdinal":1,"v":1,"event":10,"begin":"7831486375","end":"7831486583","thread":68,"request":64,"reference":null,"job":null,"n":0,"x":0,"y":0}
[completion-event] {"processOrdinal":1,"v":1,"event":11,"begin":"7831486583","end":"7831488208","thread":68,"request":64,"reference":null,"job":null,"n":0,"x":0,"y":0}
[completion-event] {"processOrdinal":1,"v":1,"event":12,"begin":"7831488208","end":"7831489292","thread":68,"request":64,"reference":null,"job":null,"n":0,"x":0,"y":0}
[completion-event] {"processOrdinal":1,"v":1,"event":13,"begin":"7831489292","end":"7831490292","thread":68,"request":64,"reference":null,"job":null,"n":0,"x":0,"y":100}
[completion-event] {"processOrdinal":1,"v":1,"event":10,"begin":"7936441500","end":"7936441792","thread":69,"request":65,"reference":null,"job":null,"n":0,"x":0,"y":0}
[completion-event] {"processOrdinal":1,"v":1,"event":11,"begin":"7936441792","end":"7936443792","thread":69,"request":65,"reference":null,"job":null,"n":0,"x":0,"y":0}
[completion-event] {"processOrdinal":1,"v":1,"event":12,"begin":"7936443792","end":"7936444792","thread":69,"request":65,"reference":null,"job":null,"n":0,"x":0,"y":0}
[completion-event] {"processOrdinal":1,"v":1,"event":13,"begin":"7936444792","end":"7936445792","thread":69,"request":65,"reference":null,"job":null,"n":0,"x":0,"y":100}
[completion-event] {"processOrdinal":1,"v":1,"event":10,"begin":"8041378292","end":"8041378458","thread":70,"request":66,"reference":null,"job":null,"n":0,"x":0,"y":0}
[completion-event] {"processOrdinal":1,"v":1,"event":11,"begin":"8041378458","end":"8041380792","thread":70,"request":66,"reference":null,"job":null,"n":0,"x":0,"y":0}
[completion-event] {"processOrdinal":1,"v":1,"event":12,"begin":"8041380792","end":"8041382333","thread":70,"request":66,"reference":null,"job":null,"n":0,"x":0,"y":0}
[completion-event] {"processOrdinal":1,"v":1,"event":13,"begin":"8041382333","end":"8041383542","thread":70,"request":66,"reference":null,"job":null,"n":0,"x":0,"y":100}
[completion-event] {"processOrdinal":1,"v":1,"event":10,"begin":"8145786458","end":"8145786625","thread":71,"request":67,"reference":null,"job":null,"n":0,"x":0,"y":0}
[completion-event] {"processOrdinal":1,"v":1,"event":11,"begin":"8145786625","end":"8145788750","thread":71,"request":67,"reference":null,"job":null,"n":0,"x":0,"y":0}
[completion-event] {"processOrdinal":1,"v":1,"event":12,"begin":"8145788750","end":"8145789833","thread":71,"request":67,"reference":null,"job":null,"n":0,"x":0,"y":0}
[completion-event] {"processOrdinal":1,"v":1,"event":13,"begin":"8145789833","end":"8145791042","thread":71,"request":67,"reference":null,"job":null,"n":0,"x":0,"y":100}
[completion-event] {"processOrdinal":1,"v":1,"event":10,"begin":"8250422458","end":"8250422583","thread":72,"request":68,"reference":null,"job":null,"n":0,"x":0,"y":0}
[completion-event] {"processOrdinal":1,"v":1,"event":11,"begin":"8250422583","end":"8250424292","thread":72,"request":68,"reference":null,"job":null,"n":0,"x":0,"y":0}
[completion-event] {"processOrdinal":1,"v":1,"event":12,"begin":"8250424292","end":"8250425292","thread":72,"request":68,"reference":null,"job":null,"n":0,"x":0,"y":0}
[completion-event] {"processOrdinal":1,"v":1,"event":13,"begin":"8250425292","end":"8250426417","thread":72,"request":68,"reference":null,"job":null,"n":0,"x":0,"y":100}
[completion-event] {"processOrdinal":1,"v":1,"event":10,"begin":"8355053208","end":"8355053375","thread":73,"request":69,"reference":null,"job":null,"n":0,"x":0,"y":0}
[completion-event] {"processOrdinal":1,"v":1,"event":11,"begin":"8355053375","end":"8355055250","thread":73,"request":69,"reference":null,"job":null,"n":0,"x":0,"y":0}
[completion-event] {"processOrdinal":1,"v":1,"event":12,"begin":"8355055250","end":"8355056458","thread":73,"request":69,"reference":null,"job":null,"n":0,"x":0,"y":0}
[completion-event] {"processOrdinal":1,"v":1,"event":13,"begin":"8355056458","end":"8355057125","thread":73,"request":69,"reference":null,"job":null,"n":0,"x":0,"y":100}
[completion-event] {"processOrdinal":1,"v":1,"event":10,"begin":"8459921417","end":"8459921625","thread":74,"request":70,"reference":null,"job":null,"n":0,"x":0,"y":0}
[completion-event] {"processOrdinal":1,"v":1,"event":11,"begin":"8459921625","end":"8459923500","thread":74,"request":70,"reference":null,"job":null,"n":0,"x":0,"y":0}
[completion-event] {"processOrdinal":1,"v":1,"event":12,"begin":"8459923500","end":"8459924875","thread":74,"request":70,"reference":null,"job":null,"n":0,"x":0,"y":0}
[completion-event] {"processOrdinal":1,"v":1,"event":13,"begin":"8459924875","end":"8459926042","thread":74,"request":70,"reference":null,"job":null,"n":0,"x":0,"y":100}
[completion-event] {"processOrdinal":1,"v":1,"event":10,"begin":"8564106167","end":"8564106333","thread":75,"request":71,"reference":null,"job":null,"n":0,"x":0,"y":0}
[completion-event] {"processOrdinal":1,"v":1,"event":11,"begin":"8564106333","end":"8564108125","thread":75,"request":71,"reference":null,"job":null,"n":0,"x":0,"y":0}
[completion-event] {"processOrdinal":1,"v":1,"event":12,"begin":"8564108125","end":"8564109167","thread":75,"request":71,"reference":null,"job":null,"n":0,"x":0,"y":0}
[completion-event] {"processOrdinal":1,"v":1,"event":13,"begin":"8564109167","end":"8564110250","thread":75,"request":71,"reference":null,"job":null,"n":0,"x":0,"y":100}
[completion-event] {"processOrdinal":1,"v":1,"event":10,"begin":"8669030250","end":"8669030417","thread":76,"request":72,"reference":null,"job":null,"n":0,"x":0,"y":0}
[completion-event] {"processOrdinal":1,"v":1,"event":11,"begin":"8669030417","end":"8669032208","thread":76,"request":72,"reference":null,"job":null,"n":0,"x":0,"y":0}
[completion-event] {"processOrdinal":1,"v":1,"event":12,"begin":"8669032208","end":"8669033333","thread":76,"request":72,"reference":null,"job":null,"n":0,"x":0,"y":0}
[completion-event] {"processOrdinal":1,"v":1,"event":13,"begin":"8669033333","end":"8669034208","thread":76,"request":72,"reference":null,"job":null,"n":0,"x":0,"y":100}
[completion-event] {"processOrdinal":1,"v":1,"event":10,"begin":"8773188042","end":"8773188208","thread":77,"request":73,"reference":null,"job":null,"n":0,"x":0,"y":0}
[completion-event] {"processOrdinal":1,"v":1,"event":11,"begin":"8773188208","end":"8773189875","thread":77,"request":73,"reference":null,"job":null,"n":0,"x":0,"y":0}
[completion-event] {"processOrdinal":1,"v":1,"event":12,"begin":"8773189875","end":"8773190750","thread":77,"request":73,"reference":null,"job":null,"n":0,"x":0,"y":0}
[completion-event] {"processOrdinal":1,"v":1,"event":13,"begin":"8773190750","end":"8773191750","thread":77,"request":73,"reference":null,"job":null,"n":0,"x":0,"y":100}
[completion-event] {"processOrdinal":1,"v":1,"event":10,"begin":"8878722458","end":"8878722708","thread":78,"request":74,"reference":null,"job":null,"n":0,"x":0,"y":0}
[completion-event] {"processOrdinal":1,"v":1,"event":11,"begin":"8878722708","end":"8878724292","thread":78,"request":74,"reference":null,"job":null,"n":0,"x":0,"y":0}
[completion-event] {"processOrdinal":1,"v":1,"event":12,"begin":"8878724292","end":"8878725542","thread":78,"request":74,"reference":null,"job":null,"n":0,"x":0,"y":0}
[completion-event] {"processOrdinal":1,"v":1,"event":13,"begin":"8878725542","end":"8878726583","thread":78,"request":74,"reference":null,"job":null,"n":0,"x":0,"y":100}
[completion-event] {"processOrdinal":1,"v":1,"event":10,"begin":"8983220375","end":"8983220542","thread":79,"request":75,"reference":null,"job":null,"n":0,"x":0,"y":0}
[completion-event] {"processOrdinal":1,"v":1,"event":11,"begin":"8983220542","end":"8983222292","thread":79,"request":75,"reference":null,"job":null,"n":0,"x":0,"y":0}
[completion-event] {"processOrdinal":1,"v":1,"event":12,"begin":"8983222292","end":"8983223333","thread":79,"request":75,"reference":null,"job":null,"n":0,"x":0,"y":0}
[completion-event] {"processOrdinal":1,"v":1,"event":13,"begin":"8983223333","end":"8983224458","thread":79,"request":75,"reference":null,"job":null,"n":0,"x":0,"y":100}
[completion-event] {"processOrdinal":1,"v":1,"event":10,"begin":"9088690417","end":"9088690583","thread":80,"request":76,"reference":null,"job":null,"n":0,"x":0,"y":0}
[completion-event] {"processOrdinal":1,"v":1,"event":11,"begin":"9088690583","end":"9088693042","thread":80,"request":76,"reference":null,"job":null,"n":0,"x":0,"y":0}
[completion-event] {"processOrdinal":1,"v":1,"event":12,"begin":"9088693042","end":"9088694167","thread":80,"request":76,"reference":null,"job":null,"n":0,"x":0,"y":0}
[completion-event] {"processOrdinal":1,"v":1,"event":13,"begin":"9088694167","end":"9088695208","thread":80,"request":76,"reference":null,"job":null,"n":0,"x":0,"y":100}
[completion-event] {"processOrdinal":1,"v":1,"event":10,"begin":"9192787375","end":"9192787583","thread":81,"request":77,"reference":null,"job":null,"n":0,"x":0,"y":0}
[completion-event] {"processOrdinal":1,"v":1,"event":11,"begin":"9192787583","end":"9192789667","thread":81,"request":77,"reference":null,"job":null,"n":0,"x":0,"y":0}
[completion-event] {"processOrdinal":1,"v":1,"event":12,"begin":"9192789667","end":"9192790792","thread":81,"request":77,"reference":null,"job":null,"n":0,"x":0,"y":0}
[completion-event] {"processOrdinal":1,"v":1,"event":13,"begin":"9192790792","end":"9192792042","thread":81,"request":77,"reference":null,"job":null,"n":0,"x":0,"y":100}
[completion-event] {"processOrdinal":1,"v":1,"event":10,"begin":"9297190083","end":"9297190250","thread":82,"request":78,"reference":null,"job":null,"n":0,"x":0,"y":0}
[completion-event] {"processOrdinal":1,"v":1,"event":11,"begin":"9297190250","end":"9297191792","thread":82,"request":78,"reference":null,"job":null,"n":0,"x":0,"y":0}
[completion-event] {"processOrdinal":1,"v":1,"event":12,"begin":"9297191792","end":"9297193125","thread":82,"request":78,"reference":null,"job":null,"n":0,"x":0,"y":0}
[completion-event] {"processOrdinal":1,"v":1,"event":13,"begin":"9297193125","end":"9297194292","thread":82,"request":78,"reference":null,"job":null,"n":0,"x":0,"y":100}
[completion-event] {"processOrdinal":1,"v":1,"event":10,"begin":"9402525083","end":"9402525375","thread":83,"request":79,"reference":null,"job":null,"n":0,"x":0,"y":0}
[completion-event] {"processOrdinal":1,"v":1,"event":11,"begin":"9402525375","end":"9402527458","thread":83,"request":79,"reference":null,"job":null,"n":0,"x":0,"y":0}
[completion-event] {"processOrdinal":1,"v":1,"event":12,"begin":"9402527458","end":"9402528667","thread":83,"request":79,"reference":null,"job":null,"n":0,"x":0,"y":0}
[completion-event] {"processOrdinal":1,"v":1,"event":13,"begin":"9402528667","end":"9402530125","thread":83,"request":79,"reference":null,"job":null,"n":0,"x":0,"y":100}
[completion-event] {"processOrdinal":1,"v":1,"event":10,"begin":"9507405208","end":"9507405375","thread":84,"request":80,"reference":null,"job":null,"n":0,"x":0,"y":0}
[completion-event] {"processOrdinal":1,"v":1,"event":11,"begin":"9507405375","end":"9507407292","thread":84,"request":80,"reference":null,"job":null,"n":0,"x":0,"y":0}
[completion-event] {"processOrdinal":1,"v":1,"event":12,"begin":"9507407292","end":"9507408417","thread":84,"request":80,"reference":null,"job":null,"n":0,"x":0,"y":0}
[completion-event] {"processOrdinal":1,"v":1,"event":13,"begin":"9507408417","end":"9507409417","thread":84,"request":80,"reference":null,"job":null,"n":0,"x":0,"y":100}
[completion-event] {"processOrdinal":1,"v":1,"event":10,"begin":"9612188875","end":"9612189125","thread":85,"request":81,"reference":null,"job":null,"n":0,"x":0,"y":0}
[completion-event] {"processOrdinal":1,"v":1,"event":11,"begin":"9612189125","end":"9612191042","thread":85,"request":81,"reference":null,"job":null,"n":0,"x":0,"y":0}
[completion-event] {"processOrdinal":1,"v":1,"event":12,"begin":"9612191042","end":"9612192167","thread":85,"request":81,"reference":null,"job":null,"n":0,"x":0,"y":0}
[completion-event] {"processOrdinal":1,"v":1,"event":13,"begin":"9612192167","end":"9612193458","thread":85,"request":81,"reference":null,"job":null,"n":0,"x":0,"y":100}
[completion-event] {"processOrdinal":1,"v":1,"event":10,"begin":"9715841292","end":"9715841500","thread":86,"request":82,"reference":null,"job":null,"n":0,"x":0,"y":0}
[completion-event] {"processOrdinal":1,"v":1,"event":11,"begin":"9715841500","end":"9715843500","thread":86,"request":82,"reference":null,"job":null,"n":0,"x":0,"y":0}
[completion-event] {"processOrdinal":1,"v":1,"event":12,"begin":"9715843500","end":"9715844583","thread":86,"request":82,"reference":null,"job":null,"n":0,"x":0,"y":0}
[completion-event] {"processOrdinal":1,"v":1,"event":13,"begin":"9715844583","end":"9715845625","thread":86,"request":82,"reference":null,"job":null,"n":0,"x":0,"y":100}
[completion-event] {"processOrdinal":1,"v":1,"event":10,"begin":"9821005750","end":"9831284375","thread":87,"request":83,"reference":null,"job":null,"n":2,"x":1,"y":0}
[completion-event] {"processOrdinal":1,"v":1,"event":11,"begin":"9831284375","end":"9831294875","thread":87,"request":83,"reference":null,"job":null,"n":1,"x":0,"y":0}
[completion-event] {"processOrdinal":1,"v":1,"event":12,"begin":"9831294875","end":"9831296500","thread":87,"request":83,"reference":null,"job":null,"n":1,"x":0,"y":0}
[completion-event] {"processOrdinal":1,"v":1,"event":13,"begin":"9831296500","end":"9831300167","thread":87,"request":83,"reference":null,"job":null,"n":1,"x":0,"y":100}
[completion-event] {"processOrdinal":1,"v":1,"event":1,"begin":"18395242083","end":"18395242083","thread":88,"request":0,"reference":"c4f8956731eef44f1fd95e72c6854a12ad90316b5b31ad7e374f550520d40ddf","job":null,"n":0,"x":0,"y":0}
[completion-event] {"processOrdinal":1,"v":1,"event":1,"begin":"18398726708","end":"18398726708","thread":88,"request":0,"reference":"3cb85ebc2267400b4b0fee50c7dfb31fd71904419e5687cbb50a62fc7aae7298","job":null,"n":0,"x":0,"y":0}
[completion-event] {"processOrdinal":1,"v":1,"event":1,"begin":"18420850292","end":"18420850292","thread":88,"request":0,"reference":"888d6e960e04bd3540f8ed155c3001276bc04a96b2578c56ebd0c8a1b957f290","job":null,"n":0,"x":0,"y":0}
[completion-event] {"processOrdinal":1,"v":1,"event":1,"begin":"18422454208","end":"18422454208","thread":88,"request":0,"reference":"89f5a6b8ee07389e5bd9f408cd0d69d52bc48956f4dd63a15fc75b721653ed9f","job":null,"n":0,"x":0,"y":0}
[completion-event] {"processOrdinal":1,"v":1,"event":10,"begin":"18431637208","end":"18452370417","thread":91,"request":84,"reference":null,"job":null,"n":7,"x":2,"y":0}
[completion-event] {"processOrdinal":1,"v":1,"event":11,"begin":"18452370417","end":"18452383750","thread":91,"request":84,"reference":null,"job":null,"n":1,"x":0,"y":0}
[completion-event] {"processOrdinal":1,"v":1,"event":12,"begin":"18452383750","end":"18452385292","thread":91,"request":84,"reference":null,"job":null,"n":1,"x":0,"y":0}
[completion-event] {"processOrdinal":1,"v":1,"event":13,"begin":"18452385292","end":"18452388333","thread":91,"request":84,"reference":null,"job":null,"n":1,"x":0,"y":100}
[completion-event] {"processOrdinal":1,"v":1,"event":10,"begin":"18561031333","end":"18582196208","thread":92,"request":85,"reference":null,"job":null,"n":7,"x":2,"y":0}
[completion-event] {"processOrdinal":1,"v":1,"event":11,"begin":"18582196208","end":"18582210042","thread":92,"request":85,"reference":null,"job":null,"n":1,"x":0,"y":0}
[completion-event] {"processOrdinal":1,"v":1,"event":12,"begin":"18582210042","end":"18582211542","thread":92,"request":85,"reference":null,"job":null,"n":1,"x":0,"y":0}
[completion-event] {"processOrdinal":1,"v":1,"event":13,"begin":"18582211542","end":"18582214667","thread":92,"request":85,"reference":null,"job":null,"n":1,"x":0,"y":100}
[completion-event] {"processOrdinal":1,"v":1,"event":10,"begin":"18689186000","end":"18710278875","thread":93,"request":86,"reference":null,"job":null,"n":7,"x":2,"y":0}
[completion-event] {"processOrdinal":1,"v":1,"event":11,"begin":"18710278875","end":"18710293083","thread":93,"request":86,"reference":null,"job":null,"n":1,"x":0,"y":0}
[completion-event] {"processOrdinal":1,"v":1,"event":12,"begin":"18710293083","end":"18710294625","thread":93,"request":86,"reference":null,"job":null,"n":1,"x":0,"y":0}
[completion-event] {"processOrdinal":1,"v":1,"event":13,"begin":"18710294625","end":"18710298042","thread":93,"request":86,"reference":null,"job":null,"n":1,"x":0,"y":100}
[completion-event] {"processOrdinal":1,"v":1,"event":10,"begin":"18818669042","end":"18839561792","thread":94,"request":87,"reference":null,"job":null,"n":7,"x":2,"y":0}
[completion-event] {"processOrdinal":1,"v":1,"event":11,"begin":"18839561792","end":"18839575792","thread":94,"request":87,"reference":null,"job":null,"n":1,"x":0,"y":0}
[completion-event] {"processOrdinal":1,"v":1,"event":12,"begin":"18839575792","end":"18839577500","thread":94,"request":87,"reference":null,"job":null,"n":1,"x":0,"y":0}
[completion-event] {"processOrdinal":1,"v":1,"event":13,"begin":"18839577500","end":"18839580750","thread":94,"request":87,"reference":null,"job":null,"n":1,"x":0,"y":100}
[completion-event] {"processOrdinal":1,"v":1,"event":10,"begin":"18946685292","end":"18972260958","thread":95,"request":88,"reference":null,"job":null,"n":7,"x":2,"y":0}
[completion-event] {"processOrdinal":1,"v":1,"event":11,"begin":"18972260958","end":"18972273792","thread":95,"request":88,"reference":null,"job":null,"n":1,"x":0,"y":0}
[completion-event] {"processOrdinal":1,"v":1,"event":12,"begin":"18972273792","end":"18972275250","thread":95,"request":88,"reference":null,"job":null,"n":1,"x":0,"y":0}
[completion-event] {"processOrdinal":1,"v":1,"event":13,"begin":"18972275250","end":"18972278583","thread":95,"request":88,"reference":null,"job":null,"n":1,"x":0,"y":100}
[completion-event] {"processOrdinal":1,"v":1,"event":10,"begin":"19079651458","end":"19100931708","thread":96,"request":89,"reference":null,"job":null,"n":7,"x":2,"y":0}
[completion-event] {"processOrdinal":1,"v":1,"event":11,"begin":"19100931708","end":"19100945958","thread":96,"request":89,"reference":null,"job":null,"n":1,"x":0,"y":0}
[completion-event] {"processOrdinal":1,"v":1,"event":12,"begin":"19100945958","end":"19100947833","thread":96,"request":89,"reference":null,"job":null,"n":1,"x":0,"y":0}
[completion-event] {"processOrdinal":1,"v":1,"event":13,"begin":"19100947833","end":"19100951833","thread":96,"request":89,"reference":null,"job":null,"n":1,"x":0,"y":100}
[completion-event] {"processOrdinal":1,"v":1,"event":10,"begin":"19209209000","end":"19230150875","thread":97,"request":90,"reference":null,"job":null,"n":7,"x":2,"y":0}
[completion-event] {"processOrdinal":1,"v":1,"event":11,"begin":"19230150875","end":"19230165583","thread":97,"request":90,"reference":null,"job":null,"n":1,"x":0,"y":0}
[completion-event] {"processOrdinal":1,"v":1,"event":12,"begin":"19230165583","end":"19230166958","thread":97,"request":90,"reference":null,"job":null,"n":1,"x":0,"y":0}
[completion-event] {"processOrdinal":1,"v":1,"event":13,"begin":"19230166958","end":"19230170583","thread":97,"request":90,"reference":null,"job":null,"n":1,"x":0,"y":100}
[completion-event] {"processOrdinal":1,"v":1,"event":10,"begin":"19337863333","end":"19358852000","thread":98,"request":91,"reference":null,"job":null,"n":7,"x":2,"y":0}
[completion-event] {"processOrdinal":1,"v":1,"event":11,"begin":"19358852000","end":"19358866083","thread":98,"request":91,"reference":null,"job":null,"n":1,"x":0,"y":0}
[completion-event] {"processOrdinal":1,"v":1,"event":12,"begin":"19358866083","end":"19358867917","thread":98,"request":91,"reference":null,"job":null,"n":1,"x":0,"y":0}
[completion-event] {"processOrdinal":1,"v":1,"event":13,"begin":"19358867917","end":"19358871208","thread":98,"request":91,"reference":null,"job":null,"n":1,"x":0,"y":100}
[completion-event] {"processOrdinal":1,"v":1,"event":10,"begin":"19465784917","end":"19491204042","thread":99,"request":92,"reference":null,"job":null,"n":7,"x":2,"y":0}
[completion-event] {"processOrdinal":1,"v":1,"event":11,"begin":"19491204042","end":"19491216875","thread":99,"request":92,"reference":null,"job":null,"n":1,"x":0,"y":0}
[completion-event] {"processOrdinal":1,"v":1,"event":12,"begin":"19491216875","end":"19491218375","thread":99,"request":92,"reference":null,"job":null,"n":1,"x":0,"y":0}
[completion-event] {"processOrdinal":1,"v":1,"event":13,"begin":"19491218375","end":"19491221708","thread":99,"request":92,"reference":null,"job":null,"n":1,"x":0,"y":100}
[completion-event] {"processOrdinal":1,"v":1,"event":10,"begin":"19597861833","end":"19618838500","thread":100,"request":93,"reference":null,"job":null,"n":7,"x":2,"y":0}
[completion-event] {"processOrdinal":1,"v":1,"event":11,"begin":"19618838500","end":"19618852292","thread":100,"request":93,"reference":null,"job":null,"n":1,"x":0,"y":0}
[completion-event] {"processOrdinal":1,"v":1,"event":12,"begin":"19618852292","end":"19618853917","thread":100,"request":93,"reference":null,"job":null,"n":1,"x":0,"y":0}
[completion-event] {"processOrdinal":1,"v":1,"event":13,"begin":"19618853917","end":"19618857125","thread":100,"request":93,"reference":null,"job":null,"n":1,"x":0,"y":100}
[completion-event] {"processOrdinal":1,"v":1,"event":10,"begin":"19727498167","end":"19748060458","thread":101,"request":94,"reference":null,"job":null,"n":7,"x":2,"y":0}
[completion-event] {"processOrdinal":1,"v":1,"event":11,"begin":"19748060458","end":"19748074708","thread":101,"request":94,"reference":null,"job":null,"n":1,"x":0,"y":0}
[completion-event] {"processOrdinal":1,"v":1,"event":12,"begin":"19748074708","end":"19748076458","thread":101,"request":94,"reference":null,"job":null,"n":1,"x":0,"y":0}
[completion-event] {"processOrdinal":1,"v":1,"event":13,"begin":"19748076458","end":"19748080208","thread":101,"request":94,"reference":null,"job":null,"n":1,"x":0,"y":100}
[completion-event] {"processOrdinal":1,"v":1,"event":10,"begin":"19856172917","end":"19876423958","thread":102,"request":95,"reference":null,"job":null,"n":7,"x":2,"y":0}
[completion-event] {"processOrdinal":1,"v":1,"event":11,"begin":"19876423958","end":"19876437750","thread":102,"request":95,"reference":null,"job":null,"n":1,"x":0,"y":0}
[completion-event] {"processOrdinal":1,"v":1,"event":12,"begin":"19876437750","end":"19876439125","thread":102,"request":95,"reference":null,"job":null,"n":1,"x":0,"y":0}
[completion-event] {"processOrdinal":1,"v":1,"event":13,"begin":"19876439125","end":"19876442875","thread":102,"request":95,"reference":null,"job":null,"n":1,"x":0,"y":100}
[completion-event] {"processOrdinal":1,"v":1,"event":10,"begin":"19984490542","end":"20006462708","thread":103,"request":96,"reference":null,"job":null,"n":7,"x":2,"y":0}
[completion-event] {"processOrdinal":1,"v":1,"event":11,"begin":"20006462708","end":"20006475667","thread":103,"request":96,"reference":null,"job":null,"n":1,"x":0,"y":0}
[completion-event] {"processOrdinal":1,"v":1,"event":12,"begin":"20006475667","end":"20006477375","thread":103,"request":96,"reference":null,"job":null,"n":1,"x":0,"y":0}
[completion-event] {"processOrdinal":1,"v":1,"event":13,"begin":"20006477375","end":"20006480792","thread":103,"request":96,"reference":null,"job":null,"n":1,"x":0,"y":100}
[completion-event] {"processOrdinal":1,"v":1,"event":10,"begin":"20112592042","end":"20133464875","thread":104,"request":97,"reference":null,"job":null,"n":7,"x":2,"y":0}
[completion-event] {"processOrdinal":1,"v":1,"event":11,"begin":"20133464875","end":"20133478250","thread":104,"request":97,"reference":null,"job":null,"n":1,"x":0,"y":0}
[completion-event] {"processOrdinal":1,"v":1,"event":12,"begin":"20133478250","end":"20133479750","thread":104,"request":97,"reference":null,"job":null,"n":1,"x":0,"y":0}
[completion-event] {"processOrdinal":1,"v":1,"event":13,"begin":"20133479750","end":"20133483167","thread":104,"request":97,"reference":null,"job":null,"n":1,"x":0,"y":100}
[completion-event] {"processOrdinal":1,"v":1,"event":10,"begin":"20240681500","end":"20261440375","thread":105,"request":98,"reference":null,"job":null,"n":7,"x":2,"y":0}
[completion-event] {"processOrdinal":1,"v":1,"event":11,"begin":"20261440375","end":"20261454500","thread":105,"request":98,"reference":null,"job":null,"n":1,"x":0,"y":0}
[completion-event] {"processOrdinal":1,"v":1,"event":12,"begin":"20261454500","end":"20261459583","thread":105,"request":98,"reference":null,"job":null,"n":1,"x":0,"y":0}
[completion-event] {"processOrdinal":1,"v":1,"event":13,"begin":"20261459583","end":"20261463000","thread":105,"request":98,"reference":null,"job":null,"n":1,"x":0,"y":100}
[completion-event] {"processOrdinal":1,"v":1,"event":10,"begin":"20369414458","end":"20389865875","thread":106,"request":99,"reference":null,"job":null,"n":7,"x":2,"y":0}
[completion-event] {"processOrdinal":1,"v":1,"event":11,"begin":"20389865875","end":"20389879250","thread":106,"request":99,"reference":null,"job":null,"n":1,"x":0,"y":0}
[completion-event] {"processOrdinal":1,"v":1,"event":12,"begin":"20389879250","end":"20389880583","thread":106,"request":99,"reference":null,"job":null,"n":1,"x":0,"y":0}
[completion-event] {"processOrdinal":1,"v":1,"event":13,"begin":"20389880583","end":"20389884250","thread":106,"request":99,"reference":null,"job":null,"n":1,"x":0,"y":100}
[completion-event] {"processOrdinal":1,"v":1,"event":10,"begin":"20497691250","end":"20518201667","thread":107,"request":100,"reference":null,"job":null,"n":7,"x":2,"y":0}
[completion-event] {"processOrdinal":1,"v":1,"event":11,"begin":"20518201667","end":"20518214792","thread":107,"request":100,"reference":null,"job":null,"n":1,"x":0,"y":0}
[completion-event] {"processOrdinal":1,"v":1,"event":12,"begin":"20518214792","end":"20518216417","thread":107,"request":100,"reference":null,"job":null,"n":1,"x":0,"y":0}
[completion-event] {"processOrdinal":1,"v":1,"event":13,"begin":"20518216417","end":"20518220333","thread":107,"request":100,"reference":null,"job":null,"n":1,"x":0,"y":100}
[completion-event] {"processOrdinal":1,"v":1,"event":10,"begin":"20625076458","end":"20646174250","thread":108,"request":101,"reference":null,"job":null,"n":7,"x":2,"y":0}
[completion-event] {"processOrdinal":1,"v":1,"event":11,"begin":"20646174250","end":"20646187042","thread":108,"request":101,"reference":null,"job":null,"n":1,"x":0,"y":0}
[completion-event] {"processOrdinal":1,"v":1,"event":12,"begin":"20646187042","end":"20646188458","thread":108,"request":101,"reference":null,"job":null,"n":1,"x":0,"y":0}
[completion-event] {"processOrdinal":1,"v":1,"event":13,"begin":"20646188458","end":"20646191792","thread":108,"request":101,"reference":null,"job":null,"n":1,"x":0,"y":100}
[completion-event] {"processOrdinal":1,"v":1,"event":10,"begin":"20753721375","end":"20774527542","thread":109,"request":102,"reference":null,"job":null,"n":7,"x":2,"y":0}
[completion-event] {"processOrdinal":1,"v":1,"event":11,"begin":"20774527542","end":"20774541458","thread":109,"request":102,"reference":null,"job":null,"n":1,"x":0,"y":0}
[completion-event] {"processOrdinal":1,"v":1,"event":12,"begin":"20774541458","end":"20774543042","thread":109,"request":102,"reference":null,"job":null,"n":1,"x":0,"y":0}
[completion-event] {"processOrdinal":1,"v":1,"event":13,"begin":"20774543042","end":"20774546458","thread":109,"request":102,"reference":null,"job":null,"n":1,"x":0,"y":100}
[completion-event] {"processOrdinal":1,"v":1,"event":10,"begin":"20883170958","end":"20905138292","thread":110,"request":103,"reference":null,"job":null,"n":7,"x":2,"y":0}
[completion-event] {"processOrdinal":1,"v":1,"event":11,"begin":"20905138292","end":"20905156083","thread":110,"request":103,"reference":null,"job":null,"n":1,"x":0,"y":0}
[completion-event] {"processOrdinal":1,"v":1,"event":12,"begin":"20905156083","end":"20905158042","thread":110,"request":103,"reference":null,"job":null,"n":1,"x":0,"y":0}
[completion-event] {"processOrdinal":1,"v":1,"event":13,"begin":"20905158042","end":"20905162583","thread":110,"request":103,"reference":null,"job":null,"n":1,"x":0,"y":100}
[completion-event] {"processOrdinal":1,"v":1,"event":10,"begin":"21011117667","end":"21032033292","thread":111,"request":104,"reference":null,"job":null,"n":7,"x":2,"y":0}
[completion-event] {"processOrdinal":1,"v":1,"event":11,"begin":"21032033292","end":"21032047333","thread":111,"request":104,"reference":null,"job":null,"n":1,"x":0,"y":0}
[completion-event] {"processOrdinal":1,"v":1,"event":12,"begin":"21032047333","end":"21032049125","thread":111,"request":104,"reference":null,"job":null,"n":1,"x":0,"y":0}
[completion-event] {"processOrdinal":1,"v":1,"event":13,"begin":"21032049125","end":"21032052250","thread":111,"request":104,"reference":null,"job":null,"n":1,"x":0,"y":100}
[completion-event] {"processOrdinal":1,"v":1,"event":10,"begin":"21138608375","end":"21159504708","thread":112,"request":105,"reference":null,"job":null,"n":7,"x":2,"y":0}
[completion-event] {"processOrdinal":1,"v":1,"event":11,"begin":"21159504708","end":"21159516542","thread":112,"request":105,"reference":null,"job":null,"n":1,"x":0,"y":0}
[completion-event] {"processOrdinal":1,"v":1,"event":12,"begin":"21159516542","end":"21159518042","thread":112,"request":105,"reference":null,"job":null,"n":1,"x":0,"y":0}
[completion-event] {"processOrdinal":1,"v":1,"event":13,"begin":"21159518042","end":"21159521042","thread":112,"request":105,"reference":null,"job":null,"n":1,"x":0,"y":100}
[completion-event] {"processOrdinal":1,"v":1,"event":10,"begin":"21265609292","end":"21286637667","thread":113,"request":106,"reference":null,"job":null,"n":7,"x":2,"y":0}
[completion-event] {"processOrdinal":1,"v":1,"event":11,"begin":"21286637667","end":"21286671333","thread":113,"request":106,"reference":null,"job":null,"n":1,"x":0,"y":0}
[completion-event] {"processOrdinal":1,"v":1,"event":12,"begin":"21286671333","end":"21286679417","thread":113,"request":106,"reference":null,"job":null,"n":1,"x":0,"y":0}
[completion-event] {"processOrdinal":1,"v":1,"event":13,"begin":"21286679417","end":"21286686458","thread":113,"request":106,"reference":null,"job":null,"n":1,"x":0,"y":100}
[completion-event] {"processOrdinal":1,"v":1,"event":10,"begin":"21394910750","end":"21415810375","thread":114,"request":107,"reference":null,"job":null,"n":7,"x":2,"y":0}
[completion-event] {"processOrdinal":1,"v":1,"event":11,"begin":"21415810375","end":"21415823833","thread":114,"request":107,"reference":null,"job":null,"n":1,"x":0,"y":0}
[completion-event] {"processOrdinal":1,"v":1,"event":12,"begin":"21415823833","end":"21415825500","thread":114,"request":107,"reference":null,"job":null,"n":1,"x":0,"y":0}
[completion-event] {"processOrdinal":1,"v":1,"event":13,"begin":"21415825500","end":"21415829250","thread":114,"request":107,"reference":null,"job":null,"n":1,"x":0,"y":100}
[completion-event] {"processOrdinal":1,"v":1,"event":10,"begin":"21523383667","end":"21543909417","thread":115,"request":108,"reference":null,"job":null,"n":7,"x":2,"y":0}
[completion-event] {"processOrdinal":1,"v":1,"event":11,"begin":"21543909417","end":"21543923958","thread":115,"request":108,"reference":null,"job":null,"n":1,"x":0,"y":0}
[completion-event] {"processOrdinal":1,"v":1,"event":12,"begin":"21543923958","end":"21543925833","thread":115,"request":108,"reference":null,"job":null,"n":1,"x":0,"y":0}
[completion-event] {"processOrdinal":1,"v":1,"event":13,"begin":"21543925833","end":"21543929458","thread":115,"request":108,"reference":null,"job":null,"n":1,"x":0,"y":100}
[completion-event] {"processOrdinal":1,"v":1,"event":10,"begin":"21651015042","end":"21673344125","thread":116,"request":109,"reference":null,"job":null,"n":7,"x":2,"y":0}
[completion-event] {"processOrdinal":1,"v":1,"event":11,"begin":"21673344125","end":"21673357250","thread":116,"request":109,"reference":null,"job":null,"n":1,"x":0,"y":0}
[completion-event] {"processOrdinal":1,"v":1,"event":12,"begin":"21673357250","end":"21673358833","thread":116,"request":109,"reference":null,"job":null,"n":1,"x":0,"y":0}
[completion-event] {"processOrdinal":1,"v":1,"event":13,"begin":"21673358833","end":"21673362083","thread":116,"request":109,"reference":null,"job":null,"n":1,"x":0,"y":100}
[completion-event] {"processOrdinal":1,"v":1,"event":10,"begin":"21781412792","end":"21801925375","thread":117,"request":110,"reference":null,"job":null,"n":7,"x":2,"y":0}
[completion-event] {"processOrdinal":1,"v":1,"event":11,"begin":"21801925375","end":"21801939417","thread":117,"request":110,"reference":null,"job":null,"n":1,"x":0,"y":0}
[completion-event] {"processOrdinal":1,"v":1,"event":12,"begin":"21801939417","end":"21801940875","thread":117,"request":110,"reference":null,"job":null,"n":1,"x":0,"y":0}
[completion-event] {"processOrdinal":1,"v":1,"event":13,"begin":"21801940875","end":"21801944500","thread":117,"request":110,"reference":null,"job":null,"n":1,"x":0,"y":100}
[completion-event] {"processOrdinal":1,"v":1,"event":10,"begin":"21908364875","end":"21929608042","thread":118,"request":111,"reference":null,"job":null,"n":7,"x":2,"y":0}
[completion-event] {"processOrdinal":1,"v":1,"event":11,"begin":"21929608042","end":"21929621958","thread":118,"request":111,"reference":null,"job":null,"n":1,"x":0,"y":0}
[completion-event] {"processOrdinal":1,"v":1,"event":12,"begin":"21929621958","end":"21929623375","thread":118,"request":111,"reference":null,"job":null,"n":1,"x":0,"y":0}
[completion-event] {"processOrdinal":1,"v":1,"event":13,"begin":"21929623375","end":"21929626667","thread":118,"request":111,"reference":null,"job":null,"n":1,"x":0,"y":100}
[completion-event] {"processOrdinal":1,"v":1,"event":10,"begin":"22035583875","end":"22056322792","thread":119,"request":112,"reference":null,"job":null,"n":7,"x":2,"y":0}
[completion-event] {"processOrdinal":1,"v":1,"event":11,"begin":"22056322792","end":"22056335250","thread":119,"request":112,"reference":null,"job":null,"n":1,"x":0,"y":0}
[completion-event] {"processOrdinal":1,"v":1,"event":12,"begin":"22056335250","end":"22056336708","thread":119,"request":112,"reference":null,"job":null,"n":1,"x":0,"y":0}
[completion-event] {"processOrdinal":1,"v":1,"event":13,"begin":"22056336708","end":"22056339917","thread":119,"request":112,"reference":null,"job":null,"n":1,"x":0,"y":100}
[completion-event] {"processOrdinal":1,"v":1,"event":10,"begin":"22163524750","end":"22183855042","thread":120,"request":113,"reference":null,"job":null,"n":7,"x":2,"y":0}
[completion-event] {"processOrdinal":1,"v":1,"event":11,"begin":"22183855042","end":"22183866667","thread":120,"request":113,"reference":null,"job":null,"n":1,"x":0,"y":0}
[completion-event] {"processOrdinal":1,"v":1,"event":12,"begin":"22183866667","end":"22183868333","thread":120,"request":113,"reference":null,"job":null,"n":1,"x":0,"y":0}
[completion-event] {"processOrdinal":1,"v":1,"event":13,"begin":"22183868333","end":"22183871333","thread":120,"request":113,"reference":null,"job":null,"n":1,"x":0,"y":100}
[completion-event] {"processOrdinal":1,"v":1,"event":10,"begin":"22290687125","end":"22310689042","thread":121,"request":114,"reference":null,"job":null,"n":7,"x":2,"y":0}
[completion-event] {"processOrdinal":1,"v":1,"event":11,"begin":"22310689042","end":"22310702333","thread":121,"request":114,"reference":null,"job":null,"n":1,"x":0,"y":0}
[completion-event] {"processOrdinal":1,"v":1,"event":12,"begin":"22310702333","end":"22310703833","thread":121,"request":114,"reference":null,"job":null,"n":1,"x":0,"y":0}
[completion-event] {"processOrdinal":1,"v":1,"event":13,"begin":"22310703833","end":"22310707208","thread":121,"request":114,"reference":null,"job":null,"n":1,"x":0,"y":100}
[completion-event] {"processOrdinal":1,"v":1,"event":10,"begin":"22418099708","end":"22438183042","thread":122,"request":115,"reference":null,"job":null,"n":7,"x":2,"y":0}
[completion-event] {"processOrdinal":1,"v":1,"event":11,"begin":"22438183042","end":"22438197333","thread":122,"request":115,"reference":null,"job":null,"n":1,"x":0,"y":0}
[completion-event] {"processOrdinal":1,"v":1,"event":12,"begin":"22438197333","end":"22438199042","thread":122,"request":115,"reference":null,"job":null,"n":1,"x":0,"y":0}
[completion-event] {"processOrdinal":1,"v":1,"event":13,"begin":"22438199042","end":"22438202417","thread":122,"request":115,"reference":null,"job":null,"n":1,"x":0,"y":100}
[completion-event] {"processOrdinal":1,"v":1,"event":10,"begin":"22545900458","end":"22567416958","thread":123,"request":116,"reference":null,"job":null,"n":7,"x":2,"y":0}
[completion-event] {"processOrdinal":1,"v":1,"event":11,"begin":"22567416958","end":"22567430625","thread":123,"request":116,"reference":null,"job":null,"n":1,"x":0,"y":0}
[completion-event] {"processOrdinal":1,"v":1,"event":12,"begin":"22567430625","end":"22567432083","thread":123,"request":116,"reference":null,"job":null,"n":1,"x":0,"y":0}
[completion-event] {"processOrdinal":1,"v":1,"event":13,"begin":"22567432083","end":"22567435417","thread":123,"request":116,"reference":null,"job":null,"n":1,"x":0,"y":100}
[completion-event] {"processOrdinal":1,"v":1,"event":10,"begin":"22674664875","end":"22701020250","thread":124,"request":117,"reference":null,"job":null,"n":7,"x":2,"y":0}
[completion-event] {"processOrdinal":1,"v":1,"event":11,"begin":"22701020250","end":"22701034125","thread":124,"request":117,"reference":null,"job":null,"n":1,"x":0,"y":0}
[completion-event] {"processOrdinal":1,"v":1,"event":12,"begin":"22701034125","end":"22701035792","thread":124,"request":117,"reference":null,"job":null,"n":1,"x":0,"y":0}
[completion-event] {"processOrdinal":1,"v":1,"event":13,"begin":"22701035792","end":"22701039083","thread":124,"request":117,"reference":null,"job":null,"n":1,"x":0,"y":100}
[completion-event] {"processOrdinal":1,"v":1,"event":10,"begin":"22807977875","end":"22829150042","thread":125,"request":118,"reference":null,"job":null,"n":7,"x":2,"y":0}
[completion-event] {"processOrdinal":1,"v":1,"event":11,"begin":"22829150042","end":"22829164167","thread":125,"request":118,"reference":null,"job":null,"n":1,"x":0,"y":0}
[completion-event] {"processOrdinal":1,"v":1,"event":12,"begin":"22829164167","end":"22829165875","thread":125,"request":118,"reference":null,"job":null,"n":1,"x":0,"y":0}
[completion-event] {"processOrdinal":1,"v":1,"event":13,"begin":"22829165875","end":"22829169375","thread":125,"request":118,"reference":null,"job":null,"n":1,"x":0,"y":100}
[completion-event] {"processOrdinal":1,"v":1,"event":10,"begin":"22937125833","end":"22958026000","thread":126,"request":119,"reference":null,"job":null,"n":7,"x":2,"y":0}
[completion-event] {"processOrdinal":1,"v":1,"event":11,"begin":"22958026000","end":"22958038833","thread":126,"request":119,"reference":null,"job":null,"n":1,"x":0,"y":0}
[completion-event] {"processOrdinal":1,"v":1,"event":12,"begin":"22958038833","end":"22958040000","thread":126,"request":119,"reference":null,"job":null,"n":1,"x":0,"y":0}
[completion-event] {"processOrdinal":1,"v":1,"event":13,"begin":"22958040000","end":"22958043167","thread":126,"request":119,"reference":null,"job":null,"n":1,"x":0,"y":100}
[completion-event] {"processOrdinal":1,"v":1,"event":10,"begin":"23066265000","end":"23086561042","thread":127,"request":120,"reference":null,"job":null,"n":7,"x":2,"y":0}
[completion-event] {"processOrdinal":1,"v":1,"event":11,"begin":"23086561042","end":"23086575083","thread":127,"request":120,"reference":null,"job":null,"n":1,"x":0,"y":0}
[completion-event] {"processOrdinal":1,"v":1,"event":12,"begin":"23086575083","end":"23086576875","thread":127,"request":120,"reference":null,"job":null,"n":1,"x":0,"y":0}
[completion-event] {"processOrdinal":1,"v":1,"event":13,"begin":"23086576875","end":"23086580542","thread":127,"request":120,"reference":null,"job":null,"n":1,"x":0,"y":100}
[completion-event] {"processOrdinal":1,"v":1,"event":10,"begin":"23195354667","end":"23218838750","thread":128,"request":121,"reference":null,"job":null,"n":7,"x":2,"y":0}
[completion-event] {"processOrdinal":1,"v":1,"event":11,"begin":"23218838750","end":"23218850625","thread":128,"request":121,"reference":null,"job":null,"n":1,"x":0,"y":0}
[completion-event] {"processOrdinal":1,"v":1,"event":12,"begin":"23218850625","end":"23218851917","thread":128,"request":121,"reference":null,"job":null,"n":1,"x":0,"y":0}
[completion-event] {"processOrdinal":1,"v":1,"event":13,"begin":"23218851917","end":"23218854625","thread":128,"request":121,"reference":null,"job":null,"n":1,"x":0,"y":100}
[completion-event] {"processOrdinal":1,"v":1,"event":10,"begin":"23324553750","end":"23345398375","thread":129,"request":122,"reference":null,"job":null,"n":7,"x":2,"y":0}
[completion-event] {"processOrdinal":1,"v":1,"event":11,"begin":"23345398375","end":"23345413750","thread":129,"request":122,"reference":null,"job":null,"n":1,"x":0,"y":0}
[completion-event] {"processOrdinal":1,"v":1,"event":12,"begin":"23345413750","end":"23345415625","thread":129,"request":122,"reference":null,"job":null,"n":1,"x":0,"y":0}
[completion-event] {"processOrdinal":1,"v":1,"event":13,"begin":"23345415625","end":"23345420583","thread":129,"request":122,"reference":null,"job":null,"n":1,"x":0,"y":100}
[completion-event] {"processOrdinal":1,"v":1,"event":10,"begin":"23452798375","end":"23473863458","thread":130,"request":123,"reference":null,"job":null,"n":7,"x":2,"y":0}
[completion-event] {"processOrdinal":1,"v":1,"event":11,"begin":"23473863458","end":"23473877542","thread":130,"request":123,"reference":null,"job":null,"n":1,"x":0,"y":0}
[completion-event] {"processOrdinal":1,"v":1,"event":12,"begin":"23473877542","end":"23473879458","thread":130,"request":123,"reference":null,"job":null,"n":1,"x":0,"y":0}
[completion-event] {"processOrdinal":1,"v":1,"event":13,"begin":"23473879458","end":"23473883167","thread":130,"request":123,"reference":null,"job":null,"n":1,"x":0,"y":100}
[completion-event] {"processOrdinal":1,"v":1,"event":10,"begin":"23582081042","end":"23602986083","thread":131,"request":124,"reference":null,"job":null,"n":7,"x":2,"y":0}
[completion-event] {"processOrdinal":1,"v":1,"event":11,"begin":"23602986083","end":"23603000333","thread":131,"request":124,"reference":null,"job":null,"n":1,"x":0,"y":0}
[completion-event] {"processOrdinal":1,"v":1,"event":12,"begin":"23603000333","end":"23603002417","thread":131,"request":124,"reference":null,"job":null,"n":1,"x":0,"y":0}
[completion-event] {"processOrdinal":1,"v":1,"event":13,"begin":"23603002417","end":"23603005958","thread":131,"request":124,"reference":null,"job":null,"n":1,"x":0,"y":100}
[completion-event] {"processOrdinal":1,"v":1,"event":10,"begin":"23710615333","end":"23734633542","thread":132,"request":125,"reference":null,"job":null,"n":7,"x":2,"y":0}
[completion-event] {"processOrdinal":1,"v":1,"event":11,"begin":"23734633542","end":"23734645000","thread":132,"request":125,"reference":null,"job":null,"n":1,"x":0,"y":0}
[completion-event] {"processOrdinal":1,"v":1,"event":12,"begin":"23734645000","end":"23734646250","thread":132,"request":125,"reference":null,"job":null,"n":1,"x":0,"y":0}
[completion-event] {"processOrdinal":1,"v":1,"event":13,"begin":"23734646250","end":"23734649333","thread":132,"request":125,"reference":null,"job":null,"n":1,"x":0,"y":100}
[completion-event] {"processOrdinal":1,"v":1,"event":10,"begin":"23841292542","end":"23861877083","thread":133,"request":126,"reference":null,"job":null,"n":7,"x":2,"y":0}
[completion-event] {"processOrdinal":1,"v":1,"event":11,"begin":"23861877083","end":"23861892375","thread":133,"request":126,"reference":null,"job":null,"n":1,"x":0,"y":0}
[completion-event] {"processOrdinal":1,"v":1,"event":12,"begin":"23861892375","end":"23861893833","thread":133,"request":126,"reference":null,"job":null,"n":1,"x":0,"y":0}
[completion-event] {"processOrdinal":1,"v":1,"event":13,"begin":"23861893833","end":"23861897750","thread":133,"request":126,"reference":null,"job":null,"n":1,"x":0,"y":100}
[completion-event] {"processOrdinal":1,"v":1,"event":10,"begin":"23970576250","end":"23991918375","thread":134,"request":127,"reference":null,"job":null,"n":7,"x":2,"y":0}
[completion-event] {"processOrdinal":1,"v":1,"event":11,"begin":"23991918375","end":"23991931958","thread":134,"request":127,"reference":null,"job":null,"n":1,"x":0,"y":0}
[completion-event] {"processOrdinal":1,"v":1,"event":12,"begin":"23991931958","end":"23991933750","thread":134,"request":127,"reference":null,"job":null,"n":1,"x":0,"y":0}
[completion-event] {"processOrdinal":1,"v":1,"event":13,"begin":"23991933750","end":"23991937583","thread":134,"request":127,"reference":null,"job":null,"n":1,"x":0,"y":100}
[completion-event] {"processOrdinal":1,"v":1,"event":10,"begin":"24099622292","end":"24120304708","thread":135,"request":128,"reference":null,"job":null,"n":7,"x":2,"y":0}
[completion-event] {"processOrdinal":1,"v":1,"event":11,"begin":"24120304708","end":"24120318125","thread":135,"request":128,"reference":null,"job":null,"n":1,"x":0,"y":0}
[completion-event] {"processOrdinal":1,"v":1,"event":12,"begin":"24120318125","end":"24120319708","thread":135,"request":128,"reference":null,"job":null,"n":1,"x":0,"y":0}
[completion-event] {"processOrdinal":1,"v":1,"event":13,"begin":"24120319708","end":"24120322750","thread":135,"request":128,"reference":null,"job":null,"n":1,"x":0,"y":100}
[completion-event] {"processOrdinal":1,"v":1,"event":10,"begin":"24228291500","end":"24249504792","thread":136,"request":129,"reference":null,"job":null,"n":7,"x":2,"y":0}
[completion-event] {"processOrdinal":1,"v":1,"event":11,"begin":"24249504792","end":"24249518375","thread":136,"request":129,"reference":null,"job":null,"n":1,"x":0,"y":0}
[completion-event] {"processOrdinal":1,"v":1,"event":12,"begin":"24249518375","end":"24249519958","thread":136,"request":129,"reference":null,"job":null,"n":1,"x":0,"y":0}
[completion-event] {"processOrdinal":1,"v":1,"event":13,"begin":"24249519958","end":"24249523792","thread":136,"request":129,"reference":null,"job":null,"n":1,"x":0,"y":100}
[completion-event] {"processOrdinal":1,"v":1,"event":10,"begin":"24355136583","end":"24376260708","thread":137,"request":130,"reference":null,"job":null,"n":7,"x":2,"y":0}
[completion-event] {"processOrdinal":1,"v":1,"event":11,"begin":"24376260708","end":"24376273417","thread":137,"request":130,"reference":null,"job":null,"n":1,"x":0,"y":0}
[completion-event] {"processOrdinal":1,"v":1,"event":12,"begin":"24376273417","end":"24376274708","thread":137,"request":130,"reference":null,"job":null,"n":1,"x":0,"y":0}
[completion-event] {"processOrdinal":1,"v":1,"event":13,"begin":"24376274708","end":"24376278167","thread":137,"request":130,"reference":null,"job":null,"n":1,"x":0,"y":100}
[completion-event] {"processOrdinal":1,"v":1,"event":10,"begin":"24483959750","end":"24504836000","thread":138,"request":131,"reference":null,"job":null,"n":7,"x":2,"y":0}
[completion-event] {"processOrdinal":1,"v":1,"event":11,"begin":"24504836000","end":"24504862792","thread":138,"request":131,"reference":null,"job":null,"n":1,"x":0,"y":0}
[completion-event] {"processOrdinal":1,"v":1,"event":12,"begin":"24504862792","end":"24504866250","thread":138,"request":131,"reference":null,"job":null,"n":1,"x":0,"y":0}
[completion-event] {"processOrdinal":1,"v":1,"event":13,"begin":"24504866250","end":"24504871708","thread":138,"request":131,"reference":null,"job":null,"n":1,"x":0,"y":100}
[completion-event] {"processOrdinal":1,"v":1,"event":10,"begin":"24613165042","end":"24634376542","thread":139,"request":132,"reference":null,"job":null,"n":7,"x":2,"y":0}
[completion-event] {"processOrdinal":1,"v":1,"event":11,"begin":"24634376542","end":"24634391208","thread":139,"request":132,"reference":null,"job":null,"n":1,"x":0,"y":0}
[completion-event] {"processOrdinal":1,"v":1,"event":12,"begin":"24634391208","end":"24634392958","thread":139,"request":132,"reference":null,"job":null,"n":1,"x":0,"y":0}
[completion-event] {"processOrdinal":1,"v":1,"event":13,"begin":"24634392958","end":"24634396625","thread":139,"request":132,"reference":null,"job":null,"n":1,"x":0,"y":100}
[completion-event] {"processOrdinal":1,"v":1,"event":10,"begin":"24741550000","end":"24762171208","thread":140,"request":133,"reference":null,"job":null,"n":7,"x":2,"y":0}
[completion-event] {"processOrdinal":1,"v":1,"event":11,"begin":"24762171208","end":"24762186500","thread":140,"request":133,"reference":null,"job":null,"n":1,"x":0,"y":0}
[completion-event] {"processOrdinal":1,"v":1,"event":12,"begin":"24762186500","end":"24762188292","thread":140,"request":133,"reference":null,"job":null,"n":1,"x":0,"y":0}
[completion-event] {"processOrdinal":1,"v":1,"event":13,"begin":"24762188292","end":"24762191875","thread":140,"request":133,"reference":null,"job":null,"n":1,"x":0,"y":100}
[completion-event] {"processOrdinal":1,"v":1,"event":10,"begin":"24869720208","end":"24890917625","thread":141,"request":134,"reference":null,"job":null,"n":7,"x":2,"y":0}
[completion-event] {"processOrdinal":1,"v":1,"event":11,"begin":"24890917625","end":"24890930167","thread":141,"request":134,"reference":null,"job":null,"n":1,"x":0,"y":0}
[completion-event] {"processOrdinal":1,"v":1,"event":12,"begin":"24890930167","end":"24890931625","thread":141,"request":134,"reference":null,"job":null,"n":1,"x":0,"y":0}
[completion-event] {"processOrdinal":1,"v":1,"event":13,"begin":"24890931625","end":"24890935250","thread":141,"request":134,"reference":null,"job":null,"n":1,"x":0,"y":100}
[completion-event] {"processOrdinal":1,"v":1,"event":10,"begin":"24999295792","end":"25020240083","thread":142,"request":135,"reference":null,"job":null,"n":7,"x":2,"y":0}
[completion-event] {"processOrdinal":1,"v":1,"event":11,"begin":"25020240083","end":"25020253542","thread":142,"request":135,"reference":null,"job":null,"n":1,"x":0,"y":0}
[completion-event] {"processOrdinal":1,"v":1,"event":12,"begin":"25020253542","end":"25020254875","thread":142,"request":135,"reference":null,"job":null,"n":1,"x":0,"y":0}
[completion-event] {"processOrdinal":1,"v":1,"event":13,"begin":"25020254875","end":"25020258250","thread":142,"request":135,"reference":null,"job":null,"n":1,"x":0,"y":100}
[completion-event] {"processOrdinal":1,"v":1,"event":10,"begin":"25128104750","end":"25149446667","thread":143,"request":136,"reference":null,"job":null,"n":7,"x":2,"y":0}
[completion-event] {"processOrdinal":1,"v":1,"event":11,"begin":"25149446667","end":"25149461250","thread":143,"request":136,"reference":null,"job":null,"n":1,"x":0,"y":0}
[completion-event] {"processOrdinal":1,"v":1,"event":12,"begin":"25149461250","end":"25149462833","thread":143,"request":136,"reference":null,"job":null,"n":1,"x":0,"y":0}
[completion-event] {"processOrdinal":1,"v":1,"event":13,"begin":"25149462833","end":"25149466333","thread":143,"request":136,"reference":null,"job":null,"n":1,"x":0,"y":100}
[completion-event] {"processOrdinal":1,"v":1,"event":10,"begin":"25257653750","end":"25279070583","thread":144,"request":137,"reference":null,"job":null,"n":7,"x":2,"y":0}
[completion-event] {"processOrdinal":1,"v":1,"event":11,"begin":"25279070583","end":"25279084333","thread":144,"request":137,"reference":null,"job":null,"n":1,"x":0,"y":0}
[completion-event] {"processOrdinal":1,"v":1,"event":12,"begin":"25279084333","end":"25279086333","thread":144,"request":137,"reference":null,"job":null,"n":1,"x":0,"y":0}
[completion-event] {"processOrdinal":1,"v":1,"event":13,"begin":"25279086333","end":"25279090042","thread":144,"request":137,"reference":null,"job":null,"n":1,"x":0,"y":100}
[completion-event] {"processOrdinal":1,"v":1,"event":10,"begin":"25385129167","end":"25406552875","thread":145,"request":138,"reference":null,"job":null,"n":7,"x":2,"y":0}
[completion-event] {"processOrdinal":1,"v":1,"event":11,"begin":"25406552875","end":"25406565875","thread":145,"request":138,"reference":null,"job":null,"n":1,"x":0,"y":0}
[completion-event] {"processOrdinal":1,"v":1,"event":12,"begin":"25406565875","end":"25406567458","thread":145,"request":138,"reference":null,"job":null,"n":1,"x":0,"y":0}
[completion-event] {"processOrdinal":1,"v":1,"event":13,"begin":"25406567458","end":"25406570708","thread":145,"request":138,"reference":null,"job":null,"n":1,"x":0,"y":100}
[completion-event] {"processOrdinal":1,"v":1,"event":10,"begin":"25514350042","end":"25535041333","thread":146,"request":139,"reference":null,"job":null,"n":7,"x":2,"y":0}
[completion-event] {"processOrdinal":1,"v":1,"event":11,"begin":"25535041333","end":"25535055417","thread":146,"request":139,"reference":null,"job":null,"n":1,"x":0,"y":0}
[completion-event] {"processOrdinal":1,"v":1,"event":12,"begin":"25535055417","end":"25535057167","thread":146,"request":139,"reference":null,"job":null,"n":1,"x":0,"y":0}
[completion-event] {"processOrdinal":1,"v":1,"event":13,"begin":"25535057167","end":"25535060333","thread":146,"request":139,"reference":null,"job":null,"n":1,"x":0,"y":100}
[completion-event] {"processOrdinal":1,"v":1,"event":10,"begin":"25641215875","end":"25662101875","thread":147,"request":140,"reference":null,"job":null,"n":7,"x":2,"y":0}
[completion-event] {"processOrdinal":1,"v":1,"event":11,"begin":"25662101875","end":"25662116625","thread":147,"request":140,"reference":null,"job":null,"n":1,"x":0,"y":0}
[completion-event] {"processOrdinal":1,"v":1,"event":12,"begin":"25662116625","end":"25662118250","thread":147,"request":140,"reference":null,"job":null,"n":1,"x":0,"y":0}
[completion-event] {"processOrdinal":1,"v":1,"event":13,"begin":"25662118250","end":"25662123000","thread":147,"request":140,"reference":null,"job":null,"n":1,"x":0,"y":100}
[completion-event] {"processOrdinal":1,"v":1,"event":10,"begin":"25770008792","end":"25790832833","thread":148,"request":141,"reference":null,"job":null,"n":7,"x":2,"y":0}
[completion-event] {"processOrdinal":1,"v":1,"event":11,"begin":"25790832833","end":"25790846958","thread":148,"request":141,"reference":null,"job":null,"n":1,"x":0,"y":0}
[completion-event] {"processOrdinal":1,"v":1,"event":12,"begin":"25790846958","end":"25790848625","thread":148,"request":141,"reference":null,"job":null,"n":1,"x":0,"y":0}
[completion-event] {"processOrdinal":1,"v":1,"event":13,"begin":"25790848625","end":"25790852292","thread":148,"request":141,"reference":null,"job":null,"n":1,"x":0,"y":100}
[completion-event] {"processOrdinal":1,"v":1,"event":10,"begin":"25899723583","end":"25920297208","thread":149,"request":142,"reference":null,"job":null,"n":7,"x":2,"y":0}
[completion-event] {"processOrdinal":1,"v":1,"event":11,"begin":"25920297208","end":"25920309417","thread":149,"request":142,"reference":null,"job":null,"n":1,"x":0,"y":0}
[completion-event] {"processOrdinal":1,"v":1,"event":12,"begin":"25920309417","end":"25920310667","thread":149,"request":142,"reference":null,"job":null,"n":1,"x":0,"y":0}
[completion-event] {"processOrdinal":1,"v":1,"event":13,"begin":"25920310667","end":"25920314417","thread":149,"request":142,"reference":null,"job":null,"n":1,"x":0,"y":100}
[completion-event] {"processOrdinal":1,"v":1,"event":10,"begin":"26025629625","end":"26045807667","thread":150,"request":143,"reference":null,"job":null,"n":7,"x":2,"y":0}
[completion-event] {"processOrdinal":1,"v":1,"event":11,"begin":"26045807667","end":"26045821625","thread":150,"request":143,"reference":null,"job":null,"n":1,"x":0,"y":0}
[completion-event] {"processOrdinal":1,"v":1,"event":12,"begin":"26045821625","end":"26045823458","thread":150,"request":143,"reference":null,"job":null,"n":1,"x":0,"y":0}
[completion-event] {"processOrdinal":1,"v":1,"event":13,"begin":"26045823458","end":"26045826583","thread":150,"request":143,"reference":null,"job":null,"n":1,"x":0,"y":100}
[completion-event] {"processOrdinal":1,"v":1,"event":10,"begin":"26152513292","end":"26172868833","thread":151,"request":144,"reference":null,"job":null,"n":7,"x":2,"y":0}
[completion-event] {"processOrdinal":1,"v":1,"event":11,"begin":"26172868833","end":"26172882667","thread":151,"request":144,"reference":null,"job":null,"n":1,"x":0,"y":0}
[completion-event] {"processOrdinal":1,"v":1,"event":12,"begin":"26172882667","end":"26172884542","thread":151,"request":144,"reference":null,"job":null,"n":1,"x":0,"y":0}
[completion-event] {"processOrdinal":1,"v":1,"event":13,"begin":"26172884542","end":"26172887917","thread":151,"request":144,"reference":null,"job":null,"n":1,"x":0,"y":100}
[completion-event] {"processOrdinal":1,"v":1,"event":10,"begin":"26279070458","end":"26299853208","thread":152,"request":145,"reference":null,"job":null,"n":7,"x":2,"y":0}
[completion-event] {"processOrdinal":1,"v":1,"event":11,"begin":"26299853208","end":"26299867917","thread":152,"request":145,"reference":null,"job":null,"n":1,"x":0,"y":0}
[completion-event] {"processOrdinal":1,"v":1,"event":12,"begin":"26299867917","end":"26299869583","thread":152,"request":145,"reference":null,"job":null,"n":1,"x":0,"y":0}
[completion-event] {"processOrdinal":1,"v":1,"event":13,"begin":"26299869583","end":"26299873083","thread":152,"request":145,"reference":null,"job":null,"n":1,"x":0,"y":100}
[completion-event] {"processOrdinal":1,"v":1,"event":10,"begin":"26406899375","end":"26427983125","thread":153,"request":146,"reference":null,"job":null,"n":7,"x":2,"y":0}
[completion-event] {"processOrdinal":1,"v":1,"event":11,"begin":"26427983125","end":"26427995500","thread":153,"request":146,"reference":null,"job":null,"n":1,"x":0,"y":0}
[completion-event] {"processOrdinal":1,"v":1,"event":12,"begin":"26427995500","end":"26427997250","thread":153,"request":146,"reference":null,"job":null,"n":1,"x":0,"y":0}
[completion-event] {"processOrdinal":1,"v":1,"event":13,"begin":"26427997250","end":"26428000417","thread":153,"request":146,"reference":null,"job":null,"n":1,"x":0,"y":100}
[completion-event] {"processOrdinal":1,"v":1,"event":10,"begin":"26557956083","end":"26591053625","thread":154,"request":147,"reference":null,"job":null,"n":8,"x":3,"y":0}
[completion-event] {"processOrdinal":1,"v":1,"event":11,"begin":"26591053625","end":"26591069000","thread":154,"request":147,"reference":null,"job":null,"n":1,"x":0,"y":0}
[completion-event] {"processOrdinal":1,"v":1,"event":12,"begin":"26591069000","end":"26591070500","thread":154,"request":147,"reference":null,"job":null,"n":1,"x":0,"y":0}
[completion-event] {"processOrdinal":1,"v":1,"event":13,"begin":"26591070500","end":"26591073750","thread":154,"request":147,"reference":null,"job":null,"n":1,"x":0,"y":100}
[completion-event] {"processOrdinal":1,"v":1,"event":10,"begin":"26700040667","end":"26733110500","thread":155,"request":148,"reference":null,"job":null,"n":8,"x":3,"y":0}
[completion-event] {"processOrdinal":1,"v":1,"event":11,"begin":"26733110500","end":"26733126833","thread":155,"request":148,"reference":null,"job":null,"n":1,"x":0,"y":0}
[completion-event] {"processOrdinal":1,"v":1,"event":12,"begin":"26733126833","end":"26733128417","thread":155,"request":148,"reference":null,"job":null,"n":1,"x":0,"y":0}
[completion-event] {"processOrdinal":1,"v":1,"event":13,"begin":"26733128417","end":"26733131958","thread":155,"request":148,"reference":null,"job":null,"n":1,"x":0,"y":100}
[completion-event] {"processOrdinal":1,"v":1,"event":2,"begin":"26783876958","end":"26783876958","thread":89,"request":0,"reference":"888d6e960e04bd3540f8ed155c3001276bc04a96b2578c56ebd0c8a1b957f290","job":"367d56248eb65258627b82d5c4f7241596f00f86f9f61c8172b8a4afe24b3528","n":0,"x":0,"y":0}
[completion-event] {"processOrdinal":1,"v":1,"event":3,"begin":"26783911375","end":"26783911375","thread":156,"request":0,"reference":"888d6e960e04bd3540f8ed155c3001276bc04a96b2578c56ebd0c8a1b957f290","job":"367d56248eb65258627b82d5c4f7241596f00f86f9f61c8172b8a4afe24b3528","n":0,"x":0,"y":0}
[completion-event] {"processOrdinal":1,"v":1,"event":4,"begin":"27180405667","end":"27180405667","thread":156,"request":0,"reference":"888d6e960e04bd3540f8ed155c3001276bc04a96b2578c56ebd0c8a1b957f290","job":"367d56248eb65258627b82d5c4f7241596f00f86f9f61c8172b8a4afe24b3528","n":0,"x":0,"y":0}
[completion-event] {"processOrdinal":1,"v":1,"event":10,"begin":"27177999083","end":"27217255917","thread":157,"request":149,"reference":null,"job":null,"n":8,"x":3,"y":0}
[completion-event] {"processOrdinal":1,"v":1,"event":11,"begin":"27217255917","end":"27217270625","thread":157,"request":149,"reference":null,"job":null,"n":1,"x":0,"y":0}
[completion-event] {"processOrdinal":1,"v":1,"event":12,"begin":"27217270625","end":"27217272167","thread":157,"request":149,"reference":null,"job":null,"n":1,"x":0,"y":0}
[completion-event] {"processOrdinal":1,"v":1,"event":13,"begin":"27217272167","end":"27217275625","thread":157,"request":149,"reference":null,"job":null,"n":1,"x":0,"y":100}
[completion-event] {"processOrdinal":1,"v":1,"event":2,"begin":"27510560167","end":"27510560167","thread":89,"request":0,"reference":"89f5a6b8ee07389e5bd9f408cd0d69d52bc48956f4dd63a15fc75b721653ed9f","job":"4705ab486557aaf5b544fc28bf3210e173973f83e8b1ae6d9a90fb088bd828b4","n":0,"x":0,"y":0}
[completion-event] {"processOrdinal":1,"v":1,"event":10,"begin":"27354833792","end":"27536668875","thread":158,"request":150,"reference":null,"job":null,"n":8,"x":3,"y":0}
[completion-event] {"processOrdinal":1,"v":1,"event":11,"begin":"27536668875","end":"27536685125","thread":158,"request":150,"reference":null,"job":null,"n":1,"x":0,"y":0}
[completion-event] {"processOrdinal":1,"v":1,"event":12,"begin":"27536685125","end":"27536686625","thread":158,"request":150,"reference":null,"job":null,"n":1,"x":0,"y":0}
[completion-event] {"processOrdinal":1,"v":1,"event":13,"begin":"27536686625","end":"27536689792","thread":158,"request":150,"reference":null,"job":null,"n":1,"x":0,"y":100}
[completion-event] {"processOrdinal":1,"v":1,"event":10,"begin":"27646768083","end":"27679534542","thread":159,"request":151,"reference":null,"job":null,"n":8,"x":3,"y":0}
[completion-event] {"processOrdinal":1,"v":1,"event":11,"begin":"27679534542","end":"27679550208","thread":159,"request":151,"reference":null,"job":null,"n":1,"x":0,"y":0}
[completion-event] {"processOrdinal":1,"v":1,"event":12,"begin":"27679550208","end":"27679551708","thread":159,"request":151,"reference":null,"job":null,"n":1,"x":0,"y":0}
[completion-event] {"processOrdinal":1,"v":1,"event":13,"begin":"27679551708","end":"27679554833","thread":159,"request":151,"reference":null,"job":null,"n":1,"x":0,"y":100}
[completion-event] {"processOrdinal":1,"v":1,"event":2,"begin":"27779069917","end":"27779069917","thread":89,"request":0,"reference":"c4f8956731eef44f1fd95e72c6854a12ad90316b5b31ad7e374f550520d40ddf","job":"75ac4c92297961ad8055cd3a8db8818924003f09e8225e0de78666392d8b4cc5","n":0,"x":0,"y":0}
[completion-event] {"processOrdinal":1,"v":1,"event":10,"begin":"27788070292","end":"27823170667","thread":160,"request":152,"reference":null,"job":null,"n":8,"x":3,"y":0}
[completion-event] {"processOrdinal":1,"v":1,"event":11,"begin":"27823170667","end":"27823185833","thread":160,"request":152,"reference":null,"job":null,"n":1,"x":0,"y":0}
[completion-event] {"processOrdinal":1,"v":1,"event":12,"begin":"27823185833","end":"27823187417","thread":160,"request":152,"reference":null,"job":null,"n":1,"x":0,"y":0}
[completion-event] {"processOrdinal":1,"v":1,"event":13,"begin":"27823187417","end":"27823190958","thread":160,"request":152,"reference":null,"job":null,"n":1,"x":0,"y":100}
[completion-event] {"processOrdinal":1,"v":1,"event":10,"begin":"27932161667","end":"27966621458","thread":161,"request":153,"reference":null,"job":null,"n":8,"x":3,"y":0}
[completion-event] {"processOrdinal":1,"v":1,"event":11,"begin":"27966621458","end":"27966637958","thread":161,"request":153,"reference":null,"job":null,"n":1,"x":0,"y":0}
[completion-event] {"processOrdinal":1,"v":1,"event":12,"begin":"27966637958","end":"27966639542","thread":161,"request":153,"reference":null,"job":null,"n":1,"x":0,"y":0}
[completion-event] {"processOrdinal":1,"v":1,"event":13,"begin":"27966639542","end":"27966642667","thread":161,"request":153,"reference":null,"job":null,"n":1,"x":0,"y":100}
[completion-event] {"processOrdinal":1,"v":1,"event":2,"begin":"28054790417","end":"28054790417","thread":89,"request":0,"reference":"3cb85ebc2267400b4b0fee50c7dfb31fd71904419e5687cbb50a62fc7aae7298","job":"8b7677f047a337735c507ffb154408550881eb5f3fb37cf9a88ad36d981fc138","n":0,"x":0,"y":0}
[completion-event] {"processOrdinal":1,"v":1,"event":10,"begin":"28075183167","end":"28108126250","thread":162,"request":154,"reference":null,"job":null,"n":8,"x":3,"y":0}
[completion-event] {"processOrdinal":1,"v":1,"event":11,"begin":"28108126250","end":"28108142667","thread":162,"request":154,"reference":null,"job":null,"n":1,"x":0,"y":0}
[completion-event] {"processOrdinal":1,"v":1,"event":12,"begin":"28108142667","end":"28108144167","thread":162,"request":154,"reference":null,"job":null,"n":1,"x":0,"y":0}
[completion-event] {"processOrdinal":1,"v":1,"event":13,"begin":"28108144167","end":"28108147750","thread":162,"request":154,"reference":null,"job":null,"n":1,"x":0,"y":100}
[completion-event] {"processOrdinal":1,"v":1,"event":10,"begin":"28217745833","end":"28252842125","thread":163,"request":155,"reference":null,"job":null,"n":8,"x":3,"y":0}
[completion-event] {"processOrdinal":1,"v":1,"event":11,"begin":"28252842125","end":"28252859792","thread":163,"request":155,"reference":null,"job":null,"n":1,"x":0,"y":0}
[completion-event] {"processOrdinal":1,"v":1,"event":12,"begin":"28252859792","end":"28252861792","thread":163,"request":155,"reference":null,"job":null,"n":1,"x":0,"y":0}
[completion-event] {"processOrdinal":1,"v":1,"event":13,"begin":"28252861792","end":"28252865458","thread":163,"request":155,"reference":null,"job":null,"n":1,"x":0,"y":100}
[completion-event] {"processOrdinal":1,"v":1,"event":10,"begin":"28361003833","end":"28394414708","thread":164,"request":156,"reference":null,"job":null,"n":8,"x":3,"y":0}
[completion-event] {"processOrdinal":1,"v":1,"event":11,"begin":"28394414708","end":"28394431542","thread":164,"request":156,"reference":null,"job":null,"n":1,"x":0,"y":0}
[completion-event] {"processOrdinal":1,"v":1,"event":12,"begin":"28394431542","end":"28394433125","thread":164,"request":156,"reference":null,"job":null,"n":1,"x":0,"y":0}
[completion-event] {"processOrdinal":1,"v":1,"event":13,"begin":"28394433125","end":"28394436625","thread":164,"request":156,"reference":null,"job":null,"n":1,"x":0,"y":100}
[completion-event] {"processOrdinal":1,"v":1,"event":10,"begin":"28504213583","end":"28538960500","thread":165,"request":157,"reference":null,"job":null,"n":8,"x":3,"y":0}
[completion-event] {"processOrdinal":1,"v":1,"event":11,"begin":"28538960500","end":"28538977208","thread":165,"request":157,"reference":null,"job":null,"n":1,"x":0,"y":0}
[completion-event] {"processOrdinal":1,"v":1,"event":12,"begin":"28538977208","end":"28538978458","thread":165,"request":157,"reference":null,"job":null,"n":1,"x":0,"y":0}
[completion-event] {"processOrdinal":1,"v":1,"event":13,"begin":"28538978458","end":"28538982375","thread":165,"request":157,"reference":null,"job":null,"n":1,"x":0,"y":100}
[completion-event] {"processOrdinal":1,"v":1,"event":10,"begin":"28648205417","end":"28682312250","thread":166,"request":158,"reference":null,"job":null,"n":8,"x":3,"y":0}
[completion-event] {"processOrdinal":1,"v":1,"event":11,"begin":"28682312250","end":"28682328250","thread":166,"request":158,"reference":null,"job":null,"n":1,"x":0,"y":0}
[completion-event] {"processOrdinal":1,"v":1,"event":12,"begin":"28682328250","end":"28682329750","thread":166,"request":158,"reference":null,"job":null,"n":1,"x":0,"y":0}
[completion-event] {"processOrdinal":1,"v":1,"event":13,"begin":"28682329750","end":"28682333333","thread":166,"request":158,"reference":null,"job":null,"n":1,"x":0,"y":100}
[completion-event] {"processOrdinal":1,"v":1,"event":10,"begin":"28792305958","end":"28825202042","thread":167,"request":159,"reference":null,"job":null,"n":8,"x":3,"y":0}
[completion-event] {"processOrdinal":1,"v":1,"event":11,"begin":"28825202042","end":"28825217000","thread":167,"request":159,"reference":null,"job":null,"n":1,"x":0,"y":0}
[completion-event] {"processOrdinal":1,"v":1,"event":12,"begin":"28825217000","end":"28825218583","thread":167,"request":159,"reference":null,"job":null,"n":1,"x":0,"y":0}
[completion-event] {"processOrdinal":1,"v":1,"event":13,"begin":"28825218583","end":"28825221792","thread":167,"request":159,"reference":null,"job":null,"n":1,"x":0,"y":100}
[completion-event] {"processOrdinal":1,"v":1,"event":10,"begin":"28933475750","end":"28967393125","thread":168,"request":160,"reference":null,"job":null,"n":8,"x":3,"y":0}
[completion-event] {"processOrdinal":1,"v":1,"event":11,"begin":"28967393125","end":"28967410417","thread":168,"request":160,"reference":null,"job":null,"n":1,"x":0,"y":0}
[completion-event] {"processOrdinal":1,"v":1,"event":12,"begin":"28967410417","end":"28967411875","thread":168,"request":160,"reference":null,"job":null,"n":1,"x":0,"y":0}
[completion-event] {"processOrdinal":1,"v":1,"event":13,"begin":"28967411875","end":"28967415333","thread":168,"request":160,"reference":null,"job":null,"n":1,"x":0,"y":100}
[completion-event] {"processOrdinal":1,"v":1,"event":10,"begin":"29076536958","end":"29108879208","thread":169,"request":161,"reference":null,"job":null,"n":8,"x":3,"y":0}
[completion-event] {"processOrdinal":1,"v":1,"event":11,"begin":"29108879208","end":"29108896708","thread":169,"request":161,"reference":null,"job":null,"n":1,"x":0,"y":0}
[completion-event] {"processOrdinal":1,"v":1,"event":12,"begin":"29108896708","end":"29108898250","thread":169,"request":161,"reference":null,"job":null,"n":1,"x":0,"y":0}
[completion-event] {"processOrdinal":1,"v":1,"event":13,"begin":"29108898250","end":"29108901958","thread":169,"request":161,"reference":null,"job":null,"n":1,"x":0,"y":100}
[completion-event] {"processOrdinal":1,"v":1,"event":10,"begin":"29216539542","end":"29248458917","thread":170,"request":162,"reference":null,"job":null,"n":8,"x":3,"y":0}
[completion-event] {"processOrdinal":1,"v":1,"event":11,"begin":"29248458917","end":"29248473500","thread":170,"request":162,"reference":null,"job":null,"n":1,"x":0,"y":0}
[completion-event] {"processOrdinal":1,"v":1,"event":12,"begin":"29248473500","end":"29248474875","thread":170,"request":162,"reference":null,"job":null,"n":1,"x":0,"y":0}
[completion-event] {"processOrdinal":1,"v":1,"event":13,"begin":"29248474875","end":"29248478292","thread":170,"request":162,"reference":null,"job":null,"n":1,"x":0,"y":100}
[completion-event] {"processOrdinal":1,"v":1,"event":10,"begin":"29357923875","end":"29390080250","thread":171,"request":163,"reference":null,"job":null,"n":8,"x":3,"y":0}
[completion-event] {"processOrdinal":1,"v":1,"event":11,"begin":"29390080250","end":"29390095167","thread":171,"request":163,"reference":null,"job":null,"n":1,"x":0,"y":0}
[completion-event] {"processOrdinal":1,"v":1,"event":12,"begin":"29390095167","end":"29390096333","thread":171,"request":163,"reference":null,"job":null,"n":1,"x":0,"y":0}
[completion-event] {"processOrdinal":1,"v":1,"event":13,"begin":"29390096333","end":"29390100167","thread":171,"request":163,"reference":null,"job":null,"n":1,"x":0,"y":100}
[completion-event] {"processOrdinal":1,"v":1,"event":10,"begin":"29498296292","end":"29532042000","thread":172,"request":164,"reference":null,"job":null,"n":8,"x":3,"y":0}
[completion-event] {"processOrdinal":1,"v":1,"event":11,"begin":"29532042000","end":"29532059292","thread":172,"request":164,"reference":null,"job":null,"n":1,"x":0,"y":0}
[completion-event] {"processOrdinal":1,"v":1,"event":12,"begin":"29532059292","end":"29532061042","thread":172,"request":164,"reference":null,"job":null,"n":1,"x":0,"y":0}
[completion-event] {"processOrdinal":1,"v":1,"event":13,"begin":"29532061042","end":"29532064917","thread":172,"request":164,"reference":null,"job":null,"n":1,"x":0,"y":100}
[completion-event] {"processOrdinal":1,"v":1,"event":10,"begin":"29642299542","end":"29675127625","thread":173,"request":165,"reference":null,"job":null,"n":8,"x":3,"y":0}
[completion-event] {"processOrdinal":1,"v":1,"event":11,"begin":"29675127625","end":"29675144042","thread":173,"request":165,"reference":null,"job":null,"n":1,"x":0,"y":0}
[completion-event] {"processOrdinal":1,"v":1,"event":12,"begin":"29675144042","end":"29675145583","thread":173,"request":165,"reference":null,"job":null,"n":1,"x":0,"y":0}
[completion-event] {"processOrdinal":1,"v":1,"event":13,"begin":"29675145583","end":"29675148875","thread":173,"request":165,"reference":null,"job":null,"n":1,"x":0,"y":100}
[completion-event] {"processOrdinal":1,"v":1,"event":10,"begin":"29783535917","end":"29816442708","thread":174,"request":166,"reference":null,"job":null,"n":8,"x":3,"y":0}
[completion-event] {"processOrdinal":1,"v":1,"event":11,"begin":"29816442708","end":"29816460208","thread":174,"request":166,"reference":null,"job":null,"n":1,"x":0,"y":0}
[completion-event] {"processOrdinal":1,"v":1,"event":12,"begin":"29816460208","end":"29816461958","thread":174,"request":166,"reference":null,"job":null,"n":1,"x":0,"y":0}
[completion-event] {"processOrdinal":1,"v":1,"event":13,"begin":"29816461958","end":"29816466000","thread":174,"request":166,"reference":null,"job":null,"n":1,"x":0,"y":100}
[completion-event] {"processOrdinal":1,"v":1,"event":10,"begin":"29925096708","end":"29958737542","thread":175,"request":167,"reference":null,"job":null,"n":8,"x":3,"y":0}
[completion-event] {"processOrdinal":1,"v":1,"event":11,"begin":"29958737542","end":"29958753333","thread":175,"request":167,"reference":null,"job":null,"n":1,"x":0,"y":0}
[completion-event] {"processOrdinal":1,"v":1,"event":12,"begin":"29958753333","end":"29958754750","thread":175,"request":167,"reference":null,"job":null,"n":1,"x":0,"y":0}
[completion-event] {"processOrdinal":1,"v":1,"event":13,"begin":"29958754750","end":"29958758208","thread":175,"request":167,"reference":null,"job":null,"n":1,"x":0,"y":100}
[completion-event] {"processOrdinal":1,"v":1,"event":10,"begin":"30067335167","end":"30100810792","thread":176,"request":168,"reference":null,"job":null,"n":8,"x":3,"y":0}
[completion-event] {"processOrdinal":1,"v":1,"event":11,"begin":"30100810792","end":"30100827375","thread":176,"request":168,"reference":null,"job":null,"n":1,"x":0,"y":0}
[completion-event] {"processOrdinal":1,"v":1,"event":12,"begin":"30100827375","end":"30100829250","thread":176,"request":168,"reference":null,"job":null,"n":1,"x":0,"y":0}
[completion-event] {"processOrdinal":1,"v":1,"event":13,"begin":"30100829250","end":"30100834875","thread":176,"request":168,"reference":null,"job":null,"n":1,"x":0,"y":100}
[completion-event] {"processOrdinal":1,"v":1,"event":10,"begin":"30210059375","end":"30242924458","thread":177,"request":169,"reference":null,"job":null,"n":8,"x":3,"y":0}
[completion-event] {"processOrdinal":1,"v":1,"event":11,"begin":"30242924458","end":"30242939917","thread":177,"request":169,"reference":null,"job":null,"n":1,"x":0,"y":0}
[completion-event] {"processOrdinal":1,"v":1,"event":12,"begin":"30242939917","end":"30242941333","thread":177,"request":169,"reference":null,"job":null,"n":1,"x":0,"y":0}
[completion-event] {"processOrdinal":1,"v":1,"event":13,"begin":"30242941333","end":"30242944625","thread":177,"request":169,"reference":null,"job":null,"n":1,"x":0,"y":100}
[completion-event] {"processOrdinal":1,"v":1,"event":10,"begin":"30352981167","end":"30386649833","thread":178,"request":170,"reference":null,"job":null,"n":8,"x":3,"y":0}
[completion-event] {"processOrdinal":1,"v":1,"event":11,"begin":"30386649833","end":"30386667583","thread":178,"request":170,"reference":null,"job":null,"n":1,"x":0,"y":0}
[completion-event] {"processOrdinal":1,"v":1,"event":12,"begin":"30386667583","end":"30386669375","thread":178,"request":170,"reference":null,"job":null,"n":1,"x":0,"y":0}
[completion-event] {"processOrdinal":1,"v":1,"event":13,"begin":"30386669375","end":"30386673625","thread":178,"request":170,"reference":null,"job":null,"n":1,"x":0,"y":100}
[completion-event] {"processOrdinal":1,"v":1,"event":10,"begin":"30497052958","end":"30529920083","thread":179,"request":171,"reference":null,"job":null,"n":8,"x":3,"y":0}
[completion-event] {"processOrdinal":1,"v":1,"event":11,"begin":"30529920083","end":"30529938167","thread":179,"request":171,"reference":null,"job":null,"n":1,"x":0,"y":0}
[completion-event] {"processOrdinal":1,"v":1,"event":12,"begin":"30529938167","end":"30529939667","thread":179,"request":171,"reference":null,"job":null,"n":1,"x":0,"y":0}
[completion-event] {"processOrdinal":1,"v":1,"event":13,"begin":"30529939667","end":"30529944125","thread":179,"request":171,"reference":null,"job":null,"n":1,"x":0,"y":100}
[completion-event] {"processOrdinal":1,"v":1,"event":10,"begin":"30640867875","end":"30675493458","thread":180,"request":172,"reference":null,"job":null,"n":8,"x":3,"y":0}
[completion-event] {"processOrdinal":1,"v":1,"event":11,"begin":"30675493458","end":"30675507792","thread":180,"request":172,"reference":null,"job":null,"n":1,"x":0,"y":0}
[completion-event] {"processOrdinal":1,"v":1,"event":12,"begin":"30675507792","end":"30675509250","thread":180,"request":172,"reference":null,"job":null,"n":1,"x":0,"y":0}
[completion-event] {"processOrdinal":1,"v":1,"event":13,"begin":"30675509250","end":"30675512625","thread":180,"request":172,"reference":null,"job":null,"n":1,"x":0,"y":100}
[completion-event] {"processOrdinal":1,"v":1,"event":10,"begin":"30783638417","end":"30816369000","thread":181,"request":173,"reference":null,"job":null,"n":8,"x":3,"y":0}
[completion-event] {"processOrdinal":1,"v":1,"event":11,"begin":"30816369000","end":"30816384333","thread":181,"request":173,"reference":null,"job":null,"n":1,"x":0,"y":0}
[completion-event] {"processOrdinal":1,"v":1,"event":12,"begin":"30816384333","end":"30816385542","thread":181,"request":173,"reference":null,"job":null,"n":1,"x":0,"y":0}
[completion-event] {"processOrdinal":1,"v":1,"event":13,"begin":"30816385542","end":"30816388917","thread":181,"request":173,"reference":null,"job":null,"n":1,"x":0,"y":100}
[completion-event] {"processOrdinal":1,"v":1,"event":6,"begin":"31228305250","end":"31228305250","thread":156,"request":0,"reference":"888d6e960e04bd3540f8ed155c3001276bc04a96b2578c56ebd0c8a1b957f290","job":"367d56248eb65258627b82d5c4f7241596f00f86f9f61c8172b8a4afe24b3528","n":0,"x":0,"y":0}
[completion-event] {"processOrdinal":1,"v":1,"event":10,"begin":"30925100292","end":"31231004875","thread":182,"request":174,"reference":null,"job":null,"n":8,"x":3,"y":0}
[completion-event] {"processOrdinal":1,"v":1,"event":11,"begin":"31231004875","end":"31231019250","thread":182,"request":174,"reference":null,"job":null,"n":1,"x":0,"y":0}
[completion-event] {"processOrdinal":1,"v":1,"event":12,"begin":"31231019250","end":"31231020875","thread":182,"request":174,"reference":null,"job":null,"n":1,"x":0,"y":0}
[completion-event] {"processOrdinal":1,"v":1,"event":13,"begin":"31231020875","end":"31231024000","thread":182,"request":174,"reference":null,"job":null,"n":1,"x":0,"y":100}
[completion-event] {"processOrdinal":1,"v":1,"event":7,"begin":"31564171208","end":"31564171208","thread":156,"request":0,"reference":"888d6e960e04bd3540f8ed155c3001276bc04a96b2578c56ebd0c8a1b957f290","job":"367d56248eb65258627b82d5c4f7241596f00f86f9f61c8172b8a4afe24b3528","n":0,"x":0,"y":0}
[completion-event] {"processOrdinal":1,"v":1,"event":8,"begin":"31881054292","end":"31881054292","thread":156,"request":0,"reference":"888d6e960e04bd3540f8ed155c3001276bc04a96b2578c56ebd0c8a1b957f290","job":"367d56248eb65258627b82d5c4f7241596f00f86f9f61c8172b8a4afe24b3528","n":0,"x":0,"y":0}
[completion-event] {"processOrdinal":1,"v":1,"event":5,"begin":"31881336583","end":"31881336583","thread":156,"request":0,"reference":"888d6e960e04bd3540f8ed155c3001276bc04a96b2578c56ebd0c8a1b957f290","job":"367d56248eb65258627b82d5c4f7241596f00f86f9f61c8172b8a4afe24b3528","n":1,"x":0,"y":0}
[completion-event] {"processOrdinal":1,"v":1,"event":3,"begin":"31881482458","end":"31881482458","thread":156,"request":0,"reference":"89f5a6b8ee07389e5bd9f408cd0d69d52bc48956f4dd63a15fc75b721653ed9f","job":"4705ab486557aaf5b544fc28bf3210e173973f83e8b1ae6d9a90fb088bd828b4","n":0,"x":0,"y":0}
[completion-event] {"processOrdinal":1,"v":1,"event":10,"begin":"31629344500","end":"31933929000","thread":183,"request":175,"reference":null,"job":null,"n":9,"x":3,"y":0}
[completion-event] {"processOrdinal":1,"v":1,"event":11,"begin":"31933929000","end":"31933950292","thread":183,"request":175,"reference":null,"job":null,"n":1,"x":0,"y":0}
[completion-event] {"processOrdinal":1,"v":1,"event":12,"begin":"31933950292","end":"31933951583","thread":183,"request":175,"reference":null,"job":null,"n":1,"x":0,"y":0}
[completion-event] {"processOrdinal":1,"v":1,"event":13,"begin":"31933951583","end":"31933954958","thread":183,"request":175,"reference":null,"job":null,"n":1,"x":0,"y":100}
[completion-event] {"processOrdinal":1,"v":1,"event":4,"begin":"32508760000","end":"32508760000","thread":156,"request":0,"reference":"89f5a6b8ee07389e5bd9f408cd0d69d52bc48956f4dd63a15fc75b721653ed9f","job":"4705ab486557aaf5b544fc28bf3210e173973f83e8b1ae6d9a90fb088bd828b4","n":0,"x":0,"y":0}
[completion-event] {"processOrdinal":1,"v":1,"event":10,"begin":"32508504000","end":"32866954750","thread":184,"request":176,"reference":null,"job":null,"n":10,"x":6,"y":0}
[completion-event] {"processOrdinal":1,"v":1,"event":11,"begin":"32866954750","end":"32866978000","thread":184,"request":176,"reference":null,"job":null,"n":1,"x":0,"y":0}
[completion-event] {"processOrdinal":1,"v":1,"event":12,"begin":"32866978000","end":"32866979625","thread":184,"request":176,"reference":null,"job":null,"n":1,"x":0,"y":0}
[completion-event] {"processOrdinal":1,"v":1,"event":13,"begin":"32866979625","end":"32866983208","thread":184,"request":176,"reference":null,"job":null,"n":1,"x":0,"y":100}
[completion-event] {"processOrdinal":1,"v":1,"event":10,"begin":"33221663625","end":"33353719875","thread":185,"request":177,"reference":null,"job":null,"n":10,"x":6,"y":0}
[completion-event] {"processOrdinal":1,"v":1,"event":11,"begin":"33353719875","end":"33353767958","thread":185,"request":177,"reference":null,"job":null,"n":1,"x":0,"y":0}
[completion-event] {"processOrdinal":1,"v":1,"event":12,"begin":"33353767958","end":"33353771292","thread":185,"request":177,"reference":null,"job":null,"n":1,"x":0,"y":0}
[completion-event] {"processOrdinal":1,"v":1,"event":13,"begin":"33353771292","end":"33353777208","thread":185,"request":177,"reference":null,"job":null,"n":1,"x":0,"y":100}
[completion-event] {"processOrdinal":1,"v":1,"event":10,"begin":"33709320375","end":"33842112417","thread":186,"request":178,"reference":null,"job":null,"n":10,"x":6,"y":0}
[completion-event] {"processOrdinal":1,"v":1,"event":11,"begin":"33842112417","end":"33842135458","thread":186,"request":178,"reference":null,"job":null,"n":1,"x":0,"y":0}
[completion-event] {"processOrdinal":1,"v":1,"event":12,"begin":"33842135458","end":"33842137125","thread":186,"request":178,"reference":null,"job":null,"n":1,"x":0,"y":0}
[completion-event] {"processOrdinal":1,"v":1,"event":13,"begin":"33842137125","end":"33842140625","thread":186,"request":178,"reference":null,"job":null,"n":1,"x":0,"y":100}
[completion-event] {"processOrdinal":1,"v":1,"event":10,"begin":"34193805583","end":"34325226833","thread":187,"request":179,"reference":null,"job":null,"n":10,"x":6,"y":0}
[completion-event] {"processOrdinal":1,"v":1,"event":11,"begin":"34325226833","end":"34325249917","thread":187,"request":179,"reference":null,"job":null,"n":1,"x":0,"y":0}
[completion-event] {"processOrdinal":1,"v":1,"event":12,"begin":"34325249917","end":"34325251333","thread":187,"request":179,"reference":null,"job":null,"n":1,"x":0,"y":0}
[completion-event] {"processOrdinal":1,"v":1,"event":13,"begin":"34325251333","end":"34325255625","thread":187,"request":179,"reference":null,"job":null,"n":1,"x":0,"y":100}
[completion-event] {"processOrdinal":1,"v":1,"event":10,"begin":"34685853042","end":"34818919125","thread":188,"request":180,"reference":null,"job":null,"n":10,"x":6,"y":0}
[completion-event] {"processOrdinal":1,"v":1,"event":11,"begin":"34818919125","end":"34818944375","thread":188,"request":180,"reference":null,"job":null,"n":1,"x":0,"y":0}
[completion-event] {"processOrdinal":1,"v":1,"event":12,"begin":"34818944375","end":"34818946083","thread":188,"request":180,"reference":null,"job":null,"n":1,"x":0,"y":0}
[completion-event] {"processOrdinal":1,"v":1,"event":13,"begin":"34818946083","end":"34818949458","thread":188,"request":180,"reference":null,"job":null,"n":1,"x":0,"y":100}
[completion-event] {"processOrdinal":1,"v":1,"event":10,"begin":"35174999583","end":"35308322000","thread":189,"request":181,"reference":null,"job":null,"n":10,"x":6,"y":0}
[completion-event] {"processOrdinal":1,"v":1,"event":11,"begin":"35308322000","end":"35308344750","thread":189,"request":181,"reference":null,"job":null,"n":1,"x":0,"y":0}
[completion-event] {"processOrdinal":1,"v":1,"event":12,"begin":"35308344750","end":"35308346333","thread":189,"request":181,"reference":null,"job":null,"n":1,"x":0,"y":0}
[completion-event] {"processOrdinal":1,"v":1,"event":13,"begin":"35308346333","end":"35308349583","thread":189,"request":181,"reference":null,"job":null,"n":1,"x":0,"y":100}
[completion-event] {"processOrdinal":1,"v":1,"event":10,"begin":"35671379792","end":"35806937542","thread":190,"request":182,"reference":null,"job":null,"n":10,"x":6,"y":0}
[completion-event] {"processOrdinal":1,"v":1,"event":11,"begin":"35806937542","end":"35806961000","thread":190,"request":182,"reference":null,"job":null,"n":1,"x":0,"y":0}
[completion-event] {"processOrdinal":1,"v":1,"event":12,"begin":"35806961000","end":"35806962417","thread":190,"request":182,"reference":null,"job":null,"n":1,"x":0,"y":0}
[completion-event] {"processOrdinal":1,"v":1,"event":13,"begin":"35806962417","end":"35806966000","thread":190,"request":182,"reference":null,"job":null,"n":1,"x":0,"y":100}
[completion-event] {"processOrdinal":1,"v":1,"event":10,"begin":"36164334292","end":"36303056083","thread":191,"request":183,"reference":null,"job":null,"n":10,"x":6,"y":0}
[completion-event] {"processOrdinal":1,"v":1,"event":11,"begin":"36303056083","end":"36303081208","thread":191,"request":183,"reference":null,"job":null,"n":1,"x":0,"y":0}
[completion-event] {"processOrdinal":1,"v":1,"event":12,"begin":"36303081208","end":"36303083250","thread":191,"request":183,"reference":null,"job":null,"n":1,"x":0,"y":0}
[completion-event] {"processOrdinal":1,"v":1,"event":13,"begin":"36303083250","end":"36303086833","thread":191,"request":183,"reference":null,"job":null,"n":1,"x":0,"y":100}
[completion-event] {"processOrdinal":1,"v":1,"event":6,"begin":"36615087708","end":"36615087708","thread":156,"request":0,"reference":"89f5a6b8ee07389e5bd9f408cd0d69d52bc48956f4dd63a15fc75b721653ed9f","job":"4705ab486557aaf5b544fc28bf3210e173973f83e8b1ae6d9a90fb088bd828b4","n":0,"x":0,"y":0}
[completion-event] {"processOrdinal":1,"v":1,"event":7,"begin":"37246554458","end":"37246554458","thread":156,"request":0,"reference":"89f5a6b8ee07389e5bd9f408cd0d69d52bc48956f4dd63a15fc75b721653ed9f","job":"4705ab486557aaf5b544fc28bf3210e173973f83e8b1ae6d9a90fb088bd828b4","n":0,"x":0,"y":0}
[completion-event] {"processOrdinal":1,"v":1,"event":8,"begin":"37510225875","end":"37510225875","thread":156,"request":0,"reference":"89f5a6b8ee07389e5bd9f408cd0d69d52bc48956f4dd63a15fc75b721653ed9f","job":"4705ab486557aaf5b544fc28bf3210e173973f83e8b1ae6d9a90fb088bd828b4","n":0,"x":0,"y":0}
[completion-event] {"processOrdinal":1,"v":1,"event":5,"begin":"37510512875","end":"37510512875","thread":156,"request":0,"reference":"89f5a6b8ee07389e5bd9f408cd0d69d52bc48956f4dd63a15fc75b721653ed9f","job":"4705ab486557aaf5b544fc28bf3210e173973f83e8b1ae6d9a90fb088bd828b4","n":1,"x":0,"y":0}
[completion-event] {"processOrdinal":1,"v":1,"event":3,"begin":"37510648125","end":"37510648125","thread":156,"request":0,"reference":"c4f8956731eef44f1fd95e72c6854a12ad90316b5b31ad7e374f550520d40ddf","job":"75ac4c92297961ad8055cd3a8db8818924003f09e8225e0de78666392d8b4cc5","n":0,"x":0,"y":0}
[completion-event] {"processOrdinal":1,"v":1,"event":10,"begin":"36912345792","end":"37602915875","thread":192,"request":184,"reference":null,"job":null,"n":11,"x":6,"y":0}
[completion-event] {"processOrdinal":1,"v":1,"event":11,"begin":"37602915875","end":"37602947958","thread":192,"request":184,"reference":null,"job":null,"n":1,"x":0,"y":0}
[completion-event] {"processOrdinal":1,"v":1,"event":12,"begin":"37602947958","end":"37602949750","thread":192,"request":184,"reference":null,"job":null,"n":1,"x":0,"y":0}
[completion-event] {"processOrdinal":1,"v":1,"event":13,"begin":"37602949750","end":"37602953292","thread":192,"request":184,"reference":null,"job":null,"n":1,"x":0,"y":100}
[completion-event] {"processOrdinal":1,"v":1,"event":4,"begin":"38394654875","end":"38394654875","thread":156,"request":0,"reference":"c4f8956731eef44f1fd95e72c6854a12ad90316b5b31ad7e374f550520d40ddf","job":"75ac4c92297961ad8055cd3a8db8818924003f09e8225e0de78666392d8b4cc5","n":0,"x":0,"y":0}
[completion-event] {"processOrdinal":1,"v":1,"event":10,"begin":"38393056083","end":"38844931667","thread":193,"request":185,"reference":null,"job":null,"n":11,"x":8,"y":0}
[completion-event] {"processOrdinal":1,"v":1,"event":11,"begin":"38844931667","end":"38844963542","thread":193,"request":185,"reference":null,"job":null,"n":1,"x":0,"y":0}
[completion-event] {"processOrdinal":1,"v":1,"event":12,"begin":"38844963542","end":"38844965208","thread":193,"request":185,"reference":null,"job":null,"n":1,"x":0,"y":0}
[completion-event] {"processOrdinal":1,"v":1,"event":13,"begin":"38844965208","end":"38844969458","thread":193,"request":185,"reference":null,"job":null,"n":1,"x":0,"y":100}
[completion-event] {"processOrdinal":1,"v":1,"event":10,"begin":"39461238250","end":"39700903375","thread":194,"request":186,"reference":null,"job":null,"n":11,"x":8,"y":0}
[completion-event] {"processOrdinal":1,"v":1,"event":11,"begin":"39700903375","end":"39700930792","thread":194,"request":186,"reference":null,"job":null,"n":1,"x":0,"y":0}
[completion-event] {"processOrdinal":1,"v":1,"event":12,"begin":"39700930792","end":"39700932875","thread":194,"request":186,"reference":null,"job":null,"n":1,"x":0,"y":0}
[completion-event] {"processOrdinal":1,"v":1,"event":13,"begin":"39700932875","end":"39700936625","thread":194,"request":186,"reference":null,"job":null,"n":1,"x":0,"y":100}
[completion-event] {"processOrdinal":1,"v":1,"event":10,"begin":"40325050500","end":"40578424250","thread":195,"request":187,"reference":null,"job":null,"n":13,"x":9,"y":0}
[completion-event] {"processOrdinal":1,"v":1,"event":11,"begin":"40578424250","end":"40578475750","thread":195,"request":187,"reference":null,"job":null,"n":2,"x":0,"y":0}
[completion-event] {"processOrdinal":1,"v":1,"event":12,"begin":"40578475750","end":"40578479917","thread":195,"request":187,"reference":null,"job":null,"n":2,"x":0,"y":0}
[completion-event] {"processOrdinal":1,"v":1,"event":13,"begin":"40578479917","end":"40578493667","thread":195,"request":187,"reference":null,"job":null,"n":2,"x":0,"y":100}
[completion-event] {"processOrdinal":1,"v":1,"event":10,"begin":"41195642042","end":"41435579083","thread":196,"request":188,"reference":null,"job":null,"n":13,"x":9,"y":0}
[completion-event] {"processOrdinal":1,"v":1,"event":11,"begin":"41435579083","end":"41435612042","thread":196,"request":188,"reference":null,"job":null,"n":2,"x":0,"y":0}
[completion-event] {"processOrdinal":1,"v":1,"event":12,"begin":"41435612042","end":"41435614417","thread":196,"request":188,"reference":null,"job":null,"n":2,"x":0,"y":0}
[completion-event] {"processOrdinal":1,"v":1,"event":13,"begin":"41435614417","end":"41435618375","thread":196,"request":188,"reference":null,"job":null,"n":2,"x":0,"y":100}
[completion-event] {"processOrdinal":1,"v":1,"event":10,"begin":"42046938542","end":"42286542917","thread":197,"request":189,"reference":null,"job":null,"n":13,"x":9,"y":0}
[completion-event] {"processOrdinal":1,"v":1,"event":11,"begin":"42286542917","end":"42286603125","thread":197,"request":189,"reference":null,"job":null,"n":2,"x":0,"y":0}
[completion-event] {"processOrdinal":1,"v":1,"event":12,"begin":"42286603125","end":"42286607500","thread":197,"request":189,"reference":null,"job":null,"n":2,"x":0,"y":0}
[completion-event] {"processOrdinal":1,"v":1,"event":13,"begin":"42286607500","end":"42286612458","thread":197,"request":189,"reference":null,"job":null,"n":2,"x":0,"y":100}
[completion-event] {"processOrdinal":1,"v":1,"event":6,"begin":"42628637750","end":"42628637750","thread":156,"request":0,"reference":"c4f8956731eef44f1fd95e72c6854a12ad90316b5b31ad7e374f550520d40ddf","job":"75ac4c92297961ad8055cd3a8db8818924003f09e8225e0de78666392d8b4cc5","n":0,"x":0,"y":0}
[completion-event] {"processOrdinal":1,"v":1,"event":7,"begin":"43499355417","end":"43499355417","thread":156,"request":0,"reference":"c4f8956731eef44f1fd95e72c6854a12ad90316b5b31ad7e374f550520d40ddf","job":"75ac4c92297961ad8055cd3a8db8818924003f09e8225e0de78666392d8b4cc5","n":0,"x":0,"y":0}
[completion-event] {"processOrdinal":1,"v":1,"event":8,"begin":"43763220125","end":"43763220125","thread":156,"request":0,"reference":"c4f8956731eef44f1fd95e72c6854a12ad90316b5b31ad7e374f550520d40ddf","job":"75ac4c92297961ad8055cd3a8db8818924003f09e8225e0de78666392d8b4cc5","n":0,"x":0,"y":0}
[completion-event] {"processOrdinal":1,"v":1,"event":5,"begin":"43763558500","end":"43763558500","thread":156,"request":0,"reference":"c4f8956731eef44f1fd95e72c6854a12ad90316b5b31ad7e374f550520d40ddf","job":"75ac4c92297961ad8055cd3a8db8818924003f09e8225e0de78666392d8b4cc5","n":1,"x":0,"y":0}
[completion-event] {"processOrdinal":1,"v":1,"event":3,"begin":"43763728875","end":"43763728875","thread":156,"request":0,"reference":"3cb85ebc2267400b4b0fee50c7dfb31fd71904419e5687cbb50a62fc7aae7298","job":"8b7677f047a337735c507ffb154408550881eb5f3fb37cf9a88ad36d981fc138","n":0,"x":0,"y":0}
[completion-event] {"processOrdinal":1,"v":1,"event":4,"begin":"44181179083","end":"44181179083","thread":156,"request":0,"reference":"3cb85ebc2267400b4b0fee50c7dfb31fd71904419e5687cbb50a62fc7aae7298","job":"8b7677f047a337735c507ffb154408550881eb5f3fb37cf9a88ad36d981fc138","n":0,"x":0,"y":0}
[completion-event] {"processOrdinal":1,"v":1,"event":10,"begin":"43163078542","end":"44542532583","thread":198,"request":190,"reference":null,"job":null,"n":14,"x":9,"y":0}
[completion-event] {"processOrdinal":1,"v":1,"event":11,"begin":"44542532583","end":"44542570792","thread":198,"request":190,"reference":null,"job":null,"n":2,"x":0,"y":0}
[completion-event] {"processOrdinal":1,"v":1,"event":12,"begin":"44542570792","end":"44542573208","thread":198,"request":190,"reference":null,"job":null,"n":2,"x":0,"y":0}
[completion-event] {"processOrdinal":1,"v":1,"event":13,"begin":"44542573208","end":"44542577583","thread":198,"request":190,"reference":null,"job":null,"n":2,"x":0,"y":100}
[completion-event] {"processOrdinal":1,"v":1,"event":10,"begin":"45410498708","end":"45754294042","thread":199,"request":191,"reference":null,"job":null,"n":14,"x":11,"y":0}
[completion-event] {"processOrdinal":1,"v":1,"event":11,"begin":"45754294042","end":"45754333167","thread":199,"request":191,"reference":null,"job":null,"n":2,"x":0,"y":0}
[completion-event] {"processOrdinal":1,"v":1,"event":12,"begin":"45754333167","end":"45754335958","thread":199,"request":191,"reference":null,"job":null,"n":2,"x":0,"y":0}
[completion-event] {"processOrdinal":1,"v":1,"event":13,"begin":"45754335958","end":"45754340833","thread":199,"request":191,"reference":null,"job":null,"n":2,"x":0,"y":100}
[completion-event] {"processOrdinal":1,"v":1,"event":9,"begin":"47549964708","end":"47549964708","thread":156,"request":0,"reference":"3cb85ebc2267400b4b0fee50c7dfb31fd71904419e5687cbb50a62fc7aae7298","job":"8b7677f047a337735c507ffb154408550881eb5f3fb37cf9a88ad36d981fc138","n":0,"x":0,"y":0}
[completion-event] {"processOrdinal":1,"v":1,"event":5,"begin":"47550126625","end":"47550126625","thread":156,"request":0,"reference":"3cb85ebc2267400b4b0fee50c7dfb31fd71904419e5687cbb50a62fc7aae7298","job":"8b7677f047a337735c507ffb154408550881eb5f3fb37cf9a88ad36d981fc138","n":0,"x":0,"y":0}
[completion-observation-status] {"processOrdinal":1,"status":"observed","code":"none","rows":794,"bytes":126947,"selected":{"referenceSha256":"77891e632e1e1acd2f6038d184f0e5153b7ddf0ca43985a7d00004fc76eff150","events":0,"jobs":0,"status":"observation-missing","firstNs":null,"lastNs":null,"terminal":[]}}
[completion-event] {"processOrdinal":2,"v":1,"event":10,"begin":"4233049166","end":"4554123500","thread":3,"request":1,"reference":null,"job":null,"n":16,"x":12,"y":0}
[completion-event] {"processOrdinal":2,"v":1,"event":11,"begin":"4554123500","end":"4554167250","thread":3,"request":1,"reference":null,"job":null,"n":3,"x":0,"y":0}
[completion-event] {"processOrdinal":2,"v":1,"event":12,"begin":"4554167250","end":"4554169083","thread":3,"request":1,"reference":null,"job":null,"n":3,"x":0,"y":0}
[completion-event] {"processOrdinal":2,"v":1,"event":13,"begin":"4554169083","end":"4554173916","thread":3,"request":1,"reference":null,"job":null,"n":3,"x":0,"y":100}
[completion-event] {"processOrdinal":2,"v":1,"event":10,"begin":"6342991875","end":"6669707166","thread":7,"request":2,"reference":null,"job":null,"n":16,"x":12,"y":0}
[completion-event] {"processOrdinal":2,"v":1,"event":11,"begin":"6669707166","end":"6669745000","thread":7,"request":2,"reference":null,"job":null,"n":3,"x":0,"y":0}
[completion-event] {"processOrdinal":2,"v":1,"event":12,"begin":"6669745000","end":"6669747500","thread":7,"request":2,"reference":null,"job":null,"n":3,"x":0,"y":0}
[completion-event] {"processOrdinal":2,"v":1,"event":13,"begin":"6669747500","end":"6669752416","thread":7,"request":2,"reference":null,"job":null,"n":3,"x":0,"y":100}
[completion-event] {"processOrdinal":2,"v":1,"event":10,"begin":"7591903666","end":"7923051250","thread":9,"request":3,"reference":null,"job":null,"n":16,"x":12,"y":0}
[completion-event] {"processOrdinal":2,"v":1,"event":11,"begin":"7923051250","end":"7923092083","thread":9,"request":3,"reference":null,"job":null,"n":3,"x":0,"y":0}
[completion-event] {"processOrdinal":2,"v":1,"event":12,"begin":"7923092083","end":"7923094625","thread":9,"request":3,"reference":null,"job":null,"n":3,"x":0,"y":0}
[completion-event] {"processOrdinal":2,"v":1,"event":13,"begin":"7923094625","end":"7923099166","thread":9,"request":3,"reference":null,"job":null,"n":3,"x":0,"y":100}
[completion-event] {"processOrdinal":2,"v":1,"event":10,"begin":"8845680333","end":"9185379041","thread":10,"request":4,"reference":null,"job":null,"n":16,"x":12,"y":0}
[completion-event] {"processOrdinal":2,"v":1,"event":11,"begin":"9185379041","end":"9185417875","thread":10,"request":4,"reference":null,"job":null,"n":3,"x":0,"y":0}
[completion-event] {"processOrdinal":2,"v":1,"event":12,"begin":"9185417875","end":"9185420208","thread":10,"request":4,"reference":null,"job":null,"n":3,"x":0,"y":0}
[completion-event] {"processOrdinal":2,"v":1,"event":13,"begin":"9185420208","end":"9185424583","thread":10,"request":4,"reference":null,"job":null,"n":3,"x":0,"y":100}
[completion-event] {"processOrdinal":2,"v":1,"event":10,"begin":"10101139708","end":"10434047333","thread":11,"request":5,"reference":null,"job":null,"n":16,"x":12,"y":0}
[completion-event] {"processOrdinal":2,"v":1,"event":11,"begin":"10434047333","end":"10434085166","thread":11,"request":5,"reference":null,"job":null,"n":3,"x":0,"y":0}
[completion-event] {"processOrdinal":2,"v":1,"event":12,"begin":"10434085166","end":"10434087125","thread":11,"request":5,"reference":null,"job":null,"n":3,"x":0,"y":0}
[completion-event] {"processOrdinal":2,"v":1,"event":13,"begin":"10434087125","end":"10434091708","thread":11,"request":5,"reference":null,"job":null,"n":3,"x":0,"y":100}
[completion-event] {"processOrdinal":2,"v":1,"event":10,"begin":"11354165125","end":"11689941833","thread":12,"request":6,"reference":null,"job":null,"n":16,"x":12,"y":0}
[completion-event] {"processOrdinal":2,"v":1,"event":11,"begin":"11689941833","end":"11689983083","thread":12,"request":6,"reference":null,"job":null,"n":3,"x":0,"y":0}
[completion-event] {"processOrdinal":2,"v":1,"event":12,"begin":"11689983083","end":"11689985750","thread":12,"request":6,"reference":null,"job":null,"n":3,"x":0,"y":0}
[completion-event] {"processOrdinal":2,"v":1,"event":13,"begin":"11689985750","end":"11689990958","thread":12,"request":6,"reference":null,"job":null,"n":3,"x":0,"y":100}
[completion-event] {"processOrdinal":2,"v":1,"event":10,"begin":"12626635250","end":"13002949041","thread":13,"request":7,"reference":null,"job":null,"n":16,"x":12,"y":0}
[completion-event] {"processOrdinal":2,"v":1,"event":11,"begin":"13002949041","end":"13002988791","thread":13,"request":7,"reference":null,"job":null,"n":3,"x":0,"y":0}
[completion-event] {"processOrdinal":2,"v":1,"event":12,"begin":"13002988791","end":"13002991125","thread":13,"request":7,"reference":null,"job":null,"n":3,"x":0,"y":0}
[completion-event] {"processOrdinal":2,"v":1,"event":13,"begin":"13002991125","end":"13002995541","thread":13,"request":7,"reference":null,"job":null,"n":3,"x":0,"y":100}
[completion-event] {"processOrdinal":2,"v":1,"event":10,"begin":"13926796583","end":"14272531500","thread":14,"request":8,"reference":null,"job":null,"n":17,"x":13,"y":0}
[completion-event] {"processOrdinal":2,"v":1,"event":11,"begin":"14272531500","end":"14272571791","thread":14,"request":8,"reference":null,"job":null,"n":3,"x":0,"y":0}
[completion-event] {"processOrdinal":2,"v":1,"event":12,"begin":"14272571791","end":"14272573500","thread":14,"request":8,"reference":null,"job":null,"n":3,"x":0,"y":0}
[completion-event] {"processOrdinal":2,"v":1,"event":13,"begin":"14272573500","end":"14272578250","thread":14,"request":8,"reference":null,"job":null,"n":3,"x":0,"y":100}
[completion-event] {"processOrdinal":2,"v":1,"event":1,"begin":"20541198833","end":"20541198833","thread":15,"request":0,"reference":"77891e632e1e1acd2f6038d184f0e5153b7ddf0ca43985a7d00004fc76eff150","job":null,"n":0,"x":0,"y":0}
[completion-event] {"processOrdinal":2,"v":1,"event":1,"begin":"20547836333","end":"20547836333","thread":15,"request":0,"reference":"67eb50672d821934528f7960f4db80c1c60ef09b9eff73baccb7b44e3b11245e","job":null,"n":0,"x":0,"y":0}
[completion-event] {"processOrdinal":2,"v":1,"event":1,"begin":"20575834875","end":"20575834875","thread":15,"request":0,"reference":"0a5f0514de2e597a48654a71469a16a0dbb5b027a9189a389fe4af3f7c861718","job":null,"n":0,"x":0,"y":0}
[completion-event] {"processOrdinal":2,"v":1,"event":1,"begin":"20577190583","end":"20577190583","thread":15,"request":0,"reference":"e43ed0eaad8f5d1714ac736716bc1f50d8afd88d7e14fa13d58e14ace839ab18","job":null,"n":0,"x":0,"y":0}
[completion-event] {"processOrdinal":2,"v":1,"event":10,"begin":"21393116625","end":"21799081916","thread":18,"request":9,"reference":null,"job":null,"n":23,"x":14,"y":0}
[completion-event] {"processOrdinal":2,"v":1,"event":11,"begin":"21799081916","end":"21799129291","thread":18,"request":9,"reference":null,"job":null,"n":4,"x":0,"y":0}
[completion-event] {"processOrdinal":2,"v":1,"event":12,"begin":"21799129291","end":"21799131541","thread":18,"request":9,"reference":null,"job":null,"n":4,"x":0,"y":0}
[completion-event] {"processOrdinal":2,"v":1,"event":13,"begin":"21799131541","end":"21799136833","thread":18,"request":9,"reference":null,"job":null,"n":4,"x":0,"y":100}
[completion-event] {"processOrdinal":2,"v":1,"event":10,"begin":"22734083125","end":"23141986416","thread":19,"request":10,"reference":null,"job":null,"n":23,"x":14,"y":0}
[completion-event] {"processOrdinal":2,"v":1,"event":11,"begin":"23141986416","end":"23142033208","thread":19,"request":10,"reference":null,"job":null,"n":4,"x":0,"y":0}
[completion-event] {"processOrdinal":2,"v":1,"event":12,"begin":"23142033208","end":"23142035416","thread":19,"request":10,"reference":null,"job":null,"n":4,"x":0,"y":0}
[completion-event] {"processOrdinal":2,"v":1,"event":13,"begin":"23142035416","end":"23142040833","thread":19,"request":10,"reference":null,"job":null,"n":4,"x":0,"y":100}
[completion-event] {"processOrdinal":2,"v":1,"event":10,"begin":"24071697208","end":"24504884458","thread":20,"request":11,"reference":null,"job":null,"n":23,"x":14,"y":0}
[completion-event] {"processOrdinal":2,"v":1,"event":11,"begin":"24504884458","end":"24504934250","thread":20,"request":11,"reference":null,"job":null,"n":4,"x":0,"y":0}
[completion-event] {"processOrdinal":2,"v":1,"event":12,"begin":"24504934250","end":"24504936375","thread":20,"request":11,"reference":null,"job":null,"n":4,"x":0,"y":0}
[completion-event] {"processOrdinal":2,"v":1,"event":13,"begin":"24504936375","end":"24504941958","thread":20,"request":11,"reference":null,"job":null,"n":4,"x":0,"y":100}
[completion-event] {"processOrdinal":2,"v":1,"event":10,"begin":"25452406166","end":"25855859708","thread":21,"request":12,"reference":null,"job":null,"n":23,"x":14,"y":0}
[completion-event] {"processOrdinal":2,"v":1,"event":11,"begin":"25855859708","end":"25855907833","thread":21,"request":12,"reference":null,"job":null,"n":4,"x":0,"y":0}
[completion-event] {"processOrdinal":2,"v":1,"event":12,"begin":"25855907833","end":"25855910000","thread":21,"request":12,"reference":null,"job":null,"n":4,"x":0,"y":0}
[completion-event] {"processOrdinal":2,"v":1,"event":13,"begin":"25855910000","end":"25855915541","thread":21,"request":12,"reference":null,"job":null,"n":4,"x":0,"y":100}
[completion-event] {"processOrdinal":2,"v":1,"event":10,"begin":"26804852791","end":"27216244541","thread":22,"request":13,"reference":null,"job":null,"n":23,"x":14,"y":0}
[completion-event] {"processOrdinal":2,"v":1,"event":11,"begin":"27216244541","end":"27216289125","thread":22,"request":13,"reference":null,"job":null,"n":4,"x":0,"y":0}
[completion-event] {"processOrdinal":2,"v":1,"event":12,"begin":"27216289125","end":"27216291000","thread":22,"request":13,"reference":null,"job":null,"n":4,"x":0,"y":0}
[completion-event] {"processOrdinal":2,"v":1,"event":13,"begin":"27216291000","end":"27216296291","thread":22,"request":13,"reference":null,"job":null,"n":4,"x":0,"y":100}
[completion-event] {"processOrdinal":2,"v":1,"event":10,"begin":"28162438708","end":"28613602541","thread":23,"request":14,"reference":null,"job":null,"n":23,"x":14,"y":0}
[completion-event] {"processOrdinal":2,"v":1,"event":11,"begin":"28613602541","end":"28613652166","thread":23,"request":14,"reference":null,"job":null,"n":4,"x":0,"y":0}
[completion-event] {"processOrdinal":2,"v":1,"event":12,"begin":"28613652166","end":"28613654166","thread":23,"request":14,"reference":null,"job":null,"n":4,"x":0,"y":0}
[completion-event] {"processOrdinal":2,"v":1,"event":13,"begin":"28613654166","end":"28613659583","thread":23,"request":14,"reference":null,"job":null,"n":4,"x":0,"y":100}
[completion-event] {"processOrdinal":2,"v":1,"event":2,"begin":"29956018625","end":"29956018625","thread":16,"request":0,"reference":"67eb50672d821934528f7960f4db80c1c60ef09b9eff73baccb7b44e3b11245e","job":"48a5dd224aa47948f102ec0d613d9bea26941d999b14d4ea895175f080e93455","n":0,"x":0,"y":0}
[completion-event] {"processOrdinal":2,"v":1,"event":3,"begin":"29956047083","end":"29956047083","thread":25,"request":0,"reference":"67eb50672d821934528f7960f4db80c1c60ef09b9eff73baccb7b44e3b11245e","job":"48a5dd224aa47948f102ec0d613d9bea26941d999b14d4ea895175f080e93455","n":0,"x":0,"y":0}
[completion-event] {"processOrdinal":2,"v":1,"event":4,"begin":"30450990541","end":"30450990541","thread":25,"request":0,"reference":"67eb50672d821934528f7960f4db80c1c60ef09b9eff73baccb7b44e3b11245e","job":"48a5dd224aa47948f102ec0d613d9bea26941d999b14d4ea895175f080e93455","n":0,"x":0,"y":0}
[completion-event] {"processOrdinal":2,"v":1,"event":10,"begin":"29592401833","end":"30500998250","thread":24,"request":15,"reference":null,"job":null,"n":24,"x":15,"y":0}
[completion-event] {"processOrdinal":2,"v":1,"event":11,"begin":"30500998250","end":"30501053916","thread":24,"request":15,"reference":null,"job":null,"n":4,"x":0,"y":0}
[completion-event] {"processOrdinal":2,"v":1,"event":12,"begin":"30501053916","end":"30501057083","thread":24,"request":15,"reference":null,"job":null,"n":4,"x":0,"y":0}
[completion-event] {"processOrdinal":2,"v":1,"event":13,"begin":"30501057083","end":"30501063416","thread":24,"request":15,"reference":null,"job":null,"n":4,"x":0,"y":100}
[completion-event] {"processOrdinal":2,"v":1,"event":2,"begin":"31704047750","end":"31704047750","thread":16,"request":0,"reference":"0a5f0514de2e597a48654a71469a16a0dbb5b027a9189a389fe4af3f7c861718","job":"ff5f0a99905e5191cad9bd123b077be787253ba5e433c7b8ff5a149426d34b1a","n":0,"x":0,"y":0}
[completion-event] {"processOrdinal":2,"v":1,"event":2,"begin":"32050490833","end":"32050490833","thread":16,"request":0,"reference":"e43ed0eaad8f5d1714ac736716bc1f50d8afd88d7e14fa13d58e14ace839ab18","job":"b1652082a229f03e779267ee49c2b702c91e3899ca880e78a48b241fd2c4c41f","n":0,"x":0,"y":0}
[completion-event] {"processOrdinal":2,"v":1,"event":10,"begin":"31523702166","end":"32182101000","thread":26,"request":16,"reference":null,"job":null,"n":24,"x":15,"y":0}
[completion-event] {"processOrdinal":2,"v":1,"event":11,"begin":"32182101000","end":"32182151708","thread":26,"request":16,"reference":null,"job":null,"n":4,"x":0,"y":0}
[completion-event] {"processOrdinal":2,"v":1,"event":12,"begin":"32182151708","end":"32182154875","thread":26,"request":16,"reference":null,"job":null,"n":4,"x":0,"y":0}
[completion-event] {"processOrdinal":2,"v":1,"event":13,"begin":"32182154875","end":"32182160291","thread":26,"request":16,"reference":null,"job":null,"n":4,"x":0,"y":100}
[completion-event] {"processOrdinal":2,"v":1,"event":2,"begin":"33232901583","end":"33232901583","thread":16,"request":0,"reference":"77891e632e1e1acd2f6038d184f0e5153b7ddf0ca43985a7d00004fc76eff150","job":"ee4c2bfe2c602d9756ca6f49c844ff43e457893744b29e7d7111e33145bbd361","n":0,"x":0,"y":0}
[completion-event] {"processOrdinal":2,"v":1,"event":10,"begin":"33184330500","end":"33656429666","thread":27,"request":17,"reference":null,"job":null,"n":24,"x":15,"y":0}
[completion-event] {"processOrdinal":2,"v":1,"event":11,"begin":"33656429666","end":"33656482791","thread":27,"request":17,"reference":null,"job":null,"n":4,"x":0,"y":0}
[completion-event] {"processOrdinal":2,"v":1,"event":12,"begin":"33656482791","end":"33656485041","thread":27,"request":17,"reference":null,"job":null,"n":4,"x":0,"y":0}
[completion-event] {"processOrdinal":2,"v":1,"event":13,"begin":"33656485041","end":"33656491291","thread":27,"request":17,"reference":null,"job":null,"n":4,"x":0,"y":100}
[completion-event] {"processOrdinal":2,"v":1,"event":10,"begin":"34660707958","end":"35066890666","thread":28,"request":18,"reference":null,"job":null,"n":25,"x":16,"y":0}
[completion-event] {"processOrdinal":2,"v":1,"event":11,"begin":"35066890666","end":"35066946250","thread":28,"request":18,"reference":null,"job":null,"n":4,"x":0,"y":0}
[completion-event] {"processOrdinal":2,"v":1,"event":12,"begin":"35066946250","end":"35066949375","thread":28,"request":18,"reference":null,"job":null,"n":4,"x":0,"y":0}
[completion-event] {"processOrdinal":2,"v":1,"event":13,"begin":"35066949375","end":"35066955291","thread":28,"request":18,"reference":null,"job":null,"n":4,"x":0,"y":100}
[completion-event] {"processOrdinal":2,"v":1,"event":6,"begin":"36352295458","end":"36352295458","thread":25,"request":0,"reference":"67eb50672d821934528f7960f4db80c1c60ef09b9eff73baccb7b44e3b11245e","job":"48a5dd224aa47948f102ec0d613d9bea26941d999b14d4ea895175f080e93455","n":0,"x":0,"y":0}
[completion-event] {"processOrdinal":2,"v":1,"event":7,"begin":"36714952625","end":"36714952625","thread":25,"request":0,"reference":"67eb50672d821934528f7960f4db80c1c60ef09b9eff73baccb7b44e3b11245e","job":"48a5dd224aa47948f102ec0d613d9bea26941d999b14d4ea895175f080e93455","n":0,"x":0,"y":0}
[completion-event] {"processOrdinal":2,"v":1,"event":8,"begin":"37007264750","end":"37007264750","thread":25,"request":0,"reference":"67eb50672d821934528f7960f4db80c1c60ef09b9eff73baccb7b44e3b11245e","job":"48a5dd224aa47948f102ec0d613d9bea26941d999b14d4ea895175f080e93455","n":0,"x":0,"y":0}
[completion-event] {"processOrdinal":2,"v":1,"event":5,"begin":"37007583666","end":"37007583666","thread":25,"request":0,"reference":"67eb50672d821934528f7960f4db80c1c60ef09b9eff73baccb7b44e3b11245e","job":"48a5dd224aa47948f102ec0d613d9bea26941d999b14d4ea895175f080e93455","n":1,"x":0,"y":0}
[completion-event] {"processOrdinal":2,"v":1,"event":3,"begin":"37007813916","end":"37007813916","thread":25,"request":0,"reference":"0a5f0514de2e597a48654a71469a16a0dbb5b027a9189a389fe4af3f7c861718","job":"ff5f0a99905e5191cad9bd123b077be787253ba5e433c7b8ff5a149426d34b1a","n":0,"x":0,"y":0}
[completion-event] {"processOrdinal":2,"v":1,"event":4,"begin":"37416861791","end":"37416861791","thread":25,"request":0,"reference":"0a5f0514de2e597a48654a71469a16a0dbb5b027a9189a389fe4af3f7c861718","job":"ff5f0a99905e5191cad9bd123b077be787253ba5e433c7b8ff5a149426d34b1a","n":0,"x":0,"y":0}
[completion-event] {"processOrdinal":2,"v":1,"event":10,"begin":"36044457916","end":"38010221625","thread":29,"request":19,"reference":null,"job":null,"n":25,"x":16,"y":0}
[completion-event] {"processOrdinal":2,"v":1,"event":11,"begin":"38010221625","end":"38010273458","thread":29,"request":19,"reference":null,"job":null,"n":4,"x":0,"y":0}
[completion-event] {"processOrdinal":2,"v":1,"event":12,"begin":"38010273458","end":"38010275500","thread":29,"request":19,"reference":null,"job":null,"n":4,"x":0,"y":0}
[completion-event] {"processOrdinal":2,"v":1,"event":13,"begin":"38010275500","end":"38010281500","thread":29,"request":19,"reference":null,"job":null,"n":4,"x":0,"y":100}
[completion-event] {"processOrdinal":2,"v":1,"event":10,"begin":"39288627291","end":"39794732875","thread":30,"request":20,"reference":null,"job":null,"n":27,"x":18,"y":0}
[completion-event] {"processOrdinal":2,"v":1,"event":11,"begin":"39794732875","end":"39794797250","thread":30,"request":20,"reference":null,"job":null,"n":5,"x":0,"y":0}
[completion-event] {"processOrdinal":2,"v":1,"event":12,"begin":"39794797250","end":"39794809625","thread":30,"request":20,"reference":null,"job":null,"n":5,"x":0,"y":0}
[completion-event] {"processOrdinal":2,"v":1,"event":13,"begin":"39794809625","end":"39794815375","thread":30,"request":20,"reference":null,"job":null,"n":5,"x":0,"y":100}
[completion-event] {"processOrdinal":2,"v":1,"event":10,"begin":"41079429583","end":"41589194250","thread":31,"request":21,"reference":null,"job":null,"n":27,"x":18,"y":0}
[completion-event] {"processOrdinal":2,"v":1,"event":11,"begin":"41589194250","end":"41589259166","thread":31,"request":21,"reference":null,"job":null,"n":5,"x":0,"y":0}
[completion-event] {"processOrdinal":2,"v":1,"event":12,"begin":"41589259166","end":"41589272041","thread":31,"request":21,"reference":null,"job":null,"n":5,"x":0,"y":0}
[completion-event] {"processOrdinal":2,"v":1,"event":13,"begin":"41589272041","end":"41589278166","thread":31,"request":21,"reference":null,"job":null,"n":5,"x":0,"y":100}
[completion-event] {"processOrdinal":2,"v":1,"event":6,"begin":"41963757416","end":"41963757416","thread":25,"request":0,"reference":"0a5f0514de2e597a48654a71469a16a0dbb5b027a9189a389fe4af3f7c861718","job":"ff5f0a99905e5191cad9bd123b077be787253ba5e433c7b8ff5a149426d34b1a","n":0,"x":0,"y":0}
[completion-event] {"processOrdinal":2,"v":1,"event":7,"begin":"43523151333","end":"43523151333","thread":25,"request":0,"reference":"0a5f0514de2e597a48654a71469a16a0dbb5b027a9189a389fe4af3f7c861718","job":"ff5f0a99905e5191cad9bd123b077be787253ba5e433c7b8ff5a149426d34b1a","n":0,"x":0,"y":0}
[completion-event] {"processOrdinal":2,"v":1,"event":8,"begin":"43839162666","end":"43839162666","thread":25,"request":0,"reference":"0a5f0514de2e597a48654a71469a16a0dbb5b027a9189a389fe4af3f7c861718","job":"ff5f0a99905e5191cad9bd123b077be787253ba5e433c7b8ff5a149426d34b1a","n":0,"x":0,"y":0}
[completion-event] {"processOrdinal":2,"v":1,"event":5,"begin":"43839463541","end":"43839463541","thread":25,"request":0,"reference":"0a5f0514de2e597a48654a71469a16a0dbb5b027a9189a389fe4af3f7c861718","job":"ff5f0a99905e5191cad9bd123b077be787253ba5e433c7b8ff5a149426d34b1a","n":1,"x":0,"y":0}
[completion-event] {"processOrdinal":2,"v":1,"event":3,"begin":"43839621958","end":"43839621958","thread":25,"request":0,"reference":"e43ed0eaad8f5d1714ac736716bc1f50d8afd88d7e14fa13d58e14ace839ab18","job":"b1652082a229f03e779267ee49c2b702c91e3899ca880e78a48b241fd2c4c41f","n":0,"x":0,"y":0}
[completion-event] {"processOrdinal":2,"v":1,"event":4,"begin":"44291317291","end":"44291317291","thread":25,"request":0,"reference":"e43ed0eaad8f5d1714ac736716bc1f50d8afd88d7e14fa13d58e14ace839ab18","job":"b1652082a229f03e779267ee49c2b702c91e3899ca880e78a48b241fd2c4c41f","n":0,"x":0,"y":0}
[completion-event] {"processOrdinal":2,"v":1,"event":10,"begin":"43141928833","end":"44964840666","thread":32,"request":22,"reference":null,"job":null,"n":29,"x":18,"y":0}
[completion-event] {"processOrdinal":2,"v":1,"event":11,"begin":"44964840666","end":"44964918166","thread":32,"request":22,"reference":null,"job":null,"n":6,"x":0,"y":0}
[completion-event] {"processOrdinal":2,"v":1,"event":12,"begin":"44964918166","end":"44964932666","thread":32,"request":22,"reference":null,"job":null,"n":6,"x":0,"y":0}
[completion-event] {"processOrdinal":2,"v":1,"event":13,"begin":"44964932666","end":"44964940125","thread":32,"request":22,"reference":null,"job":null,"n":6,"x":0,"y":100}
[completion-event] {"processOrdinal":2,"v":1,"event":10,"begin":"46560045625","end":"47198182000","thread":33,"request":23,"reference":null,"job":null,"n":31,"x":21,"y":0}
[completion-event] {"processOrdinal":2,"v":1,"event":11,"begin":"47198182000","end":"47198269416","thread":33,"request":23,"reference":null,"job":null,"n":7,"x":0,"y":0}
[completion-event] {"processOrdinal":2,"v":1,"event":12,"begin":"47198269416","end":"47198283833","thread":33,"request":23,"reference":null,"job":null,"n":7,"x":0,"y":0}
[completion-event] {"processOrdinal":2,"v":1,"event":13,"begin":"47198283833","end":"47198291333","thread":33,"request":23,"reference":null,"job":null,"n":7,"x":0,"y":100}
[completion-event] {"processOrdinal":2,"v":1,"event":6,"begin":"49099611000","end":"49099611000","thread":25,"request":0,"reference":"e43ed0eaad8f5d1714ac736716bc1f50d8afd88d7e14fa13d58e14ace839ab18","job":"b1652082a229f03e779267ee49c2b702c91e3899ca880e78a48b241fd2c4c41f","n":0,"x":0,"y":0}
[completion-event] {"processOrdinal":2,"v":1,"event":7,"begin":"49475283958","end":"49475283958","thread":25,"request":0,"reference":"e43ed0eaad8f5d1714ac736716bc1f50d8afd88d7e14fa13d58e14ace839ab18","job":"b1652082a229f03e779267ee49c2b702c91e3899ca880e78a48b241fd2c4c41f","n":0,"x":0,"y":0}
[completion-event] {"processOrdinal":2,"v":1,"event":8,"begin":"49777045416","end":"49777045416","thread":25,"request":0,"reference":"e43ed0eaad8f5d1714ac736716bc1f50d8afd88d7e14fa13d58e14ace839ab18","job":"b1652082a229f03e779267ee49c2b702c91e3899ca880e78a48b241fd2c4c41f","n":0,"x":0,"y":0}
[completion-event] {"processOrdinal":2,"v":1,"event":5,"begin":"49777354958","end":"49777354958","thread":25,"request":0,"reference":"e43ed0eaad8f5d1714ac736716bc1f50d8afd88d7e14fa13d58e14ace839ab18","job":"b1652082a229f03e779267ee49c2b702c91e3899ca880e78a48b241fd2c4c41f","n":1,"x":0,"y":0}
[completion-event] {"processOrdinal":2,"v":1,"event":3,"begin":"49777511333","end":"49777511333","thread":25,"request":0,"reference":"77891e632e1e1acd2f6038d184f0e5153b7ddf0ca43985a7d00004fc76eff150","job":"ee4c2bfe2c602d9756ca6f49c844ff43e457893744b29e7d7111e33145bbd361","n":0,"x":0,"y":0}
[completion-event] {"processOrdinal":2,"v":1,"event":4,"begin":"50265319166","end":"50265319166","thread":25,"request":0,"reference":"77891e632e1e1acd2f6038d184f0e5153b7ddf0ca43985a7d00004fc76eff150","job":"ee4c2bfe2c602d9756ca6f49c844ff43e457893744b29e7d7111e33145bbd361","n":0,"x":0,"y":0}
[completion-event] {"processOrdinal":2,"v":1,"event":10,"begin":"48775850500","end":"51075839958","thread":34,"request":24,"reference":null,"job":null,"n":31,"x":21,"y":0}
[completion-event] {"processOrdinal":2,"v":1,"event":11,"begin":"51075839958","end":"51075932333","thread":34,"request":24,"reference":null,"job":null,"n":7,"x":0,"y":0}
[completion-event] {"processOrdinal":2,"v":1,"event":12,"begin":"51075932333","end":"51075946916","thread":34,"request":24,"reference":null,"job":null,"n":7,"x":0,"y":0}
[completion-event] {"processOrdinal":2,"v":1,"event":13,"begin":"51075946916","end":"51075954083","thread":34,"request":24,"reference":null,"job":null,"n":7,"x":0,"y":100}
[completion-event] {"processOrdinal":2,"v":1,"event":9,"begin":"51955561708","end":"51955561708","thread":25,"request":0,"reference":"77891e632e1e1acd2f6038d184f0e5153b7ddf0ca43985a7d00004fc76eff150","job":"ee4c2bfe2c602d9756ca6f49c844ff43e457893744b29e7d7111e33145bbd361","n":0,"x":0,"y":0}
[completion-event] {"processOrdinal":2,"v":1,"event":5,"begin":"51955719583","end":"51955719583","thread":25,"request":0,"reference":"77891e632e1e1acd2f6038d184f0e5153b7ddf0ca43985a7d00004fc76eff150","job":"ee4c2bfe2c602d9756ca6f49c844ff43e457893744b29e7d7111e33145bbd361","n":0,"x":0,"y":0}
[completion-observation-status] {"processOrdinal":2,"status":"observed","code":"none","rows":126,"bytes":22958,"selected":{"referenceSha256":"77891e632e1e1acd2f6038d184f0e5153b7ddf0ca43985a7d00004fc76eff150","events":6,"jobs":1,"status":"terminal-observed","firstNs":"20541198833","lastNs":"51955719583","terminal":[{"jobSha256":"ee4c2bfe2c602d9756ca6f49c844ff43e457893744b29e7d7111e33145bbd361","state":"failed","atNs":"51955561708"}]}}
[timeline-page-observation-status] {"cycles":215,"invalid":0,"summaries":[{"cycle":1,"processOrdinal":1,"timelineOrdinal":1,"kind":"complete","elapsedMs":2.1463340000000244,"pages":1,"totalChanged":false,"mixedStates":false,"code":"none"},{"cycle":2,"processOrdinal":1,"timelineOrdinal":2,"kind":"complete","elapsedMs":1.9995829999998023,"pages":1,"totalChanged":false,"mixedStates":false,"code":"none"},{"cycle":3,"processOrdinal":1,"timelineOrdinal":3,"kind":"complete","elapsedMs":1.889458999999988,"pages":1,"totalChanged":false,"mixedStates":false,"code":"none"},{"cycle":4,"processOrdinal":1,"timelineOrdinal":4,"kind":"complete","elapsedMs":1.7694169999999758,"pages":1,"totalChanged":false,"mixedStates":false,"code":"none"},{"cycle":5,"processOrdinal":1,"timelineOrdinal":5,"kind":"complete","elapsedMs":1.6251250000000255,"pages":1,"totalChanged":false,"mixedStates":false,"code":"none"},{"cycle":6,"processOrdinal":1,"timelineOrdinal":6,"kind":"complete","elapsedMs":2.017334000000119,"pages":1,"totalChanged":false,"mixedStates":false,"code":"none"},{"cycle":7,"processOrdinal":1,"timelineOrdinal":7,"kind":"complete","elapsedMs":1.664875000000393,"pages":1,"totalChanged":false,"mixedStates":false,"code":"none"},{"cycle":8,"processOrdinal":1,"timelineOrdinal":8,"kind":"complete","elapsedMs":1.7139999999999418,"pages":1,"totalChanged":false,"mixedStates":false,"code":"none"},{"cycle":9,"processOrdinal":1,"timelineOrdinal":9,"kind":"complete","elapsedMs":1.588582999999744,"pages":1,"totalChanged":false,"mixedStates":false,"code":"none"},{"cycle":10,"processOrdinal":1,"timelineOrdinal":10,"kind":"complete","elapsedMs":1.5759159999997792,"pages":1,"totalChanged":false,"mixedStates":false,"code":"none"},{"cycle":11,"processOrdinal":1,"timelineOrdinal":11,"kind":"complete","elapsedMs":2.055166999999983,"pages":1,"totalChanged":false,"mixedStates":false,"code":"none"},{"cycle":12,"processOrdinal":1,"timelineOrdinal":12,"kind":"complete","elapsedMs":1.6636670000002596,"pages":1,"totalChanged":false,"mixedStates":false,"code":"none"},{"cycle":13,"processOrdinal":1,"timelineOrdinal":13,"kind":"complete","elapsedMs":1.5795419999999467,"pages":1,"totalChanged":false,"mixedStates":false,"code":"none"},{"cycle":14,"processOrdinal":1,"timelineOrdinal":14,"kind":"complete","elapsedMs":1.536167000000205,"pages":1,"totalChanged":false,"mixedStates":false,"code":"none"},{"cycle":15,"processOrdinal":1,"timelineOrdinal":15,"kind":"complete","elapsedMs":1.7805840000000899,"pages":1,"totalChanged":false,"mixedStates":false,"code":"none"},{"cycle":16,"processOrdinal":1,"timelineOrdinal":16,"kind":"complete","elapsedMs":1.725500000000011,"pages":1,"totalChanged":false,"mixedStates":false,"code":"none"},{"cycle":17,"processOrdinal":1,"timelineOrdinal":17,"kind":"complete","elapsedMs":1.4501249999998436,"pages":1,"totalChanged":false,"mixedStates":false,"code":"none"},{"cycle":18,"processOrdinal":1,"timelineOrdinal":18,"kind":"complete","elapsedMs":1.6295410000002448,"pages":1,"totalChanged":false,"mixedStates":false,"code":"none"},{"cycle":19,"processOrdinal":1,"timelineOrdinal":19,"kind":"complete","elapsedMs":1.9073749999997744,"pages":1,"totalChanged":false,"mixedStates":false,"code":"none"},{"cycle":20,"processOrdinal":1,"timelineOrdinal":20,"kind":"complete","elapsedMs":1.566541000000143,"pages":1,"totalChanged":false,"mixedStates":false,"code":"none"},{"cycle":21,"processOrdinal":1,"timelineOrdinal":21,"kind":"complete","elapsedMs":1.9885000000003856,"pages":1,"totalChanged":false,"mixedStates":false,"code":"none"},{"cycle":22,"processOrdinal":1,"timelineOrdinal":22,"kind":"complete","elapsedMs":1.4161659999999756,"pages":1,"totalChanged":false,"mixedStates":false,"code":"none"},{"cycle":23,"processOrdinal":1,"timelineOrdinal":23,"kind":"complete","elapsedMs":1.6828330000007554,"pages":1,"totalChanged":false,"mixedStates":false,"code":"none"},{"cycle":24,"processOrdinal":1,"timelineOrdinal":24,"kind":"complete","elapsedMs":1.7344579999999041,"pages":1,"totalChanged":false,"mixedStates":false,"code":"none"},{"cycle":25,"processOrdinal":1,"timelineOrdinal":25,"kind":"complete","elapsedMs":1.621874999999818,"pages":1,"totalChanged":false,"mixedStates":false,"code":"none"},{"cycle":26,"processOrdinal":1,"timelineOrdinal":26,"kind":"complete","elapsedMs":1.5820829999993293,"pages":1,"totalChanged":false,"mixedStates":false,"code":"none"},{"cycle":27,"processOrdinal":1,"timelineOrdinal":27,"kind":"complete","elapsedMs":1.5311670000000959,"pages":1,"totalChanged":false,"mixedStates":false,"code":"none"},{"cycle":28,"processOrdinal":1,"timelineOrdinal":28,"kind":"complete","elapsedMs":1.5382909999998446,"pages":1,"totalChanged":false,"mixedStates":false,"code":"none"},{"cycle":29,"processOrdinal":1,"timelineOrdinal":29,"kind":"complete","elapsedMs":1.596125000000029,"pages":1,"totalChanged":false,"mixedStates":false,"code":"none"},{"cycle":30,"processOrdinal":1,"timelineOrdinal":30,"kind":"complete","elapsedMs":2.079791000000114,"pages":1,"totalChanged":false,"mixedStates":false,"code":"none"},{"cycle":31,"processOrdinal":1,"timelineOrdinal":31,"kind":"complete","elapsedMs":1.6442499999993743,"pages":1,"totalChanged":false,"mixedStates":false,"code":"none"},{"cycle":32,"processOrdinal":1,"timelineOrdinal":32,"kind":"complete","elapsedMs":1.5784169999997175,"pages":1,"totalChanged":false,"mixedStates":false,"code":"none"},{"cycle":33,"processOrdinal":1,"timelineOrdinal":33,"kind":"complete","elapsedMs":1.754667000000154,"pages":1,"totalChanged":false,"mixedStates":false,"code":"none"},{"cycle":34,"processOrdinal":1,"timelineOrdinal":34,"kind":"complete","elapsedMs":1.612333000000035,"pages":1,"totalChanged":false,"mixedStates":false,"code":"none"},{"cycle":35,"processOrdinal":1,"timelineOrdinal":35,"kind":"complete","elapsedMs":1.7038329999995767,"pages":1,"totalChanged":false,"mixedStates":false,"code":"none"},{"cycle":36,"processOrdinal":1,"timelineOrdinal":36,"kind":"complete","elapsedMs":1.543083999999908,"pages":1,"totalChanged":false,"mixedStates":false,"code":"none"},{"cycle":37,"processOrdinal":1,"timelineOrdinal":37,"kind":"complete","elapsedMs":1.6046669999996084,"pages":1,"totalChanged":false,"mixedStates":false,"code":"none"},{"cycle":38,"processOrdinal":1,"timelineOrdinal":38,"kind":"complete","elapsedMs":1.7017499999992651,"pages":1,"totalChanged":false,"mixedStates":false,"code":"none"},{"cycle":39,"processOrdinal":1,"timelineOrdinal":39,"kind":"complete","elapsedMs":1.6109169999999722,"pages":1,"totalChanged":false,"mixedStates":false,"code":"none"},{"cycle":40,"processOrdinal":1,"timelineOrdinal":40,"kind":"complete","elapsedMs":2.154750000000604,"pages":1,"totalChanged":false,"mixedStates":false,"code":"none"},{"cycle":41,"processOrdinal":1,"timelineOrdinal":41,"kind":"complete","elapsedMs":1.511791999999332,"pages":1,"totalChanged":false,"mixedStates":false,"code":"none"},{"cycle":42,"processOrdinal":1,"timelineOrdinal":42,"kind":"complete","elapsedMs":1.6989999999996144,"pages":1,"totalChanged":false,"mixedStates":false,"code":"none"},{"cycle":43,"processOrdinal":1,"timelineOrdinal":43,"kind":"complete","elapsedMs":1.6648340000001554,"pages":1,"totalChanged":false,"mixedStates":false,"code":"none"},{"cycle":44,"processOrdinal":1,"timelineOrdinal":44,"kind":"complete","elapsedMs":1.6367499999996653,"pages":1,"totalChanged":false,"mixedStates":false,"code":"none"},{"cycle":45,"processOrdinal":1,"timelineOrdinal":45,"kind":"complete","elapsedMs":1.4091660000003685,"pages":1,"totalChanged":false,"mixedStates":false,"code":"none"},{"cycle":46,"processOrdinal":1,"timelineOrdinal":46,"kind":"complete","elapsedMs":1.476249999999709,"pages":1,"totalChanged":false,"mixedStates":false,"code":"none"},{"cycle":47,"processOrdinal":1,"timelineOrdinal":47,"kind":"complete","elapsedMs":1.6169589999999516,"pages":1,"totalChanged":false,"mixedStates":false,"code":"none"},{"cycle":48,"processOrdinal":1,"timelineOrdinal":48,"kind":"complete","elapsedMs":1.6007079999999405,"pages":1,"totalChanged":false,"mixedStates":false,"code":"none"},{"cycle":49,"processOrdinal":1,"timelineOrdinal":49,"kind":"complete","elapsedMs":1.7570409999998446,"pages":1,"totalChanged":false,"mixedStates":false,"code":"none"},{"cycle":50,"processOrdinal":1,"timelineOrdinal":50,"kind":"complete","elapsedMs":1.7014579999995476,"pages":1,"totalChanged":false,"mixedStates":false,"code":"none"},{"cycle":51,"processOrdinal":1,"timelineOrdinal":51,"kind":"complete","elapsedMs":1.4885000000003856,"pages":1,"totalChanged":false,"mixedStates":false,"code":"none"},{"cycle":52,"processOrdinal":1,"timelineOrdinal":52,"kind":"complete","elapsedMs":1.597458999999617,"pages":1,"totalChanged":false,"mixedStates":false,"code":"none"},{"cycle":53,"processOrdinal":1,"timelineOrdinal":53,"kind":"complete","elapsedMs":1.5024160000002666,"pages":1,"totalChanged":false,"mixedStates":false,"code":"none"},{"cycle":54,"processOrdinal":1,"timelineOrdinal":54,"kind":"complete","elapsedMs":1.7385420000000522,"pages":1,"totalChanged":false,"mixedStates":false,"code":"none"},{"cycle":55,"processOrdinal":1,"timelineOrdinal":55,"kind":"complete","elapsedMs":1.6210420000006707,"pages":1,"totalChanged":false,"mixedStates":false,"code":"none"},{"cycle":56,"processOrdinal":1,"timelineOrdinal":56,"kind":"complete","elapsedMs":1.6659169999993537,"pages":1,"totalChanged":false,"mixedStates":false,"code":"none"},{"cycle":57,"processOrdinal":1,"timelineOrdinal":57,"kind":"complete","elapsedMs":1.563333000000057,"pages":1,"totalChanged":false,"mixedStates":false,"code":"none"},{"cycle":58,"processOrdinal":1,"timelineOrdinal":58,"kind":"complete","elapsedMs":1.506999999999607,"pages":1,"totalChanged":false,"mixedStates":false,"code":"none"},{"cycle":59,"processOrdinal":1,"timelineOrdinal":59,"kind":"complete","elapsedMs":1.583582999999635,"pages":1,"totalChanged":false,"mixedStates":false,"code":"none"},{"cycle":60,"processOrdinal":1,"timelineOrdinal":60,"kind":"complete","elapsedMs":1.6043749999989814,"pages":1,"totalChanged":false,"mixedStates":false,"code":"none"},{"cycle":61,"processOrdinal":1,"timelineOrdinal":61,"kind":"complete","elapsedMs":1.6017499999998108,"pages":1,"totalChanged":false,"mixedStates":false,"code":"none"},{"cycle":62,"processOrdinal":1,"timelineOrdinal":62,"kind":"complete","elapsedMs":1.7073340000006283,"pages":1,"totalChanged":false,"mixedStates":false,"code":"none"},{"cycle":63,"processOrdinal":1,"timelineOrdinal":63,"kind":"complete","elapsedMs":1.5109169999996084,"pages":1,"totalChanged":false,"mixedStates":false,"code":"none"},{"cycle":64,"processOrdinal":1,"timelineOrdinal":64,"kind":"complete","elapsedMs":2.11016699999891,"pages":1,"totalChanged":false,"mixedStates":false,"code":"none"},{"cycle":65,"processOrdinal":1,"timelineOrdinal":65,"kind":"complete","elapsedMs":1.5822919999991427,"pages":1,"totalChanged":false,"mixedStates":false,"code":"none"},{"cycle":66,"processOrdinal":1,"timelineOrdinal":66,"kind":"complete","elapsedMs":1.5022090000002208,"pages":1,"totalChanged":false,"mixedStates":false,"code":"none"},{"cycle":67,"processOrdinal":1,"timelineOrdinal":67,"kind":"complete","elapsedMs":1.5348340000000462,"pages":1,"totalChanged":false,"mixedStates":false,"code":"none"},{"cycle":68,"processOrdinal":1,"timelineOrdinal":68,"kind":"complete","elapsedMs":1.3886249999995925,"pages":1,"totalChanged":false,"mixedStates":false,"code":"none"},{"cycle":69,"processOrdinal":1,"timelineOrdinal":69,"kind":"complete","elapsedMs":1.7799169999998412,"pages":1,"totalChanged":false,"mixedStates":false,"code":"none"},{"cycle":70,"processOrdinal":1,"timelineOrdinal":70,"kind":"complete","elapsedMs":1.4878329999992275,"pages":1,"totalChanged":false,"mixedStates":false,"code":"none"},{"cycle":71,"processOrdinal":1,"timelineOrdinal":71,"kind":"complete","elapsedMs":1.886791999999332,"pages":1,"totalChanged":false,"mixedStates":false,"code":"none"},{"cycle":72,"processOrdinal":1,"timelineOrdinal":72,"kind":"complete","elapsedMs":1.5005000000001019,"pages":1,"totalChanged":false,"mixedStates":false,"code":"none"},{"cycle":73,"processOrdinal":1,"timelineOrdinal":73,"kind":"complete","elapsedMs":1.6706250000006548,"pages":1,"totalChanged":false,"mixedStates":false,"code":"none"},{"cycle":74,"processOrdinal":1,"timelineOrdinal":74,"kind":"complete","elapsedMs":1.6258749999997235,"pages":1,"totalChanged":false,"mixedStates":false,"code":"none"},{"cycle":75,"processOrdinal":1,"timelineOrdinal":75,"kind":"complete","elapsedMs":1.5357910000002448,"pages":1,"totalChanged":false,"mixedStates":false,"code":"none"},{"cycle":76,"processOrdinal":1,"timelineOrdinal":76,"kind":"complete","elapsedMs":2.045250000001033,"pages":1,"totalChanged":false,"mixedStates":false,"code":"none"},{"cycle":77,"processOrdinal":1,"timelineOrdinal":77,"kind":"complete","elapsedMs":1.4819160000006377,"pages":1,"totalChanged":false,"mixedStates":false,"code":"none"},{"cycle":78,"processOrdinal":1,"timelineOrdinal":78,"kind":"complete","elapsedMs":1.6413750000010623,"pages":1,"totalChanged":false,"mixedStates":false,"code":"none"},{"cycle":79,"processOrdinal":1,"timelineOrdinal":79,"kind":"complete","elapsedMs":1.6637919999993755,"pages":1,"totalChanged":false,"mixedStates":false,"code":"none"},{"cycle":80,"processOrdinal":1,"timelineOrdinal":80,"kind":"complete","elapsedMs":1.4716669999997976,"pages":1,"totalChanged":false,"mixedStates":false,"code":"none"},{"cycle":81,"processOrdinal":1,"timelineOrdinal":81,"kind":"complete","elapsedMs":1.5420830000002752,"pages":1,"totalChanged":false,"mixedStates":false,"code":"none"},{"cycle":82,"processOrdinal":1,"timelineOrdinal":82,"kind":"complete","elapsedMs":1.5666249999994761,"pages":1,"totalChanged":false,"mixedStates":false,"code":"none"},{"cycle":83,"processOrdinal":1,"timelineOrdinal":83,"kind":"complete","elapsedMs":13.67779100000007,"pages":1,"totalChanged":false,"mixedStates":false,"code":"none"},{"cycle":84,"processOrdinal":1,"timelineOrdinal":84,"kind":"complete","elapsedMs":27.492207999999664,"pages":1,"totalChanged":false,"mixedStates":false,"code":"none"},{"cycle":85,"processOrdinal":1,"timelineOrdinal":85,"kind":"complete","elapsedMs":25.989166999999725,"pages":1,"totalChanged":false,"mixedStates":false,"code":"none"},{"cycle":86,"processOrdinal":1,"timelineOrdinal":86,"kind":"complete","elapsedMs":25.888749999998254,"pages":1,"totalChanged":false,"mixedStates":false,"code":"none"},{"cycle":87,"processOrdinal":1,"timelineOrdinal":87,"kind":"complete","elapsedMs":25.686165999999503,"pages":1,"totalChanged":false,"mixedStates":false,"code":"none"},{"cycle":88,"processOrdinal":1,"timelineOrdinal":88,"kind":"complete","elapsedMs":30.31512500000099,"pages":1,"totalChanged":false,"mixedStates":false,"code":"none"},{"cycle":89,"processOrdinal":1,"timelineOrdinal":89,"kind":"complete","elapsedMs":25.90141599999697,"pages":1,"totalChanged":false,"mixedStates":false,"code":"none"},{"cycle":90,"processOrdinal":1,"timelineOrdinal":90,"kind":"complete","elapsedMs":26.053667000000132,"pages":1,"totalChanged":false,"mixedStates":false,"code":"none"},{"cycle":91,"processOrdinal":1,"timelineOrdinal":91,"kind":"complete","elapsedMs":25.68433300000106,"pages":1,"totalChanged":false,"mixedStates":false,"code":"none"},{"cycle":92,"processOrdinal":1,"timelineOrdinal":92,"kind":"complete","elapsedMs":30.15929099999994,"pages":1,"totalChanged":false,"mixedStates":false,"code":"none"},{"cycle":93,"processOrdinal":1,"timelineOrdinal":93,"kind":"complete","elapsedMs":25.775582999998733,"pages":1,"totalChanged":false,"mixedStates":false,"code":"none"},{"cycle":94,"processOrdinal":1,"timelineOrdinal":94,"kind":"complete","elapsedMs":25.088415999998688,"pages":1,"totalChanged":false,"mixedStates":false,"code":"none"},{"cycle":95,"processOrdinal":1,"timelineOrdinal":95,"kind":"complete","elapsedMs":24.953833999999915,"pages":1,"totalChanged":false,"mixedStates":false,"code":"none"},{"cycle":96,"processOrdinal":1,"timelineOrdinal":96,"kind":"complete","elapsedMs":26.654500000000553,"pages":1,"totalChanged":false,"mixedStates":false,"code":"none"},{"cycle":97,"processOrdinal":1,"timelineOrdinal":97,"kind":"complete","elapsedMs":25.336041999998997,"pages":1,"totalChanged":false,"mixedStates":false,"code":"none"},{"cycle":98,"processOrdinal":1,"timelineOrdinal":98,"kind":"complete","elapsedMs":25.277750000001106,"pages":1,"totalChanged":false,"mixedStates":false,"code":"none"},{"cycle":99,"processOrdinal":1,"timelineOrdinal":99,"kind":"complete","elapsedMs":25.064792000001034,"pages":1,"totalChanged":false,"mixedStates":false,"code":"none"},{"cycle":100,"processOrdinal":1,"timelineOrdinal":100,"kind":"complete","elapsedMs":25.075000000000728,"pages":1,"totalChanged":false,"mixedStates":false,"code":"none"},{"cycle":101,"processOrdinal":1,"timelineOrdinal":101,"kind":"complete","elapsedMs":26.266833000001498,"pages":1,"totalChanged":false,"mixedStates":false,"code":"none"},{"cycle":102,"processOrdinal":1,"timelineOrdinal":102,"kind":"complete","elapsedMs":25.430208999998285,"pages":1,"totalChanged":false,"mixedStates":false,"code":"none"},{"cycle":103,"processOrdinal":1,"timelineOrdinal":103,"kind":"complete","elapsedMs":26.564125000000786,"pages":1,"totalChanged":false,"mixedStates":false,"code":"none"},{"cycle":104,"processOrdinal":1,"timelineOrdinal":104,"kind":"complete","elapsedMs":25.475625000002765,"pages":1,"totalChanged":false,"mixedStates":false,"code":"none"},{"cycle":105,"processOrdinal":1,"timelineOrdinal":105,"kind":"complete","elapsedMs":26.04570800000147,"pages":1,"totalChanged":false,"mixedStates":false,"code":"none"},{"cycle":106,"processOrdinal":1,"timelineOrdinal":106,"kind":"complete","elapsedMs":26.026583999999275,"pages":1,"totalChanged":false,"mixedStates":false,"code":"none"},{"cycle":107,"processOrdinal":1,"timelineOrdinal":107,"kind":"complete","elapsedMs":25.374958000000333,"pages":1,"totalChanged":false,"mixedStates":false,"code":"none"},{"cycle":108,"processOrdinal":1,"timelineOrdinal":108,"kind":"complete","elapsedMs":25.451249999998254,"pages":1,"totalChanged":false,"mixedStates":false,"code":"none"},{"cycle":109,"processOrdinal":1,"timelineOrdinal":109,"kind":"complete","elapsedMs":27.0435839999991,"pages":1,"totalChanged":false,"mixedStates":false,"code":"none"},{"cycle":110,"processOrdinal":1,"timelineOrdinal":110,"kind":"complete","elapsedMs":25.342500000002474,"pages":1,"totalChanged":false,"mixedStates":false,"code":"none"},{"cycle":111,"processOrdinal":1,"timelineOrdinal":111,"kind":"complete","elapsedMs":25.9719159999986,"pages":1,"totalChanged":false,"mixedStates":false,"code":"none"},{"cycle":112,"processOrdinal":1,"timelineOrdinal":112,"kind":"complete","elapsedMs":25.235334000000876,"pages":1,"totalChanged":false,"mixedStates":false,"code":"none"},{"cycle":113,"processOrdinal":1,"timelineOrdinal":113,"kind":"complete","elapsedMs":24.897624999997788,"pages":1,"totalChanged":false,"mixedStates":false,"code":"none"},{"cycle":114,"processOrdinal":1,"timelineOrdinal":114,"kind":"complete","elapsedMs":24.658791999998357,"pages":1,"totalChanged":false,"mixedStates":false,"code":"none"},{"cycle":115,"processOrdinal":1,"timelineOrdinal":115,"kind":"complete","elapsedMs":24.5346669999999,"pages":1,"totalChanged":false,"mixedStates":false,"code":"none"},{"cycle":116,"processOrdinal":1,"timelineOrdinal":116,"kind":"complete","elapsedMs":26.014666999999463,"pages":1,"totalChanged":false,"mixedStates":false,"code":"none"},{"cycle":117,"processOrdinal":1,"timelineOrdinal":117,"kind":"complete","elapsedMs":30.963707999999315,"pages":1,"totalChanged":false,"mixedStates":false,"code":"none"},{"cycle":118,"processOrdinal":1,"timelineOrdinal":118,"kind":"complete","elapsedMs":25.97137500000099,"pages":1,"totalChanged":false,"mixedStates":false,"code":"none"},{"cycle":119,"processOrdinal":1,"timelineOrdinal":119,"kind":"complete","elapsedMs":25.392917000001034,"pages":1,"totalChanged":false,"mixedStates":false,"code":"none"},{"cycle":120,"processOrdinal":1,"timelineOrdinal":120,"kind":"complete","elapsedMs":24.967124999999214,"pages":1,"totalChanged":false,"mixedStates":false,"code":"none"},{"cycle":121,"processOrdinal":1,"timelineOrdinal":121,"kind":"complete","elapsedMs":28.94787500000166,"pages":1,"totalChanged":false,"mixedStates":false,"code":"none"},{"cycle":122,"processOrdinal":1,"timelineOrdinal":122,"kind":"complete","elapsedMs":25.71008300000176,"pages":1,"totalChanged":false,"mixedStates":false,"code":"none"},{"cycle":123,"processOrdinal":1,"timelineOrdinal":123,"kind":"complete","elapsedMs":25.68512499999997,"pages":1,"totalChanged":false,"mixedStates":false,"code":"none"},{"cycle":124,"processOrdinal":1,"timelineOrdinal":124,"kind":"complete","elapsedMs":26.165916999998444,"pages":1,"totalChanged":false,"mixedStates":false,"code":"none"},{"cycle":125,"processOrdinal":1,"timelineOrdinal":125,"kind":"complete","elapsedMs":28.516249999996944,"pages":1,"totalChanged":false,"mixedStates":false,"code":"none"},{"cycle":126,"processOrdinal":1,"timelineOrdinal":126,"kind":"complete","elapsedMs":25.094582999998238,"pages":1,"totalChanged":false,"mixedStates":false,"code":"none"},{"cycle":127,"processOrdinal":1,"timelineOrdinal":127,"kind":"complete","elapsedMs":25.863375000000815,"pages":1,"totalChanged":false,"mixedStates":false,"code":"none"},{"cycle":128,"processOrdinal":1,"timelineOrdinal":128,"kind":"complete","elapsedMs":25.298083000001498,"pages":1,"totalChanged":false,"mixedStates":false,"code":"none"},{"cycle":129,"processOrdinal":1,"timelineOrdinal":129,"kind":"complete","elapsedMs":25.771874999998545,"pages":1,"totalChanged":false,"mixedStates":false,"code":"none"},{"cycle":130,"processOrdinal":1,"timelineOrdinal":130,"kind":"complete","elapsedMs":25.870999999999185,"pages":1,"totalChanged":false,"mixedStates":false,"code":"none"},{"cycle":131,"processOrdinal":1,"timelineOrdinal":131,"kind":"complete","elapsedMs":25.67450000000099,"pages":1,"totalChanged":false,"mixedStates":false,"code":"none"},{"cycle":132,"processOrdinal":1,"timelineOrdinal":132,"kind":"complete","elapsedMs":25.970375000000786,"pages":1,"totalChanged":false,"mixedStates":false,"code":"none"},{"cycle":133,"processOrdinal":1,"timelineOrdinal":133,"kind":"complete","elapsedMs":25.20087500000227,"pages":1,"totalChanged":false,"mixedStates":false,"code":"none"},{"cycle":134,"processOrdinal":1,"timelineOrdinal":134,"kind":"complete","elapsedMs":25.692125000001397,"pages":1,"totalChanged":false,"mixedStates":false,"code":"none"},{"cycle":135,"processOrdinal":1,"timelineOrdinal":135,"kind":"complete","elapsedMs":25.95429100000183,"pages":1,"totalChanged":false,"mixedStates":false,"code":"none"},{"cycle":136,"processOrdinal":1,"timelineOrdinal":136,"kind":"complete","elapsedMs":25.959875000000466,"pages":1,"totalChanged":false,"mixedStates":false,"code":"none"},{"cycle":137,"processOrdinal":1,"timelineOrdinal":137,"kind":"complete","elapsedMs":26.185749999996915,"pages":1,"totalChanged":false,"mixedStates":false,"code":"none"},{"cycle":138,"processOrdinal":1,"timelineOrdinal":138,"kind":"complete","elapsedMs":25.90387499999997,"pages":1,"totalChanged":false,"mixedStates":false,"code":"none"},{"cycle":139,"processOrdinal":1,"timelineOrdinal":139,"kind":"complete","elapsedMs":25.698457999998936,"pages":1,"totalChanged":false,"mixedStates":false,"code":"none"},{"cycle":140,"processOrdinal":1,"timelineOrdinal":140,"kind":"complete","elapsedMs":25.552958000000217,"pages":1,"totalChanged":false,"mixedStates":false,"code":"none"},{"cycle":141,"processOrdinal":1,"timelineOrdinal":141,"kind":"complete","elapsedMs":25.193999999999505,"pages":1,"totalChanged":false,"mixedStates":false,"code":"none"},{"cycle":142,"processOrdinal":1,"timelineOrdinal":142,"kind":"complete","elapsedMs":27.634291999998823,"pages":1,"totalChanged":false,"mixedStates":false,"code":"none"},{"cycle":143,"processOrdinal":1,"timelineOrdinal":143,"kind":"complete","elapsedMs":24.637957999999344,"pages":1,"totalChanged":false,"mixedStates":false,"code":"none"},{"cycle":144,"processOrdinal":1,"timelineOrdinal":144,"kind":"complete","elapsedMs":24.767250000000786,"pages":1,"totalChanged":false,"mixedStates":false,"code":"none"},{"cycle":145,"processOrdinal":1,"timelineOrdinal":145,"kind":"complete","elapsedMs":25.308375000000524,"pages":1,"totalChanged":false,"mixedStates":false,"code":"none"},{"cycle":146,"processOrdinal":1,"timelineOrdinal":146,"kind":"complete","elapsedMs":25.765707999998995,"pages":1,"totalChanged":false,"mixedStates":false,"code":"none"},{"cycle":147,"processOrdinal":1,"timelineOrdinal":147,"kind":"complete","elapsedMs":60.86316599999918,"pages":1,"totalChanged":false,"mixedStates":false,"code":"none"},{"cycle":148,"processOrdinal":1,"timelineOrdinal":148,"kind":"complete","elapsedMs":38.88624999999956,"pages":1,"totalChanged":false,"mixedStates":false,"code":"none"},{"cycle":149,"processOrdinal":1,"timelineOrdinal":149,"kind":"complete","elapsedMs":382.01229199999943,"pages":1,"totalChanged":false,"mixedStates":false,"code":"none"},{"cycle":150,"processOrdinal":1,"timelineOrdinal":150,"kind":"complete","elapsedMs":215.84820799999943,"pages":1,"totalChanged":false,"mixedStates":false,"code":"none"},{"cycle":151,"processOrdinal":1,"timelineOrdinal":151,"kind":"complete","elapsedMs":40.419042000001355,"pages":1,"totalChanged":false,"mixedStates":false,"code":"none"},{"cycle":152,"processOrdinal":1,"timelineOrdinal":152,"kind":"complete","elapsedMs":41.04966600000262,"pages":1,"totalChanged":false,"mixedStates":false,"code":"none"},{"cycle":153,"processOrdinal":1,"timelineOrdinal":153,"kind":"complete","elapsedMs":40.85649999999805,"pages":1,"totalChanged":false,"mixedStates":false,"code":"none"},{"cycle":154,"processOrdinal":1,"timelineOrdinal":154,"kind":"complete","elapsedMs":38.88591599999927,"pages":1,"totalChanged":false,"mixedStates":false,"code":"none"},{"cycle":155,"processOrdinal":1,"timelineOrdinal":155,"kind":"complete","elapsedMs":41.56187499999942,"pages":1,"totalChanged":false,"mixedStates":false,"code":"none"},{"cycle":156,"processOrdinal":1,"timelineOrdinal":156,"kind":"complete","elapsedMs":40.698207999997976,"pages":1,"totalChanged":false,"mixedStates":false,"code":"none"},{"cycle":157,"processOrdinal":1,"timelineOrdinal":157,"kind":"complete","elapsedMs":40.736417000000074,"pages":1,"totalChanged":false,"mixedStates":false,"code":"none"},{"cycle":158,"processOrdinal":1,"timelineOrdinal":158,"kind":"complete","elapsedMs":40.23349999999846,"pages":1,"totalChanged":false,"mixedStates":false,"code":"none"},{"cycle":159,"processOrdinal":1,"timelineOrdinal":159,"kind":"complete","elapsedMs":38.954791000000114,"pages":1,"totalChanged":false,"mixedStates":false,"code":"none"},{"cycle":160,"processOrdinal":1,"timelineOrdinal":160,"kind":"complete","elapsedMs":39.749917000001005,"pages":1,"totalChanged":false,"mixedStates":false,"code":"none"},{"cycle":161,"processOrdinal":1,"timelineOrdinal":161,"kind":"complete","elapsedMs":38.13641599999755,"pages":1,"totalChanged":false,"mixedStates":false,"code":"none"},{"cycle":162,"processOrdinal":1,"timelineOrdinal":162,"kind":"complete","elapsedMs":37.84316700000272,"pages":1,"totalChanged":false,"mixedStates":false,"code":"none"},{"cycle":163,"processOrdinal":1,"timelineOrdinal":163,"kind":"complete","elapsedMs":38.029458000000886,"pages":1,"totalChanged":false,"mixedStates":false,"code":"none"},{"cycle":164,"processOrdinal":1,"timelineOrdinal":164,"kind":"complete","elapsedMs":39.65116699999999,"pages":1,"totalChanged":false,"mixedStates":false,"code":"none"},{"cycle":165,"processOrdinal":1,"timelineOrdinal":165,"kind":"complete","elapsedMs":38.90195799999856,"pages":1,"totalChanged":false,"mixedStates":false,"code":"none"},{"cycle":166,"processOrdinal":1,"timelineOrdinal":166,"kind":"complete","elapsedMs":38.810207999998966,"pages":1,"totalChanged":false,"mixedStates":false,"code":"none"},{"cycle":167,"processOrdinal":1,"timelineOrdinal":167,"kind":"complete","elapsedMs":39.5412499999984,"pages":1,"totalChanged":false,"mixedStates":false,"code":"none"},{"cycle":168,"processOrdinal":1,"timelineOrdinal":168,"kind":"complete","elapsedMs":40.2266660000023,"pages":1,"totalChanged":false,"mixedStates":false,"code":"none"},{"cycle":169,"processOrdinal":1,"timelineOrdinal":169,"kind":"complete","elapsedMs":38.83354200000031,"pages":1,"totalChanged":false,"mixedStates":false,"code":"none"},{"cycle":170,"processOrdinal":1,"timelineOrdinal":170,"kind":"complete","elapsedMs":40.103917000000365,"pages":1,"totalChanged":false,"mixedStates":false,"code":"none"},{"cycle":171,"processOrdinal":1,"timelineOrdinal":171,"kind":"complete","elapsedMs":39.32879099999991,"pages":1,"totalChanged":false,"mixedStates":false,"code":"none"},{"cycle":172,"processOrdinal":1,"timelineOrdinal":172,"kind":"complete","elapsedMs":41.4016249999986,"pages":1,"totalChanged":false,"mixedStates":false,"code":"none"},{"cycle":173,"processOrdinal":1,"timelineOrdinal":173,"kind":"complete","elapsedMs":38.55904200000077,"pages":1,"totalChanged":false,"mixedStates":false,"code":"none"},{"cycle":174,"processOrdinal":1,"timelineOrdinal":174,"kind":"complete","elapsedMs":311.9265830000004,"pages":1,"totalChanged":false,"mixedStates":false,"code":"none"},{"cycle":175,"processOrdinal":1,"timelineOrdinal":175,"kind":"complete","elapsedMs":602.2257500000014,"pages":1,"totalChanged":false,"mixedStates":false,"code":"none"},{"cycle":176,"processOrdinal":1,"timelineOrdinal":176,"kind":"complete","elapsedMs":830.5194580000025,"pages":1,"totalChanged":false,"mixedStates":false,"code":"none"},{"cycle":177,"processOrdinal":1,"timelineOrdinal":177,"kind":"complete","elapsedMs":383.07633400000486,"pages":1,"totalChanged":false,"mixedStates":false,"code":"none"},{"cycle":178,"processOrdinal":1,"timelineOrdinal":178,"kind":"complete","elapsedMs":384.8950829999958,"pages":1,"totalChanged":false,"mixedStates":false,"code":"none"},{"cycle":179,"processOrdinal":1,"timelineOrdinal":179,"kind":"complete","elapsedMs":380.98845900000015,"pages":1,"totalChanged":false,"mixedStates":false,"code":"none"},{"cycle":180,"processOrdinal":1,"timelineOrdinal":180,"kind":"complete","elapsedMs":390.37320799999725,"pages":1,"totalChanged":false,"mixedStates":false,"code":"none"},{"cycle":181,"processOrdinal":1,"timelineOrdinal":181,"kind":"complete","elapsedMs":387.8488329999964,"pages":1,"totalChanged":false,"mixedStates":false,"code":"none"},{"cycle":182,"processOrdinal":1,"timelineOrdinal":182,"kind":"complete","elapsedMs":394.9324579999957,"pages":1,"totalChanged":false,"mixedStates":false,"code":"none"},{"cycle":183,"processOrdinal":1,"timelineOrdinal":183,"kind":"complete","elapsedMs":394.2609589999993,"pages":1,"totalChanged":false,"mixedStates":false,"code":"none"},{"cycle":184,"processOrdinal":1,"timelineOrdinal":184,"kind":"complete","elapsedMs":1197.9111669999984,"pages":1,"totalChanged":false,"mixedStates":false,"code":"none"},{"cycle":185,"processOrdinal":1,"timelineOrdinal":185,"kind":"complete","elapsedMs":1137.970417000004,"pages":1,"totalChanged":false,"mixedStates":false,"code":"none"},{"cycle":186,"processOrdinal":1,"timelineOrdinal":186,"kind":"complete","elapsedMs":753.1091249999954,"pages":1,"totalChanged":false,"mixedStates":false,"code":"none"},{"cycle":187,"processOrdinal":1,"timelineOrdinal":187,"kind":"complete","elapsedMs":775.3233330000003,"pages":1,"totalChanged":false,"mixedStates":false,"code":"none"},{"cycle":188,"processOrdinal":1,"timelineOrdinal":188,"kind":"complete","elapsedMs":752.5554579999953,"pages":1,"totalChanged":false,"mixedStates":false,"code":"none"},{"cycle":189,"processOrdinal":1,"timelineOrdinal":189,"kind":"complete","elapsedMs":747.8142089999965,"pages":1,"totalChanged":false,"mixedStates":false,"code":"none"},{"cycle":190,"processOrdinal":1,"timelineOrdinal":190,"kind":"complete","elapsedMs":2153.9434580000016,"pages":1,"totalChanged":false,"mixedStates":false,"code":"none"},{"cycle":191,"processOrdinal":1,"timelineOrdinal":191,"kind":"complete","elapsedMs":1109.7290409999987,"pages":1,"totalChanged":false,"mixedStates":false,"code":"none"},{"cycle":192,"processOrdinal":2,"timelineOrdinal":1,"kind":"complete","elapsedMs":1112.4779170000038,"pages":1,"totalChanged":false,"mixedStates":false,"code":"none"},{"cycle":193,"processOrdinal":2,"timelineOrdinal":2,"kind":"complete","elapsedMs":1149.0422089999993,"pages":1,"totalChanged":false,"mixedStates":false,"code":"none"},{"cycle":194,"processOrdinal":2,"timelineOrdinal":3,"kind":"complete","elapsedMs":1149.5845830000035,"pages":1,"totalChanged":false,"mixedStates":false,"code":"none"},{"cycle":195,"processOrdinal":2,"timelineOrdinal":4,"kind":"complete","elapsedMs":1158.2615409999999,"pages":1,"totalChanged":false,"mixedStates":false,"code":"none"},{"cycle":196,"processOrdinal":2,"timelineOrdinal":5,"kind":"complete","elapsedMs":1145.2139590000006,"pages":1,"totalChanged":false,"mixedStates":false,"code":"none"},{"cycle":197,"processOrdinal":2,"timelineOrdinal":6,"kind":"complete","elapsedMs":1152.7815000000046,"pages":1,"totalChanged":false,"mixedStates":false,"code":"none"},{"cycle":198,"processOrdinal":2,"timelineOrdinal":7,"kind":"complete","elapsedMs":1210.481958000004,"pages":1,"totalChanged":false,"mixedStates":false,"code":"none"},{"cycle":199,"processOrdinal":2,"timelineOrdinal":8,"kind":"complete","elapsedMs":1168.0933340000047,"pages":1,"totalChanged":false,"mixedStates":false,"code":"none"},{"cycle":200,"processOrdinal":2,"timelineOrdinal":9,"kind":"complete","elapsedMs":1230.1037090000027,"pages":1,"totalChanged":false,"mixedStates":false,"code":"none"},{"cycle":201,"processOrdinal":2,"timelineOrdinal":10,"kind":"complete","elapsedMs":1239.7480000000069,"pages":1,"totalChanged":false,"mixedStates":false,"code":"none"},{"cycle":202,"processOrdinal":2,"timelineOrdinal":11,"kind":"complete","elapsedMs":1260.4540839999972,"pages":1,"totalChanged":false,"mixedStates":false,"code":"none"},{"cycle":203,"processOrdinal":2,"timelineOrdinal":12,"kind":"complete","elapsedMs":1247.206250000003,"pages":1,"totalChanged":false,"mixedStates":false,"code":"none"},{"cycle":204,"processOrdinal":2,"timelineOrdinal":13,"kind":"complete","elapsedMs":1256.476708000002,"pages":1,"totalChanged":false,"mixedStates":false,"code":"none"},{"cycle":205,"processOrdinal":2,"timelineOrdinal":14,"kind":"complete","elapsedMs":1293.8452919999982,"pages":1,"totalChanged":false,"mixedStates":false,"code":"none"},{"cycle":206,"processOrdinal":2,"timelineOrdinal":15,"kind":"complete","elapsedMs":1787.442041000002,"pages":1,"totalChanged":false,"mixedStates":false,"code":"none"},{"cycle":207,"processOrdinal":2,"timelineOrdinal":16,"kind":"complete","elapsedMs":1574.9463749999995,"pages":1,"totalChanged":false,"mixedStates":false,"code":"none"},{"cycle":208,"processOrdinal":2,"timelineOrdinal":17,"kind":"complete","elapsedMs":1370.7523340000043,"pages":1,"totalChanged":false,"mixedStates":false,"code":"none"},{"cycle":209,"processOrdinal":2,"timelineOrdinal":18,"kind":"complete","elapsedMs":1306.873166999998,"pages":1,"totalChanged":false,"mixedStates":false,"code":"none"},{"cycle":210,"processOrdinal":2,"timelineOrdinal":19,"kind":"complete","elapsedMs":2840.1020839999983,"pages":1,"totalChanged":false,"mixedStates":false,"code":"none"},{"cycle":211,"processOrdinal":2,"timelineOrdinal":20,"kind":"complete","elapsedMs":1682.7043750000012,"pages":1,"totalChanged":false,"mixedStates":false,"code":"none"},{"cycle":212,"processOrdinal":2,"timelineOrdinal":21,"kind":"complete","elapsedMs":1694.068041999999,"pages":1,"totalChanged":false,"mixedStates":false,"code":"none"},{"cycle":213,"processOrdinal":2,"timelineOrdinal":22,"kind":"complete","elapsedMs":3274.049542000008,"pages":1,"totalChanged":false,"mixedStates":false,"code":"none"},{"cycle":214,"processOrdinal":2,"timelineOrdinal":23,"kind":"complete","elapsedMs":2131.4430409999914,"pages":1,"totalChanged":false,"mixedStates":false,"code":"none"},{"cycle":215,"processOrdinal":2,"timelineOrdinal":24,"kind":"complete","elapsedMs":3774.2905420000025,"pages":1,"totalChanged":false,"mixedStates":false,"code":"none"}]}
[job-state-diagnostic] {"diagnosticStatus":"failed","evidenceStatus":"not-run","cleanupAllowed":false,"evidenceFile":"state-9a9a20ed-cfa0-46cb-b9c9-05b7125b3fbb.json","detailRequested":false}
[fail] LP03-B diagnostic unavailable
[cleanup] {"root":"/private/var/folders/k0/qhmr6zdx11q0_41wfx4dsd200000gn/T/media-server-current-integration-uTYYZv","bytes":239081304,"rootAbsent":false,"failureCount":1,"processes":[{"schema":"recording-process-cleanup-v1","attemptCount":1,"pid":68706,"exitCode":0,"signalCode":null,"exitedObserved":true,"stopCode":"complete","forcedTermination":"not-used","normalExitPass":true,"normalShutdownPass":true,"archiveSafe":true,"ports":[{"kind":"http","port":51746,"status":"pass","code":"closed","closed":true},{"kind":"rtsp","port":51747,"status":"pass","code":"closed","closed":true}]},{"schema":"recording-process-cleanup-v1","attemptCount":1,"pid":68798,"exitCode":0,"signalCode":null,"exitedObserved":true,"stopCode":"complete","forcedTermination":"not-used","normalExitPass":true,"normalShutdownPass":true,"archiveSafe":true,"ports":[{"kind":"http","port":52082,"status":"pass","code":"closed","closed":true},{"kind":"rtsp","port":52083,"status":"pass","code":"closed","closed":true}]}],"evidencePreservedOrNotRequired":false,"udpClosed":true}
{"mode":"current-actual-app","timelineUnplacedUnit":"file","terminalObservations":[{"processOrdinal":1,"referenceSha256":"c4f8956731eef44f1fd95e72c6854a12ad90316b5b31ad7e374f550520d40ddf","unplacedUnit":"file","terminalObserved":true,"firstObservedMs":46854.198666,"firstPageOffset":0,"firstTimelineOrdinal":191,"mixedStates":true,"observedOutputCount":2,"fullOutputPass":false,"invalid":false,"fullPageStatus":"complete","changedCycles":0,"waitOutcome":"complete"},{"processOrdinal":2,"referenceSha256":"77891e632e1e1acd2f6038d184f0e5153b7ddf0ca43985a7d00004fc76eff150","unplacedUnit":"file","terminalObserved":false,"firstObservedMs":null,"firstPageOffset":null,"firstTimelineOrdinal":null,"mixedStates":false,"observedOutputCount":0,"fullOutputPass":false,"invalid":false,"fullPageStatus":"complete","changedCycles":0,"waitOutcome":"timeout"}],"passed":16,"failed":2,"latencyPass":false,"actualEventPass":true,"restartPass":false,"boundaryDiagnosticPass":false,"expectedOutputCount":2,"observedOutputCounts":[2],"cleanup":{"rootAbsent":false,"failureCount":1,"processes":[{"schema":"recording-process-cleanup-v1","attemptCount":1,"pid":68706,"exitCode":0,"signalCode":null,"exitedObserved":true,"stopCode":"complete","forcedTermination":"not-used","normalExitPass":true,"normalShutdownPass":true,"archiveSafe":true,"ports":[{"kind":"http","port":51746,"status":"pass","code":"closed","closed":true},{"kind":"rtsp","port":51747,"status":"pass","code":"closed","closed":true}]},{"schema":"recording-process-cleanup-v1","attemptCount":1,"pid":68798,"exitCode":0,"signalCode":null,"exitedObserved":true,"stopCode":"complete","forcedTermination":"not-used","normalExitPass":true,"normalShutdownPass":true,"archiveSafe":true,"ports":[{"kind":"http","port":52082,"status":"pass","code":"closed","closed":true},{"kind":"rtsp","port":52083,"status":"pass","code":"closed","closed":true}]}],"evidencePreservedOrNotRequired":false},"elapsedMs":108091}
