[timeline-query-mode] {"unplacedUnit":"file","knownUnit":"mapping","maxLeafItems":4096,"maxBytes":67108864}
[process-start] {"processOrdinal":1,"pid":68048,"ports":[{"kind":"http","port":50723},{"kind":"rtsp","port":50724}]}
[http-timing] {"sequence":1,"timelineOrdinal":null,"processOrdinal":1,"method":"GET","routeClass":"health","status":null,"headerElapsedMs":null,"bodyElapsedMs":null,"totalElapsedMs":3,"bytes":0,"phase":"header","outcome":"error"}
[http-timing] {"sequence":2,"timelineOrdinal":null,"processOrdinal":1,"method":"GET","routeClass":"health","status":null,"headerElapsedMs":null,"bodyElapsedMs":null,"totalElapsedMs":1,"bytes":0,"phase":"header","outcome":"error"}
[http-timing] {"sequence":3,"timelineOrdinal":null,"processOrdinal":1,"method":"GET","routeClass":"health","status":null,"headerElapsedMs":null,"bodyElapsedMs":null,"totalElapsedMs":1,"bytes":0,"phase":"header","outcome":"error"}
[http-timing] {"sequence":4,"timelineOrdinal":null,"processOrdinal":1,"method":"GET","routeClass":"health","status":null,"headerElapsedMs":null,"bodyElapsedMs":null,"totalElapsedMs":1,"bytes":0,"phase":"header","outcome":"error"}
[http-timing] {"sequence":5,"timelineOrdinal":null,"processOrdinal":1,"method":"GET","routeClass":"health","status":null,"headerElapsedMs":null,"bodyElapsedMs":null,"totalElapsedMs":1,"bytes":0,"phase":"header","outcome":"error"}
[http-timing] {"sequence":6,"timelineOrdinal":null,"processOrdinal":1,"method":"GET","routeClass":"health","status":null,"headerElapsedMs":null,"bodyElapsedMs":null,"totalElapsedMs":1,"bytes":0,"phase":"header","outcome":"error"}
[http-timing] {"sequence":7,"timelineOrdinal":null,"processOrdinal":1,"method":"GET","routeClass":"health","status":null,"headerElapsedMs":null,"bodyElapsedMs":null,"totalElapsedMs":1,"bytes":0,"phase":"header","outcome":"error"}
[http-timing] {"sequence":8,"timelineOrdinal":null,"processOrdinal":1,"method":"GET","routeClass":"health","status":null,"headerElapsedMs":null,"bodyElapsedMs":null,"totalElapsedMs":1,"bytes":0,"phase":"header","outcome":"error"}
[http-timing] {"sequence":9,"timelineOrdinal":null,"processOrdinal":1,"method":"GET","routeClass":"health","status":null,"headerElapsedMs":null,"bodyElapsedMs":null,"totalElapsedMs":1,"bytes":0,"phase":"header","outcome":"error"}
[http-timing] {"sequence":10,"timelineOrdinal":null,"processOrdinal":1,"method":"GET","routeClass":"health","status":null,"headerElapsedMs":null,"bodyElapsedMs":null,"totalElapsedMs":1,"bytes":0,"phase":"header","outcome":"error"}
[http-timing] {"sequence":11,"timelineOrdinal":null,"processOrdinal":1,"method":"GET","routeClass":"health","status":null,"headerElapsedMs":null,"bodyElapsedMs":null,"totalElapsedMs":1,"bytes":0,"phase":"header","outcome":"error"}
[http-timing] {"sequence":12,"timelineOrdinal":null,"processOrdinal":1,"method":"GET","routeClass":"health","status":null,"headerElapsedMs":null,"bodyElapsedMs":null,"totalElapsedMs":0,"bytes":0,"phase":"header","outcome":"error"}
[http-timing] {"sequence":13,"timelineOrdinal":null,"processOrdinal":1,"method":"GET","routeClass":"health","status":null,"headerElapsedMs":null,"bodyElapsedMs":null,"totalElapsedMs":0,"bytes":0,"phase":"header","outcome":"error"}
[http-timing] {"sequence":14,"timelineOrdinal":null,"processOrdinal":1,"method":"GET","routeClass":"health","status":null,"headerElapsedMs":null,"bodyElapsedMs":null,"totalElapsedMs":0,"bytes":0,"phase":"header","outcome":"error"}
[http-timing] {"sequence":15,"timelineOrdinal":null,"processOrdinal":1,"method":"GET","routeClass":"health","status":null,"headerElapsedMs":null,"bodyElapsedMs":null,"totalElapsedMs":0,"bytes":0,"phase":"header","outcome":"error"}
[http-timing] {"sequence":16,"timelineOrdinal":null,"processOrdinal":1,"method":"GET","routeClass":"health","status":200,"headerElapsedMs":5,"bodyElapsedMs":1,"totalElapsedMs":7,"bytes":15,"phase":"complete","outcome":"ok"}
[http-timing] {"sequence":17,"timelineOrdinal":null,"processOrdinal":1,"method":"GET","routeClass":"ice","status":200,"headerElapsedMs":2,"bodyElapsedMs":0,"totalElapsedMs":2,"bytes":222,"phase":"complete","outcome":"ok"}
[pass] S11-CI09 product-1 healthy isolated ICE
[http-timing] {"sequence":18,"timelineOrdinal":null,"processOrdinal":1,"method":"POST","routeClass":"source","status":201,"headerElapsedMs":81,"bodyElapsedMs":0,"totalElapsedMs":81,"bytes":428,"phase":"complete","outcome":"ok"}
[http-timing] {"sequence":19,"timelineOrdinal":null,"processOrdinal":1,"method":"POST","routeClass":"tap-create","status":200,"headerElapsedMs":47,"bodyElapsedMs":0,"totalElapsedMs":47,"bytes":1187,"phase":"complete","outcome":"ok"}
[http-timing] {"sequence":20,"timelineOrdinal":1,"processOrdinal":1,"method":"GET","routeClass":"timeline","status":200,"headerElapsedMs":1,"bodyElapsedMs":0,"totalElapsedMs":1,"bytes":82,"phase":"complete","outcome":"ok"}
[timeline-page-observation] {"cycle":1,"processOrdinal":1,"timelineOrdinal":1,"kind":"page","elapsedMs":2.432582999999795,"offset":0,"total":0,"unplacedTotal":0,"states":{"intent":0,"ready":0,"committed":0,"complete":0,"failed":0,"other":0}}
[timeline-page-observation] {"cycle":1,"processOrdinal":1,"timelineOrdinal":1,"kind":"complete","elapsedMs":2.483416000000034,"pages":1,"totalChanged":false,"mixedStates":false,"code":"none"}
[http-timing] {"sequence":21,"timelineOrdinal":2,"processOrdinal":1,"method":"GET","routeClass":"timeline","status":200,"headerElapsedMs":1,"bodyElapsedMs":0,"totalElapsedMs":1,"bytes":82,"phase":"complete","outcome":"ok"}
[timeline-page-observation] {"cycle":2,"processOrdinal":1,"timelineOrdinal":2,"kind":"page","elapsedMs":1.9831670000003214,"offset":0,"total":0,"unplacedTotal":0,"states":{"intent":0,"ready":0,"committed":0,"complete":0,"failed":0,"other":0}}
[timeline-page-observation] {"cycle":2,"processOrdinal":1,"timelineOrdinal":2,"kind":"complete","elapsedMs":2.009875000000193,"pages":1,"totalChanged":false,"mixedStates":false,"code":"none"}
[http-timing] {"sequence":22,"timelineOrdinal":3,"processOrdinal":1,"method":"GET","routeClass":"timeline","status":200,"headerElapsedMs":1,"bodyElapsedMs":0,"totalElapsedMs":1,"bytes":82,"phase":"complete","outcome":"ok"}
[timeline-page-observation] {"cycle":3,"processOrdinal":1,"timelineOrdinal":3,"kind":"page","elapsedMs":1.7287500000002183,"offset":0,"total":0,"unplacedTotal":0,"states":{"intent":0,"ready":0,"committed":0,"complete":0,"failed":0,"other":0}}
[timeline-page-observation] {"cycle":3,"processOrdinal":1,"timelineOrdinal":3,"kind":"complete","elapsedMs":1.7551659999999174,"pages":1,"totalChanged":false,"mixedStates":false,"code":"none"}
[http-timing] {"sequence":23,"timelineOrdinal":4,"processOrdinal":1,"method":"GET","routeClass":"timeline","status":200,"headerElapsedMs":1,"bodyElapsedMs":0,"totalElapsedMs":1,"bytes":82,"phase":"complete","outcome":"ok"}
[timeline-page-observation] {"cycle":4,"processOrdinal":1,"timelineOrdinal":4,"kind":"page","elapsedMs":1.7967499999999745,"offset":0,"total":0,"unplacedTotal":0,"states":{"intent":0,"ready":0,"committed":0,"complete":0,"failed":0,"other":0}}
[timeline-page-observation] {"cycle":4,"processOrdinal":1,"timelineOrdinal":4,"kind":"complete","elapsedMs":1.825249999999869,"pages":1,"totalChanged":false,"mixedStates":false,"code":"none"}
[http-timing] {"sequence":24,"timelineOrdinal":5,"processOrdinal":1,"method":"GET","routeClass":"timeline","status":200,"headerElapsedMs":1,"bodyElapsedMs":0,"totalElapsedMs":1,"bytes":82,"phase":"complete","outcome":"ok"}
[timeline-page-observation] {"cycle":5,"processOrdinal":1,"timelineOrdinal":5,"kind":"page","elapsedMs":1.8195840000003045,"offset":0,"total":0,"unplacedTotal":0,"states":{"intent":0,"ready":0,"committed":0,"complete":0,"failed":0,"other":0}}
[timeline-page-observation] {"cycle":5,"processOrdinal":1,"timelineOrdinal":5,"kind":"complete","elapsedMs":1.8543750000003456,"pages":1,"totalChanged":false,"mixedStates":false,"code":"none"}
[http-timing] {"sequence":25,"timelineOrdinal":6,"processOrdinal":1,"method":"GET","routeClass":"timeline","status":200,"headerElapsedMs":1,"bodyElapsedMs":0,"totalElapsedMs":1,"bytes":82,"phase":"complete","outcome":"ok"}
[timeline-page-observation] {"cycle":6,"processOrdinal":1,"timelineOrdinal":6,"kind":"page","elapsedMs":1.7212919999997212,"offset":0,"total":0,"unplacedTotal":0,"states":{"intent":0,"ready":0,"committed":0,"complete":0,"failed":0,"other":0}}
[timeline-page-observation] {"cycle":6,"processOrdinal":1,"timelineOrdinal":6,"kind":"complete","elapsedMs":1.759791999999834,"pages":1,"totalChanged":false,"mixedStates":false,"code":"none"}
[http-timing] {"sequence":26,"timelineOrdinal":7,"processOrdinal":1,"method":"GET","routeClass":"timeline","status":200,"headerElapsedMs":1,"bodyElapsedMs":0,"totalElapsedMs":1,"bytes":82,"phase":"complete","outcome":"ok"}
[timeline-page-observation] {"cycle":7,"processOrdinal":1,"timelineOrdinal":7,"kind":"page","elapsedMs":1.835540999999921,"offset":0,"total":0,"unplacedTotal":0,"states":{"intent":0,"ready":0,"committed":0,"complete":0,"failed":0,"other":0}}
[timeline-page-observation] {"cycle":7,"processOrdinal":1,"timelineOrdinal":7,"kind":"complete","elapsedMs":1.8522499999999127,"pages":1,"totalChanged":false,"mixedStates":false,"code":"none"}
[http-timing] {"sequence":27,"timelineOrdinal":8,"processOrdinal":1,"method":"GET","routeClass":"timeline","status":200,"headerElapsedMs":1,"bodyElapsedMs":0,"totalElapsedMs":1,"bytes":82,"phase":"complete","outcome":"ok"}
[timeline-page-observation] {"cycle":8,"processOrdinal":1,"timelineOrdinal":8,"kind":"page","elapsedMs":1.6918749999999818,"offset":0,"total":0,"unplacedTotal":0,"states":{"intent":0,"ready":0,"committed":0,"complete":0,"failed":0,"other":0}}
[timeline-page-observation] {"cycle":8,"processOrdinal":1,"timelineOrdinal":8,"kind":"complete","elapsedMs":1.7091669999999795,"pages":1,"totalChanged":false,"mixedStates":false,"code":"none"}
[http-timing] {"sequence":28,"timelineOrdinal":9,"processOrdinal":1,"method":"GET","routeClass":"timeline","status":200,"headerElapsedMs":1,"bodyElapsedMs":0,"totalElapsedMs":1,"bytes":82,"phase":"complete","outcome":"ok"}
[timeline-page-observation] {"cycle":9,"processOrdinal":1,"timelineOrdinal":9,"kind":"page","elapsedMs":1.6705409999999574,"offset":0,"total":0,"unplacedTotal":0,"states":{"intent":0,"ready":0,"committed":0,"complete":0,"failed":0,"other":0}}
[timeline-page-observation] {"cycle":9,"processOrdinal":1,"timelineOrdinal":9,"kind":"complete","elapsedMs":1.6874579999998787,"pages":1,"totalChanged":false,"mixedStates":false,"code":"none"}
[http-timing] {"sequence":29,"timelineOrdinal":10,"processOrdinal":1,"method":"GET","routeClass":"timeline","status":200,"headerElapsedMs":1,"bodyElapsedMs":0,"totalElapsedMs":1,"bytes":82,"phase":"complete","outcome":"ok"}
[timeline-page-observation] {"cycle":10,"processOrdinal":1,"timelineOrdinal":10,"kind":"page","elapsedMs":1.485417000000325,"offset":0,"total":0,"unplacedTotal":0,"states":{"intent":0,"ready":0,"committed":0,"complete":0,"failed":0,"other":0}}
[timeline-page-observation] {"cycle":10,"processOrdinal":1,"timelineOrdinal":10,"kind":"complete","elapsedMs":1.5035419999999249,"pages":1,"totalChanged":false,"mixedStates":false,"code":"none"}
[http-timing] {"sequence":30,"timelineOrdinal":11,"processOrdinal":1,"method":"GET","routeClass":"timeline","status":200,"headerElapsedMs":1,"bodyElapsedMs":0,"totalElapsedMs":1,"bytes":82,"phase":"complete","outcome":"ok"}
[timeline-page-observation] {"cycle":11,"processOrdinal":1,"timelineOrdinal":11,"kind":"page","elapsedMs":1.638249999999971,"offset":0,"total":0,"unplacedTotal":0,"states":{"intent":0,"ready":0,"committed":0,"complete":0,"failed":0,"other":0}}
[timeline-page-observation] {"cycle":11,"processOrdinal":1,"timelineOrdinal":11,"kind":"complete","elapsedMs":1.6588329999999587,"pages":1,"totalChanged":false,"mixedStates":false,"code":"none"}
[http-timing] {"sequence":31,"timelineOrdinal":12,"processOrdinal":1,"method":"GET","routeClass":"timeline","status":200,"headerElapsedMs":1,"bodyElapsedMs":0,"totalElapsedMs":1,"bytes":82,"phase":"complete","outcome":"ok"}
[timeline-page-observation] {"cycle":12,"processOrdinal":1,"timelineOrdinal":12,"kind":"page","elapsedMs":1.7537499999998545,"offset":0,"total":0,"unplacedTotal":0,"states":{"intent":0,"ready":0,"committed":0,"complete":0,"failed":0,"other":0}}
[timeline-page-observation] {"cycle":12,"processOrdinal":1,"timelineOrdinal":12,"kind":"complete","elapsedMs":1.7748750000000655,"pages":1,"totalChanged":false,"mixedStates":false,"code":"none"}
[http-timing] {"sequence":32,"timelineOrdinal":13,"processOrdinal":1,"method":"GET","routeClass":"timeline","status":200,"headerElapsedMs":1,"bodyElapsedMs":0,"totalElapsedMs":1,"bytes":82,"phase":"complete","outcome":"ok"}
[timeline-page-observation] {"cycle":13,"processOrdinal":1,"timelineOrdinal":13,"kind":"page","elapsedMs":1.7719170000000304,"offset":0,"total":0,"unplacedTotal":0,"states":{"intent":0,"ready":0,"committed":0,"complete":0,"failed":0,"other":0}}
[timeline-page-observation] {"cycle":13,"processOrdinal":1,"timelineOrdinal":13,"kind":"complete","elapsedMs":1.7891670000003614,"pages":1,"totalChanged":false,"mixedStates":false,"code":"none"}
[http-timing] {"sequence":33,"timelineOrdinal":14,"processOrdinal":1,"method":"GET","routeClass":"timeline","status":200,"headerElapsedMs":1,"bodyElapsedMs":0,"totalElapsedMs":1,"bytes":82,"phase":"complete","outcome":"ok"}
[timeline-page-observation] {"cycle":14,"processOrdinal":1,"timelineOrdinal":14,"kind":"page","elapsedMs":1.7189170000001468,"offset":0,"total":0,"unplacedTotal":0,"states":{"intent":0,"ready":0,"committed":0,"complete":0,"failed":0,"other":0}}
[timeline-page-observation] {"cycle":14,"processOrdinal":1,"timelineOrdinal":14,"kind":"complete","elapsedMs":1.7475840000006428,"pages":1,"totalChanged":false,"mixedStates":false,"code":"none"}
[http-timing] {"sequence":34,"timelineOrdinal":15,"processOrdinal":1,"method":"GET","routeClass":"timeline","status":200,"headerElapsedMs":1,"bodyElapsedMs":0,"totalElapsedMs":1,"bytes":82,"phase":"complete","outcome":"ok"}
[timeline-page-observation] {"cycle":15,"processOrdinal":1,"timelineOrdinal":15,"kind":"page","elapsedMs":1.5835839999999735,"offset":0,"total":0,"unplacedTotal":0,"states":{"intent":0,"ready":0,"committed":0,"complete":0,"failed":0,"other":0}}
[timeline-page-observation] {"cycle":15,"processOrdinal":1,"timelineOrdinal":15,"kind":"complete","elapsedMs":1.6094999999995707,"pages":1,"totalChanged":false,"mixedStates":false,"code":"none"}
[http-timing] {"sequence":35,"timelineOrdinal":16,"processOrdinal":1,"method":"GET","routeClass":"timeline","status":200,"headerElapsedMs":1,"bodyElapsedMs":0,"totalElapsedMs":1,"bytes":82,"phase":"complete","outcome":"ok"}
[timeline-page-observation] {"cycle":16,"processOrdinal":1,"timelineOrdinal":16,"kind":"page","elapsedMs":1.6662079999996422,"offset":0,"total":0,"unplacedTotal":0,"states":{"intent":0,"ready":0,"committed":0,"complete":0,"failed":0,"other":0}}
[timeline-page-observation] {"cycle":16,"processOrdinal":1,"timelineOrdinal":16,"kind":"complete","elapsedMs":1.6836670000002414,"pages":1,"totalChanged":false,"mixedStates":false,"code":"none"}
[http-timing] {"sequence":36,"timelineOrdinal":17,"processOrdinal":1,"method":"GET","routeClass":"timeline","status":200,"headerElapsedMs":1,"bodyElapsedMs":0,"totalElapsedMs":1,"bytes":82,"phase":"complete","outcome":"ok"}
[timeline-page-observation] {"cycle":17,"processOrdinal":1,"timelineOrdinal":17,"kind":"page","elapsedMs":1.732875000000604,"offset":0,"total":0,"unplacedTotal":0,"states":{"intent":0,"ready":0,"committed":0,"complete":0,"failed":0,"other":0}}
[timeline-page-observation] {"cycle":17,"processOrdinal":1,"timelineOrdinal":17,"kind":"complete","elapsedMs":1.748583000000508,"pages":1,"totalChanged":false,"mixedStates":false,"code":"none"}
[http-timing] {"sequence":37,"timelineOrdinal":18,"processOrdinal":1,"method":"GET","routeClass":"timeline","status":200,"headerElapsedMs":1,"bodyElapsedMs":0,"totalElapsedMs":1,"bytes":82,"phase":"complete","outcome":"ok"}
[timeline-page-observation] {"cycle":18,"processOrdinal":1,"timelineOrdinal":18,"kind":"page","elapsedMs":1.498290999999881,"offset":0,"total":0,"unplacedTotal":0,"states":{"intent":0,"ready":0,"committed":0,"complete":0,"failed":0,"other":0}}
[timeline-page-observation] {"cycle":18,"processOrdinal":1,"timelineOrdinal":18,"kind":"complete","elapsedMs":1.5157909999998083,"pages":1,"totalChanged":false,"mixedStates":false,"code":"none"}
[http-timing] {"sequence":38,"timelineOrdinal":19,"processOrdinal":1,"method":"GET","routeClass":"timeline","status":200,"headerElapsedMs":1,"bodyElapsedMs":0,"totalElapsedMs":1,"bytes":82,"phase":"complete","outcome":"ok"}
[timeline-page-observation] {"cycle":19,"processOrdinal":1,"timelineOrdinal":19,"kind":"page","elapsedMs":1.5953329999993002,"offset":0,"total":0,"unplacedTotal":0,"states":{"intent":0,"ready":0,"committed":0,"complete":0,"failed":0,"other":0}}
[timeline-page-observation] {"cycle":19,"processOrdinal":1,"timelineOrdinal":19,"kind":"complete","elapsedMs":1.6199159999996482,"pages":1,"totalChanged":false,"mixedStates":false,"code":"none"}
[http-timing] {"sequence":39,"timelineOrdinal":20,"processOrdinal":1,"method":"GET","routeClass":"timeline","status":200,"headerElapsedMs":1,"bodyElapsedMs":0,"totalElapsedMs":1,"bytes":82,"phase":"complete","outcome":"ok"}
[timeline-page-observation] {"cycle":20,"processOrdinal":1,"timelineOrdinal":20,"kind":"page","elapsedMs":1.7802910000000338,"offset":0,"total":0,"unplacedTotal":0,"states":{"intent":0,"ready":0,"committed":0,"complete":0,"failed":0,"other":0}}
[timeline-page-observation] {"cycle":20,"processOrdinal":1,"timelineOrdinal":20,"kind":"complete","elapsedMs":1.7957500000002256,"pages":1,"totalChanged":false,"mixedStates":false,"code":"none"}
[http-timing] {"sequence":40,"timelineOrdinal":21,"processOrdinal":1,"method":"GET","routeClass":"timeline","status":200,"headerElapsedMs":1,"bodyElapsedMs":0,"totalElapsedMs":1,"bytes":82,"phase":"complete","outcome":"ok"}
[timeline-page-observation] {"cycle":21,"processOrdinal":1,"timelineOrdinal":21,"kind":"page","elapsedMs":1.539332999999715,"offset":0,"total":0,"unplacedTotal":0,"states":{"intent":0,"ready":0,"committed":0,"complete":0,"failed":0,"other":0}}
[timeline-page-observation] {"cycle":21,"processOrdinal":1,"timelineOrdinal":21,"kind":"complete","elapsedMs":1.5562920000002123,"pages":1,"totalChanged":false,"mixedStates":false,"code":"none"}
[http-timing] {"sequence":41,"timelineOrdinal":22,"processOrdinal":1,"method":"GET","routeClass":"timeline","status":200,"headerElapsedMs":1,"bodyElapsedMs":0,"totalElapsedMs":1,"bytes":82,"phase":"complete","outcome":"ok"}
[timeline-page-observation] {"cycle":22,"processOrdinal":1,"timelineOrdinal":22,"kind":"page","elapsedMs":1.796624999999949,"offset":0,"total":0,"unplacedTotal":0,"states":{"intent":0,"ready":0,"committed":0,"complete":0,"failed":0,"other":0}}
[timeline-page-observation] {"cycle":22,"processOrdinal":1,"timelineOrdinal":22,"kind":"complete","elapsedMs":1.8155830000005153,"pages":1,"totalChanged":false,"mixedStates":false,"code":"none"}
[http-timing] {"sequence":42,"timelineOrdinal":23,"processOrdinal":1,"method":"GET","routeClass":"timeline","status":200,"headerElapsedMs":1,"bodyElapsedMs":0,"totalElapsedMs":1,"bytes":82,"phase":"complete","outcome":"ok"}
[timeline-page-observation] {"cycle":23,"processOrdinal":1,"timelineOrdinal":23,"kind":"page","elapsedMs":1.666041999999834,"offset":0,"total":0,"unplacedTotal":0,"states":{"intent":0,"ready":0,"committed":0,"complete":0,"failed":0,"other":0}}
[timeline-page-observation] {"cycle":23,"processOrdinal":1,"timelineOrdinal":23,"kind":"complete","elapsedMs":1.6830829999998969,"pages":1,"totalChanged":false,"mixedStates":false,"code":"none"}
[http-timing] {"sequence":43,"timelineOrdinal":24,"processOrdinal":1,"method":"GET","routeClass":"timeline","status":200,"headerElapsedMs":1,"bodyElapsedMs":0,"totalElapsedMs":1,"bytes":82,"phase":"complete","outcome":"ok"}
[timeline-page-observation] {"cycle":24,"processOrdinal":1,"timelineOrdinal":24,"kind":"page","elapsedMs":1.5246669999996811,"offset":0,"total":0,"unplacedTotal":0,"states":{"intent":0,"ready":0,"committed":0,"complete":0,"failed":0,"other":0}}
[timeline-page-observation] {"cycle":24,"processOrdinal":1,"timelineOrdinal":24,"kind":"complete","elapsedMs":1.538249999999607,"pages":1,"totalChanged":false,"mixedStates":false,"code":"none"}
[http-timing] {"sequence":44,"timelineOrdinal":25,"processOrdinal":1,"method":"GET","routeClass":"timeline","status":200,"headerElapsedMs":1,"bodyElapsedMs":0,"totalElapsedMs":1,"bytes":82,"phase":"complete","outcome":"ok"}
[timeline-page-observation] {"cycle":25,"processOrdinal":1,"timelineOrdinal":25,"kind":"page","elapsedMs":1.4829170000002705,"offset":0,"total":0,"unplacedTotal":0,"states":{"intent":0,"ready":0,"committed":0,"complete":0,"failed":0,"other":0}}
[timeline-page-observation] {"cycle":25,"processOrdinal":1,"timelineOrdinal":25,"kind":"complete","elapsedMs":1.497917000000598,"pages":1,"totalChanged":false,"mixedStates":false,"code":"none"}
[http-timing] {"sequence":45,"timelineOrdinal":26,"processOrdinal":1,"method":"GET","routeClass":"timeline","status":200,"headerElapsedMs":1,"bodyElapsedMs":0,"totalElapsedMs":1,"bytes":82,"phase":"complete","outcome":"ok"}
[timeline-page-observation] {"cycle":26,"processOrdinal":1,"timelineOrdinal":26,"kind":"page","elapsedMs":1.6055409999999029,"offset":0,"total":0,"unplacedTotal":0,"states":{"intent":0,"ready":0,"committed":0,"complete":0,"failed":0,"other":0}}
[timeline-page-observation] {"cycle":26,"processOrdinal":1,"timelineOrdinal":26,"kind":"complete","elapsedMs":1.6210829999999987,"pages":1,"totalChanged":false,"mixedStates":false,"code":"none"}
[http-timing] {"sequence":46,"timelineOrdinal":27,"processOrdinal":1,"method":"GET","routeClass":"timeline","status":200,"headerElapsedMs":1,"bodyElapsedMs":0,"totalElapsedMs":1,"bytes":82,"phase":"complete","outcome":"ok"}
[timeline-page-observation] {"cycle":27,"processOrdinal":1,"timelineOrdinal":27,"kind":"page","elapsedMs":1.8427499999997963,"offset":0,"total":0,"unplacedTotal":0,"states":{"intent":0,"ready":0,"committed":0,"complete":0,"failed":0,"other":0}}
[timeline-page-observation] {"cycle":27,"processOrdinal":1,"timelineOrdinal":27,"kind":"complete","elapsedMs":1.8614999999999782,"pages":1,"totalChanged":false,"mixedStates":false,"code":"none"}
[http-timing] {"sequence":47,"timelineOrdinal":28,"processOrdinal":1,"method":"GET","routeClass":"timeline","status":200,"headerElapsedMs":1,"bodyElapsedMs":0,"totalElapsedMs":1,"bytes":82,"phase":"complete","outcome":"ok"}
[timeline-page-observation] {"cycle":28,"processOrdinal":1,"timelineOrdinal":28,"kind":"page","elapsedMs":1.6934169999994992,"offset":0,"total":0,"unplacedTotal":0,"states":{"intent":0,"ready":0,"committed":0,"complete":0,"failed":0,"other":0}}
[timeline-page-observation] {"cycle":28,"processOrdinal":1,"timelineOrdinal":28,"kind":"complete","elapsedMs":1.7082089999994423,"pages":1,"totalChanged":false,"mixedStates":false,"code":"none"}
[http-timing] {"sequence":48,"timelineOrdinal":29,"processOrdinal":1,"method":"GET","routeClass":"timeline","status":200,"headerElapsedMs":1,"bodyElapsedMs":0,"totalElapsedMs":1,"bytes":82,"phase":"complete","outcome":"ok"}
[timeline-page-observation] {"cycle":29,"processOrdinal":1,"timelineOrdinal":29,"kind":"page","elapsedMs":1.885707999999795,"offset":0,"total":0,"unplacedTotal":0,"states":{"intent":0,"ready":0,"committed":0,"complete":0,"failed":0,"other":0}}
[timeline-page-observation] {"cycle":29,"processOrdinal":1,"timelineOrdinal":29,"kind":"complete","elapsedMs":1.901082999999744,"pages":1,"totalChanged":false,"mixedStates":false,"code":"none"}
[http-timing] {"sequence":49,"timelineOrdinal":30,"processOrdinal":1,"method":"GET","routeClass":"timeline","status":200,"headerElapsedMs":1,"bodyElapsedMs":0,"totalElapsedMs":1,"bytes":82,"phase":"complete","outcome":"ok"}
[timeline-page-observation] {"cycle":30,"processOrdinal":1,"timelineOrdinal":30,"kind":"page","elapsedMs":1.7061250000006112,"offset":0,"total":0,"unplacedTotal":0,"states":{"intent":0,"ready":0,"committed":0,"complete":0,"failed":0,"other":0}}
[timeline-page-observation] {"cycle":30,"processOrdinal":1,"timelineOrdinal":30,"kind":"complete","elapsedMs":1.7209170000005543,"pages":1,"totalChanged":false,"mixedStates":false,"code":"none"}
[http-timing] {"sequence":50,"timelineOrdinal":31,"processOrdinal":1,"method":"GET","routeClass":"timeline","status":200,"headerElapsedMs":1,"bodyElapsedMs":0,"totalElapsedMs":1,"bytes":82,"phase":"complete","outcome":"ok"}
[timeline-page-observation] {"cycle":31,"processOrdinal":1,"timelineOrdinal":31,"kind":"page","elapsedMs":1.6463329999996859,"offset":0,"total":0,"unplacedTotal":0,"states":{"intent":0,"ready":0,"committed":0,"complete":0,"failed":0,"other":0}}
[timeline-page-observation] {"cycle":31,"processOrdinal":1,"timelineOrdinal":31,"kind":"complete","elapsedMs":1.6625829999993584,"pages":1,"totalChanged":false,"mixedStates":false,"code":"none"}
[http-timing] {"sequence":51,"timelineOrdinal":32,"processOrdinal":1,"method":"GET","routeClass":"timeline","status":200,"headerElapsedMs":1,"bodyElapsedMs":0,"totalElapsedMs":1,"bytes":82,"phase":"complete","outcome":"ok"}
[timeline-page-observation] {"cycle":32,"processOrdinal":1,"timelineOrdinal":32,"kind":"page","elapsedMs":1.8036670000001322,"offset":0,"total":0,"unplacedTotal":0,"states":{"intent":0,"ready":0,"committed":0,"complete":0,"failed":0,"other":0}}
[timeline-page-observation] {"cycle":32,"processOrdinal":1,"timelineOrdinal":32,"kind":"complete","elapsedMs":1.8213329999998678,"pages":1,"totalChanged":false,"mixedStates":false,"code":"none"}
[http-timing] {"sequence":52,"timelineOrdinal":33,"processOrdinal":1,"method":"GET","routeClass":"timeline","status":200,"headerElapsedMs":1,"bodyElapsedMs":0,"totalElapsedMs":1,"bytes":82,"phase":"complete","outcome":"ok"}
[timeline-page-observation] {"cycle":33,"processOrdinal":1,"timelineOrdinal":33,"kind":"page","elapsedMs":1.533542000000125,"offset":0,"total":0,"unplacedTotal":0,"states":{"intent":0,"ready":0,"committed":0,"complete":0,"failed":0,"other":0}}
[timeline-page-observation] {"cycle":33,"processOrdinal":1,"timelineOrdinal":33,"kind":"complete","elapsedMs":1.5532079999993584,"pages":1,"totalChanged":false,"mixedStates":false,"code":"none"}
[http-timing] {"sequence":53,"timelineOrdinal":34,"processOrdinal":1,"method":"GET","routeClass":"timeline","status":200,"headerElapsedMs":1,"bodyElapsedMs":0,"totalElapsedMs":1,"bytes":82,"phase":"complete","outcome":"ok"}
[timeline-page-observation] {"cycle":34,"processOrdinal":1,"timelineOrdinal":34,"kind":"page","elapsedMs":1.4929160000001502,"offset":0,"total":0,"unplacedTotal":0,"states":{"intent":0,"ready":0,"committed":0,"complete":0,"failed":0,"other":0}}
[timeline-page-observation] {"cycle":34,"processOrdinal":1,"timelineOrdinal":34,"kind":"complete","elapsedMs":1.50841599999967,"pages":1,"totalChanged":false,"mixedStates":false,"code":"none"}
[http-timing] {"sequence":54,"timelineOrdinal":35,"processOrdinal":1,"method":"GET","routeClass":"timeline","status":200,"headerElapsedMs":1,"bodyElapsedMs":0,"totalElapsedMs":1,"bytes":82,"phase":"complete","outcome":"ok"}
[timeline-page-observation] {"cycle":35,"processOrdinal":1,"timelineOrdinal":35,"kind":"page","elapsedMs":1.7249999999994543,"offset":0,"total":0,"unplacedTotal":0,"states":{"intent":0,"ready":0,"committed":0,"complete":0,"failed":0,"other":0}}
[timeline-page-observation] {"cycle":35,"processOrdinal":1,"timelineOrdinal":35,"kind":"complete","elapsedMs":1.7393750000001091,"pages":1,"totalChanged":false,"mixedStates":false,"code":"none"}
[http-timing] {"sequence":55,"timelineOrdinal":36,"processOrdinal":1,"method":"GET","routeClass":"timeline","status":200,"headerElapsedMs":1,"bodyElapsedMs":0,"totalElapsedMs":1,"bytes":82,"phase":"complete","outcome":"ok"}
[timeline-page-observation] {"cycle":36,"processOrdinal":1,"timelineOrdinal":36,"kind":"page","elapsedMs":1.8017079999999623,"offset":0,"total":0,"unplacedTotal":0,"states":{"intent":0,"ready":0,"committed":0,"complete":0,"failed":0,"other":0}}
[timeline-page-observation] {"cycle":36,"processOrdinal":1,"timelineOrdinal":36,"kind":"complete","elapsedMs":1.8207080000001952,"pages":1,"totalChanged":false,"mixedStates":false,"code":"none"}
[http-timing] {"sequence":56,"timelineOrdinal":37,"processOrdinal":1,"method":"GET","routeClass":"timeline","status":200,"headerElapsedMs":1,"bodyElapsedMs":0,"totalElapsedMs":1,"bytes":82,"phase":"complete","outcome":"ok"}
[timeline-page-observation] {"cycle":37,"processOrdinal":1,"timelineOrdinal":37,"kind":"page","elapsedMs":1.6559589999997115,"offset":0,"total":0,"unplacedTotal":0,"states":{"intent":0,"ready":0,"committed":0,"complete":0,"failed":0,"other":0}}
[timeline-page-observation] {"cycle":37,"processOrdinal":1,"timelineOrdinal":37,"kind":"complete","elapsedMs":1.6731669999999212,"pages":1,"totalChanged":false,"mixedStates":false,"code":"none"}
[http-timing] {"sequence":57,"timelineOrdinal":38,"processOrdinal":1,"method":"GET","routeClass":"timeline","status":200,"headerElapsedMs":1,"bodyElapsedMs":0,"totalElapsedMs":1,"bytes":82,"phase":"complete","outcome":"ok"}
[timeline-page-observation] {"cycle":38,"processOrdinal":1,"timelineOrdinal":38,"kind":"page","elapsedMs":1.5550830000001952,"offset":0,"total":0,"unplacedTotal":0,"states":{"intent":0,"ready":0,"committed":0,"complete":0,"failed":0,"other":0}}
[timeline-page-observation] {"cycle":38,"processOrdinal":1,"timelineOrdinal":38,"kind":"complete","elapsedMs":1.570082999999613,"pages":1,"totalChanged":false,"mixedStates":false,"code":"none"}
[http-timing] {"sequence":58,"timelineOrdinal":39,"processOrdinal":1,"method":"GET","routeClass":"timeline","status":200,"headerElapsedMs":1,"bodyElapsedMs":0,"totalElapsedMs":1,"bytes":82,"phase":"complete","outcome":"ok"}
[timeline-page-observation] {"cycle":39,"processOrdinal":1,"timelineOrdinal":39,"kind":"page","elapsedMs":1.471125000000029,"offset":0,"total":0,"unplacedTotal":0,"states":{"intent":0,"ready":0,"committed":0,"complete":0,"failed":0,"other":0}}
[timeline-page-observation] {"cycle":39,"processOrdinal":1,"timelineOrdinal":39,"kind":"complete","elapsedMs":1.488166999999521,"pages":1,"totalChanged":false,"mixedStates":false,"code":"none"}
[http-timing] {"sequence":59,"timelineOrdinal":40,"processOrdinal":1,"method":"GET","routeClass":"timeline","status":200,"headerElapsedMs":1,"bodyElapsedMs":0,"totalElapsedMs":1,"bytes":82,"phase":"complete","outcome":"ok"}
[timeline-page-observation] {"cycle":40,"processOrdinal":1,"timelineOrdinal":40,"kind":"page","elapsedMs":1.5971250000002328,"offset":0,"total":0,"unplacedTotal":0,"states":{"intent":0,"ready":0,"committed":0,"complete":0,"failed":0,"other":0}}
[timeline-page-observation] {"cycle":40,"processOrdinal":1,"timelineOrdinal":40,"kind":"complete","elapsedMs":1.6121670000002268,"pages":1,"totalChanged":false,"mixedStates":false,"code":"none"}
[http-timing] {"sequence":60,"timelineOrdinal":41,"processOrdinal":1,"method":"GET","routeClass":"timeline","status":200,"headerElapsedMs":1,"bodyElapsedMs":0,"totalElapsedMs":1,"bytes":82,"phase":"complete","outcome":"ok"}
[timeline-page-observation] {"cycle":41,"processOrdinal":1,"timelineOrdinal":41,"kind":"page","elapsedMs":1.9904590000005555,"offset":0,"total":0,"unplacedTotal":0,"states":{"intent":0,"ready":0,"committed":0,"complete":0,"failed":0,"other":0}}
[timeline-page-observation] {"cycle":41,"processOrdinal":1,"timelineOrdinal":41,"kind":"complete","elapsedMs":2.0070839999998498,"pages":1,"totalChanged":false,"mixedStates":false,"code":"none"}
[http-timing] {"sequence":61,"timelineOrdinal":42,"processOrdinal":1,"method":"GET","routeClass":"timeline","status":200,"headerElapsedMs":1,"bodyElapsedMs":0,"totalElapsedMs":1,"bytes":82,"phase":"complete","outcome":"ok"}
[timeline-page-observation] {"cycle":42,"processOrdinal":1,"timelineOrdinal":42,"kind":"page","elapsedMs":1.5593750000007276,"offset":0,"total":0,"unplacedTotal":0,"states":{"intent":0,"ready":0,"committed":0,"complete":0,"failed":0,"other":0}}
[timeline-page-observation] {"cycle":42,"processOrdinal":1,"timelineOrdinal":42,"kind":"complete","elapsedMs":1.5741670000006707,"pages":1,"totalChanged":false,"mixedStates":false,"code":"none"}
[http-timing] {"sequence":62,"timelineOrdinal":43,"processOrdinal":1,"method":"GET","routeClass":"timeline","status":200,"headerElapsedMs":1,"bodyElapsedMs":0,"totalElapsedMs":1,"bytes":82,"phase":"complete","outcome":"ok"}
[timeline-page-observation] {"cycle":43,"processOrdinal":1,"timelineOrdinal":43,"kind":"page","elapsedMs":1.5377079999998386,"offset":0,"total":0,"unplacedTotal":0,"states":{"intent":0,"ready":0,"committed":0,"complete":0,"failed":0,"other":0}}
[timeline-page-observation] {"cycle":43,"processOrdinal":1,"timelineOrdinal":43,"kind":"complete","elapsedMs":1.5654999999997017,"pages":1,"totalChanged":false,"mixedStates":false,"code":"none"}
[http-timing] {"sequence":63,"timelineOrdinal":44,"processOrdinal":1,"method":"GET","routeClass":"timeline","status":200,"headerElapsedMs":1,"bodyElapsedMs":0,"totalElapsedMs":1,"bytes":82,"phase":"complete","outcome":"ok"}
[timeline-page-observation] {"cycle":44,"processOrdinal":1,"timelineOrdinal":44,"kind":"page","elapsedMs":1.6992500000005748,"offset":0,"total":0,"unplacedTotal":0,"states":{"intent":0,"ready":0,"committed":0,"complete":0,"failed":0,"other":0}}
[timeline-page-observation] {"cycle":44,"processOrdinal":1,"timelineOrdinal":44,"kind":"complete","elapsedMs":1.715291000000434,"pages":1,"totalChanged":false,"mixedStates":false,"code":"none"}
[http-timing] {"sequence":64,"timelineOrdinal":45,"processOrdinal":1,"method":"GET","routeClass":"timeline","status":200,"headerElapsedMs":1,"bodyElapsedMs":0,"totalElapsedMs":1,"bytes":82,"phase":"complete","outcome":"ok"}
[timeline-page-observation] {"cycle":45,"processOrdinal":1,"timelineOrdinal":45,"kind":"page","elapsedMs":2.519666999999572,"offset":0,"total":0,"unplacedTotal":0,"states":{"intent":0,"ready":0,"committed":0,"complete":0,"failed":0,"other":0}}
[timeline-page-observation] {"cycle":45,"processOrdinal":1,"timelineOrdinal":45,"kind":"complete","elapsedMs":2.547207999999955,"pages":1,"totalChanged":false,"mixedStates":false,"code":"none"}
[http-timing] {"sequence":65,"timelineOrdinal":46,"processOrdinal":1,"method":"GET","routeClass":"timeline","status":200,"headerElapsedMs":1,"bodyElapsedMs":0,"totalElapsedMs":1,"bytes":82,"phase":"complete","outcome":"ok"}
[timeline-page-observation] {"cycle":46,"processOrdinal":1,"timelineOrdinal":46,"kind":"page","elapsedMs":1.6589579999999842,"offset":0,"total":0,"unplacedTotal":0,"states":{"intent":0,"ready":0,"committed":0,"complete":0,"failed":0,"other":0}}
[timeline-page-observation] {"cycle":46,"processOrdinal":1,"timelineOrdinal":46,"kind":"complete","elapsedMs":1.676166000000194,"pages":1,"totalChanged":false,"mixedStates":false,"code":"none"}
[http-timing] {"sequence":66,"timelineOrdinal":47,"processOrdinal":1,"method":"GET","routeClass":"timeline","status":200,"headerElapsedMs":1,"bodyElapsedMs":0,"totalElapsedMs":1,"bytes":82,"phase":"complete","outcome":"ok"}
[timeline-page-observation] {"cycle":47,"processOrdinal":1,"timelineOrdinal":47,"kind":"page","elapsedMs":1.4107090000006792,"offset":0,"total":0,"unplacedTotal":0,"states":{"intent":0,"ready":0,"committed":0,"complete":0,"failed":0,"other":0}}
[timeline-page-observation] {"cycle":47,"processOrdinal":1,"timelineOrdinal":47,"kind":"complete","elapsedMs":1.4265000000004875,"pages":1,"totalChanged":false,"mixedStates":false,"code":"none"}
[http-timing] {"sequence":67,"timelineOrdinal":48,"processOrdinal":1,"method":"GET","routeClass":"timeline","status":200,"headerElapsedMs":1,"bodyElapsedMs":0,"totalElapsedMs":1,"bytes":82,"phase":"complete","outcome":"ok"}
[timeline-page-observation] {"cycle":48,"processOrdinal":1,"timelineOrdinal":48,"kind":"page","elapsedMs":1.5955839999996897,"offset":0,"total":0,"unplacedTotal":0,"states":{"intent":0,"ready":0,"committed":0,"complete":0,"failed":0,"other":0}}
[timeline-page-observation] {"cycle":48,"processOrdinal":1,"timelineOrdinal":48,"kind":"complete","elapsedMs":1.610458999999537,"pages":1,"totalChanged":false,"mixedStates":false,"code":"none"}
[http-timing] {"sequence":68,"timelineOrdinal":49,"processOrdinal":1,"method":"GET","routeClass":"timeline","status":200,"headerElapsedMs":1,"bodyElapsedMs":0,"totalElapsedMs":1,"bytes":82,"phase":"complete","outcome":"ok"}
[timeline-page-observation] {"cycle":49,"processOrdinal":1,"timelineOrdinal":49,"kind":"page","elapsedMs":1.607292000000598,"offset":0,"total":0,"unplacedTotal":0,"states":{"intent":0,"ready":0,"committed":0,"complete":0,"failed":0,"other":0}}
[timeline-page-observation] {"cycle":49,"processOrdinal":1,"timelineOrdinal":49,"kind":"complete","elapsedMs":1.627958000000035,"pages":1,"totalChanged":false,"mixedStates":false,"code":"none"}
[http-timing] {"sequence":69,"timelineOrdinal":50,"processOrdinal":1,"method":"GET","routeClass":"timeline","status":200,"headerElapsedMs":1,"bodyElapsedMs":0,"totalElapsedMs":1,"bytes":82,"phase":"complete","outcome":"ok"}
[timeline-page-observation] {"cycle":50,"processOrdinal":1,"timelineOrdinal":50,"kind":"page","elapsedMs":1.6960840000001554,"offset":0,"total":0,"unplacedTotal":0,"states":{"intent":0,"ready":0,"committed":0,"complete":0,"failed":0,"other":0}}
[timeline-page-observation] {"cycle":50,"processOrdinal":1,"timelineOrdinal":50,"kind":"complete","elapsedMs":1.7114169999995283,"pages":1,"totalChanged":false,"mixedStates":false,"code":"none"}
[http-timing] {"sequence":70,"timelineOrdinal":51,"processOrdinal":1,"method":"GET","routeClass":"timeline","status":200,"headerElapsedMs":1,"bodyElapsedMs":0,"totalElapsedMs":1,"bytes":82,"phase":"complete","outcome":"ok"}
[timeline-page-observation] {"cycle":51,"processOrdinal":1,"timelineOrdinal":51,"kind":"page","elapsedMs":1.6744580000004134,"offset":0,"total":0,"unplacedTotal":0,"states":{"intent":0,"ready":0,"committed":0,"complete":0,"failed":0,"other":0}}
[timeline-page-observation] {"cycle":51,"processOrdinal":1,"timelineOrdinal":51,"kind":"complete","elapsedMs":1.6924159999998665,"pages":1,"totalChanged":false,"mixedStates":false,"code":"none"}
[http-timing] {"sequence":71,"timelineOrdinal":52,"processOrdinal":1,"method":"GET","routeClass":"timeline","status":200,"headerElapsedMs":1,"bodyElapsedMs":0,"totalElapsedMs":1,"bytes":82,"phase":"complete","outcome":"ok"}
[timeline-page-observation] {"cycle":52,"processOrdinal":1,"timelineOrdinal":52,"kind":"page","elapsedMs":1.4106659999997646,"offset":0,"total":0,"unplacedTotal":0,"states":{"intent":0,"ready":0,"committed":0,"complete":0,"failed":0,"other":0}}
[timeline-page-observation] {"cycle":52,"processOrdinal":1,"timelineOrdinal":52,"kind":"complete","elapsedMs":1.4268330000004426,"pages":1,"totalChanged":false,"mixedStates":false,"code":"none"}
[http-timing] {"sequence":72,"timelineOrdinal":53,"processOrdinal":1,"method":"GET","routeClass":"timeline","status":200,"headerElapsedMs":1,"bodyElapsedMs":0,"totalElapsedMs":1,"bytes":82,"phase":"complete","outcome":"ok"}
[timeline-page-observation] {"cycle":53,"processOrdinal":1,"timelineOrdinal":53,"kind":"page","elapsedMs":1.5363749999996799,"offset":0,"total":0,"unplacedTotal":0,"states":{"intent":0,"ready":0,"committed":0,"complete":0,"failed":0,"other":0}}
[timeline-page-observation] {"cycle":53,"processOrdinal":1,"timelineOrdinal":53,"kind":"complete","elapsedMs":1.551540999998906,"pages":1,"totalChanged":false,"mixedStates":false,"code":"none"}
[http-timing] {"sequence":73,"timelineOrdinal":54,"processOrdinal":1,"method":"GET","routeClass":"timeline","status":200,"headerElapsedMs":1,"bodyElapsedMs":0,"totalElapsedMs":1,"bytes":82,"phase":"complete","outcome":"ok"}
[timeline-page-observation] {"cycle":54,"processOrdinal":1,"timelineOrdinal":54,"kind":"page","elapsedMs":1.4925419999999576,"offset":0,"total":0,"unplacedTotal":0,"states":{"intent":0,"ready":0,"committed":0,"complete":0,"failed":0,"other":0}}
[timeline-page-observation] {"cycle":54,"processOrdinal":1,"timelineOrdinal":54,"kind":"complete","elapsedMs":1.5073749999992287,"pages":1,"totalChanged":false,"mixedStates":false,"code":"none"}
[http-timing] {"sequence":74,"timelineOrdinal":55,"processOrdinal":1,"method":"GET","routeClass":"timeline","status":200,"headerElapsedMs":1,"bodyElapsedMs":0,"totalElapsedMs":1,"bytes":82,"phase":"complete","outcome":"ok"}
[timeline-page-observation] {"cycle":55,"processOrdinal":1,"timelineOrdinal":55,"kind":"page","elapsedMs":1.671041999999943,"offset":0,"total":0,"unplacedTotal":0,"states":{"intent":0,"ready":0,"committed":0,"complete":0,"failed":0,"other":0}}
[timeline-page-observation] {"cycle":55,"processOrdinal":1,"timelineOrdinal":55,"kind":"complete","elapsedMs":1.6856669999997393,"pages":1,"totalChanged":false,"mixedStates":false,"code":"none"}
[http-timing] {"sequence":75,"timelineOrdinal":56,"processOrdinal":1,"method":"GET","routeClass":"timeline","status":200,"headerElapsedMs":1,"bodyElapsedMs":0,"totalElapsedMs":1,"bytes":82,"phase":"complete","outcome":"ok"}
[timeline-page-observation] {"cycle":56,"processOrdinal":1,"timelineOrdinal":56,"kind":"page","elapsedMs":1.4983749999992142,"offset":0,"total":0,"unplacedTotal":0,"states":{"intent":0,"ready":0,"committed":0,"complete":0,"failed":0,"other":0}}
[timeline-page-observation] {"cycle":56,"processOrdinal":1,"timelineOrdinal":56,"kind":"complete","elapsedMs":1.5178329999998823,"pages":1,"totalChanged":false,"mixedStates":false,"code":"none"}
[http-timing] {"sequence":76,"timelineOrdinal":57,"processOrdinal":1,"method":"GET","routeClass":"timeline","status":200,"headerElapsedMs":1,"bodyElapsedMs":0,"totalElapsedMs":1,"bytes":82,"phase":"complete","outcome":"ok"}
[timeline-page-observation] {"cycle":57,"processOrdinal":1,"timelineOrdinal":57,"kind":"page","elapsedMs":1.4777500000000146,"offset":0,"total":0,"unplacedTotal":0,"states":{"intent":0,"ready":0,"committed":0,"complete":0,"failed":0,"other":0}}
[timeline-page-observation] {"cycle":57,"processOrdinal":1,"timelineOrdinal":57,"kind":"complete","elapsedMs":1.491582999999082,"pages":1,"totalChanged":false,"mixedStates":false,"code":"none"}
[http-timing] {"sequence":77,"timelineOrdinal":58,"processOrdinal":1,"method":"GET","routeClass":"timeline","status":200,"headerElapsedMs":1,"bodyElapsedMs":0,"totalElapsedMs":1,"bytes":82,"phase":"complete","outcome":"ok"}
[timeline-page-observation] {"cycle":58,"processOrdinal":1,"timelineOrdinal":58,"kind":"page","elapsedMs":1.528082999999242,"offset":0,"total":0,"unplacedTotal":0,"states":{"intent":0,"ready":0,"committed":0,"complete":0,"failed":0,"other":0}}
[timeline-page-observation] {"cycle":58,"processOrdinal":1,"timelineOrdinal":58,"kind":"complete","elapsedMs":1.542874999999185,"pages":1,"totalChanged":false,"mixedStates":false,"code":"none"}
[http-timing] {"sequence":78,"timelineOrdinal":59,"processOrdinal":1,"method":"GET","routeClass":"timeline","status":200,"headerElapsedMs":1,"bodyElapsedMs":0,"totalElapsedMs":1,"bytes":82,"phase":"complete","outcome":"ok"}
[timeline-page-observation] {"cycle":59,"processOrdinal":1,"timelineOrdinal":59,"kind":"page","elapsedMs":1.6402079999988928,"offset":0,"total":0,"unplacedTotal":0,"states":{"intent":0,"ready":0,"committed":0,"complete":0,"failed":0,"other":0}}
[timeline-page-observation] {"cycle":59,"processOrdinal":1,"timelineOrdinal":59,"kind":"complete","elapsedMs":1.672166999998808,"pages":1,"totalChanged":false,"mixedStates":false,"code":"none"}
[http-timing] {"sequence":79,"timelineOrdinal":60,"processOrdinal":1,"method":"GET","routeClass":"timeline","status":200,"headerElapsedMs":1,"bodyElapsedMs":0,"totalElapsedMs":1,"bytes":82,"phase":"complete","outcome":"ok"}
[timeline-page-observation] {"cycle":60,"processOrdinal":1,"timelineOrdinal":60,"kind":"page","elapsedMs":1.7266660000004777,"offset":0,"total":0,"unplacedTotal":0,"states":{"intent":0,"ready":0,"committed":0,"complete":0,"failed":0,"other":0}}
[timeline-page-observation] {"cycle":60,"processOrdinal":1,"timelineOrdinal":60,"kind":"complete","elapsedMs":1.7434160000011616,"pages":1,"totalChanged":false,"mixedStates":false,"code":"none"}
[http-timing] {"sequence":80,"timelineOrdinal":61,"processOrdinal":1,"method":"GET","routeClass":"timeline","status":200,"headerElapsedMs":1,"bodyElapsedMs":0,"totalElapsedMs":1,"bytes":82,"phase":"complete","outcome":"ok"}
[timeline-page-observation] {"cycle":61,"processOrdinal":1,"timelineOrdinal":61,"kind":"page","elapsedMs":1.7236249999987194,"offset":0,"total":0,"unplacedTotal":0,"states":{"intent":0,"ready":0,"committed":0,"complete":0,"failed":0,"other":0}}
[timeline-page-observation] {"cycle":61,"processOrdinal":1,"timelineOrdinal":61,"kind":"complete","elapsedMs":1.7406659999996918,"pages":1,"totalChanged":false,"mixedStates":false,"code":"none"}
[http-timing] {"sequence":81,"timelineOrdinal":62,"processOrdinal":1,"method":"GET","routeClass":"timeline","status":200,"headerElapsedMs":1,"bodyElapsedMs":0,"totalElapsedMs":1,"bytes":82,"phase":"complete","outcome":"ok"}
[timeline-page-observation] {"cycle":62,"processOrdinal":1,"timelineOrdinal":62,"kind":"page","elapsedMs":1.4814580000002024,"offset":0,"total":0,"unplacedTotal":0,"states":{"intent":0,"ready":0,"committed":0,"complete":0,"failed":0,"other":0}}
[timeline-page-observation] {"cycle":62,"processOrdinal":1,"timelineOrdinal":62,"kind":"complete","elapsedMs":1.4968750000007276,"pages":1,"totalChanged":false,"mixedStates":false,"code":"none"}
[http-timing] {"sequence":82,"timelineOrdinal":63,"processOrdinal":1,"method":"GET","routeClass":"timeline","status":200,"headerElapsedMs":1,"bodyElapsedMs":0,"totalElapsedMs":1,"bytes":82,"phase":"complete","outcome":"ok"}
[timeline-page-observation] {"cycle":63,"processOrdinal":1,"timelineOrdinal":63,"kind":"page","elapsedMs":1.49474999999984,"offset":0,"total":0,"unplacedTotal":0,"states":{"intent":0,"ready":0,"committed":0,"complete":0,"failed":0,"other":0}}
[timeline-page-observation] {"cycle":63,"processOrdinal":1,"timelineOrdinal":63,"kind":"complete","elapsedMs":1.5110829999994166,"pages":1,"totalChanged":false,"mixedStates":false,"code":"none"}
[http-timing] {"sequence":83,"timelineOrdinal":64,"processOrdinal":1,"method":"GET","routeClass":"timeline","status":200,"headerElapsedMs":1,"bodyElapsedMs":0,"totalElapsedMs":1,"bytes":82,"phase":"complete","outcome":"ok"}
[timeline-page-observation] {"cycle":64,"processOrdinal":1,"timelineOrdinal":64,"kind":"page","elapsedMs":1.4444170000006125,"offset":0,"total":0,"unplacedTotal":0,"states":{"intent":0,"ready":0,"committed":0,"complete":0,"failed":0,"other":0}}
[timeline-page-observation] {"cycle":64,"processOrdinal":1,"timelineOrdinal":64,"kind":"complete","elapsedMs":1.4590000000007421,"pages":1,"totalChanged":false,"mixedStates":false,"code":"none"}
[http-timing] {"sequence":84,"timelineOrdinal":65,"processOrdinal":1,"method":"GET","routeClass":"timeline","status":200,"headerElapsedMs":1,"bodyElapsedMs":0,"totalElapsedMs":1,"bytes":82,"phase":"complete","outcome":"ok"}
[timeline-page-observation] {"cycle":65,"processOrdinal":1,"timelineOrdinal":65,"kind":"page","elapsedMs":1.6844999999993888,"offset":0,"total":0,"unplacedTotal":0,"states":{"intent":0,"ready":0,"committed":0,"complete":0,"failed":0,"other":0}}
[timeline-page-observation] {"cycle":65,"processOrdinal":1,"timelineOrdinal":65,"kind":"complete","elapsedMs":1.7003329999988637,"pages":1,"totalChanged":false,"mixedStates":false,"code":"none"}
[http-timing] {"sequence":85,"timelineOrdinal":66,"processOrdinal":1,"method":"GET","routeClass":"timeline","status":200,"headerElapsedMs":1,"bodyElapsedMs":0,"totalElapsedMs":1,"bytes":82,"phase":"complete","outcome":"ok"}
[timeline-page-observation] {"cycle":66,"processOrdinal":1,"timelineOrdinal":66,"kind":"page","elapsedMs":1.4152909999993426,"offset":0,"total":0,"unplacedTotal":0,"states":{"intent":0,"ready":0,"committed":0,"complete":0,"failed":0,"other":0}}
[timeline-page-observation] {"cycle":66,"processOrdinal":1,"timelineOrdinal":66,"kind":"complete","elapsedMs":1.432582999999795,"pages":1,"totalChanged":false,"mixedStates":false,"code":"none"}
[http-timing] {"sequence":86,"timelineOrdinal":67,"processOrdinal":1,"method":"GET","routeClass":"timeline","status":200,"headerElapsedMs":1,"bodyElapsedMs":0,"totalElapsedMs":1,"bytes":82,"phase":"complete","outcome":"ok"}
[timeline-page-observation] {"cycle":67,"processOrdinal":1,"timelineOrdinal":67,"kind":"page","elapsedMs":1.5273749999996653,"offset":0,"total":0,"unplacedTotal":0,"states":{"intent":0,"ready":0,"committed":0,"complete":0,"failed":0,"other":0}}
[timeline-page-observation] {"cycle":67,"processOrdinal":1,"timelineOrdinal":67,"kind":"complete","elapsedMs":1.542790999999852,"pages":1,"totalChanged":false,"mixedStates":false,"code":"none"}
[http-timing] {"sequence":87,"timelineOrdinal":68,"processOrdinal":1,"method":"GET","routeClass":"timeline","status":200,"headerElapsedMs":1,"bodyElapsedMs":0,"totalElapsedMs":1,"bytes":82,"phase":"complete","outcome":"ok"}
[timeline-page-observation] {"cycle":68,"processOrdinal":1,"timelineOrdinal":68,"kind":"page","elapsedMs":1.6084160000009433,"offset":0,"total":0,"unplacedTotal":0,"states":{"intent":0,"ready":0,"committed":0,"complete":0,"failed":0,"other":0}}
[timeline-page-observation] {"cycle":68,"processOrdinal":1,"timelineOrdinal":68,"kind":"complete","elapsedMs":1.6240410000009433,"pages":1,"totalChanged":false,"mixedStates":false,"code":"none"}
[http-timing] {"sequence":88,"timelineOrdinal":69,"processOrdinal":1,"method":"GET","routeClass":"timeline","status":200,"headerElapsedMs":1,"bodyElapsedMs":0,"totalElapsedMs":1,"bytes":82,"phase":"complete","outcome":"ok"}
[timeline-page-observation] {"cycle":69,"processOrdinal":1,"timelineOrdinal":69,"kind":"page","elapsedMs":1.387416999999914,"offset":0,"total":0,"unplacedTotal":0,"states":{"intent":0,"ready":0,"committed":0,"complete":0,"failed":0,"other":0}}
[timeline-page-observation] {"cycle":69,"processOrdinal":1,"timelineOrdinal":69,"kind":"complete","elapsedMs":1.401625000000422,"pages":1,"totalChanged":false,"mixedStates":false,"code":"none"}
[http-timing] {"sequence":89,"timelineOrdinal":70,"processOrdinal":1,"method":"GET","routeClass":"timeline","status":200,"headerElapsedMs":1,"bodyElapsedMs":0,"totalElapsedMs":1,"bytes":82,"phase":"complete","outcome":"ok"}
[timeline-page-observation] {"cycle":70,"processOrdinal":1,"timelineOrdinal":70,"kind":"page","elapsedMs":1.5891670000000886,"offset":0,"total":0,"unplacedTotal":0,"states":{"intent":0,"ready":0,"committed":0,"complete":0,"failed":0,"other":0}}
[timeline-page-observation] {"cycle":70,"processOrdinal":1,"timelineOrdinal":70,"kind":"complete","elapsedMs":1.6167080000013812,"pages":1,"totalChanged":false,"mixedStates":false,"code":"none"}
[http-timing] {"sequence":90,"timelineOrdinal":71,"processOrdinal":1,"method":"GET","routeClass":"timeline","status":200,"headerElapsedMs":1,"bodyElapsedMs":0,"totalElapsedMs":1,"bytes":82,"phase":"complete","outcome":"ok"}
[timeline-page-observation] {"cycle":71,"processOrdinal":1,"timelineOrdinal":71,"kind":"page","elapsedMs":1.6896250000008877,"offset":0,"total":0,"unplacedTotal":0,"states":{"intent":0,"ready":0,"committed":0,"complete":0,"failed":0,"other":0}}
[timeline-page-observation] {"cycle":71,"processOrdinal":1,"timelineOrdinal":71,"kind":"complete","elapsedMs":1.7057920000006561,"pages":1,"totalChanged":false,"mixedStates":false,"code":"none"}
[http-timing] {"sequence":91,"timelineOrdinal":72,"processOrdinal":1,"method":"GET","routeClass":"timeline","status":200,"headerElapsedMs":1,"bodyElapsedMs":0,"totalElapsedMs":1,"bytes":82,"phase":"complete","outcome":"ok"}
[timeline-page-observation] {"cycle":72,"processOrdinal":1,"timelineOrdinal":72,"kind":"page","elapsedMs":1.5065839999988384,"offset":0,"total":0,"unplacedTotal":0,"states":{"intent":0,"ready":0,"committed":0,"complete":0,"failed":0,"other":0}}
[timeline-page-observation] {"cycle":72,"processOrdinal":1,"timelineOrdinal":72,"kind":"complete","elapsedMs":1.5210839999999735,"pages":1,"totalChanged":false,"mixedStates":false,"code":"none"}
[http-timing] {"sequence":92,"timelineOrdinal":73,"processOrdinal":1,"method":"GET","routeClass":"timeline","status":200,"headerElapsedMs":1,"bodyElapsedMs":0,"totalElapsedMs":1,"bytes":82,"phase":"complete","outcome":"ok"}
[timeline-page-observation] {"cycle":73,"processOrdinal":1,"timelineOrdinal":73,"kind":"page","elapsedMs":1.5680829999982961,"offset":0,"total":0,"unplacedTotal":0,"states":{"intent":0,"ready":0,"committed":0,"complete":0,"failed":0,"other":0}}
[timeline-page-observation] {"cycle":73,"processOrdinal":1,"timelineOrdinal":73,"kind":"complete","elapsedMs":1.5847079999984999,"pages":1,"totalChanged":false,"mixedStates":false,"code":"none"}
[http-timing] {"sequence":93,"timelineOrdinal":74,"processOrdinal":1,"method":"GET","routeClass":"timeline","status":200,"headerElapsedMs":1,"bodyElapsedMs":0,"totalElapsedMs":1,"bytes":82,"phase":"complete","outcome":"ok"}
[timeline-page-observation] {"cycle":74,"processOrdinal":1,"timelineOrdinal":74,"kind":"page","elapsedMs":1.4957909999993717,"offset":0,"total":0,"unplacedTotal":0,"states":{"intent":0,"ready":0,"committed":0,"complete":0,"failed":0,"other":0}}
[timeline-page-observation] {"cycle":74,"processOrdinal":1,"timelineOrdinal":74,"kind":"complete","elapsedMs":1.5143750000006548,"pages":1,"totalChanged":false,"mixedStates":false,"code":"none"}
[http-timing] {"sequence":94,"timelineOrdinal":75,"processOrdinal":1,"method":"GET","routeClass":"timeline","status":200,"headerElapsedMs":1,"bodyElapsedMs":0,"totalElapsedMs":1,"bytes":82,"phase":"complete","outcome":"ok"}
[timeline-page-observation] {"cycle":75,"processOrdinal":1,"timelineOrdinal":75,"kind":"page","elapsedMs":1.6420409999991534,"offset":0,"total":0,"unplacedTotal":0,"states":{"intent":0,"ready":0,"committed":0,"complete":0,"failed":0,"other":0}}
[timeline-page-observation] {"cycle":75,"processOrdinal":1,"timelineOrdinal":75,"kind":"complete","elapsedMs":1.658499999999549,"pages":1,"totalChanged":false,"mixedStates":false,"code":"none"}
[http-timing] {"sequence":95,"timelineOrdinal":76,"processOrdinal":1,"method":"GET","routeClass":"timeline","status":200,"headerElapsedMs":1,"bodyElapsedMs":0,"totalElapsedMs":1,"bytes":82,"phase":"complete","outcome":"ok"}
[timeline-page-observation] {"cycle":76,"processOrdinal":1,"timelineOrdinal":76,"kind":"page","elapsedMs":1.555500000000393,"offset":0,"total":0,"unplacedTotal":0,"states":{"intent":0,"ready":0,"committed":0,"complete":0,"failed":0,"other":0}}
[timeline-page-observation] {"cycle":76,"processOrdinal":1,"timelineOrdinal":76,"kind":"complete","elapsedMs":1.571208999999726,"pages":1,"totalChanged":false,"mixedStates":false,"code":"none"}
[http-timing] {"sequence":96,"timelineOrdinal":77,"processOrdinal":1,"method":"GET","routeClass":"timeline","status":200,"headerElapsedMs":1,"bodyElapsedMs":0,"totalElapsedMs":1,"bytes":82,"phase":"complete","outcome":"ok"}
[timeline-page-observation] {"cycle":77,"processOrdinal":1,"timelineOrdinal":77,"kind":"page","elapsedMs":1.5901250000006257,"offset":0,"total":0,"unplacedTotal":0,"states":{"intent":0,"ready":0,"committed":0,"complete":0,"failed":0,"other":0}}
[timeline-page-observation] {"cycle":77,"processOrdinal":1,"timelineOrdinal":77,"kind":"complete","elapsedMs":1.6051659999993717,"pages":1,"totalChanged":false,"mixedStates":false,"code":"none"}
[http-timing] {"sequence":97,"timelineOrdinal":78,"processOrdinal":1,"method":"GET","routeClass":"timeline","status":200,"headerElapsedMs":1,"bodyElapsedMs":0,"totalElapsedMs":1,"bytes":82,"phase":"complete","outcome":"ok"}
[timeline-page-observation] {"cycle":78,"processOrdinal":1,"timelineOrdinal":78,"kind":"page","elapsedMs":1.5256660000013653,"offset":0,"total":0,"unplacedTotal":0,"states":{"intent":0,"ready":0,"committed":0,"complete":0,"failed":0,"other":0}}
[timeline-page-observation] {"cycle":78,"processOrdinal":1,"timelineOrdinal":78,"kind":"complete","elapsedMs":1.5400000000008731,"pages":1,"totalChanged":false,"mixedStates":false,"code":"none"}
[http-timing] {"sequence":98,"timelineOrdinal":79,"processOrdinal":1,"method":"GET","routeClass":"timeline","status":200,"headerElapsedMs":1,"bodyElapsedMs":0,"totalElapsedMs":1,"bytes":82,"phase":"complete","outcome":"ok"}
[timeline-page-observation] {"cycle":79,"processOrdinal":1,"timelineOrdinal":79,"kind":"page","elapsedMs":1.4995840000010503,"offset":0,"total":0,"unplacedTotal":0,"states":{"intent":0,"ready":0,"committed":0,"complete":0,"failed":0,"other":0}}
[timeline-page-observation] {"cycle":79,"processOrdinal":1,"timelineOrdinal":79,"kind":"complete","elapsedMs":1.5139170000002196,"pages":1,"totalChanged":false,"mixedStates":false,"code":"none"}
[http-timing] {"sequence":99,"timelineOrdinal":80,"processOrdinal":1,"method":"GET","routeClass":"timeline","status":200,"headerElapsedMs":1,"bodyElapsedMs":0,"totalElapsedMs":1,"bytes":82,"phase":"complete","outcome":"ok"}
[timeline-page-observation] {"cycle":80,"processOrdinal":1,"timelineOrdinal":80,"kind":"page","elapsedMs":1.5657090000004246,"offset":0,"total":0,"unplacedTotal":0,"states":{"intent":0,"ready":0,"committed":0,"complete":0,"failed":0,"other":0}}
[timeline-page-observation] {"cycle":80,"processOrdinal":1,"timelineOrdinal":80,"kind":"complete","elapsedMs":1.5846670000009908,"pages":1,"totalChanged":false,"mixedStates":false,"code":"none"}
[http-timing] {"sequence":100,"timelineOrdinal":81,"processOrdinal":1,"method":"GET","routeClass":"timeline","status":200,"headerElapsedMs":1,"bodyElapsedMs":0,"totalElapsedMs":1,"bytes":82,"phase":"complete","outcome":"ok"}
[timeline-page-observation] {"cycle":81,"processOrdinal":1,"timelineOrdinal":81,"kind":"page","elapsedMs":1.6425409999992553,"offset":0,"total":0,"unplacedTotal":0,"states":{"intent":0,"ready":0,"committed":0,"complete":0,"failed":0,"other":0}}
[timeline-page-observation] {"cycle":81,"processOrdinal":1,"timelineOrdinal":81,"kind":"complete","elapsedMs":1.657708000000639,"pages":1,"totalChanged":false,"mixedStates":false,"code":"none"}
[http-timing] {"sequence":101,"timelineOrdinal":82,"processOrdinal":1,"method":"GET","routeClass":"timeline","status":200,"headerElapsedMs":1,"bodyElapsedMs":0,"totalElapsedMs":1,"bytes":82,"phase":"complete","outcome":"ok"}
[timeline-page-observation] {"cycle":82,"processOrdinal":1,"timelineOrdinal":82,"kind":"page","elapsedMs":1.5967909999999392,"offset":0,"total":0,"unplacedTotal":0,"states":{"intent":0,"ready":0,"committed":0,"complete":0,"failed":0,"other":0}}
[timeline-page-observation] {"cycle":82,"processOrdinal":1,"timelineOrdinal":82,"kind":"complete","elapsedMs":1.6131249999998545,"pages":1,"totalChanged":false,"mixedStates":false,"code":"none"}
[http-timing] {"sequence":102,"timelineOrdinal":83,"processOrdinal":1,"method":"GET","routeClass":"timeline","status":200,"headerElapsedMs":12,"bodyElapsedMs":0,"totalElapsedMs":12,"bytes":116791,"phase":"complete","outcome":"ok"}
[timeline-page-observation] {"cycle":83,"processOrdinal":1,"timelineOrdinal":83,"kind":"page","elapsedMs":13.164292000001296,"offset":0,"total":1,"unplacedTotal":1,"states":{"intent":0,"ready":0,"committed":0,"complete":0,"failed":0,"other":0}}
[timeline-page-observation] {"cycle":83,"processOrdinal":1,"timelineOrdinal":83,"kind":"complete","elapsedMs":13.36120800000026,"pages":1,"totalChanged":false,"mixedStates":false,"code":"none"}
[http-timing] {"sequence":103,"timelineOrdinal":null,"processOrdinal":1,"method":"GET","routeClass":"tap","status":200,"headerElapsedMs":1,"bodyElapsedMs":0,"totalElapsedMs":1,"bytes":12054,"phase":"complete","outcome":"ok"}
[http-timing] {"sequence":104,"timelineOrdinal":null,"processOrdinal":1,"method":"GET","routeClass":"tap","status":200,"headerElapsedMs":1,"bodyElapsedMs":0,"totalElapsedMs":1,"bytes":12054,"phase":"complete","outcome":"ok"}
[http-timing] {"sequence":105,"timelineOrdinal":null,"processOrdinal":1,"method":"GET","routeClass":"tap","status":200,"headerElapsedMs":1,"bodyElapsedMs":0,"totalElapsedMs":1,"bytes":12050,"phase":"complete","outcome":"ok"}
[trigger-timing] {"run":1,"sourceEndPts":"8333333333","tapPts":"8633333333","delta":"300000000"}
[http-timing] {"sequence":106,"timelineOrdinal":null,"processOrdinal":1,"method":"PUT","routeClass":"rule","status":200,"headerElapsedMs":4,"bodyElapsedMs":0,"totalElapsedMs":4,"bytes":520,"phase":"complete","outcome":"ok"}
[http-timing] {"sequence":107,"timelineOrdinal":null,"processOrdinal":1,"method":"GET","routeClass":"tap-events","status":200,"headerElapsedMs":30,"bodyElapsedMs":0,"totalElapsedMs":30,"bytes":9896,"phase":"complete","outcome":"ok"}
[dispatch-timing] {"run":1,"pts":"8633333333"}
[pass] S11-CI07 run1 actual tuple EventRecord reference
[http-timing] {"sequence":108,"timelineOrdinal":null,"processOrdinal":1,"method":"PUT","routeClass":"rule","status":200,"headerElapsedMs":1,"bodyElapsedMs":0,"totalElapsedMs":1,"bytes":521,"phase":"complete","outcome":"ok"}
[transition-observation] {"kind":"start","referenceSha256":"32ba4e167976329c0d0704e438fab0e1bb94f10bab409955ace5dcab8d7590df","processOrdinal":1,"clientAtMs":11599.124875,"deadlineMs":30000,"beforeTimelineOrdinal":83,"scope":"full-page-two-outputs"}
[http-timing] {"sequence":109,"timelineOrdinal":84,"processOrdinal":1,"method":"GET","routeClass":"timeline","status":200,"headerElapsedMs":14,"bodyElapsedMs":0,"totalElapsedMs":14,"bytes":120023,"phase":"complete","outcome":"ok"}
[timeline-page-observation] {"cycle":84,"processOrdinal":1,"timelineOrdinal":84,"kind":"page","elapsedMs":14.702041999998983,"offset":0,"total":1,"unplacedTotal":5,"states":{"intent":0,"ready":0,"committed":0,"complete":0,"failed":0,"other":1}}
[timeline-page-observation] {"cycle":84,"processOrdinal":1,"timelineOrdinal":84,"kind":"complete","elapsedMs":15.006749999998647,"pages":1,"totalChanged":false,"mixedStates":false,"code":"none"}
[timeline-state] {"reason":"event-not-complete","rowCount":1,"jobCount":0,"outputCount":0,"referenceMatches":true,"truncated":false,"rows":[{"jobState":"not-created","completeness":"unknown","catalogState":"absent","playable":false,"request":{"timeBasis":"media-pts-ms","startTimeMs":"8633","endTimeMs":"8633","preMs":"750","postMs":"750"}}]}
[overlapping-sources] {"temporalOnly":true,"viewBasis":"timeline-known-mappings-unplaced-file-groups","segmentCount":1,"startNs":"7883000000","endNs":"9383000000","unknownCount":0,"rows":[{"idHash":"db4f14a8685792a6e5ba538e9b9e34a1bde7a7b0b3de56e5c7c07a7a21421a8a","startPts":"8300000000","endPts":"8333333333","catalogState":"finalized","playable":true},{"idHash":"db4f14a8685792a6e5ba538e9b9e34a1bde7a7b0b3de56e5c7c07a7a21421a8a","startPts":"0","endPts":"8333333333","catalogState":"finalized","playable":true}]}
[http-timing] {"sequence":110,"timelineOrdinal":85,"processOrdinal":1,"method":"GET","routeClass":"timeline","status":200,"headerElapsedMs":12,"bodyElapsedMs":0,"totalElapsedMs":12,"bytes":120023,"phase":"complete","outcome":"ok"}
[timeline-page-observation] {"cycle":85,"processOrdinal":1,"timelineOrdinal":85,"kind":"page","elapsedMs":12.816999999999098,"offset":0,"total":1,"unplacedTotal":5,"states":{"intent":0,"ready":0,"committed":0,"complete":0,"failed":0,"other":1}}
[timeline-page-observation] {"cycle":85,"processOrdinal":1,"timelineOrdinal":85,"kind":"complete","elapsedMs":13.003624999999374,"pages":1,"totalChanged":false,"mixedStates":false,"code":"none"}
[http-timing] {"sequence":111,"timelineOrdinal":86,"processOrdinal":1,"method":"GET","routeClass":"timeline","status":200,"headerElapsedMs":12,"bodyElapsedMs":0,"totalElapsedMs":12,"bytes":120023,"phase":"complete","outcome":"ok"}
[timeline-page-observation] {"cycle":86,"processOrdinal":1,"timelineOrdinal":86,"kind":"page","elapsedMs":13.388167000000976,"offset":0,"total":1,"unplacedTotal":5,"states":{"intent":0,"ready":0,"committed":0,"complete":0,"failed":0,"other":1}}
[timeline-page-observation] {"cycle":86,"processOrdinal":1,"timelineOrdinal":86,"kind":"complete","elapsedMs":13.578958000000057,"pages":1,"totalChanged":false,"mixedStates":false,"code":"none"}
[http-timing] {"sequence":112,"timelineOrdinal":87,"processOrdinal":1,"method":"GET","routeClass":"timeline","status":200,"headerElapsedMs":12,"bodyElapsedMs":0,"totalElapsedMs":12,"bytes":120023,"phase":"complete","outcome":"ok"}
[timeline-page-observation] {"cycle":87,"processOrdinal":1,"timelineOrdinal":87,"kind":"page","elapsedMs":12.971292000000176,"offset":0,"total":1,"unplacedTotal":5,"states":{"intent":0,"ready":0,"committed":0,"complete":0,"failed":0,"other":1}}
[timeline-page-observation] {"cycle":87,"processOrdinal":1,"timelineOrdinal":87,"kind":"complete","elapsedMs":13.159042000001136,"pages":1,"totalChanged":false,"mixedStates":false,"code":"none"}
[http-timing] {"sequence":113,"timelineOrdinal":88,"processOrdinal":1,"method":"GET","routeClass":"timeline","status":200,"headerElapsedMs":12,"bodyElapsedMs":0,"totalElapsedMs":12,"bytes":120023,"phase":"complete","outcome":"ok"}
[timeline-page-observation] {"cycle":88,"processOrdinal":1,"timelineOrdinal":88,"kind":"page","elapsedMs":12.669707999999446,"offset":0,"total":1,"unplacedTotal":5,"states":{"intent":0,"ready":0,"committed":0,"complete":0,"failed":0,"other":1}}
[timeline-page-observation] {"cycle":88,"processOrdinal":1,"timelineOrdinal":88,"kind":"complete","elapsedMs":12.882207999999082,"pages":1,"totalChanged":false,"mixedStates":false,"code":"none"}
[http-timing] {"sequence":114,"timelineOrdinal":89,"processOrdinal":1,"method":"GET","routeClass":"timeline","status":200,"headerElapsedMs":13,"bodyElapsedMs":0,"totalElapsedMs":13,"bytes":120023,"phase":"complete","outcome":"ok"}
[timeline-page-observation] {"cycle":89,"processOrdinal":1,"timelineOrdinal":89,"kind":"page","elapsedMs":14.270666000000347,"offset":0,"total":1,"unplacedTotal":5,"states":{"intent":0,"ready":0,"committed":0,"complete":0,"failed":0,"other":1}}
[timeline-page-observation] {"cycle":89,"processOrdinal":1,"timelineOrdinal":89,"kind":"complete","elapsedMs":14.450875000000451,"pages":1,"totalChanged":false,"mixedStates":false,"code":"none"}
[http-timing] {"sequence":115,"timelineOrdinal":90,"processOrdinal":1,"method":"GET","routeClass":"timeline","status":200,"headerElapsedMs":12,"bodyElapsedMs":0,"totalElapsedMs":12,"bytes":120023,"phase":"complete","outcome":"ok"}
[timeline-page-observation] {"cycle":90,"processOrdinal":1,"timelineOrdinal":90,"kind":"page","elapsedMs":12.682541000000128,"offset":0,"total":1,"unplacedTotal":5,"states":{"intent":0,"ready":0,"committed":0,"complete":0,"failed":0,"other":1}}
[timeline-page-observation] {"cycle":90,"processOrdinal":1,"timelineOrdinal":90,"kind":"complete","elapsedMs":12.847750000000815,"pages":1,"totalChanged":false,"mixedStates":false,"code":"none"}
[http-timing] {"sequence":116,"timelineOrdinal":91,"processOrdinal":1,"method":"GET","routeClass":"timeline","status":200,"headerElapsedMs":12,"bodyElapsedMs":0,"totalElapsedMs":12,"bytes":120023,"phase":"complete","outcome":"ok"}
[timeline-page-observation] {"cycle":91,"processOrdinal":1,"timelineOrdinal":91,"kind":"page","elapsedMs":12.761707999999999,"offset":0,"total":1,"unplacedTotal":5,"states":{"intent":0,"ready":0,"committed":0,"complete":0,"failed":0,"other":1}}
[timeline-page-observation] {"cycle":91,"processOrdinal":1,"timelineOrdinal":91,"kind":"complete","elapsedMs":12.931457999999111,"pages":1,"totalChanged":false,"mixedStates":false,"code":"none"}
[http-timing] {"sequence":117,"timelineOrdinal":92,"processOrdinal":1,"method":"GET","routeClass":"timeline","status":200,"headerElapsedMs":12,"bodyElapsedMs":0,"totalElapsedMs":12,"bytes":120023,"phase":"complete","outcome":"ok"}
[timeline-page-observation] {"cycle":92,"processOrdinal":1,"timelineOrdinal":92,"kind":"page","elapsedMs":12.812292000000525,"offset":0,"total":1,"unplacedTotal":5,"states":{"intent":0,"ready":0,"committed":0,"complete":0,"failed":0,"other":1}}
[timeline-page-observation] {"cycle":92,"processOrdinal":1,"timelineOrdinal":92,"kind":"complete","elapsedMs":12.987291999999798,"pages":1,"totalChanged":false,"mixedStates":false,"code":"none"}
[http-timing] {"sequence":118,"timelineOrdinal":93,"processOrdinal":1,"method":"GET","routeClass":"timeline","status":200,"headerElapsedMs":12,"bodyElapsedMs":0,"totalElapsedMs":12,"bytes":120023,"phase":"complete","outcome":"ok"}
[timeline-page-observation] {"cycle":93,"processOrdinal":1,"timelineOrdinal":93,"kind":"page","elapsedMs":12.919958000000406,"offset":0,"total":1,"unplacedTotal":5,"states":{"intent":0,"ready":0,"committed":0,"complete":0,"failed":0,"other":1}}
[timeline-page-observation] {"cycle":93,"processOrdinal":1,"timelineOrdinal":93,"kind":"complete","elapsedMs":13.164832999998907,"pages":1,"totalChanged":false,"mixedStates":false,"code":"none"}
[http-timing] {"sequence":119,"timelineOrdinal":94,"processOrdinal":1,"method":"GET","routeClass":"timeline","status":200,"headerElapsedMs":12,"bodyElapsedMs":0,"totalElapsedMs":12,"bytes":120023,"phase":"complete","outcome":"ok"}
[timeline-page-observation] {"cycle":94,"processOrdinal":1,"timelineOrdinal":94,"kind":"page","elapsedMs":13.071500000000015,"offset":0,"total":1,"unplacedTotal":5,"states":{"intent":0,"ready":0,"committed":0,"complete":0,"failed":0,"other":1}}
[timeline-page-observation] {"cycle":94,"processOrdinal":1,"timelineOrdinal":94,"kind":"complete","elapsedMs":13.310499999999593,"pages":1,"totalChanged":false,"mixedStates":false,"code":"none"}
[http-timing] {"sequence":120,"timelineOrdinal":95,"processOrdinal":1,"method":"GET","routeClass":"timeline","status":200,"headerElapsedMs":12,"bodyElapsedMs":0,"totalElapsedMs":12,"bytes":120023,"phase":"complete","outcome":"ok"}
[timeline-page-observation] {"cycle":95,"processOrdinal":1,"timelineOrdinal":95,"kind":"page","elapsedMs":13.518167000000176,"offset":0,"total":1,"unplacedTotal":5,"states":{"intent":0,"ready":0,"committed":0,"complete":0,"failed":0,"other":1}}
[timeline-page-observation] {"cycle":95,"processOrdinal":1,"timelineOrdinal":95,"kind":"complete","elapsedMs":13.688583000001017,"pages":1,"totalChanged":false,"mixedStates":false,"code":"none"}
[http-timing] {"sequence":121,"timelineOrdinal":96,"processOrdinal":1,"method":"GET","routeClass":"timeline","status":200,"headerElapsedMs":12,"bodyElapsedMs":0,"totalElapsedMs":12,"bytes":120023,"phase":"complete","outcome":"ok"}
[timeline-page-observation] {"cycle":96,"processOrdinal":1,"timelineOrdinal":96,"kind":"page","elapsedMs":12.820958000000246,"offset":0,"total":1,"unplacedTotal":5,"states":{"intent":0,"ready":0,"committed":0,"complete":0,"failed":0,"other":1}}
[timeline-page-observation] {"cycle":96,"processOrdinal":1,"timelineOrdinal":96,"kind":"complete","elapsedMs":12.98516600000039,"pages":1,"totalChanged":false,"mixedStates":false,"code":"none"}
[http-timing] {"sequence":122,"timelineOrdinal":97,"processOrdinal":1,"method":"GET","routeClass":"timeline","status":200,"headerElapsedMs":12,"bodyElapsedMs":0,"totalElapsedMs":12,"bytes":120023,"phase":"complete","outcome":"ok"}
[timeline-page-observation] {"cycle":97,"processOrdinal":1,"timelineOrdinal":97,"kind":"page","elapsedMs":12.805583000001207,"offset":0,"total":1,"unplacedTotal":5,"states":{"intent":0,"ready":0,"committed":0,"complete":0,"failed":0,"other":1}}
[timeline-page-observation] {"cycle":97,"processOrdinal":1,"timelineOrdinal":97,"kind":"complete","elapsedMs":12.96691600000122,"pages":1,"totalChanged":false,"mixedStates":false,"code":"none"}
[http-timing] {"sequence":123,"timelineOrdinal":98,"processOrdinal":1,"method":"GET","routeClass":"timeline","status":200,"headerElapsedMs":13,"bodyElapsedMs":0,"totalElapsedMs":13,"bytes":120023,"phase":"complete","outcome":"ok"}
[timeline-page-observation] {"cycle":98,"processOrdinal":1,"timelineOrdinal":98,"kind":"page","elapsedMs":14.520833999999013,"offset":0,"total":1,"unplacedTotal":5,"states":{"intent":0,"ready":0,"committed":0,"complete":0,"failed":0,"other":1}}
[timeline-page-observation] {"cycle":98,"processOrdinal":1,"timelineOrdinal":98,"kind":"complete","elapsedMs":14.690542000000278,"pages":1,"totalChanged":false,"mixedStates":false,"code":"none"}
[http-timing] {"sequence":124,"timelineOrdinal":99,"processOrdinal":1,"method":"GET","routeClass":"timeline","status":200,"headerElapsedMs":12,"bodyElapsedMs":0,"totalElapsedMs":12,"bytes":120023,"phase":"complete","outcome":"ok"}
[timeline-page-observation] {"cycle":99,"processOrdinal":1,"timelineOrdinal":99,"kind":"page","elapsedMs":12.671040999999605,"offset":0,"total":1,"unplacedTotal":5,"states":{"intent":0,"ready":0,"committed":0,"complete":0,"failed":0,"other":1}}
[timeline-page-observation] {"cycle":99,"processOrdinal":1,"timelineOrdinal":99,"kind":"complete","elapsedMs":12.834915999999794,"pages":1,"totalChanged":false,"mixedStates":false,"code":"none"}
[http-timing] {"sequence":125,"timelineOrdinal":100,"processOrdinal":1,"method":"GET","routeClass":"timeline","status":200,"headerElapsedMs":12,"bodyElapsedMs":0,"totalElapsedMs":12,"bytes":120023,"phase":"complete","outcome":"ok"}
[timeline-page-observation] {"cycle":100,"processOrdinal":1,"timelineOrdinal":100,"kind":"page","elapsedMs":13.154207999999926,"offset":0,"total":1,"unplacedTotal":5,"states":{"intent":0,"ready":0,"committed":0,"complete":0,"failed":0,"other":1}}
[timeline-page-observation] {"cycle":100,"processOrdinal":1,"timelineOrdinal":100,"kind":"complete","elapsedMs":13.32012500000019,"pages":1,"totalChanged":false,"mixedStates":false,"code":"none"}
[http-timing] {"sequence":126,"timelineOrdinal":101,"processOrdinal":1,"method":"GET","routeClass":"timeline","status":200,"headerElapsedMs":12,"bodyElapsedMs":0,"totalElapsedMs":12,"bytes":120023,"phase":"complete","outcome":"ok"}
[timeline-page-observation] {"cycle":101,"processOrdinal":1,"timelineOrdinal":101,"kind":"page","elapsedMs":12.74604200000067,"offset":0,"total":1,"unplacedTotal":5,"states":{"intent":0,"ready":0,"committed":0,"complete":0,"failed":0,"other":1}}
[timeline-page-observation] {"cycle":101,"processOrdinal":1,"timelineOrdinal":101,"kind":"complete","elapsedMs":12.933082999999897,"pages":1,"totalChanged":false,"mixedStates":false,"code":"none"}
[http-timing] {"sequence":127,"timelineOrdinal":102,"processOrdinal":1,"method":"GET","routeClass":"timeline","status":200,"headerElapsedMs":13,"bodyElapsedMs":0,"totalElapsedMs":13,"bytes":120023,"phase":"complete","outcome":"ok"}
[timeline-page-observation] {"cycle":102,"processOrdinal":1,"timelineOrdinal":102,"kind":"page","elapsedMs":14.079208999999537,"offset":0,"total":1,"unplacedTotal":5,"states":{"intent":0,"ready":0,"committed":0,"complete":0,"failed":0,"other":1}}
[timeline-page-observation] {"cycle":102,"processOrdinal":1,"timelineOrdinal":102,"kind":"complete","elapsedMs":14.244958999999653,"pages":1,"totalChanged":false,"mixedStates":false,"code":"none"}
[http-timing] {"sequence":128,"timelineOrdinal":103,"processOrdinal":1,"method":"GET","routeClass":"timeline","status":200,"headerElapsedMs":12,"bodyElapsedMs":0,"totalElapsedMs":12,"bytes":120023,"phase":"complete","outcome":"ok"}
[timeline-page-observation] {"cycle":103,"processOrdinal":1,"timelineOrdinal":103,"kind":"page","elapsedMs":12.744958999999653,"offset":0,"total":1,"unplacedTotal":5,"states":{"intent":0,"ready":0,"committed":0,"complete":0,"failed":0,"other":1}}
[timeline-page-observation] {"cycle":103,"processOrdinal":1,"timelineOrdinal":103,"kind":"complete","elapsedMs":12.9168750000008,"pages":1,"totalChanged":false,"mixedStates":false,"code":"none"}
[http-timing] {"sequence":129,"timelineOrdinal":104,"processOrdinal":1,"method":"GET","routeClass":"timeline","status":200,"headerElapsedMs":11,"bodyElapsedMs":0,"totalElapsedMs":11,"bytes":120023,"phase":"complete","outcome":"ok"}
[timeline-page-observation] {"cycle":104,"processOrdinal":1,"timelineOrdinal":104,"kind":"page","elapsedMs":12.262957999999344,"offset":0,"total":1,"unplacedTotal":5,"states":{"intent":0,"ready":0,"committed":0,"complete":0,"failed":0,"other":1}}
[timeline-page-observation] {"cycle":104,"processOrdinal":1,"timelineOrdinal":104,"kind":"complete","elapsedMs":12.426332999999431,"pages":1,"totalChanged":false,"mixedStates":false,"code":"none"}
[http-timing] {"sequence":130,"timelineOrdinal":105,"processOrdinal":1,"method":"GET","routeClass":"timeline","status":200,"headerElapsedMs":12,"bodyElapsedMs":0,"totalElapsedMs":12,"bytes":120023,"phase":"complete","outcome":"ok"}
[timeline-page-observation] {"cycle":105,"processOrdinal":1,"timelineOrdinal":105,"kind":"page","elapsedMs":12.98320799999965,"offset":0,"total":1,"unplacedTotal":5,"states":{"intent":0,"ready":0,"committed":0,"complete":0,"failed":0,"other":1}}
[timeline-page-observation] {"cycle":105,"processOrdinal":1,"timelineOrdinal":105,"kind":"complete","elapsedMs":13.142499999999927,"pages":1,"totalChanged":false,"mixedStates":false,"code":"none"}
[http-timing] {"sequence":131,"timelineOrdinal":106,"processOrdinal":1,"method":"GET","routeClass":"timeline","status":200,"headerElapsedMs":12,"bodyElapsedMs":0,"totalElapsedMs":12,"bytes":120023,"phase":"complete","outcome":"ok"}
[timeline-page-observation] {"cycle":106,"processOrdinal":1,"timelineOrdinal":106,"kind":"page","elapsedMs":13.255042000000685,"offset":0,"total":1,"unplacedTotal":5,"states":{"intent":0,"ready":0,"committed":0,"complete":0,"failed":0,"other":1}}
[timeline-page-observation] {"cycle":106,"processOrdinal":1,"timelineOrdinal":106,"kind":"complete","elapsedMs":13.602875000000495,"pages":1,"totalChanged":false,"mixedStates":false,"code":"none"}
[http-timing] {"sequence":132,"timelineOrdinal":107,"processOrdinal":1,"method":"GET","routeClass":"timeline","status":200,"headerElapsedMs":12,"bodyElapsedMs":0,"totalElapsedMs":12,"bytes":120023,"phase":"complete","outcome":"ok"}
[timeline-page-observation] {"cycle":107,"processOrdinal":1,"timelineOrdinal":107,"kind":"page","elapsedMs":12.88287499999933,"offset":0,"total":1,"unplacedTotal":5,"states":{"intent":0,"ready":0,"committed":0,"complete":0,"failed":0,"other":1}}
[timeline-page-observation] {"cycle":107,"processOrdinal":1,"timelineOrdinal":107,"kind":"complete","elapsedMs":13.048957999999402,"pages":1,"totalChanged":false,"mixedStates":false,"code":"none"}
[http-timing] {"sequence":133,"timelineOrdinal":108,"processOrdinal":1,"method":"GET","routeClass":"timeline","status":200,"headerElapsedMs":12,"bodyElapsedMs":0,"totalElapsedMs":12,"bytes":120023,"phase":"complete","outcome":"ok"}
[timeline-page-observation] {"cycle":108,"processOrdinal":1,"timelineOrdinal":108,"kind":"page","elapsedMs":12.85058299999946,"offset":0,"total":1,"unplacedTotal":5,"states":{"intent":0,"ready":0,"committed":0,"complete":0,"failed":0,"other":1}}
[timeline-page-observation] {"cycle":108,"processOrdinal":1,"timelineOrdinal":108,"kind":"complete","elapsedMs":13.029042000000118,"pages":1,"totalChanged":false,"mixedStates":false,"code":"none"}
[http-timing] {"sequence":134,"timelineOrdinal":109,"processOrdinal":1,"method":"GET","routeClass":"timeline","status":200,"headerElapsedMs":12,"bodyElapsedMs":0,"totalElapsedMs":12,"bytes":120023,"phase":"complete","outcome":"ok"}
[timeline-page-observation] {"cycle":109,"processOrdinal":1,"timelineOrdinal":109,"kind":"page","elapsedMs":13.189000000000306,"offset":0,"total":1,"unplacedTotal":5,"states":{"intent":0,"ready":0,"committed":0,"complete":0,"failed":0,"other":1}}
[timeline-page-observation] {"cycle":109,"processOrdinal":1,"timelineOrdinal":109,"kind":"complete","elapsedMs":13.352790999999343,"pages":1,"totalChanged":false,"mixedStates":false,"code":"none"}
[http-timing] {"sequence":135,"timelineOrdinal":110,"processOrdinal":1,"method":"GET","routeClass":"timeline","status":200,"headerElapsedMs":12,"bodyElapsedMs":0,"totalElapsedMs":13,"bytes":120023,"phase":"complete","outcome":"ok"}
[timeline-page-observation] {"cycle":110,"processOrdinal":1,"timelineOrdinal":110,"kind":"page","elapsedMs":13.491084000001138,"offset":0,"total":1,"unplacedTotal":5,"states":{"intent":0,"ready":0,"committed":0,"complete":0,"failed":0,"other":1}}
[timeline-page-observation] {"cycle":110,"processOrdinal":1,"timelineOrdinal":110,"kind":"complete","elapsedMs":13.66424999999981,"pages":1,"totalChanged":false,"mixedStates":false,"code":"none"}
[http-timing] {"sequence":136,"timelineOrdinal":111,"processOrdinal":1,"method":"GET","routeClass":"timeline","status":200,"headerElapsedMs":12,"bodyElapsedMs":0,"totalElapsedMs":12,"bytes":120023,"phase":"complete","outcome":"ok"}
[timeline-page-observation] {"cycle":111,"processOrdinal":1,"timelineOrdinal":111,"kind":"page","elapsedMs":12.744208000000071,"offset":0,"total":1,"unplacedTotal":5,"states":{"intent":0,"ready":0,"committed":0,"complete":0,"failed":0,"other":1}}
[timeline-page-observation] {"cycle":111,"processOrdinal":1,"timelineOrdinal":111,"kind":"complete","elapsedMs":12.931540999999925,"pages":1,"totalChanged":false,"mixedStates":false,"code":"none"}
[http-timing] {"sequence":137,"timelineOrdinal":112,"processOrdinal":1,"method":"GET","routeClass":"timeline","status":200,"headerElapsedMs":12,"bodyElapsedMs":0,"totalElapsedMs":12,"bytes":120023,"phase":"complete","outcome":"ok"}
[timeline-page-observation] {"cycle":112,"processOrdinal":1,"timelineOrdinal":112,"kind":"page","elapsedMs":12.83508299999994,"offset":0,"total":1,"unplacedTotal":5,"states":{"intent":0,"ready":0,"committed":0,"complete":0,"failed":0,"other":1}}
[timeline-page-observation] {"cycle":112,"processOrdinal":1,"timelineOrdinal":112,"kind":"complete","elapsedMs":13.010166000000027,"pages":1,"totalChanged":false,"mixedStates":false,"code":"none"}
[http-timing] {"sequence":138,"timelineOrdinal":113,"processOrdinal":1,"method":"GET","routeClass":"timeline","status":200,"headerElapsedMs":12,"bodyElapsedMs":0,"totalElapsedMs":12,"bytes":120023,"phase":"complete","outcome":"ok"}
[timeline-page-observation] {"cycle":113,"processOrdinal":1,"timelineOrdinal":113,"kind":"page","elapsedMs":12.748792000000321,"offset":0,"total":1,"unplacedTotal":5,"states":{"intent":0,"ready":0,"committed":0,"complete":0,"failed":0,"other":1}}
[timeline-page-observation] {"cycle":113,"processOrdinal":1,"timelineOrdinal":113,"kind":"complete","elapsedMs":12.919750000000931,"pages":1,"totalChanged":false,"mixedStates":false,"code":"none"}
[http-timing] {"sequence":139,"timelineOrdinal":114,"processOrdinal":1,"method":"GET","routeClass":"timeline","status":200,"headerElapsedMs":12,"bodyElapsedMs":0,"totalElapsedMs":12,"bytes":120023,"phase":"complete","outcome":"ok"}
[timeline-page-observation] {"cycle":114,"processOrdinal":1,"timelineOrdinal":114,"kind":"page","elapsedMs":13.182167000000845,"offset":0,"total":1,"unplacedTotal":5,"states":{"intent":0,"ready":0,"committed":0,"complete":0,"failed":0,"other":1}}
[timeline-page-observation] {"cycle":114,"processOrdinal":1,"timelineOrdinal":114,"kind":"complete","elapsedMs":13.350125000000844,"pages":1,"totalChanged":false,"mixedStates":false,"code":"none"}
[http-timing] {"sequence":140,"timelineOrdinal":115,"processOrdinal":1,"method":"GET","routeClass":"timeline","status":200,"headerElapsedMs":12,"bodyElapsedMs":0,"totalElapsedMs":12,"bytes":120023,"phase":"complete","outcome":"ok"}
[timeline-page-observation] {"cycle":115,"processOrdinal":1,"timelineOrdinal":115,"kind":"page","elapsedMs":13.05633299999863,"offset":0,"total":1,"unplacedTotal":5,"states":{"intent":0,"ready":0,"committed":0,"complete":0,"failed":0,"other":1}}
[timeline-page-observation] {"cycle":115,"processOrdinal":1,"timelineOrdinal":115,"kind":"complete","elapsedMs":13.223124999998618,"pages":1,"totalChanged":false,"mixedStates":false,"code":"none"}
[http-timing] {"sequence":141,"timelineOrdinal":116,"processOrdinal":1,"method":"GET","routeClass":"timeline","status":200,"headerElapsedMs":13,"bodyElapsedMs":0,"totalElapsedMs":13,"bytes":120023,"phase":"complete","outcome":"ok"}
[timeline-page-observation] {"cycle":116,"processOrdinal":1,"timelineOrdinal":116,"kind":"page","elapsedMs":13.676415999998426,"offset":0,"total":1,"unplacedTotal":5,"states":{"intent":0,"ready":0,"committed":0,"complete":0,"failed":0,"other":1}}
[timeline-page-observation] {"cycle":116,"processOrdinal":1,"timelineOrdinal":116,"kind":"complete","elapsedMs":13.840666000000056,"pages":1,"totalChanged":false,"mixedStates":false,"code":"none"}
[http-timing] {"sequence":142,"timelineOrdinal":117,"processOrdinal":1,"method":"GET","routeClass":"timeline","status":200,"headerElapsedMs":12,"bodyElapsedMs":0,"totalElapsedMs":12,"bytes":120023,"phase":"complete","outcome":"ok"}
[timeline-page-observation] {"cycle":117,"processOrdinal":1,"timelineOrdinal":117,"kind":"page","elapsedMs":12.898666999999477,"offset":0,"total":1,"unplacedTotal":5,"states":{"intent":0,"ready":0,"committed":0,"complete":0,"failed":0,"other":1}}
[timeline-page-observation] {"cycle":117,"processOrdinal":1,"timelineOrdinal":117,"kind":"complete","elapsedMs":13.06133299999965,"pages":1,"totalChanged":false,"mixedStates":false,"code":"none"}
[http-timing] {"sequence":143,"timelineOrdinal":118,"processOrdinal":1,"method":"GET","routeClass":"timeline","status":200,"headerElapsedMs":12,"bodyElapsedMs":0,"totalElapsedMs":12,"bytes":120023,"phase":"complete","outcome":"ok"}
[timeline-page-observation] {"cycle":118,"processOrdinal":1,"timelineOrdinal":118,"kind":"page","elapsedMs":13.186459000000468,"offset":0,"total":1,"unplacedTotal":5,"states":{"intent":0,"ready":0,"committed":0,"complete":0,"failed":0,"other":1}}
[timeline-page-observation] {"cycle":118,"processOrdinal":1,"timelineOrdinal":118,"kind":"complete","elapsedMs":13.3510839999999,"pages":1,"totalChanged":false,"mixedStates":false,"code":"none"}
[http-timing] {"sequence":144,"timelineOrdinal":119,"processOrdinal":1,"method":"GET","routeClass":"timeline","status":200,"headerElapsedMs":12,"bodyElapsedMs":0,"totalElapsedMs":12,"bytes":120023,"phase":"complete","outcome":"ok"}
[timeline-page-observation] {"cycle":119,"processOrdinal":1,"timelineOrdinal":119,"kind":"page","elapsedMs":12.998250000000553,"offset":0,"total":1,"unplacedTotal":5,"states":{"intent":0,"ready":0,"committed":0,"complete":0,"failed":0,"other":1}}
[timeline-page-observation] {"cycle":119,"processOrdinal":1,"timelineOrdinal":119,"kind":"complete","elapsedMs":13.161458000000493,"pages":1,"totalChanged":false,"mixedStates":false,"code":"none"}
[http-timing] {"sequence":145,"timelineOrdinal":120,"processOrdinal":1,"method":"GET","routeClass":"timeline","status":200,"headerElapsedMs":12,"bodyElapsedMs":0,"totalElapsedMs":12,"bytes":120023,"phase":"complete","outcome":"ok"}
[timeline-page-observation] {"cycle":120,"processOrdinal":1,"timelineOrdinal":120,"kind":"page","elapsedMs":12.583708000000115,"offset":0,"total":1,"unplacedTotal":5,"states":{"intent":0,"ready":0,"committed":0,"complete":0,"failed":0,"other":1}}
[timeline-page-observation] {"cycle":120,"processOrdinal":1,"timelineOrdinal":120,"kind":"complete","elapsedMs":12.763249999999971,"pages":1,"totalChanged":false,"mixedStates":false,"code":"none"}
[http-timing] {"sequence":146,"timelineOrdinal":121,"processOrdinal":1,"method":"GET","routeClass":"timeline","status":200,"headerElapsedMs":14,"bodyElapsedMs":0,"totalElapsedMs":14,"bytes":120023,"phase":"complete","outcome":"ok"}
[timeline-page-observation] {"cycle":121,"processOrdinal":1,"timelineOrdinal":121,"kind":"page","elapsedMs":14.719999999999345,"offset":0,"total":1,"unplacedTotal":5,"states":{"intent":0,"ready":0,"committed":0,"complete":0,"failed":0,"other":1}}
[timeline-page-observation] {"cycle":121,"processOrdinal":1,"timelineOrdinal":121,"kind":"complete","elapsedMs":14.880957999999737,"pages":1,"totalChanged":false,"mixedStates":false,"code":"none"}
[http-timing] {"sequence":147,"timelineOrdinal":122,"processOrdinal":1,"method":"GET","routeClass":"timeline","status":200,"headerElapsedMs":12,"bodyElapsedMs":0,"totalElapsedMs":12,"bytes":120023,"phase":"complete","outcome":"ok"}
[timeline-page-observation] {"cycle":122,"processOrdinal":1,"timelineOrdinal":122,"kind":"page","elapsedMs":13.213165999999546,"offset":0,"total":1,"unplacedTotal":5,"states":{"intent":0,"ready":0,"committed":0,"complete":0,"failed":0,"other":1}}
[timeline-page-observation] {"cycle":122,"processOrdinal":1,"timelineOrdinal":122,"kind":"complete","elapsedMs":13.400665999999546,"pages":1,"totalChanged":false,"mixedStates":false,"code":"none"}
[http-timing] {"sequence":148,"timelineOrdinal":123,"processOrdinal":1,"method":"GET","routeClass":"timeline","status":200,"headerElapsedMs":12,"bodyElapsedMs":0,"totalElapsedMs":13,"bytes":120023,"phase":"complete","outcome":"ok"}
[timeline-page-observation] {"cycle":123,"processOrdinal":1,"timelineOrdinal":123,"kind":"page","elapsedMs":13.75354200000038,"offset":0,"total":1,"unplacedTotal":5,"states":{"intent":0,"ready":0,"committed":0,"complete":0,"failed":0,"other":1}}
[timeline-page-observation] {"cycle":123,"processOrdinal":1,"timelineOrdinal":123,"kind":"complete","elapsedMs":14.091750000001412,"pages":1,"totalChanged":false,"mixedStates":false,"code":"none"}
[http-timing] {"sequence":149,"timelineOrdinal":124,"processOrdinal":1,"method":"GET","routeClass":"timeline","status":200,"headerElapsedMs":13,"bodyElapsedMs":0,"totalElapsedMs":13,"bytes":120023,"phase":"complete","outcome":"ok"}
[timeline-page-observation] {"cycle":124,"processOrdinal":1,"timelineOrdinal":124,"kind":"page","elapsedMs":13.875667000000249,"offset":0,"total":1,"unplacedTotal":5,"states":{"intent":0,"ready":0,"committed":0,"complete":0,"failed":0,"other":1}}
[timeline-page-observation] {"cycle":124,"processOrdinal":1,"timelineOrdinal":124,"kind":"complete","elapsedMs":14.043750000000728,"pages":1,"totalChanged":false,"mixedStates":false,"code":"none"}
[http-timing] {"sequence":150,"timelineOrdinal":125,"processOrdinal":1,"method":"GET","routeClass":"timeline","status":200,"headerElapsedMs":12,"bodyElapsedMs":0,"totalElapsedMs":13,"bytes":120023,"phase":"complete","outcome":"ok"}
[timeline-page-observation] {"cycle":125,"processOrdinal":1,"timelineOrdinal":125,"kind":"page","elapsedMs":13.509417000001122,"offset":0,"total":1,"unplacedTotal":5,"states":{"intent":0,"ready":0,"committed":0,"complete":0,"failed":0,"other":1}}
[timeline-page-observation] {"cycle":125,"processOrdinal":1,"timelineOrdinal":125,"kind":"complete","elapsedMs":13.67304200000035,"pages":1,"totalChanged":false,"mixedStates":false,"code":"none"}
[http-timing] {"sequence":151,"timelineOrdinal":126,"processOrdinal":1,"method":"GET","routeClass":"timeline","status":200,"headerElapsedMs":12,"bodyElapsedMs":0,"totalElapsedMs":12,"bytes":120023,"phase":"complete","outcome":"ok"}
[timeline-page-observation] {"cycle":126,"processOrdinal":1,"timelineOrdinal":126,"kind":"page","elapsedMs":12.939249999999447,"offset":0,"total":1,"unplacedTotal":5,"states":{"intent":0,"ready":0,"committed":0,"complete":0,"failed":0,"other":1}}
[timeline-page-observation] {"cycle":126,"processOrdinal":1,"timelineOrdinal":126,"kind":"complete","elapsedMs":13.10112499999741,"pages":1,"totalChanged":false,"mixedStates":false,"code":"none"}
[http-timing] {"sequence":152,"timelineOrdinal":127,"processOrdinal":1,"method":"GET","routeClass":"timeline","status":200,"headerElapsedMs":12,"bodyElapsedMs":0,"totalElapsedMs":12,"bytes":120023,"phase":"complete","outcome":"ok"}
[timeline-page-observation] {"cycle":127,"processOrdinal":1,"timelineOrdinal":127,"kind":"page","elapsedMs":13.01470899999913,"offset":0,"total":1,"unplacedTotal":5,"states":{"intent":0,"ready":0,"committed":0,"complete":0,"failed":0,"other":1}}
[timeline-page-observation] {"cycle":127,"processOrdinal":1,"timelineOrdinal":127,"kind":"complete","elapsedMs":13.180709000000206,"pages":1,"totalChanged":false,"mixedStates":false,"code":"none"}
[http-timing] {"sequence":153,"timelineOrdinal":128,"processOrdinal":1,"method":"GET","routeClass":"timeline","status":200,"headerElapsedMs":12,"bodyElapsedMs":0,"totalElapsedMs":12,"bytes":120023,"phase":"complete","outcome":"ok"}
[timeline-page-observation] {"cycle":128,"processOrdinal":1,"timelineOrdinal":128,"kind":"page","elapsedMs":12.814249999999447,"offset":0,"total":1,"unplacedTotal":5,"states":{"intent":0,"ready":0,"committed":0,"complete":0,"failed":0,"other":1}}
[timeline-page-observation] {"cycle":128,"processOrdinal":1,"timelineOrdinal":128,"kind":"complete","elapsedMs":12.97045799999978,"pages":1,"totalChanged":false,"mixedStates":false,"code":"none"}
[http-timing] {"sequence":154,"timelineOrdinal":129,"processOrdinal":1,"method":"GET","routeClass":"timeline","status":200,"headerElapsedMs":12,"bodyElapsedMs":0,"totalElapsedMs":12,"bytes":120023,"phase":"complete","outcome":"ok"}
[timeline-page-observation] {"cycle":129,"processOrdinal":1,"timelineOrdinal":129,"kind":"page","elapsedMs":12.619041999998444,"offset":0,"total":1,"unplacedTotal":5,"states":{"intent":0,"ready":0,"committed":0,"complete":0,"failed":0,"other":1}}
[timeline-page-observation] {"cycle":129,"processOrdinal":1,"timelineOrdinal":129,"kind":"complete","elapsedMs":12.775125000000116,"pages":1,"totalChanged":false,"mixedStates":false,"code":"none"}
[http-timing] {"sequence":155,"timelineOrdinal":130,"processOrdinal":1,"method":"GET","routeClass":"timeline","status":200,"headerElapsedMs":16,"bodyElapsedMs":0,"totalElapsedMs":16,"bytes":120023,"phase":"complete","outcome":"ok"}
[timeline-page-observation] {"cycle":130,"processOrdinal":1,"timelineOrdinal":130,"kind":"page","elapsedMs":17.02166700000089,"offset":0,"total":1,"unplacedTotal":5,"states":{"intent":0,"ready":0,"committed":0,"complete":0,"failed":0,"other":1}}
[timeline-page-observation] {"cycle":130,"processOrdinal":1,"timelineOrdinal":130,"kind":"complete","elapsedMs":17.232959000000847,"pages":1,"totalChanged":false,"mixedStates":false,"code":"none"}
[http-timing] {"sequence":156,"timelineOrdinal":131,"processOrdinal":1,"method":"GET","routeClass":"timeline","status":200,"headerElapsedMs":12,"bodyElapsedMs":0,"totalElapsedMs":12,"bytes":120023,"phase":"complete","outcome":"ok"}
[timeline-page-observation] {"cycle":131,"processOrdinal":1,"timelineOrdinal":131,"kind":"page","elapsedMs":12.86933300000237,"offset":0,"total":1,"unplacedTotal":5,"states":{"intent":0,"ready":0,"committed":0,"complete":0,"failed":0,"other":1}}
[timeline-page-observation] {"cycle":131,"processOrdinal":1,"timelineOrdinal":131,"kind":"complete","elapsedMs":13.031833000000915,"pages":1,"totalChanged":false,"mixedStates":false,"code":"none"}
[http-timing] {"sequence":157,"timelineOrdinal":132,"processOrdinal":1,"method":"GET","routeClass":"timeline","status":200,"headerElapsedMs":12,"bodyElapsedMs":0,"totalElapsedMs":12,"bytes":120023,"phase":"complete","outcome":"ok"}
[timeline-page-observation] {"cycle":132,"processOrdinal":1,"timelineOrdinal":132,"kind":"page","elapsedMs":12.8759579999969,"offset":0,"total":1,"unplacedTotal":5,"states":{"intent":0,"ready":0,"committed":0,"complete":0,"failed":0,"other":1}}
[timeline-page-observation] {"cycle":132,"processOrdinal":1,"timelineOrdinal":132,"kind":"complete","elapsedMs":13.03624999999738,"pages":1,"totalChanged":false,"mixedStates":false,"code":"none"}
[http-timing] {"sequence":158,"timelineOrdinal":133,"processOrdinal":1,"method":"GET","routeClass":"timeline","status":200,"headerElapsedMs":12,"bodyElapsedMs":0,"totalElapsedMs":12,"bytes":120023,"phase":"complete","outcome":"ok"}
[timeline-page-observation] {"cycle":133,"processOrdinal":1,"timelineOrdinal":133,"kind":"page","elapsedMs":13.011540999999852,"offset":0,"total":1,"unplacedTotal":5,"states":{"intent":0,"ready":0,"committed":0,"complete":0,"failed":0,"other":1}}
[timeline-page-observation] {"cycle":133,"processOrdinal":1,"timelineOrdinal":133,"kind":"complete","elapsedMs":13.175374999998894,"pages":1,"totalChanged":false,"mixedStates":false,"code":"none"}
[http-timing] {"sequence":159,"timelineOrdinal":134,"processOrdinal":1,"method":"GET","routeClass":"timeline","status":200,"headerElapsedMs":12,"bodyElapsedMs":0,"totalElapsedMs":12,"bytes":120023,"phase":"complete","outcome":"ok"}
[timeline-page-observation] {"cycle":134,"processOrdinal":1,"timelineOrdinal":134,"kind":"page","elapsedMs":13.429374999999709,"offset":0,"total":1,"unplacedTotal":5,"states":{"intent":0,"ready":0,"committed":0,"complete":0,"failed":0,"other":1}}
[timeline-page-observation] {"cycle":134,"processOrdinal":1,"timelineOrdinal":134,"kind":"complete","elapsedMs":13.590917000001355,"pages":1,"totalChanged":false,"mixedStates":false,"code":"none"}
[http-timing] {"sequence":160,"timelineOrdinal":135,"processOrdinal":1,"method":"GET","routeClass":"timeline","status":200,"headerElapsedMs":12,"bodyElapsedMs":0,"totalElapsedMs":12,"bytes":120023,"phase":"complete","outcome":"ok"}
[timeline-page-observation] {"cycle":135,"processOrdinal":1,"timelineOrdinal":135,"kind":"page","elapsedMs":13.465292000000773,"offset":0,"total":1,"unplacedTotal":5,"states":{"intent":0,"ready":0,"committed":0,"complete":0,"failed":0,"other":1}}
[timeline-page-observation] {"cycle":135,"processOrdinal":1,"timelineOrdinal":135,"kind":"complete","elapsedMs":13.628958999997849,"pages":1,"totalChanged":false,"mixedStates":false,"code":"none"}
[http-timing] {"sequence":161,"timelineOrdinal":136,"processOrdinal":1,"method":"GET","routeClass":"timeline","status":200,"headerElapsedMs":12,"bodyElapsedMs":0,"totalElapsedMs":12,"bytes":120023,"phase":"complete","outcome":"ok"}
[timeline-page-observation] {"cycle":136,"processOrdinal":1,"timelineOrdinal":136,"kind":"page","elapsedMs":12.677459000002273,"offset":0,"total":1,"unplacedTotal":5,"states":{"intent":0,"ready":0,"committed":0,"complete":0,"failed":0,"other":1}}
[timeline-page-observation] {"cycle":136,"processOrdinal":1,"timelineOrdinal":136,"kind":"complete","elapsedMs":12.837500000001455,"pages":1,"totalChanged":false,"mixedStates":false,"code":"none"}
[http-timing] {"sequence":162,"timelineOrdinal":137,"processOrdinal":1,"method":"GET","routeClass":"timeline","status":200,"headerElapsedMs":12,"bodyElapsedMs":0,"totalElapsedMs":12,"bytes":120023,"phase":"complete","outcome":"ok"}
[timeline-page-observation] {"cycle":137,"processOrdinal":1,"timelineOrdinal":137,"kind":"page","elapsedMs":13.056250000001455,"offset":0,"total":1,"unplacedTotal":5,"states":{"intent":0,"ready":0,"committed":0,"complete":0,"failed":0,"other":1}}
[timeline-page-observation] {"cycle":137,"processOrdinal":1,"timelineOrdinal":137,"kind":"complete","elapsedMs":13.220375000000786,"pages":1,"totalChanged":false,"mixedStates":false,"code":"none"}
[http-timing] {"sequence":163,"timelineOrdinal":138,"processOrdinal":1,"method":"GET","routeClass":"timeline","status":200,"headerElapsedMs":12,"bodyElapsedMs":0,"totalElapsedMs":12,"bytes":120023,"phase":"complete","outcome":"ok"}
[timeline-page-observation] {"cycle":138,"processOrdinal":1,"timelineOrdinal":138,"kind":"page","elapsedMs":13.250917000001209,"offset":0,"total":1,"unplacedTotal":5,"states":{"intent":0,"ready":0,"committed":0,"complete":0,"failed":0,"other":1}}
[timeline-page-observation] {"cycle":138,"processOrdinal":1,"timelineOrdinal":138,"kind":"complete","elapsedMs":13.421667000002344,"pages":1,"totalChanged":false,"mixedStates":false,"code":"none"}
[http-timing] {"sequence":164,"timelineOrdinal":139,"processOrdinal":1,"method":"GET","routeClass":"timeline","status":200,"headerElapsedMs":13,"bodyElapsedMs":0,"totalElapsedMs":14,"bytes":120023,"phase":"complete","outcome":"ok"}
[timeline-page-observation] {"cycle":139,"processOrdinal":1,"timelineOrdinal":139,"kind":"page","elapsedMs":14.681790999999066,"offset":0,"total":1,"unplacedTotal":5,"states":{"intent":0,"ready":0,"committed":0,"complete":0,"failed":0,"other":1}}
[timeline-page-observation] {"cycle":139,"processOrdinal":1,"timelineOrdinal":139,"kind":"complete","elapsedMs":14.86437499999738,"pages":1,"totalChanged":false,"mixedStates":false,"code":"none"}
[http-timing] {"sequence":165,"timelineOrdinal":140,"processOrdinal":1,"method":"GET","routeClass":"timeline","status":200,"headerElapsedMs":12,"bodyElapsedMs":0,"totalElapsedMs":12,"bytes":120023,"phase":"complete","outcome":"ok"}
[timeline-page-observation] {"cycle":140,"processOrdinal":1,"timelineOrdinal":140,"kind":"page","elapsedMs":13.026541999999608,"offset":0,"total":1,"unplacedTotal":5,"states":{"intent":0,"ready":0,"committed":0,"complete":0,"failed":0,"other":1}}
[timeline-page-observation] {"cycle":140,"processOrdinal":1,"timelineOrdinal":140,"kind":"complete","elapsedMs":13.212374999999156,"pages":1,"totalChanged":false,"mixedStates":false,"code":"none"}
[http-timing] {"sequence":166,"timelineOrdinal":141,"processOrdinal":1,"method":"GET","routeClass":"timeline","status":200,"headerElapsedMs":12,"bodyElapsedMs":0,"totalElapsedMs":12,"bytes":120023,"phase":"complete","outcome":"ok"}
[timeline-page-observation] {"cycle":141,"processOrdinal":1,"timelineOrdinal":141,"kind":"page","elapsedMs":13.333916999999929,"offset":0,"total":1,"unplacedTotal":5,"states":{"intent":0,"ready":0,"committed":0,"complete":0,"failed":0,"other":1}}
[timeline-page-observation] {"cycle":141,"processOrdinal":1,"timelineOrdinal":141,"kind":"complete","elapsedMs":13.493916999999783,"pages":1,"totalChanged":false,"mixedStates":false,"code":"none"}
[http-timing] {"sequence":167,"timelineOrdinal":142,"processOrdinal":1,"method":"GET","routeClass":"timeline","status":200,"headerElapsedMs":12,"bodyElapsedMs":0,"totalElapsedMs":12,"bytes":120023,"phase":"complete","outcome":"ok"}
[timeline-page-observation] {"cycle":142,"processOrdinal":1,"timelineOrdinal":142,"kind":"page","elapsedMs":13.333167000000685,"offset":0,"total":1,"unplacedTotal":5,"states":{"intent":0,"ready":0,"committed":0,"complete":0,"failed":0,"other":1}}
[timeline-page-observation] {"cycle":142,"processOrdinal":1,"timelineOrdinal":142,"kind":"complete","elapsedMs":13.500749999999243,"pages":1,"totalChanged":false,"mixedStates":false,"code":"none"}
[http-timing] {"sequence":168,"timelineOrdinal":143,"processOrdinal":1,"method":"GET","routeClass":"timeline","status":200,"headerElapsedMs":12,"bodyElapsedMs":0,"totalElapsedMs":12,"bytes":120023,"phase":"complete","outcome":"ok"}
[timeline-page-observation] {"cycle":143,"processOrdinal":1,"timelineOrdinal":143,"kind":"page","elapsedMs":12.762791999997717,"offset":0,"total":1,"unplacedTotal":5,"states":{"intent":0,"ready":0,"committed":0,"complete":0,"failed":0,"other":1}}
[timeline-page-observation] {"cycle":143,"processOrdinal":1,"timelineOrdinal":143,"kind":"complete","elapsedMs":12.92608299999847,"pages":1,"totalChanged":false,"mixedStates":false,"code":"none"}
[http-timing] {"sequence":169,"timelineOrdinal":144,"processOrdinal":1,"method":"GET","routeClass":"timeline","status":200,"headerElapsedMs":11,"bodyElapsedMs":0,"totalElapsedMs":12,"bytes":120023,"phase":"complete","outcome":"ok"}
[timeline-page-observation] {"cycle":144,"processOrdinal":1,"timelineOrdinal":144,"kind":"page","elapsedMs":12.55474999999933,"offset":0,"total":1,"unplacedTotal":5,"states":{"intent":0,"ready":0,"committed":0,"complete":0,"failed":0,"other":1}}
[timeline-page-observation] {"cycle":144,"processOrdinal":1,"timelineOrdinal":144,"kind":"complete","elapsedMs":12.710084000002098,"pages":1,"totalChanged":false,"mixedStates":false,"code":"none"}
[http-timing] {"sequence":170,"timelineOrdinal":145,"processOrdinal":1,"method":"GET","routeClass":"timeline","status":200,"headerElapsedMs":13,"bodyElapsedMs":0,"totalElapsedMs":13,"bytes":120023,"phase":"complete","outcome":"ok"}
[timeline-page-observation] {"cycle":145,"processOrdinal":1,"timelineOrdinal":145,"kind":"page","elapsedMs":13.922042000001966,"offset":0,"total":1,"unplacedTotal":5,"states":{"intent":0,"ready":0,"committed":0,"complete":0,"failed":0,"other":1}}
[timeline-page-observation] {"cycle":145,"processOrdinal":1,"timelineOrdinal":145,"kind":"complete","elapsedMs":14.086459000001923,"pages":1,"totalChanged":false,"mixedStates":false,"code":"none"}
[http-timing] {"sequence":171,"timelineOrdinal":146,"processOrdinal":1,"method":"GET","routeClass":"timeline","status":200,"headerElapsedMs":12,"bodyElapsedMs":0,"totalElapsedMs":12,"bytes":120023,"phase":"complete","outcome":"ok"}
[timeline-page-observation] {"cycle":146,"processOrdinal":1,"timelineOrdinal":146,"kind":"page","elapsedMs":13.348334000002069,"offset":0,"total":1,"unplacedTotal":5,"states":{"intent":0,"ready":0,"committed":0,"complete":0,"failed":0,"other":1}}
[timeline-page-observation] {"cycle":146,"processOrdinal":1,"timelineOrdinal":146,"kind":"complete","elapsedMs":13.528874999999971,"pages":1,"totalChanged":false,"mixedStates":false,"code":"none"}
[http-timing] {"sequence":172,"timelineOrdinal":147,"processOrdinal":1,"method":"GET","routeClass":"timeline","status":200,"headerElapsedMs":12,"bodyElapsedMs":0,"totalElapsedMs":12,"bytes":120023,"phase":"complete","outcome":"ok"}
[timeline-page-observation] {"cycle":147,"processOrdinal":1,"timelineOrdinal":147,"kind":"page","elapsedMs":13.100207999999839,"offset":0,"total":1,"unplacedTotal":5,"states":{"intent":0,"ready":0,"committed":0,"complete":0,"failed":0,"other":1}}
[timeline-page-observation] {"cycle":147,"processOrdinal":1,"timelineOrdinal":147,"kind":"complete","elapsedMs":13.26825000000099,"pages":1,"totalChanged":false,"mixedStates":false,"code":"none"}
[http-timing] {"sequence":173,"timelineOrdinal":148,"processOrdinal":1,"method":"GET","routeClass":"timeline","status":200,"headerElapsedMs":12,"bodyElapsedMs":0,"totalElapsedMs":12,"bytes":120023,"phase":"complete","outcome":"ok"}
[timeline-page-observation] {"cycle":148,"processOrdinal":1,"timelineOrdinal":148,"kind":"page","elapsedMs":13.193291999999929,"offset":0,"total":1,"unplacedTotal":5,"states":{"intent":0,"ready":0,"committed":0,"complete":0,"failed":0,"other":1}}
[timeline-page-observation] {"cycle":148,"processOrdinal":1,"timelineOrdinal":148,"kind":"complete","elapsedMs":13.36433400000169,"pages":1,"totalChanged":false,"mixedStates":false,"code":"none"}
[http-timing] {"sequence":174,"timelineOrdinal":149,"processOrdinal":1,"method":"GET","routeClass":"timeline","status":200,"headerElapsedMs":12,"bodyElapsedMs":0,"totalElapsedMs":12,"bytes":120023,"phase":"complete","outcome":"ok"}
[timeline-page-observation] {"cycle":149,"processOrdinal":1,"timelineOrdinal":149,"kind":"page","elapsedMs":12.677124999998341,"offset":0,"total":1,"unplacedTotal":5,"states":{"intent":0,"ready":0,"committed":0,"complete":0,"failed":0,"other":1}}
[timeline-page-observation] {"cycle":149,"processOrdinal":1,"timelineOrdinal":149,"kind":"complete","elapsedMs":12.835250000000087,"pages":1,"totalChanged":false,"mixedStates":false,"code":"none"}
[http-timing] {"sequence":175,"timelineOrdinal":150,"processOrdinal":1,"method":"GET","routeClass":"timeline","status":200,"headerElapsedMs":12,"bodyElapsedMs":0,"totalElapsedMs":12,"bytes":120023,"phase":"complete","outcome":"ok"}
[timeline-page-observation] {"cycle":150,"processOrdinal":1,"timelineOrdinal":150,"kind":"page","elapsedMs":13.162167000002228,"offset":0,"total":1,"unplacedTotal":5,"states":{"intent":0,"ready":0,"committed":0,"complete":0,"failed":0,"other":1}}
[timeline-page-observation] {"cycle":150,"processOrdinal":1,"timelineOrdinal":150,"kind":"complete","elapsedMs":13.325500000002648,"pages":1,"totalChanged":false,"mixedStates":false,"code":"none"}
[http-timing] {"sequence":176,"timelineOrdinal":151,"processOrdinal":1,"method":"GET","routeClass":"timeline","status":200,"headerElapsedMs":12,"bodyElapsedMs":0,"totalElapsedMs":12,"bytes":120023,"phase":"complete","outcome":"ok"}
[timeline-page-observation] {"cycle":151,"processOrdinal":1,"timelineOrdinal":151,"kind":"page","elapsedMs":12.976291999999376,"offset":0,"total":1,"unplacedTotal":5,"states":{"intent":0,"ready":0,"committed":0,"complete":0,"failed":0,"other":1}}
[timeline-page-observation] {"cycle":151,"processOrdinal":1,"timelineOrdinal":151,"kind":"complete","elapsedMs":13.138500000000931,"pages":1,"totalChanged":false,"mixedStates":false,"code":"none"}
[http-timing] {"sequence":177,"timelineOrdinal":152,"processOrdinal":1,"method":"GET","routeClass":"timeline","status":200,"headerElapsedMs":12,"bodyElapsedMs":0,"totalElapsedMs":12,"bytes":120023,"phase":"complete","outcome":"ok"}
[timeline-page-observation] {"cycle":152,"processOrdinal":1,"timelineOrdinal":152,"kind":"page","elapsedMs":13.513292000003275,"offset":0,"total":1,"unplacedTotal":5,"states":{"intent":0,"ready":0,"committed":0,"complete":0,"failed":0,"other":1}}
[timeline-page-observation] {"cycle":152,"processOrdinal":1,"timelineOrdinal":152,"kind":"complete","elapsedMs":13.70533400000204,"pages":1,"totalChanged":false,"mixedStates":false,"code":"none"}
[http-timing] {"sequence":178,"timelineOrdinal":153,"processOrdinal":1,"method":"GET","routeClass":"timeline","status":200,"headerElapsedMs":12,"bodyElapsedMs":0,"totalElapsedMs":13,"bytes":120023,"phase":"complete","outcome":"ok"}
[timeline-page-observation] {"cycle":153,"processOrdinal":1,"timelineOrdinal":153,"kind":"page","elapsedMs":13.567208000000392,"offset":0,"total":1,"unplacedTotal":5,"states":{"intent":0,"ready":0,"committed":0,"complete":0,"failed":0,"other":1}}
[timeline-page-observation] {"cycle":153,"processOrdinal":1,"timelineOrdinal":153,"kind":"complete","elapsedMs":13.729374999998981,"pages":1,"totalChanged":false,"mixedStates":false,"code":"none"}
[http-timing] {"sequence":179,"timelineOrdinal":154,"processOrdinal":1,"method":"GET","routeClass":"timeline","status":200,"headerElapsedMs":24,"bodyElapsedMs":0,"totalElapsedMs":24,"bytes":236128,"phase":"complete","outcome":"ok"}
[timeline-page-observation] {"cycle":154,"processOrdinal":1,"timelineOrdinal":154,"kind":"page","elapsedMs":24.89154200000121,"offset":0,"total":2,"unplacedTotal":6,"states":{"intent":0,"ready":0,"committed":0,"complete":0,"failed":0,"other":1}}
[timeline-page-observation] {"cycle":154,"processOrdinal":1,"timelineOrdinal":154,"kind":"complete","elapsedMs":25.196875000001455,"pages":1,"totalChanged":false,"mixedStates":false,"code":"none"}
[overlapping-sources] {"temporalOnly":true,"viewBasis":"timeline-known-mappings-unplaced-file-groups","segmentCount":2,"startNs":"7883000000","endNs":"9383000000","unknownCount":0,"rows":[{"idHash":"db4f14a8685792a6e5ba538e9b9e34a1bde7a7b0b3de56e5c7c07a7a21421a8a","startPts":"8300000000","endPts":"8333333333","catalogState":"finalized","playable":true},{"idHash":"536551bc67bf79d1866010277e93d303a02f6c6a493ca12df688e8f3e4701d08","startPts":"8333333333","endPts":"16666666666","catalogState":"finalized","playable":true},{"idHash":"db4f14a8685792a6e5ba538e9b9e34a1bde7a7b0b3de56e5c7c07a7a21421a8a","startPts":"0","endPts":"8333333333","catalogState":"finalized","playable":true}]}
[http-timing] {"sequence":180,"timelineOrdinal":155,"processOrdinal":1,"method":"GET","routeClass":"timeline","status":200,"headerElapsedMs":24,"bodyElapsedMs":0,"totalElapsedMs":24,"bytes":236128,"phase":"complete","outcome":"ok"}
[timeline-page-observation] {"cycle":155,"processOrdinal":1,"timelineOrdinal":155,"kind":"page","elapsedMs":25.571082999998907,"offset":0,"total":2,"unplacedTotal":6,"states":{"intent":0,"ready":0,"committed":0,"complete":0,"failed":0,"other":1}}
[timeline-page-observation] {"cycle":155,"processOrdinal":1,"timelineOrdinal":155,"kind":"complete","elapsedMs":25.861540999998397,"pages":1,"totalChanged":false,"mixedStates":false,"code":"none"}
[http-timing] {"sequence":181,"timelineOrdinal":156,"processOrdinal":1,"method":"GET","routeClass":"timeline","status":200,"headerElapsedMs":24,"bodyElapsedMs":0,"totalElapsedMs":24,"bytes":236128,"phase":"complete","outcome":"ok"}
[timeline-page-observation] {"cycle":156,"processOrdinal":1,"timelineOrdinal":156,"kind":"page","elapsedMs":25.43424999999843,"offset":0,"total":2,"unplacedTotal":6,"states":{"intent":0,"ready":0,"committed":0,"complete":0,"failed":0,"other":1}}
[timeline-page-observation] {"cycle":156,"processOrdinal":1,"timelineOrdinal":156,"kind":"complete","elapsedMs":25.73279199999888,"pages":1,"totalChanged":false,"mixedStates":false,"code":"none"}
[http-timing] {"sequence":182,"timelineOrdinal":157,"processOrdinal":1,"method":"GET","routeClass":"timeline","status":200,"headerElapsedMs":24,"bodyElapsedMs":0,"totalElapsedMs":24,"bytes":236128,"phase":"complete","outcome":"ok"}
[timeline-page-observation] {"cycle":157,"processOrdinal":1,"timelineOrdinal":157,"kind":"page","elapsedMs":25.31958300000042,"offset":0,"total":2,"unplacedTotal":6,"states":{"intent":0,"ready":0,"committed":0,"complete":0,"failed":0,"other":1}}
[timeline-page-observation] {"cycle":157,"processOrdinal":1,"timelineOrdinal":157,"kind":"complete","elapsedMs":25.617792000000918,"pages":1,"totalChanged":false,"mixedStates":false,"code":"none"}
[http-timing] {"sequence":183,"timelineOrdinal":158,"processOrdinal":1,"method":"GET","routeClass":"timeline","status":200,"headerElapsedMs":24,"bodyElapsedMs":0,"totalElapsedMs":25,"bytes":236128,"phase":"complete","outcome":"ok"}
[timeline-page-observation] {"cycle":158,"processOrdinal":1,"timelineOrdinal":158,"kind":"page","elapsedMs":25.803957999996783,"offset":0,"total":2,"unplacedTotal":6,"states":{"intent":0,"ready":0,"committed":0,"complete":0,"failed":0,"other":1}}
[timeline-page-observation] {"cycle":158,"processOrdinal":1,"timelineOrdinal":158,"kind":"complete","elapsedMs":26.120208000000275,"pages":1,"totalChanged":false,"mixedStates":false,"code":"none"}
[http-timing] {"sequence":184,"timelineOrdinal":159,"processOrdinal":1,"method":"GET","routeClass":"timeline","status":200,"headerElapsedMs":24,"bodyElapsedMs":0,"totalElapsedMs":24,"bytes":236128,"phase":"complete","outcome":"ok"}
[timeline-page-observation] {"cycle":159,"processOrdinal":1,"timelineOrdinal":159,"kind":"page","elapsedMs":25.217000000000553,"offset":0,"total":2,"unplacedTotal":6,"states":{"intent":0,"ready":0,"committed":0,"complete":0,"failed":0,"other":1}}
[timeline-page-observation] {"cycle":159,"processOrdinal":1,"timelineOrdinal":159,"kind":"complete","elapsedMs":25.783166999997775,"pages":1,"totalChanged":false,"mixedStates":false,"code":"none"}
[http-timing] {"sequence":185,"timelineOrdinal":160,"processOrdinal":1,"method":"GET","routeClass":"timeline","status":200,"headerElapsedMs":307,"bodyElapsedMs":0,"totalElapsedMs":307,"bytes":236169,"phase":"complete","outcome":"ok"}
[timeline-page-observation] {"cycle":160,"processOrdinal":1,"timelineOrdinal":160,"kind":"page","elapsedMs":308.0221670000028,"offset":0,"total":2,"unplacedTotal":6,"states":{"intent":1,"ready":0,"committed":0,"complete":0,"failed":0,"other":0}}
[timeline-page-observation] {"cycle":160,"processOrdinal":1,"timelineOrdinal":160,"kind":"complete","elapsedMs":308.330667000002,"pages":1,"totalChanged":false,"mixedStates":false,"code":"none"}
[timeline-state] {"reason":"event-not-complete","rowCount":1,"jobCount":1,"outputCount":0,"referenceMatches":true,"truncated":false,"rows":[{"jobState":"intent","completeness":"unknown","catalogState":"absent","playable":false,"request":{"timeBasis":"media-pts-ms","startTimeMs":"8633","endTimeMs":"8633","preMs":"750","postMs":"750"}}]}
[http-timing] {"sequence":186,"timelineOrdinal":161,"processOrdinal":1,"method":"GET","routeClass":"timeline","status":200,"headerElapsedMs":245,"bodyElapsedMs":0,"totalElapsedMs":245,"bytes":236169,"phase":"complete","outcome":"ok"}
[timeline-page-observation] {"cycle":161,"processOrdinal":1,"timelineOrdinal":161,"kind":"page","elapsedMs":246.29129199999807,"offset":0,"total":2,"unplacedTotal":6,"states":{"intent":1,"ready":0,"committed":0,"complete":0,"failed":0,"other":0}}
[timeline-page-observation] {"cycle":161,"processOrdinal":1,"timelineOrdinal":161,"kind":"complete","elapsedMs":246.6219999999994,"pages":1,"totalChanged":false,"mixedStates":false,"code":"none"}
[http-timing] {"sequence":187,"timelineOrdinal":162,"processOrdinal":1,"method":"GET","routeClass":"timeline","status":200,"headerElapsedMs":28,"bodyElapsedMs":0,"totalElapsedMs":28,"bytes":236169,"phase":"complete","outcome":"ok"}
[timeline-page-observation] {"cycle":162,"processOrdinal":1,"timelineOrdinal":162,"kind":"page","elapsedMs":29.037584000001516,"offset":0,"total":2,"unplacedTotal":6,"states":{"intent":1,"ready":0,"committed":0,"complete":0,"failed":0,"other":0}}
[timeline-page-observation] {"cycle":162,"processOrdinal":1,"timelineOrdinal":162,"kind":"complete","elapsedMs":29.345417000000452,"pages":1,"totalChanged":false,"mixedStates":false,"code":"none"}
[http-timing] {"sequence":188,"timelineOrdinal":163,"processOrdinal":1,"method":"GET","routeClass":"timeline","status":200,"headerElapsedMs":57,"bodyElapsedMs":0,"totalElapsedMs":57,"bytes":236169,"phase":"complete","outcome":"ok"}
[timeline-page-observation] {"cycle":163,"processOrdinal":1,"timelineOrdinal":163,"kind":"page","elapsedMs":58.867167000000336,"offset":0,"total":2,"unplacedTotal":6,"states":{"intent":1,"ready":0,"committed":0,"complete":0,"failed":0,"other":0}}
[timeline-page-observation] {"cycle":163,"processOrdinal":1,"timelineOrdinal":163,"kind":"complete","elapsedMs":59.16308299999946,"pages":1,"totalChanged":false,"mixedStates":false,"code":"none"}
[http-timing] {"sequence":189,"timelineOrdinal":164,"processOrdinal":1,"method":"GET","routeClass":"timeline","status":200,"headerElapsedMs":24,"bodyElapsedMs":0,"totalElapsedMs":24,"bytes":236169,"phase":"complete","outcome":"ok"}
[timeline-page-observation] {"cycle":164,"processOrdinal":1,"timelineOrdinal":164,"kind":"page","elapsedMs":25.68487500000265,"offset":0,"total":2,"unplacedTotal":6,"states":{"intent":1,"ready":0,"committed":0,"complete":0,"failed":0,"other":0}}
[timeline-page-observation] {"cycle":164,"processOrdinal":1,"timelineOrdinal":164,"kind":"complete","elapsedMs":26.00287500000195,"pages":1,"totalChanged":false,"mixedStates":false,"code":"none"}
[http-timing] {"sequence":190,"timelineOrdinal":165,"processOrdinal":1,"method":"GET","routeClass":"timeline","status":200,"headerElapsedMs":53,"bodyElapsedMs":0,"totalElapsedMs":53,"bytes":236169,"phase":"complete","outcome":"ok"}
[timeline-page-observation] {"cycle":165,"processOrdinal":1,"timelineOrdinal":165,"kind":"page","elapsedMs":53.88037500000064,"offset":0,"total":2,"unplacedTotal":6,"states":{"intent":1,"ready":0,"committed":0,"complete":0,"failed":0,"other":0}}
[timeline-page-observation] {"cycle":165,"processOrdinal":1,"timelineOrdinal":165,"kind":"complete","elapsedMs":54.18195800000103,"pages":1,"totalChanged":false,"mixedStates":false,"code":"none"}
[http-timing] {"sequence":191,"timelineOrdinal":166,"processOrdinal":1,"method":"GET","routeClass":"timeline","status":200,"headerElapsedMs":24,"bodyElapsedMs":0,"totalElapsedMs":24,"bytes":236169,"phase":"complete","outcome":"ok"}
[timeline-page-observation] {"cycle":166,"processOrdinal":1,"timelineOrdinal":166,"kind":"page","elapsedMs":25.546833000000333,"offset":0,"total":2,"unplacedTotal":6,"states":{"intent":1,"ready":0,"committed":0,"complete":0,"failed":0,"other":0}}
[timeline-page-observation] {"cycle":166,"processOrdinal":1,"timelineOrdinal":166,"kind":"complete","elapsedMs":25.849417000001267,"pages":1,"totalChanged":false,"mixedStates":false,"code":"none"}
[http-timing] {"sequence":192,"timelineOrdinal":167,"processOrdinal":1,"method":"GET","routeClass":"timeline","status":200,"headerElapsedMs":24,"bodyElapsedMs":0,"totalElapsedMs":25,"bytes":236169,"phase":"complete","outcome":"ok"}
[timeline-page-observation] {"cycle":167,"processOrdinal":1,"timelineOrdinal":167,"kind":"page","elapsedMs":25.636332999998558,"offset":0,"total":2,"unplacedTotal":6,"states":{"intent":1,"ready":0,"committed":0,"complete":0,"failed":0,"other":0}}
[timeline-page-observation] {"cycle":167,"processOrdinal":1,"timelineOrdinal":167,"kind":"complete","elapsedMs":25.930958000000828,"pages":1,"totalChanged":false,"mixedStates":false,"code":"none"}
[http-timing] {"sequence":193,"timelineOrdinal":168,"processOrdinal":1,"method":"GET","routeClass":"timeline","status":200,"headerElapsedMs":25,"bodyElapsedMs":0,"totalElapsedMs":25,"bytes":236169,"phase":"complete","outcome":"ok"}
[timeline-page-observation] {"cycle":168,"processOrdinal":1,"timelineOrdinal":168,"kind":"page","elapsedMs":26.626500000002125,"offset":0,"total":2,"unplacedTotal":6,"states":{"intent":1,"ready":0,"committed":0,"complete":0,"failed":0,"other":0}}
[timeline-page-observation] {"cycle":168,"processOrdinal":1,"timelineOrdinal":168,"kind":"complete","elapsedMs":26.917625000001863,"pages":1,"totalChanged":false,"mixedStates":false,"code":"none"}
[http-timing] {"sequence":194,"timelineOrdinal":169,"processOrdinal":1,"method":"GET","routeClass":"timeline","status":200,"headerElapsedMs":24,"bodyElapsedMs":0,"totalElapsedMs":25,"bytes":236169,"phase":"complete","outcome":"ok"}
[timeline-page-observation] {"cycle":169,"processOrdinal":1,"timelineOrdinal":169,"kind":"page","elapsedMs":25.655500000000757,"offset":0,"total":2,"unplacedTotal":6,"states":{"intent":1,"ready":0,"committed":0,"complete":0,"failed":0,"other":0}}
[timeline-page-observation] {"cycle":169,"processOrdinal":1,"timelineOrdinal":169,"kind":"complete","elapsedMs":25.95404200000121,"pages":1,"totalChanged":false,"mixedStates":false,"code":"none"}
[http-timing] {"sequence":195,"timelineOrdinal":170,"processOrdinal":1,"method":"GET","routeClass":"timeline","status":200,"headerElapsedMs":24,"bodyElapsedMs":0,"totalElapsedMs":24,"bytes":236169,"phase":"complete","outcome":"ok"}
[timeline-page-observation] {"cycle":170,"processOrdinal":1,"timelineOrdinal":170,"kind":"page","elapsedMs":25.147249999998166,"offset":0,"total":2,"unplacedTotal":6,"states":{"intent":1,"ready":0,"committed":0,"complete":0,"failed":0,"other":0}}
[timeline-page-observation] {"cycle":170,"processOrdinal":1,"timelineOrdinal":170,"kind":"complete","elapsedMs":25.503207999998267,"pages":1,"totalChanged":false,"mixedStates":false,"code":"none"}
[http-timing] {"sequence":196,"timelineOrdinal":171,"processOrdinal":1,"method":"GET","routeClass":"timeline","status":200,"headerElapsedMs":24,"bodyElapsedMs":0,"totalElapsedMs":24,"bytes":236169,"phase":"complete","outcome":"ok"}
[timeline-page-observation] {"cycle":171,"processOrdinal":1,"timelineOrdinal":171,"kind":"page","elapsedMs":25.395124999999098,"offset":0,"total":2,"unplacedTotal":6,"states":{"intent":1,"ready":0,"committed":0,"complete":0,"failed":0,"other":0}}
[timeline-page-observation] {"cycle":171,"processOrdinal":1,"timelineOrdinal":171,"kind":"complete","elapsedMs":25.68804100000125,"pages":1,"totalChanged":false,"mixedStates":false,"code":"none"}
[http-timing] {"sequence":197,"timelineOrdinal":172,"processOrdinal":1,"method":"GET","routeClass":"timeline","status":200,"headerElapsedMs":24,"bodyElapsedMs":0,"totalElapsedMs":24,"bytes":236169,"phase":"complete","outcome":"ok"}
[timeline-page-observation] {"cycle":172,"processOrdinal":1,"timelineOrdinal":172,"kind":"page","elapsedMs":25.004375000000437,"offset":0,"total":2,"unplacedTotal":6,"states":{"intent":1,"ready":0,"committed":0,"complete":0,"failed":0,"other":0}}
[timeline-page-observation] {"cycle":172,"processOrdinal":1,"timelineOrdinal":172,"kind":"complete","elapsedMs":25.299582999999984,"pages":1,"totalChanged":false,"mixedStates":false,"code":"none"}
[http-timing] {"sequence":198,"timelineOrdinal":173,"processOrdinal":1,"method":"GET","routeClass":"timeline","status":200,"headerElapsedMs":25,"bodyElapsedMs":0,"totalElapsedMs":26,"bytes":236169,"phase":"complete","outcome":"ok"}
[timeline-page-observation] {"cycle":173,"processOrdinal":1,"timelineOrdinal":173,"kind":"page","elapsedMs":26.680374999999913,"offset":0,"total":2,"unplacedTotal":6,"states":{"intent":1,"ready":0,"committed":0,"complete":0,"failed":0,"other":0}}
[timeline-page-observation] {"cycle":173,"processOrdinal":1,"timelineOrdinal":173,"kind":"complete","elapsedMs":26.976333999999042,"pages":1,"totalChanged":false,"mixedStates":false,"code":"none"}
[http-timing] {"sequence":199,"timelineOrdinal":174,"processOrdinal":1,"method":"GET","routeClass":"timeline","status":200,"headerElapsedMs":24,"bodyElapsedMs":0,"totalElapsedMs":24,"bytes":236169,"phase":"complete","outcome":"ok"}
[timeline-page-observation] {"cycle":174,"processOrdinal":1,"timelineOrdinal":174,"kind":"page","elapsedMs":25.404749999997875,"offset":0,"total":2,"unplacedTotal":6,"states":{"intent":1,"ready":0,"committed":0,"complete":0,"failed":0,"other":0}}
[timeline-page-observation] {"cycle":174,"processOrdinal":1,"timelineOrdinal":174,"kind":"complete","elapsedMs":25.70866599999863,"pages":1,"totalChanged":false,"mixedStates":false,"code":"none"}
[http-timing] {"sequence":200,"timelineOrdinal":175,"processOrdinal":1,"method":"GET","routeClass":"timeline","status":200,"headerElapsedMs":24,"bodyElapsedMs":0,"totalElapsedMs":24,"bytes":236169,"phase":"complete","outcome":"ok"}
[timeline-page-observation] {"cycle":175,"processOrdinal":1,"timelineOrdinal":175,"kind":"page","elapsedMs":25.3739170000008,"offset":0,"total":2,"unplacedTotal":6,"states":{"intent":1,"ready":0,"committed":0,"complete":0,"failed":0,"other":0}}
[timeline-page-observation] {"cycle":175,"processOrdinal":1,"timelineOrdinal":175,"kind":"complete","elapsedMs":25.666833999999653,"pages":1,"totalChanged":false,"mixedStates":false,"code":"none"}
[http-timing] {"sequence":201,"timelineOrdinal":176,"processOrdinal":1,"method":"GET","routeClass":"timeline","status":200,"headerElapsedMs":24,"bodyElapsedMs":0,"totalElapsedMs":25,"bytes":236169,"phase":"complete","outcome":"ok"}
[timeline-page-observation] {"cycle":176,"processOrdinal":1,"timelineOrdinal":176,"kind":"page","elapsedMs":26.022334000001138,"offset":0,"total":2,"unplacedTotal":6,"states":{"intent":1,"ready":0,"committed":0,"complete":0,"failed":0,"other":0}}
[timeline-page-observation] {"cycle":176,"processOrdinal":1,"timelineOrdinal":176,"kind":"complete","elapsedMs":26.333542000000307,"pages":1,"totalChanged":false,"mixedStates":false,"code":"none"}
[http-timing] {"sequence":202,"timelineOrdinal":177,"processOrdinal":1,"method":"GET","routeClass":"timeline","status":200,"headerElapsedMs":24,"bodyElapsedMs":0,"totalElapsedMs":24,"bytes":236169,"phase":"complete","outcome":"ok"}
[timeline-page-observation] {"cycle":177,"processOrdinal":1,"timelineOrdinal":177,"kind":"page","elapsedMs":25.57604100000026,"offset":0,"total":2,"unplacedTotal":6,"states":{"intent":1,"ready":0,"committed":0,"complete":0,"failed":0,"other":0}}
[timeline-page-observation] {"cycle":177,"processOrdinal":1,"timelineOrdinal":177,"kind":"complete","elapsedMs":25.873124999998254,"pages":1,"totalChanged":false,"mixedStates":false,"code":"none"}
[http-timing] {"sequence":203,"timelineOrdinal":178,"processOrdinal":1,"method":"GET","routeClass":"timeline","status":200,"headerElapsedMs":24,"bodyElapsedMs":0,"totalElapsedMs":24,"bytes":236169,"phase":"complete","outcome":"ok"}
[timeline-page-observation] {"cycle":178,"processOrdinal":1,"timelineOrdinal":178,"kind":"page","elapsedMs":25.73479199999929,"offset":0,"total":2,"unplacedTotal":6,"states":{"intent":1,"ready":0,"committed":0,"complete":0,"failed":0,"other":0}}
[timeline-page-observation] {"cycle":178,"processOrdinal":1,"timelineOrdinal":178,"kind":"complete","elapsedMs":26.11579200000051,"pages":1,"totalChanged":false,"mixedStates":false,"code":"none"}
[http-timing] {"sequence":204,"timelineOrdinal":179,"processOrdinal":1,"method":"GET","routeClass":"timeline","status":200,"headerElapsedMs":24,"bodyElapsedMs":0,"totalElapsedMs":25,"bytes":236169,"phase":"complete","outcome":"ok"}
[timeline-page-observation] {"cycle":179,"processOrdinal":1,"timelineOrdinal":179,"kind":"page","elapsedMs":25.741665999998077,"offset":0,"total":2,"unplacedTotal":6,"states":{"intent":1,"ready":0,"committed":0,"complete":0,"failed":0,"other":0}}
[timeline-page-observation] {"cycle":179,"processOrdinal":1,"timelineOrdinal":179,"kind":"complete","elapsedMs":26.03770799999984,"pages":1,"totalChanged":false,"mixedStates":false,"code":"none"}
[http-timing] {"sequence":205,"timelineOrdinal":180,"processOrdinal":1,"method":"GET","routeClass":"timeline","status":200,"headerElapsedMs":24,"bodyElapsedMs":0,"totalElapsedMs":24,"bytes":236169,"phase":"complete","outcome":"ok"}
[timeline-page-observation] {"cycle":180,"processOrdinal":1,"timelineOrdinal":180,"kind":"page","elapsedMs":25.67237500000192,"offset":0,"total":2,"unplacedTotal":6,"states":{"intent":1,"ready":0,"committed":0,"complete":0,"failed":0,"other":0}}
[timeline-page-observation] {"cycle":180,"processOrdinal":1,"timelineOrdinal":180,"kind":"complete","elapsedMs":26.045125000000553,"pages":1,"totalChanged":false,"mixedStates":false,"code":"none"}
[http-timing] {"sequence":206,"timelineOrdinal":181,"processOrdinal":1,"method":"GET","routeClass":"timeline","status":200,"headerElapsedMs":24,"bodyElapsedMs":0,"totalElapsedMs":24,"bytes":236169,"phase":"complete","outcome":"ok"}
[timeline-page-observation] {"cycle":181,"processOrdinal":1,"timelineOrdinal":181,"kind":"page","elapsedMs":25.62958300000173,"offset":0,"total":2,"unplacedTotal":6,"states":{"intent":1,"ready":0,"committed":0,"complete":0,"failed":0,"other":0}}
[timeline-page-observation] {"cycle":181,"processOrdinal":1,"timelineOrdinal":181,"kind":"complete","elapsedMs":25.93091600000116,"pages":1,"totalChanged":false,"mixedStates":false,"code":"none"}
[http-timing] {"sequence":207,"timelineOrdinal":182,"processOrdinal":1,"method":"GET","routeClass":"timeline","status":200,"headerElapsedMs":25,"bodyElapsedMs":0,"totalElapsedMs":25,"bytes":236169,"phase":"complete","outcome":"ok"}
[timeline-page-observation] {"cycle":182,"processOrdinal":1,"timelineOrdinal":182,"kind":"page","elapsedMs":26.560084000000643,"offset":0,"total":2,"unplacedTotal":6,"states":{"intent":1,"ready":0,"committed":0,"complete":0,"failed":0,"other":0}}
[timeline-page-observation] {"cycle":182,"processOrdinal":1,"timelineOrdinal":182,"kind":"complete","elapsedMs":26.85491700000057,"pages":1,"totalChanged":false,"mixedStates":false,"code":"none"}
[http-timing] {"sequence":208,"timelineOrdinal":183,"processOrdinal":1,"method":"GET","routeClass":"timeline","status":200,"headerElapsedMs":24,"bodyElapsedMs":0,"totalElapsedMs":25,"bytes":236169,"phase":"complete","outcome":"ok"}
[timeline-page-observation] {"cycle":183,"processOrdinal":1,"timelineOrdinal":183,"kind":"page","elapsedMs":25.880166999999346,"offset":0,"total":2,"unplacedTotal":6,"states":{"intent":1,"ready":0,"committed":0,"complete":0,"failed":0,"other":0}}
[timeline-page-observation] {"cycle":183,"processOrdinal":1,"timelineOrdinal":183,"kind":"complete","elapsedMs":26.18316699999923,"pages":1,"totalChanged":false,"mixedStates":false,"code":"none"}
[http-timing] {"sequence":209,"timelineOrdinal":184,"processOrdinal":1,"method":"GET","routeClass":"timeline","status":200,"headerElapsedMs":24,"bodyElapsedMs":0,"totalElapsedMs":24,"bytes":236169,"phase":"complete","outcome":"ok"}
[timeline-page-observation] {"cycle":184,"processOrdinal":1,"timelineOrdinal":184,"kind":"page","elapsedMs":25.536917000001267,"offset":0,"total":2,"unplacedTotal":6,"states":{"intent":1,"ready":0,"committed":0,"complete":0,"failed":0,"other":0}}
[timeline-page-observation] {"cycle":184,"processOrdinal":1,"timelineOrdinal":184,"kind":"complete","elapsedMs":25.839167000001908,"pages":1,"totalChanged":false,"mixedStates":false,"code":"none"}
[http-timing] {"sequence":210,"timelineOrdinal":185,"processOrdinal":1,"method":"GET","routeClass":"timeline","status":200,"headerElapsedMs":25,"bodyElapsedMs":0,"totalElapsedMs":25,"bytes":236169,"phase":"complete","outcome":"ok"}
[timeline-page-observation] {"cycle":185,"processOrdinal":1,"timelineOrdinal":185,"kind":"page","elapsedMs":26.238000000001193,"offset":0,"total":2,"unplacedTotal":6,"states":{"intent":1,"ready":0,"committed":0,"complete":0,"failed":0,"other":0}}
[timeline-page-observation] {"cycle":185,"processOrdinal":1,"timelineOrdinal":185,"kind":"complete","elapsedMs":26.53583400000207,"pages":1,"totalChanged":false,"mixedStates":false,"code":"none"}
[http-timing] {"sequence":211,"timelineOrdinal":186,"processOrdinal":1,"method":"GET","routeClass":"timeline","status":200,"headerElapsedMs":24,"bodyElapsedMs":0,"totalElapsedMs":24,"bytes":236169,"phase":"complete","outcome":"ok"}
[timeline-page-observation] {"cycle":186,"processOrdinal":1,"timelineOrdinal":186,"kind":"page","elapsedMs":25.532875000000786,"offset":0,"total":2,"unplacedTotal":6,"states":{"intent":1,"ready":0,"committed":0,"complete":0,"failed":0,"other":0}}
[timeline-page-observation] {"cycle":186,"processOrdinal":1,"timelineOrdinal":186,"kind":"complete","elapsedMs":25.844875000002503,"pages":1,"totalChanged":false,"mixedStates":false,"code":"none"}
[http-timing] {"sequence":212,"timelineOrdinal":187,"processOrdinal":1,"method":"GET","routeClass":"timeline","status":200,"headerElapsedMs":911,"bodyElapsedMs":0,"totalElapsedMs":911,"bytes":485344,"phase":"complete","outcome":"ok"}
[timeline-page-observation] {"cycle":187,"processOrdinal":1,"timelineOrdinal":187,"kind":"page","elapsedMs":912.7224999999999,"offset":0,"total":4,"unplacedTotal":7,"states":{"intent":0,"ready":4,"committed":0,"complete":0,"failed":0,"other":0}}
[timeline-page-observation] {"cycle":187,"processOrdinal":1,"timelineOrdinal":187,"kind":"complete","elapsedMs":913.328375000001,"pages":1,"totalChanged":false,"mixedStates":false,"code":"none"}
[timeline-state] {"reason":"event-not-complete","rowCount":4,"jobCount":1,"outputCount":2,"referenceMatches":true,"truncated":false,"rows":[{"jobState":"ready","completeness":"complete","catalogState":"unknown","playable":false,"request":{"timeBasis":"media-pts-ms","startTimeMs":"8633","endTimeMs":"8633","preMs":"750","postMs":"750"}},{"jobState":"ready","completeness":"complete","catalogState":"unknown","playable":false,"request":{"timeBasis":"media-pts-ms","startTimeMs":"8633","endTimeMs":"8633","preMs":"750","postMs":"750"}},{"jobState":"ready","completeness":"complete","catalogState":"unknown","playable":false,"request":{"timeBasis":"media-pts-ms","startTimeMs":"8633","endTimeMs":"8633","preMs":"750","postMs":"750"}},{"jobState":"ready","completeness":"complete","catalogState":"unknown","playable":false,"request":{"timeBasis":"media-pts-ms","startTimeMs":"8633","endTimeMs":"8633","preMs":"750","postMs":"750"}}]}
[http-timing] {"sequence":213,"timelineOrdinal":188,"processOrdinal":1,"method":"GET","routeClass":"timeline","status":200,"headerElapsedMs":871,"bodyElapsedMs":0,"totalElapsedMs":872,"bytes":486003,"phase":"complete","outcome":"ok"}
[timeline-page-observation] {"cycle":188,"processOrdinal":1,"timelineOrdinal":188,"kind":"page","elapsedMs":873.9386659999982,"offset":0,"total":4,"unplacedTotal":7,"states":{"intent":0,"ready":0,"committed":0,"complete":4,"failed":0,"other":0}}
[timeline-page-observation] {"cycle":188,"processOrdinal":1,"timelineOrdinal":188,"kind":"complete","elapsedMs":874.9693750000006,"pages":1,"totalChanged":false,"mixedStates":false,"code":"none"}
[timeline-state] {"reason":"ok","rowCount":4,"jobCount":1,"outputCount":2,"referenceMatches":true,"truncated":false,"rows":[{"jobState":"complete","completeness":"complete","catalogState":"finalized","playable":true,"request":{"timeBasis":"media-pts-ms","startTimeMs":"8633","endTimeMs":"8633","preMs":"750","postMs":"750"}},{"jobState":"complete","completeness":"complete","catalogState":"finalized","playable":true,"request":{"timeBasis":"media-pts-ms","startTimeMs":"8633","endTimeMs":"8633","preMs":"750","postMs":"750"}},{"jobState":"complete","completeness":"complete","catalogState":"finalized","playable":true,"request":{"timeBasis":"media-pts-ms","startTimeMs":"8633","endTimeMs":"8633","preMs":"750","postMs":"750"}},{"jobState":"complete","completeness":"complete","catalogState":"finalized","playable":true,"request":{"timeBasis":"media-pts-ms","startTimeMs":"8633","endTimeMs":"8633","preMs":"750","postMs":"750"}}]}
[transition-observation] {"kind":"end","referenceSha256":"32ba4e167976329c0d0704e438fab0e1bb94f10bab409955ace5dcab8d7590df","processOrdinal":1,"clientAtMs":26460.063667,"elapsedMs":14860.938791999999,"deadlineMs":30000,"returnedAfterBudget":false,"outcome":"complete","firstTimelineOrdinal":84,"lastTimelineOrdinal":188,"scope":"full-page-two-outputs"}
[terminal-observation] {"processOrdinal":1,"referenceSha256":"32ba4e167976329c0d0704e438fab0e1bb94f10bab409955ace5dcab8d7590df","unplacedUnit":"file","terminalObserved":true,"firstObservedMs":26455.68975,"firstPageOffset":0,"firstTimelineOrdinal":188,"mixedStates":true,"observedOutputCount":2,"fullOutputPass":false,"invalid":false,"fullPageStatus":"complete","changedCycles":0,"waitOutcome":"complete"}
[pass] S11-CI07 run1 literal two output files all pages
[http-timing] {"sequence":214,"timelineOrdinal":null,"processOrdinal":1,"method":"GET","routeClass":"media","status":200,"headerElapsedMs":493,"bodyElapsedMs":2,"totalElapsedMs":494,"bytes":4101080,"phase":"complete","outcome":"ok"}
[pass] S11-CI07 run1 output1 HTTP200
[http-timing] {"sequence":215,"timelineOrdinal":null,"processOrdinal":1,"method":"GET","routeClass":"media","status":200,"headerElapsedMs":496,"bodyElapsedMs":2,"totalElapsedMs":498,"bytes":4817392,"phase":"complete","outcome":"ok"}
[pass] S11-CI07 run1 output2 HTTP200
[http-timing] {"sequence":216,"timelineOrdinal":null,"processOrdinal":1,"method":"DELETE","routeClass":"tap","status":200,"headerElapsedMs":29,"bodyElapsedMs":0,"totalElapsedMs":29,"bytes":26,"phase":"complete","outcome":"ok"}
[process-stop] {"processOrdinal":1,"schema":"recording-process-cleanup-v1","attemptCount":1,"pid":68048,"exitCode":0,"signalCode":null,"exitedObserved":true,"stopCode":"complete","forcedTermination":"not-used","normalExitPass":true,"normalShutdownPass":true,"archiveSafe":true,"ports":[{"kind":"http","port":50723,"status":"pass","code":"closed","closed":true},{"kind":"rtsp","port":50724,"status":"pass","code":"closed","closed":true}]}
[writer-evidence-status] {"basis":"run-wide-stderr","sourceBindingEquivalent":false,"total":0,"truncated":false,"counts":[]}
[process-evidence] {"processOrdinal":1,"evidenceFile":"process-1859b774-5040-4469-9566-ee4b0c5bad4f.json"}
[pass] S11-CI08 product-1 exit0 ports returned
[pass] S11-CI11 copy1 bytes/hash exact before Open
[pass] S11-CI11 copy1 same-axis request two sources typed proof
[pass] S11-CI11 original1 unchanged by copy recovery
[pass] S11-CI07 output owned regular hash dj-3ee017499bfc5eb469065ce689d9d36d82cca8af9b7490a366b9ccb04812d900-o0
[pass] S11-CI07 output owned regular hash dj-3ee017499bfc5eb469065ce689d9d36d82cca8af9b7490a366b9ccb04812d900-o1
[archive-proof] {"referenceId":"event-reference-8f559042a04756732b54004653725b03f055561b7454cab3d83a89da9985c268","eventId":"evt_1790169913423_66","jobId":"dj-3ee017499bfc5eb469065ce689d9d36d82cca8af9b7490a366b9ccb04812d900","timeBasis":"media-pts-ms","expandedStartNs":"7883000000","expandedEndNs":"9383000000","epoch":"7f4ba030-866f-4e73-9dba-4b0aa5c1addd","generation":"0b0d174b-4070-45ba-8aae-f35240db9651","generationOrder":"1","track":"60730045259dd219febf35adfd1e58cb2ef222dd363603e583880d95481acb85/001","sources":[{"id":"e0affe44-0d99-40c1-82a7-0d89751d9ce6","startPts":"0","endPts":"8333333333","order":"1"},{"id":"5053f196-832d-48e7-b186-90223b4b6de3","startPts":"8333333333","endPts":"16666666666","order":"2"}],"outputs":[{"id":"dj-3ee017499bfc5eb469065ce689d9d36d82cca8af9b7490a366b9ccb04812d900-o0","hash":"730d8ca178cafec3d75ede13f646b2a807af4d4c42e490e785267b430bd1284a","bytes":"4101080"},{"id":"dj-3ee017499bfc5eb469065ce689d9d36d82cca8af9b7490a366b9ccb04812d900-o1","hash":"c9b327d028ec8bf14887de34f260dbfd2f45c7504719471f8a5c832972309df2","bytes":"4817392"}],"copyCatalogOpened":true}
[process-start] {"processOrdinal":2,"pid":68120,"ports":[{"kind":"http","port":50956},{"kind":"rtsp","port":50957}]}
[http-timing] {"sequence":217,"timelineOrdinal":null,"processOrdinal":2,"method":"GET","routeClass":"health","status":null,"headerElapsedMs":null,"bodyElapsedMs":null,"totalElapsedMs":0,"bytes":0,"phase":"header","outcome":"error"}
[http-timing] {"sequence":218,"timelineOrdinal":null,"processOrdinal":2,"method":"GET","routeClass":"health","status":null,"headerElapsedMs":null,"bodyElapsedMs":null,"totalElapsedMs":0,"bytes":0,"phase":"header","outcome":"error"}
[http-timing] {"sequence":219,"timelineOrdinal":null,"processOrdinal":2,"method":"GET","routeClass":"health","status":null,"headerElapsedMs":null,"bodyElapsedMs":null,"totalElapsedMs":0,"bytes":0,"phase":"header","outcome":"error"}
[http-timing] {"sequence":220,"timelineOrdinal":null,"processOrdinal":2,"method":"GET","routeClass":"health","status":null,"headerElapsedMs":null,"bodyElapsedMs":null,"totalElapsedMs":0,"bytes":0,"phase":"header","outcome":"error"}
[http-timing] {"sequence":221,"timelineOrdinal":null,"processOrdinal":2,"method":"GET","routeClass":"health","status":null,"headerElapsedMs":null,"bodyElapsedMs":null,"totalElapsedMs":0,"bytes":0,"phase":"header","outcome":"error"}
[http-timing] {"sequence":222,"timelineOrdinal":null,"processOrdinal":2,"method":"GET","routeClass":"health","status":null,"headerElapsedMs":null,"bodyElapsedMs":null,"totalElapsedMs":0,"bytes":0,"phase":"header","outcome":"error"}
[http-timing] {"sequence":223,"timelineOrdinal":null,"processOrdinal":2,"method":"GET","routeClass":"health","status":null,"headerElapsedMs":null,"bodyElapsedMs":null,"totalElapsedMs":0,"bytes":0,"phase":"header","outcome":"error"}
[http-timing] {"sequence":224,"timelineOrdinal":null,"processOrdinal":2,"method":"GET","routeClass":"health","status":null,"headerElapsedMs":null,"bodyElapsedMs":null,"totalElapsedMs":0,"bytes":0,"phase":"header","outcome":"error"}
[http-timing] {"sequence":225,"timelineOrdinal":null,"processOrdinal":2,"method":"GET","routeClass":"health","status":null,"headerElapsedMs":null,"bodyElapsedMs":null,"totalElapsedMs":0,"bytes":0,"phase":"header","outcome":"error"}
[http-timing] {"sequence":226,"timelineOrdinal":null,"processOrdinal":2,"method":"GET","routeClass":"health","status":null,"headerElapsedMs":null,"bodyElapsedMs":null,"totalElapsedMs":0,"bytes":0,"phase":"header","outcome":"error"}
[http-timing] {"sequence":227,"timelineOrdinal":null,"processOrdinal":2,"method":"GET","routeClass":"health","status":null,"headerElapsedMs":null,"bodyElapsedMs":null,"totalElapsedMs":0,"bytes":0,"phase":"header","outcome":"error"}
[http-timing] {"sequence":228,"timelineOrdinal":null,"processOrdinal":2,"method":"GET","routeClass":"health","status":null,"headerElapsedMs":null,"bodyElapsedMs":null,"totalElapsedMs":0,"bytes":0,"phase":"header","outcome":"error"}
[http-timing] {"sequence":229,"timelineOrdinal":null,"processOrdinal":2,"method":"GET","routeClass":"health","status":null,"headerElapsedMs":null,"bodyElapsedMs":null,"totalElapsedMs":0,"bytes":0,"phase":"header","outcome":"error"}
[http-timing] {"sequence":230,"timelineOrdinal":null,"processOrdinal":2,"method":"GET","routeClass":"health","status":null,"headerElapsedMs":null,"bodyElapsedMs":null,"totalElapsedMs":0,"bytes":0,"phase":"header","outcome":"error"}
[http-timing] {"sequence":231,"timelineOrdinal":null,"processOrdinal":2,"method":"GET","routeClass":"health","status":null,"headerElapsedMs":null,"bodyElapsedMs":null,"totalElapsedMs":0,"bytes":0,"phase":"header","outcome":"error"}
[http-timing] {"sequence":232,"timelineOrdinal":null,"processOrdinal":2,"method":"GET","routeClass":"health","status":null,"headerElapsedMs":null,"bodyElapsedMs":null,"totalElapsedMs":1,"bytes":0,"phase":"header","outcome":"error"}
[http-timing] {"sequence":233,"timelineOrdinal":null,"processOrdinal":2,"method":"GET","routeClass":"health","status":null,"headerElapsedMs":null,"bodyElapsedMs":null,"totalElapsedMs":0,"bytes":0,"phase":"header","outcome":"error"}
[http-timing] {"sequence":234,"timelineOrdinal":null,"processOrdinal":2,"method":"GET","routeClass":"health","status":null,"headerElapsedMs":null,"bodyElapsedMs":null,"totalElapsedMs":0,"bytes":0,"phase":"header","outcome":"error"}
[http-timing] {"sequence":235,"timelineOrdinal":null,"processOrdinal":2,"method":"GET","routeClass":"health","status":null,"headerElapsedMs":null,"bodyElapsedMs":null,"totalElapsedMs":0,"bytes":0,"phase":"header","outcome":"error"}
[http-timing] {"sequence":236,"timelineOrdinal":null,"processOrdinal":2,"method":"GET","routeClass":"health","status":200,"headerElapsedMs":1,"bodyElapsedMs":0,"totalElapsedMs":1,"bytes":15,"phase":"complete","outcome":"ok"}
[http-timing] {"sequence":237,"timelineOrdinal":null,"processOrdinal":2,"method":"GET","routeClass":"ice","status":200,"headerElapsedMs":0,"bodyElapsedMs":0,"totalElapsedMs":0,"bytes":222,"phase":"complete","outcome":"ok"}
[pass] S11-CI09 product-2 healthy isolated ICE
[http-timing] {"sequence":238,"timelineOrdinal":1,"processOrdinal":2,"method":"GET","routeClass":"timeline","status":200,"headerElapsedMs":458,"bodyElapsedMs":1,"totalElapsedMs":458,"bytes":611193,"phase":"complete","outcome":"ok"}
[timeline-page-observation] {"cycle":189,"processOrdinal":2,"timelineOrdinal":1,"kind":"page","elapsedMs":460.0326669999995,"offset":0,"total":5,"unplacedTotal":8,"states":{"intent":0,"ready":0,"committed":0,"complete":4,"failed":0,"other":0}}
[timeline-page-observation] {"cycle":189,"processOrdinal":2,"timelineOrdinal":1,"kind":"complete","elapsedMs":460.77187499999854,"pages":1,"totalChanged":false,"mixedStates":false,"code":"none"}
[http-timing] {"sequence":239,"timelineOrdinal":null,"processOrdinal":2,"method":"GET","routeClass":"media","status":200,"headerElapsedMs":478,"bodyElapsedMs":2,"totalElapsedMs":480,"bytes":4101080,"phase":"complete","outcome":"ok"}
[pass] S11-CI08 retained output HTTP200
[http-timing] {"sequence":240,"timelineOrdinal":null,"processOrdinal":2,"method":"GET","routeClass":"media","status":200,"headerElapsedMs":480,"bodyElapsedMs":2,"totalElapsedMs":481,"bytes":4817392,"phase":"complete","outcome":"ok"}
[pass] S11-CI08 retained output HTTP200
[http-timing] {"sequence":241,"timelineOrdinal":null,"processOrdinal":2,"method":"POST","routeClass":"tap-create","status":200,"headerElapsedMs":28,"bodyElapsedMs":0,"totalElapsedMs":28,"bytes":1187,"phase":"complete","outcome":"ok"}
[http-timing] {"sequence":242,"timelineOrdinal":2,"processOrdinal":2,"method":"GET","routeClass":"timeline","status":200,"headerElapsedMs":470,"bodyElapsedMs":0,"totalElapsedMs":471,"bytes":611193,"phase":"complete","outcome":"ok"}
[timeline-page-observation] {"cycle":190,"processOrdinal":2,"timelineOrdinal":2,"kind":"page","elapsedMs":472.734166000002,"offset":0,"total":5,"unplacedTotal":8,"states":{"intent":0,"ready":0,"committed":0,"complete":0,"failed":0,"other":0}}
[timeline-page-observation] {"cycle":190,"processOrdinal":2,"timelineOrdinal":2,"kind":"complete","elapsedMs":473.5587500000038,"pages":1,"totalChanged":false,"mixedStates":false,"code":"none"}
[http-timing] {"sequence":243,"timelineOrdinal":null,"processOrdinal":2,"method":"GET","routeClass":"tap","status":200,"headerElapsedMs":1,"bodyElapsedMs":0,"totalElapsedMs":1,"bytes":6301,"phase":"complete","outcome":"ok"}
[restart-boundary-sample] {"processOrdinal":2,"timelineOrdinal":2,"sourceIdSha256":"3a54d482570424650171e2fc7f6d0aac03600bf28c5a725b30b069f7b8d2b700","sourceOrder":"6","sourceStartPts":"25000000000","sourceEndPts":"25033333333","tapPts":"1800000000","latestFramePts":"1800000000","deltaNs":"-23233333333"}
[http-timing] {"sequence":244,"timelineOrdinal":null,"processOrdinal":2,"method":"GET","routeClass":"tap","status":200,"headerElapsedMs":1,"bodyElapsedMs":0,"totalElapsedMs":1,"bytes":6433,"phase":"complete","outcome":"ok"}
[restart-boundary-sample] {"processOrdinal":2,"timelineOrdinal":2,"sourceIdSha256":"3a54d482570424650171e2fc7f6d0aac03600bf28c5a725b30b069f7b8d2b700","sourceOrder":"6","sourceStartPts":"25000000000","sourceEndPts":"25033333333","tapPts":"1933333333","latestFramePts":"1933333333","deltaNs":"-23100000000"}
[http-timing] {"sequence":245,"timelineOrdinal":null,"processOrdinal":2,"method":"GET","routeClass":"tap","status":200,"headerElapsedMs":1,"bodyElapsedMs":0,"totalElapsedMs":1,"bytes":6431,"phase":"complete","outcome":"ok"}
[restart-boundary-sample] {"processOrdinal":2,"timelineOrdinal":2,"sourceIdSha256":"3a54d482570424650171e2fc7f6d0aac03600bf28c5a725b30b069f7b8d2b700","sourceOrder":"6","sourceStartPts":"25000000000","sourceEndPts":"25033333333","tapPts":"1933333333","latestFramePts":"1933333333","deltaNs":"-23100000000"}
[http-timing] {"sequence":246,"timelineOrdinal":null,"processOrdinal":2,"method":"GET","routeClass":"tap","status":200,"headerElapsedMs":1,"bodyElapsedMs":0,"totalElapsedMs":1,"bytes":6572,"phase":"complete","outcome":"ok"}
[restart-boundary-sample] {"processOrdinal":2,"timelineOrdinal":2,"sourceIdSha256":"3a54d482570424650171e2fc7f6d0aac03600bf28c5a725b30b069f7b8d2b700","sourceOrder":"6","sourceStartPts":"25000000000","sourceEndPts":"25033333333","tapPts":"2066666666","latestFramePts":"2066666666","deltaNs":"-22966666667"}
[http-timing] {"sequence":247,"timelineOrdinal":null,"processOrdinal":2,"method":"GET","routeClass":"tap","status":200,"headerElapsedMs":1,"bodyElapsedMs":0,"totalElapsedMs":1,"bytes":6703,"phase":"complete","outcome":"ok"}
[restart-boundary-sample] {"processOrdinal":2,"timelineOrdinal":2,"sourceIdSha256":"3a54d482570424650171e2fc7f6d0aac03600bf28c5a725b30b069f7b8d2b700","sourceOrder":"6","sourceStartPts":"25000000000","sourceEndPts":"25033333333","tapPts":"2200000000","latestFramePts":"2200000000","deltaNs":"-22833333333"}
[http-timing] {"sequence":248,"timelineOrdinal":null,"processOrdinal":2,"method":"GET","routeClass":"tap","status":200,"headerElapsedMs":1,"bodyElapsedMs":0,"totalElapsedMs":1,"bytes":6703,"phase":"complete","outcome":"ok"}
[restart-boundary-sample] {"processOrdinal":2,"timelineOrdinal":2,"sourceIdSha256":"3a54d482570424650171e2fc7f6d0aac03600bf28c5a725b30b069f7b8d2b700","sourceOrder":"6","sourceStartPts":"25000000000","sourceEndPts":"25033333333","tapPts":"2200000000","latestFramePts":"2200000000","deltaNs":"-22833333333"}
[http-timing] {"sequence":249,"timelineOrdinal":null,"processOrdinal":2,"method":"GET","routeClass":"tap","status":200,"headerElapsedMs":1,"bodyElapsedMs":0,"totalElapsedMs":1,"bytes":6840,"phase":"complete","outcome":"ok"}
[restart-boundary-sample] {"processOrdinal":2,"timelineOrdinal":2,"sourceIdSha256":"3a54d482570424650171e2fc7f6d0aac03600bf28c5a725b30b069f7b8d2b700","sourceOrder":"6","sourceStartPts":"25000000000","sourceEndPts":"25033333333","tapPts":"2333333333","latestFramePts":"2333333333","deltaNs":"-22700000000"}
[http-timing] {"sequence":250,"timelineOrdinal":null,"processOrdinal":2,"method":"GET","routeClass":"tap","status":200,"headerElapsedMs":4,"bodyElapsedMs":0,"totalElapsedMs":4,"bytes":6967,"phase":"complete","outcome":"ok"}
[restart-boundary-sample] {"processOrdinal":2,"timelineOrdinal":2,"sourceIdSha256":"3a54d482570424650171e2fc7f6d0aac03600bf28c5a725b30b069f7b8d2b700","sourceOrder":"6","sourceStartPts":"25000000000","sourceEndPts":"25033333333","tapPts":"2466666666","latestFramePts":"2466666666","deltaNs":"-22566666667"}
[http-timing] {"sequence":251,"timelineOrdinal":3,"processOrdinal":2,"method":"GET","routeClass":"timeline","status":200,"headerElapsedMs":469,"bodyElapsedMs":0,"totalElapsedMs":470,"bytes":611193,"phase":"complete","outcome":"ok"}
[timeline-page-observation] {"cycle":191,"processOrdinal":2,"timelineOrdinal":3,"kind":"page","elapsedMs":471.55216699999437,"offset":0,"total":5,"unplacedTotal":8,"states":{"intent":0,"ready":0,"committed":0,"complete":0,"failed":0,"other":0}}
[timeline-page-observation] {"cycle":191,"processOrdinal":2,"timelineOrdinal":3,"kind":"complete","elapsedMs":472.3260420000006,"pages":1,"totalChanged":false,"mixedStates":false,"code":"none"}
[http-timing] {"sequence":252,"timelineOrdinal":null,"processOrdinal":2,"method":"GET","routeClass":"tap","status":200,"headerElapsedMs":1,"bodyElapsedMs":0,"totalElapsedMs":1,"bytes":7521,"phase":"complete","outcome":"ok"}
[restart-boundary-sample] {"processOrdinal":2,"timelineOrdinal":3,"sourceIdSha256":"3a54d482570424650171e2fc7f6d0aac03600bf28c5a725b30b069f7b8d2b700","sourceOrder":"6","sourceStartPts":"25000000000","sourceEndPts":"25033333333","tapPts":"3000000000","latestFramePts":"3000000000","deltaNs":"-22033333333"}
[http-timing] {"sequence":253,"timelineOrdinal":null,"processOrdinal":2,"method":"GET","routeClass":"tap","status":200,"headerElapsedMs":1,"bodyElapsedMs":0,"totalElapsedMs":1,"bytes":7525,"phase":"complete","outcome":"ok"}
[restart-boundary-sample] {"processOrdinal":2,"timelineOrdinal":3,"sourceIdSha256":"3a54d482570424650171e2fc7f6d0aac03600bf28c5a725b30b069f7b8d2b700","sourceOrder":"6","sourceStartPts":"25000000000","sourceEndPts":"25033333333","tapPts":"3000000000","latestFramePts":"3000000000","deltaNs":"-22033333333"}
[http-timing] {"sequence":254,"timelineOrdinal":null,"processOrdinal":2,"method":"GET","routeClass":"tap","status":200,"headerElapsedMs":1,"bodyElapsedMs":0,"totalElapsedMs":1,"bytes":7654,"phase":"complete","outcome":"ok"}
[restart-boundary-sample] {"processOrdinal":2,"timelineOrdinal":3,"sourceIdSha256":"3a54d482570424650171e2fc7f6d0aac03600bf28c5a725b30b069f7b8d2b700","sourceOrder":"6","sourceStartPts":"25000000000","sourceEndPts":"25033333333","tapPts":"3133333333","latestFramePts":"3133333333","deltaNs":"-21900000000"}
[http-timing] {"sequence":255,"timelineOrdinal":null,"processOrdinal":2,"method":"GET","routeClass":"tap","status":200,"headerElapsedMs":1,"bodyElapsedMs":0,"totalElapsedMs":1,"bytes":7792,"phase":"complete","outcome":"ok"}
[restart-boundary-sample] {"processOrdinal":2,"timelineOrdinal":3,"sourceIdSha256":"3a54d482570424650171e2fc7f6d0aac03600bf28c5a725b30b069f7b8d2b700","sourceOrder":"6","sourceStartPts":"25000000000","sourceEndPts":"25033333333","tapPts":"3266666666","latestFramePts":"3266666666","deltaNs":"-21766666667"}
[http-timing] {"sequence":256,"timelineOrdinal":null,"processOrdinal":2,"method":"GET","routeClass":"tap","status":200,"headerElapsedMs":1,"bodyElapsedMs":0,"totalElapsedMs":1,"bytes":7793,"phase":"complete","outcome":"ok"}
[restart-boundary-sample] {"processOrdinal":2,"timelineOrdinal":3,"sourceIdSha256":"3a54d482570424650171e2fc7f6d0aac03600bf28c5a725b30b069f7b8d2b700","sourceOrder":"6","sourceStartPts":"25000000000","sourceEndPts":"25033333333","tapPts":"3266666666","latestFramePts":"3266666666","deltaNs":"-21766666667"}
[http-timing] {"sequence":257,"timelineOrdinal":null,"processOrdinal":2,"method":"GET","routeClass":"tap","status":200,"headerElapsedMs":1,"bodyElapsedMs":0,"totalElapsedMs":1,"bytes":7917,"phase":"complete","outcome":"ok"}
[restart-boundary-sample] {"processOrdinal":2,"timelineOrdinal":3,"sourceIdSha256":"3a54d482570424650171e2fc7f6d0aac03600bf28c5a725b30b069f7b8d2b700","sourceOrder":"6","sourceStartPts":"25000000000","sourceEndPts":"25033333333","tapPts":"3400000000","latestFramePts":"3400000000","deltaNs":"-21633333333"}
[http-timing] {"sequence":258,"timelineOrdinal":null,"processOrdinal":2,"method":"GET","routeClass":"tap","status":200,"headerElapsedMs":1,"bodyElapsedMs":0,"totalElapsedMs":1,"bytes":8054,"phase":"complete","outcome":"ok"}
[restart-boundary-sample] {"processOrdinal":2,"timelineOrdinal":3,"sourceIdSha256":"3a54d482570424650171e2fc7f6d0aac03600bf28c5a725b30b069f7b8d2b700","sourceOrder":"6","sourceStartPts":"25000000000","sourceEndPts":"25033333333","tapPts":"3533333333","latestFramePts":"3533333333","deltaNs":"-21500000000"}
[http-timing] {"sequence":259,"timelineOrdinal":null,"processOrdinal":2,"method":"GET","routeClass":"tap","status":200,"headerElapsedMs":1,"bodyElapsedMs":0,"totalElapsedMs":1,"bytes":8060,"phase":"complete","outcome":"ok"}
[restart-boundary-sample] {"processOrdinal":2,"timelineOrdinal":3,"sourceIdSha256":"3a54d482570424650171e2fc7f6d0aac03600bf28c5a725b30b069f7b8d2b700","sourceOrder":"6","sourceStartPts":"25000000000","sourceEndPts":"25033333333","tapPts":"3533333333","latestFramePts":"3533333333","deltaNs":"-21500000000"}
[http-timing] {"sequence":260,"timelineOrdinal":4,"processOrdinal":2,"method":"GET","routeClass":"timeline","status":200,"headerElapsedMs":472,"bodyElapsedMs":0,"totalElapsedMs":473,"bytes":611193,"phase":"complete","outcome":"ok"}
[timeline-page-observation] {"cycle":192,"processOrdinal":2,"timelineOrdinal":4,"kind":"page","elapsedMs":474.65320800000336,"offset":0,"total":5,"unplacedTotal":8,"states":{"intent":0,"ready":0,"committed":0,"complete":0,"failed":0,"other":0}}
[timeline-page-observation] {"cycle":192,"processOrdinal":2,"timelineOrdinal":4,"kind":"complete","elapsedMs":475.4267499999987,"pages":1,"totalChanged":false,"mixedStates":false,"code":"none"}
[http-timing] {"sequence":261,"timelineOrdinal":null,"processOrdinal":2,"method":"GET","routeClass":"tap","status":200,"headerElapsedMs":1,"bodyElapsedMs":0,"totalElapsedMs":1,"bytes":9282,"phase":"complete","outcome":"ok"}
[restart-boundary-sample] {"processOrdinal":2,"timelineOrdinal":4,"sourceIdSha256":"3a54d482570424650171e2fc7f6d0aac03600bf28c5a725b30b069f7b8d2b700","sourceOrder":"6","sourceStartPts":"25000000000","sourceEndPts":"25033333333","tapPts":"4200000000","latestFramePts":"4200000000","deltaNs":"-20833333333"}
[http-timing] {"sequence":262,"timelineOrdinal":null,"processOrdinal":2,"method":"GET","routeClass":"tap","status":200,"headerElapsedMs":1,"bodyElapsedMs":0,"totalElapsedMs":1,"bytes":9280,"phase":"complete","outcome":"ok"}
[restart-boundary-sample] {"processOrdinal":2,"timelineOrdinal":4,"sourceIdSha256":"3a54d482570424650171e2fc7f6d0aac03600bf28c5a725b30b069f7b8d2b700","sourceOrder":"6","sourceStartPts":"25000000000","sourceEndPts":"25033333333","tapPts":"4200000000","latestFramePts":"4200000000","deltaNs":"-20833333333"}
[http-timing] {"sequence":263,"timelineOrdinal":null,"processOrdinal":2,"method":"GET","routeClass":"tap","status":200,"headerElapsedMs":1,"bodyElapsedMs":0,"totalElapsedMs":1,"bytes":9466,"phase":"complete","outcome":"ok"}
[restart-boundary-sample] {"processOrdinal":2,"timelineOrdinal":4,"sourceIdSha256":"3a54d482570424650171e2fc7f6d0aac03600bf28c5a725b30b069f7b8d2b700","sourceOrder":"6","sourceStartPts":"25000000000","sourceEndPts":"25033333333","tapPts":"4333333333","latestFramePts":"4333333333","deltaNs":"-20700000000"}
[http-timing] {"sequence":264,"timelineOrdinal":null,"processOrdinal":2,"method":"GET","routeClass":"tap","status":200,"headerElapsedMs":1,"bodyElapsedMs":0,"totalElapsedMs":1,"bytes":9466,"phase":"complete","outcome":"ok"}
[restart-boundary-sample] {"processOrdinal":2,"timelineOrdinal":4,"sourceIdSha256":"3a54d482570424650171e2fc7f6d0aac03600bf28c5a725b30b069f7b8d2b700","sourceOrder":"6","sourceStartPts":"25000000000","sourceEndPts":"25033333333","tapPts":"4333333333","latestFramePts":"4333333333","deltaNs":"-20700000000"}
[http-timing] {"sequence":265,"timelineOrdinal":null,"processOrdinal":2,"method":"GET","routeClass":"tap","status":200,"headerElapsedMs":1,"bodyElapsedMs":0,"totalElapsedMs":1,"bytes":9648,"phase":"complete","outcome":"ok"}
[restart-boundary-sample] {"processOrdinal":2,"timelineOrdinal":4,"sourceIdSha256":"3a54d482570424650171e2fc7f6d0aac03600bf28c5a725b30b069f7b8d2b700","sourceOrder":"6","sourceStartPts":"25000000000","sourceEndPts":"25033333333","tapPts":"4466666666","latestFramePts":"4466666666","deltaNs":"-20566666667"}
[http-timing] {"sequence":266,"timelineOrdinal":null,"processOrdinal":2,"method":"GET","routeClass":"tap","status":200,"headerElapsedMs":1,"bodyElapsedMs":0,"totalElapsedMs":1,"bytes":9832,"phase":"complete","outcome":"ok"}
[restart-boundary-sample] {"processOrdinal":2,"timelineOrdinal":4,"sourceIdSha256":"3a54d482570424650171e2fc7f6d0aac03600bf28c5a725b30b069f7b8d2b700","sourceOrder":"6","sourceStartPts":"25000000000","sourceEndPts":"25033333333","tapPts":"4600000000","latestFramePts":"4600000000","deltaNs":"-20433333333"}
[http-timing] {"sequence":267,"timelineOrdinal":null,"processOrdinal":2,"method":"GET","routeClass":"tap","status":200,"headerElapsedMs":1,"bodyElapsedMs":0,"totalElapsedMs":1,"bytes":9831,"phase":"complete","outcome":"ok"}
[restart-boundary-sample] {"processOrdinal":2,"timelineOrdinal":4,"sourceIdSha256":"3a54d482570424650171e2fc7f6d0aac03600bf28c5a725b30b069f7b8d2b700","sourceOrder":"6","sourceStartPts":"25000000000","sourceEndPts":"25033333333","tapPts":"4600000000","latestFramePts":"4600000000","deltaNs":"-20433333333"}
[http-timing] {"sequence":268,"timelineOrdinal":null,"processOrdinal":2,"method":"GET","routeClass":"tap","status":200,"headerElapsedMs":1,"bodyElapsedMs":0,"totalElapsedMs":1,"bytes":10011,"phase":"complete","outcome":"ok"}
[restart-boundary-sample] {"processOrdinal":2,"timelineOrdinal":4,"sourceIdSha256":"3a54d482570424650171e2fc7f6d0aac03600bf28c5a725b30b069f7b8d2b700","sourceOrder":"6","sourceStartPts":"25000000000","sourceEndPts":"25033333333","tapPts":"4733333333","latestFramePts":"4733333333","deltaNs":"-20300000000"}
[http-timing] {"sequence":269,"timelineOrdinal":5,"processOrdinal":2,"method":"GET","routeClass":"timeline","status":200,"headerElapsedMs":466,"bodyElapsedMs":0,"totalElapsedMs":466,"bytes":611193,"phase":"complete","outcome":"ok"}
[timeline-page-observation] {"cycle":193,"processOrdinal":2,"timelineOrdinal":5,"kind":"page","elapsedMs":468.4094999999943,"offset":0,"total":5,"unplacedTotal":8,"states":{"intent":0,"ready":0,"committed":0,"complete":0,"failed":0,"other":0}}
[timeline-page-observation] {"cycle":193,"processOrdinal":2,"timelineOrdinal":5,"kind":"complete","elapsedMs":469.1828749999986,"pages":1,"totalChanged":false,"mixedStates":false,"code":"none"}
[http-timing] {"sequence":270,"timelineOrdinal":null,"processOrdinal":2,"method":"GET","routeClass":"tap","status":200,"headerElapsedMs":1,"bodyElapsedMs":0,"totalElapsedMs":1,"bytes":10732,"phase":"complete","outcome":"ok"}
[restart-boundary-sample] {"processOrdinal":2,"timelineOrdinal":5,"sourceIdSha256":"3a54d482570424650171e2fc7f6d0aac03600bf28c5a725b30b069f7b8d2b700","sourceOrder":"6","sourceStartPts":"25000000000","sourceEndPts":"25033333333","tapPts":"5266666666","latestFramePts":"5266666666","deltaNs":"-19766666667"}
[http-timing] {"sequence":271,"timelineOrdinal":null,"processOrdinal":2,"method":"GET","routeClass":"tap","status":200,"headerElapsedMs":1,"bodyElapsedMs":0,"totalElapsedMs":1,"bytes":10908,"phase":"complete","outcome":"ok"}
[restart-boundary-sample] {"processOrdinal":2,"timelineOrdinal":5,"sourceIdSha256":"3a54d482570424650171e2fc7f6d0aac03600bf28c5a725b30b069f7b8d2b700","sourceOrder":"6","sourceStartPts":"25000000000","sourceEndPts":"25033333333","tapPts":"5400000000","latestFramePts":"5400000000","deltaNs":"-19633333333"}
[http-timing] {"sequence":272,"timelineOrdinal":null,"processOrdinal":2,"method":"GET","routeClass":"tap","status":200,"headerElapsedMs":1,"bodyElapsedMs":0,"totalElapsedMs":1,"bytes":11091,"phase":"complete","outcome":"ok"}
[restart-boundary-sample] {"processOrdinal":2,"timelineOrdinal":5,"sourceIdSha256":"3a54d482570424650171e2fc7f6d0aac03600bf28c5a725b30b069f7b8d2b700","sourceOrder":"6","sourceStartPts":"25000000000","sourceEndPts":"25033333333","tapPts":"5533333333","latestFramePts":"5533333333","deltaNs":"-19500000000"}
[http-timing] {"sequence":273,"timelineOrdinal":null,"processOrdinal":2,"method":"GET","routeClass":"tap","status":200,"headerElapsedMs":1,"bodyElapsedMs":0,"totalElapsedMs":1,"bytes":11091,"phase":"complete","outcome":"ok"}
[restart-boundary-sample] {"processOrdinal":2,"timelineOrdinal":5,"sourceIdSha256":"3a54d482570424650171e2fc7f6d0aac03600bf28c5a725b30b069f7b8d2b700","sourceOrder":"6","sourceStartPts":"25000000000","sourceEndPts":"25033333333","tapPts":"5533333333","latestFramePts":"5533333333","deltaNs":"-19500000000"}
[http-timing] {"sequence":274,"timelineOrdinal":null,"processOrdinal":2,"method":"GET","routeClass":"tap","status":200,"headerElapsedMs":1,"bodyElapsedMs":0,"totalElapsedMs":1,"bytes":11273,"phase":"complete","outcome":"ok"}
[restart-boundary-sample] {"processOrdinal":2,"timelineOrdinal":5,"sourceIdSha256":"3a54d482570424650171e2fc7f6d0aac03600bf28c5a725b30b069f7b8d2b700","sourceOrder":"6","sourceStartPts":"25000000000","sourceEndPts":"25033333333","tapPts":"5666666666","latestFramePts":"5666666666","deltaNs":"-19366666667"}
[http-timing] {"sequence":275,"timelineOrdinal":null,"processOrdinal":2,"method":"GET","routeClass":"tap","status":200,"headerElapsedMs":1,"bodyElapsedMs":0,"totalElapsedMs":1,"bytes":11273,"phase":"complete","outcome":"ok"}
[restart-boundary-sample] {"processOrdinal":2,"timelineOrdinal":5,"sourceIdSha256":"3a54d482570424650171e2fc7f6d0aac03600bf28c5a725b30b069f7b8d2b700","sourceOrder":"6","sourceStartPts":"25000000000","sourceEndPts":"25033333333","tapPts":"5666666666","latestFramePts":"5666666666","deltaNs":"-19366666667"}
[http-timing] {"sequence":276,"timelineOrdinal":null,"processOrdinal":2,"method":"GET","routeClass":"tap","status":200,"headerElapsedMs":1,"bodyElapsedMs":0,"totalElapsedMs":1,"bytes":11333,"phase":"complete","outcome":"ok"}
[restart-boundary-sample] {"processOrdinal":2,"timelineOrdinal":5,"sourceIdSha256":"3a54d482570424650171e2fc7f6d0aac03600bf28c5a725b30b069f7b8d2b700","sourceOrder":"6","sourceStartPts":"25000000000","sourceEndPts":"25033333333","tapPts":"5800000000","latestFramePts":"5800000000","deltaNs":"-19233333333"}
[http-timing] {"sequence":277,"timelineOrdinal":null,"processOrdinal":2,"method":"GET","routeClass":"tap","status":200,"headerElapsedMs":1,"bodyElapsedMs":0,"totalElapsedMs":1,"bytes":11387,"phase":"complete","outcome":"ok"}
[restart-boundary-sample] {"processOrdinal":2,"timelineOrdinal":5,"sourceIdSha256":"3a54d482570424650171e2fc7f6d0aac03600bf28c5a725b30b069f7b8d2b700","sourceOrder":"6","sourceStartPts":"25000000000","sourceEndPts":"25033333333","tapPts":"5933333333","latestFramePts":"5933333333","deltaNs":"-19100000000"}
[http-timing] {"sequence":278,"timelineOrdinal":6,"processOrdinal":2,"method":"GET","routeClass":"timeline","status":200,"headerElapsedMs":466,"bodyElapsedMs":0,"totalElapsedMs":467,"bytes":611193,"phase":"complete","outcome":"ok"}
[timeline-page-observation] {"cycle":194,"processOrdinal":2,"timelineOrdinal":6,"kind":"page","elapsedMs":468.80370799999946,"offset":0,"total":5,"unplacedTotal":8,"states":{"intent":0,"ready":0,"committed":0,"complete":0,"failed":0,"other":0}}
[timeline-page-observation] {"cycle":194,"processOrdinal":2,"timelineOrdinal":6,"kind":"complete","elapsedMs":469.54525000000285,"pages":1,"totalChanged":false,"mixedStates":false,"code":"none"}
[http-timing] {"sequence":279,"timelineOrdinal":null,"processOrdinal":2,"method":"GET","routeClass":"tap","status":200,"headerElapsedMs":1,"bodyElapsedMs":0,"totalElapsedMs":1,"bytes":11563,"phase":"complete","outcome":"ok"}
[restart-boundary-sample] {"processOrdinal":2,"timelineOrdinal":6,"sourceIdSha256":"3a54d482570424650171e2fc7f6d0aac03600bf28c5a725b30b069f7b8d2b700","sourceOrder":"6","sourceStartPts":"25000000000","sourceEndPts":"25033333333","tapPts":"6466666666","latestFramePts":"6466666666","deltaNs":"-18566666667"}
[http-timing] {"sequence":280,"timelineOrdinal":null,"processOrdinal":2,"method":"GET","routeClass":"tap","status":200,"headerElapsedMs":1,"bodyElapsedMs":0,"totalElapsedMs":1,"bytes":11606,"phase":"complete","outcome":"ok"}
[restart-boundary-sample] {"processOrdinal":2,"timelineOrdinal":6,"sourceIdSha256":"3a54d482570424650171e2fc7f6d0aac03600bf28c5a725b30b069f7b8d2b700","sourceOrder":"6","sourceStartPts":"25000000000","sourceEndPts":"25033333333","tapPts":"6600000000","latestFramePts":"6600000000","deltaNs":"-18433333333"}
[http-timing] {"sequence":281,"timelineOrdinal":null,"processOrdinal":2,"method":"GET","routeClass":"tap","status":200,"headerElapsedMs":1,"bodyElapsedMs":0,"totalElapsedMs":1,"bytes":11606,"phase":"complete","outcome":"ok"}
[restart-boundary-sample] {"processOrdinal":2,"timelineOrdinal":6,"sourceIdSha256":"3a54d482570424650171e2fc7f6d0aac03600bf28c5a725b30b069f7b8d2b700","sourceOrder":"6","sourceStartPts":"25000000000","sourceEndPts":"25033333333","tapPts":"6600000000","latestFramePts":"6600000000","deltaNs":"-18433333333"}
[http-timing] {"sequence":282,"timelineOrdinal":null,"processOrdinal":2,"method":"GET","routeClass":"tap","status":200,"headerElapsedMs":1,"bodyElapsedMs":0,"totalElapsedMs":1,"bytes":11653,"phase":"complete","outcome":"ok"}
[restart-boundary-sample] {"processOrdinal":2,"timelineOrdinal":6,"sourceIdSha256":"3a54d482570424650171e2fc7f6d0aac03600bf28c5a725b30b069f7b8d2b700","sourceOrder":"6","sourceStartPts":"25000000000","sourceEndPts":"25033333333","tapPts":"6733333333","latestFramePts":"6733333333","deltaNs":"-18300000000"}
[http-timing] {"sequence":283,"timelineOrdinal":null,"processOrdinal":2,"method":"GET","routeClass":"tap","status":200,"headerElapsedMs":1,"bodyElapsedMs":0,"totalElapsedMs":1,"bytes":11653,"phase":"complete","outcome":"ok"}
[restart-boundary-sample] {"processOrdinal":2,"timelineOrdinal":6,"sourceIdSha256":"3a54d482570424650171e2fc7f6d0aac03600bf28c5a725b30b069f7b8d2b700","sourceOrder":"6","sourceStartPts":"25000000000","sourceEndPts":"25033333333","tapPts":"6733333333","latestFramePts":"6733333333","deltaNs":"-18300000000"}
[http-timing] {"sequence":284,"timelineOrdinal":null,"processOrdinal":2,"method":"GET","routeClass":"tap","status":200,"headerElapsedMs":1,"bodyElapsedMs":0,"totalElapsedMs":1,"bytes":11695,"phase":"complete","outcome":"ok"}
[restart-boundary-sample] {"processOrdinal":2,"timelineOrdinal":6,"sourceIdSha256":"3a54d482570424650171e2fc7f6d0aac03600bf28c5a725b30b069f7b8d2b700","sourceOrder":"6","sourceStartPts":"25000000000","sourceEndPts":"25033333333","tapPts":"6866666666","latestFramePts":"6866666666","deltaNs":"-18166666667"}
[http-timing] {"sequence":285,"timelineOrdinal":null,"processOrdinal":2,"method":"GET","routeClass":"tap","status":200,"headerElapsedMs":1,"bodyElapsedMs":0,"totalElapsedMs":1,"bytes":11739,"phase":"complete","outcome":"ok"}
[restart-boundary-sample] {"processOrdinal":2,"timelineOrdinal":6,"sourceIdSha256":"3a54d482570424650171e2fc7f6d0aac03600bf28c5a725b30b069f7b8d2b700","sourceOrder":"6","sourceStartPts":"25000000000","sourceEndPts":"25033333333","tapPts":"7000000000","latestFramePts":"7000000000","deltaNs":"-18033333333"}
[http-timing] {"sequence":286,"timelineOrdinal":null,"processOrdinal":2,"method":"GET","routeClass":"tap","status":200,"headerElapsedMs":1,"bodyElapsedMs":0,"totalElapsedMs":1,"bytes":11743,"phase":"complete","outcome":"ok"}
[restart-boundary-sample] {"processOrdinal":2,"timelineOrdinal":6,"sourceIdSha256":"3a54d482570424650171e2fc7f6d0aac03600bf28c5a725b30b069f7b8d2b700","sourceOrder":"6","sourceStartPts":"25000000000","sourceEndPts":"25033333333","tapPts":"7000000000","latestFramePts":"7000000000","deltaNs":"-18033333333"}
[http-timing] {"sequence":287,"timelineOrdinal":7,"processOrdinal":2,"method":"GET","routeClass":"timeline","status":200,"headerElapsedMs":465,"bodyElapsedMs":0,"totalElapsedMs":466,"bytes":611193,"phase":"complete","outcome":"ok"}
[timeline-page-observation] {"cycle":195,"processOrdinal":2,"timelineOrdinal":7,"kind":"page","elapsedMs":467.6907080000019,"offset":0,"total":5,"unplacedTotal":8,"states":{"intent":0,"ready":0,"committed":0,"complete":0,"failed":0,"other":0}}
[timeline-page-observation] {"cycle":195,"processOrdinal":2,"timelineOrdinal":7,"kind":"complete","elapsedMs":468.408417000006,"pages":1,"totalChanged":false,"mixedStates":false,"code":"none"}
[http-timing] {"sequence":288,"timelineOrdinal":null,"processOrdinal":2,"method":"GET","routeClass":"tap","status":200,"headerElapsedMs":1,"bodyElapsedMs":0,"totalElapsedMs":1,"bytes":11963,"phase":"complete","outcome":"ok"}
[restart-boundary-sample] {"processOrdinal":2,"timelineOrdinal":7,"sourceIdSha256":"3a54d482570424650171e2fc7f6d0aac03600bf28c5a725b30b069f7b8d2b700","sourceOrder":"6","sourceStartPts":"25000000000","sourceEndPts":"25033333333","tapPts":"7666666666","latestFramePts":"7666666666","deltaNs":"-17366666667"}
[http-timing] {"sequence":289,"timelineOrdinal":null,"processOrdinal":2,"method":"GET","routeClass":"tap","status":200,"headerElapsedMs":1,"bodyElapsedMs":0,"totalElapsedMs":1,"bytes":11970,"phase":"complete","outcome":"ok"}
[restart-boundary-sample] {"processOrdinal":2,"timelineOrdinal":7,"sourceIdSha256":"3a54d482570424650171e2fc7f6d0aac03600bf28c5a725b30b069f7b8d2b700","sourceOrder":"6","sourceStartPts":"25000000000","sourceEndPts":"25033333333","tapPts":"7666666666","latestFramePts":"7666666666","deltaNs":"-17366666667"}
[http-timing] {"sequence":290,"timelineOrdinal":null,"processOrdinal":2,"method":"GET","routeClass":"tap","status":200,"headerElapsedMs":1,"bodyElapsedMs":0,"totalElapsedMs":1,"bytes":12010,"phase":"complete","outcome":"ok"}
[restart-boundary-sample] {"processOrdinal":2,"timelineOrdinal":7,"sourceIdSha256":"3a54d482570424650171e2fc7f6d0aac03600bf28c5a725b30b069f7b8d2b700","sourceOrder":"6","sourceStartPts":"25000000000","sourceEndPts":"25033333333","tapPts":"7800000000","latestFramePts":"7800000000","deltaNs":"-17233333333"}
[http-timing] {"sequence":291,"timelineOrdinal":null,"processOrdinal":2,"method":"GET","routeClass":"tap","status":200,"headerElapsedMs":1,"bodyElapsedMs":0,"totalElapsedMs":1,"bytes":12012,"phase":"complete","outcome":"ok"}
[restart-boundary-sample] {"processOrdinal":2,"timelineOrdinal":7,"sourceIdSha256":"3a54d482570424650171e2fc7f6d0aac03600bf28c5a725b30b069f7b8d2b700","sourceOrder":"6","sourceStartPts":"25000000000","sourceEndPts":"25033333333","tapPts":"7800000000","latestFramePts":"7800000000","deltaNs":"-17233333333"}
[http-timing] {"sequence":292,"timelineOrdinal":null,"processOrdinal":2,"method":"GET","routeClass":"tap","status":200,"headerElapsedMs":1,"bodyElapsedMs":0,"totalElapsedMs":1,"bytes":12064,"phase":"complete","outcome":"ok"}
[restart-boundary-sample] {"processOrdinal":2,"timelineOrdinal":7,"sourceIdSha256":"3a54d482570424650171e2fc7f6d0aac03600bf28c5a725b30b069f7b8d2b700","sourceOrder":"6","sourceStartPts":"25000000000","sourceEndPts":"25033333333","tapPts":"7966666666","latestFramePts":"7966666666","deltaNs":"-17066666667"}
[http-timing] {"sequence":293,"timelineOrdinal":null,"processOrdinal":2,"method":"GET","routeClass":"tap","status":200,"headerElapsedMs":1,"bodyElapsedMs":0,"totalElapsedMs":1,"bytes":12055,"phase":"complete","outcome":"ok"}
[restart-boundary-sample] {"processOrdinal":2,"timelineOrdinal":7,"sourceIdSha256":"3a54d482570424650171e2fc7f6d0aac03600bf28c5a725b30b069f7b8d2b700","sourceOrder":"6","sourceStartPts":"25000000000","sourceEndPts":"25033333333","tapPts":"8100000000","latestFramePts":"8100000000","deltaNs":"-16933333333"}
[http-timing] {"sequence":294,"timelineOrdinal":null,"processOrdinal":2,"method":"GET","routeClass":"tap","status":200,"headerElapsedMs":1,"bodyElapsedMs":0,"totalElapsedMs":1,"bytes":12053,"phase":"complete","outcome":"ok"}
[restart-boundary-sample] {"processOrdinal":2,"timelineOrdinal":7,"sourceIdSha256":"3a54d482570424650171e2fc7f6d0aac03600bf28c5a725b30b069f7b8d2b700","sourceOrder":"6","sourceStartPts":"25000000000","sourceEndPts":"25033333333","tapPts":"8100000000","latestFramePts":"8100000000","deltaNs":"-16933333333"}
[http-timing] {"sequence":295,"timelineOrdinal":null,"processOrdinal":2,"method":"GET","routeClass":"tap","status":200,"headerElapsedMs":1,"bodyElapsedMs":0,"totalElapsedMs":1,"bytes":12055,"phase":"complete","outcome":"ok"}
[restart-boundary-sample] {"processOrdinal":2,"timelineOrdinal":7,"sourceIdSha256":"3a54d482570424650171e2fc7f6d0aac03600bf28c5a725b30b069f7b8d2b700","sourceOrder":"6","sourceStartPts":"25000000000","sourceEndPts":"25033333333","tapPts":"8233333333","latestFramePts":"8233333333","deltaNs":"-16800000000"}
[http-timing] {"sequence":296,"timelineOrdinal":8,"processOrdinal":2,"method":"GET","routeClass":"timeline","status":200,"headerElapsedMs":505,"bodyElapsedMs":0,"totalElapsedMs":506,"bytes":611193,"phase":"complete","outcome":"ok"}
[timeline-page-observation] {"cycle":196,"processOrdinal":2,"timelineOrdinal":8,"kind":"page","elapsedMs":507.48399999999674,"offset":0,"total":5,"unplacedTotal":8,"states":{"intent":0,"ready":0,"committed":0,"complete":0,"failed":0,"other":0}}
[timeline-page-observation] {"cycle":196,"processOrdinal":2,"timelineOrdinal":8,"kind":"complete","elapsedMs":508.22595799999544,"pages":1,"totalChanged":false,"mixedStates":false,"code":"none"}
[http-timing] {"sequence":297,"timelineOrdinal":null,"processOrdinal":2,"method":"GET","routeClass":"tap","status":200,"headerElapsedMs":1,"bodyElapsedMs":0,"totalElapsedMs":1,"bytes":12042,"phase":"complete","outcome":"ok"}
[restart-boundary-sample] {"processOrdinal":2,"timelineOrdinal":8,"sourceIdSha256":"3a54d482570424650171e2fc7f6d0aac03600bf28c5a725b30b069f7b8d2b700","sourceOrder":"6","sourceStartPts":"25000000000","sourceEndPts":"25033333333","tapPts":"8766666666","latestFramePts":"8766666666","deltaNs":"-16266666667"}
[http-timing] {"sequence":298,"timelineOrdinal":null,"processOrdinal":2,"method":"GET","routeClass":"tap","status":200,"headerElapsedMs":1,"bodyElapsedMs":0,"totalElapsedMs":1,"bytes":12051,"phase":"complete","outcome":"ok"}
[restart-boundary-sample] {"processOrdinal":2,"timelineOrdinal":8,"sourceIdSha256":"3a54d482570424650171e2fc7f6d0aac03600bf28c5a725b30b069f7b8d2b700","sourceOrder":"6","sourceStartPts":"25000000000","sourceEndPts":"25033333333","tapPts":"8900000000","latestFramePts":"8900000000","deltaNs":"-16133333333"}
[http-timing] {"sequence":299,"timelineOrdinal":null,"processOrdinal":2,"method":"GET","routeClass":"tap","status":200,"headerElapsedMs":1,"bodyElapsedMs":0,"totalElapsedMs":1,"bytes":12047,"phase":"complete","outcome":"ok"}
[restart-boundary-sample] {"processOrdinal":2,"timelineOrdinal":8,"sourceIdSha256":"3a54d482570424650171e2fc7f6d0aac03600bf28c5a725b30b069f7b8d2b700","sourceOrder":"6","sourceStartPts":"25000000000","sourceEndPts":"25033333333","tapPts":"9033333333","latestFramePts":"9033333333","deltaNs":"-16000000000"}
[http-timing] {"sequence":300,"timelineOrdinal":null,"processOrdinal":2,"method":"GET","routeClass":"tap","status":200,"headerElapsedMs":1,"bodyElapsedMs":0,"totalElapsedMs":1,"bytes":12044,"phase":"complete","outcome":"ok"}
[restart-boundary-sample] {"processOrdinal":2,"timelineOrdinal":8,"sourceIdSha256":"3a54d482570424650171e2fc7f6d0aac03600bf28c5a725b30b069f7b8d2b700","sourceOrder":"6","sourceStartPts":"25000000000","sourceEndPts":"25033333333","tapPts":"9033333333","latestFramePts":"9033333333","deltaNs":"-16000000000"}
[http-timing] {"sequence":301,"timelineOrdinal":null,"processOrdinal":2,"method":"GET","routeClass":"tap","status":200,"headerElapsedMs":1,"bodyElapsedMs":0,"totalElapsedMs":1,"bytes":12043,"phase":"complete","outcome":"ok"}
[restart-boundary-sample] {"processOrdinal":2,"timelineOrdinal":8,"sourceIdSha256":"3a54d482570424650171e2fc7f6d0aac03600bf28c5a725b30b069f7b8d2b700","sourceOrder":"6","sourceStartPts":"25000000000","sourceEndPts":"25033333333","tapPts":"9166666666","latestFramePts":"9166666666","deltaNs":"-15866666667"}
[http-timing] {"sequence":302,"timelineOrdinal":null,"processOrdinal":2,"method":"GET","routeClass":"tap","status":200,"headerElapsedMs":1,"bodyElapsedMs":0,"totalElapsedMs":1,"bytes":12045,"phase":"complete","outcome":"ok"}
[restart-boundary-sample] {"processOrdinal":2,"timelineOrdinal":8,"sourceIdSha256":"3a54d482570424650171e2fc7f6d0aac03600bf28c5a725b30b069f7b8d2b700","sourceOrder":"6","sourceStartPts":"25000000000","sourceEndPts":"25033333333","tapPts":"9300000000","latestFramePts":"9300000000","deltaNs":"-15733333333"}
[http-timing] {"sequence":303,"timelineOrdinal":null,"processOrdinal":2,"method":"GET","routeClass":"tap","status":200,"headerElapsedMs":1,"bodyElapsedMs":0,"totalElapsedMs":1,"bytes":12044,"phase":"complete","outcome":"ok"}
[restart-boundary-sample] {"processOrdinal":2,"timelineOrdinal":8,"sourceIdSha256":"3a54d482570424650171e2fc7f6d0aac03600bf28c5a725b30b069f7b8d2b700","sourceOrder":"6","sourceStartPts":"25000000000","sourceEndPts":"25033333333","tapPts":"9300000000","latestFramePts":"9300000000","deltaNs":"-15733333333"}
[http-timing] {"sequence":304,"timelineOrdinal":null,"processOrdinal":2,"method":"GET","routeClass":"tap","status":200,"headerElapsedMs":1,"bodyElapsedMs":0,"totalElapsedMs":1,"bytes":12042,"phase":"complete","outcome":"ok"}
[restart-boundary-sample] {"processOrdinal":2,"timelineOrdinal":8,"sourceIdSha256":"3a54d482570424650171e2fc7f6d0aac03600bf28c5a725b30b069f7b8d2b700","sourceOrder":"6","sourceStartPts":"25000000000","sourceEndPts":"25033333333","tapPts":"9433333333","latestFramePts":"9433333333","deltaNs":"-15600000000"}
[http-timing] {"sequence":305,"timelineOrdinal":9,"processOrdinal":2,"method":"GET","routeClass":"timeline","status":200,"headerElapsedMs":477,"bodyElapsedMs":0,"totalElapsedMs":477,"bytes":732952,"phase":"complete","outcome":"ok"}
[timeline-page-observation] {"cycle":197,"processOrdinal":2,"timelineOrdinal":9,"kind":"page","elapsedMs":479.48591699999815,"offset":0,"total":6,"unplacedTotal":9,"states":{"intent":0,"ready":0,"committed":0,"complete":0,"failed":0,"other":0}}
[timeline-page-observation] {"cycle":197,"processOrdinal":2,"timelineOrdinal":9,"kind":"complete","elapsedMs":480.4655419999981,"pages":1,"totalChanged":false,"mixedStates":false,"code":"none"}
[http-timing] {"sequence":306,"timelineOrdinal":null,"processOrdinal":2,"method":"GET","routeClass":"tap","status":200,"headerElapsedMs":1,"bodyElapsedMs":0,"totalElapsedMs":1,"bytes":12036,"phase":"complete","outcome":"ok"}
[restart-boundary-sample] {"processOrdinal":2,"timelineOrdinal":9,"sourceIdSha256":"b7a7f959fa7caeb8defa7080f95d8e7a4ef383ec5cc361fdc472afa9c4b10acf","sourceOrder":"7","sourceStartPts":"0","sourceEndPts":"8333333333","tapPts":"9966666666","latestFramePts":"9966666666","deltaNs":"1633333333"}
[http-timing] {"sequence":307,"timelineOrdinal":10,"processOrdinal":2,"method":"GET","routeClass":"timeline","status":200,"headerElapsedMs":481,"bodyElapsedMs":0,"totalElapsedMs":481,"bytes":732952,"phase":"complete","outcome":"ok"}
[timeline-page-observation] {"cycle":198,"processOrdinal":2,"timelineOrdinal":10,"kind":"page","elapsedMs":483.4521670000031,"offset":0,"total":6,"unplacedTotal":9,"states":{"intent":0,"ready":0,"committed":0,"complete":0,"failed":0,"other":0}}
[timeline-page-observation] {"cycle":198,"processOrdinal":2,"timelineOrdinal":10,"kind":"complete","elapsedMs":484.37887500000215,"pages":1,"totalChanged":false,"mixedStates":false,"code":"none"}
[http-timing] {"sequence":308,"timelineOrdinal":null,"processOrdinal":2,"method":"GET","routeClass":"tap","status":200,"headerElapsedMs":1,"bodyElapsedMs":0,"totalElapsedMs":1,"bytes":12067,"phase":"complete","outcome":"ok"}
[restart-boundary-sample] {"processOrdinal":2,"timelineOrdinal":10,"sourceIdSha256":"b7a7f959fa7caeb8defa7080f95d8e7a4ef383ec5cc361fdc472afa9c4b10acf","sourceOrder":"7","sourceStartPts":"0","sourceEndPts":"8333333333","tapPts":"10633333333","latestFramePts":"10633333333","deltaNs":"2300000000"}
[http-timing] {"sequence":309,"timelineOrdinal":11,"processOrdinal":2,"method":"GET","routeClass":"timeline","status":200,"headerElapsedMs":477,"bodyElapsedMs":0,"totalElapsedMs":478,"bytes":732952,"phase":"complete","outcome":"ok"}
[timeline-page-observation] {"cycle":199,"processOrdinal":2,"timelineOrdinal":11,"kind":"page","elapsedMs":479.76008400000137,"offset":0,"total":6,"unplacedTotal":9,"states":{"intent":0,"ready":0,"committed":0,"complete":0,"failed":0,"other":0}}
[timeline-page-observation] {"cycle":199,"processOrdinal":2,"timelineOrdinal":11,"kind":"complete","elapsedMs":480.66766700000153,"pages":1,"totalChanged":false,"mixedStates":false,"code":"none"}
[http-timing] {"sequence":310,"timelineOrdinal":null,"processOrdinal":2,"method":"GET","routeClass":"tap","status":200,"headerElapsedMs":1,"bodyElapsedMs":0,"totalElapsedMs":1,"bytes":12077,"phase":"complete","outcome":"ok"}
[restart-boundary-sample] {"processOrdinal":2,"timelineOrdinal":11,"sourceIdSha256":"b7a7f959fa7caeb8defa7080f95d8e7a4ef383ec5cc361fdc472afa9c4b10acf","sourceOrder":"7","sourceStartPts":"0","sourceEndPts":"8333333333","tapPts":"11166666666","latestFramePts":"11166666666","deltaNs":"2833333333"}
[http-timing] {"sequence":311,"timelineOrdinal":12,"processOrdinal":2,"method":"GET","routeClass":"timeline","status":200,"headerElapsedMs":478,"bodyElapsedMs":0,"totalElapsedMs":478,"bytes":732952,"phase":"complete","outcome":"ok"}
[timeline-page-observation] {"cycle":200,"processOrdinal":2,"timelineOrdinal":12,"kind":"page","elapsedMs":480.2692920000045,"offset":0,"total":6,"unplacedTotal":9,"states":{"intent":0,"ready":0,"committed":0,"complete":0,"failed":0,"other":0}}
[timeline-page-observation] {"cycle":200,"processOrdinal":2,"timelineOrdinal":12,"kind":"complete","elapsedMs":481.2294580000016,"pages":1,"totalChanged":false,"mixedStates":false,"code":"none"}
[http-timing] {"sequence":312,"timelineOrdinal":null,"processOrdinal":2,"method":"GET","routeClass":"tap","status":200,"headerElapsedMs":1,"bodyElapsedMs":0,"totalElapsedMs":1,"bytes":12093,"phase":"complete","outcome":"ok"}
[restart-boundary-sample] {"processOrdinal":2,"timelineOrdinal":12,"sourceIdSha256":"b7a7f959fa7caeb8defa7080f95d8e7a4ef383ec5cc361fdc472afa9c4b10acf","sourceOrder":"7","sourceStartPts":"0","sourceEndPts":"8333333333","tapPts":"11700000000","latestFramePts":"11700000000","deltaNs":"3366666667"}
[http-timing] {"sequence":313,"timelineOrdinal":13,"processOrdinal":2,"method":"GET","routeClass":"timeline","status":200,"headerElapsedMs":478,"bodyElapsedMs":0,"totalElapsedMs":478,"bytes":732952,"phase":"complete","outcome":"ok"}
[timeline-page-observation] {"cycle":201,"processOrdinal":2,"timelineOrdinal":13,"kind":"page","elapsedMs":480.2406250000058,"offset":0,"total":6,"unplacedTotal":9,"states":{"intent":0,"ready":0,"committed":0,"complete":0,"failed":0,"other":0}}
[timeline-page-observation] {"cycle":201,"processOrdinal":2,"timelineOrdinal":13,"kind":"complete","elapsedMs":481.2050420000014,"pages":1,"totalChanged":false,"mixedStates":false,"code":"none"}
[http-timing] {"sequence":314,"timelineOrdinal":null,"processOrdinal":2,"method":"GET","routeClass":"tap","status":200,"headerElapsedMs":1,"bodyElapsedMs":0,"totalElapsedMs":1,"bytes":12112,"phase":"complete","outcome":"ok"}
[restart-boundary-sample] {"processOrdinal":2,"timelineOrdinal":13,"sourceIdSha256":"b7a7f959fa7caeb8defa7080f95d8e7a4ef383ec5cc361fdc472afa9c4b10acf","sourceOrder":"7","sourceStartPts":"0","sourceEndPts":"8333333333","tapPts":"12366666666","latestFramePts":"12366666666","deltaNs":"4033333333"}
[http-timing] {"sequence":315,"timelineOrdinal":14,"processOrdinal":2,"method":"GET","routeClass":"timeline","status":200,"headerElapsedMs":481,"bodyElapsedMs":0,"totalElapsedMs":481,"bytes":732952,"phase":"complete","outcome":"ok"}
[timeline-page-observation] {"cycle":202,"processOrdinal":2,"timelineOrdinal":14,"kind":"page","elapsedMs":483.22420799999963,"offset":0,"total":6,"unplacedTotal":9,"states":{"intent":0,"ready":0,"committed":0,"complete":0,"failed":0,"other":0}}
[timeline-page-observation] {"cycle":202,"processOrdinal":2,"timelineOrdinal":14,"kind":"complete","elapsedMs":484.14983299999585,"pages":1,"totalChanged":false,"mixedStates":false,"code":"none"}
[http-timing] {"sequence":316,"timelineOrdinal":null,"processOrdinal":2,"method":"GET","routeClass":"tap","status":200,"headerElapsedMs":1,"bodyElapsedMs":0,"totalElapsedMs":1,"bytes":12123,"phase":"complete","outcome":"ok"}
[restart-boundary-sample] {"processOrdinal":2,"timelineOrdinal":14,"sourceIdSha256":"b7a7f959fa7caeb8defa7080f95d8e7a4ef383ec5cc361fdc472afa9c4b10acf","sourceOrder":"7","sourceStartPts":"0","sourceEndPts":"8333333333","tapPts":"12900000000","latestFramePts":"12900000000","deltaNs":"4566666667"}
[http-timing] {"sequence":317,"timelineOrdinal":15,"processOrdinal":2,"method":"GET","routeClass":"timeline","status":200,"headerElapsedMs":483,"bodyElapsedMs":0,"totalElapsedMs":484,"bytes":732952,"phase":"complete","outcome":"ok"}
[timeline-page-observation] {"cycle":203,"processOrdinal":2,"timelineOrdinal":15,"kind":"page","elapsedMs":486.02895900000294,"offset":0,"total":6,"unplacedTotal":9,"states":{"intent":0,"ready":0,"committed":0,"complete":0,"failed":0,"other":0}}
[timeline-page-observation] {"cycle":203,"processOrdinal":2,"timelineOrdinal":15,"kind":"complete","elapsedMs":487.1603749999995,"pages":1,"totalChanged":false,"mixedStates":false,"code":"none"}
[http-timing] {"sequence":318,"timelineOrdinal":null,"processOrdinal":2,"method":"GET","routeClass":"tap","status":200,"headerElapsedMs":1,"bodyElapsedMs":0,"totalElapsedMs":1,"bytes":12147,"phase":"complete","outcome":"ok"}
[restart-boundary-sample] {"processOrdinal":2,"timelineOrdinal":15,"sourceIdSha256":"b7a7f959fa7caeb8defa7080f95d8e7a4ef383ec5cc361fdc472afa9c4b10acf","sourceOrder":"7","sourceStartPts":"0","sourceEndPts":"8333333333","tapPts":"13466666666","latestFramePts":"13466666666","deltaNs":"5133333333"}
[http-timing] {"sequence":319,"timelineOrdinal":16,"processOrdinal":2,"method":"GET","routeClass":"timeline","status":200,"headerElapsedMs":477,"bodyElapsedMs":1,"totalElapsedMs":478,"bytes":732952,"phase":"complete","outcome":"ok"}
[timeline-page-observation] {"cycle":204,"processOrdinal":2,"timelineOrdinal":16,"kind":"page","elapsedMs":479.747374999999,"offset":0,"total":6,"unplacedTotal":9,"states":{"intent":0,"ready":0,"committed":0,"complete":0,"failed":0,"other":0}}
[timeline-page-observation] {"cycle":204,"processOrdinal":2,"timelineOrdinal":16,"kind":"complete","elapsedMs":480.6078340000022,"pages":1,"totalChanged":false,"mixedStates":false,"code":"none"}
[http-timing] {"sequence":320,"timelineOrdinal":null,"processOrdinal":2,"method":"GET","routeClass":"tap","status":200,"headerElapsedMs":1,"bodyElapsedMs":0,"totalElapsedMs":1,"bytes":10339,"phase":"complete","outcome":"ok"}
[restart-boundary-sample] {"processOrdinal":2,"timelineOrdinal":16,"sourceIdSha256":"b7a7f959fa7caeb8defa7080f95d8e7a4ef383ec5cc361fdc472afa9c4b10acf","sourceOrder":"7","sourceStartPts":"0","sourceEndPts":"8333333333","tapPts":"14166666666","latestFramePts":"14166666666","deltaNs":"5833333333"}
[http-timing] {"sequence":321,"timelineOrdinal":17,"processOrdinal":2,"method":"GET","routeClass":"timeline","status":200,"headerElapsedMs":480,"bodyElapsedMs":0,"totalElapsedMs":480,"bytes":732952,"phase":"complete","outcome":"ok"}
[timeline-page-observation] {"cycle":205,"processOrdinal":2,"timelineOrdinal":17,"kind":"page","elapsedMs":482.0653750000056,"offset":0,"total":6,"unplacedTotal":9,"states":{"intent":0,"ready":0,"committed":0,"complete":0,"failed":0,"other":0}}
[timeline-page-observation] {"cycle":205,"processOrdinal":2,"timelineOrdinal":17,"kind":"complete","elapsedMs":483.0181250000023,"pages":1,"totalChanged":false,"mixedStates":false,"code":"none"}
[http-timing] {"sequence":322,"timelineOrdinal":null,"processOrdinal":2,"method":"GET","routeClass":"tap","status":200,"headerElapsedMs":1,"bodyElapsedMs":0,"totalElapsedMs":1,"bytes":10344,"phase":"complete","outcome":"ok"}
[restart-boundary-sample] {"processOrdinal":2,"timelineOrdinal":17,"sourceIdSha256":"b7a7f959fa7caeb8defa7080f95d8e7a4ef383ec5cc361fdc472afa9c4b10acf","sourceOrder":"7","sourceStartPts":"0","sourceEndPts":"8333333333","tapPts":"14700000000","latestFramePts":"14700000000","deltaNs":"6366666667"}
[http-timing] {"sequence":323,"timelineOrdinal":18,"processOrdinal":2,"method":"GET","routeClass":"timeline","status":200,"headerElapsedMs":481,"bodyElapsedMs":0,"totalElapsedMs":481,"bytes":732952,"phase":"complete","outcome":"ok"}
[timeline-page-observation] {"cycle":206,"processOrdinal":2,"timelineOrdinal":18,"kind":"page","elapsedMs":483.32220800000505,"offset":0,"total":6,"unplacedTotal":9,"states":{"intent":0,"ready":0,"committed":0,"complete":0,"failed":0,"other":0}}
[timeline-page-observation] {"cycle":206,"processOrdinal":2,"timelineOrdinal":18,"kind":"complete","elapsedMs":484.2306250000038,"pages":1,"totalChanged":false,"mixedStates":false,"code":"none"}
[http-timing] {"sequence":324,"timelineOrdinal":null,"processOrdinal":2,"method":"GET","routeClass":"tap","status":200,"headerElapsedMs":1,"bodyElapsedMs":0,"totalElapsedMs":1,"bytes":12177,"phase":"complete","outcome":"ok"}
[restart-boundary-sample] {"processOrdinal":2,"timelineOrdinal":18,"sourceIdSha256":"b7a7f959fa7caeb8defa7080f95d8e7a4ef383ec5cc361fdc472afa9c4b10acf","sourceOrder":"7","sourceStartPts":"0","sourceEndPts":"8333333333","tapPts":"15233333333","latestFramePts":"15233333333","deltaNs":"6900000000"}
[http-timing] {"sequence":325,"timelineOrdinal":19,"processOrdinal":2,"method":"GET","routeClass":"timeline","status":200,"headerElapsedMs":479,"bodyElapsedMs":0,"totalElapsedMs":480,"bytes":732952,"phase":"complete","outcome":"ok"}
[timeline-page-observation] {"cycle":207,"processOrdinal":2,"timelineOrdinal":19,"kind":"page","elapsedMs":481.9224580000009,"offset":0,"total":6,"unplacedTotal":9,"states":{"intent":0,"ready":0,"committed":0,"complete":0,"failed":0,"other":0}}
[timeline-page-observation] {"cycle":207,"processOrdinal":2,"timelineOrdinal":19,"kind":"complete","elapsedMs":482.7920830000003,"pages":1,"totalChanged":false,"mixedStates":false,"code":"none"}
[http-timing] {"sequence":326,"timelineOrdinal":null,"processOrdinal":2,"method":"GET","routeClass":"tap","status":200,"headerElapsedMs":1,"bodyElapsedMs":0,"totalElapsedMs":1,"bytes":12179,"phase":"complete","outcome":"ok"}
[restart-boundary-sample] {"processOrdinal":2,"timelineOrdinal":19,"sourceIdSha256":"b7a7f959fa7caeb8defa7080f95d8e7a4ef383ec5cc361fdc472afa9c4b10acf","sourceOrder":"7","sourceStartPts":"0","sourceEndPts":"8333333333","tapPts":"15900000000","latestFramePts":"15900000000","deltaNs":"7566666667"}
[http-timing] {"sequence":327,"timelineOrdinal":20,"processOrdinal":2,"method":"GET","routeClass":"timeline","status":200,"headerElapsedMs":480,"bodyElapsedMs":0,"totalElapsedMs":480,"bytes":732952,"phase":"complete","outcome":"ok"}
[timeline-page-observation] {"cycle":208,"processOrdinal":2,"timelineOrdinal":20,"kind":"page","elapsedMs":482.0604999999996,"offset":0,"total":6,"unplacedTotal":9,"states":{"intent":0,"ready":0,"committed":0,"complete":0,"failed":0,"other":0}}
[timeline-page-observation] {"cycle":208,"processOrdinal":2,"timelineOrdinal":20,"kind":"complete","elapsedMs":482.9524590000001,"pages":1,"totalChanged":false,"mixedStates":false,"code":"none"}
[http-timing] {"sequence":328,"timelineOrdinal":null,"processOrdinal":2,"method":"GET","routeClass":"tap","status":200,"headerElapsedMs":1,"bodyElapsedMs":0,"totalElapsedMs":1,"bytes":12187,"phase":"complete","outcome":"ok"}
[restart-boundary-sample] {"processOrdinal":2,"timelineOrdinal":20,"sourceIdSha256":"b7a7f959fa7caeb8defa7080f95d8e7a4ef383ec5cc361fdc472afa9c4b10acf","sourceOrder":"7","sourceStartPts":"0","sourceEndPts":"8333333333","tapPts":"16433333333","latestFramePts":"16433333333","deltaNs":"8100000000"}
[http-timing] {"sequence":329,"timelineOrdinal":21,"processOrdinal":2,"method":"GET","routeClass":"timeline","status":200,"headerElapsedMs":523,"bodyElapsedMs":0,"totalElapsedMs":523,"bytes":732952,"phase":"complete","outcome":"ok"}
[timeline-page-observation] {"cycle":209,"processOrdinal":2,"timelineOrdinal":21,"kind":"page","elapsedMs":525.3212080000012,"offset":0,"total":6,"unplacedTotal":9,"states":{"intent":0,"ready":0,"committed":0,"complete":0,"failed":0,"other":0}}
[timeline-page-observation] {"cycle":209,"processOrdinal":2,"timelineOrdinal":21,"kind":"complete","elapsedMs":526.2245830000029,"pages":1,"totalChanged":false,"mixedStates":false,"code":"none"}
[http-timing] {"sequence":330,"timelineOrdinal":null,"processOrdinal":2,"method":"GET","routeClass":"tap","status":200,"headerElapsedMs":3,"bodyElapsedMs":0,"totalElapsedMs":3,"bytes":12189,"phase":"complete","outcome":"ok"}
[restart-boundary-sample] {"processOrdinal":2,"timelineOrdinal":21,"sourceIdSha256":"b7a7f959fa7caeb8defa7080f95d8e7a4ef383ec5cc361fdc472afa9c4b10acf","sourceOrder":"7","sourceStartPts":"0","sourceEndPts":"8333333333","tapPts":"17100000000","latestFramePts":"17100000000","deltaNs":"8766666667"}
[http-timing] {"sequence":331,"timelineOrdinal":22,"processOrdinal":2,"method":"GET","routeClass":"timeline","status":200,"headerElapsedMs":489,"bodyElapsedMs":0,"totalElapsedMs":489,"bytes":849328,"phase":"complete","outcome":"ok"}
[timeline-page-observation] {"cycle":210,"processOrdinal":2,"timelineOrdinal":22,"kind":"page","elapsedMs":491.3918330000015,"offset":0,"total":6,"unplacedTotal":10,"states":{"intent":0,"ready":0,"committed":0,"complete":0,"failed":0,"other":0}}
[timeline-page-observation] {"cycle":210,"processOrdinal":2,"timelineOrdinal":22,"kind":"complete","elapsedMs":492.424500000001,"pages":1,"totalChanged":false,"mixedStates":false,"code":"none"}
[http-timing] {"sequence":332,"timelineOrdinal":null,"processOrdinal":2,"method":"GET","routeClass":"tap","status":200,"headerElapsedMs":1,"bodyElapsedMs":0,"totalElapsedMs":1,"bytes":12194,"phase":"complete","outcome":"ok"}
[restart-boundary-sample] {"processOrdinal":2,"timelineOrdinal":22,"sourceIdSha256":"aeb84bbfa6fb444bfce4dc1458bc72bb2a413b5cd70af7d701d1d3408ff8c71d","sourceOrder":"8","sourceStartPts":"8333333333","sourceEndPts":"16666666666","tapPts":"17633333333","latestFramePts":"17633333333","deltaNs":"966666667"}
[http-timing] {"sequence":333,"timelineOrdinal":23,"processOrdinal":2,"method":"GET","routeClass":"timeline","status":200,"headerElapsedMs":491,"bodyElapsedMs":0,"totalElapsedMs":491,"bytes":849328,"phase":"complete","outcome":"ok"}
[timeline-page-observation] {"cycle":211,"processOrdinal":2,"timelineOrdinal":23,"kind":"page","elapsedMs":493.37991599999805,"offset":0,"total":6,"unplacedTotal":10,"states":{"intent":0,"ready":0,"committed":0,"complete":0,"failed":0,"other":0}}
[timeline-page-observation] {"cycle":211,"processOrdinal":2,"timelineOrdinal":23,"kind":"complete","elapsedMs":494.4224580000009,"pages":1,"totalChanged":false,"mixedStates":false,"code":"none"}
[http-timing] {"sequence":334,"timelineOrdinal":null,"processOrdinal":2,"method":"GET","routeClass":"tap","status":200,"headerElapsedMs":1,"bodyElapsedMs":0,"totalElapsedMs":1,"bytes":12201,"phase":"complete","outcome":"ok"}
[restart-boundary-sample] {"processOrdinal":2,"timelineOrdinal":23,"sourceIdSha256":"aeb84bbfa6fb444bfce4dc1458bc72bb2a413b5cd70af7d701d1d3408ff8c71d","sourceOrder":"8","sourceStartPts":"8333333333","sourceEndPts":"16666666666","tapPts":"18300000000","latestFramePts":"18300000000","deltaNs":"1633333334"}
[http-timing] {"sequence":335,"timelineOrdinal":24,"processOrdinal":2,"method":"GET","routeClass":"timeline","status":200,"headerElapsedMs":489,"bodyElapsedMs":0,"totalElapsedMs":490,"bytes":849328,"phase":"complete","outcome":"ok"}
[timeline-page-observation] {"cycle":212,"processOrdinal":2,"timelineOrdinal":24,"kind":"page","elapsedMs":492.2378749999989,"offset":0,"total":6,"unplacedTotal":10,"states":{"intent":0,"ready":0,"committed":0,"complete":0,"failed":0,"other":0}}
[timeline-page-observation] {"cycle":212,"processOrdinal":2,"timelineOrdinal":24,"kind":"complete","elapsedMs":493.2744590000002,"pages":1,"totalChanged":false,"mixedStates":false,"code":"none"}
[http-timing] {"sequence":336,"timelineOrdinal":null,"processOrdinal":2,"method":"GET","routeClass":"tap","status":200,"headerElapsedMs":1,"bodyElapsedMs":0,"totalElapsedMs":1,"bytes":12200,"phase":"complete","outcome":"ok"}
[restart-boundary-sample] {"processOrdinal":2,"timelineOrdinal":24,"sourceIdSha256":"aeb84bbfa6fb444bfce4dc1458bc72bb2a413b5cd70af7d701d1d3408ff8c71d","sourceOrder":"8","sourceStartPts":"8333333333","sourceEndPts":"16666666666","tapPts":"18866666666","latestFramePts":"18866666666","deltaNs":"2200000000"}
[http-timing] {"sequence":337,"timelineOrdinal":25,"processOrdinal":2,"method":"GET","routeClass":"timeline","status":200,"headerElapsedMs":492,"bodyElapsedMs":0,"totalElapsedMs":492,"bytes":849328,"phase":"complete","outcome":"ok"}
[timeline-page-observation] {"cycle":213,"processOrdinal":2,"timelineOrdinal":25,"kind":"page","elapsedMs":494.2449579999957,"offset":0,"total":6,"unplacedTotal":10,"states":{"intent":0,"ready":0,"committed":0,"complete":0,"failed":0,"other":0}}
[timeline-page-observation] {"cycle":213,"processOrdinal":2,"timelineOrdinal":25,"kind":"complete","elapsedMs":495.2719999999972,"pages":1,"totalChanged":false,"mixedStates":false,"code":"none"}
[http-timing] {"sequence":338,"timelineOrdinal":null,"processOrdinal":2,"method":"GET","routeClass":"tap","status":200,"headerElapsedMs":1,"bodyElapsedMs":0,"totalElapsedMs":1,"bytes":12192,"phase":"complete","outcome":"ok"}
[restart-boundary-sample] {"processOrdinal":2,"timelineOrdinal":25,"sourceIdSha256":"aeb84bbfa6fb444bfce4dc1458bc72bb2a413b5cd70af7d701d1d3408ff8c71d","sourceOrder":"8","sourceStartPts":"8333333333","sourceEndPts":"16666666666","tapPts":"19533333333","latestFramePts":"19533333333","deltaNs":"2866666667"}
[http-timing] {"sequence":339,"timelineOrdinal":26,"processOrdinal":2,"method":"GET","routeClass":"timeline","status":200,"headerElapsedMs":492,"bodyElapsedMs":0,"totalElapsedMs":492,"bytes":849328,"phase":"complete","outcome":"ok"}
[timeline-page-observation] {"cycle":214,"processOrdinal":2,"timelineOrdinal":26,"kind":"page","elapsedMs":494.2322920000006,"offset":0,"total":6,"unplacedTotal":10,"states":{"intent":0,"ready":0,"committed":0,"complete":0,"failed":0,"other":0}}
[timeline-page-observation] {"cycle":214,"processOrdinal":2,"timelineOrdinal":26,"kind":"complete","elapsedMs":495.349000000002,"pages":1,"totalChanged":false,"mixedStates":false,"code":"none"}
[http-timing] {"sequence":340,"timelineOrdinal":null,"processOrdinal":2,"method":"GET","routeClass":"tap","status":200,"headerElapsedMs":1,"bodyElapsedMs":0,"totalElapsedMs":1,"bytes":12200,"phase":"complete","outcome":"ok"}
[restart-boundary-sample] {"processOrdinal":2,"timelineOrdinal":26,"sourceIdSha256":"aeb84bbfa6fb444bfce4dc1458bc72bb2a413b5cd70af7d701d1d3408ff8c71d","sourceOrder":"8","sourceStartPts":"8333333333","sourceEndPts":"16666666666","tapPts":"20066666666","latestFramePts":"20066666666","deltaNs":"3400000000"}
[http-timing] {"sequence":341,"timelineOrdinal":27,"processOrdinal":2,"method":"GET","routeClass":"timeline","status":200,"headerElapsedMs":491,"bodyElapsedMs":0,"totalElapsedMs":491,"bytes":849328,"phase":"complete","outcome":"ok"}
[timeline-page-observation] {"cycle":215,"processOrdinal":2,"timelineOrdinal":27,"kind":"page","elapsedMs":493.82049999999435,"offset":0,"total":6,"unplacedTotal":10,"states":{"intent":0,"ready":0,"committed":0,"complete":0,"failed":0,"other":0}}
[timeline-page-observation] {"cycle":215,"processOrdinal":2,"timelineOrdinal":27,"kind":"complete","elapsedMs":494.9834999999948,"pages":1,"totalChanged":false,"mixedStates":false,"code":"none"}
[http-timing] {"sequence":342,"timelineOrdinal":null,"processOrdinal":2,"method":"GET","routeClass":"tap","status":200,"headerElapsedMs":1,"bodyElapsedMs":0,"totalElapsedMs":1,"bytes":12199,"phase":"complete","outcome":"ok"}
[restart-boundary-sample] {"processOrdinal":2,"timelineOrdinal":27,"sourceIdSha256":"aeb84bbfa6fb444bfce4dc1458bc72bb2a413b5cd70af7d701d1d3408ff8c71d","sourceOrder":"8","sourceStartPts":"8333333333","sourceEndPts":"16666666666","tapPts":"20733333333","latestFramePts":"20733333333","deltaNs":"4066666667"}
[http-timing] {"sequence":343,"timelineOrdinal":28,"processOrdinal":2,"method":"GET","routeClass":"timeline","status":200,"headerElapsedMs":495,"bodyElapsedMs":0,"totalElapsedMs":495,"bytes":849328,"phase":"complete","outcome":"ok"}
[timeline-page-observation] {"cycle":216,"processOrdinal":2,"timelineOrdinal":28,"kind":"page","elapsedMs":497.58124999999563,"offset":0,"total":6,"unplacedTotal":10,"states":{"intent":0,"ready":0,"committed":0,"complete":0,"failed":0,"other":0}}
[timeline-page-observation] {"cycle":216,"processOrdinal":2,"timelineOrdinal":28,"kind":"complete","elapsedMs":498.643624999997,"pages":1,"totalChanged":false,"mixedStates":false,"code":"none"}
[http-timing] {"sequence":344,"timelineOrdinal":null,"processOrdinal":2,"method":"GET","routeClass":"tap","status":200,"headerElapsedMs":1,"bodyElapsedMs":0,"totalElapsedMs":1,"bytes":12195,"phase":"complete","outcome":"ok"}
[restart-boundary-sample] {"processOrdinal":2,"timelineOrdinal":28,"sourceIdSha256":"aeb84bbfa6fb444bfce4dc1458bc72bb2a413b5cd70af7d701d1d3408ff8c71d","sourceOrder":"8","sourceStartPts":"8333333333","sourceEndPts":"16666666666","tapPts":"21266666666","latestFramePts":"21266666666","deltaNs":"4600000000"}
[http-timing] {"sequence":345,"timelineOrdinal":29,"processOrdinal":2,"method":"GET","routeClass":"timeline","status":200,"headerElapsedMs":492,"bodyElapsedMs":0,"totalElapsedMs":492,"bytes":849328,"phase":"complete","outcome":"ok"}
[timeline-page-observation] {"cycle":217,"processOrdinal":2,"timelineOrdinal":29,"kind":"page","elapsedMs":494.3676670000059,"offset":0,"total":6,"unplacedTotal":10,"states":{"intent":0,"ready":0,"committed":0,"complete":0,"failed":0,"other":0}}
[timeline-page-observation] {"cycle":217,"processOrdinal":2,"timelineOrdinal":29,"kind":"complete","elapsedMs":495.3569590000043,"pages":1,"totalChanged":false,"mixedStates":false,"code":"none"}
[http-timing] {"sequence":346,"timelineOrdinal":null,"processOrdinal":2,"method":"GET","routeClass":"tap","status":200,"headerElapsedMs":1,"bodyElapsedMs":0,"totalElapsedMs":1,"bytes":12194,"phase":"complete","outcome":"ok"}
[restart-boundary-sample] {"processOrdinal":2,"timelineOrdinal":29,"sourceIdSha256":"aeb84bbfa6fb444bfce4dc1458bc72bb2a413b5cd70af7d701d1d3408ff8c71d","sourceOrder":"8","sourceStartPts":"8333333333","sourceEndPts":"16666666666","tapPts":"21933333333","latestFramePts":"21933333333","deltaNs":"5266666667"}
[http-timing] {"sequence":347,"timelineOrdinal":30,"processOrdinal":2,"method":"GET","routeClass":"timeline","status":200,"headerElapsedMs":493,"bodyElapsedMs":0,"totalElapsedMs":494,"bytes":849328,"phase":"complete","outcome":"ok"}
[timeline-page-observation] {"cycle":218,"processOrdinal":2,"timelineOrdinal":30,"kind":"page","elapsedMs":496.07295899999735,"offset":0,"total":6,"unplacedTotal":10,"states":{"intent":0,"ready":0,"committed":0,"complete":0,"failed":0,"other":0}}
[timeline-page-observation] {"cycle":218,"processOrdinal":2,"timelineOrdinal":30,"kind":"complete","elapsedMs":497.0859169999967,"pages":1,"totalChanged":false,"mixedStates":false,"code":"none"}
[http-timing] {"sequence":348,"timelineOrdinal":null,"processOrdinal":2,"method":"GET","routeClass":"tap","status":200,"headerElapsedMs":1,"bodyElapsedMs":0,"totalElapsedMs":1,"bytes":12196,"phase":"complete","outcome":"ok"}
[restart-boundary-sample] {"processOrdinal":2,"timelineOrdinal":30,"sourceIdSha256":"aeb84bbfa6fb444bfce4dc1458bc72bb2a413b5cd70af7d701d1d3408ff8c71d","sourceOrder":"8","sourceStartPts":"8333333333","sourceEndPts":"16666666666","tapPts":"22466666666","latestFramePts":"22466666666","deltaNs":"5800000000"}
[http-timing] {"sequence":349,"timelineOrdinal":31,"processOrdinal":2,"method":"GET","routeClass":"timeline","status":200,"headerElapsedMs":493,"bodyElapsedMs":1,"totalElapsedMs":493,"bytes":849328,"phase":"complete","outcome":"ok"}
[timeline-page-observation] {"cycle":219,"processOrdinal":2,"timelineOrdinal":31,"kind":"page","elapsedMs":495.4411670000045,"offset":0,"total":6,"unplacedTotal":10,"states":{"intent":0,"ready":0,"committed":0,"complete":0,"failed":0,"other":0}}
[timeline-page-observation] {"cycle":219,"processOrdinal":2,"timelineOrdinal":31,"kind":"complete","elapsedMs":496.4831670000058,"pages":1,"totalChanged":false,"mixedStates":false,"code":"none"}
[http-timing] {"sequence":350,"timelineOrdinal":null,"processOrdinal":2,"method":"GET","routeClass":"tap","status":200,"headerElapsedMs":1,"bodyElapsedMs":0,"totalElapsedMs":1,"bytes":12194,"phase":"complete","outcome":"ok"}
[restart-boundary-sample] {"processOrdinal":2,"timelineOrdinal":31,"sourceIdSha256":"aeb84bbfa6fb444bfce4dc1458bc72bb2a413b5cd70af7d701d1d3408ff8c71d","sourceOrder":"8","sourceStartPts":"8333333333","sourceEndPts":"16666666666","tapPts":"23133333333","latestFramePts":"23133333333","deltaNs":"6466666667"}
[http-timing] {"sequence":351,"timelineOrdinal":32,"processOrdinal":2,"method":"GET","routeClass":"timeline","status":200,"headerElapsedMs":492,"bodyElapsedMs":0,"totalElapsedMs":492,"bytes":849328,"phase":"complete","outcome":"ok"}
[timeline-page-observation] {"cycle":220,"processOrdinal":2,"timelineOrdinal":32,"kind":"page","elapsedMs":494.59412500000326,"offset":0,"total":6,"unplacedTotal":10,"states":{"intent":0,"ready":0,"committed":0,"complete":0,"failed":0,"other":0}}
[timeline-page-observation] {"cycle":220,"processOrdinal":2,"timelineOrdinal":32,"kind":"complete","elapsedMs":495.5974580000038,"pages":1,"totalChanged":false,"mixedStates":false,"code":"none"}
[http-timing] {"sequence":352,"timelineOrdinal":null,"processOrdinal":2,"method":"GET","routeClass":"tap","status":200,"headerElapsedMs":1,"bodyElapsedMs":0,"totalElapsedMs":1,"bytes":12203,"phase":"complete","outcome":"ok"}
[restart-boundary-sample] {"processOrdinal":2,"timelineOrdinal":32,"sourceIdSha256":"aeb84bbfa6fb444bfce4dc1458bc72bb2a413b5cd70af7d701d1d3408ff8c71d","sourceOrder":"8","sourceStartPts":"8333333333","sourceEndPts":"16666666666","tapPts":"23666666666","latestFramePts":"23666666666","deltaNs":"7000000000"}
[http-timing] {"sequence":353,"timelineOrdinal":33,"processOrdinal":2,"method":"GET","routeClass":"timeline","status":200,"headerElapsedMs":493,"bodyElapsedMs":0,"totalElapsedMs":493,"bytes":849328,"phase":"complete","outcome":"ok"}
[timeline-page-observation] {"cycle":221,"processOrdinal":2,"timelineOrdinal":33,"kind":"page","elapsedMs":495.6607920000024,"offset":0,"total":6,"unplacedTotal":10,"states":{"intent":0,"ready":0,"committed":0,"complete":0,"failed":0,"other":0}}
[timeline-page-observation] {"cycle":221,"processOrdinal":2,"timelineOrdinal":33,"kind":"complete","elapsedMs":496.6578750000044,"pages":1,"totalChanged":false,"mixedStates":false,"code":"none"}
[http-timing] {"sequence":354,"timelineOrdinal":null,"processOrdinal":2,"method":"GET","routeClass":"tap","status":200,"headerElapsedMs":1,"bodyElapsedMs":0,"totalElapsedMs":1,"bytes":12210,"phase":"complete","outcome":"ok"}
[restart-boundary-sample] {"processOrdinal":2,"timelineOrdinal":33,"sourceIdSha256":"aeb84bbfa6fb444bfce4dc1458bc72bb2a413b5cd70af7d701d1d3408ff8c71d","sourceOrder":"8","sourceStartPts":"8333333333","sourceEndPts":"16666666666","tapPts":"24333333333","latestFramePts":"24333333333","deltaNs":"7666666667"}
[http-timing] {"sequence":355,"timelineOrdinal":34,"processOrdinal":2,"method":"GET","routeClass":"timeline","status":200,"headerElapsedMs":491,"bodyElapsedMs":1,"totalElapsedMs":491,"bytes":849328,"phase":"complete","outcome":"ok"}
[timeline-page-observation] {"cycle":222,"processOrdinal":2,"timelineOrdinal":34,"kind":"page","elapsedMs":493.6689169999954,"offset":0,"total":6,"unplacedTotal":10,"states":{"intent":0,"ready":0,"committed":0,"complete":0,"failed":0,"other":0}}
[timeline-page-observation] {"cycle":222,"processOrdinal":2,"timelineOrdinal":34,"kind":"complete","elapsedMs":494.68720799999574,"pages":1,"totalChanged":false,"mixedStates":false,"code":"none"}
[http-timing] {"sequence":356,"timelineOrdinal":null,"processOrdinal":2,"method":"GET","routeClass":"tap","status":200,"headerElapsedMs":1,"bodyElapsedMs":0,"totalElapsedMs":1,"bytes":12206,"phase":"complete","outcome":"ok"}
[restart-boundary-sample] {"processOrdinal":2,"timelineOrdinal":34,"sourceIdSha256":"aeb84bbfa6fb444bfce4dc1458bc72bb2a413b5cd70af7d701d1d3408ff8c71d","sourceOrder":"8","sourceStartPts":"8333333333","sourceEndPts":"16666666666","tapPts":"24866666666","latestFramePts":"24866666666","deltaNs":"8200000000"}
[http-timing] {"sequence":357,"timelineOrdinal":35,"processOrdinal":2,"method":"GET","routeClass":"timeline","status":200,"headerElapsedMs":533,"bodyElapsedMs":0,"totalElapsedMs":533,"bytes":849328,"phase":"complete","outcome":"ok"}
[timeline-page-observation] {"cycle":223,"processOrdinal":2,"timelineOrdinal":35,"kind":"page","elapsedMs":535.484375,"offset":0,"total":6,"unplacedTotal":10,"states":{"intent":0,"ready":0,"committed":0,"complete":0,"failed":0,"other":0}}
[timeline-page-observation] {"cycle":223,"processOrdinal":2,"timelineOrdinal":35,"kind":"complete","elapsedMs":536.505167000003,"pages":1,"totalChanged":false,"mixedStates":false,"code":"none"}
[http-timing] {"sequence":358,"timelineOrdinal":null,"processOrdinal":2,"method":"GET","routeClass":"tap","status":200,"headerElapsedMs":1,"bodyElapsedMs":0,"totalElapsedMs":1,"bytes":12208,"phase":"complete","outcome":"ok"}
[restart-boundary-sample] {"processOrdinal":2,"timelineOrdinal":35,"sourceIdSha256":"aeb84bbfa6fb444bfce4dc1458bc72bb2a413b5cd70af7d701d1d3408ff8c71d","sourceOrder":"8","sourceStartPts":"8333333333","sourceEndPts":"16666666666","tapPts":"25566666666","latestFramePts":"25566666666","deltaNs":"8900000000"}
[http-timing] {"sequence":359,"timelineOrdinal":36,"processOrdinal":2,"method":"GET","routeClass":"timeline","status":200,"headerElapsedMs":504,"bodyElapsedMs":0,"totalElapsedMs":505,"bytes":965604,"phase":"complete","outcome":"ok"}
[timeline-page-observation] {"cycle":224,"processOrdinal":2,"timelineOrdinal":36,"kind":"page","elapsedMs":507.26820799999405,"offset":0,"total":7,"unplacedTotal":11,"states":{"intent":0,"ready":0,"committed":0,"complete":0,"failed":0,"other":0}}
[timeline-page-observation] {"cycle":224,"processOrdinal":2,"timelineOrdinal":36,"kind":"complete","elapsedMs":508.3947499999995,"pages":1,"totalChanged":false,"mixedStates":false,"code":"none"}
[http-timing] {"sequence":360,"timelineOrdinal":null,"processOrdinal":2,"method":"GET","routeClass":"tap","status":200,"headerElapsedMs":1,"bodyElapsedMs":0,"totalElapsedMs":1,"bytes":12206,"phase":"complete","outcome":"ok"}
[restart-boundary-sample] {"processOrdinal":2,"timelineOrdinal":36,"sourceIdSha256":"e77115bbd57c9f298d62a1417f64a06c072905979bcdd8a9f6357d14fd6adcac","sourceOrder":"9","sourceStartPts":"16666666666","sourceEndPts":"24999999999","tapPts":"26100000000","latestFramePts":"26100000000","deltaNs":"1100000001"}
[http-timing] {"sequence":361,"timelineOrdinal":37,"processOrdinal":2,"method":"GET","routeClass":"timeline","status":200,"headerElapsedMs":513,"bodyElapsedMs":1,"totalElapsedMs":514,"bytes":965604,"phase":"complete","outcome":"ok"}
[timeline-page-observation] {"cycle":225,"processOrdinal":2,"timelineOrdinal":37,"kind":"page","elapsedMs":516.541750000004,"offset":0,"total":7,"unplacedTotal":11,"states":{"intent":0,"ready":0,"committed":0,"complete":0,"failed":0,"other":0}}
[timeline-page-observation] {"cycle":225,"processOrdinal":2,"timelineOrdinal":37,"kind":"complete","elapsedMs":517.7347080000036,"pages":1,"totalChanged":false,"mixedStates":false,"code":"none"}
[http-timing] {"sequence":362,"timelineOrdinal":null,"processOrdinal":2,"method":"GET","routeClass":"tap","status":200,"headerElapsedMs":1,"bodyElapsedMs":0,"totalElapsedMs":1,"bytes":12214,"phase":"complete","outcome":"ok"}
[restart-boundary-sample] {"processOrdinal":2,"timelineOrdinal":37,"sourceIdSha256":"e77115bbd57c9f298d62a1417f64a06c072905979bcdd8a9f6357d14fd6adcac","sourceOrder":"9","sourceStartPts":"16666666666","sourceEndPts":"24999999999","tapPts":"26766666666","latestFramePts":"26766666666","deltaNs":"1766666667"}
[http-timing] {"sequence":363,"timelineOrdinal":38,"processOrdinal":2,"method":"GET","routeClass":"timeline","status":200,"headerElapsedMs":507,"bodyElapsedMs":0,"totalElapsedMs":507,"bytes":965604,"phase":"complete","outcome":"ok"}
[timeline-page-observation] {"cycle":226,"processOrdinal":2,"timelineOrdinal":38,"kind":"page","elapsedMs":509.9153329999972,"offset":0,"total":7,"unplacedTotal":11,"states":{"intent":0,"ready":0,"committed":0,"complete":0,"failed":0,"other":0}}
[timeline-page-observation] {"cycle":226,"processOrdinal":2,"timelineOrdinal":38,"kind":"complete","elapsedMs":511.25195799999346,"pages":1,"totalChanged":false,"mixedStates":false,"code":"none"}
[http-timing] {"sequence":364,"timelineOrdinal":null,"processOrdinal":2,"method":"GET","routeClass":"tap","status":200,"headerElapsedMs":1,"bodyElapsedMs":0,"totalElapsedMs":1,"bytes":12225,"phase":"complete","outcome":"ok"}
[restart-boundary-sample] {"processOrdinal":2,"timelineOrdinal":38,"sourceIdSha256":"e77115bbd57c9f298d62a1417f64a06c072905979bcdd8a9f6357d14fd6adcac","sourceOrder":"9","sourceStartPts":"16666666666","sourceEndPts":"24999999999","tapPts":"27433333333","latestFramePts":"27433333333","deltaNs":"2433333334"}
[http-timing] {"sequence":365,"timelineOrdinal":39,"processOrdinal":2,"method":"GET","routeClass":"timeline","status":200,"headerElapsedMs":505,"bodyElapsedMs":0,"totalElapsedMs":505,"bytes":965604,"phase":"complete","outcome":"ok"}
[timeline-page-observation] {"cycle":227,"processOrdinal":2,"timelineOrdinal":39,"kind":"page","elapsedMs":507.60520800000086,"offset":0,"total":7,"unplacedTotal":11,"states":{"intent":0,"ready":0,"committed":0,"complete":0,"failed":0,"other":0}}
[timeline-page-observation] {"cycle":227,"processOrdinal":2,"timelineOrdinal":39,"kind":"complete","elapsedMs":508.7751660000067,"pages":1,"totalChanged":false,"mixedStates":false,"code":"none"}
[http-timing] {"sequence":366,"timelineOrdinal":null,"processOrdinal":2,"method":"GET","routeClass":"tap","status":200,"headerElapsedMs":1,"bodyElapsedMs":0,"totalElapsedMs":1,"bytes":12224,"phase":"complete","outcome":"ok"}
[restart-boundary-sample] {"processOrdinal":2,"timelineOrdinal":39,"sourceIdSha256":"e77115bbd57c9f298d62a1417f64a06c072905979bcdd8a9f6357d14fd6adcac","sourceOrder":"9","sourceStartPts":"16666666666","sourceEndPts":"24999999999","tapPts":"27966666666","latestFramePts":"27966666666","deltaNs":"2966666667"}
[http-timing] {"sequence":367,"timelineOrdinal":40,"processOrdinal":2,"method":"GET","routeClass":"timeline","status":200,"headerElapsedMs":503,"bodyElapsedMs":0,"totalElapsedMs":503,"bytes":965604,"phase":"complete","outcome":"ok"}
[timeline-page-observation] {"cycle":228,"processOrdinal":2,"timelineOrdinal":40,"kind":"page","elapsedMs":506.031541999997,"offset":0,"total":7,"unplacedTotal":11,"states":{"intent":0,"ready":0,"committed":0,"complete":0,"failed":0,"other":0}}
[timeline-page-observation] {"cycle":228,"processOrdinal":2,"timelineOrdinal":40,"kind":"complete","elapsedMs":507.19658399999753,"pages":1,"totalChanged":false,"mixedStates":false,"code":"none"}
[http-timing] {"sequence":368,"timelineOrdinal":null,"processOrdinal":2,"method":"GET","routeClass":"tap","status":200,"headerElapsedMs":1,"bodyElapsedMs":0,"totalElapsedMs":1,"bytes":10378,"phase":"complete","outcome":"ok"}
[restart-boundary-sample] {"processOrdinal":2,"timelineOrdinal":40,"sourceIdSha256":"e77115bbd57c9f298d62a1417f64a06c072905979bcdd8a9f6357d14fd6adcac","sourceOrder":"9","sourceStartPts":"16666666666","sourceEndPts":"24999999999","tapPts":"28633333333","latestFramePts":"28633333333","deltaNs":"3633333334"}
[http-timing] {"sequence":369,"timelineOrdinal":41,"processOrdinal":2,"method":"GET","routeClass":"timeline","status":200,"headerElapsedMs":503,"bodyElapsedMs":0,"totalElapsedMs":503,"bytes":965604,"phase":"complete","outcome":"ok"}
[timeline-page-observation] {"cycle":229,"processOrdinal":2,"timelineOrdinal":41,"kind":"page","elapsedMs":505.38908299999457,"offset":0,"total":7,"unplacedTotal":11,"states":{"intent":0,"ready":0,"committed":0,"complete":0,"failed":0,"other":0}}
[timeline-page-observation] {"cycle":229,"processOrdinal":2,"timelineOrdinal":41,"kind":"complete","elapsedMs":506.546875,"pages":1,"totalChanged":false,"mixedStates":false,"code":"none"}
[http-timing] {"sequence":370,"timelineOrdinal":null,"processOrdinal":2,"method":"GET","routeClass":"tap","status":200,"headerElapsedMs":1,"bodyElapsedMs":0,"totalElapsedMs":1,"bytes":10382,"phase":"complete","outcome":"ok"}
[restart-boundary-sample] {"processOrdinal":2,"timelineOrdinal":41,"sourceIdSha256":"e77115bbd57c9f298d62a1417f64a06c072905979bcdd8a9f6357d14fd6adcac","sourceOrder":"9","sourceStartPts":"16666666666","sourceEndPts":"24999999999","tapPts":"29166666666","latestFramePts":"29166666666","deltaNs":"4166666667"}
[http-timing] {"sequence":371,"timelineOrdinal":42,"processOrdinal":2,"method":"GET","routeClass":"timeline","status":200,"headerElapsedMs":504,"bodyElapsedMs":0,"totalElapsedMs":504,"bytes":965604,"phase":"complete","outcome":"ok"}
[timeline-page-observation] {"cycle":230,"processOrdinal":2,"timelineOrdinal":42,"kind":"page","elapsedMs":506.48087499999383,"offset":0,"total":7,"unplacedTotal":11,"states":{"intent":0,"ready":0,"committed":0,"complete":0,"failed":0,"other":0}}
[timeline-page-observation] {"cycle":230,"processOrdinal":2,"timelineOrdinal":42,"kind":"complete","elapsedMs":507.6738339999938,"pages":1,"totalChanged":false,"mixedStates":false,"code":"none"}
[http-timing] {"sequence":372,"timelineOrdinal":null,"processOrdinal":2,"method":"GET","routeClass":"tap","status":200,"headerElapsedMs":1,"bodyElapsedMs":0,"totalElapsedMs":1,"bytes":10386,"phase":"complete","outcome":"ok"}
[restart-boundary-sample] {"processOrdinal":2,"timelineOrdinal":42,"sourceIdSha256":"e77115bbd57c9f298d62a1417f64a06c072905979bcdd8a9f6357d14fd6adcac","sourceOrder":"9","sourceStartPts":"16666666666","sourceEndPts":"24999999999","tapPts":"29833333333","latestFramePts":"29833333333","deltaNs":"4833333334"}
[http-timing] {"sequence":373,"timelineOrdinal":43,"processOrdinal":2,"method":"GET","routeClass":"timeline","status":200,"headerElapsedMs":529,"bodyElapsedMs":0,"totalElapsedMs":529,"bytes":965604,"phase":"complete","outcome":"ok"}
[timeline-page-observation] {"cycle":231,"processOrdinal":2,"timelineOrdinal":43,"kind":"page","elapsedMs":531.5924169999998,"offset":0,"total":7,"unplacedTotal":11,"states":{"intent":0,"ready":0,"committed":0,"complete":0,"failed":0,"other":0}}
[timeline-page-observation] {"cycle":231,"processOrdinal":2,"timelineOrdinal":43,"kind":"complete","elapsedMs":532.7891249999957,"pages":1,"totalChanged":false,"mixedStates":false,"code":"none"}
[http-timing] {"sequence":374,"timelineOrdinal":null,"processOrdinal":2,"method":"GET","routeClass":"tap","status":200,"headerElapsedMs":1,"bodyElapsedMs":0,"totalElapsedMs":1,"bytes":6473,"phase":"complete","outcome":"ok"}
[restart-boundary-sample] {"processOrdinal":2,"timelineOrdinal":43,"sourceIdSha256":"e77115bbd57c9f298d62a1417f64a06c072905979bcdd8a9f6357d14fd6adcac","sourceOrder":"9","sourceStartPts":"16666666666","sourceEndPts":"24999999999","tapPts":"500000000","latestFramePts":"500000000","deltaNs":"-24499999999"}
[http-timing] {"sequence":375,"timelineOrdinal":null,"processOrdinal":2,"method":"GET","routeClass":"tap","status":200,"headerElapsedMs":1,"bodyElapsedMs":0,"totalElapsedMs":1,"bytes":6467,"phase":"complete","outcome":"ok"}
[restart-boundary-sample] {"processOrdinal":2,"timelineOrdinal":43,"sourceIdSha256":"e77115bbd57c9f298d62a1417f64a06c072905979bcdd8a9f6357d14fd6adcac","sourceOrder":"9","sourceStartPts":"16666666666","sourceEndPts":"24999999999","tapPts":"500000000","latestFramePts":"500000000","deltaNs":"-24499999999"}
[http-timing] {"sequence":376,"timelineOrdinal":null,"processOrdinal":2,"method":"GET","routeClass":"tap","status":200,"headerElapsedMs":1,"bodyElapsedMs":0,"totalElapsedMs":1,"bytes":6607,"phase":"complete","outcome":"ok"}
[restart-boundary-sample] {"processOrdinal":2,"timelineOrdinal":43,"sourceIdSha256":"e77115bbd57c9f298d62a1417f64a06c072905979bcdd8a9f6357d14fd6adcac","sourceOrder":"9","sourceStartPts":"16666666666","sourceEndPts":"24999999999","tapPts":"633333333","latestFramePts":"633333333","deltaNs":"-24366666666"}
[http-timing] {"sequence":377,"timelineOrdinal":null,"processOrdinal":2,"method":"GET","routeClass":"tap","status":200,"headerElapsedMs":1,"bodyElapsedMs":0,"totalElapsedMs":1,"bytes":6738,"phase":"complete","outcome":"ok"}
[restart-boundary-sample] {"processOrdinal":2,"timelineOrdinal":43,"sourceIdSha256":"e77115bbd57c9f298d62a1417f64a06c072905979bcdd8a9f6357d14fd6adcac","sourceOrder":"9","sourceStartPts":"16666666666","sourceEndPts":"24999999999","tapPts":"766666666","latestFramePts":"766666666","deltaNs":"-24233333333"}
[http-timing] {"sequence":378,"timelineOrdinal":null,"processOrdinal":2,"method":"GET","routeClass":"tap","status":200,"headerElapsedMs":1,"bodyElapsedMs":0,"totalElapsedMs":1,"bytes":6737,"phase":"complete","outcome":"ok"}
[restart-boundary-sample] {"processOrdinal":2,"timelineOrdinal":43,"sourceIdSha256":"e77115bbd57c9f298d62a1417f64a06c072905979bcdd8a9f6357d14fd6adcac","sourceOrder":"9","sourceStartPts":"16666666666","sourceEndPts":"24999999999","tapPts":"766666666","latestFramePts":"766666666","deltaNs":"-24233333333"}
[http-timing] {"sequence":379,"timelineOrdinal":null,"processOrdinal":2,"method":"GET","routeClass":"tap","status":200,"headerElapsedMs":1,"bodyElapsedMs":0,"totalElapsedMs":1,"bytes":6871,"phase":"complete","outcome":"ok"}
[restart-boundary-sample] {"processOrdinal":2,"timelineOrdinal":43,"sourceIdSha256":"e77115bbd57c9f298d62a1417f64a06c072905979bcdd8a9f6357d14fd6adcac","sourceOrder":"9","sourceStartPts":"16666666666","sourceEndPts":"24999999999","tapPts":"900000000","latestFramePts":"900000000","deltaNs":"-24099999999"}
[http-timing] {"sequence":380,"timelineOrdinal":null,"processOrdinal":2,"method":"GET","routeClass":"tap","status":200,"headerElapsedMs":1,"bodyElapsedMs":0,"totalElapsedMs":1,"bytes":6871,"phase":"complete","outcome":"ok"}
[restart-boundary-sample] {"processOrdinal":2,"timelineOrdinal":43,"sourceIdSha256":"e77115bbd57c9f298d62a1417f64a06c072905979bcdd8a9f6357d14fd6adcac","sourceOrder":"9","sourceStartPts":"16666666666","sourceEndPts":"24999999999","tapPts":"900000000","latestFramePts":"900000000","deltaNs":"-24099999999"}
[http-timing] {"sequence":381,"timelineOrdinal":null,"processOrdinal":2,"method":"GET","routeClass":"tap","status":200,"headerElapsedMs":1,"bodyElapsedMs":0,"totalElapsedMs":1,"bytes":7009,"phase":"complete","outcome":"ok"}
[restart-boundary-sample] {"processOrdinal":2,"timelineOrdinal":43,"sourceIdSha256":"e77115bbd57c9f298d62a1417f64a06c072905979bcdd8a9f6357d14fd6adcac","sourceOrder":"9","sourceStartPts":"16666666666","sourceEndPts":"24999999999","tapPts":"1033333333","latestFramePts":"1033333333","deltaNs":"-23966666666"}
[http-timing] {"sequence":382,"timelineOrdinal":44,"processOrdinal":2,"method":"GET","routeClass":"timeline","status":200,"headerElapsedMs":512,"bodyElapsedMs":1,"totalElapsedMs":512,"bytes":1037533,"phase":"complete","outcome":"ok"}
[timeline-page-observation] {"cycle":232,"processOrdinal":2,"timelineOrdinal":44,"kind":"page","elapsedMs":514.7047079999975,"offset":0,"total":7,"unplacedTotal":12,"states":{"intent":0,"ready":0,"committed":0,"complete":0,"failed":0,"other":0}}
[timeline-page-observation] {"cycle":232,"processOrdinal":2,"timelineOrdinal":44,"kind":"complete","elapsedMs":515.9823749999996,"pages":1,"totalChanged":false,"mixedStates":false,"code":"none"}
[http-timing] {"sequence":383,"timelineOrdinal":null,"processOrdinal":2,"method":"GET","routeClass":"tap","status":200,"headerElapsedMs":1,"bodyElapsedMs":0,"totalElapsedMs":1,"bytes":7686,"phase":"complete","outcome":"ok"}
[restart-boundary-sample] {"processOrdinal":2,"timelineOrdinal":44,"sourceIdSha256":"36199fdb4d5d03fa8d87e26bd41cdb225e7938cdc6d4f9617e1b9c4a66f22fcf","sourceOrder":"10","sourceStartPts":"25000000000","sourceEndPts":"29999999999","tapPts":"1700000000","latestFramePts":"1700000000","deltaNs":"-28299999999"}
[http-timing] {"sequence":384,"timelineOrdinal":null,"processOrdinal":2,"method":"GET","routeClass":"tap","status":200,"headerElapsedMs":1,"bodyElapsedMs":0,"totalElapsedMs":1,"bytes":7688,"phase":"complete","outcome":"ok"}
[restart-boundary-sample] {"processOrdinal":2,"timelineOrdinal":44,"sourceIdSha256":"36199fdb4d5d03fa8d87e26bd41cdb225e7938cdc6d4f9617e1b9c4a66f22fcf","sourceOrder":"10","sourceStartPts":"25000000000","sourceEndPts":"29999999999","tapPts":"1700000000","latestFramePts":"1700000000","deltaNs":"-28299999999"}
[http-timing] {"sequence":385,"timelineOrdinal":null,"processOrdinal":2,"method":"GET","routeClass":"tap","status":200,"headerElapsedMs":1,"bodyElapsedMs":0,"totalElapsedMs":1,"bytes":7818,"phase":"complete","outcome":"ok"}
[restart-boundary-sample] {"processOrdinal":2,"timelineOrdinal":44,"sourceIdSha256":"36199fdb4d5d03fa8d87e26bd41cdb225e7938cdc6d4f9617e1b9c4a66f22fcf","sourceOrder":"10","sourceStartPts":"25000000000","sourceEndPts":"29999999999","tapPts":"1833333333","latestFramePts":"1833333333","deltaNs":"-28166666666"}
[http-timing] {"sequence":386,"timelineOrdinal":null,"processOrdinal":2,"method":"GET","routeClass":"tap","status":200,"headerElapsedMs":1,"bodyElapsedMs":0,"totalElapsedMs":1,"bytes":7954,"phase":"complete","outcome":"ok"}
[restart-boundary-sample] {"processOrdinal":2,"timelineOrdinal":44,"sourceIdSha256":"36199fdb4d5d03fa8d87e26bd41cdb225e7938cdc6d4f9617e1b9c4a66f22fcf","sourceOrder":"10","sourceStartPts":"25000000000","sourceEndPts":"29999999999","tapPts":"1966666666","latestFramePts":"1966666666","deltaNs":"-28033333333"}
[http-timing] {"sequence":387,"timelineOrdinal":null,"processOrdinal":2,"method":"GET","routeClass":"tap","status":200,"headerElapsedMs":1,"bodyElapsedMs":0,"totalElapsedMs":1,"bytes":7954,"phase":"complete","outcome":"ok"}
[restart-boundary-sample] {"processOrdinal":2,"timelineOrdinal":44,"sourceIdSha256":"36199fdb4d5d03fa8d87e26bd41cdb225e7938cdc6d4f9617e1b9c4a66f22fcf","sourceOrder":"10","sourceStartPts":"25000000000","sourceEndPts":"29999999999","tapPts":"1966666666","latestFramePts":"1966666666","deltaNs":"-28033333333"}
[http-timing] {"sequence":388,"timelineOrdinal":null,"processOrdinal":2,"method":"GET","routeClass":"tap","status":200,"headerElapsedMs":1,"bodyElapsedMs":0,"totalElapsedMs":1,"bytes":8091,"phase":"complete","outcome":"ok"}
[restart-boundary-sample] {"processOrdinal":2,"timelineOrdinal":44,"sourceIdSha256":"36199fdb4d5d03fa8d87e26bd41cdb225e7938cdc6d4f9617e1b9c4a66f22fcf","sourceOrder":"10","sourceStartPts":"25000000000","sourceEndPts":"29999999999","tapPts":"2133333333","latestFramePts":"2133333333","deltaNs":"-27866666666"}
[http-timing] {"sequence":389,"timelineOrdinal":null,"processOrdinal":2,"method":"GET","routeClass":"tap","status":200,"headerElapsedMs":1,"bodyElapsedMs":0,"totalElapsedMs":1,"bytes":8084,"phase":"complete","outcome":"ok"}
[restart-boundary-sample] {"processOrdinal":2,"timelineOrdinal":44,"sourceIdSha256":"36199fdb4d5d03fa8d87e26bd41cdb225e7938cdc6d4f9617e1b9c4a66f22fcf","sourceOrder":"10","sourceStartPts":"25000000000","sourceEndPts":"29999999999","tapPts":"2133333333","latestFramePts":"2133333333","deltaNs":"-27866666666"}
[http-timing] {"sequence":390,"timelineOrdinal":null,"processOrdinal":2,"method":"GET","routeClass":"tap","status":200,"headerElapsedMs":1,"bodyElapsedMs":0,"totalElapsedMs":1,"bytes":8221,"phase":"complete","outcome":"ok"}
[restart-boundary-sample] {"processOrdinal":2,"timelineOrdinal":44,"sourceIdSha256":"36199fdb4d5d03fa8d87e26bd41cdb225e7938cdc6d4f9617e1b9c4a66f22fcf","sourceOrder":"10","sourceStartPts":"25000000000","sourceEndPts":"29999999999","tapPts":"2300000000","latestFramePts":"2300000000","deltaNs":"-27699999999"}
[restart-boundary-summary] {"processOrdinal":2,"samples":106,"ready":0,"orderChanges":4,"latestOrder":"10"}
[pass] LP26-O13 restart boundary bounded samples
[http-timing] {"sequence":391,"timelineOrdinal":null,"processOrdinal":2,"method":"DELETE","routeClass":"tap","status":200,"headerElapsedMs":28,"bodyElapsedMs":0,"totalElapsedMs":29,"bytes":26,"phase":"complete","outcome":"ok"}
[process-stop] {"processOrdinal":2,"schema":"recording-process-cleanup-v1","attemptCount":1,"pid":68120,"exitCode":0,"signalCode":null,"exitedObserved":true,"stopCode":"complete","forcedTermination":"not-used","normalExitPass":true,"normalShutdownPass":true,"archiveSafe":true,"ports":[{"kind":"http","port":50956,"status":"pass","code":"closed","closed":true},{"kind":"rtsp","port":50957,"status":"pass","code":"closed","closed":true}]}
[writer-evidence-status] {"basis":"run-wide-stderr","sourceBindingEquivalent":false,"total":0,"truncated":false,"counts":[]}
[process-evidence] {"processOrdinal":2,"evidenceFile":"process-cfd2d975-859c-4b24-a4e0-dfbf65d0ab54.json"}
[pass] S11-CI08 product-2 exit0 ports returned
[latency-trace-status] {"processOrdinal":1,"status":"complete","code":"none","acceptedCount":1592,"expectedRequestCount":188,"observedRequestCount":188,"evidenceFile":"latency-71c6b86d-4e46-4959-9f61-e3d3d64f7671.json"}
[latency-trace-status] {"processOrdinal":2,"status":"complete","code":"none","acceptedCount":940,"expectedRequestCount":44,"observedRequestCount":44,"evidenceFile":"latency-04c4938a-4f05-4c30-9eb1-abdda4bfe82e.json"}
[selection-attempt] {"reference_sha256":"32ba4e167976329c0d0704e438fab0e1bb94f10bab409955ace5dcab8d7590df","attempt":1,"attempt_limit":121,"elapsed_ms":"29","wait_ms":"60000","deadline_exhausted":false,"attempt_exhausted":false,"selection_complete":false,"expanded_start_ns":"7883000000","expanded_end_ns":"9383000000","source_count":1,"unknown_count":2,"sources_truncated":false,"unknown_truncated":false,"sources":[{"segment_id_sha256":"db4f14a8685792a6e5ba538e9b9e34a1bde7a7b0b3de56e5c7c07a7a21421a8a","media_epoch_id_sha256":"f87a55c938f229a11990b8770273b45b4212fedb94762c7b2c67469753b0183c","source_generation_sha256":"fa608e7ecab1483e233f9175a0a0a3d58d600bb953055fdfde18b2431ecd0439","track_id_sha256":"6358741e33c5b9f5d471c94ef545913db297fe5fc117a9cd179ee1a2014a49ea","generation_order":"1","start_pts":"0","end_pts":"8333333333","time_base_num":1,"time_base_den":1000000000,"lifecycle":1,"deleted":false,"binding_present":true,"binding_valid":true,"available_for_selection":true}],"decoded":{"namespace_valid":true,"range_comparable":true,"incomplete":false,"frames_truncated":false,"frame_count":260,"relevant_count":24,"identity_matched":24,"identity_rejected":0,"generation_mismatch":0,"pts_mismatch":0,"duration_invalid":0,"minimum_pts_ns":"7866666666","maximum_pts_ns":"8633333333","maximum_valid_end_ns":"8666666666"},"slice_state_counts":[14,2,0,0,0,0],"reason_counts":[0,2,0,0,14,0,0,0,0,0],"unknown_ranges":[{"start_ns":"8333333333","end_ns":"8333333334","reason":1},{"start_ns":"8333333333","end_ns":"9383000000","reason":1}]}
[selection-attempt] {"reference_sha256":"63063d560206d107b4cdb5792edd9ce0e3da2f53034f35b790781db63b0b3fe0","attempt":1,"attempt_limit":121,"elapsed_ms":"53","wait_ms":"60000","deadline_exhausted":false,"attempt_exhausted":false,"selection_complete":false,"expanded_start_ns":"7883000000","expanded_end_ns":"9383000000","source_count":1,"unknown_count":2,"sources_truncated":false,"unknown_truncated":false,"sources":[{"segment_id_sha256":"db4f14a8685792a6e5ba538e9b9e34a1bde7a7b0b3de56e5c7c07a7a21421a8a","media_epoch_id_sha256":"f87a55c938f229a11990b8770273b45b4212fedb94762c7b2c67469753b0183c","source_generation_sha256":"fa608e7ecab1483e233f9175a0a0a3d58d600bb953055fdfde18b2431ecd0439","track_id_sha256":"6358741e33c5b9f5d471c94ef545913db297fe5fc117a9cd179ee1a2014a49ea","generation_order":"1","start_pts":"0","end_pts":"8333333333","time_base_num":1,"time_base_den":1000000000,"lifecycle":1,"deleted":false,"binding_present":true,"binding_valid":true,"available_for_selection":true}],"decoded":{"namespace_valid":true,"range_comparable":true,"incomplete":false,"frames_truncated":false,"frame_count":260,"relevant_count":24,"identity_matched":24,"identity_rejected":0,"generation_mismatch":0,"pts_mismatch":0,"duration_invalid":0,"minimum_pts_ns":"7866666666","maximum_pts_ns":"8633333333","maximum_valid_end_ns":"8666666666"},"slice_state_counts":[14,2,0,0,0,0],"reason_counts":[0,2,0,0,14,0,0,0,0,0],"unknown_ranges":[{"start_ns":"8333333333","end_ns":"8333333334","reason":1},{"start_ns":"8333333333","end_ns":"9383000000","reason":1}]}
[selection-attempt] {"reference_sha256":"583555c49d83f48dea696d8dc383dde19cb051aeda0e890c55d88fa2329d4ac2","attempt":1,"attempt_limit":121,"elapsed_ms":"56","wait_ms":"60000","deadline_exhausted":false,"attempt_exhausted":false,"selection_complete":false,"expanded_start_ns":"7883000000","expanded_end_ns":"9383000000","source_count":1,"unknown_count":2,"sources_truncated":false,"unknown_truncated":false,"sources":[{"segment_id_sha256":"db4f14a8685792a6e5ba538e9b9e34a1bde7a7b0b3de56e5c7c07a7a21421a8a","media_epoch_id_sha256":"f87a55c938f229a11990b8770273b45b4212fedb94762c7b2c67469753b0183c","source_generation_sha256":"fa608e7ecab1483e233f9175a0a0a3d58d600bb953055fdfde18b2431ecd0439","track_id_sha256":"6358741e33c5b9f5d471c94ef545913db297fe5fc117a9cd179ee1a2014a49ea","generation_order":"1","start_pts":"0","end_pts":"8333333333","time_base_num":1,"time_base_den":1000000000,"lifecycle":1,"deleted":false,"binding_present":true,"binding_valid":true,"available_for_selection":true}],"decoded":{"namespace_valid":true,"range_comparable":true,"incomplete":false,"frames_truncated":false,"frame_count":260,"relevant_count":24,"identity_matched":24,"identity_rejected":0,"generation_mismatch":0,"pts_mismatch":0,"duration_invalid":0,"minimum_pts_ns":"7866666666","maximum_pts_ns":"8633333333","maximum_valid_end_ns":"8666666666"},"slice_state_counts":[14,2,0,0,0,0],"reason_counts":[0,2,0,0,14,0,0,0,0,0],"unknown_ranges":[{"start_ns":"8333333333","end_ns":"8333333334","reason":1},{"start_ns":"8333333333","end_ns":"9383000000","reason":1}]}
[selection-attempt] {"reference_sha256":"87abf3cc287be77f190d699b5a4d455f5632127a9b2bd222f48f32910cf0ebe1","attempt":1,"attempt_limit":121,"elapsed_ms":"80","wait_ms":"60000","deadline_exhausted":false,"attempt_exhausted":false,"selection_complete":false,"expanded_start_ns":"7883000000","expanded_end_ns":"9383000000","source_count":1,"unknown_count":2,"sources_truncated":false,"unknown_truncated":false,"sources":[{"segment_id_sha256":"db4f14a8685792a6e5ba538e9b9e34a1bde7a7b0b3de56e5c7c07a7a21421a8a","media_epoch_id_sha256":"f87a55c938f229a11990b8770273b45b4212fedb94762c7b2c67469753b0183c","source_generation_sha256":"fa608e7ecab1483e233f9175a0a0a3d58d600bb953055fdfde18b2431ecd0439","track_id_sha256":"6358741e33c5b9f5d471c94ef545913db297fe5fc117a9cd179ee1a2014a49ea","generation_order":"1","start_pts":"0","end_pts":"8333333333","time_base_num":1,"time_base_den":1000000000,"lifecycle":1,"deleted":false,"binding_present":true,"binding_valid":true,"available_for_selection":true}],"decoded":{"namespace_valid":true,"range_comparable":true,"incomplete":false,"frames_truncated":false,"frame_count":264,"relevant_count":28,"identity_matched":28,"identity_rejected":0,"generation_mismatch":0,"pts_mismatch":0,"duration_invalid":0,"minimum_pts_ns":"7866666666","maximum_pts_ns":"8766666666","maximum_valid_end_ns":"8799999999"},"slice_state_counts":[14,2,0,0,0,0],"reason_counts":[0,2,0,0,14,0,0,0,0,0],"unknown_ranges":[{"start_ns":"8333333333","end_ns":"8333333334","reason":1},{"start_ns":"8333333333","end_ns":"9383000000","reason":1}]}
[selection-attempt] {"reference_sha256":"32ba4e167976329c0d0704e438fab0e1bb94f10bab409955ace5dcab8d7590df","attempt":2,"attempt_limit":121,"elapsed_ms":"559","wait_ms":"60000","deadline_exhausted":false,"attempt_exhausted":false,"selection_complete":false,"expanded_start_ns":"7883000000","expanded_end_ns":"9383000000","source_count":1,"unknown_count":2,"sources_truncated":false,"unknown_truncated":false,"sources":[{"segment_id_sha256":"db4f14a8685792a6e5ba538e9b9e34a1bde7a7b0b3de56e5c7c07a7a21421a8a","media_epoch_id_sha256":"f87a55c938f229a11990b8770273b45b4212fedb94762c7b2c67469753b0183c","source_generation_sha256":"fa608e7ecab1483e233f9175a0a0a3d58d600bb953055fdfde18b2431ecd0439","track_id_sha256":"6358741e33c5b9f5d471c94ef545913db297fe5fc117a9cd179ee1a2014a49ea","generation_order":"1","start_pts":"0","end_pts":"8333333333","time_base_num":1,"time_base_den":1000000000,"lifecycle":1,"deleted":false,"binding_present":true,"binding_valid":true,"available_for_selection":true}],"decoded":{"namespace_valid":true,"range_comparable":true,"incomplete":false,"frames_truncated":false,"frame_count":276,"relevant_count":40,"identity_matched":40,"identity_rejected":0,"generation_mismatch":0,"pts_mismatch":0,"duration_invalid":0,"minimum_pts_ns":"7866666666","maximum_pts_ns":"9166666666","maximum_valid_end_ns":"9199999999"},"slice_state_counts":[14,2,0,0,0,0],"reason_counts":[0,2,0,0,14,0,0,0,0,0],"unknown_ranges":[{"start_ns":"8333333333","end_ns":"8333333334","reason":1},{"start_ns":"8333333333","end_ns":"9383000000","reason":1}]}
[selection-attempt] {"reference_sha256":"63063d560206d107b4cdb5792edd9ce0e3da2f53034f35b790781db63b0b3fe0","attempt":2,"attempt_limit":121,"elapsed_ms":"582","wait_ms":"60000","deadline_exhausted":false,"attempt_exhausted":false,"selection_complete":false,"expanded_start_ns":"7883000000","expanded_end_ns":"9383000000","source_count":1,"unknown_count":2,"sources_truncated":false,"unknown_truncated":false,"sources":[{"segment_id_sha256":"db4f14a8685792a6e5ba538e9b9e34a1bde7a7b0b3de56e5c7c07a7a21421a8a","media_epoch_id_sha256":"f87a55c938f229a11990b8770273b45b4212fedb94762c7b2c67469753b0183c","source_generation_sha256":"fa608e7ecab1483e233f9175a0a0a3d58d600bb953055fdfde18b2431ecd0439","track_id_sha256":"6358741e33c5b9f5d471c94ef545913db297fe5fc117a9cd179ee1a2014a49ea","generation_order":"1","start_pts":"0","end_pts":"8333333333","time_base_num":1,"time_base_den":1000000000,"lifecycle":1,"deleted":false,"binding_present":true,"binding_valid":true,"available_for_selection":true}],"decoded":{"namespace_valid":true,"range_comparable":true,"incomplete":false,"frames_truncated":false,"frame_count":276,"relevant_count":40,"identity_matched":40,"identity_rejected":0,"generation_mismatch":0,"pts_mismatch":0,"duration_invalid":0,"minimum_pts_ns":"7866666666","maximum_pts_ns":"9166666666","maximum_valid_end_ns":"9199999999"},"slice_state_counts":[14,2,0,0,0,0],"reason_counts":[0,2,0,0,14,0,0,0,0,0],"unknown_ranges":[{"start_ns":"8333333333","end_ns":"8333333334","reason":1},{"start_ns":"8333333333","end_ns":"9383000000","reason":1}]}
[selection-attempt] {"reference_sha256":"583555c49d83f48dea696d8dc383dde19cb051aeda0e890c55d88fa2329d4ac2","attempt":2,"attempt_limit":121,"elapsed_ms":"586","wait_ms":"60000","deadline_exhausted":false,"attempt_exhausted":false,"selection_complete":false,"expanded_start_ns":"7883000000","expanded_end_ns":"9383000000","source_count":1,"unknown_count":2,"sources_truncated":false,"unknown_truncated":false,"sources":[{"segment_id_sha256":"db4f14a8685792a6e5ba538e9b9e34a1bde7a7b0b3de56e5c7c07a7a21421a8a","media_epoch_id_sha256":"f87a55c938f229a11990b8770273b45b4212fedb94762c7b2c67469753b0183c","source_generation_sha256":"fa608e7ecab1483e233f9175a0a0a3d58d600bb953055fdfde18b2431ecd0439","track_id_sha256":"6358741e33c5b9f5d471c94ef545913db297fe5fc117a9cd179ee1a2014a49ea","generation_order":"1","start_pts":"0","end_pts":"8333333333","time_base_num":1,"time_base_den":1000000000,"lifecycle":1,"deleted":false,"binding_present":true,"binding_valid":true,"available_for_selection":true}],"decoded":{"namespace_valid":true,"range_comparable":true,"incomplete":false,"frames_truncated":false,"frame_count":276,"relevant_count":40,"identity_matched":40,"identity_rejected":0,"generation_mismatch":0,"pts_mismatch":0,"duration_invalid":0,"minimum_pts_ns":"7866666666","maximum_pts_ns":"9166666666","maximum_valid_end_ns":"9199999999"},"slice_state_counts":[14,2,0,0,0,0],"reason_counts":[0,2,0,0,14,0,0,0,0,0],"unknown_ranges":[{"start_ns":"8333333333","end_ns":"8333333334","reason":1},{"start_ns":"8333333333","end_ns":"9383000000","reason":1}]}
[selection-attempt] {"reference_sha256":"87abf3cc287be77f190d699b5a4d455f5632127a9b2bd222f48f32910cf0ebe1","attempt":2,"attempt_limit":121,"elapsed_ms":"610","wait_ms":"60000","deadline_exhausted":false,"attempt_exhausted":false,"selection_complete":false,"expanded_start_ns":"7883000000","expanded_end_ns":"9383000000","source_count":1,"unknown_count":2,"sources_truncated":false,"unknown_truncated":false,"sources":[{"segment_id_sha256":"db4f14a8685792a6e5ba538e9b9e34a1bde7a7b0b3de56e5c7c07a7a21421a8a","media_epoch_id_sha256":"f87a55c938f229a11990b8770273b45b4212fedb94762c7b2c67469753b0183c","source_generation_sha256":"fa608e7ecab1483e233f9175a0a0a3d58d600bb953055fdfde18b2431ecd0439","track_id_sha256":"6358741e33c5b9f5d471c94ef545913db297fe5fc117a9cd179ee1a2014a49ea","generation_order":"1","start_pts":"0","end_pts":"8333333333","time_base_num":1,"time_base_den":1000000000,"lifecycle":1,"deleted":false,"binding_present":true,"binding_valid":true,"available_for_selection":true}],"decoded":{"namespace_valid":true,"range_comparable":true,"incomplete":false,"frames_truncated":false,"frame_count":280,"relevant_count":44,"identity_matched":44,"identity_rejected":0,"generation_mismatch":0,"pts_mismatch":0,"duration_invalid":0,"minimum_pts_ns":"7866666666","maximum_pts_ns":"9300000000","maximum_valid_end_ns":"9333333333"},"slice_state_counts":[14,2,0,0,0,0],"reason_counts":[0,2,0,0,14,0,0,0,0,0],"unknown_ranges":[{"start_ns":"8333333333","end_ns":"8333333334","reason":1},{"start_ns":"8333333333","end_ns":"9383000000","reason":1}]}
[selection-attempt] {"reference_sha256":"32ba4e167976329c0d0704e438fab0e1bb94f10bab409955ace5dcab8d7590df","attempt":3,"attempt_limit":121,"elapsed_ms":"1094","wait_ms":"60000","deadline_exhausted":false,"attempt_exhausted":false,"selection_complete":false,"expanded_start_ns":"7883000000","expanded_end_ns":"9383000000","source_count":1,"unknown_count":2,"sources_truncated":false,"unknown_truncated":false,"sources":[{"segment_id_sha256":"db4f14a8685792a6e5ba538e9b9e34a1bde7a7b0b3de56e5c7c07a7a21421a8a","media_epoch_id_sha256":"f87a55c938f229a11990b8770273b45b4212fedb94762c7b2c67469753b0183c","source_generation_sha256":"fa608e7ecab1483e233f9175a0a0a3d58d600bb953055fdfde18b2431ecd0439","track_id_sha256":"6358741e33c5b9f5d471c94ef545913db297fe5fc117a9cd179ee1a2014a49ea","generation_order":"1","start_pts":"0","end_pts":"8333333333","time_base_num":1,"time_base_den":1000000000,"lifecycle":1,"deleted":false,"binding_present":true,"binding_valid":true,"available_for_selection":true}],"decoded":{"namespace_valid":true,"range_comparable":true,"incomplete":false,"frames_truncated":false,"frame_count":292,"relevant_count":46,"identity_matched":46,"identity_rejected":0,"generation_mismatch":0,"pts_mismatch":0,"duration_invalid":0,"minimum_pts_ns":"7866666666","maximum_pts_ns":"9366666666","maximum_valid_end_ns":"9399999999"},"slice_state_counts":[14,2,0,0,0,0],"reason_counts":[0,2,0,0,14,0,0,0,0,0],"unknown_ranges":[{"start_ns":"8333333333","end_ns":"8333333334","reason":1},{"start_ns":"8333333333","end_ns":"9383000000","reason":1}]}
[selection-attempt] {"reference_sha256":"63063d560206d107b4cdb5792edd9ce0e3da2f53034f35b790781db63b0b3fe0","attempt":3,"attempt_limit":121,"elapsed_ms":"1118","wait_ms":"60000","deadline_exhausted":false,"attempt_exhausted":false,"selection_complete":false,"expanded_start_ns":"7883000000","expanded_end_ns":"9383000000","source_count":1,"unknown_count":2,"sources_truncated":false,"unknown_truncated":false,"sources":[{"segment_id_sha256":"db4f14a8685792a6e5ba538e9b9e34a1bde7a7b0b3de56e5c7c07a7a21421a8a","media_epoch_id_sha256":"f87a55c938f229a11990b8770273b45b4212fedb94762c7b2c67469753b0183c","source_generation_sha256":"fa608e7ecab1483e233f9175a0a0a3d58d600bb953055fdfde18b2431ecd0439","track_id_sha256":"6358741e33c5b9f5d471c94ef545913db297fe5fc117a9cd179ee1a2014a49ea","generation_order":"1","start_pts":"0","end_pts":"8333333333","time_base_num":1,"time_base_den":1000000000,"lifecycle":1,"deleted":false,"binding_present":true,"binding_valid":true,"available_for_selection":true}],"decoded":{"namespace_valid":true,"range_comparable":true,"incomplete":false,"frames_truncated":false,"frame_count":292,"relevant_count":46,"identity_matched":46,"identity_rejected":0,"generation_mismatch":0,"pts_mismatch":0,"duration_invalid":0,"minimum_pts_ns":"7866666666","maximum_pts_ns":"9366666666","maximum_valid_end_ns":"9399999999"},"slice_state_counts":[14,2,0,0,0,0],"reason_counts":[0,2,0,0,14,0,0,0,0,0],"unknown_ranges":[{"start_ns":"8333333333","end_ns":"8333333334","reason":1},{"start_ns":"8333333333","end_ns":"9383000000","reason":1}]}
[selection-attempt] {"reference_sha256":"583555c49d83f48dea696d8dc383dde19cb051aeda0e890c55d88fa2329d4ac2","attempt":3,"attempt_limit":121,"elapsed_ms":"1121","wait_ms":"60000","deadline_exhausted":false,"attempt_exhausted":false,"selection_complete":false,"expanded_start_ns":"7883000000","expanded_end_ns":"9383000000","source_count":1,"unknown_count":2,"sources_truncated":false,"unknown_truncated":false,"sources":[{"segment_id_sha256":"db4f14a8685792a6e5ba538e9b9e34a1bde7a7b0b3de56e5c7c07a7a21421a8a","media_epoch_id_sha256":"f87a55c938f229a11990b8770273b45b4212fedb94762c7b2c67469753b0183c","source_generation_sha256":"fa608e7ecab1483e233f9175a0a0a3d58d600bb953055fdfde18b2431ecd0439","track_id_sha256":"6358741e33c5b9f5d471c94ef545913db297fe5fc117a9cd179ee1a2014a49ea","generation_order":"1","start_pts":"0","end_pts":"8333333333","time_base_num":1,"time_base_den":1000000000,"lifecycle":1,"deleted":false,"binding_present":true,"binding_valid":true,"available_for_selection":true}],"decoded":{"namespace_valid":true,"range_comparable":true,"incomplete":false,"frames_truncated":false,"frame_count":292,"relevant_count":46,"identity_matched":46,"identity_rejected":0,"generation_mismatch":0,"pts_mismatch":0,"duration_invalid":0,"minimum_pts_ns":"7866666666","maximum_pts_ns":"9366666666","maximum_valid_end_ns":"9399999999"},"slice_state_counts":[14,2,0,0,0,0],"reason_counts":[0,2,0,0,14,0,0,0,0,0],"unknown_ranges":[{"start_ns":"8333333333","end_ns":"8333333334","reason":1},{"start_ns":"8333333333","end_ns":"9383000000","reason":1}]}
[selection-attempt] {"reference_sha256":"87abf3cc287be77f190d699b5a4d455f5632127a9b2bd222f48f32910cf0ebe1","attempt":3,"attempt_limit":121,"elapsed_ms":"1145","wait_ms":"60000","deadline_exhausted":false,"attempt_exhausted":false,"selection_complete":false,"expanded_start_ns":"7883000000","expanded_end_ns":"9383000000","source_count":1,"unknown_count":2,"sources_truncated":false,"unknown_truncated":false,"sources":[{"segment_id_sha256":"db4f14a8685792a6e5ba538e9b9e34a1bde7a7b0b3de56e5c7c07a7a21421a8a","media_epoch_id_sha256":"f87a55c938f229a11990b8770273b45b4212fedb94762c7b2c67469753b0183c","source_generation_sha256":"fa608e7ecab1483e233f9175a0a0a3d58d600bb953055fdfde18b2431ecd0439","track_id_sha256":"6358741e33c5b9f5d471c94ef545913db297fe5fc117a9cd179ee1a2014a49ea","generation_order":"1","start_pts":"0","end_pts":"8333333333","time_base_num":1,"time_base_den":1000000000,"lifecycle":1,"deleted":false,"binding_present":true,"binding_valid":true,"available_for_selection":true}],"decoded":{"namespace_valid":true,"range_comparable":true,"incomplete":false,"frames_truncated":false,"frame_count":296,"relevant_count":46,"identity_matched":46,"identity_rejected":0,"generation_mismatch":0,"pts_mismatch":0,"duration_invalid":0,"minimum_pts_ns":"7866666666","maximum_pts_ns":"9366666666","maximum_valid_end_ns":"9399999999"},"slice_state_counts":[14,2,0,0,0,0],"reason_counts":[0,2,0,0,14,0,0,0,0,0],"unknown_ranges":[{"start_ns":"8333333333","end_ns":"8333333334","reason":1},{"start_ns":"8333333333","end_ns":"9383000000","reason":1}]}
[selection-attempt] {"reference_sha256":"32ba4e167976329c0d0704e438fab0e1bb94f10bab409955ace5dcab8d7590df","attempt":4,"attempt_limit":121,"elapsed_ms":"1629","wait_ms":"60000","deadline_exhausted":false,"attempt_exhausted":false,"selection_complete":false,"expanded_start_ns":"7883000000","expanded_end_ns":"9383000000","source_count":1,"unknown_count":2,"sources_truncated":false,"unknown_truncated":false,"sources":[{"segment_id_sha256":"db4f14a8685792a6e5ba538e9b9e34a1bde7a7b0b3de56e5c7c07a7a21421a8a","media_epoch_id_sha256":"f87a55c938f229a11990b8770273b45b4212fedb94762c7b2c67469753b0183c","source_generation_sha256":"fa608e7ecab1483e233f9175a0a0a3d58d600bb953055fdfde18b2431ecd0439","track_id_sha256":"6358741e33c5b9f5d471c94ef545913db297fe5fc117a9cd179ee1a2014a49ea","generation_order":"1","start_pts":"0","end_pts":"8333333333","time_base_num":1,"time_base_den":1000000000,"lifecycle":1,"deleted":false,"binding_present":true,"binding_valid":true,"available_for_selection":true}],"decoded":{"namespace_valid":true,"range_comparable":true,"incomplete":false,"frames_truncated":false,"frame_count":308,"relevant_count":46,"identity_matched":46,"identity_rejected":0,"generation_mismatch":0,"pts_mismatch":0,"duration_invalid":0,"minimum_pts_ns":"7866666666","maximum_pts_ns":"9366666666","maximum_valid_end_ns":"9399999999"},"slice_state_counts":[14,2,0,0,0,0],"reason_counts":[0,2,0,0,14,0,0,0,0,0],"unknown_ranges":[{"start_ns":"8333333333","end_ns":"8333333334","reason":1},{"start_ns":"8333333333","end_ns":"9383000000","reason":1}]}
[selection-attempt] {"reference_sha256":"63063d560206d107b4cdb5792edd9ce0e3da2f53034f35b790781db63b0b3fe0","attempt":4,"attempt_limit":121,"elapsed_ms":"1653","wait_ms":"60000","deadline_exhausted":false,"attempt_exhausted":false,"selection_complete":false,"expanded_start_ns":"7883000000","expanded_end_ns":"9383000000","source_count":1,"unknown_count":2,"sources_truncated":false,"unknown_truncated":false,"sources":[{"segment_id_sha256":"db4f14a8685792a6e5ba538e9b9e34a1bde7a7b0b3de56e5c7c07a7a21421a8a","media_epoch_id_sha256":"f87a55c938f229a11990b8770273b45b4212fedb94762c7b2c67469753b0183c","source_generation_sha256":"fa608e7ecab1483e233f9175a0a0a3d58d600bb953055fdfde18b2431ecd0439","track_id_sha256":"6358741e33c5b9f5d471c94ef545913db297fe5fc117a9cd179ee1a2014a49ea","generation_order":"1","start_pts":"0","end_pts":"8333333333","time_base_num":1,"time_base_den":1000000000,"lifecycle":1,"deleted":false,"binding_present":true,"binding_valid":true,"available_for_selection":true}],"decoded":{"namespace_valid":true,"range_comparable":true,"incomplete":false,"frames_truncated":false,"frame_count":308,"relevant_count":46,"identity_matched":46,"identity_rejected":0,"generation_mismatch":0,"pts_mismatch":0,"duration_invalid":0,"minimum_pts_ns":"7866666666","maximum_pts_ns":"9366666666","maximum_valid_end_ns":"9399999999"},"slice_state_counts":[14,2,0,0,0,0],"reason_counts":[0,2,0,0,14,0,0,0,0,0],"unknown_ranges":[{"start_ns":"8333333333","end_ns":"8333333334","reason":1},{"start_ns":"8333333333","end_ns":"9383000000","reason":1}]}
[selection-attempt] {"reference_sha256":"583555c49d83f48dea696d8dc383dde19cb051aeda0e890c55d88fa2329d4ac2","attempt":4,"attempt_limit":121,"elapsed_ms":"1657","wait_ms":"60000","deadline_exhausted":false,"attempt_exhausted":false,"selection_complete":false,"expanded_start_ns":"7883000000","expanded_end_ns":"9383000000","source_count":1,"unknown_count":2,"sources_truncated":false,"unknown_truncated":false,"sources":[{"segment_id_sha256":"db4f14a8685792a6e5ba538e9b9e34a1bde7a7b0b3de56e5c7c07a7a21421a8a","media_epoch_id_sha256":"f87a55c938f229a11990b8770273b45b4212fedb94762c7b2c67469753b0183c","source_generation_sha256":"fa608e7ecab1483e233f9175a0a0a3d58d600bb953055fdfde18b2431ecd0439","track_id_sha256":"6358741e33c5b9f5d471c94ef545913db297fe5fc117a9cd179ee1a2014a49ea","generation_order":"1","start_pts":"0","end_pts":"8333333333","time_base_num":1,"time_base_den":1000000000,"lifecycle":1,"deleted":false,"binding_present":true,"binding_valid":true,"available_for_selection":true}],"decoded":{"namespace_valid":true,"range_comparable":true,"incomplete":false,"frames_truncated":false,"frame_count":308,"relevant_count":46,"identity_matched":46,"identity_rejected":0,"generation_mismatch":0,"pts_mismatch":0,"duration_invalid":0,"minimum_pts_ns":"7866666666","maximum_pts_ns":"9366666666","maximum_valid_end_ns":"9399999999"},"slice_state_counts":[14,2,0,0,0,0],"reason_counts":[0,2,0,0,14,0,0,0,0,0],"unknown_ranges":[{"start_ns":"8333333333","end_ns":"8333333334","reason":1},{"start_ns":"8333333333","end_ns":"9383000000","reason":1}]}
[selection-attempt] {"reference_sha256":"87abf3cc287be77f190d699b5a4d455f5632127a9b2bd222f48f32910cf0ebe1","attempt":4,"attempt_limit":121,"elapsed_ms":"1680","wait_ms":"60000","deadline_exhausted":false,"attempt_exhausted":false,"selection_complete":false,"expanded_start_ns":"7883000000","expanded_end_ns":"9383000000","source_count":1,"unknown_count":2,"sources_truncated":false,"unknown_truncated":false,"sources":[{"segment_id_sha256":"db4f14a8685792a6e5ba538e9b9e34a1bde7a7b0b3de56e5c7c07a7a21421a8a","media_epoch_id_sha256":"f87a55c938f229a11990b8770273b45b4212fedb94762c7b2c67469753b0183c","source_generation_sha256":"fa608e7ecab1483e233f9175a0a0a3d58d600bb953055fdfde18b2431ecd0439","track_id_sha256":"6358741e33c5b9f5d471c94ef545913db297fe5fc117a9cd179ee1a2014a49ea","generation_order":"1","start_pts":"0","end_pts":"8333333333","time_base_num":1,"time_base_den":1000000000,"lifecycle":1,"deleted":false,"binding_present":true,"binding_valid":true,"available_for_selection":true}],"decoded":{"namespace_valid":true,"range_comparable":true,"incomplete":false,"frames_truncated":false,"frame_count":312,"relevant_count":46,"identity_matched":46,"identity_rejected":0,"generation_mismatch":0,"pts_mismatch":0,"duration_invalid":0,"minimum_pts_ns":"7866666666","maximum_pts_ns":"9366666666","maximum_valid_end_ns":"9399999999"},"slice_state_counts":[14,2,0,0,0,0],"reason_counts":[0,2,0,0,14,0,0,0,0,0],"unknown_ranges":[{"start_ns":"8333333333","end_ns":"8333333334","reason":1},{"start_ns":"8333333333","end_ns":"9383000000","reason":1}]}
[selection-attempt] {"reference_sha256":"32ba4e167976329c0d0704e438fab0e1bb94f10bab409955ace5dcab8d7590df","attempt":5,"attempt_limit":121,"elapsed_ms":"2158","wait_ms":"60000","deadline_exhausted":false,"attempt_exhausted":false,"selection_complete":false,"expanded_start_ns":"7883000000","expanded_end_ns":"9383000000","source_count":1,"unknown_count":2,"sources_truncated":false,"unknown_truncated":false,"sources":[{"segment_id_sha256":"db4f14a8685792a6e5ba538e9b9e34a1bde7a7b0b3de56e5c7c07a7a21421a8a","media_epoch_id_sha256":"f87a55c938f229a11990b8770273b45b4212fedb94762c7b2c67469753b0183c","source_generation_sha256":"fa608e7ecab1483e233f9175a0a0a3d58d600bb953055fdfde18b2431ecd0439","track_id_sha256":"6358741e33c5b9f5d471c94ef545913db297fe5fc117a9cd179ee1a2014a49ea","generation_order":"1","start_pts":"0","end_pts":"8333333333","time_base_num":1,"time_base_den":1000000000,"lifecycle":1,"deleted":false,"binding_present":true,"binding_valid":true,"available_for_selection":true}],"decoded":{"namespace_valid":true,"range_comparable":true,"incomplete":false,"frames_truncated":false,"frame_count":324,"relevant_count":46,"identity_matched":46,"identity_rejected":0,"generation_mismatch":0,"pts_mismatch":0,"duration_invalid":0,"minimum_pts_ns":"7866666666","maximum_pts_ns":"9366666666","maximum_valid_end_ns":"9399999999"},"slice_state_counts":[14,2,0,0,0,0],"reason_counts":[0,2,0,0,14,0,0,0,0,0],"unknown_ranges":[{"start_ns":"8333333333","end_ns":"8333333334","reason":1},{"start_ns":"8333333333","end_ns":"9383000000","reason":1}]}
[selection-attempt] {"reference_sha256":"63063d560206d107b4cdb5792edd9ce0e3da2f53034f35b790781db63b0b3fe0","attempt":5,"attempt_limit":121,"elapsed_ms":"2182","wait_ms":"60000","deadline_exhausted":false,"attempt_exhausted":false,"selection_complete":false,"expanded_start_ns":"7883000000","expanded_end_ns":"9383000000","source_count":1,"unknown_count":2,"sources_truncated":false,"unknown_truncated":false,"sources":[{"segment_id_sha256":"db4f14a8685792a6e5ba538e9b9e34a1bde7a7b0b3de56e5c7c07a7a21421a8a","media_epoch_id_sha256":"f87a55c938f229a11990b8770273b45b4212fedb94762c7b2c67469753b0183c","source_generation_sha256":"fa608e7ecab1483e233f9175a0a0a3d58d600bb953055fdfde18b2431ecd0439","track_id_sha256":"6358741e33c5b9f5d471c94ef545913db297fe5fc117a9cd179ee1a2014a49ea","generation_order":"1","start_pts":"0","end_pts":"8333333333","time_base_num":1,"time_base_den":1000000000,"lifecycle":1,"deleted":false,"binding_present":true,"binding_valid":true,"available_for_selection":true}],"decoded":{"namespace_valid":true,"range_comparable":true,"incomplete":false,"frames_truncated":false,"frame_count":324,"relevant_count":46,"identity_matched":46,"identity_rejected":0,"generation_mismatch":0,"pts_mismatch":0,"duration_invalid":0,"minimum_pts_ns":"7866666666","maximum_pts_ns":"9366666666","maximum_valid_end_ns":"9399999999"},"slice_state_counts":[14,2,0,0,0,0],"reason_counts":[0,2,0,0,14,0,0,0,0,0],"unknown_ranges":[{"start_ns":"8333333333","end_ns":"8333333334","reason":1},{"start_ns":"8333333333","end_ns":"9383000000","reason":1}]}
[selection-attempt] {"reference_sha256":"583555c49d83f48dea696d8dc383dde19cb051aeda0e890c55d88fa2329d4ac2","attempt":5,"attempt_limit":121,"elapsed_ms":"2186","wait_ms":"60000","deadline_exhausted":false,"attempt_exhausted":false,"selection_complete":false,"expanded_start_ns":"7883000000","expanded_end_ns":"9383000000","source_count":1,"unknown_count":2,"sources_truncated":false,"unknown_truncated":false,"sources":[{"segment_id_sha256":"db4f14a8685792a6e5ba538e9b9e34a1bde7a7b0b3de56e5c7c07a7a21421a8a","media_epoch_id_sha256":"f87a55c938f229a11990b8770273b45b4212fedb94762c7b2c67469753b0183c","source_generation_sha256":"fa608e7ecab1483e233f9175a0a0a3d58d600bb953055fdfde18b2431ecd0439","track_id_sha256":"6358741e33c5b9f5d471c94ef545913db297fe5fc117a9cd179ee1a2014a49ea","generation_order":"1","start_pts":"0","end_pts":"8333333333","time_base_num":1,"time_base_den":1000000000,"lifecycle":1,"deleted":false,"binding_present":true,"binding_valid":true,"available_for_selection":true}],"decoded":{"namespace_valid":true,"range_comparable":true,"incomplete":false,"frames_truncated":false,"frame_count":324,"relevant_count":46,"identity_matched":46,"identity_rejected":0,"generation_mismatch":0,"pts_mismatch":0,"duration_invalid":0,"minimum_pts_ns":"7866666666","maximum_pts_ns":"9366666666","maximum_valid_end_ns":"9399999999"},"slice_state_counts":[14,2,0,0,0,0],"reason_counts":[0,2,0,0,14,0,0,0,0,0],"unknown_ranges":[{"start_ns":"8333333333","end_ns":"8333333334","reason":1},{"start_ns":"8333333333","end_ns":"9383000000","reason":1}]}
[selection-attempt] {"reference_sha256":"87abf3cc287be77f190d699b5a4d455f5632127a9b2bd222f48f32910cf0ebe1","attempt":5,"attempt_limit":121,"elapsed_ms":"2209","wait_ms":"60000","deadline_exhausted":false,"attempt_exhausted":false,"selection_complete":false,"expanded_start_ns":"7883000000","expanded_end_ns":"9383000000","source_count":1,"unknown_count":2,"sources_truncated":false,"unknown_truncated":false,"sources":[{"segment_id_sha256":"db4f14a8685792a6e5ba538e9b9e34a1bde7a7b0b3de56e5c7c07a7a21421a8a","media_epoch_id_sha256":"f87a55c938f229a11990b8770273b45b4212fedb94762c7b2c67469753b0183c","source_generation_sha256":"fa608e7ecab1483e233f9175a0a0a3d58d600bb953055fdfde18b2431ecd0439","track_id_sha256":"6358741e33c5b9f5d471c94ef545913db297fe5fc117a9cd179ee1a2014a49ea","generation_order":"1","start_pts":"0","end_pts":"8333333333","time_base_num":1,"time_base_den":1000000000,"lifecycle":1,"deleted":false,"binding_present":true,"binding_valid":true,"available_for_selection":true}],"decoded":{"namespace_valid":true,"range_comparable":true,"incomplete":false,"frames_truncated":false,"frame_count":328,"relevant_count":46,"identity_matched":46,"identity_rejected":0,"generation_mismatch":0,"pts_mismatch":0,"duration_invalid":0,"minimum_pts_ns":"7866666666","maximum_pts_ns":"9366666666","maximum_valid_end_ns":"9399999999"},"slice_state_counts":[14,2,0,0,0,0],"reason_counts":[0,2,0,0,14,0,0,0,0,0],"unknown_ranges":[{"start_ns":"8333333333","end_ns":"8333333334","reason":1},{"start_ns":"8333333333","end_ns":"9383000000","reason":1}]}
[selection-attempt] {"reference_sha256":"32ba4e167976329c0d0704e438fab0e1bb94f10bab409955ace5dcab8d7590df","attempt":6,"attempt_limit":121,"elapsed_ms":"2684","wait_ms":"60000","deadline_exhausted":false,"attempt_exhausted":false,"selection_complete":false,"expanded_start_ns":"7883000000","expanded_end_ns":"9383000000","source_count":1,"unknown_count":2,"sources_truncated":false,"unknown_truncated":false,"sources":[{"segment_id_sha256":"db4f14a8685792a6e5ba538e9b9e34a1bde7a7b0b3de56e5c7c07a7a21421a8a","media_epoch_id_sha256":"f87a55c938f229a11990b8770273b45b4212fedb94762c7b2c67469753b0183c","source_generation_sha256":"fa608e7ecab1483e233f9175a0a0a3d58d600bb953055fdfde18b2431ecd0439","track_id_sha256":"6358741e33c5b9f5d471c94ef545913db297fe5fc117a9cd179ee1a2014a49ea","generation_order":"1","start_pts":"0","end_pts":"8333333333","time_base_num":1,"time_base_den":1000000000,"lifecycle":1,"deleted":false,"binding_present":true,"binding_valid":true,"available_for_selection":true}],"decoded":{"namespace_valid":true,"range_comparable":true,"incomplete":false,"frames_truncated":false,"frame_count":340,"relevant_count":46,"identity_matched":46,"identity_rejected":0,"generation_mismatch":0,"pts_mismatch":0,"duration_invalid":0,"minimum_pts_ns":"7866666666","maximum_pts_ns":"9366666666","maximum_valid_end_ns":"9399999999"},"slice_state_counts":[14,2,0,0,0,0],"reason_counts":[0,2,0,0,14,0,0,0,0,0],"unknown_ranges":[{"start_ns":"8333333333","end_ns":"8333333334","reason":1},{"start_ns":"8333333333","end_ns":"9383000000","reason":1}]}
[selection-attempt] {"reference_sha256":"63063d560206d107b4cdb5792edd9ce0e3da2f53034f35b790781db63b0b3fe0","attempt":6,"attempt_limit":121,"elapsed_ms":"2708","wait_ms":"60000","deadline_exhausted":false,"attempt_exhausted":false,"selection_complete":false,"expanded_start_ns":"7883000000","expanded_end_ns":"9383000000","source_count":1,"unknown_count":2,"sources_truncated":false,"unknown_truncated":false,"sources":[{"segment_id_sha256":"db4f14a8685792a6e5ba538e9b9e34a1bde7a7b0b3de56e5c7c07a7a21421a8a","media_epoch_id_sha256":"f87a55c938f229a11990b8770273b45b4212fedb94762c7b2c67469753b0183c","source_generation_sha256":"fa608e7ecab1483e233f9175a0a0a3d58d600bb953055fdfde18b2431ecd0439","track_id_sha256":"6358741e33c5b9f5d471c94ef545913db297fe5fc117a9cd179ee1a2014a49ea","generation_order":"1","start_pts":"0","end_pts":"8333333333","time_base_num":1,"time_base_den":1000000000,"lifecycle":1,"deleted":false,"binding_present":true,"binding_valid":true,"available_for_selection":true}],"decoded":{"namespace_valid":true,"range_comparable":true,"incomplete":false,"frames_truncated":false,"frame_count":340,"relevant_count":46,"identity_matched":46,"identity_rejected":0,"generation_mismatch":0,"pts_mismatch":0,"duration_invalid":0,"minimum_pts_ns":"7866666666","maximum_pts_ns":"9366666666","maximum_valid_end_ns":"9399999999"},"slice_state_counts":[14,2,0,0,0,0],"reason_counts":[0,2,0,0,14,0,0,0,0,0],"unknown_ranges":[{"start_ns":"8333333333","end_ns":"8333333334","reason":1},{"start_ns":"8333333333","end_ns":"9383000000","reason":1}]}
[selection-attempt] {"reference_sha256":"583555c49d83f48dea696d8dc383dde19cb051aeda0e890c55d88fa2329d4ac2","attempt":6,"attempt_limit":121,"elapsed_ms":"2711","wait_ms":"60000","deadline_exhausted":false,"attempt_exhausted":false,"selection_complete":false,"expanded_start_ns":"7883000000","expanded_end_ns":"9383000000","source_count":1,"unknown_count":2,"sources_truncated":false,"unknown_truncated":false,"sources":[{"segment_id_sha256":"db4f14a8685792a6e5ba538e9b9e34a1bde7a7b0b3de56e5c7c07a7a21421a8a","media_epoch_id_sha256":"f87a55c938f229a11990b8770273b45b4212fedb94762c7b2c67469753b0183c","source_generation_sha256":"fa608e7ecab1483e233f9175a0a0a3d58d600bb953055fdfde18b2431ecd0439","track_id_sha256":"6358741e33c5b9f5d471c94ef545913db297fe5fc117a9cd179ee1a2014a49ea","generation_order":"1","start_pts":"0","end_pts":"8333333333","time_base_num":1,"time_base_den":1000000000,"lifecycle":1,"deleted":false,"binding_present":true,"binding_valid":true,"available_for_selection":true}],"decoded":{"namespace_valid":true,"range_comparable":true,"incomplete":false,"frames_truncated":false,"frame_count":340,"relevant_count":46,"identity_matched":46,"identity_rejected":0,"generation_mismatch":0,"pts_mismatch":0,"duration_invalid":0,"minimum_pts_ns":"7866666666","maximum_pts_ns":"9366666666","maximum_valid_end_ns":"9399999999"},"slice_state_counts":[14,2,0,0,0,0],"reason_counts":[0,2,0,0,14,0,0,0,0,0],"unknown_ranges":[{"start_ns":"8333333333","end_ns":"8333333334","reason":1},{"start_ns":"8333333333","end_ns":"9383000000","reason":1}]}
[selection-attempt] {"reference_sha256":"87abf3cc287be77f190d699b5a4d455f5632127a9b2bd222f48f32910cf0ebe1","attempt":6,"attempt_limit":121,"elapsed_ms":"2735","wait_ms":"60000","deadline_exhausted":false,"attempt_exhausted":false,"selection_complete":false,"expanded_start_ns":"7883000000","expanded_end_ns":"9383000000","source_count":1,"unknown_count":2,"sources_truncated":false,"unknown_truncated":false,"sources":[{"segment_id_sha256":"db4f14a8685792a6e5ba538e9b9e34a1bde7a7b0b3de56e5c7c07a7a21421a8a","media_epoch_id_sha256":"f87a55c938f229a11990b8770273b45b4212fedb94762c7b2c67469753b0183c","source_generation_sha256":"fa608e7ecab1483e233f9175a0a0a3d58d600bb953055fdfde18b2431ecd0439","track_id_sha256":"6358741e33c5b9f5d471c94ef545913db297fe5fc117a9cd179ee1a2014a49ea","generation_order":"1","start_pts":"0","end_pts":"8333333333","time_base_num":1,"time_base_den":1000000000,"lifecycle":1,"deleted":false,"binding_present":true,"binding_valid":true,"available_for_selection":true}],"decoded":{"namespace_valid":true,"range_comparable":true,"incomplete":false,"frames_truncated":false,"frame_count":344,"relevant_count":46,"identity_matched":46,"identity_rejected":0,"generation_mismatch":0,"pts_mismatch":0,"duration_invalid":0,"minimum_pts_ns":"7866666666","maximum_pts_ns":"9366666666","maximum_valid_end_ns":"9399999999"},"slice_state_counts":[14,2,0,0,0,0],"reason_counts":[0,2,0,0,14,0,0,0,0,0],"unknown_ranges":[{"start_ns":"8333333333","end_ns":"8333333334","reason":1},{"start_ns":"8333333333","end_ns":"9383000000","reason":1}]}
[selection-attempt] {"reference_sha256":"32ba4e167976329c0d0704e438fab0e1bb94f10bab409955ace5dcab8d7590df","attempt":7,"attempt_limit":121,"elapsed_ms":"3219","wait_ms":"60000","deadline_exhausted":false,"attempt_exhausted":false,"selection_complete":false,"expanded_start_ns":"7883000000","expanded_end_ns":"9383000000","source_count":1,"unknown_count":2,"sources_truncated":false,"unknown_truncated":false,"sources":[{"segment_id_sha256":"db4f14a8685792a6e5ba538e9b9e34a1bde7a7b0b3de56e5c7c07a7a21421a8a","media_epoch_id_sha256":"f87a55c938f229a11990b8770273b45b4212fedb94762c7b2c67469753b0183c","source_generation_sha256":"fa608e7ecab1483e233f9175a0a0a3d58d600bb953055fdfde18b2431ecd0439","track_id_sha256":"6358741e33c5b9f5d471c94ef545913db297fe5fc117a9cd179ee1a2014a49ea","generation_order":"1","start_pts":"0","end_pts":"8333333333","time_base_num":1,"time_base_den":1000000000,"lifecycle":1,"deleted":false,"binding_present":true,"binding_valid":true,"available_for_selection":true}],"decoded":{"namespace_valid":true,"range_comparable":true,"incomplete":false,"frames_truncated":false,"frame_count":356,"relevant_count":46,"identity_matched":46,"identity_rejected":0,"generation_mismatch":0,"pts_mismatch":0,"duration_invalid":0,"minimum_pts_ns":"7866666666","maximum_pts_ns":"9366666666","maximum_valid_end_ns":"9399999999"},"slice_state_counts":[14,2,0,0,0,0],"reason_counts":[0,2,0,0,14,0,0,0,0,0],"unknown_ranges":[{"start_ns":"8333333333","end_ns":"8333333334","reason":1},{"start_ns":"8333333333","end_ns":"9383000000","reason":1}]}
[selection-attempt] {"reference_sha256":"63063d560206d107b4cdb5792edd9ce0e3da2f53034f35b790781db63b0b3fe0","attempt":7,"attempt_limit":121,"elapsed_ms":"3243","wait_ms":"60000","deadline_exhausted":false,"attempt_exhausted":false,"selection_complete":false,"expanded_start_ns":"7883000000","expanded_end_ns":"9383000000","source_count":1,"unknown_count":2,"sources_truncated":false,"unknown_truncated":false,"sources":[{"segment_id_sha256":"db4f14a8685792a6e5ba538e9b9e34a1bde7a7b0b3de56e5c7c07a7a21421a8a","media_epoch_id_sha256":"f87a55c938f229a11990b8770273b45b4212fedb94762c7b2c67469753b0183c","source_generation_sha256":"fa608e7ecab1483e233f9175a0a0a3d58d600bb953055fdfde18b2431ecd0439","track_id_sha256":"6358741e33c5b9f5d471c94ef545913db297fe5fc117a9cd179ee1a2014a49ea","generation_order":"1","start_pts":"0","end_pts":"8333333333","time_base_num":1,"time_base_den":1000000000,"lifecycle":1,"deleted":false,"binding_present":true,"binding_valid":true,"available_for_selection":true}],"decoded":{"namespace_valid":true,"range_comparable":true,"incomplete":false,"frames_truncated":false,"frame_count":356,"relevant_count":46,"identity_matched":46,"identity_rejected":0,"generation_mismatch":0,"pts_mismatch":0,"duration_invalid":0,"minimum_pts_ns":"7866666666","maximum_pts_ns":"9366666666","maximum_valid_end_ns":"9399999999"},"slice_state_counts":[14,2,0,0,0,0],"reason_counts":[0,2,0,0,14,0,0,0,0,0],"unknown_ranges":[{"start_ns":"8333333333","end_ns":"8333333334","reason":1},{"start_ns":"8333333333","end_ns":"9383000000","reason":1}]}
[selection-attempt] {"reference_sha256":"583555c49d83f48dea696d8dc383dde19cb051aeda0e890c55d88fa2329d4ac2","attempt":7,"attempt_limit":121,"elapsed_ms":"3246","wait_ms":"60000","deadline_exhausted":false,"attempt_exhausted":false,"selection_complete":false,"expanded_start_ns":"7883000000","expanded_end_ns":"9383000000","source_count":1,"unknown_count":2,"sources_truncated":false,"unknown_truncated":false,"sources":[{"segment_id_sha256":"db4f14a8685792a6e5ba538e9b9e34a1bde7a7b0b3de56e5c7c07a7a21421a8a","media_epoch_id_sha256":"f87a55c938f229a11990b8770273b45b4212fedb94762c7b2c67469753b0183c","source_generation_sha256":"fa608e7ecab1483e233f9175a0a0a3d58d600bb953055fdfde18b2431ecd0439","track_id_sha256":"6358741e33c5b9f5d471c94ef545913db297fe5fc117a9cd179ee1a2014a49ea","generation_order":"1","start_pts":"0","end_pts":"8333333333","time_base_num":1,"time_base_den":1000000000,"lifecycle":1,"deleted":false,"binding_present":true,"binding_valid":true,"available_for_selection":true}],"decoded":{"namespace_valid":true,"range_comparable":true,"incomplete":false,"frames_truncated":false,"frame_count":356,"relevant_count":46,"identity_matched":46,"identity_rejected":0,"generation_mismatch":0,"pts_mismatch":0,"duration_invalid":0,"minimum_pts_ns":"7866666666","maximum_pts_ns":"9366666666","maximum_valid_end_ns":"9399999999"},"slice_state_counts":[14,2,0,0,0,0],"reason_counts":[0,2,0,0,14,0,0,0,0,0],"unknown_ranges":[{"start_ns":"8333333333","end_ns":"8333333334","reason":1},{"start_ns":"8333333333","end_ns":"9383000000","reason":1}]}
[selection-attempt] {"reference_sha256":"87abf3cc287be77f190d699b5a4d455f5632127a9b2bd222f48f32910cf0ebe1","attempt":7,"attempt_limit":121,"elapsed_ms":"3271","wait_ms":"60000","deadline_exhausted":false,"attempt_exhausted":false,"selection_complete":false,"expanded_start_ns":"7883000000","expanded_end_ns":"9383000000","source_count":1,"unknown_count":2,"sources_truncated":false,"unknown_truncated":false,"sources":[{"segment_id_sha256":"db4f14a8685792a6e5ba538e9b9e34a1bde7a7b0b3de56e5c7c07a7a21421a8a","media_epoch_id_sha256":"f87a55c938f229a11990b8770273b45b4212fedb94762c7b2c67469753b0183c","source_generation_sha256":"fa608e7ecab1483e233f9175a0a0a3d58d600bb953055fdfde18b2431ecd0439","track_id_sha256":"6358741e33c5b9f5d471c94ef545913db297fe5fc117a9cd179ee1a2014a49ea","generation_order":"1","start_pts":"0","end_pts":"8333333333","time_base_num":1,"time_base_den":1000000000,"lifecycle":1,"deleted":false,"binding_present":true,"binding_valid":true,"available_for_selection":true}],"decoded":{"namespace_valid":true,"range_comparable":true,"incomplete":false,"frames_truncated":false,"frame_count":360,"relevant_count":46,"identity_matched":46,"identity_rejected":0,"generation_mismatch":0,"pts_mismatch":0,"duration_invalid":0,"minimum_pts_ns":"7866666666","maximum_pts_ns":"9366666666","maximum_valid_end_ns":"9399999999"},"slice_state_counts":[14,2,0,0,0,0],"reason_counts":[0,2,0,0,14,0,0,0,0,0],"unknown_ranges":[{"start_ns":"8333333333","end_ns":"8333333334","reason":1},{"start_ns":"8333333333","end_ns":"9383000000","reason":1}]}
[selection-attempt] {"reference_sha256":"32ba4e167976329c0d0704e438fab0e1bb94f10bab409955ace5dcab8d7590df","attempt":8,"attempt_limit":121,"elapsed_ms":"3748","wait_ms":"60000","deadline_exhausted":false,"attempt_exhausted":false,"selection_complete":false,"expanded_start_ns":"7883000000","expanded_end_ns":"9383000000","source_count":1,"unknown_count":2,"sources_truncated":false,"unknown_truncated":false,"sources":[{"segment_id_sha256":"db4f14a8685792a6e5ba538e9b9e34a1bde7a7b0b3de56e5c7c07a7a21421a8a","media_epoch_id_sha256":"f87a55c938f229a11990b8770273b45b4212fedb94762c7b2c67469753b0183c","source_generation_sha256":"fa608e7ecab1483e233f9175a0a0a3d58d600bb953055fdfde18b2431ecd0439","track_id_sha256":"6358741e33c5b9f5d471c94ef545913db297fe5fc117a9cd179ee1a2014a49ea","generation_order":"1","start_pts":"0","end_pts":"8333333333","time_base_num":1,"time_base_den":1000000000,"lifecycle":1,"deleted":false,"binding_present":true,"binding_valid":true,"available_for_selection":true}],"decoded":{"namespace_valid":true,"range_comparable":true,"incomplete":false,"frames_truncated":false,"frame_count":372,"relevant_count":46,"identity_matched":46,"identity_rejected":0,"generation_mismatch":0,"pts_mismatch":0,"duration_invalid":0,"minimum_pts_ns":"7866666666","maximum_pts_ns":"9366666666","maximum_valid_end_ns":"9399999999"},"slice_state_counts":[14,2,0,0,0,0],"reason_counts":[0,2,0,0,14,0,0,0,0,0],"unknown_ranges":[{"start_ns":"8333333333","end_ns":"8333333334","reason":1},{"start_ns":"8333333333","end_ns":"9383000000","reason":1}]}
[selection-attempt] {"reference_sha256":"63063d560206d107b4cdb5792edd9ce0e3da2f53034f35b790781db63b0b3fe0","attempt":8,"attempt_limit":121,"elapsed_ms":"3773","wait_ms":"60000","deadline_exhausted":false,"attempt_exhausted":false,"selection_complete":false,"expanded_start_ns":"7883000000","expanded_end_ns":"9383000000","source_count":1,"unknown_count":2,"sources_truncated":false,"unknown_truncated":false,"sources":[{"segment_id_sha256":"db4f14a8685792a6e5ba538e9b9e34a1bde7a7b0b3de56e5c7c07a7a21421a8a","media_epoch_id_sha256":"f87a55c938f229a11990b8770273b45b4212fedb94762c7b2c67469753b0183c","source_generation_sha256":"fa608e7ecab1483e233f9175a0a0a3d58d600bb953055fdfde18b2431ecd0439","track_id_sha256":"6358741e33c5b9f5d471c94ef545913db297fe5fc117a9cd179ee1a2014a49ea","generation_order":"1","start_pts":"0","end_pts":"8333333333","time_base_num":1,"time_base_den":1000000000,"lifecycle":1,"deleted":false,"binding_present":true,"binding_valid":true,"available_for_selection":true}],"decoded":{"namespace_valid":true,"range_comparable":true,"incomplete":false,"frames_truncated":false,"frame_count":372,"relevant_count":46,"identity_matched":46,"identity_rejected":0,"generation_mismatch":0,"pts_mismatch":0,"duration_invalid":0,"minimum_pts_ns":"7866666666","maximum_pts_ns":"9366666666","maximum_valid_end_ns":"9399999999"},"slice_state_counts":[14,2,0,0,0,0],"reason_counts":[0,2,0,0,14,0,0,0,0,0],"unknown_ranges":[{"start_ns":"8333333333","end_ns":"8333333334","reason":1},{"start_ns":"8333333333","end_ns":"9383000000","reason":1}]}
[selection-attempt] {"reference_sha256":"583555c49d83f48dea696d8dc383dde19cb051aeda0e890c55d88fa2329d4ac2","attempt":8,"attempt_limit":121,"elapsed_ms":"3777","wait_ms":"60000","deadline_exhausted":false,"attempt_exhausted":false,"selection_complete":false,"expanded_start_ns":"7883000000","expanded_end_ns":"9383000000","source_count":1,"unknown_count":2,"sources_truncated":false,"unknown_truncated":false,"sources":[{"segment_id_sha256":"db4f14a8685792a6e5ba538e9b9e34a1bde7a7b0b3de56e5c7c07a7a21421a8a","media_epoch_id_sha256":"f87a55c938f229a11990b8770273b45b4212fedb94762c7b2c67469753b0183c","source_generation_sha256":"fa608e7ecab1483e233f9175a0a0a3d58d600bb953055fdfde18b2431ecd0439","track_id_sha256":"6358741e33c5b9f5d471c94ef545913db297fe5fc117a9cd179ee1a2014a49ea","generation_order":"1","start_pts":"0","end_pts":"8333333333","time_base_num":1,"time_base_den":1000000000,"lifecycle":1,"deleted":false,"binding_present":true,"binding_valid":true,"available_for_selection":true}],"decoded":{"namespace_valid":true,"range_comparable":true,"incomplete":false,"frames_truncated":false,"frame_count":372,"relevant_count":46,"identity_matched":46,"identity_rejected":0,"generation_mismatch":0,"pts_mismatch":0,"duration_invalid":0,"minimum_pts_ns":"7866666666","maximum_pts_ns":"9366666666","maximum_valid_end_ns":"9399999999"},"slice_state_counts":[14,2,0,0,0,0],"reason_counts":[0,2,0,0,14,0,0,0,0,0],"unknown_ranges":[{"start_ns":"8333333333","end_ns":"8333333334","reason":1},{"start_ns":"8333333333","end_ns":"9383000000","reason":1}]}
[selection-attempt] {"reference_sha256":"87abf3cc287be77f190d699b5a4d455f5632127a9b2bd222f48f32910cf0ebe1","attempt":8,"attempt_limit":121,"elapsed_ms":"3801","wait_ms":"60000","deadline_exhausted":false,"attempt_exhausted":false,"selection_complete":false,"expanded_start_ns":"7883000000","expanded_end_ns":"9383000000","source_count":1,"unknown_count":2,"sources_truncated":false,"unknown_truncated":false,"sources":[{"segment_id_sha256":"db4f14a8685792a6e5ba538e9b9e34a1bde7a7b0b3de56e5c7c07a7a21421a8a","media_epoch_id_sha256":"f87a55c938f229a11990b8770273b45b4212fedb94762c7b2c67469753b0183c","source_generation_sha256":"fa608e7ecab1483e233f9175a0a0a3d58d600bb953055fdfde18b2431ecd0439","track_id_sha256":"6358741e33c5b9f5d471c94ef545913db297fe5fc117a9cd179ee1a2014a49ea","generation_order":"1","start_pts":"0","end_pts":"8333333333","time_base_num":1,"time_base_den":1000000000,"lifecycle":1,"deleted":false,"binding_present":true,"binding_valid":true,"available_for_selection":true}],"decoded":{"namespace_valid":true,"range_comparable":true,"incomplete":false,"frames_truncated":false,"frame_count":372,"relevant_count":46,"identity_matched":46,"identity_rejected":0,"generation_mismatch":0,"pts_mismatch":0,"duration_invalid":0,"minimum_pts_ns":"7866666666","maximum_pts_ns":"9366666666","maximum_valid_end_ns":"9399999999"},"slice_state_counts":[14,2,0,0,0,0],"reason_counts":[0,2,0,0,14,0,0,0,0,0],"unknown_ranges":[{"start_ns":"8333333333","end_ns":"8333333334","reason":1},{"start_ns":"8333333333","end_ns":"9383000000","reason":1}]}
[selection-attempt] {"reference_sha256":"32ba4e167976329c0d0704e438fab0e1bb94f10bab409955ace5dcab8d7590df","attempt":9,"attempt_limit":121,"elapsed_ms":"4275","wait_ms":"60000","deadline_exhausted":false,"attempt_exhausted":false,"selection_complete":false,"expanded_start_ns":"7883000000","expanded_end_ns":"9383000000","source_count":1,"unknown_count":2,"sources_truncated":false,"unknown_truncated":false,"sources":[{"segment_id_sha256":"db4f14a8685792a6e5ba538e9b9e34a1bde7a7b0b3de56e5c7c07a7a21421a8a","media_epoch_id_sha256":"f87a55c938f229a11990b8770273b45b4212fedb94762c7b2c67469753b0183c","source_generation_sha256":"fa608e7ecab1483e233f9175a0a0a3d58d600bb953055fdfde18b2431ecd0439","track_id_sha256":"6358741e33c5b9f5d471c94ef545913db297fe5fc117a9cd179ee1a2014a49ea","generation_order":"1","start_pts":"0","end_pts":"8333333333","time_base_num":1,"time_base_den":1000000000,"lifecycle":1,"deleted":false,"binding_present":true,"binding_valid":true,"available_for_selection":true}],"decoded":{"namespace_valid":true,"range_comparable":true,"incomplete":false,"frames_truncated":false,"frame_count":388,"relevant_count":46,"identity_matched":46,"identity_rejected":0,"generation_mismatch":0,"pts_mismatch":0,"duration_invalid":0,"minimum_pts_ns":"7866666666","maximum_pts_ns":"9366666666","maximum_valid_end_ns":"9399999999"},"slice_state_counts":[14,2,0,0,0,0],"reason_counts":[0,2,0,0,14,0,0,0,0,0],"unknown_ranges":[{"start_ns":"8333333333","end_ns":"8333333334","reason":1},{"start_ns":"8333333333","end_ns":"9383000000","reason":1}]}
[selection-attempt] {"reference_sha256":"63063d560206d107b4cdb5792edd9ce0e3da2f53034f35b790781db63b0b3fe0","attempt":9,"attempt_limit":121,"elapsed_ms":"4300","wait_ms":"60000","deadline_exhausted":false,"attempt_exhausted":false,"selection_complete":false,"expanded_start_ns":"7883000000","expanded_end_ns":"9383000000","source_count":1,"unknown_count":2,"sources_truncated":false,"unknown_truncated":false,"sources":[{"segment_id_sha256":"db4f14a8685792a6e5ba538e9b9e34a1bde7a7b0b3de56e5c7c07a7a21421a8a","media_epoch_id_sha256":"f87a55c938f229a11990b8770273b45b4212fedb94762c7b2c67469753b0183c","source_generation_sha256":"fa608e7ecab1483e233f9175a0a0a3d58d600bb953055fdfde18b2431ecd0439","track_id_sha256":"6358741e33c5b9f5d471c94ef545913db297fe5fc117a9cd179ee1a2014a49ea","generation_order":"1","start_pts":"0","end_pts":"8333333333","time_base_num":1,"time_base_den":1000000000,"lifecycle":1,"deleted":false,"binding_present":true,"binding_valid":true,"available_for_selection":true}],"decoded":{"namespace_valid":true,"range_comparable":true,"incomplete":false,"frames_truncated":false,"frame_count":388,"relevant_count":46,"identity_matched":46,"identity_rejected":0,"generation_mismatch":0,"pts_mismatch":0,"duration_invalid":0,"minimum_pts_ns":"7866666666","maximum_pts_ns":"9366666666","maximum_valid_end_ns":"9399999999"},"slice_state_counts":[14,2,0,0,0,0],"reason_counts":[0,2,0,0,14,0,0,0,0,0],"unknown_ranges":[{"start_ns":"8333333333","end_ns":"8333333334","reason":1},{"start_ns":"8333333333","end_ns":"9383000000","reason":1}]}
[selection-attempt] {"reference_sha256":"583555c49d83f48dea696d8dc383dde19cb051aeda0e890c55d88fa2329d4ac2","attempt":9,"attempt_limit":121,"elapsed_ms":"4304","wait_ms":"60000","deadline_exhausted":false,"attempt_exhausted":false,"selection_complete":false,"expanded_start_ns":"7883000000","expanded_end_ns":"9383000000","source_count":1,"unknown_count":2,"sources_truncated":false,"unknown_truncated":false,"sources":[{"segment_id_sha256":"db4f14a8685792a6e5ba538e9b9e34a1bde7a7b0b3de56e5c7c07a7a21421a8a","media_epoch_id_sha256":"f87a55c938f229a11990b8770273b45b4212fedb94762c7b2c67469753b0183c","source_generation_sha256":"fa608e7ecab1483e233f9175a0a0a3d58d600bb953055fdfde18b2431ecd0439","track_id_sha256":"6358741e33c5b9f5d471c94ef545913db297fe5fc117a9cd179ee1a2014a49ea","generation_order":"1","start_pts":"0","end_pts":"8333333333","time_base_num":1,"time_base_den":1000000000,"lifecycle":1,"deleted":false,"binding_present":true,"binding_valid":true,"available_for_selection":true}],"decoded":{"namespace_valid":true,"range_comparable":true,"incomplete":false,"frames_truncated":false,"frame_count":388,"relevant_count":46,"identity_matched":46,"identity_rejected":0,"generation_mismatch":0,"pts_mismatch":0,"duration_invalid":0,"minimum_pts_ns":"7866666666","maximum_pts_ns":"9366666666","maximum_valid_end_ns":"9399999999"},"slice_state_counts":[14,2,0,0,0,0],"reason_counts":[0,2,0,0,14,0,0,0,0,0],"unknown_ranges":[{"start_ns":"8333333333","end_ns":"8333333334","reason":1},{"start_ns":"8333333333","end_ns":"9383000000","reason":1}]}
[selection-attempt] {"reference_sha256":"87abf3cc287be77f190d699b5a4d455f5632127a9b2bd222f48f32910cf0ebe1","attempt":9,"attempt_limit":121,"elapsed_ms":"4329","wait_ms":"60000","deadline_exhausted":false,"attempt_exhausted":false,"selection_complete":false,"expanded_start_ns":"7883000000","expanded_end_ns":"9383000000","source_count":1,"unknown_count":2,"sources_truncated":false,"unknown_truncated":false,"sources":[{"segment_id_sha256":"db4f14a8685792a6e5ba538e9b9e34a1bde7a7b0b3de56e5c7c07a7a21421a8a","media_epoch_id_sha256":"f87a55c938f229a11990b8770273b45b4212fedb94762c7b2c67469753b0183c","source_generation_sha256":"fa608e7ecab1483e233f9175a0a0a3d58d600bb953055fdfde18b2431ecd0439","track_id_sha256":"6358741e33c5b9f5d471c94ef545913db297fe5fc117a9cd179ee1a2014a49ea","generation_order":"1","start_pts":"0","end_pts":"8333333333","time_base_num":1,"time_base_den":1000000000,"lifecycle":1,"deleted":false,"binding_present":true,"binding_valid":true,"available_for_selection":true}],"decoded":{"namespace_valid":true,"range_comparable":true,"incomplete":false,"frames_truncated":false,"frame_count":388,"relevant_count":46,"identity_matched":46,"identity_rejected":0,"generation_mismatch":0,"pts_mismatch":0,"duration_invalid":0,"minimum_pts_ns":"7866666666","maximum_pts_ns":"9366666666","maximum_valid_end_ns":"9399999999"},"slice_state_counts":[14,2,0,0,0,0],"reason_counts":[0,2,0,0,14,0,0,0,0,0],"unknown_ranges":[{"start_ns":"8333333333","end_ns":"8333333334","reason":1},{"start_ns":"8333333333","end_ns":"9383000000","reason":1}]}
[selection-attempt] {"reference_sha256":"32ba4e167976329c0d0704e438fab0e1bb94f10bab409955ace5dcab8d7590df","attempt":10,"attempt_limit":121,"elapsed_ms":"4805","wait_ms":"60000","deadline_exhausted":false,"attempt_exhausted":false,"selection_complete":false,"expanded_start_ns":"7883000000","expanded_end_ns":"9383000000","source_count":1,"unknown_count":2,"sources_truncated":false,"unknown_truncated":false,"sources":[{"segment_id_sha256":"db4f14a8685792a6e5ba538e9b9e34a1bde7a7b0b3de56e5c7c07a7a21421a8a","media_epoch_id_sha256":"f87a55c938f229a11990b8770273b45b4212fedb94762c7b2c67469753b0183c","source_generation_sha256":"fa608e7ecab1483e233f9175a0a0a3d58d600bb953055fdfde18b2431ecd0439","track_id_sha256":"6358741e33c5b9f5d471c94ef545913db297fe5fc117a9cd179ee1a2014a49ea","generation_order":"1","start_pts":"0","end_pts":"8333333333","time_base_num":1,"time_base_den":1000000000,"lifecycle":1,"deleted":false,"binding_present":true,"binding_valid":true,"available_for_selection":true}],"decoded":{"namespace_valid":true,"range_comparable":true,"incomplete":false,"frames_truncated":false,"frame_count":404,"relevant_count":46,"identity_matched":46,"identity_rejected":0,"generation_mismatch":0,"pts_mismatch":0,"duration_invalid":0,"minimum_pts_ns":"7866666666","maximum_pts_ns":"9366666666","maximum_valid_end_ns":"9399999999"},"slice_state_counts":[14,2,0,0,0,0],"reason_counts":[0,2,0,0,14,0,0,0,0,0],"unknown_ranges":[{"start_ns":"8333333333","end_ns":"8333333334","reason":1},{"start_ns":"8333333333","end_ns":"9383000000","reason":1}]}
[selection-attempt] {"reference_sha256":"63063d560206d107b4cdb5792edd9ce0e3da2f53034f35b790781db63b0b3fe0","attempt":10,"attempt_limit":121,"elapsed_ms":"4829","wait_ms":"60000","deadline_exhausted":false,"attempt_exhausted":false,"selection_complete":false,"expanded_start_ns":"7883000000","expanded_end_ns":"9383000000","source_count":1,"unknown_count":2,"sources_truncated":false,"unknown_truncated":false,"sources":[{"segment_id_sha256":"db4f14a8685792a6e5ba538e9b9e34a1bde7a7b0b3de56e5c7c07a7a21421a8a","media_epoch_id_sha256":"f87a55c938f229a11990b8770273b45b4212fedb94762c7b2c67469753b0183c","source_generation_sha256":"fa608e7ecab1483e233f9175a0a0a3d58d600bb953055fdfde18b2431ecd0439","track_id_sha256":"6358741e33c5b9f5d471c94ef545913db297fe5fc117a9cd179ee1a2014a49ea","generation_order":"1","start_pts":"0","end_pts":"8333333333","time_base_num":1,"time_base_den":1000000000,"lifecycle":1,"deleted":false,"binding_present":true,"binding_valid":true,"available_for_selection":true}],"decoded":{"namespace_valid":true,"range_comparable":true,"incomplete":false,"frames_truncated":false,"frame_count":404,"relevant_count":46,"identity_matched":46,"identity_rejected":0,"generation_mismatch":0,"pts_mismatch":0,"duration_invalid":0,"minimum_pts_ns":"7866666666","maximum_pts_ns":"9366666666","maximum_valid_end_ns":"9399999999"},"slice_state_counts":[14,2,0,0,0,0],"reason_counts":[0,2,0,0,14,0,0,0,0,0],"unknown_ranges":[{"start_ns":"8333333333","end_ns":"8333333334","reason":1},{"start_ns":"8333333333","end_ns":"9383000000","reason":1}]}
[selection-attempt] {"reference_sha256":"583555c49d83f48dea696d8dc383dde19cb051aeda0e890c55d88fa2329d4ac2","attempt":10,"attempt_limit":121,"elapsed_ms":"4833","wait_ms":"60000","deadline_exhausted":false,"attempt_exhausted":false,"selection_complete":false,"expanded_start_ns":"7883000000","expanded_end_ns":"9383000000","source_count":1,"unknown_count":2,"sources_truncated":false,"unknown_truncated":false,"sources":[{"segment_id_sha256":"db4f14a8685792a6e5ba538e9b9e34a1bde7a7b0b3de56e5c7c07a7a21421a8a","media_epoch_id_sha256":"f87a55c938f229a11990b8770273b45b4212fedb94762c7b2c67469753b0183c","source_generation_sha256":"fa608e7ecab1483e233f9175a0a0a3d58d600bb953055fdfde18b2431ecd0439","track_id_sha256":"6358741e33c5b9f5d471c94ef545913db297fe5fc117a9cd179ee1a2014a49ea","generation_order":"1","start_pts":"0","end_pts":"8333333333","time_base_num":1,"time_base_den":1000000000,"lifecycle":1,"deleted":false,"binding_present":true,"binding_valid":true,"available_for_selection":true}],"decoded":{"namespace_valid":true,"range_comparable":true,"incomplete":false,"frames_truncated":false,"frame_count":404,"relevant_count":46,"identity_matched":46,"identity_rejected":0,"generation_mismatch":0,"pts_mismatch":0,"duration_invalid":0,"minimum_pts_ns":"7866666666","maximum_pts_ns":"9366666666","maximum_valid_end_ns":"9399999999"},"slice_state_counts":[14,2,0,0,0,0],"reason_counts":[0,2,0,0,14,0,0,0,0,0],"unknown_ranges":[{"start_ns":"8333333333","end_ns":"8333333334","reason":1},{"start_ns":"8333333333","end_ns":"9383000000","reason":1}]}
[selection-attempt] {"reference_sha256":"87abf3cc287be77f190d699b5a4d455f5632127a9b2bd222f48f32910cf0ebe1","attempt":10,"attempt_limit":121,"elapsed_ms":"4858","wait_ms":"60000","deadline_exhausted":false,"attempt_exhausted":false,"selection_complete":false,"expanded_start_ns":"7883000000","expanded_end_ns":"9383000000","source_count":1,"unknown_count":2,"sources_truncated":false,"unknown_truncated":false,"sources":[{"segment_id_sha256":"db4f14a8685792a6e5ba538e9b9e34a1bde7a7b0b3de56e5c7c07a7a21421a8a","media_epoch_id_sha256":"f87a55c938f229a11990b8770273b45b4212fedb94762c7b2c67469753b0183c","source_generation_sha256":"fa608e7ecab1483e233f9175a0a0a3d58d600bb953055fdfde18b2431ecd0439","track_id_sha256":"6358741e33c5b9f5d471c94ef545913db297fe5fc117a9cd179ee1a2014a49ea","generation_order":"1","start_pts":"0","end_pts":"8333333333","time_base_num":1,"time_base_den":1000000000,"lifecycle":1,"deleted":false,"binding_present":true,"binding_valid":true,"available_for_selection":true}],"decoded":{"namespace_valid":true,"range_comparable":true,"incomplete":false,"frames_truncated":false,"frame_count":404,"relevant_count":46,"identity_matched":46,"identity_rejected":0,"generation_mismatch":0,"pts_mismatch":0,"duration_invalid":0,"minimum_pts_ns":"7866666666","maximum_pts_ns":"9366666666","maximum_valid_end_ns":"9399999999"},"slice_state_counts":[14,2,0,0,0,0],"reason_counts":[0,2,0,0,14,0,0,0,0,0],"unknown_ranges":[{"start_ns":"8333333333","end_ns":"8333333334","reason":1},{"start_ns":"8333333333","end_ns":"9383000000","reason":1}]}
[selection-attempt] {"reference_sha256":"32ba4e167976329c0d0704e438fab0e1bb94f10bab409955ace5dcab8d7590df","attempt":11,"attempt_limit":121,"elapsed_ms":"5339","wait_ms":"60000","deadline_exhausted":false,"attempt_exhausted":false,"selection_complete":false,"expanded_start_ns":"7883000000","expanded_end_ns":"9383000000","source_count":1,"unknown_count":2,"sources_truncated":false,"unknown_truncated":false,"sources":[{"segment_id_sha256":"db4f14a8685792a6e5ba538e9b9e34a1bde7a7b0b3de56e5c7c07a7a21421a8a","media_epoch_id_sha256":"f87a55c938f229a11990b8770273b45b4212fedb94762c7b2c67469753b0183c","source_generation_sha256":"fa608e7ecab1483e233f9175a0a0a3d58d600bb953055fdfde18b2431ecd0439","track_id_sha256":"6358741e33c5b9f5d471c94ef545913db297fe5fc117a9cd179ee1a2014a49ea","generation_order":"1","start_pts":"0","end_pts":"8333333333","time_base_num":1,"time_base_den":1000000000,"lifecycle":1,"deleted":false,"binding_present":true,"binding_valid":true,"available_for_selection":true}],"decoded":{"namespace_valid":true,"range_comparable":true,"incomplete":false,"frames_truncated":false,"frame_count":420,"relevant_count":46,"identity_matched":46,"identity_rejected":0,"generation_mismatch":0,"pts_mismatch":0,"duration_invalid":0,"minimum_pts_ns":"7866666666","maximum_pts_ns":"9366666666","maximum_valid_end_ns":"9399999999"},"slice_state_counts":[14,2,0,0,0,0],"reason_counts":[0,2,0,0,14,0,0,0,0,0],"unknown_ranges":[{"start_ns":"8333333333","end_ns":"8333333334","reason":1},{"start_ns":"8333333333","end_ns":"9383000000","reason":1}]}
[selection-attempt] {"reference_sha256":"63063d560206d107b4cdb5792edd9ce0e3da2f53034f35b790781db63b0b3fe0","attempt":11,"attempt_limit":121,"elapsed_ms":"5363","wait_ms":"60000","deadline_exhausted":false,"attempt_exhausted":false,"selection_complete":false,"expanded_start_ns":"7883000000","expanded_end_ns":"9383000000","source_count":1,"unknown_count":2,"sources_truncated":false,"unknown_truncated":false,"sources":[{"segment_id_sha256":"db4f14a8685792a6e5ba538e9b9e34a1bde7a7b0b3de56e5c7c07a7a21421a8a","media_epoch_id_sha256":"f87a55c938f229a11990b8770273b45b4212fedb94762c7b2c67469753b0183c","source_generation_sha256":"fa608e7ecab1483e233f9175a0a0a3d58d600bb953055fdfde18b2431ecd0439","track_id_sha256":"6358741e33c5b9f5d471c94ef545913db297fe5fc117a9cd179ee1a2014a49ea","generation_order":"1","start_pts":"0","end_pts":"8333333333","time_base_num":1,"time_base_den":1000000000,"lifecycle":1,"deleted":false,"binding_present":true,"binding_valid":true,"available_for_selection":true}],"decoded":{"namespace_valid":true,"range_comparable":true,"incomplete":false,"frames_truncated":false,"frame_count":420,"relevant_count":46,"identity_matched":46,"identity_rejected":0,"generation_mismatch":0,"pts_mismatch":0,"duration_invalid":0,"minimum_pts_ns":"7866666666","maximum_pts_ns":"9366666666","maximum_valid_end_ns":"9399999999"},"slice_state_counts":[14,2,0,0,0,0],"reason_counts":[0,2,0,0,14,0,0,0,0,0],"unknown_ranges":[{"start_ns":"8333333333","end_ns":"8333333334","reason":1},{"start_ns":"8333333333","end_ns":"9383000000","reason":1}]}
[selection-attempt] {"reference_sha256":"583555c49d83f48dea696d8dc383dde19cb051aeda0e890c55d88fa2329d4ac2","attempt":11,"attempt_limit":121,"elapsed_ms":"5367","wait_ms":"60000","deadline_exhausted":false,"attempt_exhausted":false,"selection_complete":false,"expanded_start_ns":"7883000000","expanded_end_ns":"9383000000","source_count":1,"unknown_count":2,"sources_truncated":false,"unknown_truncated":false,"sources":[{"segment_id_sha256":"db4f14a8685792a6e5ba538e9b9e34a1bde7a7b0b3de56e5c7c07a7a21421a8a","media_epoch_id_sha256":"f87a55c938f229a11990b8770273b45b4212fedb94762c7b2c67469753b0183c","source_generation_sha256":"fa608e7ecab1483e233f9175a0a0a3d58d600bb953055fdfde18b2431ecd0439","track_id_sha256":"6358741e33c5b9f5d471c94ef545913db297fe5fc117a9cd179ee1a2014a49ea","generation_order":"1","start_pts":"0","end_pts":"8333333333","time_base_num":1,"time_base_den":1000000000,"lifecycle":1,"deleted":false,"binding_present":true,"binding_valid":true,"available_for_selection":true}],"decoded":{"namespace_valid":true,"range_comparable":true,"incomplete":false,"frames_truncated":false,"frame_count":420,"relevant_count":46,"identity_matched":46,"identity_rejected":0,"generation_mismatch":0,"pts_mismatch":0,"duration_invalid":0,"minimum_pts_ns":"7866666666","maximum_pts_ns":"9366666666","maximum_valid_end_ns":"9399999999"},"slice_state_counts":[14,2,0,0,0,0],"reason_counts":[0,2,0,0,14,0,0,0,0,0],"unknown_ranges":[{"start_ns":"8333333333","end_ns":"8333333334","reason":1},{"start_ns":"8333333333","end_ns":"9383000000","reason":1}]}
[selection-attempt] {"reference_sha256":"87abf3cc287be77f190d699b5a4d455f5632127a9b2bd222f48f32910cf0ebe1","attempt":11,"attempt_limit":121,"elapsed_ms":"5391","wait_ms":"60000","deadline_exhausted":false,"attempt_exhausted":false,"selection_complete":false,"expanded_start_ns":"7883000000","expanded_end_ns":"9383000000","source_count":1,"unknown_count":2,"sources_truncated":false,"unknown_truncated":false,"sources":[{"segment_id_sha256":"db4f14a8685792a6e5ba538e9b9e34a1bde7a7b0b3de56e5c7c07a7a21421a8a","media_epoch_id_sha256":"f87a55c938f229a11990b8770273b45b4212fedb94762c7b2c67469753b0183c","source_generation_sha256":"fa608e7ecab1483e233f9175a0a0a3d58d600bb953055fdfde18b2431ecd0439","track_id_sha256":"6358741e33c5b9f5d471c94ef545913db297fe5fc117a9cd179ee1a2014a49ea","generation_order":"1","start_pts":"0","end_pts":"8333333333","time_base_num":1,"time_base_den":1000000000,"lifecycle":1,"deleted":false,"binding_present":true,"binding_valid":true,"available_for_selection":true}],"decoded":{"namespace_valid":true,"range_comparable":true,"incomplete":false,"frames_truncated":false,"frame_count":420,"relevant_count":46,"identity_matched":46,"identity_rejected":0,"generation_mismatch":0,"pts_mismatch":0,"duration_invalid":0,"minimum_pts_ns":"7866666666","maximum_pts_ns":"9366666666","maximum_valid_end_ns":"9399999999"},"slice_state_counts":[14,2,0,0,0,0],"reason_counts":[0,2,0,0,14,0,0,0,0,0],"unknown_ranges":[{"start_ns":"8333333333","end_ns":"8333333334","reason":1},{"start_ns":"8333333333","end_ns":"9383000000","reason":1}]}
[selection-attempt] {"reference_sha256":"32ba4e167976329c0d0704e438fab0e1bb94f10bab409955ace5dcab8d7590df","attempt":12,"attempt_limit":121,"elapsed_ms":"5868","wait_ms":"60000","deadline_exhausted":false,"attempt_exhausted":false,"selection_complete":false,"expanded_start_ns":"7883000000","expanded_end_ns":"9383000000","source_count":1,"unknown_count":2,"sources_truncated":false,"unknown_truncated":false,"sources":[{"segment_id_sha256":"db4f14a8685792a6e5ba538e9b9e34a1bde7a7b0b3de56e5c7c07a7a21421a8a","media_epoch_id_sha256":"f87a55c938f229a11990b8770273b45b4212fedb94762c7b2c67469753b0183c","source_generation_sha256":"fa608e7ecab1483e233f9175a0a0a3d58d600bb953055fdfde18b2431ecd0439","track_id_sha256":"6358741e33c5b9f5d471c94ef545913db297fe5fc117a9cd179ee1a2014a49ea","generation_order":"1","start_pts":"0","end_pts":"8333333333","time_base_num":1,"time_base_den":1000000000,"lifecycle":1,"deleted":false,"binding_present":true,"binding_valid":true,"available_for_selection":true}],"decoded":{"namespace_valid":true,"range_comparable":true,"incomplete":false,"frames_truncated":false,"frame_count":436,"relevant_count":46,"identity_matched":46,"identity_rejected":0,"generation_mismatch":0,"pts_mismatch":0,"duration_invalid":0,"minimum_pts_ns":"7866666666","maximum_pts_ns":"9366666666","maximum_valid_end_ns":"9399999999"},"slice_state_counts":[14,2,0,0,0,0],"reason_counts":[0,2,0,0,14,0,0,0,0,0],"unknown_ranges":[{"start_ns":"8333333333","end_ns":"8333333334","reason":1},{"start_ns":"8333333333","end_ns":"9383000000","reason":1}]}
[selection-attempt] {"reference_sha256":"63063d560206d107b4cdb5792edd9ce0e3da2f53034f35b790781db63b0b3fe0","attempt":12,"attempt_limit":121,"elapsed_ms":"5893","wait_ms":"60000","deadline_exhausted":false,"attempt_exhausted":false,"selection_complete":false,"expanded_start_ns":"7883000000","expanded_end_ns":"9383000000","source_count":1,"unknown_count":2,"sources_truncated":false,"unknown_truncated":false,"sources":[{"segment_id_sha256":"db4f14a8685792a6e5ba538e9b9e34a1bde7a7b0b3de56e5c7c07a7a21421a8a","media_epoch_id_sha256":"f87a55c938f229a11990b8770273b45b4212fedb94762c7b2c67469753b0183c","source_generation_sha256":"fa608e7ecab1483e233f9175a0a0a3d58d600bb953055fdfde18b2431ecd0439","track_id_sha256":"6358741e33c5b9f5d471c94ef545913db297fe5fc117a9cd179ee1a2014a49ea","generation_order":"1","start_pts":"0","end_pts":"8333333333","time_base_num":1,"time_base_den":1000000000,"lifecycle":1,"deleted":false,"binding_present":true,"binding_valid":true,"available_for_selection":true}],"decoded":{"namespace_valid":true,"range_comparable":true,"incomplete":false,"frames_truncated":false,"frame_count":436,"relevant_count":46,"identity_matched":46,"identity_rejected":0,"generation_mismatch":0,"pts_mismatch":0,"duration_invalid":0,"minimum_pts_ns":"7866666666","maximum_pts_ns":"9366666666","maximum_valid_end_ns":"9399999999"},"slice_state_counts":[14,2,0,0,0,0],"reason_counts":[0,2,0,0,14,0,0,0,0,0],"unknown_ranges":[{"start_ns":"8333333333","end_ns":"8333333334","reason":1},{"start_ns":"8333333333","end_ns":"9383000000","reason":1}]}
[selection-attempt] {"reference_sha256":"583555c49d83f48dea696d8dc383dde19cb051aeda0e890c55d88fa2329d4ac2","attempt":12,"attempt_limit":121,"elapsed_ms":"5897","wait_ms":"60000","deadline_exhausted":false,"attempt_exhausted":false,"selection_complete":false,"expanded_start_ns":"7883000000","expanded_end_ns":"9383000000","source_count":1,"unknown_count":2,"sources_truncated":false,"unknown_truncated":false,"sources":[{"segment_id_sha256":"db4f14a8685792a6e5ba538e9b9e34a1bde7a7b0b3de56e5c7c07a7a21421a8a","media_epoch_id_sha256":"f87a55c938f229a11990b8770273b45b4212fedb94762c7b2c67469753b0183c","source_generation_sha256":"fa608e7ecab1483e233f9175a0a0a3d58d600bb953055fdfde18b2431ecd0439","track_id_sha256":"6358741e33c5b9f5d471c94ef545913db297fe5fc117a9cd179ee1a2014a49ea","generation_order":"1","start_pts":"0","end_pts":"8333333333","time_base_num":1,"time_base_den":1000000000,"lifecycle":1,"deleted":false,"binding_present":true,"binding_valid":true,"available_for_selection":true}],"decoded":{"namespace_valid":true,"range_comparable":true,"incomplete":false,"frames_truncated":false,"frame_count":436,"relevant_count":46,"identity_matched":46,"identity_rejected":0,"generation_mismatch":0,"pts_mismatch":0,"duration_invalid":0,"minimum_pts_ns":"7866666666","maximum_pts_ns":"9366666666","maximum_valid_end_ns":"9399999999"},"slice_state_counts":[14,2,0,0,0,0],"reason_counts":[0,2,0,0,14,0,0,0,0,0],"unknown_ranges":[{"start_ns":"8333333333","end_ns":"8333333334","reason":1},{"start_ns":"8333333333","end_ns":"9383000000","reason":1}]}
[selection-attempt] {"reference_sha256":"87abf3cc287be77f190d699b5a4d455f5632127a9b2bd222f48f32910cf0ebe1","attempt":12,"attempt_limit":121,"elapsed_ms":"5921","wait_ms":"60000","deadline_exhausted":false,"attempt_exhausted":false,"selection_complete":false,"expanded_start_ns":"7883000000","expanded_end_ns":"9383000000","source_count":1,"unknown_count":2,"sources_truncated":false,"unknown_truncated":false,"sources":[{"segment_id_sha256":"db4f14a8685792a6e5ba538e9b9e34a1bde7a7b0b3de56e5c7c07a7a21421a8a","media_epoch_id_sha256":"f87a55c938f229a11990b8770273b45b4212fedb94762c7b2c67469753b0183c","source_generation_sha256":"fa608e7ecab1483e233f9175a0a0a3d58d600bb953055fdfde18b2431ecd0439","track_id_sha256":"6358741e33c5b9f5d471c94ef545913db297fe5fc117a9cd179ee1a2014a49ea","generation_order":"1","start_pts":"0","end_pts":"8333333333","time_base_num":1,"time_base_den":1000000000,"lifecycle":1,"deleted":false,"binding_present":true,"binding_valid":true,"available_for_selection":true}],"decoded":{"namespace_valid":true,"range_comparable":true,"incomplete":false,"frames_truncated":false,"frame_count":436,"relevant_count":46,"identity_matched":46,"identity_rejected":0,"generation_mismatch":0,"pts_mismatch":0,"duration_invalid":0,"minimum_pts_ns":"7866666666","maximum_pts_ns":"9366666666","maximum_valid_end_ns":"9399999999"},"slice_state_counts":[14,2,0,0,0,0],"reason_counts":[0,2,0,0,14,0,0,0,0,0],"unknown_ranges":[{"start_ns":"8333333333","end_ns":"8333333334","reason":1},{"start_ns":"8333333333","end_ns":"9383000000","reason":1}]}
[selection-attempt] {"reference_sha256":"32ba4e167976329c0d0704e438fab0e1bb94f10bab409955ace5dcab8d7590df","attempt":13,"attempt_limit":121,"elapsed_ms":"6401","wait_ms":"60000","deadline_exhausted":false,"attempt_exhausted":false,"selection_complete":false,"expanded_start_ns":"7883000000","expanded_end_ns":"9383000000","source_count":1,"unknown_count":2,"sources_truncated":false,"unknown_truncated":false,"sources":[{"segment_id_sha256":"db4f14a8685792a6e5ba538e9b9e34a1bde7a7b0b3de56e5c7c07a7a21421a8a","media_epoch_id_sha256":"f87a55c938f229a11990b8770273b45b4212fedb94762c7b2c67469753b0183c","source_generation_sha256":"fa608e7ecab1483e233f9175a0a0a3d58d600bb953055fdfde18b2431ecd0439","track_id_sha256":"6358741e33c5b9f5d471c94ef545913db297fe5fc117a9cd179ee1a2014a49ea","generation_order":"1","start_pts":"0","end_pts":"8333333333","time_base_num":1,"time_base_den":1000000000,"lifecycle":1,"deleted":false,"binding_present":true,"binding_valid":true,"available_for_selection":true}],"decoded":{"namespace_valid":true,"range_comparable":true,"incomplete":false,"frames_truncated":false,"frame_count":452,"relevant_count":46,"identity_matched":46,"identity_rejected":0,"generation_mismatch":0,"pts_mismatch":0,"duration_invalid":0,"minimum_pts_ns":"7866666666","maximum_pts_ns":"9366666666","maximum_valid_end_ns":"9399999999"},"slice_state_counts":[14,2,0,0,0,0],"reason_counts":[0,2,0,0,14,0,0,0,0,0],"unknown_ranges":[{"start_ns":"8333333333","end_ns":"8333333334","reason":1},{"start_ns":"8333333333","end_ns":"9383000000","reason":1}]}
[selection-attempt] {"reference_sha256":"63063d560206d107b4cdb5792edd9ce0e3da2f53034f35b790781db63b0b3fe0","attempt":13,"attempt_limit":121,"elapsed_ms":"6425","wait_ms":"60000","deadline_exhausted":false,"attempt_exhausted":false,"selection_complete":false,"expanded_start_ns":"7883000000","expanded_end_ns":"9383000000","source_count":1,"unknown_count":2,"sources_truncated":false,"unknown_truncated":false,"sources":[{"segment_id_sha256":"db4f14a8685792a6e5ba538e9b9e34a1bde7a7b0b3de56e5c7c07a7a21421a8a","media_epoch_id_sha256":"f87a55c938f229a11990b8770273b45b4212fedb94762c7b2c67469753b0183c","source_generation_sha256":"fa608e7ecab1483e233f9175a0a0a3d58d600bb953055fdfde18b2431ecd0439","track_id_sha256":"6358741e33c5b9f5d471c94ef545913db297fe5fc117a9cd179ee1a2014a49ea","generation_order":"1","start_pts":"0","end_pts":"8333333333","time_base_num":1,"time_base_den":1000000000,"lifecycle":1,"deleted":false,"binding_present":true,"binding_valid":true,"available_for_selection":true}],"decoded":{"namespace_valid":true,"range_comparable":true,"incomplete":false,"frames_truncated":false,"frame_count":452,"relevant_count":46,"identity_matched":46,"identity_rejected":0,"generation_mismatch":0,"pts_mismatch":0,"duration_invalid":0,"minimum_pts_ns":"7866666666","maximum_pts_ns":"9366666666","maximum_valid_end_ns":"9399999999"},"slice_state_counts":[14,2,0,0,0,0],"reason_counts":[0,2,0,0,14,0,0,0,0,0],"unknown_ranges":[{"start_ns":"8333333333","end_ns":"8333333334","reason":1},{"start_ns":"8333333333","end_ns":"9383000000","reason":1}]}
[selection-attempt] {"reference_sha256":"583555c49d83f48dea696d8dc383dde19cb051aeda0e890c55d88fa2329d4ac2","attempt":13,"attempt_limit":121,"elapsed_ms":"6429","wait_ms":"60000","deadline_exhausted":false,"attempt_exhausted":false,"selection_complete":false,"expanded_start_ns":"7883000000","expanded_end_ns":"9383000000","source_count":1,"unknown_count":2,"sources_truncated":false,"unknown_truncated":false,"sources":[{"segment_id_sha256":"db4f14a8685792a6e5ba538e9b9e34a1bde7a7b0b3de56e5c7c07a7a21421a8a","media_epoch_id_sha256":"f87a55c938f229a11990b8770273b45b4212fedb94762c7b2c67469753b0183c","source_generation_sha256":"fa608e7ecab1483e233f9175a0a0a3d58d600bb953055fdfde18b2431ecd0439","track_id_sha256":"6358741e33c5b9f5d471c94ef545913db297fe5fc117a9cd179ee1a2014a49ea","generation_order":"1","start_pts":"0","end_pts":"8333333333","time_base_num":1,"time_base_den":1000000000,"lifecycle":1,"deleted":false,"binding_present":true,"binding_valid":true,"available_for_selection":true}],"decoded":{"namespace_valid":true,"range_comparable":true,"incomplete":false,"frames_truncated":false,"frame_count":452,"relevant_count":46,"identity_matched":46,"identity_rejected":0,"generation_mismatch":0,"pts_mismatch":0,"duration_invalid":0,"minimum_pts_ns":"7866666666","maximum_pts_ns":"9366666666","maximum_valid_end_ns":"9399999999"},"slice_state_counts":[14,2,0,0,0,0],"reason_counts":[0,2,0,0,14,0,0,0,0,0],"unknown_ranges":[{"start_ns":"8333333333","end_ns":"8333333334","reason":1},{"start_ns":"8333333333","end_ns":"9383000000","reason":1}]}
[selection-attempt] {"reference_sha256":"87abf3cc287be77f190d699b5a4d455f5632127a9b2bd222f48f32910cf0ebe1","attempt":13,"attempt_limit":121,"elapsed_ms":"6455","wait_ms":"60000","deadline_exhausted":false,"attempt_exhausted":false,"selection_complete":false,"expanded_start_ns":"7883000000","expanded_end_ns":"9383000000","source_count":1,"unknown_count":2,"sources_truncated":false,"unknown_truncated":false,"sources":[{"segment_id_sha256":"db4f14a8685792a6e5ba538e9b9e34a1bde7a7b0b3de56e5c7c07a7a21421a8a","media_epoch_id_sha256":"f87a55c938f229a11990b8770273b45b4212fedb94762c7b2c67469753b0183c","source_generation_sha256":"fa608e7ecab1483e233f9175a0a0a3d58d600bb953055fdfde18b2431ecd0439","track_id_sha256":"6358741e33c5b9f5d471c94ef545913db297fe5fc117a9cd179ee1a2014a49ea","generation_order":"1","start_pts":"0","end_pts":"8333333333","time_base_num":1,"time_base_den":1000000000,"lifecycle":1,"deleted":false,"binding_present":true,"binding_valid":true,"available_for_selection":true}],"decoded":{"namespace_valid":true,"range_comparable":true,"incomplete":false,"frames_truncated":false,"frame_count":452,"relevant_count":46,"identity_matched":46,"identity_rejected":0,"generation_mismatch":0,"pts_mismatch":0,"duration_invalid":0,"minimum_pts_ns":"7866666666","maximum_pts_ns":"9366666666","maximum_valid_end_ns":"9399999999"},"slice_state_counts":[14,2,0,0,0,0],"reason_counts":[0,2,0,0,14,0,0,0,0,0],"unknown_ranges":[{"start_ns":"8333333333","end_ns":"8333333334","reason":1},{"start_ns":"8333333333","end_ns":"9383000000","reason":1}]}
[selection-attempt] {"reference_sha256":"32ba4e167976329c0d0704e438fab0e1bb94f10bab409955ace5dcab8d7590df","attempt":14,"attempt_limit":121,"elapsed_ms":"6937","wait_ms":"60000","deadline_exhausted":false,"attempt_exhausted":false,"selection_complete":false,"expanded_start_ns":"7883000000","expanded_end_ns":"9383000000","source_count":1,"unknown_count":2,"sources_truncated":false,"unknown_truncated":false,"sources":[{"segment_id_sha256":"db4f14a8685792a6e5ba538e9b9e34a1bde7a7b0b3de56e5c7c07a7a21421a8a","media_epoch_id_sha256":"f87a55c938f229a11990b8770273b45b4212fedb94762c7b2c67469753b0183c","source_generation_sha256":"fa608e7ecab1483e233f9175a0a0a3d58d600bb953055fdfde18b2431ecd0439","track_id_sha256":"6358741e33c5b9f5d471c94ef545913db297fe5fc117a9cd179ee1a2014a49ea","generation_order":"1","start_pts":"0","end_pts":"8333333333","time_base_num":1,"time_base_den":1000000000,"lifecycle":1,"deleted":false,"binding_present":true,"binding_valid":true,"available_for_selection":true}],"decoded":{"namespace_valid":true,"range_comparable":true,"incomplete":false,"frames_truncated":false,"frame_count":468,"relevant_count":46,"identity_matched":46,"identity_rejected":0,"generation_mismatch":0,"pts_mismatch":0,"duration_invalid":0,"minimum_pts_ns":"7866666666","maximum_pts_ns":"9366666666","maximum_valid_end_ns":"9399999999"},"slice_state_counts":[14,2,0,0,0,0],"reason_counts":[0,2,0,0,14,0,0,0,0,0],"unknown_ranges":[{"start_ns":"8333333333","end_ns":"8333333334","reason":1},{"start_ns":"8333333333","end_ns":"9383000000","reason":1}]}
[selection-attempt] {"reference_sha256":"63063d560206d107b4cdb5792edd9ce0e3da2f53034f35b790781db63b0b3fe0","attempt":14,"attempt_limit":121,"elapsed_ms":"6961","wait_ms":"60000","deadline_exhausted":false,"attempt_exhausted":false,"selection_complete":false,"expanded_start_ns":"7883000000","expanded_end_ns":"9383000000","source_count":1,"unknown_count":2,"sources_truncated":false,"unknown_truncated":false,"sources":[{"segment_id_sha256":"db4f14a8685792a6e5ba538e9b9e34a1bde7a7b0b3de56e5c7c07a7a21421a8a","media_epoch_id_sha256":"f87a55c938f229a11990b8770273b45b4212fedb94762c7b2c67469753b0183c","source_generation_sha256":"fa608e7ecab1483e233f9175a0a0a3d58d600bb953055fdfde18b2431ecd0439","track_id_sha256":"6358741e33c5b9f5d471c94ef545913db297fe5fc117a9cd179ee1a2014a49ea","generation_order":"1","start_pts":"0","end_pts":"8333333333","time_base_num":1,"time_base_den":1000000000,"lifecycle":1,"deleted":false,"binding_present":true,"binding_valid":true,"available_for_selection":true}],"decoded":{"namespace_valid":true,"range_comparable":true,"incomplete":false,"frames_truncated":false,"frame_count":468,"relevant_count":46,"identity_matched":46,"identity_rejected":0,"generation_mismatch":0,"pts_mismatch":0,"duration_invalid":0,"minimum_pts_ns":"7866666666","maximum_pts_ns":"9366666666","maximum_valid_end_ns":"9399999999"},"slice_state_counts":[14,2,0,0,0,0],"reason_counts":[0,2,0,0,14,0,0,0,0,0],"unknown_ranges":[{"start_ns":"8333333333","end_ns":"8333333334","reason":1},{"start_ns":"8333333333","end_ns":"9383000000","reason":1}]}
[selection-attempt] {"reference_sha256":"583555c49d83f48dea696d8dc383dde19cb051aeda0e890c55d88fa2329d4ac2","attempt":14,"attempt_limit":121,"elapsed_ms":"6965","wait_ms":"60000","deadline_exhausted":false,"attempt_exhausted":false,"selection_complete":false,"expanded_start_ns":"7883000000","expanded_end_ns":"9383000000","source_count":1,"unknown_count":2,"sources_truncated":false,"unknown_truncated":false,"sources":[{"segment_id_sha256":"db4f14a8685792a6e5ba538e9b9e34a1bde7a7b0b3de56e5c7c07a7a21421a8a","media_epoch_id_sha256":"f87a55c938f229a11990b8770273b45b4212fedb94762c7b2c67469753b0183c","source_generation_sha256":"fa608e7ecab1483e233f9175a0a0a3d58d600bb953055fdfde18b2431ecd0439","track_id_sha256":"6358741e33c5b9f5d471c94ef545913db297fe5fc117a9cd179ee1a2014a49ea","generation_order":"1","start_pts":"0","end_pts":"8333333333","time_base_num":1,"time_base_den":1000000000,"lifecycle":1,"deleted":false,"binding_present":true,"binding_valid":true,"available_for_selection":true}],"decoded":{"namespace_valid":true,"range_comparable":true,"incomplete":false,"frames_truncated":false,"frame_count":468,"relevant_count":46,"identity_matched":46,"identity_rejected":0,"generation_mismatch":0,"pts_mismatch":0,"duration_invalid":0,"minimum_pts_ns":"7866666666","maximum_pts_ns":"9366666666","maximum_valid_end_ns":"9399999999"},"slice_state_counts":[14,2,0,0,0,0],"reason_counts":[0,2,0,0,14,0,0,0,0,0],"unknown_ranges":[{"start_ns":"8333333333","end_ns":"8333333334","reason":1},{"start_ns":"8333333333","end_ns":"9383000000","reason":1}]}
[selection-attempt] {"reference_sha256":"87abf3cc287be77f190d699b5a4d455f5632127a9b2bd222f48f32910cf0ebe1","attempt":14,"attempt_limit":121,"elapsed_ms":"6990","wait_ms":"60000","deadline_exhausted":false,"attempt_exhausted":false,"selection_complete":false,"expanded_start_ns":"7883000000","expanded_end_ns":"9383000000","source_count":1,"unknown_count":2,"sources_truncated":false,"unknown_truncated":false,"sources":[{"segment_id_sha256":"db4f14a8685792a6e5ba538e9b9e34a1bde7a7b0b3de56e5c7c07a7a21421a8a","media_epoch_id_sha256":"f87a55c938f229a11990b8770273b45b4212fedb94762c7b2c67469753b0183c","source_generation_sha256":"fa608e7ecab1483e233f9175a0a0a3d58d600bb953055fdfde18b2431ecd0439","track_id_sha256":"6358741e33c5b9f5d471c94ef545913db297fe5fc117a9cd179ee1a2014a49ea","generation_order":"1","start_pts":"0","end_pts":"8333333333","time_base_num":1,"time_base_den":1000000000,"lifecycle":1,"deleted":false,"binding_present":true,"binding_valid":true,"available_for_selection":true}],"decoded":{"namespace_valid":true,"range_comparable":true,"incomplete":false,"frames_truncated":false,"frame_count":468,"relevant_count":46,"identity_matched":46,"identity_rejected":0,"generation_mismatch":0,"pts_mismatch":0,"duration_invalid":0,"minimum_pts_ns":"7866666666","maximum_pts_ns":"9366666666","maximum_valid_end_ns":"9399999999"},"slice_state_counts":[14,2,0,0,0,0],"reason_counts":[0,2,0,0,14,0,0,0,0,0],"unknown_ranges":[{"start_ns":"8333333333","end_ns":"8333333334","reason":1},{"start_ns":"8333333333","end_ns":"9383000000","reason":1}]}
[selection-attempt] {"reference_sha256":"32ba4e167976329c0d0704e438fab0e1bb94f10bab409955ace5dcab8d7590df","attempt":15,"attempt_limit":121,"elapsed_ms":"7472","wait_ms":"60000","deadline_exhausted":false,"attempt_exhausted":false,"selection_complete":false,"expanded_start_ns":"7883000000","expanded_end_ns":"9383000000","source_count":1,"unknown_count":2,"sources_truncated":false,"unknown_truncated":false,"sources":[{"segment_id_sha256":"db4f14a8685792a6e5ba538e9b9e34a1bde7a7b0b3de56e5c7c07a7a21421a8a","media_epoch_id_sha256":"f87a55c938f229a11990b8770273b45b4212fedb94762c7b2c67469753b0183c","source_generation_sha256":"fa608e7ecab1483e233f9175a0a0a3d58d600bb953055fdfde18b2431ecd0439","track_id_sha256":"6358741e33c5b9f5d471c94ef545913db297fe5fc117a9cd179ee1a2014a49ea","generation_order":"1","start_pts":"0","end_pts":"8333333333","time_base_num":1,"time_base_den":1000000000,"lifecycle":1,"deleted":false,"binding_present":true,"binding_valid":true,"available_for_selection":true}],"decoded":{"namespace_valid":true,"range_comparable":true,"incomplete":false,"frames_truncated":false,"frame_count":484,"relevant_count":46,"identity_matched":46,"identity_rejected":0,"generation_mismatch":0,"pts_mismatch":0,"duration_invalid":0,"minimum_pts_ns":"7866666666","maximum_pts_ns":"9366666666","maximum_valid_end_ns":"9399999999"},"slice_state_counts":[14,2,0,0,0,0],"reason_counts":[0,2,0,0,14,0,0,0,0,0],"unknown_ranges":[{"start_ns":"8333333333","end_ns":"8333333334","reason":1},{"start_ns":"8333333333","end_ns":"9383000000","reason":1}]}
[selection-attempt] {"reference_sha256":"63063d560206d107b4cdb5792edd9ce0e3da2f53034f35b790781db63b0b3fe0","attempt":15,"attempt_limit":121,"elapsed_ms":"7496","wait_ms":"60000","deadline_exhausted":false,"attempt_exhausted":false,"selection_complete":false,"expanded_start_ns":"7883000000","expanded_end_ns":"9383000000","source_count":1,"unknown_count":2,"sources_truncated":false,"unknown_truncated":false,"sources":[{"segment_id_sha256":"db4f14a8685792a6e5ba538e9b9e34a1bde7a7b0b3de56e5c7c07a7a21421a8a","media_epoch_id_sha256":"f87a55c938f229a11990b8770273b45b4212fedb94762c7b2c67469753b0183c","source_generation_sha256":"fa608e7ecab1483e233f9175a0a0a3d58d600bb953055fdfde18b2431ecd0439","track_id_sha256":"6358741e33c5b9f5d471c94ef545913db297fe5fc117a9cd179ee1a2014a49ea","generation_order":"1","start_pts":"0","end_pts":"8333333333","time_base_num":1,"time_base_den":1000000000,"lifecycle":1,"deleted":false,"binding_present":true,"binding_valid":true,"available_for_selection":true}],"decoded":{"namespace_valid":true,"range_comparable":true,"incomplete":false,"frames_truncated":false,"frame_count":484,"relevant_count":46,"identity_matched":46,"identity_rejected":0,"generation_mismatch":0,"pts_mismatch":0,"duration_invalid":0,"minimum_pts_ns":"7866666666","maximum_pts_ns":"9366666666","maximum_valid_end_ns":"9399999999"},"slice_state_counts":[14,2,0,0,0,0],"reason_counts":[0,2,0,0,14,0,0,0,0,0],"unknown_ranges":[{"start_ns":"8333333333","end_ns":"8333333334","reason":1},{"start_ns":"8333333333","end_ns":"9383000000","reason":1}]}
[selection-attempt] {"reference_sha256":"583555c49d83f48dea696d8dc383dde19cb051aeda0e890c55d88fa2329d4ac2","attempt":15,"attempt_limit":121,"elapsed_ms":"7501","wait_ms":"60000","deadline_exhausted":false,"attempt_exhausted":false,"selection_complete":false,"expanded_start_ns":"7883000000","expanded_end_ns":"9383000000","source_count":1,"unknown_count":2,"sources_truncated":false,"unknown_truncated":false,"sources":[{"segment_id_sha256":"db4f14a8685792a6e5ba538e9b9e34a1bde7a7b0b3de56e5c7c07a7a21421a8a","media_epoch_id_sha256":"f87a55c938f229a11990b8770273b45b4212fedb94762c7b2c67469753b0183c","source_generation_sha256":"fa608e7ecab1483e233f9175a0a0a3d58d600bb953055fdfde18b2431ecd0439","track_id_sha256":"6358741e33c5b9f5d471c94ef545913db297fe5fc117a9cd179ee1a2014a49ea","generation_order":"1","start_pts":"0","end_pts":"8333333333","time_base_num":1,"time_base_den":1000000000,"lifecycle":1,"deleted":false,"binding_present":true,"binding_valid":true,"available_for_selection":true}],"decoded":{"namespace_valid":true,"range_comparable":true,"incomplete":false,"frames_truncated":false,"frame_count":484,"relevant_count":46,"identity_matched":46,"identity_rejected":0,"generation_mismatch":0,"pts_mismatch":0,"duration_invalid":0,"minimum_pts_ns":"7866666666","maximum_pts_ns":"9366666666","maximum_valid_end_ns":"9399999999"},"slice_state_counts":[14,2,0,0,0,0],"reason_counts":[0,2,0,0,14,0,0,0,0,0],"unknown_ranges":[{"start_ns":"8333333333","end_ns":"8333333334","reason":1},{"start_ns":"8333333333","end_ns":"9383000000","reason":1}]}
[selection-attempt] {"reference_sha256":"87abf3cc287be77f190d699b5a4d455f5632127a9b2bd222f48f32910cf0ebe1","attempt":15,"attempt_limit":121,"elapsed_ms":"7526","wait_ms":"60000","deadline_exhausted":false,"attempt_exhausted":false,"selection_complete":false,"expanded_start_ns":"7883000000","expanded_end_ns":"9383000000","source_count":1,"unknown_count":2,"sources_truncated":false,"unknown_truncated":false,"sources":[{"segment_id_sha256":"db4f14a8685792a6e5ba538e9b9e34a1bde7a7b0b3de56e5c7c07a7a21421a8a","media_epoch_id_sha256":"f87a55c938f229a11990b8770273b45b4212fedb94762c7b2c67469753b0183c","source_generation_sha256":"fa608e7ecab1483e233f9175a0a0a3d58d600bb953055fdfde18b2431ecd0439","track_id_sha256":"6358741e33c5b9f5d471c94ef545913db297fe5fc117a9cd179ee1a2014a49ea","generation_order":"1","start_pts":"0","end_pts":"8333333333","time_base_num":1,"time_base_den":1000000000,"lifecycle":1,"deleted":false,"binding_present":true,"binding_valid":true,"available_for_selection":true}],"decoded":{"namespace_valid":true,"range_comparable":true,"incomplete":false,"frames_truncated":false,"frame_count":484,"relevant_count":46,"identity_matched":46,"identity_rejected":0,"generation_mismatch":0,"pts_mismatch":0,"duration_invalid":0,"minimum_pts_ns":"7866666666","maximum_pts_ns":"9366666666","maximum_valid_end_ns":"9399999999"},"slice_state_counts":[14,2,0,0,0,0],"reason_counts":[0,2,0,0,14,0,0,0,0,0],"unknown_ranges":[{"start_ns":"8333333333","end_ns":"8333333334","reason":1},{"start_ns":"8333333333","end_ns":"9383000000","reason":1}]}
[selection-attempt] {"reference_sha256":"32ba4e167976329c0d0704e438fab0e1bb94f10bab409955ace5dcab8d7590df","attempt":16,"attempt_limit":121,"elapsed_ms":"8021","wait_ms":"60000","deadline_exhausted":false,"attempt_exhausted":false,"selection_complete":false,"expanded_start_ns":"7883000000","expanded_end_ns":"9383000000","source_count":1,"unknown_count":2,"sources_truncated":false,"unknown_truncated":false,"sources":[{"segment_id_sha256":"db4f14a8685792a6e5ba538e9b9e34a1bde7a7b0b3de56e5c7c07a7a21421a8a","media_epoch_id_sha256":"f87a55c938f229a11990b8770273b45b4212fedb94762c7b2c67469753b0183c","source_generation_sha256":"fa608e7ecab1483e233f9175a0a0a3d58d600bb953055fdfde18b2431ecd0439","track_id_sha256":"6358741e33c5b9f5d471c94ef545913db297fe5fc117a9cd179ee1a2014a49ea","generation_order":"1","start_pts":"0","end_pts":"8333333333","time_base_num":1,"time_base_den":1000000000,"lifecycle":1,"deleted":false,"binding_present":true,"binding_valid":true,"available_for_selection":true}],"decoded":{"namespace_valid":true,"range_comparable":true,"incomplete":false,"frames_truncated":false,"frame_count":497,"relevant_count":46,"identity_matched":46,"identity_rejected":0,"generation_mismatch":0,"pts_mismatch":0,"duration_invalid":0,"minimum_pts_ns":"7866666666","maximum_pts_ns":"9366666666","maximum_valid_end_ns":"9399999999"},"slice_state_counts":[14,2,0,0,0,0],"reason_counts":[0,2,0,0,14,0,0,0,0,0],"unknown_ranges":[{"start_ns":"8333333333","end_ns":"8333333334","reason":1},{"start_ns":"8333333333","end_ns":"9383000000","reason":1}]}
[selection-attempt] {"reference_sha256":"63063d560206d107b4cdb5792edd9ce0e3da2f53034f35b790781db63b0b3fe0","attempt":16,"attempt_limit":121,"elapsed_ms":"8045","wait_ms":"60000","deadline_exhausted":false,"attempt_exhausted":false,"selection_complete":false,"expanded_start_ns":"7883000000","expanded_end_ns":"9383000000","source_count":1,"unknown_count":2,"sources_truncated":false,"unknown_truncated":false,"sources":[{"segment_id_sha256":"db4f14a8685792a6e5ba538e9b9e34a1bde7a7b0b3de56e5c7c07a7a21421a8a","media_epoch_id_sha256":"f87a55c938f229a11990b8770273b45b4212fedb94762c7b2c67469753b0183c","source_generation_sha256":"fa608e7ecab1483e233f9175a0a0a3d58d600bb953055fdfde18b2431ecd0439","track_id_sha256":"6358741e33c5b9f5d471c94ef545913db297fe5fc117a9cd179ee1a2014a49ea","generation_order":"1","start_pts":"0","end_pts":"8333333333","time_base_num":1,"time_base_den":1000000000,"lifecycle":1,"deleted":false,"binding_present":true,"binding_valid":true,"available_for_selection":true}],"decoded":{"namespace_valid":true,"range_comparable":true,"incomplete":false,"frames_truncated":false,"frame_count":501,"relevant_count":46,"identity_matched":46,"identity_rejected":0,"generation_mismatch":0,"pts_mismatch":0,"duration_invalid":0,"minimum_pts_ns":"7866666666","maximum_pts_ns":"9366666666","maximum_valid_end_ns":"9399999999"},"slice_state_counts":[14,2,0,0,0,0],"reason_counts":[0,2,0,0,14,0,0,0,0,0],"unknown_ranges":[{"start_ns":"8333333333","end_ns":"8333333334","reason":1},{"start_ns":"8333333333","end_ns":"9383000000","reason":1}]}
[selection-attempt] {"reference_sha256":"583555c49d83f48dea696d8dc383dde19cb051aeda0e890c55d88fa2329d4ac2","attempt":16,"attempt_limit":121,"elapsed_ms":"8049","wait_ms":"60000","deadline_exhausted":false,"attempt_exhausted":false,"selection_complete":false,"expanded_start_ns":"7883000000","expanded_end_ns":"9383000000","source_count":1,"unknown_count":2,"sources_truncated":false,"unknown_truncated":false,"sources":[{"segment_id_sha256":"db4f14a8685792a6e5ba538e9b9e34a1bde7a7b0b3de56e5c7c07a7a21421a8a","media_epoch_id_sha256":"f87a55c938f229a11990b8770273b45b4212fedb94762c7b2c67469753b0183c","source_generation_sha256":"fa608e7ecab1483e233f9175a0a0a3d58d600bb953055fdfde18b2431ecd0439","track_id_sha256":"6358741e33c5b9f5d471c94ef545913db297fe5fc117a9cd179ee1a2014a49ea","generation_order":"1","start_pts":"0","end_pts":"8333333333","time_base_num":1,"time_base_den":1000000000,"lifecycle":1,"deleted":false,"binding_present":true,"binding_valid":true,"available_for_selection":true}],"decoded":{"namespace_valid":true,"range_comparable":true,"incomplete":false,"frames_truncated":false,"frame_count":501,"relevant_count":46,"identity_matched":46,"identity_rejected":0,"generation_mismatch":0,"pts_mismatch":0,"duration_invalid":0,"minimum_pts_ns":"7866666666","maximum_pts_ns":"9366666666","maximum_valid_end_ns":"9399999999"},"slice_state_counts":[14,2,0,0,0,0],"reason_counts":[0,2,0,0,14,0,0,0,0,0],"unknown_ranges":[{"start_ns":"8333333333","end_ns":"8333333334","reason":1},{"start_ns":"8333333333","end_ns":"9383000000","reason":1}]}
[selection-attempt] {"reference_sha256":"87abf3cc287be77f190d699b5a4d455f5632127a9b2bd222f48f32910cf0ebe1","attempt":16,"attempt_limit":121,"elapsed_ms":"8075","wait_ms":"60000","deadline_exhausted":false,"attempt_exhausted":false,"selection_complete":false,"expanded_start_ns":"7883000000","expanded_end_ns":"9383000000","source_count":1,"unknown_count":2,"sources_truncated":false,"unknown_truncated":false,"sources":[{"segment_id_sha256":"db4f14a8685792a6e5ba538e9b9e34a1bde7a7b0b3de56e5c7c07a7a21421a8a","media_epoch_id_sha256":"f87a55c938f229a11990b8770273b45b4212fedb94762c7b2c67469753b0183c","source_generation_sha256":"fa608e7ecab1483e233f9175a0a0a3d58d600bb953055fdfde18b2431ecd0439","track_id_sha256":"6358741e33c5b9f5d471c94ef545913db297fe5fc117a9cd179ee1a2014a49ea","generation_order":"1","start_pts":"0","end_pts":"8333333333","time_base_num":1,"time_base_den":1000000000,"lifecycle":1,"deleted":false,"binding_present":true,"binding_valid":true,"available_for_selection":true}],"decoded":{"namespace_valid":true,"range_comparable":true,"incomplete":false,"frames_truncated":false,"frame_count":501,"relevant_count":46,"identity_matched":46,"identity_rejected":0,"generation_mismatch":0,"pts_mismatch":0,"duration_invalid":0,"minimum_pts_ns":"7866666666","maximum_pts_ns":"9366666666","maximum_valid_end_ns":"9399999999"},"slice_state_counts":[14,2,0,0,0,0],"reason_counts":[0,2,0,0,14,0,0,0,0,0],"unknown_ranges":[{"start_ns":"8333333333","end_ns":"8333333334","reason":1},{"start_ns":"8333333333","end_ns":"9383000000","reason":1}]}
[selection-attempt] {"reference_sha256":"32ba4e167976329c0d0704e438fab0e1bb94f10bab409955ace5dcab8d7590df","attempt":17,"attempt_limit":9,"elapsed_ms":"8580","wait_ms":"3750","deadline_exhausted":true,"attempt_exhausted":true,"selection_complete":true,"expanded_start_ns":"7883000000","expanded_end_ns":"9383000000","source_count":2,"unknown_count":0,"sources_truncated":false,"unknown_truncated":false,"sources":[{"segment_id_sha256":"db4f14a8685792a6e5ba538e9b9e34a1bde7a7b0b3de56e5c7c07a7a21421a8a","media_epoch_id_sha256":"f87a55c938f229a11990b8770273b45b4212fedb94762c7b2c67469753b0183c","source_generation_sha256":"fa608e7ecab1483e233f9175a0a0a3d58d600bb953055fdfde18b2431ecd0439","track_id_sha256":"6358741e33c5b9f5d471c94ef545913db297fe5fc117a9cd179ee1a2014a49ea","generation_order":"1","start_pts":"0","end_pts":"8333333333","time_base_num":1,"time_base_den":1000000000,"lifecycle":1,"deleted":false,"binding_present":true,"binding_valid":true,"available_for_selection":true},{"segment_id_sha256":"536551bc67bf79d1866010277e93d303a02f6c6a493ca12df688e8f3e4701d08","media_epoch_id_sha256":"f87a55c938f229a11990b8770273b45b4212fedb94762c7b2c67469753b0183c","source_generation_sha256":"fa608e7ecab1483e233f9175a0a0a3d58d600bb953055fdfde18b2431ecd0439","track_id_sha256":"6358741e33c5b9f5d471c94ef545913db297fe5fc117a9cd179ee1a2014a49ea","generation_order":"1","start_pts":"8333333333","end_pts":"16666666666","time_base_num":1,"time_base_den":1000000000,"lifecycle":1,"deleted":false,"binding_present":true,"binding_valid":true,"available_for_selection":true}],"decoded":{"namespace_valid":true,"range_comparable":true,"incomplete":false,"frames_truncated":false,"frame_count":514,"relevant_count":46,"identity_matched":46,"identity_rejected":0,"generation_mismatch":0,"pts_mismatch":0,"duration_invalid":0,"minimum_pts_ns":"7866666666","maximum_pts_ns":"9366666666","maximum_valid_end_ns":"9399999999"},"slice_state_counts":[47,0,0,0,0,0],"reason_counts":[0,0,0,0,47,0,0,0,0,0],"unknown_ranges":[]}
[selection-attempt] {"reference_sha256":"63063d560206d107b4cdb5792edd9ce0e3da2f53034f35b790781db63b0b3fe0","attempt":17,"attempt_limit":9,"elapsed_ms":"9234","wait_ms":"3750","deadline_exhausted":true,"attempt_exhausted":true,"selection_complete":true,"expanded_start_ns":"7883000000","expanded_end_ns":"9383000000","source_count":2,"unknown_count":0,"sources_truncated":false,"unknown_truncated":false,"sources":[{"segment_id_sha256":"db4f14a8685792a6e5ba538e9b9e34a1bde7a7b0b3de56e5c7c07a7a21421a8a","media_epoch_id_sha256":"f87a55c938f229a11990b8770273b45b4212fedb94762c7b2c67469753b0183c","source_generation_sha256":"fa608e7ecab1483e233f9175a0a0a3d58d600bb953055fdfde18b2431ecd0439","track_id_sha256":"6358741e33c5b9f5d471c94ef545913db297fe5fc117a9cd179ee1a2014a49ea","generation_order":"1","start_pts":"0","end_pts":"8333333333","time_base_num":1,"time_base_den":1000000000,"lifecycle":1,"deleted":false,"binding_present":true,"binding_valid":true,"available_for_selection":true},{"segment_id_sha256":"536551bc67bf79d1866010277e93d303a02f6c6a493ca12df688e8f3e4701d08","media_epoch_id_sha256":"f87a55c938f229a11990b8770273b45b4212fedb94762c7b2c67469753b0183c","source_generation_sha256":"fa608e7ecab1483e233f9175a0a0a3d58d600bb953055fdfde18b2431ecd0439","track_id_sha256":"6358741e33c5b9f5d471c94ef545913db297fe5fc117a9cd179ee1a2014a49ea","generation_order":"1","start_pts":"8333333333","end_pts":"16666666666","time_base_num":1,"time_base_den":1000000000,"lifecycle":1,"deleted":false,"binding_present":true,"binding_valid":true,"available_for_selection":true}],"decoded":{"namespace_valid":true,"range_comparable":true,"incomplete":false,"frames_truncated":false,"frame_count":526,"relevant_count":46,"identity_matched":46,"identity_rejected":0,"generation_mismatch":0,"pts_mismatch":0,"duration_invalid":0,"minimum_pts_ns":"7866666666","maximum_pts_ns":"9366666666","maximum_valid_end_ns":"9399999999"},"slice_state_counts":[47,0,0,0,0,0],"reason_counts":[0,0,0,0,47,0,0,0,0,0],"unknown_ranges":[]}
[selection-attempt] {"reference_sha256":"583555c49d83f48dea696d8dc383dde19cb051aeda0e890c55d88fa2329d4ac2","attempt":17,"attempt_limit":9,"elapsed_ms":"9607","wait_ms":"3750","deadline_exhausted":true,"attempt_exhausted":true,"selection_complete":true,"expanded_start_ns":"7883000000","expanded_end_ns":"9383000000","source_count":2,"unknown_count":0,"sources_truncated":false,"unknown_truncated":false,"sources":[{"segment_id_sha256":"db4f14a8685792a6e5ba538e9b9e34a1bde7a7b0b3de56e5c7c07a7a21421a8a","media_epoch_id_sha256":"f87a55c938f229a11990b8770273b45b4212fedb94762c7b2c67469753b0183c","source_generation_sha256":"fa608e7ecab1483e233f9175a0a0a3d58d600bb953055fdfde18b2431ecd0439","track_id_sha256":"6358741e33c5b9f5d471c94ef545913db297fe5fc117a9cd179ee1a2014a49ea","generation_order":"1","start_pts":"0","end_pts":"8333333333","time_base_num":1,"time_base_den":1000000000,"lifecycle":1,"deleted":false,"binding_present":true,"binding_valid":true,"available_for_selection":true},{"segment_id_sha256":"536551bc67bf79d1866010277e93d303a02f6c6a493ca12df688e8f3e4701d08","media_epoch_id_sha256":"f87a55c938f229a11990b8770273b45b4212fedb94762c7b2c67469753b0183c","source_generation_sha256":"fa608e7ecab1483e233f9175a0a0a3d58d600bb953055fdfde18b2431ecd0439","track_id_sha256":"6358741e33c5b9f5d471c94ef545913db297fe5fc117a9cd179ee1a2014a49ea","generation_order":"1","start_pts":"8333333333","end_pts":"16666666666","time_base_num":1,"time_base_den":1000000000,"lifecycle":1,"deleted":false,"binding_present":true,"binding_valid":true,"available_for_selection":true}],"decoded":{"namespace_valid":true,"range_comparable":true,"incomplete":false,"frames_truncated":false,"frame_count":546,"relevant_count":46,"identity_matched":46,"identity_rejected":0,"generation_mismatch":0,"pts_mismatch":0,"duration_invalid":0,"minimum_pts_ns":"7866666666","maximum_pts_ns":"9366666666","maximum_valid_end_ns":"9399999999"},"slice_state_counts":[47,0,0,0,0,0],"reason_counts":[0,0,0,0,47,0,0,0,0,0],"unknown_ranges":[]}
[selection-attempt] {"reference_sha256":"87abf3cc287be77f190d699b5a4d455f5632127a9b2bd222f48f32910cf0ebe1","attempt":17,"attempt_limit":9,"elapsed_ms":"9889","wait_ms":"3750","deadline_exhausted":true,"attempt_exhausted":true,"selection_complete":true,"expanded_start_ns":"7883000000","expanded_end_ns":"9383000000","source_count":2,"unknown_count":0,"sources_truncated":false,"unknown_truncated":false,"sources":[{"segment_id_sha256":"db4f14a8685792a6e5ba538e9b9e34a1bde7a7b0b3de56e5c7c07a7a21421a8a","media_epoch_id_sha256":"f87a55c938f229a11990b8770273b45b4212fedb94762c7b2c67469753b0183c","source_generation_sha256":"fa608e7ecab1483e233f9175a0a0a3d58d600bb953055fdfde18b2431ecd0439","track_id_sha256":"6358741e33c5b9f5d471c94ef545913db297fe5fc117a9cd179ee1a2014a49ea","generation_order":"1","start_pts":"0","end_pts":"8333333333","time_base_num":1,"time_base_den":1000000000,"lifecycle":1,"deleted":false,"binding_present":true,"binding_valid":true,"available_for_selection":true},{"segment_id_sha256":"536551bc67bf79d1866010277e93d303a02f6c6a493ca12df688e8f3e4701d08","media_epoch_id_sha256":"f87a55c938f229a11990b8770273b45b4212fedb94762c7b2c67469753b0183c","source_generation_sha256":"fa608e7ecab1483e233f9175a0a0a3d58d600bb953055fdfde18b2431ecd0439","track_id_sha256":"6358741e33c5b9f5d471c94ef545913db297fe5fc117a9cd179ee1a2014a49ea","generation_order":"1","start_pts":"8333333333","end_pts":"16666666666","time_base_num":1,"time_base_den":1000000000,"lifecycle":1,"deleted":false,"binding_present":true,"binding_valid":true,"available_for_selection":true}],"decoded":{"namespace_valid":true,"range_comparable":true,"incomplete":false,"frames_truncated":false,"frame_count":554,"relevant_count":46,"identity_matched":46,"identity_rejected":0,"generation_mismatch":0,"pts_mismatch":0,"duration_invalid":0,"minimum_pts_ns":"7866666666","maximum_pts_ns":"9366666666","maximum_valid_end_ns":"9399999999"},"slice_state_counts":[47,0,0,0,0,0],"reason_counts":[0,0,0,0,47,0,0,0,0,0],"unknown_ranges":[]}
[completion-event] {"processOrdinal":1,"v":1,"event":10,"begin":"1411611209","end":"1411717042","thread":4,"request":1,"reference":null,"job":null,"n":0,"x":0,"y":0}
[completion-event] {"processOrdinal":1,"v":1,"event":11,"begin":"1411717042","end":"1411719959","thread":4,"request":1,"reference":null,"job":null,"n":0,"x":0,"y":0}
[completion-event] {"processOrdinal":1,"v":1,"event":12,"begin":"1411719959","end":"1411729125","thread":4,"request":1,"reference":null,"job":null,"n":0,"x":0,"y":0}
[completion-event] {"processOrdinal":1,"v":1,"event":13,"begin":"1411729125","end":"1411730209","thread":4,"request":1,"reference":null,"job":null,"n":0,"x":0,"y":100}
[completion-event] {"processOrdinal":1,"v":1,"event":10,"begin":"1516106542","end":"1516106625","thread":5,"request":2,"reference":null,"job":null,"n":0,"x":0,"y":0}
[completion-event] {"processOrdinal":1,"v":1,"event":11,"begin":"1516106625","end":"1516108584","thread":5,"request":2,"reference":null,"job":null,"n":0,"x":0,"y":0}
[completion-event] {"processOrdinal":1,"v":1,"event":12,"begin":"1516108584","end":"1516109625","thread":5,"request":2,"reference":null,"job":null,"n":0,"x":0,"y":0}
[completion-event] {"processOrdinal":1,"v":1,"event":13,"begin":"1516109625","end":"1516110500","thread":5,"request":2,"reference":null,"job":null,"n":0,"x":0,"y":100}
[completion-event] {"processOrdinal":1,"v":1,"event":10,"begin":"1621260084","end":"1621260250","thread":7,"request":3,"reference":null,"job":null,"n":0,"x":0,"y":0}
[completion-event] {"processOrdinal":1,"v":1,"event":11,"begin":"1621260250","end":"1621262125","thread":7,"request":3,"reference":null,"job":null,"n":0,"x":0,"y":0}
[completion-event] {"processOrdinal":1,"v":1,"event":12,"begin":"1621262125","end":"1621263167","thread":7,"request":3,"reference":null,"job":null,"n":0,"x":0,"y":0}
[completion-event] {"processOrdinal":1,"v":1,"event":13,"begin":"1621263167","end":"1621264250","thread":7,"request":3,"reference":null,"job":null,"n":0,"x":0,"y":100}
[completion-event] {"processOrdinal":1,"v":1,"event":10,"begin":"1726597625","end":"1726597750","thread":8,"request":4,"reference":null,"job":null,"n":0,"x":0,"y":0}
[completion-event] {"processOrdinal":1,"v":1,"event":11,"begin":"1726597750","end":"1726599625","thread":8,"request":4,"reference":null,"job":null,"n":0,"x":0,"y":0}
[completion-event] {"processOrdinal":1,"v":1,"event":12,"begin":"1726599625","end":"1726600750","thread":8,"request":4,"reference":null,"job":null,"n":0,"x":0,"y":0}
[completion-event] {"processOrdinal":1,"v":1,"event":13,"begin":"1726600750","end":"1726601750","thread":8,"request":4,"reference":null,"job":null,"n":0,"x":0,"y":100}
[completion-event] {"processOrdinal":1,"v":1,"event":10,"begin":"1830880667","end":"1830880875","thread":9,"request":5,"reference":null,"job":null,"n":0,"x":0,"y":0}
[completion-event] {"processOrdinal":1,"v":1,"event":11,"begin":"1830880875","end":"1830883250","thread":9,"request":5,"reference":null,"job":null,"n":0,"x":0,"y":0}
[completion-event] {"processOrdinal":1,"v":1,"event":12,"begin":"1830883250","end":"1830884375","thread":9,"request":5,"reference":null,"job":null,"n":0,"x":0,"y":0}
[completion-event] {"processOrdinal":1,"v":1,"event":13,"begin":"1830884375","end":"1830885542","thread":9,"request":5,"reference":null,"job":null,"n":0,"x":0,"y":100}
[completion-event] {"processOrdinal":1,"v":1,"event":10,"begin":"1935836042","end":"1935836250","thread":10,"request":6,"reference":null,"job":null,"n":0,"x":0,"y":0}
[completion-event] {"processOrdinal":1,"v":1,"event":11,"begin":"1935836250","end":"1935837917","thread":10,"request":6,"reference":null,"job":null,"n":0,"x":0,"y":0}
[completion-event] {"processOrdinal":1,"v":1,"event":12,"begin":"1935837917","end":"1935839084","thread":10,"request":6,"reference":null,"job":null,"n":0,"x":0,"y":0}
[completion-event] {"processOrdinal":1,"v":1,"event":13,"begin":"1935839084","end":"1935840209","thread":10,"request":6,"reference":null,"job":null,"n":0,"x":0,"y":100}
[completion-event] {"processOrdinal":1,"v":1,"event":10,"begin":"2039989334","end":"2039989542","thread":11,"request":7,"reference":null,"job":null,"n":0,"x":0,"y":0}
[completion-event] {"processOrdinal":1,"v":1,"event":11,"begin":"2039989542","end":"2039991459","thread":11,"request":7,"reference":null,"job":null,"n":0,"x":0,"y":0}
[completion-event] {"processOrdinal":1,"v":1,"event":12,"begin":"2039991459","end":"2039992709","thread":11,"request":7,"reference":null,"job":null,"n":0,"x":0,"y":0}
[completion-event] {"processOrdinal":1,"v":1,"event":13,"begin":"2039992709","end":"2039993709","thread":11,"request":7,"reference":null,"job":null,"n":0,"x":0,"y":100}
[completion-event] {"processOrdinal":1,"v":1,"event":10,"begin":"2143831292","end":"2143831459","thread":12,"request":8,"reference":null,"job":null,"n":0,"x":0,"y":0}
[completion-event] {"processOrdinal":1,"v":1,"event":11,"begin":"2143831459","end":"2143833334","thread":12,"request":8,"reference":null,"job":null,"n":0,"x":0,"y":0}
[completion-event] {"processOrdinal":1,"v":1,"event":12,"begin":"2143833334","end":"2143834417","thread":12,"request":8,"reference":null,"job":null,"n":0,"x":0,"y":0}
[completion-event] {"processOrdinal":1,"v":1,"event":13,"begin":"2143834417","end":"2143835292","thread":12,"request":8,"reference":null,"job":null,"n":0,"x":0,"y":100}
[completion-event] {"processOrdinal":1,"v":1,"event":10,"begin":"2248845042","end":"2248845209","thread":13,"request":9,"reference":null,"job":null,"n":0,"x":0,"y":0}
[completion-event] {"processOrdinal":1,"v":1,"event":11,"begin":"2248845209","end":"2248847084","thread":13,"request":9,"reference":null,"job":null,"n":0,"x":0,"y":0}
[completion-event] {"processOrdinal":1,"v":1,"event":12,"begin":"2248847084","end":"2248848250","thread":13,"request":9,"reference":null,"job":null,"n":0,"x":0,"y":0}
[completion-event] {"processOrdinal":1,"v":1,"event":13,"begin":"2248848250","end":"2248849625","thread":13,"request":9,"reference":null,"job":null,"n":0,"x":0,"y":100}
[completion-event] {"processOrdinal":1,"v":1,"event":10,"begin":"2351555542","end":"2351555750","thread":14,"request":10,"reference":null,"job":null,"n":0,"x":0,"y":0}
[completion-event] {"processOrdinal":1,"v":1,"event":11,"begin":"2351555750","end":"2351557917","thread":14,"request":10,"reference":null,"job":null,"n":0,"x":0,"y":0}
[completion-event] {"processOrdinal":1,"v":1,"event":12,"begin":"2351557917","end":"2351559125","thread":14,"request":10,"reference":null,"job":null,"n":0,"x":0,"y":0}
[completion-event] {"processOrdinal":1,"v":1,"event":13,"begin":"2351559125","end":"2351560000","thread":14,"request":10,"reference":null,"job":null,"n":0,"x":0,"y":100}
[completion-event] {"processOrdinal":1,"v":1,"event":10,"begin":"2456447750","end":"2456448000","thread":15,"request":11,"reference":null,"job":null,"n":0,"x":0,"y":0}
[completion-event] {"processOrdinal":1,"v":1,"event":11,"begin":"2456448000","end":"2456449500","thread":15,"request":11,"reference":null,"job":null,"n":0,"x":0,"y":0}
[completion-event] {"processOrdinal":1,"v":1,"event":12,"begin":"2456449500","end":"2456450625","thread":15,"request":11,"reference":null,"job":null,"n":0,"x":0,"y":0}
[completion-event] {"processOrdinal":1,"v":1,"event":13,"begin":"2456450625","end":"2456451792","thread":15,"request":11,"reference":null,"job":null,"n":0,"x":0,"y":100}
[completion-event] {"processOrdinal":1,"v":1,"event":10,"begin":"2561315834","end":"2561316000","thread":16,"request":12,"reference":null,"job":null,"n":0,"x":0,"y":0}
[completion-event] {"processOrdinal":1,"v":1,"event":11,"begin":"2561316000","end":"2561317709","thread":16,"request":12,"reference":null,"job":null,"n":0,"x":0,"y":0}
[completion-event] {"processOrdinal":1,"v":1,"event":12,"begin":"2561317709","end":"2561318792","thread":16,"request":12,"reference":null,"job":null,"n":0,"x":0,"y":0}
[completion-event] {"processOrdinal":1,"v":1,"event":13,"begin":"2561318792","end":"2561319834","thread":16,"request":12,"reference":null,"job":null,"n":0,"x":0,"y":100}
[completion-event] {"processOrdinal":1,"v":1,"event":10,"begin":"2666185667","end":"2666185792","thread":17,"request":13,"reference":null,"job":null,"n":0,"x":0,"y":0}
[completion-event] {"processOrdinal":1,"v":1,"event":11,"begin":"2666185792","end":"2666200709","thread":17,"request":13,"reference":null,"job":null,"n":0,"x":0,"y":0}
[completion-event] {"processOrdinal":1,"v":1,"event":12,"begin":"2666200709","end":"2666205250","thread":17,"request":13,"reference":null,"job":null,"n":0,"x":0,"y":0}
[completion-event] {"processOrdinal":1,"v":1,"event":13,"begin":"2666205250","end":"2666207084","thread":17,"request":13,"reference":null,"job":null,"n":0,"x":0,"y":100}
[completion-event] {"processOrdinal":1,"v":1,"event":10,"begin":"2771354375","end":"2771354542","thread":18,"request":14,"reference":null,"job":null,"n":0,"x":0,"y":0}
[completion-event] {"processOrdinal":1,"v":1,"event":11,"begin":"2771354542","end":"2771356667","thread":18,"request":14,"reference":null,"job":null,"n":0,"x":0,"y":0}
[completion-event] {"processOrdinal":1,"v":1,"event":12,"begin":"2771356667","end":"2771357917","thread":18,"request":14,"reference":null,"job":null,"n":0,"x":0,"y":0}
[completion-event] {"processOrdinal":1,"v":1,"event":13,"begin":"2771357917","end":"2771359000","thread":18,"request":14,"reference":null,"job":null,"n":0,"x":0,"y":100}
[completion-event] {"processOrdinal":1,"v":1,"event":10,"begin":"2876410042","end":"2876410250","thread":19,"request":15,"reference":null,"job":null,"n":0,"x":0,"y":0}
[completion-event] {"processOrdinal":1,"v":1,"event":11,"begin":"2876410250","end":"2876412250","thread":19,"request":15,"reference":null,"job":null,"n":0,"x":0,"y":0}
[completion-event] {"processOrdinal":1,"v":1,"event":12,"begin":"2876412250","end":"2876413292","thread":19,"request":15,"reference":null,"job":null,"n":0,"x":0,"y":0}
[completion-event] {"processOrdinal":1,"v":1,"event":13,"begin":"2876413292","end":"2876414084","thread":19,"request":15,"reference":null,"job":null,"n":0,"x":0,"y":100}
[completion-event] {"processOrdinal":1,"v":1,"event":10,"begin":"2981311417","end":"2981311625","thread":20,"request":16,"reference":null,"job":null,"n":0,"x":0,"y":0}
[completion-event] {"processOrdinal":1,"v":1,"event":11,"begin":"2981311625","end":"2981314042","thread":20,"request":16,"reference":null,"job":null,"n":0,"x":0,"y":0}
[completion-event] {"processOrdinal":1,"v":1,"event":12,"begin":"2981314042","end":"2981315334","thread":20,"request":16,"reference":null,"job":null,"n":0,"x":0,"y":0}
[completion-event] {"processOrdinal":1,"v":1,"event":13,"begin":"2981315334","end":"2981316500","thread":20,"request":16,"reference":null,"job":null,"n":0,"x":0,"y":100}
[completion-event] {"processOrdinal":1,"v":1,"event":10,"begin":"3085123959","end":"3085124125","thread":21,"request":17,"reference":null,"job":null,"n":0,"x":0,"y":0}
[completion-event] {"processOrdinal":1,"v":1,"event":11,"begin":"3085124125","end":"3085125917","thread":21,"request":17,"reference":null,"job":null,"n":0,"x":0,"y":0}
[completion-event] {"processOrdinal":1,"v":1,"event":12,"begin":"3085125917","end":"3085127042","thread":21,"request":17,"reference":null,"job":null,"n":0,"x":0,"y":0}
[completion-event] {"processOrdinal":1,"v":1,"event":13,"begin":"3085127042","end":"3085128125","thread":21,"request":17,"reference":null,"job":null,"n":0,"x":0,"y":100}
[completion-event] {"processOrdinal":1,"v":1,"event":10,"begin":"3189793542","end":"3189793667","thread":22,"request":18,"reference":null,"job":null,"n":0,"x":0,"y":0}
[completion-event] {"processOrdinal":1,"v":1,"event":11,"begin":"3189793667","end":"3189795792","thread":22,"request":18,"reference":null,"job":null,"n":0,"x":0,"y":0}
[completion-event] {"processOrdinal":1,"v":1,"event":12,"begin":"3189795792","end":"3189797042","thread":22,"request":18,"reference":null,"job":null,"n":0,"x":0,"y":0}
[completion-event] {"processOrdinal":1,"v":1,"event":13,"begin":"3189797042","end":"3189798125","thread":22,"request":18,"reference":null,"job":null,"n":0,"x":0,"y":100}
[completion-event] {"processOrdinal":1,"v":1,"event":10,"begin":"3294713959","end":"3294714125","thread":23,"request":19,"reference":null,"job":null,"n":0,"x":0,"y":0}
[completion-event] {"processOrdinal":1,"v":1,"event":11,"begin":"3294714125","end":"3294716250","thread":23,"request":19,"reference":null,"job":null,"n":0,"x":0,"y":0}
[completion-event] {"processOrdinal":1,"v":1,"event":12,"begin":"3294716250","end":"3294717334","thread":23,"request":19,"reference":null,"job":null,"n":0,"x":0,"y":0}
[completion-event] {"processOrdinal":1,"v":1,"event":13,"begin":"3294717334","end":"3294718542","thread":23,"request":19,"reference":null,"job":null,"n":0,"x":0,"y":100}
[completion-event] {"processOrdinal":1,"v":1,"event":10,"begin":"3399704084","end":"3399704167","thread":24,"request":20,"reference":null,"job":null,"n":0,"x":0,"y":0}
[completion-event] {"processOrdinal":1,"v":1,"event":11,"begin":"3399704167","end":"3399705917","thread":24,"request":20,"reference":null,"job":null,"n":0,"x":0,"y":0}
[completion-event] {"processOrdinal":1,"v":1,"event":12,"begin":"3399705917","end":"3399707000","thread":24,"request":20,"reference":null,"job":null,"n":0,"x":0,"y":0}
[completion-event] {"processOrdinal":1,"v":1,"event":13,"begin":"3399707000","end":"3399708000","thread":24,"request":20,"reference":null,"job":null,"n":0,"x":0,"y":100}
[completion-event] {"processOrdinal":1,"v":1,"event":10,"begin":"3504572542","end":"3504572750","thread":25,"request":21,"reference":null,"job":null,"n":0,"x":0,"y":0}
[completion-event] {"processOrdinal":1,"v":1,"event":11,"begin":"3504572750","end":"3504574375","thread":25,"request":21,"reference":null,"job":null,"n":0,"x":0,"y":0}
[completion-event] {"processOrdinal":1,"v":1,"event":12,"begin":"3504574375","end":"3504575500","thread":25,"request":21,"reference":null,"job":null,"n":0,"x":0,"y":0}
[completion-event] {"processOrdinal":1,"v":1,"event":13,"begin":"3504575500","end":"3504576500","thread":25,"request":21,"reference":null,"job":null,"n":0,"x":0,"y":100}
[completion-event] {"processOrdinal":1,"v":1,"event":10,"begin":"3609401834","end":"3609402000","thread":26,"request":22,"reference":null,"job":null,"n":0,"x":0,"y":0}
[completion-event] {"processOrdinal":1,"v":1,"event":11,"begin":"3609402000","end":"3609404084","thread":26,"request":22,"reference":null,"job":null,"n":0,"x":0,"y":0}
[completion-event] {"processOrdinal":1,"v":1,"event":12,"begin":"3609404084","end":"3609405250","thread":26,"request":22,"reference":null,"job":null,"n":0,"x":0,"y":0}
[completion-event] {"processOrdinal":1,"v":1,"event":13,"begin":"3609405250","end":"3609406667","thread":26,"request":22,"reference":null,"job":null,"n":0,"x":0,"y":100}
[completion-event] {"processOrdinal":1,"v":1,"event":10,"begin":"3713995542","end":"3713995750","thread":27,"request":23,"reference":null,"job":null,"n":0,"x":0,"y":0}
[completion-event] {"processOrdinal":1,"v":1,"event":11,"begin":"3713995750","end":"3713997542","thread":27,"request":23,"reference":null,"job":null,"n":0,"x":0,"y":0}
[completion-event] {"processOrdinal":1,"v":1,"event":12,"begin":"3713997542","end":"3713998709","thread":27,"request":23,"reference":null,"job":null,"n":0,"x":0,"y":0}
[completion-event] {"processOrdinal":1,"v":1,"event":13,"begin":"3713998709","end":"3713999792","thread":27,"request":23,"reference":null,"job":null,"n":0,"x":0,"y":100}
[completion-event] {"processOrdinal":1,"v":1,"event":10,"begin":"3818301334","end":"3818301542","thread":28,"request":24,"reference":null,"job":null,"n":0,"x":0,"y":0}
[completion-event] {"processOrdinal":1,"v":1,"event":11,"begin":"3818301542","end":"3818303875","thread":28,"request":24,"reference":null,"job":null,"n":0,"x":0,"y":0}
[completion-event] {"processOrdinal":1,"v":1,"event":12,"begin":"3818303875","end":"3818305084","thread":28,"request":24,"reference":null,"job":null,"n":0,"x":0,"y":0}
[completion-event] {"processOrdinal":1,"v":1,"event":13,"begin":"3818305084","end":"3818306084","thread":28,"request":24,"reference":null,"job":null,"n":0,"x":0,"y":100}
[completion-event] {"processOrdinal":1,"v":1,"event":10,"begin":"3922331750","end":"3922331959","thread":29,"request":25,"reference":null,"job":null,"n":0,"x":0,"y":0}
[completion-event] {"processOrdinal":1,"v":1,"event":11,"begin":"3922331959","end":"3922333917","thread":29,"request":25,"reference":null,"job":null,"n":0,"x":0,"y":0}
[completion-event] {"processOrdinal":1,"v":1,"event":12,"begin":"3922333917","end":"3922335042","thread":29,"request":25,"reference":null,"job":null,"n":0,"x":0,"y":0}
[completion-event] {"processOrdinal":1,"v":1,"event":13,"begin":"3922335042","end":"3922336459","thread":29,"request":25,"reference":null,"job":null,"n":0,"x":0,"y":100}
[completion-event] {"processOrdinal":1,"v":1,"event":10,"begin":"4026154125","end":"4026154334","thread":30,"request":26,"reference":null,"job":null,"n":0,"x":0,"y":0}
[completion-event] {"processOrdinal":1,"v":1,"event":11,"begin":"4026154334","end":"4026156459","thread":30,"request":26,"reference":null,"job":null,"n":0,"x":0,"y":0}
[completion-event] {"processOrdinal":1,"v":1,"event":12,"begin":"4026156459","end":"4026157750","thread":30,"request":26,"reference":null,"job":null,"n":0,"x":0,"y":0}
[completion-event] {"processOrdinal":1,"v":1,"event":13,"begin":"4026157750","end":"4026159042","thread":30,"request":26,"reference":null,"job":null,"n":0,"x":0,"y":100}
[completion-event] {"processOrdinal":1,"v":1,"event":10,"begin":"4130202167","end":"4130202334","thread":31,"request":27,"reference":null,"job":null,"n":0,"x":0,"y":0}
[completion-event] {"processOrdinal":1,"v":1,"event":11,"begin":"4130202334","end":"4130204375","thread":31,"request":27,"reference":null,"job":null,"n":0,"x":0,"y":0}
[completion-event] {"processOrdinal":1,"v":1,"event":12,"begin":"4130204375","end":"4130205459","thread":31,"request":27,"reference":null,"job":null,"n":0,"x":0,"y":0}
[completion-event] {"processOrdinal":1,"v":1,"event":13,"begin":"4130205459","end":"4130206459","thread":31,"request":27,"reference":null,"job":null,"n":0,"x":0,"y":100}
[completion-event] {"processOrdinal":1,"v":1,"event":10,"begin":"4234326584","end":"4234326792","thread":32,"request":28,"reference":null,"job":null,"n":0,"x":0,"y":0}
[completion-event] {"processOrdinal":1,"v":1,"event":11,"begin":"4234326792","end":"4234328584","thread":32,"request":28,"reference":null,"job":null,"n":0,"x":0,"y":0}
[completion-event] {"processOrdinal":1,"v":1,"event":12,"begin":"4234328584","end":"4234329625","thread":32,"request":28,"reference":null,"job":null,"n":0,"x":0,"y":0}
[completion-event] {"processOrdinal":1,"v":1,"event":13,"begin":"4234329625","end":"4234330500","thread":32,"request":28,"reference":null,"job":null,"n":0,"x":0,"y":100}
[completion-event] {"processOrdinal":1,"v":1,"event":10,"begin":"4338040375","end":"4338040584","thread":33,"request":29,"reference":null,"job":null,"n":0,"x":0,"y":0}
[completion-event] {"processOrdinal":1,"v":1,"event":11,"begin":"4338040584","end":"4338042292","thread":33,"request":29,"reference":null,"job":null,"n":0,"x":0,"y":0}
[completion-event] {"processOrdinal":1,"v":1,"event":12,"begin":"4338042292","end":"4338043334","thread":33,"request":29,"reference":null,"job":null,"n":0,"x":0,"y":0}
[completion-event] {"processOrdinal":1,"v":1,"event":13,"begin":"4338043334","end":"4338044167","thread":33,"request":29,"reference":null,"job":null,"n":0,"x":0,"y":100}
[completion-event] {"processOrdinal":1,"v":1,"event":10,"begin":"4441424917","end":"4441425042","thread":34,"request":30,"reference":null,"job":null,"n":0,"x":0,"y":0}
[completion-event] {"processOrdinal":1,"v":1,"event":11,"begin":"4441425042","end":"4441427125","thread":34,"request":30,"reference":null,"job":null,"n":0,"x":0,"y":0}
[completion-event] {"processOrdinal":1,"v":1,"event":12,"begin":"4441427125","end":"4441428125","thread":34,"request":30,"reference":null,"job":null,"n":0,"x":0,"y":0}
[completion-event] {"processOrdinal":1,"v":1,"event":13,"begin":"4441428125","end":"4441429125","thread":34,"request":30,"reference":null,"job":null,"n":0,"x":0,"y":100}
[completion-event] {"processOrdinal":1,"v":1,"event":10,"begin":"4544626667","end":"4544626792","thread":35,"request":31,"reference":null,"job":null,"n":0,"x":0,"y":0}
[completion-event] {"processOrdinal":1,"v":1,"event":11,"begin":"4544626792","end":"4544628584","thread":35,"request":31,"reference":null,"job":null,"n":0,"x":0,"y":0}
[completion-event] {"processOrdinal":1,"v":1,"event":12,"begin":"4544628584","end":"4544629834","thread":35,"request":31,"reference":null,"job":null,"n":0,"x":0,"y":0}
[completion-event] {"processOrdinal":1,"v":1,"event":13,"begin":"4544629834","end":"4544630875","thread":35,"request":31,"reference":null,"job":null,"n":0,"x":0,"y":100}
[completion-event] {"processOrdinal":1,"v":1,"event":10,"begin":"4648006084","end":"4648006375","thread":36,"request":32,"reference":null,"job":null,"n":0,"x":0,"y":0}
[completion-event] {"processOrdinal":1,"v":1,"event":11,"begin":"4648006375","end":"4648009375","thread":36,"request":32,"reference":null,"job":null,"n":0,"x":0,"y":0}
[completion-event] {"processOrdinal":1,"v":1,"event":12,"begin":"4648009375","end":"4648011000","thread":36,"request":32,"reference":null,"job":null,"n":0,"x":0,"y":0}
[completion-event] {"processOrdinal":1,"v":1,"event":13,"begin":"4648011000","end":"4648012250","thread":36,"request":32,"reference":null,"job":null,"n":0,"x":0,"y":100}
[completion-event] {"processOrdinal":1,"v":1,"event":10,"begin":"4752983459","end":"4752983625","thread":37,"request":33,"reference":null,"job":null,"n":0,"x":0,"y":0}
[completion-event] {"processOrdinal":1,"v":1,"event":11,"begin":"4752983625","end":"4752985250","thread":37,"request":33,"reference":null,"job":null,"n":0,"x":0,"y":0}
[completion-event] {"processOrdinal":1,"v":1,"event":12,"begin":"4752985250","end":"4752986375","thread":37,"request":33,"reference":null,"job":null,"n":0,"x":0,"y":0}
[completion-event] {"processOrdinal":1,"v":1,"event":13,"begin":"4752986375","end":"4752987334","thread":37,"request":33,"reference":null,"job":null,"n":0,"x":0,"y":100}
[completion-event] {"processOrdinal":1,"v":1,"event":10,"begin":"4854857625","end":"4854857792","thread":38,"request":34,"reference":null,"job":null,"n":0,"x":0,"y":0}
[completion-event] {"processOrdinal":1,"v":1,"event":11,"begin":"4854857792","end":"4854859667","thread":38,"request":34,"reference":null,"job":null,"n":0,"x":0,"y":0}
[completion-event] {"processOrdinal":1,"v":1,"event":12,"begin":"4854859667","end":"4854860959","thread":38,"request":34,"reference":null,"job":null,"n":0,"x":0,"y":0}
[completion-event] {"processOrdinal":1,"v":1,"event":13,"begin":"4854860959","end":"4854862209","thread":38,"request":34,"reference":null,"job":null,"n":0,"x":0,"y":100}
[completion-event] {"processOrdinal":1,"v":1,"event":10,"begin":"4958448875","end":"4958449084","thread":39,"request":35,"reference":null,"job":null,"n":0,"x":0,"y":0}
[completion-event] {"processOrdinal":1,"v":1,"event":11,"begin":"4958449084","end":"4958451042","thread":39,"request":35,"reference":null,"job":null,"n":0,"x":0,"y":0}
[completion-event] {"processOrdinal":1,"v":1,"event":12,"begin":"4958451042","end":"4958452292","thread":39,"request":35,"reference":null,"job":null,"n":0,"x":0,"y":0}
[completion-event] {"processOrdinal":1,"v":1,"event":13,"begin":"4958452292","end":"4958453584","thread":39,"request":35,"reference":null,"job":null,"n":0,"x":0,"y":100}
[completion-event] {"processOrdinal":1,"v":1,"event":10,"begin":"5063357500","end":"5063357750","thread":40,"request":36,"reference":null,"job":null,"n":0,"x":0,"y":0}
[completion-event] {"processOrdinal":1,"v":1,"event":11,"begin":"5063357750","end":"5063359334","thread":40,"request":36,"reference":null,"job":null,"n":0,"x":0,"y":0}
[completion-event] {"processOrdinal":1,"v":1,"event":12,"begin":"5063359334","end":"5063360459","thread":40,"request":36,"reference":null,"job":null,"n":0,"x":0,"y":0}
[completion-event] {"processOrdinal":1,"v":1,"event":13,"begin":"5063360459","end":"5063361375","thread":40,"request":36,"reference":null,"job":null,"n":0,"x":0,"y":100}
[completion-event] {"processOrdinal":1,"v":1,"event":10,"begin":"5168506667","end":"5168506917","thread":41,"request":37,"reference":null,"job":null,"n":0,"x":0,"y":0}
[completion-event] {"processOrdinal":1,"v":1,"event":11,"begin":"5168506917","end":"5168508750","thread":41,"request":37,"reference":null,"job":null,"n":0,"x":0,"y":0}
[completion-event] {"processOrdinal":1,"v":1,"event":12,"begin":"5168508750","end":"5168509917","thread":41,"request":37,"reference":null,"job":null,"n":0,"x":0,"y":0}
[completion-event] {"processOrdinal":1,"v":1,"event":13,"begin":"5168509917","end":"5168510917","thread":41,"request":37,"reference":null,"job":null,"n":0,"x":0,"y":100}
[completion-event] {"processOrdinal":1,"v":1,"event":10,"begin":"5271210250","end":"5271210459","thread":42,"request":38,"reference":null,"job":null,"n":0,"x":0,"y":0}
[completion-event] {"processOrdinal":1,"v":1,"event":11,"begin":"5271210459","end":"5271212709","thread":42,"request":38,"reference":null,"job":null,"n":0,"x":0,"y":0}
[completion-event] {"processOrdinal":1,"v":1,"event":12,"begin":"5271212709","end":"5271213959","thread":42,"request":38,"reference":null,"job":null,"n":0,"x":0,"y":0}
[completion-event] {"processOrdinal":1,"v":1,"event":13,"begin":"5271213959","end":"5271215125","thread":42,"request":38,"reference":null,"job":null,"n":0,"x":0,"y":100}
[completion-event] {"processOrdinal":1,"v":1,"event":10,"begin":"5376726792","end":"5376727042","thread":43,"request":39,"reference":null,"job":null,"n":0,"x":0,"y":0}
[completion-event] {"processOrdinal":1,"v":1,"event":11,"begin":"5376727042","end":"5376729084","thread":43,"request":39,"reference":null,"job":null,"n":0,"x":0,"y":0}
[completion-event] {"processOrdinal":1,"v":1,"event":12,"begin":"5376729084","end":"5376730375","thread":43,"request":39,"reference":null,"job":null,"n":0,"x":0,"y":0}
[completion-event] {"processOrdinal":1,"v":1,"event":13,"begin":"5376730375","end":"5376731625","thread":43,"request":39,"reference":null,"job":null,"n":0,"x":0,"y":100}
[completion-event] {"processOrdinal":1,"v":1,"event":10,"begin":"5481741792","end":"5481741917","thread":44,"request":40,"reference":null,"job":null,"n":0,"x":0,"y":0}
[completion-event] {"processOrdinal":1,"v":1,"event":11,"begin":"5481741917","end":"5481744042","thread":44,"request":40,"reference":null,"job":null,"n":0,"x":0,"y":0}
[completion-event] {"processOrdinal":1,"v":1,"event":12,"begin":"5481744042","end":"5481745584","thread":44,"request":40,"reference":null,"job":null,"n":0,"x":0,"y":0}
[completion-event] {"processOrdinal":1,"v":1,"event":13,"begin":"5481745584","end":"5481746625","thread":44,"request":40,"reference":null,"job":null,"n":0,"x":0,"y":100}
[completion-event] {"processOrdinal":1,"v":1,"event":10,"begin":"5585534042","end":"5585534334","thread":45,"request":41,"reference":null,"job":null,"n":0,"x":0,"y":0}
[completion-event] {"processOrdinal":1,"v":1,"event":11,"begin":"5585534334","end":"5585536209","thread":45,"request":41,"reference":null,"job":null,"n":0,"x":0,"y":0}
[completion-event] {"processOrdinal":1,"v":1,"event":12,"begin":"5585536209","end":"5585537334","thread":45,"request":41,"reference":null,"job":null,"n":0,"x":0,"y":0}
[completion-event] {"processOrdinal":1,"v":1,"event":13,"begin":"5585537334","end":"5585538334","thread":45,"request":41,"reference":null,"job":null,"n":0,"x":0,"y":100}
[completion-event] {"processOrdinal":1,"v":1,"event":10,"begin":"5690273542","end":"5690273709","thread":46,"request":42,"reference":null,"job":null,"n":0,"x":0,"y":0}
[completion-event] {"processOrdinal":1,"v":1,"event":11,"begin":"5690273709","end":"5690275792","thread":46,"request":42,"reference":null,"job":null,"n":0,"x":0,"y":0}
[completion-event] {"processOrdinal":1,"v":1,"event":12,"begin":"5690275792","end":"5690277000","thread":46,"request":42,"reference":null,"job":null,"n":0,"x":0,"y":0}
[completion-event] {"processOrdinal":1,"v":1,"event":13,"begin":"5690277000","end":"5690277959","thread":46,"request":42,"reference":null,"job":null,"n":0,"x":0,"y":100}
[completion-event] {"processOrdinal":1,"v":1,"event":10,"begin":"5793292209","end":"5793292375","thread":47,"request":43,"reference":null,"job":null,"n":0,"x":0,"y":0}
[completion-event] {"processOrdinal":1,"v":1,"event":11,"begin":"5793292375","end":"5793294542","thread":47,"request":43,"reference":null,"job":null,"n":0,"x":0,"y":0}
[completion-event] {"processOrdinal":1,"v":1,"event":12,"begin":"5793294542","end":"5793295709","thread":47,"request":43,"reference":null,"job":null,"n":0,"x":0,"y":0}
[completion-event] {"processOrdinal":1,"v":1,"event":13,"begin":"5793295709","end":"5793296834","thread":47,"request":43,"reference":null,"job":null,"n":0,"x":0,"y":100}
[completion-event] {"processOrdinal":1,"v":1,"event":10,"begin":"5898327542","end":"5898327750","thread":48,"request":44,"reference":null,"job":null,"n":0,"x":0,"y":0}
[completion-event] {"processOrdinal":1,"v":1,"event":11,"begin":"5898327750","end":"5898329250","thread":48,"request":44,"reference":null,"job":null,"n":0,"x":0,"y":0}
[completion-event] {"processOrdinal":1,"v":1,"event":12,"begin":"5898329250","end":"5898330459","thread":48,"request":44,"reference":null,"job":null,"n":0,"x":0,"y":0}
[completion-event] {"processOrdinal":1,"v":1,"event":13,"begin":"5898330459","end":"5898331417","thread":48,"request":44,"reference":null,"job":null,"n":0,"x":0,"y":100}
[completion-event] {"processOrdinal":1,"v":1,"event":10,"begin":"6004026000","end":"6004026125","thread":49,"request":45,"reference":null,"job":null,"n":0,"x":0,"y":0}
[completion-event] {"processOrdinal":1,"v":1,"event":11,"begin":"6004026125","end":"6004028042","thread":49,"request":45,"reference":null,"job":null,"n":0,"x":0,"y":0}
[completion-event] {"processOrdinal":1,"v":1,"event":12,"begin":"6004028042","end":"6004029334","thread":49,"request":45,"reference":null,"job":null,"n":0,"x":0,"y":0}
[completion-event] {"processOrdinal":1,"v":1,"event":13,"begin":"6004029334","end":"6004030292","thread":49,"request":45,"reference":null,"job":null,"n":0,"x":0,"y":100}
[completion-event] {"processOrdinal":1,"v":1,"event":10,"begin":"6109573959","end":"6109574084","thread":50,"request":46,"reference":null,"job":null,"n":0,"x":0,"y":0}
[completion-event] {"processOrdinal":1,"v":1,"event":11,"begin":"6109574084","end":"6109575750","thread":50,"request":46,"reference":null,"job":null,"n":0,"x":0,"y":0}
[completion-event] {"processOrdinal":1,"v":1,"event":12,"begin":"6109575750","end":"6109576792","thread":50,"request":46,"reference":null,"job":null,"n":0,"x":0,"y":0}
[completion-event] {"processOrdinal":1,"v":1,"event":13,"begin":"6109576792","end":"6109577834","thread":50,"request":46,"reference":null,"job":null,"n":0,"x":0,"y":100}
[completion-event] {"processOrdinal":1,"v":1,"event":10,"begin":"6214252750","end":"6214252917","thread":51,"request":47,"reference":null,"job":null,"n":0,"x":0,"y":0}
[completion-event] {"processOrdinal":1,"v":1,"event":11,"begin":"6214252917","end":"6214254917","thread":51,"request":47,"reference":null,"job":null,"n":0,"x":0,"y":0}
[completion-event] {"processOrdinal":1,"v":1,"event":12,"begin":"6214254917","end":"6214256000","thread":51,"request":47,"reference":null,"job":null,"n":0,"x":0,"y":0}
[completion-event] {"processOrdinal":1,"v":1,"event":13,"begin":"6214256000","end":"6214257000","thread":51,"request":47,"reference":null,"job":null,"n":0,"x":0,"y":100}
[completion-event] {"processOrdinal":1,"v":1,"event":10,"begin":"6318313000","end":"6318313167","thread":52,"request":48,"reference":null,"job":null,"n":0,"x":0,"y":0}
[completion-event] {"processOrdinal":1,"v":1,"event":11,"begin":"6318313167","end":"6318315167","thread":52,"request":48,"reference":null,"job":null,"n":0,"x":0,"y":0}
[completion-event] {"processOrdinal":1,"v":1,"event":12,"begin":"6318315167","end":"6318316542","thread":52,"request":48,"reference":null,"job":null,"n":0,"x":0,"y":0}
[completion-event] {"processOrdinal":1,"v":1,"event":13,"begin":"6318316542","end":"6318317584","thread":52,"request":48,"reference":null,"job":null,"n":0,"x":0,"y":100}
[completion-event] {"processOrdinal":1,"v":1,"event":10,"begin":"6423321917","end":"6423322125","thread":53,"request":49,"reference":null,"job":null,"n":0,"x":0,"y":0}
[completion-event] {"processOrdinal":1,"v":1,"event":11,"begin":"6423322125","end":"6423324375","thread":53,"request":49,"reference":null,"job":null,"n":0,"x":0,"y":0}
[completion-event] {"processOrdinal":1,"v":1,"event":12,"begin":"6423324375","end":"6423325750","thread":53,"request":49,"reference":null,"job":null,"n":0,"x":0,"y":0}
[completion-event] {"processOrdinal":1,"v":1,"event":13,"begin":"6423325750","end":"6423326959","thread":53,"request":49,"reference":null,"job":null,"n":0,"x":0,"y":100}
[completion-event] {"processOrdinal":1,"v":1,"event":10,"begin":"6528475209","end":"6528475417","thread":54,"request":50,"reference":null,"job":null,"n":0,"x":0,"y":0}
[completion-event] {"processOrdinal":1,"v":1,"event":11,"begin":"6528475417","end":"6528477709","thread":54,"request":50,"reference":null,"job":null,"n":0,"x":0,"y":0}
[completion-event] {"processOrdinal":1,"v":1,"event":12,"begin":"6528477709","end":"6528479042","thread":54,"request":50,"reference":null,"job":null,"n":0,"x":0,"y":0}
[completion-event] {"processOrdinal":1,"v":1,"event":13,"begin":"6528479042","end":"6528480334","thread":54,"request":50,"reference":null,"job":null,"n":0,"x":0,"y":100}
[completion-event] {"processOrdinal":1,"v":1,"event":10,"begin":"6633470959","end":"6633471209","thread":55,"request":51,"reference":null,"job":null,"n":0,"x":0,"y":0}
[completion-event] {"processOrdinal":1,"v":1,"event":11,"begin":"6633471209","end":"6633473084","thread":55,"request":51,"reference":null,"job":null,"n":0,"x":0,"y":0}
[completion-event] {"processOrdinal":1,"v":1,"event":12,"begin":"6633473084","end":"6633474292","thread":55,"request":51,"reference":null,"job":null,"n":0,"x":0,"y":0}
[completion-event] {"processOrdinal":1,"v":1,"event":13,"begin":"6633474292","end":"6633475375","thread":55,"request":51,"reference":null,"job":null,"n":0,"x":0,"y":100}
[completion-event] {"processOrdinal":1,"v":1,"event":10,"begin":"6735888209","end":"6735888334","thread":56,"request":52,"reference":null,"job":null,"n":0,"x":0,"y":0}
[completion-event] {"processOrdinal":1,"v":1,"event":11,"begin":"6735888334","end":"6735890542","thread":56,"request":52,"reference":null,"job":null,"n":0,"x":0,"y":0}
[completion-event] {"processOrdinal":1,"v":1,"event":12,"begin":"6735890542","end":"6735891875","thread":56,"request":52,"reference":null,"job":null,"n":0,"x":0,"y":0}
[completion-event] {"processOrdinal":1,"v":1,"event":13,"begin":"6735891875","end":"6735893167","thread":56,"request":52,"reference":null,"job":null,"n":0,"x":0,"y":100}
[completion-event] {"processOrdinal":1,"v":1,"event":10,"begin":"6839784084","end":"6839784250","thread":57,"request":53,"reference":null,"job":null,"n":0,"x":0,"y":0}
[completion-event] {"processOrdinal":1,"v":1,"event":11,"begin":"6839784250","end":"6839785917","thread":57,"request":53,"reference":null,"job":null,"n":0,"x":0,"y":0}
[completion-event] {"processOrdinal":1,"v":1,"event":12,"begin":"6839785917","end":"6839786959","thread":57,"request":53,"reference":null,"job":null,"n":0,"x":0,"y":0}
[completion-event] {"processOrdinal":1,"v":1,"event":13,"begin":"6839786959","end":"6839788000","thread":57,"request":53,"reference":null,"job":null,"n":0,"x":0,"y":100}
[completion-event] {"processOrdinal":1,"v":1,"event":10,"begin":"6943182917","end":"6943183042","thread":58,"request":54,"reference":null,"job":null,"n":0,"x":0,"y":0}
[completion-event] {"processOrdinal":1,"v":1,"event":11,"begin":"6943183042","end":"6943184917","thread":58,"request":54,"reference":null,"job":null,"n":0,"x":0,"y":0}
[completion-event] {"processOrdinal":1,"v":1,"event":12,"begin":"6943184917","end":"6943186250","thread":58,"request":54,"reference":null,"job":null,"n":0,"x":0,"y":0}
[completion-event] {"processOrdinal":1,"v":1,"event":13,"begin":"6943186250","end":"6943187459","thread":58,"request":54,"reference":null,"job":null,"n":0,"x":0,"y":100}
[completion-event] {"processOrdinal":1,"v":1,"event":10,"begin":"7048247334","end":"7048247542","thread":59,"request":55,"reference":null,"job":null,"n":0,"x":0,"y":0}
[completion-event] {"processOrdinal":1,"v":1,"event":11,"begin":"7048247542","end":"7048249584","thread":59,"request":55,"reference":null,"job":null,"n":0,"x":0,"y":0}
[completion-event] {"processOrdinal":1,"v":1,"event":12,"begin":"7048249584","end":"7048250709","thread":59,"request":55,"reference":null,"job":null,"n":0,"x":0,"y":0}
[completion-event] {"processOrdinal":1,"v":1,"event":13,"begin":"7048250709","end":"7048251792","thread":59,"request":55,"reference":null,"job":null,"n":0,"x":0,"y":100}
[completion-event] {"processOrdinal":1,"v":1,"event":10,"begin":"7151491792","end":"7151491959","thread":60,"request":56,"reference":null,"job":null,"n":0,"x":0,"y":0}
[completion-event] {"processOrdinal":1,"v":1,"event":11,"begin":"7151491959","end":"7151494084","thread":60,"request":56,"reference":null,"job":null,"n":0,"x":0,"y":0}
[completion-event] {"processOrdinal":1,"v":1,"event":12,"begin":"7151494084","end":"7151495292","thread":60,"request":56,"reference":null,"job":null,"n":0,"x":0,"y":0}
[completion-event] {"processOrdinal":1,"v":1,"event":13,"begin":"7151495292","end":"7151496417","thread":60,"request":56,"reference":null,"job":null,"n":0,"x":0,"y":100}
[completion-event] {"processOrdinal":1,"v":1,"event":10,"begin":"7254613375","end":"7254613542","thread":61,"request":57,"reference":null,"job":null,"n":0,"x":0,"y":0}
[completion-event] {"processOrdinal":1,"v":1,"event":11,"begin":"7254613542","end":"7254615709","thread":61,"request":57,"reference":null,"job":null,"n":0,"x":0,"y":0}
[completion-event] {"processOrdinal":1,"v":1,"event":12,"begin":"7254615709","end":"7254617125","thread":61,"request":57,"reference":null,"job":null,"n":0,"x":0,"y":0}
[completion-event] {"processOrdinal":1,"v":1,"event":13,"begin":"7254617125","end":"7254618334","thread":61,"request":57,"reference":null,"job":null,"n":0,"x":0,"y":100}
[completion-event] {"processOrdinal":1,"v":1,"event":10,"begin":"7359629500","end":"7359629709","thread":62,"request":58,"reference":null,"job":null,"n":0,"x":0,"y":0}
[completion-event] {"processOrdinal":1,"v":1,"event":11,"begin":"7359629709","end":"7359631750","thread":62,"request":58,"reference":null,"job":null,"n":0,"x":0,"y":0}
[completion-event] {"processOrdinal":1,"v":1,"event":12,"begin":"7359631750","end":"7359632917","thread":62,"request":58,"reference":null,"job":null,"n":0,"x":0,"y":0}
[completion-event] {"processOrdinal":1,"v":1,"event":13,"begin":"7359632917","end":"7359633917","thread":62,"request":58,"reference":null,"job":null,"n":0,"x":0,"y":100}
[completion-event] {"processOrdinal":1,"v":1,"event":10,"begin":"7463908584","end":"7463908792","thread":63,"request":59,"reference":null,"job":null,"n":0,"x":0,"y":0}
[completion-event] {"processOrdinal":1,"v":1,"event":11,"begin":"7463908792","end":"7463910709","thread":63,"request":59,"reference":null,"job":null,"n":0,"x":0,"y":0}
[completion-event] {"processOrdinal":1,"v":1,"event":12,"begin":"7463910709","end":"7463911834","thread":63,"request":59,"reference":null,"job":null,"n":0,"x":0,"y":0}
[completion-event] {"processOrdinal":1,"v":1,"event":13,"begin":"7463911834","end":"7463913042","thread":63,"request":59,"reference":null,"job":null,"n":0,"x":0,"y":100}
[completion-event] {"processOrdinal":1,"v":1,"event":10,"begin":"7566796292","end":"7566796459","thread":64,"request":60,"reference":null,"job":null,"n":0,"x":0,"y":0}
[completion-event] {"processOrdinal":1,"v":1,"event":11,"begin":"7566796459","end":"7566798417","thread":64,"request":60,"reference":null,"job":null,"n":0,"x":0,"y":0}
[completion-event] {"processOrdinal":1,"v":1,"event":12,"begin":"7566798417","end":"7566799709","thread":64,"request":60,"reference":null,"job":null,"n":0,"x":0,"y":0}
[completion-event] {"processOrdinal":1,"v":1,"event":13,"begin":"7566799709","end":"7566801417","thread":64,"request":60,"reference":null,"job":null,"n":0,"x":0,"y":100}
[completion-event] {"processOrdinal":1,"v":1,"event":10,"begin":"7670817125","end":"7670817334","thread":65,"request":61,"reference":null,"job":null,"n":0,"x":0,"y":0}
[completion-event] {"processOrdinal":1,"v":1,"event":11,"begin":"7670817334","end":"7670819042","thread":65,"request":61,"reference":null,"job":null,"n":0,"x":0,"y":0}
[completion-event] {"processOrdinal":1,"v":1,"event":12,"begin":"7670819042","end":"7670820250","thread":65,"request":61,"reference":null,"job":null,"n":0,"x":0,"y":0}
[completion-event] {"processOrdinal":1,"v":1,"event":13,"begin":"7670820250","end":"7670821250","thread":65,"request":61,"reference":null,"job":null,"n":0,"x":0,"y":100}
[completion-event] {"processOrdinal":1,"v":1,"event":10,"begin":"7774890959","end":"7774891125","thread":66,"request":62,"reference":null,"job":null,"n":0,"x":0,"y":0}
[completion-event] {"processOrdinal":1,"v":1,"event":11,"begin":"7774891125","end":"7774892750","thread":66,"request":62,"reference":null,"job":null,"n":0,"x":0,"y":0}
[completion-event] {"processOrdinal":1,"v":1,"event":12,"begin":"7774892750","end":"7774893750","thread":66,"request":62,"reference":null,"job":null,"n":0,"x":0,"y":0}
[completion-event] {"processOrdinal":1,"v":1,"event":13,"begin":"7774893750","end":"7774894584","thread":66,"request":62,"reference":null,"job":null,"n":0,"x":0,"y":100}
[completion-event] {"processOrdinal":1,"v":1,"event":10,"begin":"7879547750","end":"7879547959","thread":67,"request":63,"reference":null,"job":null,"n":0,"x":0,"y":0}
[completion-event] {"processOrdinal":1,"v":1,"event":11,"begin":"7879547959","end":"7879549792","thread":67,"request":63,"reference":null,"job":null,"n":0,"x":0,"y":0}
[completion-event] {"processOrdinal":1,"v":1,"event":12,"begin":"7879549792","end":"7879550875","thread":67,"request":63,"reference":null,"job":null,"n":0,"x":0,"y":0}
[completion-event] {"processOrdinal":1,"v":1,"event":13,"begin":"7879550875","end":"7879552042","thread":67,"request":63,"reference":null,"job":null,"n":0,"x":0,"y":100}
[completion-event] {"processOrdinal":1,"v":1,"event":10,"begin":"7984574917","end":"7984575125","thread":68,"request":64,"reference":null,"job":null,"n":0,"x":0,"y":0}
[completion-event] {"processOrdinal":1,"v":1,"event":11,"begin":"7984575125","end":"7984577417","thread":68,"request":64,"reference":null,"job":null,"n":0,"x":0,"y":0}
[completion-event] {"processOrdinal":1,"v":1,"event":12,"begin":"7984577417","end":"7984578667","thread":68,"request":64,"reference":null,"job":null,"n":0,"x":0,"y":0}
[completion-event] {"processOrdinal":1,"v":1,"event":13,"begin":"7984578667","end":"7984579959","thread":68,"request":64,"reference":null,"job":null,"n":0,"x":0,"y":100}
[completion-event] {"processOrdinal":1,"v":1,"event":10,"begin":"8089554459","end":"8089554709","thread":69,"request":65,"reference":null,"job":null,"n":0,"x":0,"y":0}
[completion-event] {"processOrdinal":1,"v":1,"event":11,"begin":"8089554709","end":"8089556417","thread":69,"request":65,"reference":null,"job":null,"n":0,"x":0,"y":0}
[completion-event] {"processOrdinal":1,"v":1,"event":12,"begin":"8089556417","end":"8089557334","thread":69,"request":65,"reference":null,"job":null,"n":0,"x":0,"y":0}
[completion-event] {"processOrdinal":1,"v":1,"event":13,"begin":"8089557334","end":"8089558375","thread":69,"request":65,"reference":null,"job":null,"n":0,"x":0,"y":100}
[completion-event] {"processOrdinal":1,"v":1,"event":10,"begin":"8193138084","end":"8193138209","thread":70,"request":66,"reference":null,"job":null,"n":0,"x":0,"y":0}
[completion-event] {"processOrdinal":1,"v":1,"event":11,"begin":"8193138209","end":"8193139792","thread":70,"request":66,"reference":null,"job":null,"n":0,"x":0,"y":0}
[completion-event] {"processOrdinal":1,"v":1,"event":12,"begin":"8193139792","end":"8193140917","thread":70,"request":66,"reference":null,"job":null,"n":0,"x":0,"y":0}
[completion-event] {"processOrdinal":1,"v":1,"event":13,"begin":"8193140917","end":"8193141834","thread":70,"request":66,"reference":null,"job":null,"n":0,"x":0,"y":100}
[completion-event] {"processOrdinal":1,"v":1,"event":10,"begin":"8297881375","end":"8297881542","thread":71,"request":67,"reference":null,"job":null,"n":0,"x":0,"y":0}
[completion-event] {"processOrdinal":1,"v":1,"event":11,"begin":"8297881542","end":"8297883584","thread":71,"request":67,"reference":null,"job":null,"n":0,"x":0,"y":0}
[completion-event] {"processOrdinal":1,"v":1,"event":12,"begin":"8297883584","end":"8297884792","thread":71,"request":67,"reference":null,"job":null,"n":0,"x":0,"y":0}
[completion-event] {"processOrdinal":1,"v":1,"event":13,"begin":"8297884792","end":"8297886125","thread":71,"request":67,"reference":null,"job":null,"n":0,"x":0,"y":100}
[completion-event] {"processOrdinal":1,"v":1,"event":10,"begin":"8401991375","end":"8401991584","thread":72,"request":68,"reference":null,"job":null,"n":0,"x":0,"y":0}
[completion-event] {"processOrdinal":1,"v":1,"event":11,"begin":"8401991584","end":"8401993417","thread":72,"request":68,"reference":null,"job":null,"n":0,"x":0,"y":0}
[completion-event] {"processOrdinal":1,"v":1,"event":12,"begin":"8401993417","end":"8401994417","thread":72,"request":68,"reference":null,"job":null,"n":0,"x":0,"y":0}
[completion-event] {"processOrdinal":1,"v":1,"event":13,"begin":"8401994417","end":"8401995250","thread":72,"request":68,"reference":null,"job":null,"n":0,"x":0,"y":100}
[completion-event] {"processOrdinal":1,"v":1,"event":10,"begin":"8505613084","end":"8505613250","thread":73,"request":69,"reference":null,"job":null,"n":0,"x":0,"y":0}
[completion-event] {"processOrdinal":1,"v":1,"event":11,"begin":"8505613250","end":"8505615042","thread":73,"request":69,"reference":null,"job":null,"n":0,"x":0,"y":0}
[completion-event] {"processOrdinal":1,"v":1,"event":12,"begin":"8505615042","end":"8505616167","thread":73,"request":69,"reference":null,"job":null,"n":0,"x":0,"y":0}
[completion-event] {"processOrdinal":1,"v":1,"event":13,"begin":"8505616167","end":"8505617334","thread":73,"request":69,"reference":null,"job":null,"n":0,"x":0,"y":100}
[completion-event] {"processOrdinal":1,"v":1,"event":10,"begin":"8610530375","end":"8610530584","thread":74,"request":70,"reference":null,"job":null,"n":0,"x":0,"y":0}
[completion-event] {"processOrdinal":1,"v":1,"event":11,"begin":"8610530584","end":"8610532584","thread":74,"request":70,"reference":null,"job":null,"n":0,"x":0,"y":0}
[completion-event] {"processOrdinal":1,"v":1,"event":12,"begin":"8610532584","end":"8610533875","thread":74,"request":70,"reference":null,"job":null,"n":0,"x":0,"y":0}
[completion-event] {"processOrdinal":1,"v":1,"event":13,"begin":"8610533875","end":"8610535125","thread":74,"request":70,"reference":null,"job":null,"n":0,"x":0,"y":100}
[completion-event] {"processOrdinal":1,"v":1,"event":10,"begin":"8715727375","end":"8715727625","thread":75,"request":71,"reference":null,"job":null,"n":0,"x":0,"y":0}
[completion-event] {"processOrdinal":1,"v":1,"event":11,"begin":"8715727625","end":"8715729625","thread":75,"request":71,"reference":null,"job":null,"n":0,"x":0,"y":0}
[completion-event] {"processOrdinal":1,"v":1,"event":12,"begin":"8715729625","end":"8715730834","thread":75,"request":71,"reference":null,"job":null,"n":0,"x":0,"y":0}
[completion-event] {"processOrdinal":1,"v":1,"event":13,"begin":"8715730834","end":"8715731959","thread":75,"request":71,"reference":null,"job":null,"n":0,"x":0,"y":100}
[completion-event] {"processOrdinal":1,"v":1,"event":10,"begin":"8818301750","end":"8818302000","thread":76,"request":72,"reference":null,"job":null,"n":0,"x":0,"y":0}
[completion-event] {"processOrdinal":1,"v":1,"event":11,"begin":"8818302000","end":"8818304000","thread":76,"request":72,"reference":null,"job":null,"n":0,"x":0,"y":0}
[completion-event] {"processOrdinal":1,"v":1,"event":12,"begin":"8818304000","end":"8818305334","thread":76,"request":72,"reference":null,"job":null,"n":0,"x":0,"y":0}
[completion-event] {"processOrdinal":1,"v":1,"event":13,"begin":"8818305334","end":"8818306750","thread":76,"request":72,"reference":null,"job":null,"n":0,"x":0,"y":100}
[completion-event] {"processOrdinal":1,"v":1,"event":10,"begin":"8922856417","end":"8922856667","thread":77,"request":73,"reference":null,"job":null,"n":0,"x":0,"y":0}
[completion-event] {"processOrdinal":1,"v":1,"event":11,"begin":"8922856667","end":"8922859042","thread":77,"request":73,"reference":null,"job":null,"n":0,"x":0,"y":0}
[completion-event] {"processOrdinal":1,"v":1,"event":12,"begin":"8922859042","end":"8922860459","thread":77,"request":73,"reference":null,"job":null,"n":0,"x":0,"y":0}
[completion-event] {"processOrdinal":1,"v":1,"event":13,"begin":"8922860459","end":"8922861667","thread":77,"request":73,"reference":null,"job":null,"n":0,"x":0,"y":100}
[completion-event] {"processOrdinal":1,"v":1,"event":10,"begin":"9026791084","end":"9026791250","thread":78,"request":74,"reference":null,"job":null,"n":0,"x":0,"y":0}
[completion-event] {"processOrdinal":1,"v":1,"event":11,"begin":"9026791250","end":"9026792959","thread":78,"request":74,"reference":null,"job":null,"n":0,"x":0,"y":0}
[completion-event] {"processOrdinal":1,"v":1,"event":12,"begin":"9026792959","end":"9026794125","thread":78,"request":74,"reference":null,"job":null,"n":0,"x":0,"y":0}
[completion-event] {"processOrdinal":1,"v":1,"event":13,"begin":"9026794125","end":"9026794959","thread":78,"request":74,"reference":null,"job":null,"n":0,"x":0,"y":100}
[completion-event] {"processOrdinal":1,"v":1,"event":10,"begin":"9130770125","end":"9130770292","thread":79,"request":75,"reference":null,"job":null,"n":0,"x":0,"y":0}
[completion-event] {"processOrdinal":1,"v":1,"event":11,"begin":"9130770292","end":"9130772542","thread":79,"request":75,"reference":null,"job":null,"n":0,"x":0,"y":0}
[completion-event] {"processOrdinal":1,"v":1,"event":12,"begin":"9130772542","end":"9130773959","thread":79,"request":75,"reference":null,"job":null,"n":0,"x":0,"y":0}
[completion-event] {"processOrdinal":1,"v":1,"event":13,"begin":"9130773959","end":"9130775209","thread":79,"request":75,"reference":null,"job":null,"n":0,"x":0,"y":100}
[completion-event] {"processOrdinal":1,"v":1,"event":10,"begin":"9235027542","end":"9235027709","thread":80,"request":76,"reference":null,"job":null,"n":0,"x":0,"y":0}
[completion-event] {"processOrdinal":1,"v":1,"event":11,"begin":"9235027709","end":"9235029542","thread":80,"request":76,"reference":null,"job":null,"n":0,"x":0,"y":0}
[completion-event] {"processOrdinal":1,"v":1,"event":12,"begin":"9235029542","end":"9235030625","thread":80,"request":76,"reference":null,"job":null,"n":0,"x":0,"y":0}
[completion-event] {"processOrdinal":1,"v":1,"event":13,"begin":"9235030625","end":"9235031584","thread":80,"request":76,"reference":null,"job":null,"n":0,"x":0,"y":100}
[completion-event] {"processOrdinal":1,"v":1,"event":10,"begin":"9338876084","end":"9338876250","thread":81,"request":77,"reference":null,"job":null,"n":0,"x":0,"y":0}
[completion-event] {"processOrdinal":1,"v":1,"event":11,"begin":"9338876250","end":"9338878167","thread":81,"request":77,"reference":null,"job":null,"n":0,"x":0,"y":0}
[completion-event] {"processOrdinal":1,"v":1,"event":12,"begin":"9338878167","end":"9338879209","thread":81,"request":77,"reference":null,"job":null,"n":0,"x":0,"y":0}
[completion-event] {"processOrdinal":1,"v":1,"event":13,"begin":"9338879209","end":"9338880125","thread":81,"request":77,"reference":null,"job":null,"n":0,"x":0,"y":100}
[completion-event] {"processOrdinal":1,"v":1,"event":10,"begin":"9443331250","end":"9443331417","thread":82,"request":78,"reference":null,"job":null,"n":0,"x":0,"y":0}
[completion-event] {"processOrdinal":1,"v":1,"event":11,"begin":"9443331417","end":"9443333542","thread":82,"request":78,"reference":null,"job":null,"n":0,"x":0,"y":0}
[completion-event] {"processOrdinal":1,"v":1,"event":12,"begin":"9443333542","end":"9443334667","thread":82,"request":78,"reference":null,"job":null,"n":0,"x":0,"y":0}
[completion-event] {"processOrdinal":1,"v":1,"event":13,"begin":"9443334667","end":"9443335875","thread":82,"request":78,"reference":null,"job":null,"n":0,"x":0,"y":100}
[completion-event] {"processOrdinal":1,"v":1,"event":10,"begin":"9547748709","end":"9547748959","thread":83,"request":79,"reference":null,"job":null,"n":0,"x":0,"y":0}
[completion-event] {"processOrdinal":1,"v":1,"event":11,"begin":"9547748959","end":"9547751042","thread":83,"request":79,"reference":null,"job":null,"n":0,"x":0,"y":0}
[completion-event] {"processOrdinal":1,"v":1,"event":12,"begin":"9547751042","end":"9547752250","thread":83,"request":79,"reference":null,"job":null,"n":0,"x":0,"y":0}
[completion-event] {"processOrdinal":1,"v":1,"event":13,"begin":"9547752250","end":"9547753584","thread":83,"request":79,"reference":null,"job":null,"n":0,"x":0,"y":100}
[completion-event] {"processOrdinal":1,"v":1,"event":10,"begin":"9651729125","end":"9651729292","thread":84,"request":80,"reference":null,"job":null,"n":0,"x":0,"y":0}
[completion-event] {"processOrdinal":1,"v":1,"event":11,"begin":"9651729292","end":"9651731709","thread":84,"request":80,"reference":null,"job":null,"n":0,"x":0,"y":0}
[completion-event] {"processOrdinal":1,"v":1,"event":12,"begin":"9651731709","end":"9651733042","thread":84,"request":80,"reference":null,"job":null,"n":0,"x":0,"y":0}
[completion-event] {"processOrdinal":1,"v":1,"event":13,"begin":"9651733042","end":"9651734292","thread":84,"request":80,"reference":null,"job":null,"n":0,"x":0,"y":100}
[completion-event] {"processOrdinal":1,"v":1,"event":10,"begin":"9756371834","end":"9756371917","thread":85,"request":81,"reference":null,"job":null,"n":0,"x":0,"y":0}
[completion-event] {"processOrdinal":1,"v":1,"event":11,"begin":"9756371917","end":"9756374167","thread":85,"request":81,"reference":null,"job":null,"n":0,"x":0,"y":0}
[completion-event] {"processOrdinal":1,"v":1,"event":12,"begin":"9756374167","end":"9756375542","thread":85,"request":81,"reference":null,"job":null,"n":0,"x":0,"y":0}
[completion-event] {"processOrdinal":1,"v":1,"event":13,"begin":"9756375542","end":"9756376625","thread":85,"request":81,"reference":null,"job":null,"n":0,"x":0,"y":100}
[completion-event] {"processOrdinal":1,"v":1,"event":10,"begin":"9861317584","end":"9861317750","thread":86,"request":82,"reference":null,"job":null,"n":0,"x":0,"y":0}
[completion-event] {"processOrdinal":1,"v":1,"event":11,"begin":"9861317750","end":"9861319792","thread":86,"request":82,"reference":null,"job":null,"n":0,"x":0,"y":0}
[completion-event] {"processOrdinal":1,"v":1,"event":12,"begin":"9861319792","end":"9861320792","thread":86,"request":82,"reference":null,"job":null,"n":0,"x":0,"y":0}
[completion-event] {"processOrdinal":1,"v":1,"event":13,"begin":"9861320792","end":"9861321917","thread":86,"request":82,"reference":null,"job":null,"n":0,"x":0,"y":100}
[completion-event] {"processOrdinal":1,"v":1,"event":10,"begin":"9965271459","end":"9975051500","thread":87,"request":83,"reference":null,"job":null,"n":2,"x":1,"y":0}
[completion-event] {"processOrdinal":1,"v":1,"event":11,"begin":"9975051500","end":"9975061125","thread":87,"request":83,"reference":null,"job":null,"n":1,"x":0,"y":0}
[completion-event] {"processOrdinal":1,"v":1,"event":12,"begin":"9975061125","end":"9975062750","thread":87,"request":83,"reference":null,"job":null,"n":1,"x":0,"y":0}
[completion-event] {"processOrdinal":1,"v":1,"event":13,"begin":"9975062750","end":"9975066084","thread":87,"request":83,"reference":null,"job":null,"n":1,"x":0,"y":100}
[completion-event] {"processOrdinal":1,"v":1,"event":1,"begin":"10156801125","end":"10156801125","thread":88,"request":0,"reference":"32ba4e167976329c0d0704e438fab0e1bb94f10bab409955ace5dcab8d7590df","job":null,"n":0,"x":0,"y":0}
[completion-event] {"processOrdinal":1,"v":1,"event":1,"begin":"10159338292","end":"10159338292","thread":88,"request":0,"reference":"63063d560206d107b4cdb5792edd9ce0e3da2f53034f35b790781db63b0b3fe0","job":null,"n":0,"x":0,"y":0}
[completion-event] {"processOrdinal":1,"v":1,"event":1,"begin":"10182150250","end":"10182150250","thread":88,"request":0,"reference":"583555c49d83f48dea696d8dc383dde19cb051aeda0e890c55d88fa2329d4ac2","job":null,"n":0,"x":0,"y":0}
[completion-event] {"processOrdinal":1,"v":1,"event":1,"begin":"10183945542","end":"10183945542","thread":88,"request":0,"reference":"87abf3cc287be77f190d699b5a4d455f5632127a9b2bd222f48f32910cf0ebe1","job":null,"n":0,"x":0,"y":0}
[completion-event] {"processOrdinal":1,"v":1,"event":10,"begin":"10192708584","end":"10202663417","thread":91,"request":84,"reference":null,"job":null,"n":6,"x":1,"y":0}
[completion-event] {"processOrdinal":1,"v":1,"event":11,"begin":"10202663417","end":"10202672959","thread":91,"request":84,"reference":null,"job":null,"n":1,"x":0,"y":0}
[completion-event] {"processOrdinal":1,"v":1,"event":12,"begin":"10202672959","end":"10202674500","thread":91,"request":84,"reference":null,"job":null,"n":1,"x":0,"y":0}
[completion-event] {"processOrdinal":1,"v":1,"event":13,"begin":"10202674500","end":"10202678417","thread":91,"request":84,"reference":null,"job":null,"n":1,"x":0,"y":100}
[completion-event] {"processOrdinal":1,"v":1,"event":10,"begin":"10310112084","end":"10319886417","thread":92,"request":85,"reference":null,"job":null,"n":6,"x":1,"y":0}
[completion-event] {"processOrdinal":1,"v":1,"event":11,"begin":"10319886417","end":"10319897459","thread":92,"request":85,"reference":null,"job":null,"n":1,"x":0,"y":0}
[completion-event] {"processOrdinal":1,"v":1,"event":12,"begin":"10319897459","end":"10319899000","thread":92,"request":85,"reference":null,"job":null,"n":1,"x":0,"y":0}
[completion-event] {"processOrdinal":1,"v":1,"event":13,"begin":"10319899000","end":"10319902542","thread":92,"request":85,"reference":null,"job":null,"n":1,"x":0,"y":100}
[completion-event] {"processOrdinal":1,"v":1,"event":10,"begin":"10427447000","end":"10437526417","thread":93,"request":86,"reference":null,"job":null,"n":6,"x":1,"y":0}
[completion-event] {"processOrdinal":1,"v":1,"event":11,"begin":"10437526417","end":"10437537209","thread":93,"request":86,"reference":null,"job":null,"n":1,"x":0,"y":0}
[completion-event] {"processOrdinal":1,"v":1,"event":12,"begin":"10437537209","end":"10437538625","thread":93,"request":86,"reference":null,"job":null,"n":1,"x":0,"y":0}
[completion-event] {"processOrdinal":1,"v":1,"event":13,"begin":"10437538625","end":"10437541959","thread":93,"request":86,"reference":null,"job":null,"n":1,"x":0,"y":100}
[completion-event] {"processOrdinal":1,"v":1,"event":10,"begin":"10543616667","end":"10553467625","thread":94,"request":87,"reference":null,"job":null,"n":6,"x":1,"y":0}
[completion-event] {"processOrdinal":1,"v":1,"event":11,"begin":"10553467625","end":"10553478459","thread":94,"request":87,"reference":null,"job":null,"n":1,"x":0,"y":0}
[completion-event] {"processOrdinal":1,"v":1,"event":12,"begin":"10553478459","end":"10553479959","thread":94,"request":87,"reference":null,"job":null,"n":1,"x":0,"y":0}
[completion-event] {"processOrdinal":1,"v":1,"event":13,"begin":"10553479959","end":"10553483667","thread":94,"request":87,"reference":null,"job":null,"n":1,"x":0,"y":100}
[completion-event] {"processOrdinal":1,"v":1,"event":10,"begin":"10658732334","end":"10668373834","thread":95,"request":88,"reference":null,"job":null,"n":6,"x":1,"y":0}
[completion-event] {"processOrdinal":1,"v":1,"event":11,"begin":"10668373834","end":"10668384000","thread":95,"request":88,"reference":null,"job":null,"n":1,"x":0,"y":0}
[completion-event] {"processOrdinal":1,"v":1,"event":12,"begin":"10668384000","end":"10668386250","thread":95,"request":88,"reference":null,"job":null,"n":1,"x":0,"y":0}
[completion-event] {"processOrdinal":1,"v":1,"event":13,"begin":"10668386250","end":"10668390042","thread":95,"request":88,"reference":null,"job":null,"n":1,"x":0,"y":100}
[completion-event] {"processOrdinal":1,"v":1,"event":10,"begin":"10773939250","end":"10783573584","thread":96,"request":89,"reference":null,"job":null,"n":6,"x":1,"y":0}
[completion-event] {"processOrdinal":1,"v":1,"event":11,"begin":"10783573584","end":"10783583084","thread":96,"request":89,"reference":null,"job":null,"n":1,"x":0,"y":0}
[completion-event] {"processOrdinal":1,"v":1,"event":12,"begin":"10783583084","end":"10783584625","thread":96,"request":89,"reference":null,"job":null,"n":1,"x":0,"y":0}
[completion-event] {"processOrdinal":1,"v":1,"event":13,"begin":"10783584625","end":"10783587750","thread":96,"request":89,"reference":null,"job":null,"n":1,"x":0,"y":100}
[completion-event] {"processOrdinal":1,"v":1,"event":10,"begin":"10889194875","end":"10898830417","thread":97,"request":90,"reference":null,"job":null,"n":6,"x":1,"y":0}
[completion-event] {"processOrdinal":1,"v":1,"event":11,"begin":"10898830417","end":"10898841084","thread":97,"request":90,"reference":null,"job":null,"n":1,"x":0,"y":0}
[completion-event] {"processOrdinal":1,"v":1,"event":12,"begin":"10898841084","end":"10898842542","thread":97,"request":90,"reference":null,"job":null,"n":1,"x":0,"y":0}
[completion-event] {"processOrdinal":1,"v":1,"event":13,"begin":"10898842542","end":"10898846292","thread":97,"request":90,"reference":null,"job":null,"n":1,"x":0,"y":100}
[completion-event] {"processOrdinal":1,"v":1,"event":10,"begin":"11005391042","end":"11015125000","thread":98,"request":91,"reference":null,"job":null,"n":6,"x":1,"y":0}
[completion-event] {"processOrdinal":1,"v":1,"event":11,"begin":"11015125000","end":"11015135917","thread":98,"request":91,"reference":null,"job":null,"n":1,"x":0,"y":0}
[completion-event] {"processOrdinal":1,"v":1,"event":12,"begin":"11015135917","end":"11015137750","thread":98,"request":91,"reference":null,"job":null,"n":1,"x":0,"y":0}
[completion-event] {"processOrdinal":1,"v":1,"event":13,"begin":"11015137750","end":"11015141625","thread":98,"request":91,"reference":null,"job":null,"n":1,"x":0,"y":100}
[completion-event] {"processOrdinal":1,"v":1,"event":10,"begin":"11121940584","end":"11131664000","thread":99,"request":92,"reference":null,"job":null,"n":6,"x":1,"y":0}
[completion-event] {"processOrdinal":1,"v":1,"event":11,"begin":"11131664000","end":"11131674875","thread":99,"request":92,"reference":null,"job":null,"n":1,"x":0,"y":0}
[completion-event] {"processOrdinal":1,"v":1,"event":12,"begin":"11131674875","end":"11131676375","thread":99,"request":92,"reference":null,"job":null,"n":1,"x":0,"y":0}
[completion-event] {"processOrdinal":1,"v":1,"event":13,"begin":"11131676375","end":"11131679959","thread":99,"request":92,"reference":null,"job":null,"n":1,"x":0,"y":100}
[completion-event] {"processOrdinal":1,"v":1,"event":10,"begin":"11237939542","end":"11247879959","thread":100,"request":93,"reference":null,"job":null,"n":6,"x":1,"y":0}
[completion-event] {"processOrdinal":1,"v":1,"event":11,"begin":"11247879959","end":"11247889125","thread":100,"request":93,"reference":null,"job":null,"n":1,"x":0,"y":0}
[completion-event] {"processOrdinal":1,"v":1,"event":12,"begin":"11247889125","end":"11247890584","thread":100,"request":93,"reference":null,"job":null,"n":1,"x":0,"y":0}
[completion-event] {"processOrdinal":1,"v":1,"event":13,"begin":"11247890584","end":"11247893417","thread":100,"request":93,"reference":null,"job":null,"n":1,"x":0,"y":100}
[completion-event] {"processOrdinal":1,"v":1,"event":10,"begin":"11354581167","end":"11364557709","thread":101,"request":94,"reference":null,"job":null,"n":6,"x":1,"y":0}
[completion-event] {"processOrdinal":1,"v":1,"event":11,"begin":"11364557709","end":"11364568250","thread":101,"request":94,"reference":null,"job":null,"n":1,"x":0,"y":0}
[completion-event] {"processOrdinal":1,"v":1,"event":12,"begin":"11364568250","end":"11364569792","thread":101,"request":94,"reference":null,"job":null,"n":1,"x":0,"y":0}
[completion-event] {"processOrdinal":1,"v":1,"event":13,"begin":"11364569792","end":"11364574000","thread":101,"request":94,"reference":null,"job":null,"n":1,"x":0,"y":100}
[completion-event] {"processOrdinal":1,"v":1,"event":10,"begin":"11469463875","end":"11479840334","thread":102,"request":95,"reference":null,"job":null,"n":6,"x":1,"y":0}
[completion-event] {"processOrdinal":1,"v":1,"event":11,"begin":"11479840334","end":"11479851000","thread":102,"request":95,"reference":null,"job":null,"n":1,"x":0,"y":0}
[completion-event] {"processOrdinal":1,"v":1,"event":12,"begin":"11479851000","end":"11479852334","thread":102,"request":95,"reference":null,"job":null,"n":1,"x":0,"y":0}
[completion-event] {"processOrdinal":1,"v":1,"event":13,"begin":"11479852334","end":"11479856250","thread":102,"request":95,"reference":null,"job":null,"n":1,"x":0,"y":100}
[completion-event] {"processOrdinal":1,"v":1,"event":10,"begin":"11586447709","end":"11596209125","thread":103,"request":96,"reference":null,"job":null,"n":6,"x":1,"y":0}
[completion-event] {"processOrdinal":1,"v":1,"event":11,"begin":"11596209125","end":"11596219042","thread":103,"request":96,"reference":null,"job":null,"n":1,"x":0,"y":0}
[completion-event] {"processOrdinal":1,"v":1,"event":12,"begin":"11596219042","end":"11596220917","thread":103,"request":96,"reference":null,"job":null,"n":1,"x":0,"y":0}
[completion-event] {"processOrdinal":1,"v":1,"event":13,"begin":"11596220917","end":"11596224334","thread":103,"request":96,"reference":null,"job":null,"n":1,"x":0,"y":100}
[completion-event] {"processOrdinal":1,"v":1,"event":10,"begin":"11701929542","end":"11711874709","thread":104,"request":97,"reference":null,"job":null,"n":6,"x":1,"y":0}
[completion-event] {"processOrdinal":1,"v":1,"event":11,"begin":"11711874709","end":"11711885084","thread":104,"request":97,"reference":null,"job":null,"n":1,"x":0,"y":0}
[completion-event] {"processOrdinal":1,"v":1,"event":12,"begin":"11711885084","end":"11711886709","thread":104,"request":97,"reference":null,"job":null,"n":1,"x":0,"y":0}
[completion-event] {"processOrdinal":1,"v":1,"event":13,"begin":"11711886709","end":"11711890500","thread":104,"request":97,"reference":null,"job":null,"n":1,"x":0,"y":100}
[completion-event] {"processOrdinal":1,"v":1,"event":10,"begin":"11818824584","end":"11828494459","thread":105,"request":98,"reference":null,"job":null,"n":6,"x":1,"y":0}
[completion-event] {"processOrdinal":1,"v":1,"event":11,"begin":"11828494459","end":"11828504292","thread":105,"request":98,"reference":null,"job":null,"n":1,"x":0,"y":0}
[completion-event] {"processOrdinal":1,"v":1,"event":12,"begin":"11828504292","end":"11828505875","thread":105,"request":98,"reference":null,"job":null,"n":1,"x":0,"y":0}
[completion-event] {"processOrdinal":1,"v":1,"event":13,"begin":"11828505875","end":"11828509125","thread":105,"request":98,"reference":null,"job":null,"n":1,"x":0,"y":100}
[completion-event] {"processOrdinal":1,"v":1,"event":10,"begin":"11935285250","end":"11944994334","thread":106,"request":99,"reference":null,"job":null,"n":6,"x":1,"y":0}
[completion-event] {"processOrdinal":1,"v":1,"event":11,"begin":"11944994334","end":"11945004042","thread":106,"request":99,"reference":null,"job":null,"n":1,"x":0,"y":0}
[completion-event] {"processOrdinal":1,"v":1,"event":12,"begin":"11945004042","end":"11945005584","thread":106,"request":99,"reference":null,"job":null,"n":1,"x":0,"y":0}
[completion-event] {"processOrdinal":1,"v":1,"event":13,"begin":"11945005584","end":"11945009167","thread":106,"request":99,"reference":null,"job":null,"n":1,"x":0,"y":100}
[completion-event] {"processOrdinal":1,"v":1,"event":10,"begin":"12051887500","end":"12061933334","thread":107,"request":100,"reference":null,"job":null,"n":6,"x":1,"y":0}
[completion-event] {"processOrdinal":1,"v":1,"event":11,"begin":"12061933334","end":"12061944125","thread":107,"request":100,"reference":null,"job":null,"n":1,"x":0,"y":0}
[completion-event] {"processOrdinal":1,"v":1,"event":12,"begin":"12061944125","end":"12061945459","thread":107,"request":100,"reference":null,"job":null,"n":1,"x":0,"y":0}
[completion-event] {"processOrdinal":1,"v":1,"event":13,"begin":"12061945459","end":"12061949042","thread":107,"request":100,"reference":null,"job":null,"n":1,"x":0,"y":100}
[completion-event] {"processOrdinal":1,"v":1,"event":10,"begin":"12168892500","end":"12178594125","thread":108,"request":101,"reference":null,"job":null,"n":6,"x":1,"y":0}
[completion-event] {"processOrdinal":1,"v":1,"event":11,"begin":"12178594125","end":"12178604625","thread":108,"request":101,"reference":null,"job":null,"n":1,"x":0,"y":0}
[completion-event] {"processOrdinal":1,"v":1,"event":12,"begin":"12178604625","end":"12178606250","thread":108,"request":101,"reference":null,"job":null,"n":1,"x":0,"y":0}
[completion-event] {"processOrdinal":1,"v":1,"event":13,"begin":"12178606250","end":"12178610375","thread":108,"request":101,"reference":null,"job":null,"n":1,"x":0,"y":100}
[completion-event] {"processOrdinal":1,"v":1,"event":10,"begin":"12285205584","end":"12296283875","thread":109,"request":102,"reference":null,"job":null,"n":6,"x":1,"y":0}
[completion-event] {"processOrdinal":1,"v":1,"event":11,"begin":"12296283875","end":"12296292792","thread":109,"request":102,"reference":null,"job":null,"n":1,"x":0,"y":0}
[completion-event] {"processOrdinal":1,"v":1,"event":12,"begin":"12296292792","end":"12296294125","thread":109,"request":102,"reference":null,"job":null,"n":1,"x":0,"y":0}
[completion-event] {"processOrdinal":1,"v":1,"event":13,"begin":"12296294125","end":"12296297459","thread":109,"request":102,"reference":null,"job":null,"n":1,"x":0,"y":100}
[completion-event] {"processOrdinal":1,"v":1,"event":10,"begin":"12401857500","end":"12411500292","thread":110,"request":103,"reference":null,"job":null,"n":6,"x":1,"y":0}
[completion-event] {"processOrdinal":1,"v":1,"event":11,"begin":"12411500292","end":"12411510375","thread":110,"request":103,"reference":null,"job":null,"n":1,"x":0,"y":0}
[completion-event] {"processOrdinal":1,"v":1,"event":12,"begin":"12411510375","end":"12411512000","thread":110,"request":103,"reference":null,"job":null,"n":1,"x":0,"y":0}
[completion-event] {"processOrdinal":1,"v":1,"event":13,"begin":"12411512000","end":"12411516000","thread":110,"request":103,"reference":null,"job":null,"n":1,"x":0,"y":100}
[completion-event] {"processOrdinal":1,"v":1,"event":10,"begin":"12517629209","end":"12527038167","thread":111,"request":104,"reference":null,"job":null,"n":6,"x":1,"y":0}
[completion-event] {"processOrdinal":1,"v":1,"event":11,"begin":"12527038167","end":"12527047042","thread":111,"request":104,"reference":null,"job":null,"n":1,"x":0,"y":0}
[completion-event] {"processOrdinal":1,"v":1,"event":12,"begin":"12527047042","end":"12527048292","thread":111,"request":104,"reference":null,"job":null,"n":1,"x":0,"y":0}
[completion-event] {"processOrdinal":1,"v":1,"event":13,"begin":"12527048292","end":"12527051750","thread":111,"request":104,"reference":null,"job":null,"n":1,"x":0,"y":100}
[completion-event] {"processOrdinal":1,"v":1,"event":10,"begin":"12633696167","end":"12643498292","thread":112,"request":105,"reference":null,"job":null,"n":6,"x":1,"y":0}
[completion-event] {"processOrdinal":1,"v":1,"event":11,"begin":"12643498292","end":"12643508500","thread":112,"request":105,"reference":null,"job":null,"n":1,"x":0,"y":0}
[completion-event] {"processOrdinal":1,"v":1,"event":12,"begin":"12643508500","end":"12643510125","thread":112,"request":105,"reference":null,"job":null,"n":1,"x":0,"y":0}
[completion-event] {"processOrdinal":1,"v":1,"event":13,"begin":"12643510125","end":"12643513542","thread":112,"request":105,"reference":null,"job":null,"n":1,"x":0,"y":100}
[completion-event] {"processOrdinal":1,"v":1,"event":10,"begin":"12750111375","end":"12760126792","thread":113,"request":106,"reference":null,"job":null,"n":6,"x":1,"y":0}
[completion-event] {"processOrdinal":1,"v":1,"event":11,"begin":"12760126792","end":"12760136959","thread":113,"request":106,"reference":null,"job":null,"n":1,"x":0,"y":0}
[completion-event] {"processOrdinal":1,"v":1,"event":12,"begin":"12760136959","end":"12760138125","thread":113,"request":106,"reference":null,"job":null,"n":1,"x":0,"y":0}
[completion-event] {"processOrdinal":1,"v":1,"event":13,"begin":"12760138125","end":"12760141417","thread":113,"request":106,"reference":null,"job":null,"n":1,"x":0,"y":100}
[completion-event] {"processOrdinal":1,"v":1,"event":10,"begin":"12865129292","end":"12875039750","thread":114,"request":107,"reference":null,"job":null,"n":6,"x":1,"y":0}
[completion-event] {"processOrdinal":1,"v":1,"event":11,"begin":"12875039750","end":"12875049459","thread":114,"request":107,"reference":null,"job":null,"n":1,"x":0,"y":0}
[completion-event] {"processOrdinal":1,"v":1,"event":12,"begin":"12875049459","end":"12875050750","thread":114,"request":107,"reference":null,"job":null,"n":1,"x":0,"y":0}
[completion-event] {"processOrdinal":1,"v":1,"event":13,"begin":"12875050750","end":"12875054292","thread":114,"request":107,"reference":null,"job":null,"n":1,"x":0,"y":100}
[completion-event] {"processOrdinal":1,"v":1,"event":10,"begin":"12981945375","end":"12991772834","thread":115,"request":108,"reference":null,"job":null,"n":6,"x":1,"y":0}
[completion-event] {"processOrdinal":1,"v":1,"event":11,"begin":"12991772834","end":"12991782542","thread":115,"request":108,"reference":null,"job":null,"n":1,"x":0,"y":0}
[completion-event] {"processOrdinal":1,"v":1,"event":12,"begin":"12991782542","end":"12991784292","thread":115,"request":108,"reference":null,"job":null,"n":1,"x":0,"y":0}
[completion-event] {"processOrdinal":1,"v":1,"event":13,"begin":"12991784292","end":"12991787750","thread":115,"request":108,"reference":null,"job":null,"n":1,"x":0,"y":100}
[completion-event] {"processOrdinal":1,"v":1,"event":10,"begin":"13098530125","end":"13108531667","thread":116,"request":109,"reference":null,"job":null,"n":6,"x":1,"y":0}
[completion-event] {"processOrdinal":1,"v":1,"event":11,"begin":"13108531667","end":"13108542459","thread":116,"request":109,"reference":null,"job":null,"n":1,"x":0,"y":0}
[completion-event] {"processOrdinal":1,"v":1,"event":12,"begin":"13108542459","end":"13108544125","thread":116,"request":109,"reference":null,"job":null,"n":1,"x":0,"y":0}
[completion-event] {"processOrdinal":1,"v":1,"event":13,"begin":"13108544125","end":"13108548292","thread":116,"request":109,"reference":null,"job":null,"n":1,"x":0,"y":100}
[completion-event] {"processOrdinal":1,"v":1,"event":10,"begin":"13214389584","end":"13224655209","thread":117,"request":110,"reference":null,"job":null,"n":6,"x":1,"y":0}
[completion-event] {"processOrdinal":1,"v":1,"event":11,"begin":"13224655209","end":"13224669042","thread":117,"request":110,"reference":null,"job":null,"n":1,"x":0,"y":0}
[completion-event] {"processOrdinal":1,"v":1,"event":12,"begin":"13224669042","end":"13224671250","thread":117,"request":110,"reference":null,"job":null,"n":1,"x":0,"y":0}
[completion-event] {"processOrdinal":1,"v":1,"event":13,"begin":"13224671250","end":"13224675292","thread":117,"request":110,"reference":null,"job":null,"n":1,"x":0,"y":100}
[completion-event] {"processOrdinal":1,"v":1,"event":10,"begin":"13330088959","end":"13339786209","thread":118,"request":111,"reference":null,"job":null,"n":6,"x":1,"y":0}
[completion-event] {"processOrdinal":1,"v":1,"event":11,"begin":"13339786209","end":"13339797417","thread":118,"request":111,"reference":null,"job":null,"n":1,"x":0,"y":0}
[completion-event] {"processOrdinal":1,"v":1,"event":12,"begin":"13339797417","end":"13339799042","thread":118,"request":111,"reference":null,"job":null,"n":1,"x":0,"y":0}
[completion-event] {"processOrdinal":1,"v":1,"event":13,"begin":"13339799042","end":"13339802500","thread":118,"request":111,"reference":null,"job":null,"n":1,"x":0,"y":100}
[completion-event] {"processOrdinal":1,"v":1,"event":10,"begin":"13447035209","end":"13456839250","thread":119,"request":112,"reference":null,"job":null,"n":6,"x":1,"y":0}
[completion-event] {"processOrdinal":1,"v":1,"event":11,"begin":"13456839250","end":"13456849625","thread":119,"request":112,"reference":null,"job":null,"n":1,"x":0,"y":0}
[completion-event] {"processOrdinal":1,"v":1,"event":12,"begin":"13456849625","end":"13456851292","thread":119,"request":112,"reference":null,"job":null,"n":1,"x":0,"y":0}
[completion-event] {"processOrdinal":1,"v":1,"event":13,"begin":"13456851292","end":"13456854834","thread":119,"request":112,"reference":null,"job":null,"n":1,"x":0,"y":100}
[completion-event] {"processOrdinal":1,"v":1,"event":10,"begin":"13563411209","end":"13573152375","thread":120,"request":113,"reference":null,"job":null,"n":6,"x":1,"y":0}
[completion-event] {"processOrdinal":1,"v":1,"event":11,"begin":"13573152375","end":"13573163709","thread":120,"request":113,"reference":null,"job":null,"n":1,"x":0,"y":0}
[completion-event] {"processOrdinal":1,"v":1,"event":12,"begin":"13573163709","end":"13573165167","thread":120,"request":113,"reference":null,"job":null,"n":1,"x":0,"y":0}
[completion-event] {"processOrdinal":1,"v":1,"event":13,"begin":"13573165167","end":"13573168834","thread":120,"request":113,"reference":null,"job":null,"n":1,"x":0,"y":100}
[completion-event] {"processOrdinal":1,"v":1,"event":10,"begin":"13680047417","end":"13690014959","thread":121,"request":114,"reference":null,"job":null,"n":6,"x":1,"y":0}
[completion-event] {"processOrdinal":1,"v":1,"event":11,"begin":"13690014959","end":"13690025000","thread":121,"request":114,"reference":null,"job":null,"n":1,"x":0,"y":0}
[completion-event] {"processOrdinal":1,"v":1,"event":12,"begin":"13690025000","end":"13690026584","thread":121,"request":114,"reference":null,"job":null,"n":1,"x":0,"y":0}
[completion-event] {"processOrdinal":1,"v":1,"event":13,"begin":"13690026584","end":"13690030125","thread":121,"request":114,"reference":null,"job":null,"n":1,"x":0,"y":100}
[completion-event] {"processOrdinal":1,"v":1,"event":10,"begin":"13796638917","end":"13806682000","thread":122,"request":115,"reference":null,"job":null,"n":6,"x":1,"y":0}
[completion-event] {"processOrdinal":1,"v":1,"event":11,"begin":"13806682000","end":"13806702167","thread":122,"request":115,"reference":null,"job":null,"n":1,"x":0,"y":0}
[completion-event] {"processOrdinal":1,"v":1,"event":12,"begin":"13806702167","end":"13806704792","thread":122,"request":115,"reference":null,"job":null,"n":1,"x":0,"y":0}
[completion-event] {"processOrdinal":1,"v":1,"event":13,"begin":"13806704792","end":"13806710292","thread":122,"request":115,"reference":null,"job":null,"n":1,"x":0,"y":100}
[completion-event] {"processOrdinal":1,"v":1,"event":10,"begin":"13911880250","end":"13921821459","thread":123,"request":116,"reference":null,"job":null,"n":6,"x":1,"y":0}
[completion-event] {"processOrdinal":1,"v":1,"event":11,"begin":"13921821459","end":"13921831084","thread":123,"request":116,"reference":null,"job":null,"n":1,"x":0,"y":0}
[completion-event] {"processOrdinal":1,"v":1,"event":12,"begin":"13921831084","end":"13921832667","thread":123,"request":116,"reference":null,"job":null,"n":1,"x":0,"y":0}
[completion-event] {"processOrdinal":1,"v":1,"event":13,"begin":"13921832667","end":"13921836750","thread":123,"request":116,"reference":null,"job":null,"n":1,"x":0,"y":100}
[completion-event] {"processOrdinal":1,"v":1,"event":10,"begin":"14028907042","end":"14038684917","thread":124,"request":117,"reference":null,"job":null,"n":6,"x":1,"y":0}
[completion-event] {"processOrdinal":1,"v":1,"event":11,"begin":"14038684917","end":"14038694542","thread":124,"request":117,"reference":null,"job":null,"n":1,"x":0,"y":0}
[completion-event] {"processOrdinal":1,"v":1,"event":12,"begin":"14038694542","end":"14038695834","thread":124,"request":117,"reference":null,"job":null,"n":1,"x":0,"y":0}
[completion-event] {"processOrdinal":1,"v":1,"event":13,"begin":"14038695834","end":"14038699000","thread":124,"request":117,"reference":null,"job":null,"n":1,"x":0,"y":100}
[completion-event] {"processOrdinal":1,"v":1,"event":10,"begin":"14143813250","end":"14153958042","thread":125,"request":118,"reference":null,"job":null,"n":6,"x":1,"y":0}
[completion-event] {"processOrdinal":1,"v":1,"event":11,"begin":"14153958042","end":"14153968625","thread":125,"request":118,"reference":null,"job":null,"n":1,"x":0,"y":0}
[completion-event] {"processOrdinal":1,"v":1,"event":12,"begin":"14153968625","end":"14153970334","thread":125,"request":118,"reference":null,"job":null,"n":1,"x":0,"y":0}
[completion-event] {"processOrdinal":1,"v":1,"event":13,"begin":"14153970334","end":"14153974209","thread":125,"request":118,"reference":null,"job":null,"n":1,"x":0,"y":100}
[completion-event] {"processOrdinal":1,"v":1,"event":10,"begin":"14261186000","end":"14271079000","thread":126,"request":119,"reference":null,"job":null,"n":6,"x":1,"y":0}
[completion-event] {"processOrdinal":1,"v":1,"event":11,"begin":"14271079000","end":"14271088709","thread":126,"request":119,"reference":null,"job":null,"n":1,"x":0,"y":0}
[completion-event] {"processOrdinal":1,"v":1,"event":12,"begin":"14271088709","end":"14271090250","thread":126,"request":119,"reference":null,"job":null,"n":1,"x":0,"y":0}
[completion-event] {"processOrdinal":1,"v":1,"event":13,"begin":"14271090250","end":"14271093459","thread":126,"request":119,"reference":null,"job":null,"n":1,"x":0,"y":100}
[completion-event] {"processOrdinal":1,"v":1,"event":10,"begin":"14376869750","end":"14386521709","thread":127,"request":120,"reference":null,"job":null,"n":6,"x":1,"y":0}
[completion-event] {"processOrdinal":1,"v":1,"event":11,"begin":"14386521709","end":"14386532334","thread":127,"request":120,"reference":null,"job":null,"n":1,"x":0,"y":0}
[completion-event] {"processOrdinal":1,"v":1,"event":12,"begin":"14386532334","end":"14386533959","thread":127,"request":120,"reference":null,"job":null,"n":1,"x":0,"y":0}
[completion-event] {"processOrdinal":1,"v":1,"event":13,"begin":"14386533959","end":"14386537500","thread":127,"request":120,"reference":null,"job":null,"n":1,"x":0,"y":100}
[completion-event] {"processOrdinal":1,"v":1,"event":10,"begin":"14492658250","end":"14502426084","thread":128,"request":121,"reference":null,"job":null,"n":6,"x":1,"y":0}
[completion-event] {"processOrdinal":1,"v":1,"event":11,"begin":"14502426084","end":"14502435667","thread":128,"request":121,"reference":null,"job":null,"n":1,"x":0,"y":0}
[completion-event] {"processOrdinal":1,"v":1,"event":12,"begin":"14502435667","end":"14502437167","thread":128,"request":121,"reference":null,"job":null,"n":1,"x":0,"y":0}
[completion-event] {"processOrdinal":1,"v":1,"event":13,"begin":"14502437167","end":"14502440209","thread":128,"request":121,"reference":null,"job":null,"n":1,"x":0,"y":100}
[completion-event] {"processOrdinal":1,"v":1,"event":10,"begin":"14609101917","end":"14619028709","thread":129,"request":122,"reference":null,"job":null,"n":6,"x":1,"y":0}
[completion-event] {"processOrdinal":1,"v":1,"event":11,"begin":"14619028709","end":"14619039959","thread":129,"request":122,"reference":null,"job":null,"n":1,"x":0,"y":0}
[completion-event] {"processOrdinal":1,"v":1,"event":12,"begin":"14619039959","end":"14619041667","thread":129,"request":122,"reference":null,"job":null,"n":1,"x":0,"y":0}
[completion-event] {"processOrdinal":1,"v":1,"event":13,"begin":"14619041667","end":"14619046167","thread":129,"request":122,"reference":null,"job":null,"n":1,"x":0,"y":100}
[completion-event] {"processOrdinal":1,"v":1,"event":10,"begin":"14726132834","end":"14736327375","thread":130,"request":123,"reference":null,"job":null,"n":6,"x":1,"y":0}
[completion-event] {"processOrdinal":1,"v":1,"event":11,"begin":"14736327375","end":"14736337667","thread":130,"request":123,"reference":null,"job":null,"n":1,"x":0,"y":0}
[completion-event] {"processOrdinal":1,"v":1,"event":12,"begin":"14736337667","end":"14736339500","thread":130,"request":123,"reference":null,"job":null,"n":1,"x":0,"y":0}
[completion-event] {"processOrdinal":1,"v":1,"event":13,"begin":"14736339500","end":"14736343500","thread":130,"request":123,"reference":null,"job":null,"n":1,"x":0,"y":100}
[completion-event] {"processOrdinal":1,"v":1,"event":10,"begin":"14844244542","end":"14854835750","thread":131,"request":124,"reference":null,"job":null,"n":6,"x":1,"y":0}
[completion-event] {"processOrdinal":1,"v":1,"event":11,"begin":"14854835750","end":"14854846000","thread":131,"request":124,"reference":null,"job":null,"n":1,"x":0,"y":0}
[completion-event] {"processOrdinal":1,"v":1,"event":12,"begin":"14854846000","end":"14854847375","thread":131,"request":124,"reference":null,"job":null,"n":1,"x":0,"y":0}
[completion-event] {"processOrdinal":1,"v":1,"event":13,"begin":"14854847375","end":"14854851084","thread":131,"request":124,"reference":null,"job":null,"n":1,"x":0,"y":100}
[completion-event] {"processOrdinal":1,"v":1,"event":10,"begin":"14960160334","end":"14970563834","thread":132,"request":125,"reference":null,"job":null,"n":6,"x":1,"y":0}
[completion-event] {"processOrdinal":1,"v":1,"event":11,"begin":"14970563834","end":"14970574417","thread":132,"request":125,"reference":null,"job":null,"n":1,"x":0,"y":0}
[completion-event] {"processOrdinal":1,"v":1,"event":12,"begin":"14970574417","end":"14970575875","thread":132,"request":125,"reference":null,"job":null,"n":1,"x":0,"y":0}
[completion-event] {"processOrdinal":1,"v":1,"event":13,"begin":"14970575875","end":"14970579084","thread":132,"request":125,"reference":null,"job":null,"n":1,"x":0,"y":100}
[completion-event] {"processOrdinal":1,"v":1,"event":10,"begin":"15076656500","end":"15086488834","thread":133,"request":126,"reference":null,"job":null,"n":6,"x":1,"y":0}
[completion-event] {"processOrdinal":1,"v":1,"event":11,"begin":"15086488834","end":"15086499209","thread":133,"request":126,"reference":null,"job":null,"n":1,"x":0,"y":0}
[completion-event] {"processOrdinal":1,"v":1,"event":12,"begin":"15086499209","end":"15086500792","thread":133,"request":126,"reference":null,"job":null,"n":1,"x":0,"y":0}
[completion-event] {"processOrdinal":1,"v":1,"event":13,"begin":"15086500792","end":"15086504250","thread":133,"request":126,"reference":null,"job":null,"n":1,"x":0,"y":100}
[completion-event] {"processOrdinal":1,"v":1,"event":10,"begin":"15192535167","end":"15202272167","thread":134,"request":127,"reference":null,"job":null,"n":6,"x":1,"y":0}
[completion-event] {"processOrdinal":1,"v":1,"event":11,"begin":"15202272167","end":"15202283084","thread":134,"request":127,"reference":null,"job":null,"n":1,"x":0,"y":0}
[completion-event] {"processOrdinal":1,"v":1,"event":12,"begin":"15202283084","end":"15202284542","thread":134,"request":127,"reference":null,"job":null,"n":1,"x":0,"y":0}
[completion-event] {"processOrdinal":1,"v":1,"event":13,"begin":"15202284542","end":"15202288125","thread":134,"request":127,"reference":null,"job":null,"n":1,"x":0,"y":100}
[completion-event] {"processOrdinal":1,"v":1,"event":10,"begin":"15308690292","end":"15318502084","thread":135,"request":128,"reference":null,"job":null,"n":6,"x":1,"y":0}
[completion-event] {"processOrdinal":1,"v":1,"event":11,"begin":"15318502084","end":"15318513042","thread":135,"request":128,"reference":null,"job":null,"n":1,"x":0,"y":0}
[completion-event] {"processOrdinal":1,"v":1,"event":12,"begin":"15318513042","end":"15318514709","thread":135,"request":128,"reference":null,"job":null,"n":1,"x":0,"y":0}
[completion-event] {"processOrdinal":1,"v":1,"event":13,"begin":"15318514709","end":"15318518334","thread":135,"request":128,"reference":null,"job":null,"n":1,"x":0,"y":100}
[completion-event] {"processOrdinal":1,"v":1,"event":10,"begin":"15424888167","end":"15434577709","thread":136,"request":129,"reference":null,"job":null,"n":6,"x":1,"y":0}
[completion-event] {"processOrdinal":1,"v":1,"event":11,"begin":"15434577709","end":"15434588417","thread":136,"request":129,"reference":null,"job":null,"n":1,"x":0,"y":0}
[completion-event] {"processOrdinal":1,"v":1,"event":12,"begin":"15434588417","end":"15434589750","thread":136,"request":129,"reference":null,"job":null,"n":1,"x":0,"y":0}
[completion-event] {"processOrdinal":1,"v":1,"event":13,"begin":"15434589750","end":"15434592667","thread":136,"request":129,"reference":null,"job":null,"n":1,"x":0,"y":100}
[completion-event] {"processOrdinal":1,"v":1,"event":10,"begin":"15540963875","end":"15554918209","thread":137,"request":130,"reference":null,"job":null,"n":6,"x":1,"y":0}
[completion-event] {"processOrdinal":1,"v":1,"event":11,"begin":"15554918209","end":"15554926959","thread":137,"request":130,"reference":null,"job":null,"n":1,"x":0,"y":0}
[completion-event] {"processOrdinal":1,"v":1,"event":12,"begin":"15554926959","end":"15554928459","thread":137,"request":130,"reference":null,"job":null,"n":1,"x":0,"y":0}
[completion-event] {"processOrdinal":1,"v":1,"event":13,"begin":"15554928459","end":"15554932292","thread":137,"request":130,"reference":null,"job":null,"n":1,"x":0,"y":100}
[completion-event] {"processOrdinal":1,"v":1,"event":10,"begin":"15662195417","end":"15672017834","thread":138,"request":131,"reference":null,"job":null,"n":6,"x":1,"y":0}
[completion-event] {"processOrdinal":1,"v":1,"event":11,"begin":"15672017834","end":"15672027125","thread":138,"request":131,"reference":null,"job":null,"n":1,"x":0,"y":0}
[completion-event] {"processOrdinal":1,"v":1,"event":12,"begin":"15672027125","end":"15672028375","thread":138,"request":131,"reference":null,"job":null,"n":1,"x":0,"y":0}
[completion-event] {"processOrdinal":1,"v":1,"event":13,"begin":"15672028375","end":"15672031959","thread":138,"request":131,"reference":null,"job":null,"n":1,"x":0,"y":100}
[completion-event] {"processOrdinal":1,"v":1,"event":10,"begin":"15778522334","end":"15788440084","thread":139,"request":132,"reference":null,"job":null,"n":6,"x":1,"y":0}
[completion-event] {"processOrdinal":1,"v":1,"event":11,"begin":"15788440084","end":"15788453125","thread":139,"request":132,"reference":null,"job":null,"n":1,"x":0,"y":0}
[completion-event] {"processOrdinal":1,"v":1,"event":12,"begin":"15788453125","end":"15788454875","thread":139,"request":132,"reference":null,"job":null,"n":1,"x":0,"y":0}
[completion-event] {"processOrdinal":1,"v":1,"event":13,"begin":"15788454875","end":"15788459584","thread":139,"request":132,"reference":null,"job":null,"n":1,"x":0,"y":100}
[completion-event] {"processOrdinal":1,"v":1,"event":10,"begin":"15893807334","end":"15903802000","thread":140,"request":133,"reference":null,"job":null,"n":6,"x":1,"y":0}
[completion-event] {"processOrdinal":1,"v":1,"event":11,"begin":"15903802000","end":"15903811834","thread":140,"request":133,"reference":null,"job":null,"n":1,"x":0,"y":0}
[completion-event] {"processOrdinal":1,"v":1,"event":12,"begin":"15903811834","end":"15903813250","thread":140,"request":133,"reference":null,"job":null,"n":1,"x":0,"y":0}
[completion-event] {"processOrdinal":1,"v":1,"event":13,"begin":"15903813250","end":"15903816500","thread":140,"request":133,"reference":null,"job":null,"n":1,"x":0,"y":100}
[completion-event] {"processOrdinal":1,"v":1,"event":10,"begin":"16007830500","end":"16017999667","thread":141,"request":134,"reference":null,"job":null,"n":6,"x":1,"y":0}
[completion-event] {"processOrdinal":1,"v":1,"event":11,"begin":"16017999667","end":"16018008959","thread":141,"request":134,"reference":null,"job":null,"n":1,"x":0,"y":0}
[completion-event] {"processOrdinal":1,"v":1,"event":12,"begin":"16018008959","end":"16018010292","thread":141,"request":134,"reference":null,"job":null,"n":1,"x":0,"y":0}
[completion-event] {"processOrdinal":1,"v":1,"event":13,"begin":"16018010292","end":"16018013125","thread":141,"request":134,"reference":null,"job":null,"n":1,"x":0,"y":100}
[completion-event] {"processOrdinal":1,"v":1,"event":10,"begin":"16125491959","end":"16135378625","thread":142,"request":135,"reference":null,"job":null,"n":6,"x":1,"y":0}
[completion-event] {"processOrdinal":1,"v":1,"event":11,"begin":"16135378625","end":"16135387584","thread":142,"request":135,"reference":null,"job":null,"n":1,"x":0,"y":0}
[completion-event] {"processOrdinal":1,"v":1,"event":12,"begin":"16135387584","end":"16135389000","thread":142,"request":135,"reference":null,"job":null,"n":1,"x":0,"y":0}
[completion-event] {"processOrdinal":1,"v":1,"event":13,"begin":"16135389000","end":"16135392167","thread":142,"request":135,"reference":null,"job":null,"n":1,"x":0,"y":100}
[completion-event] {"processOrdinal":1,"v":1,"event":10,"begin":"16241690709","end":"16251291834","thread":143,"request":136,"reference":null,"job":null,"n":6,"x":1,"y":0}
[completion-event] {"processOrdinal":1,"v":1,"event":11,"begin":"16251291834","end":"16251301167","thread":143,"request":136,"reference":null,"job":null,"n":1,"x":0,"y":0}
[completion-event] {"processOrdinal":1,"v":1,"event":12,"begin":"16251301167","end":"16251302917","thread":143,"request":136,"reference":null,"job":null,"n":1,"x":0,"y":0}
[completion-event] {"processOrdinal":1,"v":1,"event":13,"begin":"16251302917","end":"16251306542","thread":143,"request":136,"reference":null,"job":null,"n":1,"x":0,"y":100}
[completion-event] {"processOrdinal":1,"v":1,"event":10,"begin":"16357811417","end":"16367804959","thread":144,"request":137,"reference":null,"job":null,"n":6,"x":1,"y":0}
[completion-event] {"processOrdinal":1,"v":1,"event":11,"begin":"16367804959","end":"16367815500","thread":144,"request":137,"reference":null,"job":null,"n":1,"x":0,"y":0}
[completion-event] {"processOrdinal":1,"v":1,"event":12,"begin":"16367815500","end":"16367817000","thread":144,"request":137,"reference":null,"job":null,"n":1,"x":0,"y":0}
[completion-event] {"processOrdinal":1,"v":1,"event":13,"begin":"16367817000","end":"16367820750","thread":144,"request":137,"reference":null,"job":null,"n":1,"x":0,"y":100}
[completion-event] {"processOrdinal":1,"v":1,"event":10,"begin":"16474448667","end":"16484365584","thread":145,"request":138,"reference":null,"job":null,"n":6,"x":1,"y":0}
[completion-event] {"processOrdinal":1,"v":1,"event":11,"begin":"16484365584","end":"16484375917","thread":145,"request":138,"reference":null,"job":null,"n":1,"x":0,"y":0}
[completion-event] {"processOrdinal":1,"v":1,"event":12,"begin":"16484375917","end":"16484377709","thread":145,"request":138,"reference":null,"job":null,"n":1,"x":0,"y":0}
[completion-event] {"processOrdinal":1,"v":1,"event":13,"begin":"16484377709","end":"16484381209","thread":145,"request":138,"reference":null,"job":null,"n":1,"x":0,"y":100}
[completion-event] {"processOrdinal":1,"v":1,"event":10,"begin":"16590931250","end":"16600862459","thread":146,"request":139,"reference":null,"job":null,"n":6,"x":1,"y":0}
[completion-event] {"processOrdinal":1,"v":1,"event":11,"begin":"16600862459","end":"16600872917","thread":146,"request":139,"reference":null,"job":null,"n":1,"x":0,"y":0}
[completion-event] {"processOrdinal":1,"v":1,"event":12,"begin":"16600872917","end":"16600875000","thread":146,"request":139,"reference":null,"job":null,"n":1,"x":0,"y":0}
[completion-event] {"processOrdinal":1,"v":1,"event":13,"begin":"16600875000","end":"16600878209","thread":146,"request":139,"reference":null,"job":null,"n":1,"x":0,"y":100}
[completion-event] {"processOrdinal":1,"v":1,"event":10,"begin":"16708204042","end":"16718084417","thread":147,"request":140,"reference":null,"job":null,"n":6,"x":1,"y":0}
[completion-event] {"processOrdinal":1,"v":1,"event":11,"begin":"16718084417","end":"16718095334","thread":147,"request":140,"reference":null,"job":null,"n":1,"x":0,"y":0}
[completion-event] {"processOrdinal":1,"v":1,"event":12,"begin":"16718095334","end":"16718097417","thread":147,"request":140,"reference":null,"job":null,"n":1,"x":0,"y":0}
[completion-event] {"processOrdinal":1,"v":1,"event":13,"begin":"16718097417","end":"16718100959","thread":147,"request":140,"reference":null,"job":null,"n":1,"x":0,"y":100}
[completion-event] {"processOrdinal":1,"v":1,"event":10,"begin":"16825283709","end":"16835209667","thread":148,"request":141,"reference":null,"job":null,"n":6,"x":1,"y":0}
[completion-event] {"processOrdinal":1,"v":1,"event":11,"begin":"16835209667","end":"16835220292","thread":148,"request":141,"reference":null,"job":null,"n":1,"x":0,"y":0}
[completion-event] {"processOrdinal":1,"v":1,"event":12,"begin":"16835220292","end":"16835221917","thread":148,"request":141,"reference":null,"job":null,"n":1,"x":0,"y":0}
[completion-event] {"processOrdinal":1,"v":1,"event":13,"begin":"16835221917","end":"16835225084","thread":148,"request":141,"reference":null,"job":null,"n":1,"x":0,"y":100}
[completion-event] {"processOrdinal":1,"v":1,"event":10,"begin":"16941978709","end":"16952066084","thread":149,"request":142,"reference":null,"job":null,"n":6,"x":1,"y":0}
[completion-event] {"processOrdinal":1,"v":1,"event":11,"begin":"16952066084","end":"16952076667","thread":149,"request":142,"reference":null,"job":null,"n":1,"x":0,"y":0}
[completion-event] {"processOrdinal":1,"v":1,"event":12,"begin":"16952076667","end":"16952078042","thread":149,"request":142,"reference":null,"job":null,"n":1,"x":0,"y":0}
[completion-event] {"processOrdinal":1,"v":1,"event":13,"begin":"16952078042","end":"16952081500","thread":149,"request":142,"reference":null,"job":null,"n":1,"x":0,"y":100}
[completion-event] {"processOrdinal":1,"v":1,"event":10,"begin":"17058120667","end":"17067842084","thread":150,"request":143,"reference":null,"job":null,"n":6,"x":1,"y":0}
[completion-event] {"processOrdinal":1,"v":1,"event":11,"begin":"17067842084","end":"17067852084","thread":150,"request":143,"reference":null,"job":null,"n":1,"x":0,"y":0}
[completion-event] {"processOrdinal":1,"v":1,"event":12,"begin":"17067852084","end":"17067853709","thread":150,"request":143,"reference":null,"job":null,"n":1,"x":0,"y":0}
[completion-event] {"processOrdinal":1,"v":1,"event":13,"begin":"17067853709","end":"17067857750","thread":150,"request":143,"reference":null,"job":null,"n":1,"x":0,"y":100}
[completion-event] {"processOrdinal":1,"v":1,"event":10,"begin":"17172968292","end":"17182567917","thread":151,"request":144,"reference":null,"job":null,"n":6,"x":1,"y":0}
[completion-event] {"processOrdinal":1,"v":1,"event":11,"begin":"17182567917","end":"17182577417","thread":151,"request":144,"reference":null,"job":null,"n":1,"x":0,"y":0}
[completion-event] {"processOrdinal":1,"v":1,"event":12,"begin":"17182577417","end":"17182578834","thread":151,"request":144,"reference":null,"job":null,"n":1,"x":0,"y":0}
[completion-event] {"processOrdinal":1,"v":1,"event":13,"begin":"17182578834","end":"17182581959","thread":151,"request":144,"reference":null,"job":null,"n":1,"x":0,"y":100}
[completion-event] {"processOrdinal":1,"v":1,"event":10,"begin":"17288943625","end":"17299966917","thread":152,"request":145,"reference":null,"job":null,"n":6,"x":1,"y":0}
[completion-event] {"processOrdinal":1,"v":1,"event":11,"begin":"17299966917","end":"17299975584","thread":152,"request":145,"reference":null,"job":null,"n":1,"x":0,"y":0}
[completion-event] {"processOrdinal":1,"v":1,"event":12,"begin":"17299975584","end":"17299977084","thread":152,"request":145,"reference":null,"job":null,"n":1,"x":0,"y":0}
[completion-event] {"processOrdinal":1,"v":1,"event":13,"begin":"17299977084","end":"17299980125","thread":152,"request":145,"reference":null,"job":null,"n":1,"x":0,"y":100}
[completion-event] {"processOrdinal":1,"v":1,"event":10,"begin":"17405903834","end":"17416094709","thread":153,"request":146,"reference":null,"job":null,"n":6,"x":1,"y":0}
[completion-event] {"processOrdinal":1,"v":1,"event":11,"begin":"17416094709","end":"17416105750","thread":153,"request":146,"reference":null,"job":null,"n":1,"x":0,"y":0}
[completion-event] {"processOrdinal":1,"v":1,"event":12,"begin":"17416105750","end":"17416107375","thread":153,"request":146,"reference":null,"job":null,"n":1,"x":0,"y":0}
[completion-event] {"processOrdinal":1,"v":1,"event":13,"begin":"17416107375","end":"17416110834","thread":153,"request":146,"reference":null,"job":null,"n":1,"x":0,"y":100}
[completion-event] {"processOrdinal":1,"v":1,"event":10,"begin":"17522486334","end":"17532432667","thread":154,"request":147,"reference":null,"job":null,"n":6,"x":1,"y":0}
[completion-event] {"processOrdinal":1,"v":1,"event":11,"begin":"17532432667","end":"17532443125","thread":154,"request":147,"reference":null,"job":null,"n":1,"x":0,"y":0}
[completion-event] {"processOrdinal":1,"v":1,"event":12,"begin":"17532443125","end":"17532444834","thread":154,"request":147,"reference":null,"job":null,"n":1,"x":0,"y":0}
[completion-event] {"processOrdinal":1,"v":1,"event":13,"begin":"17532444834","end":"17532448459","thread":154,"request":147,"reference":null,"job":null,"n":1,"x":0,"y":100}
[completion-event] {"processOrdinal":1,"v":1,"event":10,"begin":"17637339250","end":"17647265042","thread":155,"request":148,"reference":null,"job":null,"n":6,"x":1,"y":0}
[completion-event] {"processOrdinal":1,"v":1,"event":11,"begin":"17647265042","end":"17647274334","thread":155,"request":148,"reference":null,"job":null,"n":1,"x":0,"y":0}
[completion-event] {"processOrdinal":1,"v":1,"event":12,"begin":"17647274334","end":"17647275959","thread":155,"request":148,"reference":null,"job":null,"n":1,"x":0,"y":0}
[completion-event] {"processOrdinal":1,"v":1,"event":13,"begin":"17647275959","end":"17647279542","thread":155,"request":148,"reference":null,"job":null,"n":1,"x":0,"y":100}
[completion-event] {"processOrdinal":1,"v":1,"event":10,"begin":"17752000542","end":"17761761209","thread":156,"request":149,"reference":null,"job":null,"n":6,"x":1,"y":0}
[completion-event] {"processOrdinal":1,"v":1,"event":11,"begin":"17761761209","end":"17761771292","thread":156,"request":149,"reference":null,"job":null,"n":1,"x":0,"y":0}
[completion-event] {"processOrdinal":1,"v":1,"event":12,"begin":"17761771292","end":"17761773000","thread":156,"request":149,"reference":null,"job":null,"n":1,"x":0,"y":0}
[completion-event] {"processOrdinal":1,"v":1,"event":13,"begin":"17761773000","end":"17761776834","thread":156,"request":149,"reference":null,"job":null,"n":1,"x":0,"y":100}
[completion-event] {"processOrdinal":1,"v":1,"event":10,"begin":"17867431834","end":"17877375959","thread":157,"request":150,"reference":null,"job":null,"n":6,"x":1,"y":0}
[completion-event] {"processOrdinal":1,"v":1,"event":11,"begin":"17877375959","end":"17877387125","thread":157,"request":150,"reference":null,"job":null,"n":1,"x":0,"y":0}
[completion-event] {"processOrdinal":1,"v":1,"event":12,"begin":"17877387125","end":"17877389084","thread":157,"request":150,"reference":null,"job":null,"n":1,"x":0,"y":0}
[completion-event] {"processOrdinal":1,"v":1,"event":13,"begin":"17877389084","end":"17877392959","thread":157,"request":150,"reference":null,"job":null,"n":1,"x":0,"y":100}
[completion-event] {"processOrdinal":1,"v":1,"event":10,"begin":"17984015959","end":"17993904334","thread":158,"request":151,"reference":null,"job":null,"n":6,"x":1,"y":0}
[completion-event] {"processOrdinal":1,"v":1,"event":11,"begin":"17993904334","end":"17993913917","thread":158,"request":151,"reference":null,"job":null,"n":1,"x":0,"y":0}
[completion-event] {"processOrdinal":1,"v":1,"event":12,"begin":"17993913917","end":"17993915709","thread":158,"request":151,"reference":null,"job":null,"n":1,"x":0,"y":0}
[completion-event] {"processOrdinal":1,"v":1,"event":13,"begin":"17993915709","end":"17993918750","thread":158,"request":151,"reference":null,"job":null,"n":1,"x":0,"y":100}
[completion-event] {"processOrdinal":1,"v":1,"event":10,"begin":"18100845625","end":"18111087084","thread":159,"request":152,"reference":null,"job":null,"n":6,"x":1,"y":0}
[completion-event] {"processOrdinal":1,"v":1,"event":11,"begin":"18111087084","end":"18111097292","thread":159,"request":152,"reference":null,"job":null,"n":1,"x":0,"y":0}
[completion-event] {"processOrdinal":1,"v":1,"event":12,"begin":"18111097292","end":"18111098792","thread":159,"request":152,"reference":null,"job":null,"n":1,"x":0,"y":0}
[completion-event] {"processOrdinal":1,"v":1,"event":13,"begin":"18111098792","end":"18111102125","thread":159,"request":152,"reference":null,"job":null,"n":1,"x":0,"y":100}
[completion-event] {"processOrdinal":1,"v":1,"event":10,"begin":"18216985625","end":"18227472292","thread":160,"request":153,"reference":null,"job":null,"n":6,"x":1,"y":0}
[completion-event] {"processOrdinal":1,"v":1,"event":11,"begin":"18227472292","end":"18227482209","thread":160,"request":153,"reference":null,"job":null,"n":1,"x":0,"y":0}
[completion-event] {"processOrdinal":1,"v":1,"event":12,"begin":"18227482209","end":"18227483959","thread":160,"request":153,"reference":null,"job":null,"n":1,"x":0,"y":0}
[completion-event] {"processOrdinal":1,"v":1,"event":13,"begin":"18227483959","end":"18227487125","thread":160,"request":153,"reference":null,"job":null,"n":1,"x":0,"y":100}
[completion-event] {"processOrdinal":1,"v":1,"event":10,"begin":"18333877167","end":"18354416792","thread":161,"request":154,"reference":null,"job":null,"n":8,"x":2,"y":0}
[completion-event] {"processOrdinal":1,"v":1,"event":11,"begin":"18354416792","end":"18354431667","thread":161,"request":154,"reference":null,"job":null,"n":2,"x":0,"y":0}
[completion-event] {"processOrdinal":1,"v":1,"event":12,"begin":"18354431667","end":"18354433625","thread":161,"request":154,"reference":null,"job":null,"n":2,"x":0,"y":0}
[completion-event] {"processOrdinal":1,"v":1,"event":13,"begin":"18354433625","end":"18354438250","thread":161,"request":154,"reference":null,"job":null,"n":2,"x":0,"y":100}
[completion-event] {"processOrdinal":1,"v":1,"event":10,"begin":"18462447834","end":"18483420375","thread":162,"request":155,"reference":null,"job":null,"n":8,"x":2,"y":0}
[completion-event] {"processOrdinal":1,"v":1,"event":11,"begin":"18483420375","end":"18483435250","thread":162,"request":155,"reference":null,"job":null,"n":2,"x":0,"y":0}
[completion-event] {"processOrdinal":1,"v":1,"event":12,"begin":"18483435250","end":"18483437375","thread":162,"request":155,"reference":null,"job":null,"n":2,"x":0,"y":0}
[completion-event] {"processOrdinal":1,"v":1,"event":13,"begin":"18483437375","end":"18483441584","thread":162,"request":155,"reference":null,"job":null,"n":2,"x":0,"y":100}
[completion-event] {"processOrdinal":1,"v":1,"event":10,"begin":"18590892959","end":"18611794500","thread":163,"request":156,"reference":null,"job":null,"n":8,"x":2,"y":0}
[completion-event] {"processOrdinal":1,"v":1,"event":11,"begin":"18611794500","end":"18611808000","thread":163,"request":156,"reference":null,"job":null,"n":2,"x":0,"y":0}
[completion-event] {"processOrdinal":1,"v":1,"event":12,"begin":"18611808000","end":"18611809667","thread":163,"request":156,"reference":null,"job":null,"n":2,"x":0,"y":0}
[completion-event] {"processOrdinal":1,"v":1,"event":13,"begin":"18611809667","end":"18611813792","thread":163,"request":156,"reference":null,"job":null,"n":2,"x":0,"y":100}
[completion-event] {"processOrdinal":1,"v":1,"event":10,"begin":"18719525792","end":"18740329375","thread":164,"request":157,"reference":null,"job":null,"n":8,"x":2,"y":0}
[completion-event] {"processOrdinal":1,"v":1,"event":11,"begin":"18740329375","end":"18740343084","thread":164,"request":157,"reference":null,"job":null,"n":2,"x":0,"y":0}
[completion-event] {"processOrdinal":1,"v":1,"event":12,"begin":"18740343084","end":"18740344709","thread":164,"request":157,"reference":null,"job":null,"n":2,"x":0,"y":0}
[completion-event] {"processOrdinal":1,"v":1,"event":13,"begin":"18740344709","end":"18740348792","thread":164,"request":157,"reference":null,"job":null,"n":2,"x":0,"y":100}
[completion-event] {"processOrdinal":1,"v":1,"event":10,"begin":"18848544542","end":"18869800709","thread":165,"request":158,"reference":null,"job":null,"n":8,"x":2,"y":0}
[completion-event] {"processOrdinal":1,"v":1,"event":11,"begin":"18869800709","end":"18869813709","thread":165,"request":158,"reference":null,"job":null,"n":2,"x":0,"y":0}
[completion-event] {"processOrdinal":1,"v":1,"event":12,"begin":"18869813709","end":"18869815584","thread":165,"request":158,"reference":null,"job":null,"n":2,"x":0,"y":0}
[completion-event] {"processOrdinal":1,"v":1,"event":13,"begin":"18869815584","end":"18869819750","thread":165,"request":158,"reference":null,"job":null,"n":2,"x":0,"y":100}
[completion-event] {"processOrdinal":1,"v":1,"event":2,"begin":"18970257500","end":"18970257500","thread":89,"request":0,"reference":"32ba4e167976329c0d0704e438fab0e1bb94f10bab409955ace5dcab8d7590df","job":"9659bae8f074d9dc2e911e439a21148475000e843c2ec24b6ffa0498be4352e7","n":0,"x":0,"y":0}
[completion-event] {"processOrdinal":1,"v":1,"event":3,"begin":"18970277292","end":"18970277292","thread":166,"request":0,"reference":"32ba4e167976329c0d0704e438fab0e1bb94f10bab409955ace5dcab8d7590df","job":"9659bae8f074d9dc2e911e439a21148475000e843c2ec24b6ffa0498be4352e7","n":0,"x":0,"y":0}
[completion-event] {"processOrdinal":1,"v":1,"event":10,"begin":"18976556917","end":"18997065584","thread":167,"request":159,"reference":null,"job":null,"n":8,"x":2,"y":0}
[completion-event] {"processOrdinal":1,"v":1,"event":11,"begin":"18997065584","end":"18997077875","thread":167,"request":159,"reference":null,"job":null,"n":2,"x":0,"y":0}
[completion-event] {"processOrdinal":1,"v":1,"event":12,"begin":"18997077875","end":"18997079459","thread":167,"request":159,"reference":null,"job":null,"n":2,"x":0,"y":0}
[completion-event] {"processOrdinal":1,"v":1,"event":13,"begin":"18997079459","end":"18997083042","thread":167,"request":159,"reference":null,"job":null,"n":2,"x":0,"y":100}
[completion-event] {"processOrdinal":1,"v":1,"event":4,"begin":"19387051917","end":"19387051917","thread":166,"request":0,"reference":"32ba4e167976329c0d0704e438fab0e1bb94f10bab409955ace5dcab8d7590df","job":"9659bae8f074d9dc2e911e439a21148475000e843c2ec24b6ffa0498be4352e7","n":0,"x":0,"y":0}
[completion-event] {"processOrdinal":1,"v":1,"event":10,"begin":"19384487417","end":"19408227417","thread":168,"request":160,"reference":null,"job":null,"n":8,"x":2,"y":0}
[completion-event] {"processOrdinal":1,"v":1,"event":11,"begin":"19408227417","end":"19408240500","thread":168,"request":160,"reference":null,"job":null,"n":2,"x":0,"y":0}
[completion-event] {"processOrdinal":1,"v":1,"event":12,"begin":"19408240500","end":"19408242292","thread":168,"request":160,"reference":null,"job":null,"n":2,"x":0,"y":0}
[completion-event] {"processOrdinal":1,"v":1,"event":13,"begin":"19408242292","end":"19408246167","thread":168,"request":160,"reference":null,"job":null,"n":2,"x":0,"y":100}
[completion-event] {"processOrdinal":1,"v":1,"event":2,"begin":"19736651959","end":"19736651959","thread":89,"request":0,"reference":"63063d560206d107b4cdb5792edd9ce0e3da2f53034f35b790781db63b0b3fe0","job":"872b18e98bd4885fde08aaa95a572460fcc883d07afb9d68585bedb9779e211c","n":0,"x":0,"y":0}
[completion-event] {"processOrdinal":1,"v":1,"event":10,"begin":"19568388292","end":"19757063459","thread":169,"request":161,"reference":null,"job":null,"n":8,"x":2,"y":0}
[completion-event] {"processOrdinal":1,"v":1,"event":11,"begin":"19757063459","end":"19757079000","thread":169,"request":161,"reference":null,"job":null,"n":2,"x":0,"y":0}
[completion-event] {"processOrdinal":1,"v":1,"event":12,"begin":"19757079000","end":"19757080834","thread":169,"request":161,"reference":null,"job":null,"n":2,"x":0,"y":0}
[completion-event] {"processOrdinal":1,"v":1,"event":13,"begin":"19757080834","end":"19757085000","thread":169,"request":161,"reference":null,"job":null,"n":2,"x":0,"y":100}
[completion-event] {"processOrdinal":1,"v":1,"event":10,"begin":"19863309750","end":"19887833542","thread":170,"request":162,"reference":null,"job":null,"n":8,"x":2,"y":0}
[completion-event] {"processOrdinal":1,"v":1,"event":11,"begin":"19887833542","end":"19887847667","thread":170,"request":162,"reference":null,"job":null,"n":2,"x":0,"y":0}
[completion-event] {"processOrdinal":1,"v":1,"event":12,"begin":"19887847667","end":"19887849459","thread":170,"request":162,"reference":null,"job":null,"n":2,"x":0,"y":0}
[completion-event] {"processOrdinal":1,"v":1,"event":13,"begin":"19887849459","end":"19887853750","thread":170,"request":162,"reference":null,"job":null,"n":2,"x":0,"y":100}
[completion-event] {"processOrdinal":1,"v":1,"event":2,"begin":"20023791792","end":"20023791792","thread":89,"request":0,"reference":"583555c49d83f48dea696d8dc383dde19cb051aeda0e890c55d88fa2329d4ac2","job":"9e93104c17b70b65247e7c50af4f0d537abcaba72f8bac01739a541362e25988","n":0,"x":0,"y":0}
[completion-event] {"processOrdinal":1,"v":1,"event":10,"begin":"20024412292","end":"20051488709","thread":171,"request":163,"reference":null,"job":null,"n":8,"x":2,"y":0}
[completion-event] {"processOrdinal":1,"v":1,"event":11,"begin":"20051488709","end":"20051501209","thread":171,"request":163,"reference":null,"job":null,"n":2,"x":0,"y":0}
[completion-event] {"processOrdinal":1,"v":1,"event":12,"begin":"20051501209","end":"20051502834","thread":171,"request":163,"reference":null,"job":null,"n":2,"x":0,"y":0}
[completion-event] {"processOrdinal":1,"v":1,"event":13,"begin":"20051502834","end":"20051506292","thread":171,"request":163,"reference":null,"job":null,"n":2,"x":0,"y":100}
[completion-event] {"processOrdinal":1,"v":1,"event":10,"begin":"20159769417","end":"20180527250","thread":172,"request":164,"reference":null,"job":null,"n":8,"x":2,"y":0}
[completion-event] {"processOrdinal":1,"v":1,"event":11,"begin":"20180527250","end":"20180539584","thread":172,"request":164,"reference":null,"job":null,"n":2,"x":0,"y":0}
[completion-event] {"processOrdinal":1,"v":1,"event":12,"begin":"20180539584","end":"20180541250","thread":172,"request":164,"reference":null,"job":null,"n":2,"x":0,"y":0}
[completion-event] {"processOrdinal":1,"v":1,"event":13,"begin":"20180541250","end":"20180545334","thread":172,"request":164,"reference":null,"job":null,"n":2,"x":0,"y":100}
[completion-event] {"processOrdinal":1,"v":1,"event":2,"begin":"20307370875","end":"20307370875","thread":89,"request":0,"reference":"87abf3cc287be77f190d699b5a4d455f5632127a9b2bd222f48f32910cf0ebe1","job":"f9e8d01821a52fd384c1e8ad442dc35d67fa18e2de6f3b063245b0196e8fc24f","n":0,"x":0,"y":0}
[completion-event] {"processOrdinal":1,"v":1,"event":10,"begin":"20308087750","end":"20337300792","thread":173,"request":165,"reference":null,"job":null,"n":8,"x":2,"y":0}
[completion-event] {"processOrdinal":1,"v":1,"event":11,"begin":"20337300792","end":"20337314292","thread":173,"request":165,"reference":null,"job":null,"n":2,"x":0,"y":0}
[completion-event] {"processOrdinal":1,"v":1,"event":12,"begin":"20337314292","end":"20337316084","thread":173,"request":165,"reference":null,"job":null,"n":2,"x":0,"y":0}
[completion-event] {"processOrdinal":1,"v":1,"event":13,"begin":"20337316084","end":"20337320875","thread":173,"request":165,"reference":null,"job":null,"n":2,"x":0,"y":100}
[completion-event] {"processOrdinal":1,"v":1,"event":10,"begin":"20444154292","end":"20465122750","thread":174,"request":166,"reference":null,"job":null,"n":8,"x":2,"y":0}
[completion-event] {"processOrdinal":1,"v":1,"event":11,"begin":"20465122750","end":"20465136584","thread":174,"request":166,"reference":null,"job":null,"n":2,"x":0,"y":0}
[completion-event] {"processOrdinal":1,"v":1,"event":12,"begin":"20465136584","end":"20465138250","thread":174,"request":166,"reference":null,"job":null,"n":2,"x":0,"y":0}
[completion-event] {"processOrdinal":1,"v":1,"event":13,"begin":"20465138250","end":"20465142125","thread":174,"request":166,"reference":null,"job":null,"n":2,"x":0,"y":100}
[completion-event] {"processOrdinal":1,"v":1,"event":10,"begin":"20571724875","end":"20592844625","thread":175,"request":167,"reference":null,"job":null,"n":8,"x":2,"y":0}
[completion-event] {"processOrdinal":1,"v":1,"event":11,"begin":"20592844625","end":"20592859292","thread":175,"request":167,"reference":null,"job":null,"n":2,"x":0,"y":0}
[completion-event] {"processOrdinal":1,"v":1,"event":12,"begin":"20592859292","end":"20592861209","thread":175,"request":167,"reference":null,"job":null,"n":2,"x":0,"y":0}
[completion-event] {"processOrdinal":1,"v":1,"event":13,"begin":"20592861209","end":"20592865000","thread":175,"request":167,"reference":null,"job":null,"n":2,"x":0,"y":100}
[completion-event] {"processOrdinal":1,"v":1,"event":10,"begin":"20700988084","end":"20722993542","thread":176,"request":168,"reference":null,"job":null,"n":8,"x":2,"y":0}
[completion-event] {"processOrdinal":1,"v":1,"event":11,"begin":"20722993542","end":"20723008625","thread":176,"request":168,"reference":null,"job":null,"n":2,"x":0,"y":0}
[completion-event] {"processOrdinal":1,"v":1,"event":12,"begin":"20723008625","end":"20723010625","thread":176,"request":168,"reference":null,"job":null,"n":2,"x":0,"y":0}
[completion-event] {"processOrdinal":1,"v":1,"event":13,"begin":"20723010625","end":"20723015000","thread":176,"request":168,"reference":null,"job":null,"n":2,"x":0,"y":100}
[completion-event] {"processOrdinal":1,"v":1,"event":10,"begin":"20829912625","end":"20851267542","thread":177,"request":169,"reference":null,"job":null,"n":8,"x":2,"y":0}
[completion-event] {"processOrdinal":1,"v":1,"event":11,"begin":"20851267542","end":"20851280500","thread":177,"request":169,"reference":null,"job":null,"n":2,"x":0,"y":0}
[completion-event] {"processOrdinal":1,"v":1,"event":12,"begin":"20851280500","end":"20851282167","thread":177,"request":169,"reference":null,"job":null,"n":2,"x":0,"y":0}
[completion-event] {"processOrdinal":1,"v":1,"event":13,"begin":"20851282167","end":"20851285917","thread":177,"request":169,"reference":null,"job":null,"n":2,"x":0,"y":100}
[completion-event] {"processOrdinal":1,"v":1,"event":10,"begin":"20959460292","end":"20980123667","thread":178,"request":170,"reference":null,"job":null,"n":8,"x":2,"y":0}
[completion-event] {"processOrdinal":1,"v":1,"event":11,"begin":"20980123667","end":"20980138125","thread":178,"request":170,"reference":null,"job":null,"n":2,"x":0,"y":0}
[completion-event] {"processOrdinal":1,"v":1,"event":12,"begin":"20980138125","end":"20980140042","thread":178,"request":170,"reference":null,"job":null,"n":2,"x":0,"y":0}
[completion-event] {"processOrdinal":1,"v":1,"event":13,"begin":"20980140042","end":"20980144084","thread":178,"request":170,"reference":null,"job":null,"n":2,"x":0,"y":100}
[completion-event] {"processOrdinal":1,"v":1,"event":10,"begin":"21087883834","end":"21108890750","thread":179,"request":171,"reference":null,"job":null,"n":8,"x":2,"y":0}
[completion-event] {"processOrdinal":1,"v":1,"event":11,"begin":"21108890750","end":"21108904084","thread":179,"request":171,"reference":null,"job":null,"n":2,"x":0,"y":0}
[completion-event] {"processOrdinal":1,"v":1,"event":12,"begin":"21108904084","end":"21108905667","thread":179,"request":171,"reference":null,"job":null,"n":2,"x":0,"y":0}
[completion-event] {"processOrdinal":1,"v":1,"event":13,"begin":"21108905667","end":"21108909625","thread":179,"request":171,"reference":null,"job":null,"n":2,"x":0,"y":100}
[completion-event] {"processOrdinal":1,"v":1,"event":10,"begin":"21217428667","end":"21237959125","thread":180,"request":172,"reference":null,"job":null,"n":8,"x":2,"y":0}
[completion-event] {"processOrdinal":1,"v":1,"event":11,"begin":"21237959125","end":"21237971875","thread":180,"request":172,"reference":null,"job":null,"n":2,"x":0,"y":0}
[completion-event] {"processOrdinal":1,"v":1,"event":12,"begin":"21237971875","end":"21237973459","thread":180,"request":172,"reference":null,"job":null,"n":2,"x":0,"y":0}
[completion-event] {"processOrdinal":1,"v":1,"event":13,"begin":"21237973459","end":"21237977417","thread":180,"request":172,"reference":null,"job":null,"n":2,"x":0,"y":100}
[completion-event] {"processOrdinal":1,"v":1,"event":10,"begin":"21346256125","end":"21368284000","thread":181,"request":173,"reference":null,"job":null,"n":8,"x":2,"y":0}
[completion-event] {"processOrdinal":1,"v":1,"event":11,"begin":"21368284000","end":"21368295750","thread":181,"request":173,"reference":null,"job":null,"n":2,"x":0,"y":0}
[completion-event] {"processOrdinal":1,"v":1,"event":12,"begin":"21368295750","end":"21368297292","thread":181,"request":173,"reference":null,"job":null,"n":2,"x":0,"y":0}
[completion-event] {"processOrdinal":1,"v":1,"event":13,"begin":"21368297292","end":"21368301375","thread":181,"request":173,"reference":null,"job":null,"n":2,"x":0,"y":100}
[completion-event] {"processOrdinal":1,"v":1,"event":10,"begin":"21476681667","end":"21497624250","thread":182,"request":174,"reference":null,"job":null,"n":8,"x":2,"y":0}
[completion-event] {"processOrdinal":1,"v":1,"event":11,"begin":"21497624250","end":"21497637500","thread":182,"request":174,"reference":null,"job":null,"n":2,"x":0,"y":0}
[completion-event] {"processOrdinal":1,"v":1,"event":12,"begin":"21497637500","end":"21497639167","thread":182,"request":174,"reference":null,"job":null,"n":2,"x":0,"y":0}
[completion-event] {"processOrdinal":1,"v":1,"event":13,"begin":"21497639167","end":"21497643167","thread":182,"request":174,"reference":null,"job":null,"n":2,"x":0,"y":100}
[completion-event] {"processOrdinal":1,"v":1,"event":10,"begin":"21605213000","end":"21626044834","thread":183,"request":175,"reference":null,"job":null,"n":8,"x":2,"y":0}
[completion-event] {"processOrdinal":1,"v":1,"event":11,"begin":"21626044834","end":"21626057959","thread":183,"request":175,"reference":null,"job":null,"n":2,"x":0,"y":0}
[completion-event] {"processOrdinal":1,"v":1,"event":12,"begin":"21626057959","end":"21626059667","thread":183,"request":175,"reference":null,"job":null,"n":2,"x":0,"y":0}
[completion-event] {"processOrdinal":1,"v":1,"event":13,"begin":"21626059667","end":"21626063709","thread":183,"request":175,"reference":null,"job":null,"n":2,"x":0,"y":100}
[completion-event] {"processOrdinal":1,"v":1,"event":10,"begin":"21734557250","end":"21755750875","thread":184,"request":176,"reference":null,"job":null,"n":8,"x":2,"y":0}
[completion-event] {"processOrdinal":1,"v":1,"event":11,"begin":"21755750875","end":"21755764584","thread":184,"request":176,"reference":null,"job":null,"n":2,"x":0,"y":0}
[completion-event] {"processOrdinal":1,"v":1,"event":12,"begin":"21755764584","end":"21755766417","thread":184,"request":176,"reference":null,"job":null,"n":2,"x":0,"y":0}
[completion-event] {"processOrdinal":1,"v":1,"event":13,"begin":"21755766417","end":"21755770959","thread":184,"request":176,"reference":null,"job":null,"n":2,"x":0,"y":100}
[completion-event] {"processOrdinal":1,"v":1,"event":10,"begin":"21863992792","end":"21885104375","thread":185,"request":177,"reference":null,"job":null,"n":8,"x":2,"y":0}
[completion-event] {"processOrdinal":1,"v":1,"event":11,"begin":"21885104375","end":"21885117875","thread":185,"request":177,"reference":null,"job":null,"n":2,"x":0,"y":0}
[completion-event] {"processOrdinal":1,"v":1,"event":12,"begin":"21885117875","end":"21885119375","thread":185,"request":177,"reference":null,"job":null,"n":2,"x":0,"y":0}
[completion-event] {"processOrdinal":1,"v":1,"event":13,"begin":"21885119375","end":"21885123417","thread":185,"request":177,"reference":null,"job":null,"n":2,"x":0,"y":100}
[completion-event] {"processOrdinal":1,"v":1,"event":10,"begin":"21992537375","end":"22013633000","thread":186,"request":178,"reference":null,"job":null,"n":8,"x":2,"y":0}
[completion-event] {"processOrdinal":1,"v":1,"event":11,"begin":"22013633000","end":"22013647209","thread":186,"request":178,"reference":null,"job":null,"n":2,"x":0,"y":0}
[completion-event] {"processOrdinal":1,"v":1,"event":12,"begin":"22013647209","end":"22013649125","thread":186,"request":178,"reference":null,"job":null,"n":2,"x":0,"y":0}
[completion-event] {"processOrdinal":1,"v":1,"event":13,"begin":"22013649125","end":"22013653292","thread":186,"request":178,"reference":null,"job":null,"n":2,"x":0,"y":100}
[completion-event] {"processOrdinal":1,"v":1,"event":10,"begin":"22122482792","end":"22143613750","thread":187,"request":179,"reference":null,"job":null,"n":8,"x":2,"y":0}
[completion-event] {"processOrdinal":1,"v":1,"event":11,"begin":"22143613750","end":"22143626584","thread":187,"request":179,"reference":null,"job":null,"n":2,"x":0,"y":0}
[completion-event] {"processOrdinal":1,"v":1,"event":12,"begin":"22143626584","end":"22143628375","thread":187,"request":179,"reference":null,"job":null,"n":2,"x":0,"y":0}
[completion-event] {"processOrdinal":1,"v":1,"event":13,"begin":"22143628375","end":"22143632334","thread":187,"request":179,"reference":null,"job":null,"n":2,"x":0,"y":100}
[completion-event] {"processOrdinal":1,"v":1,"event":10,"begin":"22250973084","end":"22271919125","thread":188,"request":180,"reference":null,"job":null,"n":8,"x":2,"y":0}
[completion-event] {"processOrdinal":1,"v":1,"event":11,"begin":"22271919125","end":"22271932250","thread":188,"request":180,"reference":null,"job":null,"n":2,"x":0,"y":0}
[completion-event] {"processOrdinal":1,"v":1,"event":12,"begin":"22271932250","end":"22271934000","thread":188,"request":180,"reference":null,"job":null,"n":2,"x":0,"y":0}
[completion-event] {"processOrdinal":1,"v":1,"event":13,"begin":"22271934000","end":"22271938334","thread":188,"request":180,"reference":null,"job":null,"n":2,"x":0,"y":100}
[completion-event] {"processOrdinal":1,"v":1,"event":10,"begin":"22380202750","end":"22401446209","thread":189,"request":181,"reference":null,"job":null,"n":8,"x":2,"y":0}
[completion-event] {"processOrdinal":1,"v":1,"event":11,"begin":"22401446209","end":"22401459959","thread":189,"request":181,"reference":null,"job":null,"n":2,"x":0,"y":0}
[completion-event] {"processOrdinal":1,"v":1,"event":12,"begin":"22401459959","end":"22401461667","thread":189,"request":181,"reference":null,"job":null,"n":2,"x":0,"y":0}
[completion-event] {"processOrdinal":1,"v":1,"event":13,"begin":"22401461667","end":"22401465459","thread":189,"request":181,"reference":null,"job":null,"n":2,"x":0,"y":100}
[completion-event] {"processOrdinal":1,"v":1,"event":10,"begin":"22509904417","end":"22531861542","thread":190,"request":182,"reference":null,"job":null,"n":8,"x":2,"y":0}
[completion-event] {"processOrdinal":1,"v":1,"event":11,"begin":"22531861542","end":"22531876084","thread":190,"request":182,"reference":null,"job":null,"n":2,"x":0,"y":0}
[completion-event] {"processOrdinal":1,"v":1,"event":12,"begin":"22531876084","end":"22531878000","thread":190,"request":182,"reference":null,"job":null,"n":2,"x":0,"y":0}
[completion-event] {"processOrdinal":1,"v":1,"event":13,"begin":"22531878000","end":"22531882417","thread":190,"request":182,"reference":null,"job":null,"n":2,"x":0,"y":100}
[completion-event] {"processOrdinal":1,"v":1,"event":10,"begin":"22640618375","end":"22661930750","thread":191,"request":183,"reference":null,"job":null,"n":8,"x":2,"y":0}
[completion-event] {"processOrdinal":1,"v":1,"event":11,"begin":"22661930750","end":"22661943792","thread":191,"request":183,"reference":null,"job":null,"n":2,"x":0,"y":0}
[completion-event] {"processOrdinal":1,"v":1,"event":12,"begin":"22661943792","end":"22661945209","thread":191,"request":183,"reference":null,"job":null,"n":2,"x":0,"y":0}
[completion-event] {"processOrdinal":1,"v":1,"event":13,"begin":"22661945209","end":"22661949000","thread":191,"request":183,"reference":null,"job":null,"n":2,"x":0,"y":100}
[completion-event] {"processOrdinal":1,"v":1,"event":10,"begin":"22769376125","end":"22790366709","thread":192,"request":184,"reference":null,"job":null,"n":8,"x":2,"y":0}
[completion-event] {"processOrdinal":1,"v":1,"event":11,"begin":"22790366709","end":"22790380375","thread":192,"request":184,"reference":null,"job":null,"n":2,"x":0,"y":0}
[completion-event] {"processOrdinal":1,"v":1,"event":12,"begin":"22790380375","end":"22790382417","thread":192,"request":184,"reference":null,"job":null,"n":2,"x":0,"y":0}
[completion-event] {"processOrdinal":1,"v":1,"event":13,"begin":"22790382417","end":"22790386500","thread":192,"request":184,"reference":null,"job":null,"n":2,"x":0,"y":100}
[completion-event] {"processOrdinal":1,"v":1,"event":10,"begin":"22898297834","end":"22919697209","thread":193,"request":185,"reference":null,"job":null,"n":8,"x":2,"y":0}
[completion-event] {"processOrdinal":1,"v":1,"event":11,"begin":"22919697209","end":"22919711542","thread":193,"request":185,"reference":null,"job":null,"n":2,"x":0,"y":0}
[completion-event] {"processOrdinal":1,"v":1,"event":12,"begin":"22919711542","end":"22919713417","thread":193,"request":185,"reference":null,"job":null,"n":2,"x":0,"y":0}
[completion-event] {"processOrdinal":1,"v":1,"event":13,"begin":"22919713417","end":"22919717709","thread":193,"request":185,"reference":null,"job":null,"n":2,"x":0,"y":100}
[completion-event] {"processOrdinal":1,"v":1,"event":10,"begin":"23027473334","end":"23048414084","thread":194,"request":186,"reference":null,"job":null,"n":8,"x":2,"y":0}
[completion-event] {"processOrdinal":1,"v":1,"event":11,"begin":"23048414084","end":"23048428167","thread":194,"request":186,"reference":null,"job":null,"n":2,"x":0,"y":0}
[completion-event] {"processOrdinal":1,"v":1,"event":12,"begin":"23048428167","end":"23048430084","thread":194,"request":186,"reference":null,"job":null,"n":2,"x":0,"y":0}
[completion-event] {"processOrdinal":1,"v":1,"event":13,"begin":"23048430084","end":"23048434209","thread":194,"request":186,"reference":null,"job":null,"n":2,"x":0,"y":100}
[completion-event] {"processOrdinal":1,"v":1,"event":6,"begin":"23382614917","end":"23382614917","thread":166,"request":0,"reference":"32ba4e167976329c0d0704e438fab0e1bb94f10bab409955ace5dcab8d7590df","job":"9659bae8f074d9dc2e911e439a21148475000e843c2ec24b6ffa0498be4352e7","n":0,"x":0,"y":0}
[completion-event] {"processOrdinal":1,"v":1,"event":7,"begin":"23787248750","end":"23787248750","thread":166,"request":0,"reference":"32ba4e167976329c0d0704e438fab0e1bb94f10bab409955ace5dcab8d7590df","job":"9659bae8f074d9dc2e911e439a21148475000e843c2ec24b6ffa0498be4352e7","n":0,"x":0,"y":0}
[completion-event] {"processOrdinal":1,"v":1,"event":8,"begin":"24059400000","end":"24059400000","thread":166,"request":0,"reference":"32ba4e167976329c0d0704e438fab0e1bb94f10bab409955ace5dcab8d7590df","job":"9659bae8f074d9dc2e911e439a21148475000e843c2ec24b6ffa0498be4352e7","n":0,"x":0,"y":0}
[completion-event] {"processOrdinal":1,"v":1,"event":5,"begin":"24059671834","end":"24059671834","thread":166,"request":0,"reference":"32ba4e167976329c0d0704e438fab0e1bb94f10bab409955ace5dcab8d7590df","job":"9659bae8f074d9dc2e911e439a21148475000e843c2ec24b6ffa0498be4352e7","n":1,"x":0,"y":0}
[completion-event] {"processOrdinal":1,"v":1,"event":3,"begin":"24059792042","end":"24059792042","thread":166,"request":0,"reference":"63063d560206d107b4cdb5792edd9ce0e3da2f53034f35b790781db63b0b3fe0","job":"872b18e98bd4885fde08aaa95a572460fcc883d07afb9d68585bedb9779e211c","n":0,"x":0,"y":0}
[completion-event] {"processOrdinal":1,"v":1,"event":10,"begin":"23445988459","end":"24062044959","thread":195,"request":187,"reference":null,"job":null,"n":11,"x":2,"y":0}
[completion-event] {"processOrdinal":1,"v":1,"event":11,"begin":"24062044959","end":"24062062625","thread":195,"request":187,"reference":null,"job":null,"n":4,"x":0,"y":0}
[completion-event] {"processOrdinal":1,"v":1,"event":12,"begin":"24062062625","end":"24062073375","thread":195,"request":187,"reference":null,"job":null,"n":4,"x":0,"y":0}
[completion-event] {"processOrdinal":1,"v":1,"event":13,"begin":"24062073375","end":"24062078417","thread":195,"request":187,"reference":null,"job":null,"n":4,"x":0,"y":100}
[completion-event] {"processOrdinal":1,"v":1,"event":4,"begin":"24682886875","end":"24682886875","thread":166,"request":0,"reference":"63063d560206d107b4cdb5792edd9ce0e3da2f53034f35b790781db63b0b3fe0","job":"872b18e98bd4885fde08aaa95a572460fcc883d07afb9d68585bedb9779e211c","n":0,"x":0,"y":0}
[completion-event] {"processOrdinal":1,"v":1,"event":10,"begin":"24682445667","end":"25039612209","thread":196,"request":188,"reference":null,"job":null,"n":11,"x":4,"y":0}
[completion-event] {"processOrdinal":1,"v":1,"event":11,"begin":"25039612209","end":"25039636667","thread":196,"request":188,"reference":null,"job":null,"n":4,"x":0,"y":0}
[completion-event] {"processOrdinal":1,"v":1,"event":12,"begin":"25039636667","end":"25039647500","thread":196,"request":188,"reference":null,"job":null,"n":4,"x":0,"y":0}
[completion-event] {"processOrdinal":1,"v":1,"event":13,"begin":"25039647500","end":"25039651750","thread":196,"request":188,"reference":null,"job":null,"n":4,"x":0,"y":100}
[completion-event] {"processOrdinal":1,"v":1,"event":9,"begin":"26588124250","end":"26588124250","thread":166,"request":0,"reference":"63063d560206d107b4cdb5792edd9ce0e3da2f53034f35b790781db63b0b3fe0","job":"872b18e98bd4885fde08aaa95a572460fcc883d07afb9d68585bedb9779e211c","n":0,"x":0,"y":0}
[completion-event] {"processOrdinal":1,"v":1,"event":5,"begin":"26588279542","end":"26588279542","thread":166,"request":0,"reference":"63063d560206d107b4cdb5792edd9ce0e3da2f53034f35b790781db63b0b3fe0","job":"872b18e98bd4885fde08aaa95a572460fcc883d07afb9d68585bedb9779e211c","n":0,"x":0,"y":0}
[completion-observation-status] {"processOrdinal":1,"status":"observed","code":"none","rows":770,"bytes":121706,"selected":null}
[completion-event] {"processOrdinal":2,"v":1,"event":10,"begin":"1910133000","end":"2032017875","thread":3,"request":1,"reference":null,"job":null,"n":13,"x":6,"y":0}
[completion-event] {"processOrdinal":2,"v":1,"event":11,"begin":"2032017875","end":"2032051250","thread":3,"request":1,"reference":null,"job":null,"n":5,"x":0,"y":0}
[completion-event] {"processOrdinal":2,"v":1,"event":12,"begin":"2032051250","end":"2032061875","thread":3,"request":1,"reference":null,"job":null,"n":5,"x":0,"y":0}
[completion-event] {"processOrdinal":2,"v":1,"event":13,"begin":"2032061875","end":"2032066959","thread":3,"request":1,"reference":null,"job":null,"n":5,"x":0,"y":100}
[completion-event] {"processOrdinal":2,"v":1,"event":10,"begin":"3373328209","end":"3501981875","thread":7,"request":2,"reference":null,"job":null,"n":13,"x":6,"y":0}
[completion-event] {"processOrdinal":2,"v":1,"event":11,"begin":"3501981875","end":"3502011875","thread":7,"request":2,"reference":null,"job":null,"n":5,"x":0,"y":0}
[completion-event] {"processOrdinal":2,"v":1,"event":12,"begin":"3502011875","end":"3502022625","thread":7,"request":2,"reference":null,"job":null,"n":5,"x":0,"y":0}
[completion-event] {"processOrdinal":2,"v":1,"event":13,"begin":"3502022625","end":"3502027959","thread":7,"request":2,"reference":null,"job":null,"n":5,"x":0,"y":100}
[completion-event] {"processOrdinal":2,"v":1,"event":10,"begin":"4540943709","end":"4668403334","thread":9,"request":3,"reference":null,"job":null,"n":13,"x":6,"y":0}
[completion-event] {"processOrdinal":2,"v":1,"event":11,"begin":"4668403334","end":"4668432334","thread":9,"request":3,"reference":null,"job":null,"n":5,"x":0,"y":0}
[completion-event] {"processOrdinal":2,"v":1,"event":12,"begin":"4668432334","end":"4668442792","thread":9,"request":3,"reference":null,"job":null,"n":5,"x":0,"y":0}
[completion-event] {"processOrdinal":2,"v":1,"event":13,"begin":"4668442792","end":"4668449500","thread":9,"request":3,"reference":null,"job":null,"n":5,"x":0,"y":100}
[completion-event] {"processOrdinal":2,"v":1,"event":10,"begin":"5708392334","end":"5837980334","thread":10,"request":4,"reference":null,"job":null,"n":13,"x":6,"y":0}
[completion-event] {"processOrdinal":2,"v":1,"event":11,"begin":"5837980334","end":"5838010209","thread":10,"request":4,"reference":null,"job":null,"n":5,"x":0,"y":0}
[completion-event] {"processOrdinal":2,"v":1,"event":12,"begin":"5838010209","end":"5838021667","thread":10,"request":4,"reference":null,"job":null,"n":5,"x":0,"y":0}
[completion-event] {"processOrdinal":2,"v":1,"event":13,"begin":"5838021667","end":"5838026875","thread":10,"request":4,"reference":null,"job":null,"n":5,"x":0,"y":100}
[completion-event] {"processOrdinal":2,"v":1,"event":10,"begin":"6873605834","end":"6998085875","thread":11,"request":5,"reference":null,"job":null,"n":13,"x":6,"y":0}
[completion-event] {"processOrdinal":2,"v":1,"event":11,"begin":"6998085875","end":"6998115084","thread":11,"request":5,"reference":null,"job":null,"n":5,"x":0,"y":0}
[completion-event] {"processOrdinal":2,"v":1,"event":12,"begin":"6998115084","end":"6998125709","thread":11,"request":5,"reference":null,"job":null,"n":5,"x":0,"y":0}
[completion-event] {"processOrdinal":2,"v":1,"event":13,"begin":"6998125709","end":"6998131375","thread":11,"request":5,"reference":null,"job":null,"n":5,"x":0,"y":100}
[completion-event] {"processOrdinal":2,"v":1,"event":10,"begin":"8033322292","end":"8158042417","thread":12,"request":6,"reference":null,"job":null,"n":13,"x":6,"y":0}
[completion-event] {"processOrdinal":2,"v":1,"event":11,"begin":"8158042417","end":"8158072209","thread":12,"request":6,"reference":null,"job":null,"n":5,"x":0,"y":0}
[completion-event] {"processOrdinal":2,"v":1,"event":12,"begin":"8158072209","end":"8158083750","thread":12,"request":6,"reference":null,"job":null,"n":5,"x":0,"y":0}
[completion-event] {"processOrdinal":2,"v":1,"event":13,"begin":"8158083750","end":"8158089917","thread":12,"request":6,"reference":null,"job":null,"n":5,"x":0,"y":100}
[completion-event] {"processOrdinal":2,"v":1,"event":10,"begin":"9194389792","end":"9319858375","thread":13,"request":7,"reference":null,"job":null,"n":13,"x":6,"y":0}
[completion-event] {"processOrdinal":2,"v":1,"event":11,"begin":"9319858375","end":"9319888500","thread":13,"request":7,"reference":null,"job":null,"n":5,"x":0,"y":0}
[completion-event] {"processOrdinal":2,"v":1,"event":12,"begin":"9319888500","end":"9319899875","thread":13,"request":7,"reference":null,"job":null,"n":5,"x":0,"y":0}
[completion-event] {"processOrdinal":2,"v":1,"event":13,"begin":"9319899875","end":"9319905834","thread":13,"request":7,"reference":null,"job":null,"n":5,"x":0,"y":100}
[completion-event] {"processOrdinal":2,"v":1,"event":10,"begin":"10353955375","end":"10518340334","thread":14,"request":8,"reference":null,"job":null,"n":13,"x":6,"y":0}
[completion-event] {"processOrdinal":2,"v":1,"event":11,"begin":"10518340334","end":"10518368959","thread":14,"request":8,"reference":null,"job":null,"n":5,"x":0,"y":0}
[completion-event] {"processOrdinal":2,"v":1,"event":12,"begin":"10518368959","end":"10518380000","thread":14,"request":8,"reference":null,"job":null,"n":5,"x":0,"y":0}
[completion-event] {"processOrdinal":2,"v":1,"event":13,"begin":"10518380000","end":"10518385042","thread":14,"request":8,"reference":null,"job":null,"n":5,"x":0,"y":100}
[completion-event] {"processOrdinal":2,"v":1,"event":10,"begin":"11557367750","end":"11692136250","thread":15,"request":9,"reference":null,"job":null,"n":15,"x":7,"y":0}
[completion-event] {"processOrdinal":2,"v":1,"event":11,"begin":"11692136250","end":"11692187792","thread":15,"request":9,"reference":null,"job":null,"n":6,"x":0,"y":0}
[completion-event] {"processOrdinal":2,"v":1,"event":12,"begin":"11692187792","end":"11692199709","thread":15,"request":9,"reference":null,"job":null,"n":6,"x":0,"y":0}
[completion-event] {"processOrdinal":2,"v":1,"event":13,"begin":"11692199709","end":"11692205917","thread":15,"request":9,"reference":null,"job":null,"n":6,"x":0,"y":100}
[completion-event] {"processOrdinal":2,"v":1,"event":10,"begin":"12142683709","end":"12281451459","thread":16,"request":10,"reference":null,"job":null,"n":15,"x":7,"y":0}
[completion-event] {"processOrdinal":2,"v":1,"event":11,"begin":"12281451459","end":"12281484500","thread":16,"request":10,"reference":null,"job":null,"n":6,"x":0,"y":0}
[completion-event] {"processOrdinal":2,"v":1,"event":12,"begin":"12281484500","end":"12281495709","thread":16,"request":10,"reference":null,"job":null,"n":6,"x":0,"y":0}
[completion-event] {"processOrdinal":2,"v":1,"event":13,"begin":"12281495709","end":"12281501917","thread":16,"request":10,"reference":null,"job":null,"n":6,"x":0,"y":100}
[completion-event] {"processOrdinal":2,"v":1,"event":10,"begin":"12731705167","end":"12866537917","thread":17,"request":11,"reference":null,"job":null,"n":15,"x":7,"y":0}
[completion-event] {"processOrdinal":2,"v":1,"event":11,"begin":"12866537917","end":"12866572084","thread":17,"request":11,"reference":null,"job":null,"n":6,"x":0,"y":0}
[completion-event] {"processOrdinal":2,"v":1,"event":12,"begin":"12866572084","end":"12866584042","thread":17,"request":11,"reference":null,"job":null,"n":6,"x":0,"y":0}
[completion-event] {"processOrdinal":2,"v":1,"event":13,"begin":"12866584042","end":"12866590250","thread":17,"request":11,"reference":null,"job":null,"n":6,"x":0,"y":100}
[completion-event] {"processOrdinal":2,"v":1,"event":10,"begin":"13317197084","end":"13450947459","thread":18,"request":12,"reference":null,"job":null,"n":15,"x":7,"y":0}
[completion-event] {"processOrdinal":2,"v":1,"event":11,"begin":"13450947459","end":"13450977750","thread":18,"request":12,"reference":null,"job":null,"n":6,"x":0,"y":0}
[completion-event] {"processOrdinal":2,"v":1,"event":12,"begin":"13450977750","end":"13450988750","thread":18,"request":12,"reference":null,"job":null,"n":6,"x":0,"y":0}
[completion-event] {"processOrdinal":2,"v":1,"event":13,"begin":"13450988750","end":"13450995209","thread":18,"request":12,"reference":null,"job":null,"n":6,"x":0,"y":100}
[completion-event] {"processOrdinal":2,"v":1,"event":10,"begin":"13901618292","end":"14035983334","thread":19,"request":13,"reference":null,"job":null,"n":15,"x":7,"y":0}
[completion-event] {"processOrdinal":2,"v":1,"event":11,"begin":"14035983334","end":"14036015375","thread":19,"request":13,"reference":null,"job":null,"n":6,"x":0,"y":0}
[completion-event] {"processOrdinal":2,"v":1,"event":12,"begin":"14036015375","end":"14036026459","thread":19,"request":13,"reference":null,"job":null,"n":6,"x":0,"y":0}
[completion-event] {"processOrdinal":2,"v":1,"event":13,"begin":"14036026459","end":"14036032834","thread":19,"request":13,"reference":null,"job":null,"n":6,"x":0,"y":100}
[completion-event] {"processOrdinal":2,"v":1,"event":10,"begin":"14490019042","end":"14624461000","thread":20,"request":14,"reference":null,"job":null,"n":15,"x":7,"y":0}
[completion-event] {"processOrdinal":2,"v":1,"event":11,"begin":"14624461000","end":"14624492625","thread":20,"request":14,"reference":null,"job":null,"n":6,"x":0,"y":0}
[completion-event] {"processOrdinal":2,"v":1,"event":12,"begin":"14624492625","end":"14624503250","thread":20,"request":14,"reference":null,"job":null,"n":6,"x":0,"y":0}
[completion-event] {"processOrdinal":2,"v":1,"event":13,"begin":"14624503250","end":"14624510042","thread":20,"request":14,"reference":null,"job":null,"n":6,"x":0,"y":100}
[completion-event] {"processOrdinal":2,"v":1,"event":10,"begin":"15076608584","end":"15215078042","thread":21,"request":15,"reference":null,"job":null,"n":15,"x":7,"y":0}
[completion-event] {"processOrdinal":2,"v":1,"event":11,"begin":"15215078042","end":"15215108750","thread":21,"request":15,"reference":null,"job":null,"n":6,"x":0,"y":0}
[completion-event] {"processOrdinal":2,"v":1,"event":12,"begin":"15215108750","end":"15215119834","thread":21,"request":15,"reference":null,"job":null,"n":6,"x":0,"y":0}
[completion-event] {"processOrdinal":2,"v":1,"event":13,"begin":"15215119834","end":"15215126375","thread":21,"request":15,"reference":null,"job":null,"n":6,"x":0,"y":100}
[completion-event] {"processOrdinal":2,"v":1,"event":10,"begin":"15666154250","end":"15800028125","thread":22,"request":16,"reference":null,"job":null,"n":15,"x":7,"y":0}
[completion-event] {"processOrdinal":2,"v":1,"event":11,"begin":"15800028125","end":"15800060875","thread":22,"request":16,"reference":null,"job":null,"n":6,"x":0,"y":0}
[completion-event] {"processOrdinal":2,"v":1,"event":12,"begin":"15800060875","end":"15800072209","thread":22,"request":16,"reference":null,"job":null,"n":6,"x":0,"y":0}
[completion-event] {"processOrdinal":2,"v":1,"event":13,"begin":"15800072209","end":"15800078042","thread":22,"request":16,"reference":null,"job":null,"n":6,"x":0,"y":100}
[completion-event] {"processOrdinal":2,"v":1,"event":10,"begin":"16249509542","end":"16387297709","thread":23,"request":17,"reference":null,"job":null,"n":15,"x":7,"y":0}
[completion-event] {"processOrdinal":2,"v":1,"event":11,"begin":"16387297709","end":"16387331667","thread":23,"request":17,"reference":null,"job":null,"n":6,"x":0,"y":0}
[completion-event] {"processOrdinal":2,"v":1,"event":12,"begin":"16387331667","end":"16387343292","thread":23,"request":17,"reference":null,"job":null,"n":6,"x":0,"y":0}
[completion-event] {"processOrdinal":2,"v":1,"event":13,"begin":"16387343292","end":"16387349375","thread":23,"request":17,"reference":null,"job":null,"n":6,"x":0,"y":100}
[completion-event] {"processOrdinal":2,"v":1,"event":10,"begin":"16841836750","end":"16976961375","thread":24,"request":18,"reference":null,"job":null,"n":15,"x":7,"y":0}
[completion-event] {"processOrdinal":2,"v":1,"event":11,"begin":"16976961375","end":"16976991417","thread":24,"request":18,"reference":null,"job":null,"n":6,"x":0,"y":0}
[completion-event] {"processOrdinal":2,"v":1,"event":12,"begin":"16976991417","end":"16977003125","thread":24,"request":18,"reference":null,"job":null,"n":6,"x":0,"y":0}
[completion-event] {"processOrdinal":2,"v":1,"event":13,"begin":"16977003125","end":"16977009625","thread":24,"request":18,"reference":null,"job":null,"n":6,"x":0,"y":100}
[completion-event] {"processOrdinal":2,"v":1,"event":10,"begin":"17427180500","end":"17564202667","thread":25,"request":19,"reference":null,"job":null,"n":15,"x":7,"y":0}
[completion-event] {"processOrdinal":2,"v":1,"event":11,"begin":"17564202667","end":"17564237500","thread":25,"request":19,"reference":null,"job":null,"n":6,"x":0,"y":0}
[completion-event] {"processOrdinal":2,"v":1,"event":12,"begin":"17564237500","end":"17564249334","thread":25,"request":19,"reference":null,"job":null,"n":6,"x":0,"y":0}
[completion-event] {"processOrdinal":2,"v":1,"event":13,"begin":"17564249334","end":"17564255292","thread":25,"request":19,"reference":null,"job":null,"n":6,"x":0,"y":100}
[completion-event] {"processOrdinal":2,"v":1,"event":10,"begin":"18012104334","end":"18150136792","thread":26,"request":20,"reference":null,"job":null,"n":15,"x":7,"y":0}
[completion-event] {"processOrdinal":2,"v":1,"event":11,"begin":"18150136792","end":"18150174667","thread":26,"request":20,"reference":null,"job":null,"n":6,"x":0,"y":0}
[completion-event] {"processOrdinal":2,"v":1,"event":12,"begin":"18150174667","end":"18150185542","thread":26,"request":20,"reference":null,"job":null,"n":6,"x":0,"y":0}
[completion-event] {"processOrdinal":2,"v":1,"event":13,"begin":"18150185542","end":"18150191667","thread":26,"request":20,"reference":null,"job":null,"n":6,"x":0,"y":100}
[completion-event] {"processOrdinal":2,"v":1,"event":10,"begin":"18601506625","end":"18781016834","thread":27,"request":21,"reference":null,"job":null,"n":15,"x":7,"y":0}
[completion-event] {"processOrdinal":2,"v":1,"event":11,"begin":"18781016834","end":"18781046750","thread":27,"request":21,"reference":null,"job":null,"n":6,"x":0,"y":0}
[completion-event] {"processOrdinal":2,"v":1,"event":12,"begin":"18781046750","end":"18781057875","thread":27,"request":21,"reference":null,"job":null,"n":6,"x":0,"y":0}
[completion-event] {"processOrdinal":2,"v":1,"event":13,"begin":"18781057875","end":"18781064584","thread":27,"request":21,"reference":null,"job":null,"n":6,"x":0,"y":100}
[completion-event] {"processOrdinal":2,"v":1,"event":10,"begin":"19232191709","end":"19378722709","thread":28,"request":22,"reference":null,"job":null,"n":16,"x":8,"y":0}
[completion-event] {"processOrdinal":2,"v":1,"event":11,"begin":"19378722709","end":"19378758167","thread":28,"request":22,"reference":null,"job":null,"n":6,"x":0,"y":0}
[completion-event] {"processOrdinal":2,"v":1,"event":12,"begin":"19378758167","end":"19378769375","thread":28,"request":22,"reference":null,"job":null,"n":6,"x":0,"y":0}
[completion-event] {"processOrdinal":2,"v":1,"event":13,"begin":"19378769375","end":"19378775375","thread":28,"request":22,"reference":null,"job":null,"n":6,"x":0,"y":100}
[completion-event] {"processOrdinal":2,"v":1,"event":10,"begin":"19828896792","end":"19977128667","thread":29,"request":23,"reference":null,"job":null,"n":16,"x":8,"y":0}
[completion-event] {"processOrdinal":2,"v":1,"event":11,"begin":"19977128667","end":"19977162459","thread":29,"request":23,"reference":null,"job":null,"n":6,"x":0,"y":0}
[completion-event] {"processOrdinal":2,"v":1,"event":12,"begin":"19977162459","end":"19977173584","thread":29,"request":23,"reference":null,"job":null,"n":6,"x":0,"y":0}
[completion-event] {"processOrdinal":2,"v":1,"event":13,"begin":"19977173584","end":"19977179500","thread":29,"request":23,"reference":null,"job":null,"n":6,"x":0,"y":100}
[completion-event] {"processOrdinal":2,"v":1,"event":10,"begin":"20428186750","end":"20573737959","thread":30,"request":24,"reference":null,"job":null,"n":16,"x":8,"y":0}
[completion-event] {"processOrdinal":2,"v":1,"event":11,"begin":"20573737959","end":"20573771625","thread":30,"request":24,"reference":null,"job":null,"n":6,"x":0,"y":0}
[completion-event] {"processOrdinal":2,"v":1,"event":12,"begin":"20573771625","end":"20573783000","thread":30,"request":24,"reference":null,"job":null,"n":6,"x":0,"y":0}
[completion-event] {"processOrdinal":2,"v":1,"event":13,"begin":"20573783000","end":"20573789334","thread":30,"request":24,"reference":null,"job":null,"n":6,"x":0,"y":100}
[completion-event] {"processOrdinal":2,"v":1,"event":10,"begin":"21027107292","end":"21173300375","thread":31,"request":25,"reference":null,"job":null,"n":16,"x":8,"y":0}
[completion-event] {"processOrdinal":2,"v":1,"event":11,"begin":"21173300375","end":"21173335000","thread":31,"request":25,"reference":null,"job":null,"n":6,"x":0,"y":0}
[completion-event] {"processOrdinal":2,"v":1,"event":12,"begin":"21173335000","end":"21173346042","thread":31,"request":25,"reference":null,"job":null,"n":6,"x":0,"y":0}
[completion-event] {"processOrdinal":2,"v":1,"event":13,"begin":"21173346042","end":"21173352417","thread":31,"request":25,"reference":null,"job":null,"n":6,"x":0,"y":100}
[completion-event] {"processOrdinal":2,"v":1,"event":10,"begin":"21625675834","end":"21772951417","thread":32,"request":26,"reference":null,"job":null,"n":16,"x":8,"y":0}
[completion-event] {"processOrdinal":2,"v":1,"event":11,"begin":"21772951417","end":"21772987500","thread":32,"request":26,"reference":null,"job":null,"n":6,"x":0,"y":0}
[completion-event] {"processOrdinal":2,"v":1,"event":12,"begin":"21772987500","end":"21772999125","thread":32,"request":26,"reference":null,"job":null,"n":6,"x":0,"y":0}
[completion-event] {"processOrdinal":2,"v":1,"event":13,"begin":"21772999125","end":"21773005667","thread":32,"request":26,"reference":null,"job":null,"n":6,"x":0,"y":100}
[completion-event] {"processOrdinal":2,"v":1,"event":10,"begin":"22226248584","end":"22372381917","thread":33,"request":27,"reference":null,"job":null,"n":16,"x":8,"y":0}
[completion-event] {"processOrdinal":2,"v":1,"event":11,"begin":"22372381917","end":"22372420292","thread":33,"request":27,"reference":null,"job":null,"n":6,"x":0,"y":0}
[completion-event] {"processOrdinal":2,"v":1,"event":12,"begin":"22372420292","end":"22372430917","thread":33,"request":27,"reference":null,"job":null,"n":6,"x":0,"y":0}
[completion-event] {"processOrdinal":2,"v":1,"event":13,"begin":"22372430917","end":"22372437250","thread":33,"request":27,"reference":null,"job":null,"n":6,"x":0,"y":100}
[completion-event] {"processOrdinal":2,"v":1,"event":10,"begin":"22824904834","end":"22974854250","thread":34,"request":28,"reference":null,"job":null,"n":16,"x":8,"y":0}
[completion-event] {"processOrdinal":2,"v":1,"event":11,"begin":"22974854250","end":"22974890250","thread":34,"request":28,"reference":null,"job":null,"n":6,"x":0,"y":0}
[completion-event] {"processOrdinal":2,"v":1,"event":12,"begin":"22974890250","end":"22974900875","thread":34,"request":28,"reference":null,"job":null,"n":6,"x":0,"y":0}
[completion-event] {"processOrdinal":2,"v":1,"event":13,"begin":"22974900875","end":"22974907084","thread":34,"request":28,"reference":null,"job":null,"n":6,"x":0,"y":100}
[completion-event] {"processOrdinal":2,"v":1,"event":10,"begin":"23427773209","end":"23574073042","thread":35,"request":29,"reference":null,"job":null,"n":16,"x":8,"y":0}
[completion-event] {"processOrdinal":2,"v":1,"event":11,"begin":"23574073042","end":"23574105917","thread":35,"request":29,"reference":null,"job":null,"n":6,"x":0,"y":0}
[completion-event] {"processOrdinal":2,"v":1,"event":12,"begin":"23574105917","end":"23574117292","thread":35,"request":29,"reference":null,"job":null,"n":6,"x":0,"y":0}
[completion-event] {"processOrdinal":2,"v":1,"event":13,"begin":"23574117292","end":"23574123709","thread":35,"request":29,"reference":null,"job":null,"n":6,"x":0,"y":100}
[completion-event] {"processOrdinal":2,"v":1,"event":10,"begin":"24026273834","end":"24175160084","thread":36,"request":30,"reference":null,"job":null,"n":16,"x":8,"y":0}
[completion-event] {"processOrdinal":2,"v":1,"event":11,"begin":"24175160084","end":"24175195875","thread":36,"request":30,"reference":null,"job":null,"n":6,"x":0,"y":0}
[completion-event] {"processOrdinal":2,"v":1,"event":12,"begin":"24175195875","end":"24175206834","thread":36,"request":30,"reference":null,"job":null,"n":6,"x":0,"y":0}
[completion-event] {"processOrdinal":2,"v":1,"event":13,"begin":"24175206834","end":"24175213584","thread":36,"request":30,"reference":null,"job":null,"n":6,"x":0,"y":100}
[completion-event] {"processOrdinal":2,"v":1,"event":10,"begin":"24628533167","end":"24774573834","thread":37,"request":31,"reference":null,"job":null,"n":16,"x":8,"y":0}
[completion-event] {"processOrdinal":2,"v":1,"event":11,"begin":"24774573834","end":"24774608417","thread":37,"request":31,"reference":null,"job":null,"n":6,"x":0,"y":0}
[completion-event] {"processOrdinal":2,"v":1,"event":12,"begin":"24774608417","end":"24774619292","thread":37,"request":31,"reference":null,"job":null,"n":6,"x":0,"y":0}
[completion-event] {"processOrdinal":2,"v":1,"event":13,"begin":"24774619292","end":"24774625209","thread":37,"request":31,"reference":null,"job":null,"n":6,"x":0,"y":100}
[completion-event] {"processOrdinal":2,"v":1,"event":10,"begin":"25226971167","end":"25374757917","thread":38,"request":32,"reference":null,"job":null,"n":16,"x":8,"y":0}
[completion-event] {"processOrdinal":2,"v":1,"event":11,"begin":"25374757917","end":"25374795084","thread":38,"request":32,"reference":null,"job":null,"n":6,"x":0,"y":0}
[completion-event] {"processOrdinal":2,"v":1,"event":12,"begin":"25374795084","end":"25374806792","thread":38,"request":32,"reference":null,"job":null,"n":6,"x":0,"y":0}
[completion-event] {"processOrdinal":2,"v":1,"event":13,"begin":"25374806792","end":"25374813000","thread":38,"request":32,"reference":null,"job":null,"n":6,"x":0,"y":100}
[completion-event] {"processOrdinal":2,"v":1,"event":10,"begin":"25828721542","end":"25975492292","thread":39,"request":33,"reference":null,"job":null,"n":16,"x":8,"y":0}
[completion-event] {"processOrdinal":2,"v":1,"event":11,"begin":"25975492292","end":"25975527542","thread":39,"request":33,"reference":null,"job":null,"n":6,"x":0,"y":0}
[completion-event] {"processOrdinal":2,"v":1,"event":12,"begin":"25975527542","end":"25975539209","thread":39,"request":33,"reference":null,"job":null,"n":6,"x":0,"y":0}
[completion-event] {"processOrdinal":2,"v":1,"event":13,"begin":"25975539209","end":"25975545375","thread":39,"request":33,"reference":null,"job":null,"n":6,"x":0,"y":100}
[completion-event] {"processOrdinal":2,"v":1,"event":10,"begin":"26426321334","end":"26574110209","thread":40,"request":34,"reference":null,"job":null,"n":16,"x":8,"y":0}
[completion-event] {"processOrdinal":2,"v":1,"event":11,"begin":"26574110209","end":"26574145959","thread":40,"request":34,"reference":null,"job":null,"n":6,"x":0,"y":0}
[completion-event] {"processOrdinal":2,"v":1,"event":12,"begin":"26574145959","end":"26574156750","thread":40,"request":34,"reference":null,"job":null,"n":6,"x":0,"y":0}
[completion-event] {"processOrdinal":2,"v":1,"event":13,"begin":"26574156750","end":"26574162625","thread":40,"request":34,"reference":null,"job":null,"n":6,"x":0,"y":100}
[completion-event] {"processOrdinal":2,"v":1,"event":10,"begin":"27025606500","end":"27215138209","thread":41,"request":35,"reference":null,"job":null,"n":16,"x":8,"y":0}
[completion-event] {"processOrdinal":2,"v":1,"event":11,"begin":"27215138209","end":"27215170584","thread":41,"request":35,"reference":null,"job":null,"n":6,"x":0,"y":0}
[completion-event] {"processOrdinal":2,"v":1,"event":12,"begin":"27215170584","end":"27215181584","thread":41,"request":35,"reference":null,"job":null,"n":6,"x":0,"y":0}
[completion-event] {"processOrdinal":2,"v":1,"event":13,"begin":"27215181584","end":"27215188417","thread":41,"request":35,"reference":null,"job":null,"n":6,"x":0,"y":100}
[completion-event] {"processOrdinal":2,"v":1,"event":10,"begin":"27667497459","end":"27826805042","thread":42,"request":36,"reference":null,"job":null,"n":18,"x":9,"y":0}
[completion-event] {"processOrdinal":2,"v":1,"event":11,"begin":"27826805042","end":"27826845500","thread":42,"request":36,"reference":null,"job":null,"n":7,"x":0,"y":0}
[completion-event] {"processOrdinal":2,"v":1,"event":12,"begin":"27826845500","end":"27826860417","thread":42,"request":36,"reference":null,"job":null,"n":7,"x":0,"y":0}
[completion-event] {"processOrdinal":2,"v":1,"event":13,"begin":"27826860417","end":"27826867584","thread":42,"request":36,"reference":null,"job":null,"n":7,"x":0,"y":100}
[completion-event] {"processOrdinal":2,"v":1,"event":10,"begin":"28288126542","end":"28448653625","thread":43,"request":37,"reference":null,"job":null,"n":18,"x":9,"y":0}
[completion-event] {"processOrdinal":2,"v":1,"event":11,"begin":"28448653625","end":"28448692084","thread":43,"request":37,"reference":null,"job":null,"n":7,"x":0,"y":0}
[completion-event] {"processOrdinal":2,"v":1,"event":12,"begin":"28448692084","end":"28448705667","thread":43,"request":37,"reference":null,"job":null,"n":7,"x":0,"y":0}
[completion-event] {"processOrdinal":2,"v":1,"event":13,"begin":"28448705667","end":"28448712500","thread":43,"request":37,"reference":null,"job":null,"n":7,"x":0,"y":100}
[completion-event] {"processOrdinal":2,"v":1,"event":10,"begin":"28904731750","end":"29064317334","thread":44,"request":38,"reference":null,"job":null,"n":18,"x":9,"y":0}
[completion-event] {"processOrdinal":2,"v":1,"event":11,"begin":"29064317334","end":"29064363000","thread":44,"request":38,"reference":null,"job":null,"n":7,"x":0,"y":0}
[completion-event] {"processOrdinal":2,"v":1,"event":12,"begin":"29064363000","end":"29064378375","thread":44,"request":38,"reference":null,"job":null,"n":7,"x":0,"y":0}
[completion-event] {"processOrdinal":2,"v":1,"event":13,"begin":"29064378375","end":"29064384959","thread":44,"request":38,"reference":null,"job":null,"n":7,"x":0,"y":100}
[completion-event] {"processOrdinal":2,"v":1,"event":10,"begin":"29517335834","end":"29677880167","thread":45,"request":39,"reference":null,"job":null,"n":18,"x":9,"y":0}
[completion-event] {"processOrdinal":2,"v":1,"event":11,"begin":"29677880167","end":"29677920000","thread":45,"request":39,"reference":null,"job":null,"n":7,"x":0,"y":0}
[completion-event] {"processOrdinal":2,"v":1,"event":12,"begin":"29677920000","end":"29677934959","thread":45,"request":39,"reference":null,"job":null,"n":7,"x":0,"y":0}
[completion-event] {"processOrdinal":2,"v":1,"event":13,"begin":"29677934959","end":"29677941875","thread":45,"request":39,"reference":null,"job":null,"n":7,"x":0,"y":100}
[completion-event] {"processOrdinal":2,"v":1,"event":10,"begin":"30132215375","end":"30289261875","thread":46,"request":40,"reference":null,"job":null,"n":18,"x":9,"y":0}
[completion-event] {"processOrdinal":2,"v":1,"event":11,"begin":"30289261875","end":"30289301542","thread":46,"request":40,"reference":null,"job":null,"n":7,"x":0,"y":0}
[completion-event] {"processOrdinal":2,"v":1,"event":12,"begin":"30289301542","end":"30289315709","thread":46,"request":40,"reference":null,"job":null,"n":7,"x":0,"y":0}
[completion-event] {"processOrdinal":2,"v":1,"event":13,"begin":"30289315709","end":"30289322959","thread":46,"request":40,"reference":null,"job":null,"n":7,"x":0,"y":100}
[completion-event] {"processOrdinal":2,"v":1,"event":10,"begin":"30741943875","end":"30899879334","thread":47,"request":41,"reference":null,"job":null,"n":18,"x":9,"y":0}
[completion-event] {"processOrdinal":2,"v":1,"event":11,"begin":"30899879334","end":"30899918417","thread":47,"request":41,"reference":null,"job":null,"n":7,"x":0,"y":0}
[completion-event] {"processOrdinal":2,"v":1,"event":12,"begin":"30899918417","end":"30899932709","thread":47,"request":41,"reference":null,"job":null,"n":7,"x":0,"y":0}
[completion-event] {"processOrdinal":2,"v":1,"event":13,"begin":"30899932709","end":"30899939875","thread":47,"request":41,"reference":null,"job":null,"n":7,"x":0,"y":100}
[completion-event] {"processOrdinal":2,"v":1,"event":10,"begin":"31353069792","end":"31512162084","thread":48,"request":42,"reference":null,"job":null,"n":18,"x":9,"y":0}
[completion-event] {"processOrdinal":2,"v":1,"event":11,"begin":"31512162084","end":"31512203500","thread":48,"request":42,"reference":null,"job":null,"n":7,"x":0,"y":0}
[completion-event] {"processOrdinal":2,"v":1,"event":12,"begin":"31512203500","end":"31512217542","thread":48,"request":42,"reference":null,"job":null,"n":7,"x":0,"y":0}
[completion-event] {"processOrdinal":2,"v":1,"event":13,"begin":"31512217542","end":"31512224167","thread":48,"request":42,"reference":null,"job":null,"n":7,"x":0,"y":100}
[completion-event] {"processOrdinal":2,"v":1,"event":10,"begin":"31965096292","end":"32149828542","thread":49,"request":43,"reference":null,"job":null,"n":18,"x":9,"y":0}
[completion-event] {"processOrdinal":2,"v":1,"event":11,"begin":"32149828542","end":"32149865042","thread":49,"request":43,"reference":null,"job":null,"n":7,"x":0,"y":0}
[completion-event] {"processOrdinal":2,"v":1,"event":12,"begin":"32149865042","end":"32149879250","thread":49,"request":43,"reference":null,"job":null,"n":7,"x":0,"y":0}
[completion-event] {"processOrdinal":2,"v":1,"event":13,"begin":"32149879250","end":"32149886417","thread":49,"request":43,"reference":null,"job":null,"n":7,"x":0,"y":100}
[completion-event] {"processOrdinal":2,"v":1,"event":10,"begin":"33192422125","end":"33357200209","thread":50,"request":44,"reference":null,"job":null,"n":19,"x":10,"y":0}
[completion-event] {"processOrdinal":2,"v":1,"event":11,"begin":"33357200209","end":"33357240292","thread":50,"request":44,"reference":null,"job":null,"n":7,"x":0,"y":0}
[completion-event] {"processOrdinal":2,"v":1,"event":12,"begin":"33357240292","end":"33357253750","thread":50,"request":44,"reference":null,"job":null,"n":7,"x":0,"y":0}
[completion-event] {"processOrdinal":2,"v":1,"event":13,"begin":"33357253750","end":"33357260042","thread":50,"request":44,"reference":null,"job":null,"n":7,"x":0,"y":100}
[completion-observation-status] {"processOrdinal":2,"status":"observed","code":"none","rows":176,"bytes":27309,"selected":null}
[timeline-page-observation-status] {"cycles":232,"invalid":0,"summaries":[{"cycle":1,"processOrdinal":1,"timelineOrdinal":1,"kind":"complete","elapsedMs":2.483416000000034,"pages":1,"totalChanged":false,"mixedStates":false,"code":"none"},{"cycle":2,"processOrdinal":1,"timelineOrdinal":2,"kind":"complete","elapsedMs":2.009875000000193,"pages":1,"totalChanged":false,"mixedStates":false,"code":"none"},{"cycle":3,"processOrdinal":1,"timelineOrdinal":3,"kind":"complete","elapsedMs":1.7551659999999174,"pages":1,"totalChanged":false,"mixedStates":false,"code":"none"},{"cycle":4,"processOrdinal":1,"timelineOrdinal":4,"kind":"complete","elapsedMs":1.825249999999869,"pages":1,"totalChanged":false,"mixedStates":false,"code":"none"},{"cycle":5,"processOrdinal":1,"timelineOrdinal":5,"kind":"complete","elapsedMs":1.8543750000003456,"pages":1,"totalChanged":false,"mixedStates":false,"code":"none"},{"cycle":6,"processOrdinal":1,"timelineOrdinal":6,"kind":"complete","elapsedMs":1.759791999999834,"pages":1,"totalChanged":false,"mixedStates":false,"code":"none"},{"cycle":7,"processOrdinal":1,"timelineOrdinal":7,"kind":"complete","elapsedMs":1.8522499999999127,"pages":1,"totalChanged":false,"mixedStates":false,"code":"none"},{"cycle":8,"processOrdinal":1,"timelineOrdinal":8,"kind":"complete","elapsedMs":1.7091669999999795,"pages":1,"totalChanged":false,"mixedStates":false,"code":"none"},{"cycle":9,"processOrdinal":1,"timelineOrdinal":9,"kind":"complete","elapsedMs":1.6874579999998787,"pages":1,"totalChanged":false,"mixedStates":false,"code":"none"},{"cycle":10,"processOrdinal":1,"timelineOrdinal":10,"kind":"complete","elapsedMs":1.5035419999999249,"pages":1,"totalChanged":false,"mixedStates":false,"code":"none"},{"cycle":11,"processOrdinal":1,"timelineOrdinal":11,"kind":"complete","elapsedMs":1.6588329999999587,"pages":1,"totalChanged":false,"mixedStates":false,"code":"none"},{"cycle":12,"processOrdinal":1,"timelineOrdinal":12,"kind":"complete","elapsedMs":1.7748750000000655,"pages":1,"totalChanged":false,"mixedStates":false,"code":"none"},{"cycle":13,"processOrdinal":1,"timelineOrdinal":13,"kind":"complete","elapsedMs":1.7891670000003614,"pages":1,"totalChanged":false,"mixedStates":false,"code":"none"},{"cycle":14,"processOrdinal":1,"timelineOrdinal":14,"kind":"complete","elapsedMs":1.7475840000006428,"pages":1,"totalChanged":false,"mixedStates":false,"code":"none"},{"cycle":15,"processOrdinal":1,"timelineOrdinal":15,"kind":"complete","elapsedMs":1.6094999999995707,"pages":1,"totalChanged":false,"mixedStates":false,"code":"none"},{"cycle":16,"processOrdinal":1,"timelineOrdinal":16,"kind":"complete","elapsedMs":1.6836670000002414,"pages":1,"totalChanged":false,"mixedStates":false,"code":"none"},{"cycle":17,"processOrdinal":1,"timelineOrdinal":17,"kind":"complete","elapsedMs":1.748583000000508,"pages":1,"totalChanged":false,"mixedStates":false,"code":"none"},{"cycle":18,"processOrdinal":1,"timelineOrdinal":18,"kind":"complete","elapsedMs":1.5157909999998083,"pages":1,"totalChanged":false,"mixedStates":false,"code":"none"},{"cycle":19,"processOrdinal":1,"timelineOrdinal":19,"kind":"complete","elapsedMs":1.6199159999996482,"pages":1,"totalChanged":false,"mixedStates":false,"code":"none"},{"cycle":20,"processOrdinal":1,"timelineOrdinal":20,"kind":"complete","elapsedMs":1.7957500000002256,"pages":1,"totalChanged":false,"mixedStates":false,"code":"none"},{"cycle":21,"processOrdinal":1,"timelineOrdinal":21,"kind":"complete","elapsedMs":1.5562920000002123,"pages":1,"totalChanged":false,"mixedStates":false,"code":"none"},{"cycle":22,"processOrdinal":1,"timelineOrdinal":22,"kind":"complete","elapsedMs":1.8155830000005153,"pages":1,"totalChanged":false,"mixedStates":false,"code":"none"},{"cycle":23,"processOrdinal":1,"timelineOrdinal":23,"kind":"complete","elapsedMs":1.6830829999998969,"pages":1,"totalChanged":false,"mixedStates":false,"code":"none"},{"cycle":24,"processOrdinal":1,"timelineOrdinal":24,"kind":"complete","elapsedMs":1.538249999999607,"pages":1,"totalChanged":false,"mixedStates":false,"code":"none"},{"cycle":25,"processOrdinal":1,"timelineOrdinal":25,"kind":"complete","elapsedMs":1.497917000000598,"pages":1,"totalChanged":false,"mixedStates":false,"code":"none"},{"cycle":26,"processOrdinal":1,"timelineOrdinal":26,"kind":"complete","elapsedMs":1.6210829999999987,"pages":1,"totalChanged":false,"mixedStates":false,"code":"none"},{"cycle":27,"processOrdinal":1,"timelineOrdinal":27,"kind":"complete","elapsedMs":1.8614999999999782,"pages":1,"totalChanged":false,"mixedStates":false,"code":"none"},{"cycle":28,"processOrdinal":1,"timelineOrdinal":28,"kind":"complete","elapsedMs":1.7082089999994423,"pages":1,"totalChanged":false,"mixedStates":false,"code":"none"},{"cycle":29,"processOrdinal":1,"timelineOrdinal":29,"kind":"complete","elapsedMs":1.901082999999744,"pages":1,"totalChanged":false,"mixedStates":false,"code":"none"},{"cycle":30,"processOrdinal":1,"timelineOrdinal":30,"kind":"complete","elapsedMs":1.7209170000005543,"pages":1,"totalChanged":false,"mixedStates":false,"code":"none"},{"cycle":31,"processOrdinal":1,"timelineOrdinal":31,"kind":"complete","elapsedMs":1.6625829999993584,"pages":1,"totalChanged":false,"mixedStates":false,"code":"none"},{"cycle":32,"processOrdinal":1,"timelineOrdinal":32,"kind":"complete","elapsedMs":1.8213329999998678,"pages":1,"totalChanged":false,"mixedStates":false,"code":"none"},{"cycle":33,"processOrdinal":1,"timelineOrdinal":33,"kind":"complete","elapsedMs":1.5532079999993584,"pages":1,"totalChanged":false,"mixedStates":false,"code":"none"},{"cycle":34,"processOrdinal":1,"timelineOrdinal":34,"kind":"complete","elapsedMs":1.50841599999967,"pages":1,"totalChanged":false,"mixedStates":false,"code":"none"},{"cycle":35,"processOrdinal":1,"timelineOrdinal":35,"kind":"complete","elapsedMs":1.7393750000001091,"pages":1,"totalChanged":false,"mixedStates":false,"code":"none"},{"cycle":36,"processOrdinal":1,"timelineOrdinal":36,"kind":"complete","elapsedMs":1.8207080000001952,"pages":1,"totalChanged":false,"mixedStates":false,"code":"none"},{"cycle":37,"processOrdinal":1,"timelineOrdinal":37,"kind":"complete","elapsedMs":1.6731669999999212,"pages":1,"totalChanged":false,"mixedStates":false,"code":"none"},{"cycle":38,"processOrdinal":1,"timelineOrdinal":38,"kind":"complete","elapsedMs":1.570082999999613,"pages":1,"totalChanged":false,"mixedStates":false,"code":"none"},{"cycle":39,"processOrdinal":1,"timelineOrdinal":39,"kind":"complete","elapsedMs":1.488166999999521,"pages":1,"totalChanged":false,"mixedStates":false,"code":"none"},{"cycle":40,"processOrdinal":1,"timelineOrdinal":40,"kind":"complete","elapsedMs":1.6121670000002268,"pages":1,"totalChanged":false,"mixedStates":false,"code":"none"},{"cycle":41,"processOrdinal":1,"timelineOrdinal":41,"kind":"complete","elapsedMs":2.0070839999998498,"pages":1,"totalChanged":false,"mixedStates":false,"code":"none"},{"cycle":42,"processOrdinal":1,"timelineOrdinal":42,"kind":"complete","elapsedMs":1.5741670000006707,"pages":1,"totalChanged":false,"mixedStates":false,"code":"none"},{"cycle":43,"processOrdinal":1,"timelineOrdinal":43,"kind":"complete","elapsedMs":1.5654999999997017,"pages":1,"totalChanged":false,"mixedStates":false,"code":"none"},{"cycle":44,"processOrdinal":1,"timelineOrdinal":44,"kind":"complete","elapsedMs":1.715291000000434,"pages":1,"totalChanged":false,"mixedStates":false,"code":"none"},{"cycle":45,"processOrdinal":1,"timelineOrdinal":45,"kind":"complete","elapsedMs":2.547207999999955,"pages":1,"totalChanged":false,"mixedStates":false,"code":"none"},{"cycle":46,"processOrdinal":1,"timelineOrdinal":46,"kind":"complete","elapsedMs":1.676166000000194,"pages":1,"totalChanged":false,"mixedStates":false,"code":"none"},{"cycle":47,"processOrdinal":1,"timelineOrdinal":47,"kind":"complete","elapsedMs":1.4265000000004875,"pages":1,"totalChanged":false,"mixedStates":false,"code":"none"},{"cycle":48,"processOrdinal":1,"timelineOrdinal":48,"kind":"complete","elapsedMs":1.610458999999537,"pages":1,"totalChanged":false,"mixedStates":false,"code":"none"},{"cycle":49,"processOrdinal":1,"timelineOrdinal":49,"kind":"complete","elapsedMs":1.627958000000035,"pages":1,"totalChanged":false,"mixedStates":false,"code":"none"},{"cycle":50,"processOrdinal":1,"timelineOrdinal":50,"kind":"complete","elapsedMs":1.7114169999995283,"pages":1,"totalChanged":false,"mixedStates":false,"code":"none"},{"cycle":51,"processOrdinal":1,"timelineOrdinal":51,"kind":"complete","elapsedMs":1.6924159999998665,"pages":1,"totalChanged":false,"mixedStates":false,"code":"none"},{"cycle":52,"processOrdinal":1,"timelineOrdinal":52,"kind":"complete","elapsedMs":1.4268330000004426,"pages":1,"totalChanged":false,"mixedStates":false,"code":"none"},{"cycle":53,"processOrdinal":1,"timelineOrdinal":53,"kind":"complete","elapsedMs":1.551540999998906,"pages":1,"totalChanged":false,"mixedStates":false,"code":"none"},{"cycle":54,"processOrdinal":1,"timelineOrdinal":54,"kind":"complete","elapsedMs":1.5073749999992287,"pages":1,"totalChanged":false,"mixedStates":false,"code":"none"},{"cycle":55,"processOrdinal":1,"timelineOrdinal":55,"kind":"complete","elapsedMs":1.6856669999997393,"pages":1,"totalChanged":false,"mixedStates":false,"code":"none"},{"cycle":56,"processOrdinal":1,"timelineOrdinal":56,"kind":"complete","elapsedMs":1.5178329999998823,"pages":1,"totalChanged":false,"mixedStates":false,"code":"none"},{"cycle":57,"processOrdinal":1,"timelineOrdinal":57,"kind":"complete","elapsedMs":1.491582999999082,"pages":1,"totalChanged":false,"mixedStates":false,"code":"none"},{"cycle":58,"processOrdinal":1,"timelineOrdinal":58,"kind":"complete","elapsedMs":1.542874999999185,"pages":1,"totalChanged":false,"mixedStates":false,"code":"none"},{"cycle":59,"processOrdinal":1,"timelineOrdinal":59,"kind":"complete","elapsedMs":1.672166999998808,"pages":1,"totalChanged":false,"mixedStates":false,"code":"none"},{"cycle":60,"processOrdinal":1,"timelineOrdinal":60,"kind":"complete","elapsedMs":1.7434160000011616,"pages":1,"totalChanged":false,"mixedStates":false,"code":"none"},{"cycle":61,"processOrdinal":1,"timelineOrdinal":61,"kind":"complete","elapsedMs":1.7406659999996918,"pages":1,"totalChanged":false,"mixedStates":false,"code":"none"},{"cycle":62,"processOrdinal":1,"timelineOrdinal":62,"kind":"complete","elapsedMs":1.4968750000007276,"pages":1,"totalChanged":false,"mixedStates":false,"code":"none"},{"cycle":63,"processOrdinal":1,"timelineOrdinal":63,"kind":"complete","elapsedMs":1.5110829999994166,"pages":1,"totalChanged":false,"mixedStates":false,"code":"none"},{"cycle":64,"processOrdinal":1,"timelineOrdinal":64,"kind":"complete","elapsedMs":1.4590000000007421,"pages":1,"totalChanged":false,"mixedStates":false,"code":"none"},{"cycle":65,"processOrdinal":1,"timelineOrdinal":65,"kind":"complete","elapsedMs":1.7003329999988637,"pages":1,"totalChanged":false,"mixedStates":false,"code":"none"},{"cycle":66,"processOrdinal":1,"timelineOrdinal":66,"kind":"complete","elapsedMs":1.432582999999795,"pages":1,"totalChanged":false,"mixedStates":false,"code":"none"},{"cycle":67,"processOrdinal":1,"timelineOrdinal":67,"kind":"complete","elapsedMs":1.542790999999852,"pages":1,"totalChanged":false,"mixedStates":false,"code":"none"},{"cycle":68,"processOrdinal":1,"timelineOrdinal":68,"kind":"complete","elapsedMs":1.6240410000009433,"pages":1,"totalChanged":false,"mixedStates":false,"code":"none"},{"cycle":69,"processOrdinal":1,"timelineOrdinal":69,"kind":"complete","elapsedMs":1.401625000000422,"pages":1,"totalChanged":false,"mixedStates":false,"code":"none"},{"cycle":70,"processOrdinal":1,"timelineOrdinal":70,"kind":"complete","elapsedMs":1.6167080000013812,"pages":1,"totalChanged":false,"mixedStates":false,"code":"none"},{"cycle":71,"processOrdinal":1,"timelineOrdinal":71,"kind":"complete","elapsedMs":1.7057920000006561,"pages":1,"totalChanged":false,"mixedStates":false,"code":"none"},{"cycle":72,"processOrdinal":1,"timelineOrdinal":72,"kind":"complete","elapsedMs":1.5210839999999735,"pages":1,"totalChanged":false,"mixedStates":false,"code":"none"},{"cycle":73,"processOrdinal":1,"timelineOrdinal":73,"kind":"complete","elapsedMs":1.5847079999984999,"pages":1,"totalChanged":false,"mixedStates":false,"code":"none"},{"cycle":74,"processOrdinal":1,"timelineOrdinal":74,"kind":"complete","elapsedMs":1.5143750000006548,"pages":1,"totalChanged":false,"mixedStates":false,"code":"none"},{"cycle":75,"processOrdinal":1,"timelineOrdinal":75,"kind":"complete","elapsedMs":1.658499999999549,"pages":1,"totalChanged":false,"mixedStates":false,"code":"none"},{"cycle":76,"processOrdinal":1,"timelineOrdinal":76,"kind":"complete","elapsedMs":1.571208999999726,"pages":1,"totalChanged":false,"mixedStates":false,"code":"none"},{"cycle":77,"processOrdinal":1,"timelineOrdinal":77,"kind":"complete","elapsedMs":1.6051659999993717,"pages":1,"totalChanged":false,"mixedStates":false,"code":"none"},{"cycle":78,"processOrdinal":1,"timelineOrdinal":78,"kind":"complete","elapsedMs":1.5400000000008731,"pages":1,"totalChanged":false,"mixedStates":false,"code":"none"},{"cycle":79,"processOrdinal":1,"timelineOrdinal":79,"kind":"complete","elapsedMs":1.5139170000002196,"pages":1,"totalChanged":false,"mixedStates":false,"code":"none"},{"cycle":80,"processOrdinal":1,"timelineOrdinal":80,"kind":"complete","elapsedMs":1.5846670000009908,"pages":1,"totalChanged":false,"mixedStates":false,"code":"none"},{"cycle":81,"processOrdinal":1,"timelineOrdinal":81,"kind":"complete","elapsedMs":1.657708000000639,"pages":1,"totalChanged":false,"mixedStates":false,"code":"none"},{"cycle":82,"processOrdinal":1,"timelineOrdinal":82,"kind":"complete","elapsedMs":1.6131249999998545,"pages":1,"totalChanged":false,"mixedStates":false,"code":"none"},{"cycle":83,"processOrdinal":1,"timelineOrdinal":83,"kind":"complete","elapsedMs":13.36120800000026,"pages":1,"totalChanged":false,"mixedStates":false,"code":"none"},{"cycle":84,"processOrdinal":1,"timelineOrdinal":84,"kind":"complete","elapsedMs":15.006749999998647,"pages":1,"totalChanged":false,"mixedStates":false,"code":"none"},{"cycle":85,"processOrdinal":1,"timelineOrdinal":85,"kind":"complete","elapsedMs":13.003624999999374,"pages":1,"totalChanged":false,"mixedStates":false,"code":"none"},{"cycle":86,"processOrdinal":1,"timelineOrdinal":86,"kind":"complete","elapsedMs":13.578958000000057,"pages":1,"totalChanged":false,"mixedStates":false,"code":"none"},{"cycle":87,"processOrdinal":1,"timelineOrdinal":87,"kind":"complete","elapsedMs":13.159042000001136,"pages":1,"totalChanged":false,"mixedStates":false,"code":"none"},{"cycle":88,"processOrdinal":1,"timelineOrdinal":88,"kind":"complete","elapsedMs":12.882207999999082,"pages":1,"totalChanged":false,"mixedStates":false,"code":"none"},{"cycle":89,"processOrdinal":1,"timelineOrdinal":89,"kind":"complete","elapsedMs":14.450875000000451,"pages":1,"totalChanged":false,"mixedStates":false,"code":"none"},{"cycle":90,"processOrdinal":1,"timelineOrdinal":90,"kind":"complete","elapsedMs":12.847750000000815,"pages":1,"totalChanged":false,"mixedStates":false,"code":"none"},{"cycle":91,"processOrdinal":1,"timelineOrdinal":91,"kind":"complete","elapsedMs":12.931457999999111,"pages":1,"totalChanged":false,"mixedStates":false,"code":"none"},{"cycle":92,"processOrdinal":1,"timelineOrdinal":92,"kind":"complete","elapsedMs":12.987291999999798,"pages":1,"totalChanged":false,"mixedStates":false,"code":"none"},{"cycle":93,"processOrdinal":1,"timelineOrdinal":93,"kind":"complete","elapsedMs":13.164832999998907,"pages":1,"totalChanged":false,"mixedStates":false,"code":"none"},{"cycle":94,"processOrdinal":1,"timelineOrdinal":94,"kind":"complete","elapsedMs":13.310499999999593,"pages":1,"totalChanged":false,"mixedStates":false,"code":"none"},{"cycle":95,"processOrdinal":1,"timelineOrdinal":95,"kind":"complete","elapsedMs":13.688583000001017,"pages":1,"totalChanged":false,"mixedStates":false,"code":"none"},{"cycle":96,"processOrdinal":1,"timelineOrdinal":96,"kind":"complete","elapsedMs":12.98516600000039,"pages":1,"totalChanged":false,"mixedStates":false,"code":"none"},{"cycle":97,"processOrdinal":1,"timelineOrdinal":97,"kind":"complete","elapsedMs":12.96691600000122,"pages":1,"totalChanged":false,"mixedStates":false,"code":"none"},{"cycle":98,"processOrdinal":1,"timelineOrdinal":98,"kind":"complete","elapsedMs":14.690542000000278,"pages":1,"totalChanged":false,"mixedStates":false,"code":"none"},{"cycle":99,"processOrdinal":1,"timelineOrdinal":99,"kind":"complete","elapsedMs":12.834915999999794,"pages":1,"totalChanged":false,"mixedStates":false,"code":"none"},{"cycle":100,"processOrdinal":1,"timelineOrdinal":100,"kind":"complete","elapsedMs":13.32012500000019,"pages":1,"totalChanged":false,"mixedStates":false,"code":"none"},{"cycle":101,"processOrdinal":1,"timelineOrdinal":101,"kind":"complete","elapsedMs":12.933082999999897,"pages":1,"totalChanged":false,"mixedStates":false,"code":"none"},{"cycle":102,"processOrdinal":1,"timelineOrdinal":102,"kind":"complete","elapsedMs":14.244958999999653,"pages":1,"totalChanged":false,"mixedStates":false,"code":"none"},{"cycle":103,"processOrdinal":1,"timelineOrdinal":103,"kind":"complete","elapsedMs":12.9168750000008,"pages":1,"totalChanged":false,"mixedStates":false,"code":"none"},{"cycle":104,"processOrdinal":1,"timelineOrdinal":104,"kind":"complete","elapsedMs":12.426332999999431,"pages":1,"totalChanged":false,"mixedStates":false,"code":"none"},{"cycle":105,"processOrdinal":1,"timelineOrdinal":105,"kind":"complete","elapsedMs":13.142499999999927,"pages":1,"totalChanged":false,"mixedStates":false,"code":"none"},{"cycle":106,"processOrdinal":1,"timelineOrdinal":106,"kind":"complete","elapsedMs":13.602875000000495,"pages":1,"totalChanged":false,"mixedStates":false,"code":"none"},{"cycle":107,"processOrdinal":1,"timelineOrdinal":107,"kind":"complete","elapsedMs":13.048957999999402,"pages":1,"totalChanged":false,"mixedStates":false,"code":"none"},{"cycle":108,"processOrdinal":1,"timelineOrdinal":108,"kind":"complete","elapsedMs":13.029042000000118,"pages":1,"totalChanged":false,"mixedStates":false,"code":"none"},{"cycle":109,"processOrdinal":1,"timelineOrdinal":109,"kind":"complete","elapsedMs":13.352790999999343,"pages":1,"totalChanged":false,"mixedStates":false,"code":"none"},{"cycle":110,"processOrdinal":1,"timelineOrdinal":110,"kind":"complete","elapsedMs":13.66424999999981,"pages":1,"totalChanged":false,"mixedStates":false,"code":"none"},{"cycle":111,"processOrdinal":1,"timelineOrdinal":111,"kind":"complete","elapsedMs":12.931540999999925,"pages":1,"totalChanged":false,"mixedStates":false,"code":"none"},{"cycle":112,"processOrdinal":1,"timelineOrdinal":112,"kind":"complete","elapsedMs":13.010166000000027,"pages":1,"totalChanged":false,"mixedStates":false,"code":"none"},{"cycle":113,"processOrdinal":1,"timelineOrdinal":113,"kind":"complete","elapsedMs":12.919750000000931,"pages":1,"totalChanged":false,"mixedStates":false,"code":"none"},{"cycle":114,"processOrdinal":1,"timelineOrdinal":114,"kind":"complete","elapsedMs":13.350125000000844,"pages":1,"totalChanged":false,"mixedStates":false,"code":"none"},{"cycle":115,"processOrdinal":1,"timelineOrdinal":115,"kind":"complete","elapsedMs":13.223124999998618,"pages":1,"totalChanged":false,"mixedStates":false,"code":"none"},{"cycle":116,"processOrdinal":1,"timelineOrdinal":116,"kind":"complete","elapsedMs":13.840666000000056,"pages":1,"totalChanged":false,"mixedStates":false,"code":"none"},{"cycle":117,"processOrdinal":1,"timelineOrdinal":117,"kind":"complete","elapsedMs":13.06133299999965,"pages":1,"totalChanged":false,"mixedStates":false,"code":"none"},{"cycle":118,"processOrdinal":1,"timelineOrdinal":118,"kind":"complete","elapsedMs":13.3510839999999,"pages":1,"totalChanged":false,"mixedStates":false,"code":"none"},{"cycle":119,"processOrdinal":1,"timelineOrdinal":119,"kind":"complete","elapsedMs":13.161458000000493,"pages":1,"totalChanged":false,"mixedStates":false,"code":"none"},{"cycle":120,"processOrdinal":1,"timelineOrdinal":120,"kind":"complete","elapsedMs":12.763249999999971,"pages":1,"totalChanged":false,"mixedStates":false,"code":"none"},{"cycle":121,"processOrdinal":1,"timelineOrdinal":121,"kind":"complete","elapsedMs":14.880957999999737,"pages":1,"totalChanged":false,"mixedStates":false,"code":"none"},{"cycle":122,"processOrdinal":1,"timelineOrdinal":122,"kind":"complete","elapsedMs":13.400665999999546,"pages":1,"totalChanged":false,"mixedStates":false,"code":"none"},{"cycle":123,"processOrdinal":1,"timelineOrdinal":123,"kind":"complete","elapsedMs":14.091750000001412,"pages":1,"totalChanged":false,"mixedStates":false,"code":"none"},{"cycle":124,"processOrdinal":1,"timelineOrdinal":124,"kind":"complete","elapsedMs":14.043750000000728,"pages":1,"totalChanged":false,"mixedStates":false,"code":"none"},{"cycle":125,"processOrdinal":1,"timelineOrdinal":125,"kind":"complete","elapsedMs":13.67304200000035,"pages":1,"totalChanged":false,"mixedStates":false,"code":"none"},{"cycle":126,"processOrdinal":1,"timelineOrdinal":126,"kind":"complete","elapsedMs":13.10112499999741,"pages":1,"totalChanged":false,"mixedStates":false,"code":"none"},{"cycle":127,"processOrdinal":1,"timelineOrdinal":127,"kind":"complete","elapsedMs":13.180709000000206,"pages":1,"totalChanged":false,"mixedStates":false,"code":"none"},{"cycle":128,"processOrdinal":1,"timelineOrdinal":128,"kind":"complete","elapsedMs":12.97045799999978,"pages":1,"totalChanged":false,"mixedStates":false,"code":"none"},{"cycle":129,"processOrdinal":1,"timelineOrdinal":129,"kind":"complete","elapsedMs":12.775125000000116,"pages":1,"totalChanged":false,"mixedStates":false,"code":"none"},{"cycle":130,"processOrdinal":1,"timelineOrdinal":130,"kind":"complete","elapsedMs":17.232959000000847,"pages":1,"totalChanged":false,"mixedStates":false,"code":"none"},{"cycle":131,"processOrdinal":1,"timelineOrdinal":131,"kind":"complete","elapsedMs":13.031833000000915,"pages":1,"totalChanged":false,"mixedStates":false,"code":"none"},{"cycle":132,"processOrdinal":1,"timelineOrdinal":132,"kind":"complete","elapsedMs":13.03624999999738,"pages":1,"totalChanged":false,"mixedStates":false,"code":"none"},{"cycle":133,"processOrdinal":1,"timelineOrdinal":133,"kind":"complete","elapsedMs":13.175374999998894,"pages":1,"totalChanged":false,"mixedStates":false,"code":"none"},{"cycle":134,"processOrdinal":1,"timelineOrdinal":134,"kind":"complete","elapsedMs":13.590917000001355,"pages":1,"totalChanged":false,"mixedStates":false,"code":"none"},{"cycle":135,"processOrdinal":1,"timelineOrdinal":135,"kind":"complete","elapsedMs":13.628958999997849,"pages":1,"totalChanged":false,"mixedStates":false,"code":"none"},{"cycle":136,"processOrdinal":1,"timelineOrdinal":136,"kind":"complete","elapsedMs":12.837500000001455,"pages":1,"totalChanged":false,"mixedStates":false,"code":"none"},{"cycle":137,"processOrdinal":1,"timelineOrdinal":137,"kind":"complete","elapsedMs":13.220375000000786,"pages":1,"totalChanged":false,"mixedStates":false,"code":"none"},{"cycle":138,"processOrdinal":1,"timelineOrdinal":138,"kind":"complete","elapsedMs":13.421667000002344,"pages":1,"totalChanged":false,"mixedStates":false,"code":"none"},{"cycle":139,"processOrdinal":1,"timelineOrdinal":139,"kind":"complete","elapsedMs":14.86437499999738,"pages":1,"totalChanged":false,"mixedStates":false,"code":"none"},{"cycle":140,"processOrdinal":1,"timelineOrdinal":140,"kind":"complete","elapsedMs":13.212374999999156,"pages":1,"totalChanged":false,"mixedStates":false,"code":"none"},{"cycle":141,"processOrdinal":1,"timelineOrdinal":141,"kind":"complete","elapsedMs":13.493916999999783,"pages":1,"totalChanged":false,"mixedStates":false,"code":"none"},{"cycle":142,"processOrdinal":1,"timelineOrdinal":142,"kind":"complete","elapsedMs":13.500749999999243,"pages":1,"totalChanged":false,"mixedStates":false,"code":"none"},{"cycle":143,"processOrdinal":1,"timelineOrdinal":143,"kind":"complete","elapsedMs":12.92608299999847,"pages":1,"totalChanged":false,"mixedStates":false,"code":"none"},{"cycle":144,"processOrdinal":1,"timelineOrdinal":144,"kind":"complete","elapsedMs":12.710084000002098,"pages":1,"totalChanged":false,"mixedStates":false,"code":"none"},{"cycle":145,"processOrdinal":1,"timelineOrdinal":145,"kind":"complete","elapsedMs":14.086459000001923,"pages":1,"totalChanged":false,"mixedStates":false,"code":"none"},{"cycle":146,"processOrdinal":1,"timelineOrdinal":146,"kind":"complete","elapsedMs":13.528874999999971,"pages":1,"totalChanged":false,"mixedStates":false,"code":"none"},{"cycle":147,"processOrdinal":1,"timelineOrdinal":147,"kind":"complete","elapsedMs":13.26825000000099,"pages":1,"totalChanged":false,"mixedStates":false,"code":"none"},{"cycle":148,"processOrdinal":1,"timelineOrdinal":148,"kind":"complete","elapsedMs":13.36433400000169,"pages":1,"totalChanged":false,"mixedStates":false,"code":"none"},{"cycle":149,"processOrdinal":1,"timelineOrdinal":149,"kind":"complete","elapsedMs":12.835250000000087,"pages":1,"totalChanged":false,"mixedStates":false,"code":"none"},{"cycle":150,"processOrdinal":1,"timelineOrdinal":150,"kind":"complete","elapsedMs":13.325500000002648,"pages":1,"totalChanged":false,"mixedStates":false,"code":"none"},{"cycle":151,"processOrdinal":1,"timelineOrdinal":151,"kind":"complete","elapsedMs":13.138500000000931,"pages":1,"totalChanged":false,"mixedStates":false,"code":"none"},{"cycle":152,"processOrdinal":1,"timelineOrdinal":152,"kind":"complete","elapsedMs":13.70533400000204,"pages":1,"totalChanged":false,"mixedStates":false,"code":"none"},{"cycle":153,"processOrdinal":1,"timelineOrdinal":153,"kind":"complete","elapsedMs":13.729374999998981,"pages":1,"totalChanged":false,"mixedStates":false,"code":"none"},{"cycle":154,"processOrdinal":1,"timelineOrdinal":154,"kind":"complete","elapsedMs":25.196875000001455,"pages":1,"totalChanged":false,"mixedStates":false,"code":"none"},{"cycle":155,"processOrdinal":1,"timelineOrdinal":155,"kind":"complete","elapsedMs":25.861540999998397,"pages":1,"totalChanged":false,"mixedStates":false,"code":"none"},{"cycle":156,"processOrdinal":1,"timelineOrdinal":156,"kind":"complete","elapsedMs":25.73279199999888,"pages":1,"totalChanged":false,"mixedStates":false,"code":"none"},{"cycle":157,"processOrdinal":1,"timelineOrdinal":157,"kind":"complete","elapsedMs":25.617792000000918,"pages":1,"totalChanged":false,"mixedStates":false,"code":"none"},{"cycle":158,"processOrdinal":1,"timelineOrdinal":158,"kind":"complete","elapsedMs":26.120208000000275,"pages":1,"totalChanged":false,"mixedStates":false,"code":"none"},{"cycle":159,"processOrdinal":1,"timelineOrdinal":159,"kind":"complete","elapsedMs":25.783166999997775,"pages":1,"totalChanged":false,"mixedStates":false,"code":"none"},{"cycle":160,"processOrdinal":1,"timelineOrdinal":160,"kind":"complete","elapsedMs":308.330667000002,"pages":1,"totalChanged":false,"mixedStates":false,"code":"none"},{"cycle":161,"processOrdinal":1,"timelineOrdinal":161,"kind":"complete","elapsedMs":246.6219999999994,"pages":1,"totalChanged":false,"mixedStates":false,"code":"none"},{"cycle":162,"processOrdinal":1,"timelineOrdinal":162,"kind":"complete","elapsedMs":29.345417000000452,"pages":1,"totalChanged":false,"mixedStates":false,"code":"none"},{"cycle":163,"processOrdinal":1,"timelineOrdinal":163,"kind":"complete","elapsedMs":59.16308299999946,"pages":1,"totalChanged":false,"mixedStates":false,"code":"none"},{"cycle":164,"processOrdinal":1,"timelineOrdinal":164,"kind":"complete","elapsedMs":26.00287500000195,"pages":1,"totalChanged":false,"mixedStates":false,"code":"none"},{"cycle":165,"processOrdinal":1,"timelineOrdinal":165,"kind":"complete","elapsedMs":54.18195800000103,"pages":1,"totalChanged":false,"mixedStates":false,"code":"none"},{"cycle":166,"processOrdinal":1,"timelineOrdinal":166,"kind":"complete","elapsedMs":25.849417000001267,"pages":1,"totalChanged":false,"mixedStates":false,"code":"none"},{"cycle":167,"processOrdinal":1,"timelineOrdinal":167,"kind":"complete","elapsedMs":25.930958000000828,"pages":1,"totalChanged":false,"mixedStates":false,"code":"none"},{"cycle":168,"processOrdinal":1,"timelineOrdinal":168,"kind":"complete","elapsedMs":26.917625000001863,"pages":1,"totalChanged":false,"mixedStates":false,"code":"none"},{"cycle":169,"processOrdinal":1,"timelineOrdinal":169,"kind":"complete","elapsedMs":25.95404200000121,"pages":1,"totalChanged":false,"mixedStates":false,"code":"none"},{"cycle":170,"processOrdinal":1,"timelineOrdinal":170,"kind":"complete","elapsedMs":25.503207999998267,"pages":1,"totalChanged":false,"mixedStates":false,"code":"none"},{"cycle":171,"processOrdinal":1,"timelineOrdinal":171,"kind":"complete","elapsedMs":25.68804100000125,"pages":1,"totalChanged":false,"mixedStates":false,"code":"none"},{"cycle":172,"processOrdinal":1,"timelineOrdinal":172,"kind":"complete","elapsedMs":25.299582999999984,"pages":1,"totalChanged":false,"mixedStates":false,"code":"none"},{"cycle":173,"processOrdinal":1,"timelineOrdinal":173,"kind":"complete","elapsedMs":26.976333999999042,"pages":1,"totalChanged":false,"mixedStates":false,"code":"none"},{"cycle":174,"processOrdinal":1,"timelineOrdinal":174,"kind":"complete","elapsedMs":25.70866599999863,"pages":1,"totalChanged":false,"mixedStates":false,"code":"none"},{"cycle":175,"processOrdinal":1,"timelineOrdinal":175,"kind":"complete","elapsedMs":25.666833999999653,"pages":1,"totalChanged":false,"mixedStates":false,"code":"none"},{"cycle":176,"processOrdinal":1,"timelineOrdinal":176,"kind":"complete","elapsedMs":26.333542000000307,"pages":1,"totalChanged":false,"mixedStates":false,"code":"none"},{"cycle":177,"processOrdinal":1,"timelineOrdinal":177,"kind":"complete","elapsedMs":25.873124999998254,"pages":1,"totalChanged":false,"mixedStates":false,"code":"none"},{"cycle":178,"processOrdinal":1,"timelineOrdinal":178,"kind":"complete","elapsedMs":26.11579200000051,"pages":1,"totalChanged":false,"mixedStates":false,"code":"none"},{"cycle":179,"processOrdinal":1,"timelineOrdinal":179,"kind":"complete","elapsedMs":26.03770799999984,"pages":1,"totalChanged":false,"mixedStates":false,"code":"none"},{"cycle":180,"processOrdinal":1,"timelineOrdinal":180,"kind":"complete","elapsedMs":26.045125000000553,"pages":1,"totalChanged":false,"mixedStates":false,"code":"none"},{"cycle":181,"processOrdinal":1,"timelineOrdinal":181,"kind":"complete","elapsedMs":25.93091600000116,"pages":1,"totalChanged":false,"mixedStates":false,"code":"none"},{"cycle":182,"processOrdinal":1,"timelineOrdinal":182,"kind":"complete","elapsedMs":26.85491700000057,"pages":1,"totalChanged":false,"mixedStates":false,"code":"none"},{"cycle":183,"processOrdinal":1,"timelineOrdinal":183,"kind":"complete","elapsedMs":26.18316699999923,"pages":1,"totalChanged":false,"mixedStates":false,"code":"none"},{"cycle":184,"processOrdinal":1,"timelineOrdinal":184,"kind":"complete","elapsedMs":25.839167000001908,"pages":1,"totalChanged":false,"mixedStates":false,"code":"none"},{"cycle":185,"processOrdinal":1,"timelineOrdinal":185,"kind":"complete","elapsedMs":26.53583400000207,"pages":1,"totalChanged":false,"mixedStates":false,"code":"none"},{"cycle":186,"processOrdinal":1,"timelineOrdinal":186,"kind":"complete","elapsedMs":25.844875000002503,"pages":1,"totalChanged":false,"mixedStates":false,"code":"none"},{"cycle":187,"processOrdinal":1,"timelineOrdinal":187,"kind":"complete","elapsedMs":913.328375000001,"pages":1,"totalChanged":false,"mixedStates":false,"code":"none"},{"cycle":188,"processOrdinal":1,"timelineOrdinal":188,"kind":"complete","elapsedMs":874.9693750000006,"pages":1,"totalChanged":false,"mixedStates":false,"code":"none"},{"cycle":189,"processOrdinal":2,"timelineOrdinal":1,"kind":"complete","elapsedMs":460.77187499999854,"pages":1,"totalChanged":false,"mixedStates":false,"code":"none"},{"cycle":190,"processOrdinal":2,"timelineOrdinal":2,"kind":"complete","elapsedMs":473.5587500000038,"pages":1,"totalChanged":false,"mixedStates":false,"code":"none"},{"cycle":191,"processOrdinal":2,"timelineOrdinal":3,"kind":"complete","elapsedMs":472.3260420000006,"pages":1,"totalChanged":false,"mixedStates":false,"code":"none"},{"cycle":192,"processOrdinal":2,"timelineOrdinal":4,"kind":"complete","elapsedMs":475.4267499999987,"pages":1,"totalChanged":false,"mixedStates":false,"code":"none"},{"cycle":193,"processOrdinal":2,"timelineOrdinal":5,"kind":"complete","elapsedMs":469.1828749999986,"pages":1,"totalChanged":false,"mixedStates":false,"code":"none"},{"cycle":194,"processOrdinal":2,"timelineOrdinal":6,"kind":"complete","elapsedMs":469.54525000000285,"pages":1,"totalChanged":false,"mixedStates":false,"code":"none"},{"cycle":195,"processOrdinal":2,"timelineOrdinal":7,"kind":"complete","elapsedMs":468.408417000006,"pages":1,"totalChanged":false,"mixedStates":false,"code":"none"},{"cycle":196,"processOrdinal":2,"timelineOrdinal":8,"kind":"complete","elapsedMs":508.22595799999544,"pages":1,"totalChanged":false,"mixedStates":false,"code":"none"},{"cycle":197,"processOrdinal":2,"timelineOrdinal":9,"kind":"complete","elapsedMs":480.4655419999981,"pages":1,"totalChanged":false,"mixedStates":false,"code":"none"},{"cycle":198,"processOrdinal":2,"timelineOrdinal":10,"kind":"complete","elapsedMs":484.37887500000215,"pages":1,"totalChanged":false,"mixedStates":false,"code":"none"},{"cycle":199,"processOrdinal":2,"timelineOrdinal":11,"kind":"complete","elapsedMs":480.66766700000153,"pages":1,"totalChanged":false,"mixedStates":false,"code":"none"},{"cycle":200,"processOrdinal":2,"timelineOrdinal":12,"kind":"complete","elapsedMs":481.2294580000016,"pages":1,"totalChanged":false,"mixedStates":false,"code":"none"},{"cycle":201,"processOrdinal":2,"timelineOrdinal":13,"kind":"complete","elapsedMs":481.2050420000014,"pages":1,"totalChanged":false,"mixedStates":false,"code":"none"},{"cycle":202,"processOrdinal":2,"timelineOrdinal":14,"kind":"complete","elapsedMs":484.14983299999585,"pages":1,"totalChanged":false,"mixedStates":false,"code":"none"},{"cycle":203,"processOrdinal":2,"timelineOrdinal":15,"kind":"complete","elapsedMs":487.1603749999995,"pages":1,"totalChanged":false,"mixedStates":false,"code":"none"},{"cycle":204,"processOrdinal":2,"timelineOrdinal":16,"kind":"complete","elapsedMs":480.6078340000022,"pages":1,"totalChanged":false,"mixedStates":false,"code":"none"},{"cycle":205,"processOrdinal":2,"timelineOrdinal":17,"kind":"complete","elapsedMs":483.0181250000023,"pages":1,"totalChanged":false,"mixedStates":false,"code":"none"},{"cycle":206,"processOrdinal":2,"timelineOrdinal":18,"kind":"complete","elapsedMs":484.2306250000038,"pages":1,"totalChanged":false,"mixedStates":false,"code":"none"},{"cycle":207,"processOrdinal":2,"timelineOrdinal":19,"kind":"complete","elapsedMs":482.7920830000003,"pages":1,"totalChanged":false,"mixedStates":false,"code":"none"},{"cycle":208,"processOrdinal":2,"timelineOrdinal":20,"kind":"complete","elapsedMs":482.9524590000001,"pages":1,"totalChanged":false,"mixedStates":false,"code":"none"},{"cycle":209,"processOrdinal":2,"timelineOrdinal":21,"kind":"complete","elapsedMs":526.2245830000029,"pages":1,"totalChanged":false,"mixedStates":false,"code":"none"},{"cycle":210,"processOrdinal":2,"timelineOrdinal":22,"kind":"complete","elapsedMs":492.424500000001,"pages":1,"totalChanged":false,"mixedStates":false,"code":"none"},{"cycle":211,"processOrdinal":2,"timelineOrdinal":23,"kind":"complete","elapsedMs":494.4224580000009,"pages":1,"totalChanged":false,"mixedStates":false,"code":"none"},{"cycle":212,"processOrdinal":2,"timelineOrdinal":24,"kind":"complete","elapsedMs":493.2744590000002,"pages":1,"totalChanged":false,"mixedStates":false,"code":"none"},{"cycle":213,"processOrdinal":2,"timelineOrdinal":25,"kind":"complete","elapsedMs":495.2719999999972,"pages":1,"totalChanged":false,"mixedStates":false,"code":"none"},{"cycle":214,"processOrdinal":2,"timelineOrdinal":26,"kind":"complete","elapsedMs":495.349000000002,"pages":1,"totalChanged":false,"mixedStates":false,"code":"none"},{"cycle":215,"processOrdinal":2,"timelineOrdinal":27,"kind":"complete","elapsedMs":494.9834999999948,"pages":1,"totalChanged":false,"mixedStates":false,"code":"none"},{"cycle":216,"processOrdinal":2,"timelineOrdinal":28,"kind":"complete","elapsedMs":498.643624999997,"pages":1,"totalChanged":false,"mixedStates":false,"code":"none"},{"cycle":217,"processOrdinal":2,"timelineOrdinal":29,"kind":"complete","elapsedMs":495.3569590000043,"pages":1,"totalChanged":false,"mixedStates":false,"code":"none"},{"cycle":218,"processOrdinal":2,"timelineOrdinal":30,"kind":"complete","elapsedMs":497.0859169999967,"pages":1,"totalChanged":false,"mixedStates":false,"code":"none"},{"cycle":219,"processOrdinal":2,"timelineOrdinal":31,"kind":"complete","elapsedMs":496.4831670000058,"pages":1,"totalChanged":false,"mixedStates":false,"code":"none"},{"cycle":220,"processOrdinal":2,"timelineOrdinal":32,"kind":"complete","elapsedMs":495.5974580000038,"pages":1,"totalChanged":false,"mixedStates":false,"code":"none"},{"cycle":221,"processOrdinal":2,"timelineOrdinal":33,"kind":"complete","elapsedMs":496.6578750000044,"pages":1,"totalChanged":false,"mixedStates":false,"code":"none"},{"cycle":222,"processOrdinal":2,"timelineOrdinal":34,"kind":"complete","elapsedMs":494.68720799999574,"pages":1,"totalChanged":false,"mixedStates":false,"code":"none"},{"cycle":223,"processOrdinal":2,"timelineOrdinal":35,"kind":"complete","elapsedMs":536.505167000003,"pages":1,"totalChanged":false,"mixedStates":false,"code":"none"},{"cycle":224,"processOrdinal":2,"timelineOrdinal":36,"kind":"complete","elapsedMs":508.3947499999995,"pages":1,"totalChanged":false,"mixedStates":false,"code":"none"},{"cycle":225,"processOrdinal":2,"timelineOrdinal":37,"kind":"complete","elapsedMs":517.7347080000036,"pages":1,"totalChanged":false,"mixedStates":false,"code":"none"},{"cycle":226,"processOrdinal":2,"timelineOrdinal":38,"kind":"complete","elapsedMs":511.25195799999346,"pages":1,"totalChanged":false,"mixedStates":false,"code":"none"},{"cycle":227,"processOrdinal":2,"timelineOrdinal":39,"kind":"complete","elapsedMs":508.7751660000067,"pages":1,"totalChanged":false,"mixedStates":false,"code":"none"},{"cycle":228,"processOrdinal":2,"timelineOrdinal":40,"kind":"complete","elapsedMs":507.19658399999753,"pages":1,"totalChanged":false,"mixedStates":false,"code":"none"},{"cycle":229,"processOrdinal":2,"timelineOrdinal":41,"kind":"complete","elapsedMs":506.546875,"pages":1,"totalChanged":false,"mixedStates":false,"code":"none"},{"cycle":230,"processOrdinal":2,"timelineOrdinal":42,"kind":"complete","elapsedMs":507.6738339999938,"pages":1,"totalChanged":false,"mixedStates":false,"code":"none"},{"cycle":231,"processOrdinal":2,"timelineOrdinal":43,"kind":"complete","elapsedMs":532.7891249999957,"pages":1,"totalChanged":false,"mixedStates":false,"code":"none"},{"cycle":232,"processOrdinal":2,"timelineOrdinal":44,"kind":"complete","elapsedMs":515.9823749999996,"pages":1,"totalChanged":false,"mixedStates":false,"code":"none"}]}
[cleanup] {"root":"/private/var/folders/k0/qhmr6zdx11q0_41wfx4dsd200000gn/T/media-server-current-integration-j1pWDK","bytes":104936583,"rootAbsent":true,"failureCount":0,"processes":[{"schema":"recording-process-cleanup-v1","attemptCount":1,"pid":68048,"exitCode":0,"signalCode":null,"exitedObserved":true,"stopCode":"complete","forcedTermination":"not-used","normalExitPass":true,"normalShutdownPass":true,"archiveSafe":true,"ports":[{"kind":"http","port":50723,"status":"pass","code":"closed","closed":true},{"kind":"rtsp","port":50724,"status":"pass","code":"closed","closed":true}]},{"schema":"recording-process-cleanup-v1","attemptCount":1,"pid":68120,"exitCode":0,"signalCode":null,"exitedObserved":true,"stopCode":"complete","forcedTermination":"not-used","normalExitPass":true,"normalShutdownPass":true,"archiveSafe":true,"ports":[{"kind":"http","port":50956,"status":"pass","code":"closed","closed":true},{"kind":"rtsp","port":50957,"status":"pass","code":"closed","closed":true}]}],"evidencePreservedOrNotRequired":true,"udpClosed":true}
{"mode":"restart-boundary-diagnostic","timelineUnplacedUnit":"file","terminalObservations":[{"processOrdinal":1,"referenceSha256":"32ba4e167976329c0d0704e438fab0e1bb94f10bab409955ace5dcab8d7590df","unplacedUnit":"file","terminalObserved":true,"firstObservedMs":26455.68975,"firstPageOffset":0,"firstTimelineOrdinal":188,"mixedStates":true,"observedOutputCount":2,"fullOutputPass":false,"invalid":false,"fullPageStatus":"complete","changedCycles":0,"waitOutcome":"complete"}],"passed":16,"failed":0,"latencyPass":false,"actualEventPass":true,"restartPass":false,"boundaryDiagnosticPass":true,"expectedOutputCount":2,"observedOutputCounts":[2],"cleanup":{"rootAbsent":true,"failureCount":0,"processes":[{"schema":"recording-process-cleanup-v1","attemptCount":1,"pid":68048,"exitCode":0,"signalCode":null,"exitedObserved":true,"stopCode":"complete","forcedTermination":"not-used","normalExitPass":true,"normalShutdownPass":true,"archiveSafe":true,"ports":[{"kind":"http","port":50723,"status":"pass","code":"closed","closed":true},{"kind":"rtsp","port":50724,"status":"pass","code":"closed","closed":true}]},{"schema":"recording-process-cleanup-v1","attemptCount":1,"pid":68120,"exitCode":0,"signalCode":null,"exitedObserved":true,"stopCode":"complete","forcedTermination":"not-used","normalExitPass":true,"normalShutdownPass":true,"archiveSafe":true,"ports":[{"kind":"http","port":50956,"status":"pass","code":"closed","closed":true},{"kind":"rtsp","port":50957,"status":"pass","code":"closed","closed":true}]}],"evidencePreservedOrNotRequired":true},"elapsedMs":67258}
