[timeline-query-mode] {"unplacedUnit":"file","knownUnit":"mapping","maxLeafItems":4096,"maxBytes":67108864}
[fixture-keyframe-proof] {"boundaryPts":"8333333333","timeBase":"1/15360","duration":"30.000000","keyframeCount":4}
[process-start] {"processOrdinal":1,"pid":88870,"ports":[{"kind":"http","port":62603},{"kind":"rtsp","port":62604}]}
[http-timing] {"sequence":1,"timelineOrdinal":null,"processOrdinal":1,"method":"GET","routeClass":"health","status":null,"headerElapsedMs":null,"bodyElapsedMs":null,"totalElapsedMs":3,"bytes":0,"phase":"header","outcome":"error"}
[http-timing] {"sequence":2,"timelineOrdinal":null,"processOrdinal":1,"method":"GET","routeClass":"health","status":null,"headerElapsedMs":null,"bodyElapsedMs":null,"totalElapsedMs":1,"bytes":0,"phase":"header","outcome":"error"}
[http-timing] {"sequence":3,"timelineOrdinal":null,"processOrdinal":1,"method":"GET","routeClass":"health","status":null,"headerElapsedMs":null,"bodyElapsedMs":null,"totalElapsedMs":1,"bytes":0,"phase":"header","outcome":"error"}
[http-timing] {"sequence":4,"timelineOrdinal":null,"processOrdinal":1,"method":"GET","routeClass":"health","status":null,"headerElapsedMs":null,"bodyElapsedMs":null,"totalElapsedMs":1,"bytes":0,"phase":"header","outcome":"error"}
[http-timing] {"sequence":5,"timelineOrdinal":null,"processOrdinal":1,"method":"GET","routeClass":"health","status":null,"headerElapsedMs":null,"bodyElapsedMs":null,"totalElapsedMs":1,"bytes":0,"phase":"header","outcome":"error"}
[http-timing] {"sequence":6,"timelineOrdinal":null,"processOrdinal":1,"method":"GET","routeClass":"health","status":null,"headerElapsedMs":null,"bodyElapsedMs":null,"totalElapsedMs":1,"bytes":0,"phase":"header","outcome":"error"}
[http-timing] {"sequence":7,"timelineOrdinal":null,"processOrdinal":1,"method":"GET","routeClass":"health","status":null,"headerElapsedMs":null,"bodyElapsedMs":null,"totalElapsedMs":0,"bytes":0,"phase":"header","outcome":"error"}
[http-timing] {"sequence":8,"timelineOrdinal":null,"processOrdinal":1,"method":"GET","routeClass":"health","status":null,"headerElapsedMs":null,"bodyElapsedMs":null,"totalElapsedMs":1,"bytes":0,"phase":"header","outcome":"error"}
[http-timing] {"sequence":9,"timelineOrdinal":null,"processOrdinal":1,"method":"GET","routeClass":"health","status":null,"headerElapsedMs":null,"bodyElapsedMs":null,"totalElapsedMs":1,"bytes":0,"phase":"header","outcome":"error"}
[http-timing] {"sequence":10,"timelineOrdinal":null,"processOrdinal":1,"method":"GET","routeClass":"health","status":null,"headerElapsedMs":null,"bodyElapsedMs":null,"totalElapsedMs":1,"bytes":0,"phase":"header","outcome":"error"}
[http-timing] {"sequence":11,"timelineOrdinal":null,"processOrdinal":1,"method":"GET","routeClass":"health","status":null,"headerElapsedMs":null,"bodyElapsedMs":null,"totalElapsedMs":0,"bytes":0,"phase":"header","outcome":"error"}
[http-timing] {"sequence":12,"timelineOrdinal":null,"processOrdinal":1,"method":"GET","routeClass":"health","status":null,"headerElapsedMs":null,"bodyElapsedMs":null,"totalElapsedMs":0,"bytes":0,"phase":"header","outcome":"error"}
[http-timing] {"sequence":13,"timelineOrdinal":null,"processOrdinal":1,"method":"GET","routeClass":"health","status":null,"headerElapsedMs":null,"bodyElapsedMs":null,"totalElapsedMs":0,"bytes":0,"phase":"header","outcome":"error"}
[http-timing] {"sequence":14,"timelineOrdinal":null,"processOrdinal":1,"method":"GET","routeClass":"health","status":200,"headerElapsedMs":5,"bodyElapsedMs":1,"totalElapsedMs":6,"bytes":15,"phase":"complete","outcome":"ok"}
[http-timing] {"sequence":15,"timelineOrdinal":null,"processOrdinal":1,"method":"GET","routeClass":"ice","status":200,"headerElapsedMs":2,"bodyElapsedMs":0,"totalElapsedMs":2,"bytes":222,"phase":"complete","outcome":"ok"}
[pass] S11-CI09 product-1 healthy isolated ICE
[http-timing] {"sequence":16,"timelineOrdinal":null,"processOrdinal":1,"method":"POST","routeClass":"source","status":201,"headerElapsedMs":82,"bodyElapsedMs":0,"totalElapsedMs":82,"bytes":428,"phase":"complete","outcome":"ok"}
[http-timing] {"sequence":17,"timelineOrdinal":null,"processOrdinal":1,"method":"POST","routeClass":"tap-create","status":200,"headerElapsedMs":26,"bodyElapsedMs":0,"totalElapsedMs":26,"bytes":1187,"phase":"complete","outcome":"ok"}
[http-timing] {"sequence":18,"timelineOrdinal":null,"processOrdinal":1,"method":"GET","routeClass":"tap","status":200,"headerElapsedMs":24,"bodyElapsedMs":0,"totalElapsedMs":24,"bytes":4030,"phase":"complete","outcome":"ok"}
[http-timing] {"sequence":19,"timelineOrdinal":null,"processOrdinal":1,"method":"GET","routeClass":"tap","status":200,"headerElapsedMs":1,"bodyElapsedMs":0,"totalElapsedMs":1,"bytes":4085,"phase":"complete","outcome":"ok"}
[http-timing] {"sequence":20,"timelineOrdinal":null,"processOrdinal":1,"method":"GET","routeClass":"tap","status":200,"headerElapsedMs":1,"bodyElapsedMs":0,"totalElapsedMs":1,"bytes":5972,"phase":"complete","outcome":"ok"}
[http-timing] {"sequence":21,"timelineOrdinal":null,"processOrdinal":1,"method":"GET","routeClass":"tap","status":200,"headerElapsedMs":1,"bodyElapsedMs":0,"totalElapsedMs":1,"bytes":6147,"phase":"complete","outcome":"ok"}
[http-timing] {"sequence":22,"timelineOrdinal":null,"processOrdinal":1,"method":"GET","routeClass":"tap","status":200,"headerElapsedMs":1,"bodyElapsedMs":0,"totalElapsedMs":1,"bytes":6148,"phase":"complete","outcome":"ok"}
[http-timing] {"sequence":23,"timelineOrdinal":null,"processOrdinal":1,"method":"GET","routeClass":"tap","status":200,"headerElapsedMs":1,"bodyElapsedMs":0,"totalElapsedMs":1,"bytes":6276,"phase":"complete","outcome":"ok"}
[http-timing] {"sequence":24,"timelineOrdinal":null,"processOrdinal":1,"method":"GET","routeClass":"tap","status":200,"headerElapsedMs":1,"bodyElapsedMs":0,"totalElapsedMs":1,"bytes":6278,"phase":"complete","outcome":"ok"}
[http-timing] {"sequence":25,"timelineOrdinal":null,"processOrdinal":1,"method":"GET","routeClass":"tap","status":200,"headerElapsedMs":1,"bodyElapsedMs":0,"totalElapsedMs":1,"bytes":6408,"phase":"complete","outcome":"ok"}
[http-timing] {"sequence":26,"timelineOrdinal":null,"processOrdinal":1,"method":"GET","routeClass":"tap","status":200,"headerElapsedMs":1,"bodyElapsedMs":0,"totalElapsedMs":1,"bytes":6546,"phase":"complete","outcome":"ok"}
[http-timing] {"sequence":27,"timelineOrdinal":null,"processOrdinal":1,"method":"GET","routeClass":"tap","status":200,"headerElapsedMs":5,"bodyElapsedMs":0,"totalElapsedMs":5,"bytes":6680,"phase":"complete","outcome":"ok"}
[http-timing] {"sequence":28,"timelineOrdinal":null,"processOrdinal":1,"method":"GET","routeClass":"tap","status":200,"headerElapsedMs":1,"bodyElapsedMs":0,"totalElapsedMs":1,"bytes":6682,"phase":"complete","outcome":"ok"}
[http-timing] {"sequence":29,"timelineOrdinal":null,"processOrdinal":1,"method":"GET","routeClass":"tap","status":200,"headerElapsedMs":1,"bodyElapsedMs":0,"totalElapsedMs":1,"bytes":6813,"phase":"complete","outcome":"ok"}
[http-timing] {"sequence":30,"timelineOrdinal":null,"processOrdinal":1,"method":"GET","routeClass":"tap","status":200,"headerElapsedMs":1,"bodyElapsedMs":0,"totalElapsedMs":1,"bytes":6809,"phase":"complete","outcome":"ok"}
[http-timing] {"sequence":31,"timelineOrdinal":null,"processOrdinal":1,"method":"GET","routeClass":"tap","status":200,"headerElapsedMs":1,"bodyElapsedMs":0,"totalElapsedMs":1,"bytes":6949,"phase":"complete","outcome":"ok"}
[http-timing] {"sequence":32,"timelineOrdinal":null,"processOrdinal":1,"method":"GET","routeClass":"tap","status":200,"headerElapsedMs":1,"bodyElapsedMs":0,"totalElapsedMs":1,"bytes":7088,"phase":"complete","outcome":"ok"}
[http-timing] {"sequence":33,"timelineOrdinal":null,"processOrdinal":1,"method":"GET","routeClass":"tap","status":200,"headerElapsedMs":1,"bodyElapsedMs":0,"totalElapsedMs":1,"bytes":7086,"phase":"complete","outcome":"ok"}
[http-timing] {"sequence":34,"timelineOrdinal":null,"processOrdinal":1,"method":"GET","routeClass":"tap","status":200,"headerElapsedMs":1,"bodyElapsedMs":0,"totalElapsedMs":1,"bytes":7227,"phase":"complete","outcome":"ok"}
[http-timing] {"sequence":35,"timelineOrdinal":null,"processOrdinal":1,"method":"GET","routeClass":"tap","status":200,"headerElapsedMs":1,"bodyElapsedMs":0,"totalElapsedMs":1,"bytes":7366,"phase":"complete","outcome":"ok"}
[http-timing] {"sequence":36,"timelineOrdinal":null,"processOrdinal":1,"method":"GET","routeClass":"tap","status":200,"headerElapsedMs":1,"bodyElapsedMs":0,"totalElapsedMs":1,"bytes":7367,"phase":"complete","outcome":"ok"}
[http-timing] {"sequence":37,"timelineOrdinal":null,"processOrdinal":1,"method":"GET","routeClass":"tap","status":200,"headerElapsedMs":1,"bodyElapsedMs":0,"totalElapsedMs":1,"bytes":7497,"phase":"complete","outcome":"ok"}
[http-timing] {"sequence":38,"timelineOrdinal":null,"processOrdinal":1,"method":"GET","routeClass":"tap","status":200,"headerElapsedMs":1,"bodyElapsedMs":0,"totalElapsedMs":1,"bytes":7636,"phase":"complete","outcome":"ok"}
[http-timing] {"sequence":39,"timelineOrdinal":null,"processOrdinal":1,"method":"GET","routeClass":"tap","status":200,"headerElapsedMs":1,"bodyElapsedMs":0,"totalElapsedMs":1,"bytes":7632,"phase":"complete","outcome":"ok"}
[http-timing] {"sequence":40,"timelineOrdinal":null,"processOrdinal":1,"method":"GET","routeClass":"tap","status":200,"headerElapsedMs":1,"bodyElapsedMs":0,"totalElapsedMs":1,"bytes":7768,"phase":"complete","outcome":"ok"}
[http-timing] {"sequence":41,"timelineOrdinal":null,"processOrdinal":1,"method":"GET","routeClass":"tap","status":200,"headerElapsedMs":5,"bodyElapsedMs":0,"totalElapsedMs":6,"bytes":7901,"phase":"complete","outcome":"ok"}
[http-timing] {"sequence":42,"timelineOrdinal":null,"processOrdinal":1,"method":"GET","routeClass":"tap","status":200,"headerElapsedMs":1,"bodyElapsedMs":0,"totalElapsedMs":1,"bytes":7900,"phase":"complete","outcome":"ok"}
[http-timing] {"sequence":43,"timelineOrdinal":null,"processOrdinal":1,"method":"GET","routeClass":"tap","status":200,"headerElapsedMs":1,"bodyElapsedMs":0,"totalElapsedMs":1,"bytes":8039,"phase":"complete","outcome":"ok"}
[http-timing] {"sequence":44,"timelineOrdinal":null,"processOrdinal":1,"method":"GET","routeClass":"tap","status":200,"headerElapsedMs":1,"bodyElapsedMs":0,"totalElapsedMs":1,"bytes":8172,"phase":"complete","outcome":"ok"}
[http-timing] {"sequence":45,"timelineOrdinal":null,"processOrdinal":1,"method":"GET","routeClass":"tap","status":200,"headerElapsedMs":1,"bodyElapsedMs":0,"totalElapsedMs":1,"bytes":8173,"phase":"complete","outcome":"ok"}
[http-timing] {"sequence":46,"timelineOrdinal":null,"processOrdinal":1,"method":"GET","routeClass":"tap","status":200,"headerElapsedMs":1,"bodyElapsedMs":0,"totalElapsedMs":1,"bytes":8304,"phase":"complete","outcome":"ok"}
[http-timing] {"sequence":47,"timelineOrdinal":null,"processOrdinal":1,"method":"GET","routeClass":"tap","status":200,"headerElapsedMs":1,"bodyElapsedMs":0,"totalElapsedMs":1,"bytes":8304,"phase":"complete","outcome":"ok"}
[http-timing] {"sequence":48,"timelineOrdinal":null,"processOrdinal":1,"method":"GET","routeClass":"tap","status":200,"headerElapsedMs":1,"bodyElapsedMs":0,"totalElapsedMs":1,"bytes":8436,"phase":"complete","outcome":"ok"}
[http-timing] {"sequence":49,"timelineOrdinal":null,"processOrdinal":1,"method":"GET","routeClass":"tap","status":200,"headerElapsedMs":1,"bodyElapsedMs":0,"totalElapsedMs":1,"bytes":8577,"phase":"complete","outcome":"ok"}
[http-timing] {"sequence":50,"timelineOrdinal":null,"processOrdinal":1,"method":"GET","routeClass":"tap","status":200,"headerElapsedMs":3,"bodyElapsedMs":0,"totalElapsedMs":3,"bytes":8709,"phase":"complete","outcome":"ok"}
[http-timing] {"sequence":51,"timelineOrdinal":null,"processOrdinal":1,"method":"GET","routeClass":"tap","status":200,"headerElapsedMs":1,"bodyElapsedMs":0,"totalElapsedMs":1,"bytes":8712,"phase":"complete","outcome":"ok"}
[http-timing] {"sequence":52,"timelineOrdinal":null,"processOrdinal":1,"method":"GET","routeClass":"tap","status":200,"headerElapsedMs":5,"bodyElapsedMs":0,"totalElapsedMs":5,"bytes":8842,"phase":"complete","outcome":"ok"}
[http-timing] {"sequence":53,"timelineOrdinal":null,"processOrdinal":1,"method":"GET","routeClass":"tap","status":200,"headerElapsedMs":1,"bodyElapsedMs":0,"totalElapsedMs":1,"bytes":8840,"phase":"complete","outcome":"ok"}
[http-timing] {"sequence":54,"timelineOrdinal":null,"processOrdinal":1,"method":"GET","routeClass":"tap","status":200,"headerElapsedMs":1,"bodyElapsedMs":0,"totalElapsedMs":1,"bytes":8971,"phase":"complete","outcome":"ok"}
[http-timing] {"sequence":55,"timelineOrdinal":null,"processOrdinal":1,"method":"GET","routeClass":"tap","status":200,"headerElapsedMs":1,"bodyElapsedMs":0,"totalElapsedMs":1,"bytes":8973,"phase":"complete","outcome":"ok"}
[http-timing] {"sequence":56,"timelineOrdinal":null,"processOrdinal":1,"method":"GET","routeClass":"tap","status":200,"headerElapsedMs":1,"bodyElapsedMs":0,"totalElapsedMs":1,"bytes":9102,"phase":"complete","outcome":"ok"}
[http-timing] {"sequence":57,"timelineOrdinal":null,"processOrdinal":1,"method":"GET","routeClass":"tap","status":200,"headerElapsedMs":1,"bodyElapsedMs":0,"totalElapsedMs":1,"bytes":9242,"phase":"complete","outcome":"ok"}
[http-timing] {"sequence":58,"timelineOrdinal":null,"processOrdinal":1,"method":"GET","routeClass":"tap","status":200,"headerElapsedMs":1,"bodyElapsedMs":0,"totalElapsedMs":1,"bytes":9246,"phase":"complete","outcome":"ok"}
[http-timing] {"sequence":59,"timelineOrdinal":null,"processOrdinal":1,"method":"GET","routeClass":"tap","status":200,"headerElapsedMs":1,"bodyElapsedMs":0,"totalElapsedMs":1,"bytes":9381,"phase":"complete","outcome":"ok"}
[http-timing] {"sequence":60,"timelineOrdinal":null,"processOrdinal":1,"method":"GET","routeClass":"tap","status":200,"headerElapsedMs":1,"bodyElapsedMs":0,"totalElapsedMs":1,"bytes":9513,"phase":"complete","outcome":"ok"}
[http-timing] {"sequence":61,"timelineOrdinal":null,"processOrdinal":1,"method":"GET","routeClass":"tap","status":200,"headerElapsedMs":1,"bodyElapsedMs":0,"totalElapsedMs":1,"bytes":9515,"phase":"complete","outcome":"ok"}
[http-timing] {"sequence":62,"timelineOrdinal":null,"processOrdinal":1,"method":"GET","routeClass":"tap","status":200,"headerElapsedMs":1,"bodyElapsedMs":0,"totalElapsedMs":1,"bytes":9644,"phase":"complete","outcome":"ok"}
[http-timing] {"sequence":63,"timelineOrdinal":null,"processOrdinal":1,"method":"GET","routeClass":"tap","status":200,"headerElapsedMs":1,"bodyElapsedMs":0,"totalElapsedMs":1,"bytes":10194,"phase":"complete","outcome":"ok"}
[http-timing] {"sequence":64,"timelineOrdinal":null,"processOrdinal":1,"method":"GET","routeClass":"tap","status":200,"headerElapsedMs":1,"bodyElapsedMs":0,"totalElapsedMs":1,"bytes":10196,"phase":"complete","outcome":"ok"}
[http-timing] {"sequence":65,"timelineOrdinal":null,"processOrdinal":1,"method":"GET","routeClass":"tap","status":200,"headerElapsedMs":1,"bodyElapsedMs":0,"totalElapsedMs":1,"bytes":10382,"phase":"complete","outcome":"ok"}
[http-timing] {"sequence":66,"timelineOrdinal":null,"processOrdinal":1,"method":"GET","routeClass":"tap","status":200,"headerElapsedMs":1,"bodyElapsedMs":0,"totalElapsedMs":1,"bytes":10562,"phase":"complete","outcome":"ok"}
[http-timing] {"sequence":67,"timelineOrdinal":null,"processOrdinal":1,"method":"GET","routeClass":"tap","status":200,"headerElapsedMs":1,"bodyElapsedMs":0,"totalElapsedMs":1,"bytes":10561,"phase":"complete","outcome":"ok"}
[http-timing] {"sequence":68,"timelineOrdinal":null,"processOrdinal":1,"method":"GET","routeClass":"tap","status":200,"headerElapsedMs":1,"bodyElapsedMs":0,"totalElapsedMs":1,"bytes":10745,"phase":"complete","outcome":"ok"}
[http-timing] {"sequence":69,"timelineOrdinal":null,"processOrdinal":1,"method":"GET","routeClass":"tap","status":200,"headerElapsedMs":1,"bodyElapsedMs":0,"totalElapsedMs":1,"bytes":10816,"phase":"complete","outcome":"ok"}
[http-timing] {"sequence":70,"timelineOrdinal":null,"processOrdinal":1,"method":"GET","routeClass":"tap","status":200,"headerElapsedMs":1,"bodyElapsedMs":0,"totalElapsedMs":1,"bytes":10816,"phase":"complete","outcome":"ok"}
[http-timing] {"sequence":71,"timelineOrdinal":null,"processOrdinal":1,"method":"GET","routeClass":"tap","status":200,"headerElapsedMs":1,"bodyElapsedMs":0,"totalElapsedMs":1,"bytes":10863,"phase":"complete","outcome":"ok"}
[http-timing] {"sequence":72,"timelineOrdinal":null,"processOrdinal":1,"method":"GET","routeClass":"tap","status":200,"headerElapsedMs":1,"bodyElapsedMs":0,"totalElapsedMs":1,"bytes":10863,"phase":"complete","outcome":"ok"}
[http-timing] {"sequence":73,"timelineOrdinal":null,"processOrdinal":1,"method":"GET","routeClass":"tap","status":200,"headerElapsedMs":1,"bodyElapsedMs":0,"totalElapsedMs":1,"bytes":10916,"phase":"complete","outcome":"ok"}
[http-timing] {"sequence":74,"timelineOrdinal":null,"processOrdinal":1,"method":"GET","routeClass":"tap","status":200,"headerElapsedMs":1,"bodyElapsedMs":0,"totalElapsedMs":1,"bytes":10963,"phase":"complete","outcome":"ok"}
[http-timing] {"sequence":75,"timelineOrdinal":null,"processOrdinal":1,"method":"GET","routeClass":"tap","status":200,"headerElapsedMs":1,"bodyElapsedMs":0,"totalElapsedMs":1,"bytes":10962,"phase":"complete","outcome":"ok"}
[http-timing] {"sequence":76,"timelineOrdinal":null,"processOrdinal":1,"method":"GET","routeClass":"tap","status":200,"headerElapsedMs":1,"bodyElapsedMs":0,"totalElapsedMs":1,"bytes":11014,"phase":"complete","outcome":"ok"}
[http-timing] {"sequence":77,"timelineOrdinal":null,"processOrdinal":1,"method":"GET","routeClass":"tap","status":200,"headerElapsedMs":1,"bodyElapsedMs":0,"totalElapsedMs":1,"bytes":11065,"phase":"complete","outcome":"ok"}
[http-timing] {"sequence":78,"timelineOrdinal":null,"processOrdinal":1,"method":"GET","routeClass":"tap","status":200,"headerElapsedMs":1,"bodyElapsedMs":0,"totalElapsedMs":1,"bytes":11065,"phase":"complete","outcome":"ok"}
[http-timing] {"sequence":79,"timelineOrdinal":null,"processOrdinal":1,"method":"GET","routeClass":"tap","status":200,"headerElapsedMs":1,"bodyElapsedMs":0,"totalElapsedMs":1,"bytes":11112,"phase":"complete","outcome":"ok"}
[http-timing] {"sequence":80,"timelineOrdinal":null,"processOrdinal":1,"method":"GET","routeClass":"tap","status":200,"headerElapsedMs":1,"bodyElapsedMs":0,"totalElapsedMs":1,"bytes":11111,"phase":"complete","outcome":"ok"}
[http-timing] {"sequence":81,"timelineOrdinal":null,"processOrdinal":1,"method":"GET","routeClass":"tap","status":200,"headerElapsedMs":1,"bodyElapsedMs":0,"totalElapsedMs":1,"bytes":11157,"phase":"complete","outcome":"ok"}
[http-timing] {"sequence":82,"timelineOrdinal":null,"processOrdinal":1,"method":"GET","routeClass":"tap","status":200,"headerElapsedMs":1,"bodyElapsedMs":0,"totalElapsedMs":1,"bytes":11198,"phase":"complete","outcome":"ok"}
[http-timing] {"sequence":83,"timelineOrdinal":null,"processOrdinal":1,"method":"GET","routeClass":"tap","status":200,"headerElapsedMs":1,"bodyElapsedMs":0,"totalElapsedMs":1,"bytes":11200,"phase":"complete","outcome":"ok"}
[http-timing] {"sequence":84,"timelineOrdinal":null,"processOrdinal":1,"method":"GET","routeClass":"tap","status":200,"headerElapsedMs":1,"bodyElapsedMs":0,"totalElapsedMs":1,"bytes":11242,"phase":"complete","outcome":"ok"}
[http-timing] {"sequence":85,"timelineOrdinal":null,"processOrdinal":1,"method":"GET","routeClass":"tap","status":200,"headerElapsedMs":1,"bodyElapsedMs":0,"totalElapsedMs":1,"bytes":11278,"phase":"complete","outcome":"ok"}
[http-timing] {"sequence":86,"timelineOrdinal":null,"processOrdinal":1,"method":"GET","routeClass":"tap","status":200,"headerElapsedMs":1,"bodyElapsedMs":0,"totalElapsedMs":1,"bytes":11277,"phase":"complete","outcome":"ok"}
[http-timing] {"sequence":87,"timelineOrdinal":null,"processOrdinal":1,"method":"GET","routeClass":"tap","status":200,"headerElapsedMs":1,"bodyElapsedMs":0,"totalElapsedMs":1,"bytes":11330,"phase":"complete","outcome":"ok"}
[http-timing] {"sequence":88,"timelineOrdinal":null,"processOrdinal":1,"method":"GET","routeClass":"tap","status":200,"headerElapsedMs":1,"bodyElapsedMs":0,"totalElapsedMs":1,"bytes":11375,"phase":"complete","outcome":"ok"}
[http-timing] {"sequence":89,"timelineOrdinal":null,"processOrdinal":1,"method":"GET","routeClass":"tap","status":200,"headerElapsedMs":1,"bodyElapsedMs":0,"totalElapsedMs":1,"bytes":11374,"phase":"complete","outcome":"ok"}
[http-timing] {"sequence":90,"timelineOrdinal":null,"processOrdinal":1,"method":"GET","routeClass":"tap","status":200,"headerElapsedMs":1,"bodyElapsedMs":0,"totalElapsedMs":1,"bytes":11424,"phase":"complete","outcome":"ok"}
[http-timing] {"sequence":91,"timelineOrdinal":null,"processOrdinal":1,"method":"GET","routeClass":"tap","status":200,"headerElapsedMs":1,"bodyElapsedMs":0,"totalElapsedMs":1,"bytes":11457,"phase":"complete","outcome":"ok"}
[http-timing] {"sequence":92,"timelineOrdinal":null,"processOrdinal":1,"method":"GET","routeClass":"tap","status":200,"headerElapsedMs":1,"bodyElapsedMs":0,"totalElapsedMs":1,"bytes":11457,"phase":"complete","outcome":"ok"}
[http-timing] {"sequence":93,"timelineOrdinal":null,"processOrdinal":1,"method":"GET","routeClass":"tap","status":200,"headerElapsedMs":1,"bodyElapsedMs":0,"totalElapsedMs":1,"bytes":11507,"phase":"complete","outcome":"ok"}
[http-timing] {"sequence":94,"timelineOrdinal":null,"processOrdinal":1,"method":"GET","routeClass":"tap","status":200,"headerElapsedMs":5,"bodyElapsedMs":0,"totalElapsedMs":5,"bytes":11557,"phase":"complete","outcome":"ok"}
[http-timing] {"sequence":95,"timelineOrdinal":null,"processOrdinal":1,"method":"GET","routeClass":"tap","status":200,"headerElapsedMs":1,"bodyElapsedMs":0,"totalElapsedMs":1,"bytes":11559,"phase":"complete","outcome":"ok"}
[http-timing] {"sequence":96,"timelineOrdinal":null,"processOrdinal":1,"method":"GET","routeClass":"tap","status":200,"headerElapsedMs":1,"bodyElapsedMs":0,"totalElapsedMs":1,"bytes":11603,"phase":"complete","outcome":"ok"}
[http-timing] {"sequence":97,"timelineOrdinal":null,"processOrdinal":1,"method":"GET","routeClass":"tap","status":200,"headerElapsedMs":1,"bodyElapsedMs":0,"totalElapsedMs":1,"bytes":11603,"phase":"complete","outcome":"ok"}
[http-timing] {"sequence":98,"timelineOrdinal":null,"processOrdinal":1,"method":"GET","routeClass":"tap","status":200,"headerElapsedMs":1,"bodyElapsedMs":0,"totalElapsedMs":1,"bytes":11652,"phase":"complete","outcome":"ok"}
[http-timing] {"sequence":99,"timelineOrdinal":null,"processOrdinal":1,"method":"GET","routeClass":"tap","status":200,"headerElapsedMs":1,"bodyElapsedMs":0,"totalElapsedMs":1,"bytes":11689,"phase":"complete","outcome":"ok"}
[http-timing] {"sequence":100,"timelineOrdinal":null,"processOrdinal":1,"method":"GET","routeClass":"tap","status":200,"headerElapsedMs":1,"bodyElapsedMs":0,"totalElapsedMs":1,"bytes":11688,"phase":"complete","outcome":"ok"}
[http-timing] {"sequence":101,"timelineOrdinal":null,"processOrdinal":1,"method":"GET","routeClass":"tap","status":200,"headerElapsedMs":1,"bodyElapsedMs":0,"totalElapsedMs":1,"bytes":11733,"phase":"complete","outcome":"ok"}
[http-timing] {"sequence":102,"timelineOrdinal":null,"processOrdinal":1,"method":"GET","routeClass":"tap","status":200,"headerElapsedMs":1,"bodyElapsedMs":0,"totalElapsedMs":1,"bytes":11779,"phase":"complete","outcome":"ok"}
[http-timing] {"sequence":103,"timelineOrdinal":null,"processOrdinal":1,"method":"GET","routeClass":"tap","status":200,"headerElapsedMs":1,"bodyElapsedMs":0,"totalElapsedMs":1,"bytes":11784,"phase":"complete","outcome":"ok"}
[http-timing] {"sequence":104,"timelineOrdinal":null,"processOrdinal":1,"method":"GET","routeClass":"tap","status":200,"headerElapsedMs":1,"bodyElapsedMs":0,"totalElapsedMs":1,"bytes":11960,"phase":"complete","outcome":"ok"}
[http-timing] {"sequence":105,"timelineOrdinal":null,"processOrdinal":1,"method":"GET","routeClass":"tap","status":200,"headerElapsedMs":1,"bodyElapsedMs":0,"totalElapsedMs":1,"bytes":11873,"phase":"complete","outcome":"ok"}
[http-timing] {"sequence":106,"timelineOrdinal":null,"processOrdinal":1,"method":"GET","routeClass":"tap","status":200,"headerElapsedMs":1,"bodyElapsedMs":0,"totalElapsedMs":1,"bytes":11871,"phase":"complete","outcome":"ok"}
[http-timing] {"sequence":107,"timelineOrdinal":null,"processOrdinal":1,"method":"GET","routeClass":"tap","status":200,"headerElapsedMs":1,"bodyElapsedMs":0,"totalElapsedMs":1,"bytes":11920,"phase":"complete","outcome":"ok"}
[http-timing] {"sequence":108,"timelineOrdinal":null,"processOrdinal":1,"method":"GET","routeClass":"tap","status":200,"headerElapsedMs":1,"bodyElapsedMs":0,"totalElapsedMs":1,"bytes":11964,"phase":"complete","outcome":"ok"}
[http-timing] {"sequence":109,"timelineOrdinal":null,"processOrdinal":1,"method":"GET","routeClass":"tap","status":200,"headerElapsedMs":1,"bodyElapsedMs":0,"totalElapsedMs":1,"bytes":11964,"phase":"complete","outcome":"ok"}
[http-timing] {"sequence":110,"timelineOrdinal":null,"processOrdinal":1,"method":"GET","routeClass":"tap","status":200,"headerElapsedMs":1,"bodyElapsedMs":0,"totalElapsedMs":1,"bytes":12014,"phase":"complete","outcome":"ok"}
[http-timing] {"sequence":111,"timelineOrdinal":null,"processOrdinal":1,"method":"GET","routeClass":"tap","status":200,"headerElapsedMs":3,"bodyElapsedMs":0,"totalElapsedMs":3,"bytes":12057,"phase":"complete","outcome":"ok"}
[http-timing] {"sequence":112,"timelineOrdinal":null,"processOrdinal":1,"method":"GET","routeClass":"tap","status":200,"headerElapsedMs":1,"bodyElapsedMs":0,"totalElapsedMs":1,"bytes":12057,"phase":"complete","outcome":"ok"}
[http-timing] {"sequence":113,"timelineOrdinal":null,"processOrdinal":1,"method":"GET","routeClass":"tap","status":200,"headerElapsedMs":1,"bodyElapsedMs":0,"totalElapsedMs":1,"bytes":12056,"phase":"complete","outcome":"ok"}
[http-timing] {"sequence":114,"timelineOrdinal":null,"processOrdinal":1,"method":"GET","routeClass":"tap","status":200,"headerElapsedMs":1,"bodyElapsedMs":0,"totalElapsedMs":1,"bytes":12058,"phase":"complete","outcome":"ok"}
[http-timing] {"sequence":115,"timelineOrdinal":null,"processOrdinal":1,"method":"GET","routeClass":"tap","status":200,"headerElapsedMs":1,"bodyElapsedMs":0,"totalElapsedMs":1,"bytes":12058,"phase":"complete","outcome":"ok"}
[http-timing] {"sequence":116,"timelineOrdinal":null,"processOrdinal":1,"method":"GET","routeClass":"tap","status":200,"headerElapsedMs":1,"bodyElapsedMs":0,"totalElapsedMs":1,"bytes":12044,"phase":"complete","outcome":"ok"}
[http-timing] {"sequence":117,"timelineOrdinal":null,"processOrdinal":1,"method":"GET","routeClass":"tap","status":200,"headerElapsedMs":1,"bodyElapsedMs":0,"totalElapsedMs":1,"bytes":12042,"phase":"complete","outcome":"ok"}
[http-timing] {"sequence":118,"timelineOrdinal":null,"processOrdinal":1,"method":"GET","routeClass":"tap","status":200,"headerElapsedMs":1,"bodyElapsedMs":0,"totalElapsedMs":1,"bytes":12049,"phase":"complete","outcome":"ok"}
[http-timing] {"sequence":119,"timelineOrdinal":null,"processOrdinal":1,"method":"GET","routeClass":"tap","status":200,"headerElapsedMs":1,"bodyElapsedMs":0,"totalElapsedMs":1,"bytes":12043,"phase":"complete","outcome":"ok"}
[trigger-timing] {"run":1,"sourceEndPts":"8333333333","tapPts":"8666666666","delta":"333333333","basis":"input-file-keyframe","newEpochProofDeferredToOutputAndArchive":true}
[http-timing] {"sequence":120,"timelineOrdinal":null,"processOrdinal":1,"method":"PUT","routeClass":"rule","status":200,"headerElapsedMs":3,"bodyElapsedMs":0,"totalElapsedMs":3,"bytes":520,"phase":"complete","outcome":"ok"}
[http-timing] {"sequence":121,"timelineOrdinal":null,"processOrdinal":1,"method":"GET","routeClass":"tap-events","status":200,"headerElapsedMs":11,"bodyElapsedMs":0,"totalElapsedMs":11,"bytes":9891,"phase":"complete","outcome":"ok"}
[dispatch-timing] {"run":1,"pts":"8666666666"}
[pass] S11-CI07 run1 actual tuple EventRecord reference
[http-timing] {"sequence":122,"timelineOrdinal":null,"processOrdinal":1,"method":"PUT","routeClass":"rule","status":200,"headerElapsedMs":2,"bodyElapsedMs":0,"totalElapsedMs":2,"bytes":521,"phase":"complete","outcome":"ok"}
[transition-observation] {"kind":"start","referenceSha256":"968609da35a16e847b750a9940bc4e1aca1cf72e92c006ca77f066583cbf2fa0","processOrdinal":1,"clientAtMs":11171.373917,"deadlineMs":30000,"beforeTimelineOrdinal":0,"scope":"terminal-observation"}
[http-timing] {"sequence":123,"timelineOrdinal":1,"processOrdinal":1,"method":"GET","routeClass":"timeline","status":200,"headerElapsedMs":24,"bodyElapsedMs":0,"totalElapsedMs":24,"bytes":51709,"phase":"complete","outcome":"ok"}
[timeline-page-observation] {"cycle":1,"processOrdinal":1,"timelineOrdinal":1,"kind":"page","elapsedMs":25.533041999999114,"offset":0,"total":1,"unplacedTotal":5,"states":{"intent":0,"ready":0,"committed":0,"complete":0,"failed":0,"other":1}}
[timeline-page-observation] {"cycle":1,"processOrdinal":1,"timelineOrdinal":1,"kind":"complete","elapsedMs":25.773083000000042,"pages":1,"totalChanged":false,"mixedStates":false,"code":"none"}
[timeline-state] {"reason":"ok","rowCount":1,"jobCount":0,"outputCount":0,"referenceMatches":true,"truncated":false,"rows":[{"jobState":"not-created","completeness":"unknown","catalogState":"absent","playable":false,"request":{"timeBasis":"media-pts-ms","startTimeMs":"8666","endTimeMs":"8666","preMs":"750","postMs":"750"}}]}
[overlapping-sources] {"temporalOnly":true,"viewBasis":"timeline-known-mappings-unplaced-file-groups","segmentCount":1,"startNs":"7916000000","endNs":"9416000000","unknownCount":0,"rows":[{"idHash":"c67b795af4de468358d0eefdcc51f4224bb5c0c313c1f8dca094f891ced76264","startPts":"8300000000","endPts":"8333333333","catalogState":"finalized","playable":true},{"idHash":"c67b795af4de468358d0eefdcc51f4224bb5c0c313c1f8dca094f891ced76264","startPts":"0","endPts":"8333333333","catalogState":"finalized","playable":true}]}
[http-timing] {"sequence":124,"timelineOrdinal":2,"processOrdinal":1,"method":"GET","routeClass":"timeline","status":200,"headerElapsedMs":11,"bodyElapsedMs":0,"totalElapsedMs":11,"bytes":51709,"phase":"complete","outcome":"ok"}
[timeline-page-observation] {"cycle":2,"processOrdinal":1,"timelineOrdinal":2,"kind":"page","elapsedMs":12.221665999999459,"offset":0,"total":1,"unplacedTotal":5,"states":{"intent":0,"ready":0,"committed":0,"complete":0,"failed":0,"other":1}}
[timeline-page-observation] {"cycle":2,"processOrdinal":1,"timelineOrdinal":2,"kind":"complete","elapsedMs":12.421625000000859,"pages":1,"totalChanged":false,"mixedStates":false,"code":"none"}
[http-timing] {"sequence":125,"timelineOrdinal":3,"processOrdinal":1,"method":"GET","routeClass":"timeline","status":200,"headerElapsedMs":11,"bodyElapsedMs":0,"totalElapsedMs":11,"bytes":51709,"phase":"complete","outcome":"ok"}
[timeline-page-observation] {"cycle":3,"processOrdinal":1,"timelineOrdinal":3,"kind":"page","elapsedMs":11.732750000001033,"offset":0,"total":1,"unplacedTotal":5,"states":{"intent":0,"ready":0,"committed":0,"complete":0,"failed":0,"other":1}}
[timeline-page-observation] {"cycle":3,"processOrdinal":1,"timelineOrdinal":3,"kind":"complete","elapsedMs":11.855083000000377,"pages":1,"totalChanged":false,"mixedStates":false,"code":"none"}
[http-timing] {"sequence":126,"timelineOrdinal":4,"processOrdinal":1,"method":"GET","routeClass":"timeline","status":200,"headerElapsedMs":10,"bodyElapsedMs":0,"totalElapsedMs":10,"bytes":51709,"phase":"complete","outcome":"ok"}
[timeline-page-observation] {"cycle":4,"processOrdinal":1,"timelineOrdinal":4,"kind":"page","elapsedMs":10.908082999998442,"offset":0,"total":1,"unplacedTotal":5,"states":{"intent":0,"ready":0,"committed":0,"complete":0,"failed":0,"other":1}}
[timeline-page-observation] {"cycle":4,"processOrdinal":1,"timelineOrdinal":4,"kind":"complete","elapsedMs":11.024625000000015,"pages":1,"totalChanged":false,"mixedStates":false,"code":"none"}
[http-timing] {"sequence":127,"timelineOrdinal":5,"processOrdinal":1,"method":"GET","routeClass":"timeline","status":200,"headerElapsedMs":10,"bodyElapsedMs":0,"totalElapsedMs":10,"bytes":51709,"phase":"complete","outcome":"ok"}
[timeline-page-observation] {"cycle":5,"processOrdinal":1,"timelineOrdinal":5,"kind":"page","elapsedMs":11.291250000000218,"offset":0,"total":1,"unplacedTotal":5,"states":{"intent":0,"ready":0,"committed":0,"complete":0,"failed":0,"other":1}}
[timeline-page-observation] {"cycle":5,"processOrdinal":1,"timelineOrdinal":5,"kind":"complete","elapsedMs":11.406750000000102,"pages":1,"totalChanged":false,"mixedStates":false,"code":"none"}
[http-timing] {"sequence":128,"timelineOrdinal":6,"processOrdinal":1,"method":"GET","routeClass":"timeline","status":200,"headerElapsedMs":11,"bodyElapsedMs":0,"totalElapsedMs":11,"bytes":51709,"phase":"complete","outcome":"ok"}
[timeline-page-observation] {"cycle":6,"processOrdinal":1,"timelineOrdinal":6,"kind":"page","elapsedMs":11.706333000000086,"offset":0,"total":1,"unplacedTotal":5,"states":{"intent":0,"ready":0,"committed":0,"complete":0,"failed":0,"other":1}}
[timeline-page-observation] {"cycle":6,"processOrdinal":1,"timelineOrdinal":6,"kind":"complete","elapsedMs":11.835250000000087,"pages":1,"totalChanged":false,"mixedStates":false,"code":"none"}
[http-timing] {"sequence":129,"timelineOrdinal":7,"processOrdinal":1,"method":"GET","routeClass":"timeline","status":200,"headerElapsedMs":11,"bodyElapsedMs":0,"totalElapsedMs":11,"bytes":51709,"phase":"complete","outcome":"ok"}
[timeline-page-observation] {"cycle":7,"processOrdinal":1,"timelineOrdinal":7,"kind":"page","elapsedMs":11.734209000000192,"offset":0,"total":1,"unplacedTotal":5,"states":{"intent":0,"ready":0,"committed":0,"complete":0,"failed":0,"other":1}}
[timeline-page-observation] {"cycle":7,"processOrdinal":1,"timelineOrdinal":7,"kind":"complete","elapsedMs":11.831583999999566,"pages":1,"totalChanged":false,"mixedStates":false,"code":"none"}
[http-timing] {"sequence":130,"timelineOrdinal":8,"processOrdinal":1,"method":"GET","routeClass":"timeline","status":200,"headerElapsedMs":10,"bodyElapsedMs":0,"totalElapsedMs":10,"bytes":51709,"phase":"complete","outcome":"ok"}
[timeline-page-observation] {"cycle":8,"processOrdinal":1,"timelineOrdinal":8,"kind":"page","elapsedMs":11.300666999999521,"offset":0,"total":1,"unplacedTotal":5,"states":{"intent":0,"ready":0,"committed":0,"complete":0,"failed":0,"other":1}}
[timeline-page-observation] {"cycle":8,"processOrdinal":1,"timelineOrdinal":8,"kind":"complete","elapsedMs":11.41150000000016,"pages":1,"totalChanged":false,"mixedStates":false,"code":"none"}
[http-timing] {"sequence":131,"timelineOrdinal":9,"processOrdinal":1,"method":"GET","routeClass":"timeline","status":200,"headerElapsedMs":11,"bodyElapsedMs":0,"totalElapsedMs":11,"bytes":51709,"phase":"complete","outcome":"ok"}
[timeline-page-observation] {"cycle":9,"processOrdinal":1,"timelineOrdinal":9,"kind":"page","elapsedMs":12.276708000001236,"offset":0,"total":1,"unplacedTotal":5,"states":{"intent":0,"ready":0,"committed":0,"complete":0,"failed":0,"other":1}}
[timeline-page-observation] {"cycle":9,"processOrdinal":1,"timelineOrdinal":9,"kind":"complete","elapsedMs":12.38391700000102,"pages":1,"totalChanged":false,"mixedStates":false,"code":"none"}
[http-timing] {"sequence":132,"timelineOrdinal":10,"processOrdinal":1,"method":"GET","routeClass":"timeline","status":200,"headerElapsedMs":10,"bodyElapsedMs":0,"totalElapsedMs":10,"bytes":51709,"phase":"complete","outcome":"ok"}
[timeline-page-observation] {"cycle":10,"processOrdinal":1,"timelineOrdinal":10,"kind":"page","elapsedMs":11.182833999999275,"offset":0,"total":1,"unplacedTotal":5,"states":{"intent":0,"ready":0,"committed":0,"complete":0,"failed":0,"other":1}}
[timeline-page-observation] {"cycle":10,"processOrdinal":1,"timelineOrdinal":10,"kind":"complete","elapsedMs":11.277541999999812,"pages":1,"totalChanged":false,"mixedStates":false,"code":"none"}
[http-timing] {"sequence":133,"timelineOrdinal":11,"processOrdinal":1,"method":"GET","routeClass":"timeline","status":200,"headerElapsedMs":10,"bodyElapsedMs":0,"totalElapsedMs":10,"bytes":51709,"phase":"complete","outcome":"ok"}
[timeline-page-observation] {"cycle":11,"processOrdinal":1,"timelineOrdinal":11,"kind":"page","elapsedMs":11.330583000000843,"offset":0,"total":1,"unplacedTotal":5,"states":{"intent":0,"ready":0,"committed":0,"complete":0,"failed":0,"other":1}}
[timeline-page-observation] {"cycle":11,"processOrdinal":1,"timelineOrdinal":11,"kind":"complete","elapsedMs":11.427499999999782,"pages":1,"totalChanged":false,"mixedStates":false,"code":"none"}
[http-timing] {"sequence":134,"timelineOrdinal":12,"processOrdinal":1,"method":"GET","routeClass":"timeline","status":200,"headerElapsedMs":11,"bodyElapsedMs":0,"totalElapsedMs":11,"bytes":51709,"phase":"complete","outcome":"ok"}
[timeline-page-observation] {"cycle":12,"processOrdinal":1,"timelineOrdinal":12,"kind":"page","elapsedMs":11.631833999999799,"offset":0,"total":1,"unplacedTotal":5,"states":{"intent":0,"ready":0,"committed":0,"complete":0,"failed":0,"other":1}}
[timeline-page-observation] {"cycle":12,"processOrdinal":1,"timelineOrdinal":12,"kind":"complete","elapsedMs":11.72124999999869,"pages":1,"totalChanged":false,"mixedStates":false,"code":"none"}
[http-timing] {"sequence":135,"timelineOrdinal":13,"processOrdinal":1,"method":"GET","routeClass":"timeline","status":200,"headerElapsedMs":11,"bodyElapsedMs":0,"totalElapsedMs":11,"bytes":51709,"phase":"complete","outcome":"ok"}
[timeline-page-observation] {"cycle":13,"processOrdinal":1,"timelineOrdinal":13,"kind":"page","elapsedMs":11.596540999998979,"offset":0,"total":1,"unplacedTotal":5,"states":{"intent":0,"ready":0,"committed":0,"complete":0,"failed":0,"other":1}}
[timeline-page-observation] {"cycle":13,"processOrdinal":1,"timelineOrdinal":13,"kind":"complete","elapsedMs":11.684915999998339,"pages":1,"totalChanged":false,"mixedStates":false,"code":"none"}
[http-timing] {"sequence":136,"timelineOrdinal":14,"processOrdinal":1,"method":"GET","routeClass":"timeline","status":200,"headerElapsedMs":10,"bodyElapsedMs":0,"totalElapsedMs":11,"bytes":51709,"phase":"complete","outcome":"ok"}
[timeline-page-observation] {"cycle":14,"processOrdinal":1,"timelineOrdinal":14,"kind":"page","elapsedMs":11.372749999998632,"offset":0,"total":1,"unplacedTotal":5,"states":{"intent":0,"ready":0,"committed":0,"complete":0,"failed":0,"other":1}}
[timeline-page-observation] {"cycle":14,"processOrdinal":1,"timelineOrdinal":14,"kind":"complete","elapsedMs":11.461999999999534,"pages":1,"totalChanged":false,"mixedStates":false,"code":"none"}
[http-timing] {"sequence":137,"timelineOrdinal":15,"processOrdinal":1,"method":"GET","routeClass":"timeline","status":200,"headerElapsedMs":11,"bodyElapsedMs":0,"totalElapsedMs":11,"bytes":51709,"phase":"complete","outcome":"ok"}
[timeline-page-observation] {"cycle":15,"processOrdinal":1,"timelineOrdinal":15,"kind":"page","elapsedMs":11.719042000000627,"offset":0,"total":1,"unplacedTotal":5,"states":{"intent":0,"ready":0,"committed":0,"complete":0,"failed":0,"other":1}}
[timeline-page-observation] {"cycle":15,"processOrdinal":1,"timelineOrdinal":15,"kind":"complete","elapsedMs":11.807834000001094,"pages":1,"totalChanged":false,"mixedStates":false,"code":"none"}
[http-timing] {"sequence":138,"timelineOrdinal":16,"processOrdinal":1,"method":"GET","routeClass":"timeline","status":200,"headerElapsedMs":10,"bodyElapsedMs":0,"totalElapsedMs":10,"bytes":51709,"phase":"complete","outcome":"ok"}
[timeline-page-observation] {"cycle":16,"processOrdinal":1,"timelineOrdinal":16,"kind":"page","elapsedMs":11.256540999998833,"offset":0,"total":1,"unplacedTotal":5,"states":{"intent":0,"ready":0,"committed":0,"complete":0,"failed":0,"other":1}}
[timeline-page-observation] {"cycle":16,"processOrdinal":1,"timelineOrdinal":16,"kind":"complete","elapsedMs":11.344957999999679,"pages":1,"totalChanged":false,"mixedStates":false,"code":"none"}
[http-timing] {"sequence":139,"timelineOrdinal":17,"processOrdinal":1,"method":"GET","routeClass":"timeline","status":200,"headerElapsedMs":11,"bodyElapsedMs":0,"totalElapsedMs":11,"bytes":51709,"phase":"complete","outcome":"ok"}
[timeline-page-observation] {"cycle":17,"processOrdinal":1,"timelineOrdinal":17,"kind":"page","elapsedMs":11.671583999999712,"offset":0,"total":1,"unplacedTotal":5,"states":{"intent":0,"ready":0,"committed":0,"complete":0,"failed":0,"other":1}}
[timeline-page-observation] {"cycle":17,"processOrdinal":1,"timelineOrdinal":17,"kind":"complete","elapsedMs":11.762917000000016,"pages":1,"totalChanged":false,"mixedStates":false,"code":"none"}
[http-timing] {"sequence":140,"timelineOrdinal":18,"processOrdinal":1,"method":"GET","routeClass":"timeline","status":200,"headerElapsedMs":10,"bodyElapsedMs":0,"totalElapsedMs":11,"bytes":51709,"phase":"complete","outcome":"ok"}
[timeline-page-observation] {"cycle":18,"processOrdinal":1,"timelineOrdinal":18,"kind":"page","elapsedMs":11.378249999999753,"offset":0,"total":1,"unplacedTotal":5,"states":{"intent":0,"ready":0,"committed":0,"complete":0,"failed":0,"other":1}}
[timeline-page-observation] {"cycle":18,"processOrdinal":1,"timelineOrdinal":18,"kind":"complete","elapsedMs":11.474709000000075,"pages":1,"totalChanged":false,"mixedStates":false,"code":"none"}
[http-timing] {"sequence":141,"timelineOrdinal":19,"processOrdinal":1,"method":"GET","routeClass":"timeline","status":200,"headerElapsedMs":10,"bodyElapsedMs":0,"totalElapsedMs":10,"bytes":51709,"phase":"complete","outcome":"ok"}
[timeline-page-observation] {"cycle":19,"processOrdinal":1,"timelineOrdinal":19,"kind":"page","elapsedMs":11.295458000000508,"offset":0,"total":1,"unplacedTotal":5,"states":{"intent":0,"ready":0,"committed":0,"complete":0,"failed":0,"other":1}}
[timeline-page-observation] {"cycle":19,"processOrdinal":1,"timelineOrdinal":19,"kind":"complete","elapsedMs":11.382125000000087,"pages":1,"totalChanged":false,"mixedStates":false,"code":"none"}
[http-timing] {"sequence":142,"timelineOrdinal":20,"processOrdinal":1,"method":"GET","routeClass":"timeline","status":200,"headerElapsedMs":10,"bodyElapsedMs":0,"totalElapsedMs":10,"bytes":51709,"phase":"complete","outcome":"ok"}
[timeline-page-observation] {"cycle":20,"processOrdinal":1,"timelineOrdinal":20,"kind":"page","elapsedMs":11.238458999998329,"offset":0,"total":1,"unplacedTotal":5,"states":{"intent":0,"ready":0,"committed":0,"complete":0,"failed":0,"other":1}}
[timeline-page-observation] {"cycle":20,"processOrdinal":1,"timelineOrdinal":20,"kind":"complete","elapsedMs":11.325874999998632,"pages":1,"totalChanged":false,"mixedStates":false,"code":"none"}
[http-timing] {"sequence":143,"timelineOrdinal":21,"processOrdinal":1,"method":"GET","routeClass":"timeline","status":200,"headerElapsedMs":10,"bodyElapsedMs":0,"totalElapsedMs":10,"bytes":51709,"phase":"complete","outcome":"ok"}
[timeline-page-observation] {"cycle":21,"processOrdinal":1,"timelineOrdinal":21,"kind":"page","elapsedMs":11.402332999999999,"offset":0,"total":1,"unplacedTotal":5,"states":{"intent":0,"ready":0,"committed":0,"complete":0,"failed":0,"other":1}}
[timeline-page-observation] {"cycle":21,"processOrdinal":1,"timelineOrdinal":21,"kind":"complete","elapsedMs":11.492500000000291,"pages":1,"totalChanged":false,"mixedStates":false,"code":"none"}
[http-timing] {"sequence":144,"timelineOrdinal":22,"processOrdinal":1,"method":"GET","routeClass":"timeline","status":200,"headerElapsedMs":10,"bodyElapsedMs":0,"totalElapsedMs":11,"bytes":51709,"phase":"complete","outcome":"ok"}
[timeline-page-observation] {"cycle":22,"processOrdinal":1,"timelineOrdinal":22,"kind":"page","elapsedMs":11.839791999998852,"offset":0,"total":1,"unplacedTotal":5,"states":{"intent":0,"ready":0,"committed":0,"complete":0,"failed":0,"other":1}}
[timeline-page-observation] {"cycle":22,"processOrdinal":1,"timelineOrdinal":22,"kind":"complete","elapsedMs":11.930499999998574,"pages":1,"totalChanged":false,"mixedStates":false,"code":"none"}
[http-timing] {"sequence":145,"timelineOrdinal":23,"processOrdinal":1,"method":"GET","routeClass":"timeline","status":200,"headerElapsedMs":11,"bodyElapsedMs":0,"totalElapsedMs":11,"bytes":51709,"phase":"complete","outcome":"ok"}
[timeline-page-observation] {"cycle":23,"processOrdinal":1,"timelineOrdinal":23,"kind":"page","elapsedMs":11.652749999999287,"offset":0,"total":1,"unplacedTotal":5,"states":{"intent":0,"ready":0,"committed":0,"complete":0,"failed":0,"other":1}}
[timeline-page-observation] {"cycle":23,"processOrdinal":1,"timelineOrdinal":23,"kind":"complete","elapsedMs":11.746749999998428,"pages":1,"totalChanged":false,"mixedStates":false,"code":"none"}
[http-timing] {"sequence":146,"timelineOrdinal":24,"processOrdinal":1,"method":"GET","routeClass":"timeline","status":200,"headerElapsedMs":10,"bodyElapsedMs":0,"totalElapsedMs":10,"bytes":51709,"phase":"complete","outcome":"ok"}
[timeline-page-observation] {"cycle":24,"processOrdinal":1,"timelineOrdinal":24,"kind":"page","elapsedMs":11.246208000000479,"offset":0,"total":1,"unplacedTotal":5,"states":{"intent":0,"ready":0,"committed":0,"complete":0,"failed":0,"other":1}}
[timeline-page-observation] {"cycle":24,"processOrdinal":1,"timelineOrdinal":24,"kind":"complete","elapsedMs":11.335957999999664,"pages":1,"totalChanged":false,"mixedStates":false,"code":"none"}
[http-timing] {"sequence":147,"timelineOrdinal":25,"processOrdinal":1,"method":"GET","routeClass":"timeline","status":200,"headerElapsedMs":10,"bodyElapsedMs":0,"totalElapsedMs":10,"bytes":51709,"phase":"complete","outcome":"ok"}
[timeline-page-observation] {"cycle":25,"processOrdinal":1,"timelineOrdinal":25,"kind":"page","elapsedMs":11.252083000001221,"offset":0,"total":1,"unplacedTotal":5,"states":{"intent":0,"ready":0,"committed":0,"complete":0,"failed":0,"other":1}}
[timeline-page-observation] {"cycle":25,"processOrdinal":1,"timelineOrdinal":25,"kind":"complete","elapsedMs":11.34375,"pages":1,"totalChanged":false,"mixedStates":false,"code":"none"}
[http-timing] {"sequence":148,"timelineOrdinal":26,"processOrdinal":1,"method":"GET","routeClass":"timeline","status":200,"headerElapsedMs":10,"bodyElapsedMs":0,"totalElapsedMs":10,"bytes":51709,"phase":"complete","outcome":"ok"}
[timeline-page-observation] {"cycle":26,"processOrdinal":1,"timelineOrdinal":26,"kind":"page","elapsedMs":11.195040999999037,"offset":0,"total":1,"unplacedTotal":5,"states":{"intent":0,"ready":0,"committed":0,"complete":0,"failed":0,"other":1}}
[timeline-page-observation] {"cycle":26,"processOrdinal":1,"timelineOrdinal":26,"kind":"complete","elapsedMs":11.364165999999386,"pages":1,"totalChanged":false,"mixedStates":false,"code":"none"}
[http-timing] {"sequence":149,"timelineOrdinal":27,"processOrdinal":1,"method":"GET","routeClass":"timeline","status":200,"headerElapsedMs":10,"bodyElapsedMs":0,"totalElapsedMs":10,"bytes":51709,"phase":"complete","outcome":"ok"}
[timeline-page-observation] {"cycle":27,"processOrdinal":1,"timelineOrdinal":27,"kind":"page","elapsedMs":11.228958000001512,"offset":0,"total":1,"unplacedTotal":5,"states":{"intent":0,"ready":0,"committed":0,"complete":0,"failed":0,"other":1}}
[timeline-page-observation] {"cycle":27,"processOrdinal":1,"timelineOrdinal":27,"kind":"complete","elapsedMs":11.319083000000319,"pages":1,"totalChanged":false,"mixedStates":false,"code":"none"}
[http-timing] {"sequence":150,"timelineOrdinal":28,"processOrdinal":1,"method":"GET","routeClass":"timeline","status":200,"headerElapsedMs":10,"bodyElapsedMs":0,"totalElapsedMs":11,"bytes":51709,"phase":"complete","outcome":"ok"}
[timeline-page-observation] {"cycle":28,"processOrdinal":1,"timelineOrdinal":28,"kind":"page","elapsedMs":11.456124999998792,"offset":0,"total":1,"unplacedTotal":5,"states":{"intent":0,"ready":0,"committed":0,"complete":0,"failed":0,"other":1}}
[timeline-page-observation] {"cycle":28,"processOrdinal":1,"timelineOrdinal":28,"kind":"complete","elapsedMs":11.547082999999475,"pages":1,"totalChanged":false,"mixedStates":false,"code":"none"}
[http-timing] {"sequence":151,"timelineOrdinal":29,"processOrdinal":1,"method":"GET","routeClass":"timeline","status":200,"headerElapsedMs":11,"bodyElapsedMs":0,"totalElapsedMs":11,"bytes":51709,"phase":"complete","outcome":"ok"}
[timeline-page-observation] {"cycle":29,"processOrdinal":1,"timelineOrdinal":29,"kind":"page","elapsedMs":12.200749999999971,"offset":0,"total":1,"unplacedTotal":5,"states":{"intent":0,"ready":0,"committed":0,"complete":0,"failed":0,"other":1}}
[timeline-page-observation] {"cycle":29,"processOrdinal":1,"timelineOrdinal":29,"kind":"complete","elapsedMs":12.290124999999534,"pages":1,"totalChanged":false,"mixedStates":false,"code":"none"}
[http-timing] {"sequence":152,"timelineOrdinal":30,"processOrdinal":1,"method":"GET","routeClass":"timeline","status":200,"headerElapsedMs":11,"bodyElapsedMs":0,"totalElapsedMs":11,"bytes":51709,"phase":"complete","outcome":"ok"}
[timeline-page-observation] {"cycle":30,"processOrdinal":1,"timelineOrdinal":30,"kind":"page","elapsedMs":11.735833999999159,"offset":0,"total":1,"unplacedTotal":5,"states":{"intent":0,"ready":0,"committed":0,"complete":0,"failed":0,"other":1}}
[timeline-page-observation] {"cycle":30,"processOrdinal":1,"timelineOrdinal":30,"kind":"complete","elapsedMs":11.824749999999767,"pages":1,"totalChanged":false,"mixedStates":false,"code":"none"}
[http-timing] {"sequence":153,"timelineOrdinal":31,"processOrdinal":1,"method":"GET","routeClass":"timeline","status":200,"headerElapsedMs":10,"bodyElapsedMs":0,"totalElapsedMs":11,"bytes":51709,"phase":"complete","outcome":"ok"}
[timeline-page-observation] {"cycle":31,"processOrdinal":1,"timelineOrdinal":31,"kind":"page","elapsedMs":11.465916999999536,"offset":0,"total":1,"unplacedTotal":5,"states":{"intent":0,"ready":0,"committed":0,"complete":0,"failed":0,"other":1}}
[timeline-page-observation] {"cycle":31,"processOrdinal":1,"timelineOrdinal":31,"kind":"complete","elapsedMs":11.564916999999696,"pages":1,"totalChanged":false,"mixedStates":false,"code":"none"}
[http-timing] {"sequence":154,"timelineOrdinal":32,"processOrdinal":1,"method":"GET","routeClass":"timeline","status":200,"headerElapsedMs":10,"bodyElapsedMs":0,"totalElapsedMs":10,"bytes":51709,"phase":"complete","outcome":"ok"}
[timeline-page-observation] {"cycle":32,"processOrdinal":1,"timelineOrdinal":32,"kind":"page","elapsedMs":11.231957999998485,"offset":0,"total":1,"unplacedTotal":5,"states":{"intent":0,"ready":0,"committed":0,"complete":0,"failed":0,"other":1}}
[timeline-page-observation] {"cycle":32,"processOrdinal":1,"timelineOrdinal":32,"kind":"complete","elapsedMs":11.320832999999766,"pages":1,"totalChanged":false,"mixedStates":false,"code":"none"}
[http-timing] {"sequence":155,"timelineOrdinal":33,"processOrdinal":1,"method":"GET","routeClass":"timeline","status":200,"headerElapsedMs":11,"bodyElapsedMs":0,"totalElapsedMs":11,"bytes":51709,"phase":"complete","outcome":"ok"}
[timeline-page-observation] {"cycle":33,"processOrdinal":1,"timelineOrdinal":33,"kind":"page","elapsedMs":11.548999999999069,"offset":0,"total":1,"unplacedTotal":5,"states":{"intent":0,"ready":0,"committed":0,"complete":0,"failed":0,"other":1}}
[timeline-page-observation] {"cycle":33,"processOrdinal":1,"timelineOrdinal":33,"kind":"complete","elapsedMs":11.639665999999124,"pages":1,"totalChanged":false,"mixedStates":false,"code":"none"}
[http-timing] {"sequence":156,"timelineOrdinal":34,"processOrdinal":1,"method":"GET","routeClass":"timeline","status":200,"headerElapsedMs":10,"bodyElapsedMs":0,"totalElapsedMs":11,"bytes":51709,"phase":"complete","outcome":"ok"}
[timeline-page-observation] {"cycle":34,"processOrdinal":1,"timelineOrdinal":34,"kind":"page","elapsedMs":11.39049999999952,"offset":0,"total":1,"unplacedTotal":5,"states":{"intent":0,"ready":0,"committed":0,"complete":0,"failed":0,"other":1}}
[timeline-page-observation] {"cycle":34,"processOrdinal":1,"timelineOrdinal":34,"kind":"complete","elapsedMs":11.479750000000422,"pages":1,"totalChanged":false,"mixedStates":false,"code":"none"}
[http-timing] {"sequence":157,"timelineOrdinal":35,"processOrdinal":1,"method":"GET","routeClass":"timeline","status":200,"headerElapsedMs":10,"bodyElapsedMs":0,"totalElapsedMs":10,"bytes":51709,"phase":"complete","outcome":"ok"}
[timeline-page-observation] {"cycle":35,"processOrdinal":1,"timelineOrdinal":35,"kind":"page","elapsedMs":11.146124999999302,"offset":0,"total":1,"unplacedTotal":5,"states":{"intent":0,"ready":0,"committed":0,"complete":0,"failed":0,"other":1}}
[timeline-page-observation] {"cycle":35,"processOrdinal":1,"timelineOrdinal":35,"kind":"complete","elapsedMs":11.234000000000378,"pages":1,"totalChanged":false,"mixedStates":false,"code":"none"}
[http-timing] {"sequence":158,"timelineOrdinal":36,"processOrdinal":1,"method":"GET","routeClass":"timeline","status":200,"headerElapsedMs":11,"bodyElapsedMs":0,"totalElapsedMs":11,"bytes":51709,"phase":"complete","outcome":"ok"}
[timeline-page-observation] {"cycle":36,"processOrdinal":1,"timelineOrdinal":36,"kind":"page","elapsedMs":12.2170419999984,"offset":0,"total":1,"unplacedTotal":5,"states":{"intent":0,"ready":0,"committed":0,"complete":0,"failed":0,"other":1}}
[timeline-page-observation] {"cycle":36,"processOrdinal":1,"timelineOrdinal":36,"kind":"complete","elapsedMs":12.306416999999783,"pages":1,"totalChanged":false,"mixedStates":false,"code":"none"}
[http-timing] {"sequence":159,"timelineOrdinal":37,"processOrdinal":1,"method":"GET","routeClass":"timeline","status":200,"headerElapsedMs":10,"bodyElapsedMs":0,"totalElapsedMs":11,"bytes":51709,"phase":"complete","outcome":"ok"}
[timeline-page-observation] {"cycle":37,"processOrdinal":1,"timelineOrdinal":37,"kind":"page","elapsedMs":11.395375000000058,"offset":0,"total":1,"unplacedTotal":5,"states":{"intent":0,"ready":0,"committed":0,"complete":0,"failed":0,"other":1}}
[timeline-page-observation] {"cycle":37,"processOrdinal":1,"timelineOrdinal":37,"kind":"complete","elapsedMs":11.486291000001074,"pages":1,"totalChanged":false,"mixedStates":false,"code":"none"}
[http-timing] {"sequence":160,"timelineOrdinal":38,"processOrdinal":1,"method":"GET","routeClass":"timeline","status":200,"headerElapsedMs":13,"bodyElapsedMs":0,"totalElapsedMs":13,"bytes":51709,"phase":"complete","outcome":"ok"}
[timeline-page-observation] {"cycle":38,"processOrdinal":1,"timelineOrdinal":38,"kind":"page","elapsedMs":13.918792000000394,"offset":0,"total":1,"unplacedTotal":5,"states":{"intent":0,"ready":0,"committed":0,"complete":0,"failed":0,"other":1}}
[timeline-page-observation] {"cycle":38,"processOrdinal":1,"timelineOrdinal":38,"kind":"complete","elapsedMs":14.005833999999595,"pages":1,"totalChanged":false,"mixedStates":false,"code":"none"}
[http-timing] {"sequence":161,"timelineOrdinal":39,"processOrdinal":1,"method":"GET","routeClass":"timeline","status":200,"headerElapsedMs":10,"bodyElapsedMs":0,"totalElapsedMs":10,"bytes":51709,"phase":"complete","outcome":"ok"}
[timeline-page-observation] {"cycle":39,"processOrdinal":1,"timelineOrdinal":39,"kind":"page","elapsedMs":11.079625000000306,"offset":0,"total":1,"unplacedTotal":5,"states":{"intent":0,"ready":0,"committed":0,"complete":0,"failed":0,"other":1}}
[timeline-page-observation] {"cycle":39,"processOrdinal":1,"timelineOrdinal":39,"kind":"complete","elapsedMs":11.168999999999869,"pages":1,"totalChanged":false,"mixedStates":false,"code":"none"}
[http-timing] {"sequence":162,"timelineOrdinal":40,"processOrdinal":1,"method":"GET","routeClass":"timeline","status":200,"headerElapsedMs":11,"bodyElapsedMs":0,"totalElapsedMs":11,"bytes":51709,"phase":"complete","outcome":"ok"}
[timeline-page-observation] {"cycle":40,"processOrdinal":1,"timelineOrdinal":40,"kind":"page","elapsedMs":11.451875000000655,"offset":0,"total":1,"unplacedTotal":5,"states":{"intent":0,"ready":0,"committed":0,"complete":0,"failed":0,"other":1}}
[timeline-page-observation] {"cycle":40,"processOrdinal":1,"timelineOrdinal":40,"kind":"complete","elapsedMs":11.551041999999143,"pages":1,"totalChanged":false,"mixedStates":false,"code":"none"}
[http-timing] {"sequence":163,"timelineOrdinal":41,"processOrdinal":1,"method":"GET","routeClass":"timeline","status":200,"headerElapsedMs":11,"bodyElapsedMs":0,"totalElapsedMs":11,"bytes":51709,"phase":"complete","outcome":"ok"}
[timeline-page-observation] {"cycle":41,"processOrdinal":1,"timelineOrdinal":41,"kind":"page","elapsedMs":11.772832999999082,"offset":0,"total":1,"unplacedTotal":5,"states":{"intent":0,"ready":0,"committed":0,"complete":0,"failed":0,"other":1}}
[timeline-page-observation] {"cycle":41,"processOrdinal":1,"timelineOrdinal":41,"kind":"complete","elapsedMs":11.862249999998312,"pages":1,"totalChanged":false,"mixedStates":false,"code":"none"}
[http-timing] {"sequence":164,"timelineOrdinal":42,"processOrdinal":1,"method":"GET","routeClass":"timeline","status":200,"headerElapsedMs":10,"bodyElapsedMs":0,"totalElapsedMs":11,"bytes":51709,"phase":"complete","outcome":"ok"}
[timeline-page-observation] {"cycle":42,"processOrdinal":1,"timelineOrdinal":42,"kind":"page","elapsedMs":11.518082999999024,"offset":0,"total":1,"unplacedTotal":5,"states":{"intent":0,"ready":0,"committed":0,"complete":0,"failed":0,"other":1}}
[timeline-page-observation] {"cycle":42,"processOrdinal":1,"timelineOrdinal":42,"kind":"complete","elapsedMs":11.62645799999882,"pages":1,"totalChanged":false,"mixedStates":false,"code":"none"}
[http-timing] {"sequence":165,"timelineOrdinal":43,"processOrdinal":1,"method":"GET","routeClass":"timeline","status":200,"headerElapsedMs":11,"bodyElapsedMs":0,"totalElapsedMs":11,"bytes":51709,"phase":"complete","outcome":"ok"}
[timeline-page-observation] {"cycle":43,"processOrdinal":1,"timelineOrdinal":43,"kind":"page","elapsedMs":11.579208000001017,"offset":0,"total":1,"unplacedTotal":5,"states":{"intent":0,"ready":0,"committed":0,"complete":0,"failed":0,"other":1}}
[timeline-page-observation] {"cycle":43,"processOrdinal":1,"timelineOrdinal":43,"kind":"complete","elapsedMs":11.67174999999952,"pages":1,"totalChanged":false,"mixedStates":false,"code":"none"}
[http-timing] {"sequence":166,"timelineOrdinal":44,"processOrdinal":1,"method":"GET","routeClass":"timeline","status":200,"headerElapsedMs":10,"bodyElapsedMs":0,"totalElapsedMs":10,"bytes":51709,"phase":"complete","outcome":"ok"}
[timeline-page-observation] {"cycle":44,"processOrdinal":1,"timelineOrdinal":44,"kind":"page","elapsedMs":11.129124999999476,"offset":0,"total":1,"unplacedTotal":5,"states":{"intent":0,"ready":0,"committed":0,"complete":0,"failed":0,"other":1}}
[timeline-page-observation] {"cycle":44,"processOrdinal":1,"timelineOrdinal":44,"kind":"complete","elapsedMs":11.221958999998606,"pages":1,"totalChanged":false,"mixedStates":false,"code":"none"}
[http-timing] {"sequence":167,"timelineOrdinal":45,"processOrdinal":1,"method":"GET","routeClass":"timeline","status":200,"headerElapsedMs":12,"bodyElapsedMs":0,"totalElapsedMs":12,"bytes":51709,"phase":"complete","outcome":"ok"}
[timeline-page-observation] {"cycle":45,"processOrdinal":1,"timelineOrdinal":45,"kind":"page","elapsedMs":12.816999999999098,"offset":0,"total":1,"unplacedTotal":5,"states":{"intent":0,"ready":0,"committed":0,"complete":0,"failed":0,"other":1}}
[timeline-page-observation] {"cycle":45,"processOrdinal":1,"timelineOrdinal":45,"kind":"complete","elapsedMs":12.917832999999519,"pages":1,"totalChanged":false,"mixedStates":false,"code":"none"}
[http-timing] {"sequence":168,"timelineOrdinal":46,"processOrdinal":1,"method":"GET","routeClass":"timeline","status":200,"headerElapsedMs":11,"bodyElapsedMs":0,"totalElapsedMs":11,"bytes":51709,"phase":"complete","outcome":"ok"}
[timeline-page-observation] {"cycle":46,"processOrdinal":1,"timelineOrdinal":46,"kind":"page","elapsedMs":11.643208999999842,"offset":0,"total":1,"unplacedTotal":5,"states":{"intent":0,"ready":0,"committed":0,"complete":0,"failed":0,"other":1}}
[timeline-page-observation] {"cycle":46,"processOrdinal":1,"timelineOrdinal":46,"kind":"complete","elapsedMs":11.734875000000102,"pages":1,"totalChanged":false,"mixedStates":false,"code":"none"}
[http-timing] {"sequence":169,"timelineOrdinal":47,"processOrdinal":1,"method":"GET","routeClass":"timeline","status":200,"headerElapsedMs":11,"bodyElapsedMs":0,"totalElapsedMs":11,"bytes":51709,"phase":"complete","outcome":"ok"}
[timeline-page-observation] {"cycle":47,"processOrdinal":1,"timelineOrdinal":47,"kind":"page","elapsedMs":12.238291999998182,"offset":0,"total":1,"unplacedTotal":5,"states":{"intent":0,"ready":0,"committed":0,"complete":0,"failed":0,"other":1}}
[timeline-page-observation] {"cycle":47,"processOrdinal":1,"timelineOrdinal":47,"kind":"complete","elapsedMs":12.33599999999933,"pages":1,"totalChanged":false,"mixedStates":false,"code":"none"}
[http-timing] {"sequence":170,"timelineOrdinal":48,"processOrdinal":1,"method":"GET","routeClass":"timeline","status":200,"headerElapsedMs":10,"bodyElapsedMs":0,"totalElapsedMs":10,"bytes":51709,"phase":"complete","outcome":"ok"}
[timeline-page-observation] {"cycle":48,"processOrdinal":1,"timelineOrdinal":48,"kind":"page","elapsedMs":11.13524999999936,"offset":0,"total":1,"unplacedTotal":5,"states":{"intent":0,"ready":0,"committed":0,"complete":0,"failed":0,"other":1}}
[timeline-page-observation] {"cycle":48,"processOrdinal":1,"timelineOrdinal":48,"kind":"complete","elapsedMs":11.226542000000336,"pages":1,"totalChanged":false,"mixedStates":false,"code":"none"}
[http-timing] {"sequence":171,"timelineOrdinal":49,"processOrdinal":1,"method":"GET","routeClass":"timeline","status":200,"headerElapsedMs":11,"bodyElapsedMs":0,"totalElapsedMs":11,"bytes":51709,"phase":"complete","outcome":"ok"}
[timeline-page-observation] {"cycle":49,"processOrdinal":1,"timelineOrdinal":49,"kind":"page","elapsedMs":11.64404099999956,"offset":0,"total":1,"unplacedTotal":5,"states":{"intent":0,"ready":0,"committed":0,"complete":0,"failed":0,"other":1}}
[timeline-page-observation] {"cycle":49,"processOrdinal":1,"timelineOrdinal":49,"kind":"complete","elapsedMs":11.742165999999997,"pages":1,"totalChanged":false,"mixedStates":false,"code":"none"}
[http-timing] {"sequence":172,"timelineOrdinal":50,"processOrdinal":1,"method":"GET","routeClass":"timeline","status":200,"headerElapsedMs":11,"bodyElapsedMs":0,"totalElapsedMs":11,"bytes":51709,"phase":"complete","outcome":"ok"}
[timeline-page-observation] {"cycle":50,"processOrdinal":1,"timelineOrdinal":50,"kind":"page","elapsedMs":11.726082999997743,"offset":0,"total":1,"unplacedTotal":5,"states":{"intent":0,"ready":0,"committed":0,"complete":0,"failed":0,"other":1}}
[timeline-page-observation] {"cycle":50,"processOrdinal":1,"timelineOrdinal":50,"kind":"complete","elapsedMs":11.852917000000161,"pages":1,"totalChanged":false,"mixedStates":false,"code":"none"}
[http-timing] {"sequence":173,"timelineOrdinal":51,"processOrdinal":1,"method":"GET","routeClass":"timeline","status":200,"headerElapsedMs":10,"bodyElapsedMs":0,"totalElapsedMs":10,"bytes":51709,"phase":"complete","outcome":"ok"}
[timeline-page-observation] {"cycle":51,"processOrdinal":1,"timelineOrdinal":51,"kind":"page","elapsedMs":11.131374999997206,"offset":0,"total":1,"unplacedTotal":5,"states":{"intent":0,"ready":0,"committed":0,"complete":0,"failed":0,"other":1}}
[timeline-page-observation] {"cycle":51,"processOrdinal":1,"timelineOrdinal":51,"kind":"complete","elapsedMs":11.263915999999881,"pages":1,"totalChanged":false,"mixedStates":false,"code":"none"}
[http-timing] {"sequence":174,"timelineOrdinal":52,"processOrdinal":1,"method":"GET","routeClass":"timeline","status":200,"headerElapsedMs":10,"bodyElapsedMs":0,"totalElapsedMs":10,"bytes":51709,"phase":"complete","outcome":"ok"}
[timeline-page-observation] {"cycle":52,"processOrdinal":1,"timelineOrdinal":52,"kind":"page","elapsedMs":11.868249999999534,"offset":0,"total":1,"unplacedTotal":5,"states":{"intent":0,"ready":0,"committed":0,"complete":0,"failed":0,"other":1}}
[timeline-page-observation] {"cycle":52,"processOrdinal":1,"timelineOrdinal":52,"kind":"complete","elapsedMs":12.002666999997018,"pages":1,"totalChanged":false,"mixedStates":false,"code":"none"}
[http-timing] {"sequence":175,"timelineOrdinal":53,"processOrdinal":1,"method":"GET","routeClass":"timeline","status":200,"headerElapsedMs":10,"bodyElapsedMs":0,"totalElapsedMs":10,"bytes":51709,"phase":"complete","outcome":"ok"}
[timeline-page-observation] {"cycle":53,"processOrdinal":1,"timelineOrdinal":53,"kind":"page","elapsedMs":11.49579200000153,"offset":0,"total":1,"unplacedTotal":5,"states":{"intent":0,"ready":0,"committed":0,"complete":0,"failed":0,"other":1}}
[timeline-page-observation] {"cycle":53,"processOrdinal":1,"timelineOrdinal":53,"kind":"complete","elapsedMs":11.586417000002257,"pages":1,"totalChanged":false,"mixedStates":false,"code":"none"}
[http-timing] {"sequence":176,"timelineOrdinal":54,"processOrdinal":1,"method":"GET","routeClass":"timeline","status":200,"headerElapsedMs":11,"bodyElapsedMs":0,"totalElapsedMs":11,"bytes":51709,"phase":"complete","outcome":"ok"}
[timeline-page-observation] {"cycle":54,"processOrdinal":1,"timelineOrdinal":54,"kind":"page","elapsedMs":11.530084000001807,"offset":0,"total":1,"unplacedTotal":5,"states":{"intent":0,"ready":0,"committed":0,"complete":0,"failed":0,"other":1}}
[timeline-page-observation] {"cycle":54,"processOrdinal":1,"timelineOrdinal":54,"kind":"complete","elapsedMs":11.626083999999537,"pages":1,"totalChanged":false,"mixedStates":false,"code":"none"}
[http-timing] {"sequence":177,"timelineOrdinal":55,"processOrdinal":1,"method":"GET","routeClass":"timeline","status":200,"headerElapsedMs":10,"bodyElapsedMs":0,"totalElapsedMs":11,"bytes":51709,"phase":"complete","outcome":"ok"}
[timeline-page-observation] {"cycle":55,"processOrdinal":1,"timelineOrdinal":55,"kind":"page","elapsedMs":11.44016599999668,"offset":0,"total":1,"unplacedTotal":5,"states":{"intent":0,"ready":0,"committed":0,"complete":0,"failed":0,"other":1}}
[timeline-page-observation] {"cycle":55,"processOrdinal":1,"timelineOrdinal":55,"kind":"complete","elapsedMs":11.533207999997103,"pages":1,"totalChanged":false,"mixedStates":false,"code":"none"}
[http-timing] {"sequence":178,"timelineOrdinal":56,"processOrdinal":1,"method":"GET","routeClass":"timeline","status":200,"headerElapsedMs":11,"bodyElapsedMs":0,"totalElapsedMs":11,"bytes":51709,"phase":"complete","outcome":"ok"}
[timeline-page-observation] {"cycle":56,"processOrdinal":1,"timelineOrdinal":56,"kind":"page","elapsedMs":11.705708000001323,"offset":0,"total":1,"unplacedTotal":5,"states":{"intent":0,"ready":0,"committed":0,"complete":0,"failed":0,"other":1}}
[timeline-page-observation] {"cycle":56,"processOrdinal":1,"timelineOrdinal":56,"kind":"complete","elapsedMs":11.799291999999696,"pages":1,"totalChanged":false,"mixedStates":false,"code":"none"}
[http-timing] {"sequence":179,"timelineOrdinal":57,"processOrdinal":1,"method":"GET","routeClass":"timeline","status":200,"headerElapsedMs":10,"bodyElapsedMs":0,"totalElapsedMs":10,"bytes":51709,"phase":"complete","outcome":"ok"}
[timeline-page-observation] {"cycle":57,"processOrdinal":1,"timelineOrdinal":57,"kind":"page","elapsedMs":11.180624999997235,"offset":0,"total":1,"unplacedTotal":5,"states":{"intent":0,"ready":0,"committed":0,"complete":0,"failed":0,"other":1}}
[timeline-page-observation] {"cycle":57,"processOrdinal":1,"timelineOrdinal":57,"kind":"complete","elapsedMs":11.279916999999841,"pages":1,"totalChanged":false,"mixedStates":false,"code":"none"}
[http-timing] {"sequence":180,"timelineOrdinal":58,"processOrdinal":1,"method":"GET","routeClass":"timeline","status":200,"headerElapsedMs":10,"bodyElapsedMs":0,"totalElapsedMs":10,"bytes":51709,"phase":"complete","outcome":"ok"}
[timeline-page-observation] {"cycle":58,"processOrdinal":1,"timelineOrdinal":58,"kind":"page","elapsedMs":11.284583000000566,"offset":0,"total":1,"unplacedTotal":5,"states":{"intent":0,"ready":0,"committed":0,"complete":0,"failed":0,"other":1}}
[timeline-page-observation] {"cycle":58,"processOrdinal":1,"timelineOrdinal":58,"kind":"complete","elapsedMs":11.406833000000915,"pages":1,"totalChanged":false,"mixedStates":false,"code":"none"}
[http-timing] {"sequence":181,"timelineOrdinal":59,"processOrdinal":1,"method":"GET","routeClass":"timeline","status":200,"headerElapsedMs":11,"bodyElapsedMs":0,"totalElapsedMs":11,"bytes":51709,"phase":"complete","outcome":"ok"}
[timeline-page-observation] {"cycle":59,"processOrdinal":1,"timelineOrdinal":59,"kind":"page","elapsedMs":11.55133300000307,"offset":0,"total":1,"unplacedTotal":5,"states":{"intent":0,"ready":0,"committed":0,"complete":0,"failed":0,"other":1}}
[timeline-page-observation] {"cycle":59,"processOrdinal":1,"timelineOrdinal":59,"kind":"complete","elapsedMs":11.649833000003127,"pages":1,"totalChanged":false,"mixedStates":false,"code":"none"}
[http-timing] {"sequence":182,"timelineOrdinal":60,"processOrdinal":1,"method":"GET","routeClass":"timeline","status":200,"headerElapsedMs":10,"bodyElapsedMs":0,"totalElapsedMs":11,"bytes":51709,"phase":"complete","outcome":"ok"}
[timeline-page-observation] {"cycle":60,"processOrdinal":1,"timelineOrdinal":60,"kind":"page","elapsedMs":11.564167000000452,"offset":0,"total":1,"unplacedTotal":5,"states":{"intent":0,"ready":0,"committed":0,"complete":0,"failed":0,"other":1}}
[timeline-page-observation] {"cycle":60,"processOrdinal":1,"timelineOrdinal":60,"kind":"complete","elapsedMs":11.674542000000656,"pages":1,"totalChanged":false,"mixedStates":false,"code":"none"}
[http-timing] {"sequence":183,"timelineOrdinal":61,"processOrdinal":1,"method":"GET","routeClass":"timeline","status":200,"headerElapsedMs":11,"bodyElapsedMs":0,"totalElapsedMs":11,"bytes":51709,"phase":"complete","outcome":"ok"}
[timeline-page-observation] {"cycle":61,"processOrdinal":1,"timelineOrdinal":61,"kind":"page","elapsedMs":12.381750000000466,"offset":0,"total":1,"unplacedTotal":5,"states":{"intent":0,"ready":0,"committed":0,"complete":0,"failed":0,"other":1}}
[timeline-page-observation] {"cycle":61,"processOrdinal":1,"timelineOrdinal":61,"kind":"complete","elapsedMs":12.471917000002577,"pages":1,"totalChanged":false,"mixedStates":false,"code":"none"}
[http-timing] {"sequence":184,"timelineOrdinal":62,"processOrdinal":1,"method":"GET","routeClass":"timeline","status":200,"headerElapsedMs":11,"bodyElapsedMs":0,"totalElapsedMs":11,"bytes":51709,"phase":"complete","outcome":"ok"}
[timeline-page-observation] {"cycle":62,"processOrdinal":1,"timelineOrdinal":62,"kind":"page","elapsedMs":11.840790999998717,"offset":0,"total":1,"unplacedTotal":5,"states":{"intent":0,"ready":0,"committed":0,"complete":0,"failed":0,"other":1}}
[timeline-page-observation] {"cycle":62,"processOrdinal":1,"timelineOrdinal":62,"kind":"complete","elapsedMs":11.946165999997902,"pages":1,"totalChanged":false,"mixedStates":false,"code":"none"}
[http-timing] {"sequence":185,"timelineOrdinal":63,"processOrdinal":1,"method":"GET","routeClass":"timeline","status":200,"headerElapsedMs":10,"bodyElapsedMs":0,"totalElapsedMs":11,"bytes":51709,"phase":"complete","outcome":"ok"}
[timeline-page-observation] {"cycle":63,"processOrdinal":1,"timelineOrdinal":63,"kind":"page","elapsedMs":11.396667000000889,"offset":0,"total":1,"unplacedTotal":5,"states":{"intent":0,"ready":0,"committed":0,"complete":0,"failed":0,"other":1}}
[timeline-page-observation] {"cycle":63,"processOrdinal":1,"timelineOrdinal":63,"kind":"complete","elapsedMs":11.497624999999971,"pages":1,"totalChanged":false,"mixedStates":false,"code":"none"}
[http-timing] {"sequence":186,"timelineOrdinal":64,"processOrdinal":1,"method":"GET","routeClass":"timeline","status":200,"headerElapsedMs":10,"bodyElapsedMs":0,"totalElapsedMs":10,"bytes":51709,"phase":"complete","outcome":"ok"}
[timeline-page-observation] {"cycle":64,"processOrdinal":1,"timelineOrdinal":64,"kind":"page","elapsedMs":11.18829199999891,"offset":0,"total":1,"unplacedTotal":5,"states":{"intent":0,"ready":0,"committed":0,"complete":0,"failed":0,"other":1}}
[timeline-page-observation] {"cycle":64,"processOrdinal":1,"timelineOrdinal":64,"kind":"complete","elapsedMs":11.27862499999901,"pages":1,"totalChanged":false,"mixedStates":false,"code":"none"}
[http-timing] {"sequence":187,"timelineOrdinal":65,"processOrdinal":1,"method":"GET","routeClass":"timeline","status":200,"headerElapsedMs":11,"bodyElapsedMs":0,"totalElapsedMs":11,"bytes":51709,"phase":"complete","outcome":"ok"}
[timeline-page-observation] {"cycle":65,"processOrdinal":1,"timelineOrdinal":65,"kind":"page","elapsedMs":11.447416999999405,"offset":0,"total":1,"unplacedTotal":5,"states":{"intent":0,"ready":0,"committed":0,"complete":0,"failed":0,"other":1}}
[timeline-page-observation] {"cycle":65,"processOrdinal":1,"timelineOrdinal":65,"kind":"complete","elapsedMs":11.538541999998415,"pages":1,"totalChanged":false,"mixedStates":false,"code":"none"}
[http-timing] {"sequence":188,"timelineOrdinal":66,"processOrdinal":1,"method":"GET","routeClass":"timeline","status":200,"headerElapsedMs":10,"bodyElapsedMs":0,"totalElapsedMs":10,"bytes":51709,"phase":"complete","outcome":"ok"}
[timeline-page-observation] {"cycle":66,"processOrdinal":1,"timelineOrdinal":66,"kind":"page","elapsedMs":11.247707999998966,"offset":0,"total":1,"unplacedTotal":5,"states":{"intent":0,"ready":0,"committed":0,"complete":0,"failed":0,"other":1}}
[timeline-page-observation] {"cycle":66,"processOrdinal":1,"timelineOrdinal":66,"kind":"complete","elapsedMs":11.343583000001672,"pages":1,"totalChanged":false,"mixedStates":false,"code":"none"}
[http-timing] {"sequence":189,"timelineOrdinal":67,"processOrdinal":1,"method":"GET","routeClass":"timeline","status":200,"headerElapsedMs":11,"bodyElapsedMs":0,"totalElapsedMs":11,"bytes":51709,"phase":"complete","outcome":"ok"}
[timeline-page-observation] {"cycle":67,"processOrdinal":1,"timelineOrdinal":67,"kind":"page","elapsedMs":11.468667000001005,"offset":0,"total":1,"unplacedTotal":5,"states":{"intent":0,"ready":0,"committed":0,"complete":0,"failed":0,"other":1}}
[timeline-page-observation] {"cycle":67,"processOrdinal":1,"timelineOrdinal":67,"kind":"complete","elapsedMs":11.560832999999548,"pages":1,"totalChanged":false,"mixedStates":false,"code":"none"}
[http-timing] {"sequence":190,"timelineOrdinal":68,"processOrdinal":1,"method":"GET","routeClass":"timeline","status":200,"headerElapsedMs":10,"bodyElapsedMs":0,"totalElapsedMs":10,"bytes":51709,"phase":"complete","outcome":"ok"}
[timeline-page-observation] {"cycle":68,"processOrdinal":1,"timelineOrdinal":68,"kind":"page","elapsedMs":11.405500000000757,"offset":0,"total":1,"unplacedTotal":5,"states":{"intent":0,"ready":0,"committed":0,"complete":0,"failed":0,"other":1}}
[timeline-page-observation] {"cycle":68,"processOrdinal":1,"timelineOrdinal":68,"kind":"complete","elapsedMs":11.498750000002474,"pages":1,"totalChanged":false,"mixedStates":false,"code":"none"}
[http-timing] {"sequence":191,"timelineOrdinal":69,"processOrdinal":1,"method":"GET","routeClass":"timeline","status":200,"headerElapsedMs":11,"bodyElapsedMs":0,"totalElapsedMs":11,"bytes":51709,"phase":"complete","outcome":"ok"}
[timeline-page-observation] {"cycle":69,"processOrdinal":1,"timelineOrdinal":69,"kind":"page","elapsedMs":11.866707999997743,"offset":0,"total":1,"unplacedTotal":5,"states":{"intent":0,"ready":0,"committed":0,"complete":0,"failed":0,"other":1}}
[timeline-page-observation] {"cycle":69,"processOrdinal":1,"timelineOrdinal":69,"kind":"complete","elapsedMs":11.960082999998122,"pages":1,"totalChanged":false,"mixedStates":false,"code":"none"}
[http-timing] {"sequence":192,"timelineOrdinal":70,"processOrdinal":1,"method":"GET","routeClass":"timeline","status":200,"headerElapsedMs":11,"bodyElapsedMs":0,"totalElapsedMs":11,"bytes":51709,"phase":"complete","outcome":"ok"}
[timeline-page-observation] {"cycle":70,"processOrdinal":1,"timelineOrdinal":70,"kind":"page","elapsedMs":12.338832999997976,"offset":0,"total":1,"unplacedTotal":5,"states":{"intent":0,"ready":0,"committed":0,"complete":0,"failed":0,"other":1}}
[timeline-page-observation] {"cycle":70,"processOrdinal":1,"timelineOrdinal":70,"kind":"complete","elapsedMs":12.429457999998704,"pages":1,"totalChanged":false,"mixedStates":false,"code":"none"}
[http-timing] {"sequence":193,"timelineOrdinal":71,"processOrdinal":1,"method":"GET","routeClass":"timeline","status":200,"headerElapsedMs":10,"bodyElapsedMs":0,"totalElapsedMs":10,"bytes":51709,"phase":"complete","outcome":"ok"}
[timeline-page-observation] {"cycle":71,"processOrdinal":1,"timelineOrdinal":71,"kind":"page","elapsedMs":11.094499999999243,"offset":0,"total":1,"unplacedTotal":5,"states":{"intent":0,"ready":0,"committed":0,"complete":0,"failed":0,"other":1}}
[timeline-page-observation] {"cycle":71,"processOrdinal":1,"timelineOrdinal":71,"kind":"complete","elapsedMs":11.188332999998238,"pages":1,"totalChanged":false,"mixedStates":false,"code":"none"}
[http-timing] {"sequence":194,"timelineOrdinal":72,"processOrdinal":1,"method":"GET","routeClass":"timeline","status":200,"headerElapsedMs":22,"bodyElapsedMs":0,"totalElapsedMs":22,"bytes":103242,"phase":"complete","outcome":"ok"}
[timeline-page-observation] {"cycle":72,"processOrdinal":1,"timelineOrdinal":72,"kind":"page","elapsedMs":22.712917000000743,"offset":0,"total":1,"unplacedTotal":6,"states":{"intent":0,"ready":0,"committed":0,"complete":0,"failed":0,"other":1}}
[timeline-page-observation] {"cycle":72,"processOrdinal":1,"timelineOrdinal":72,"kind":"complete","elapsedMs":22.881709000001138,"pages":1,"totalChanged":false,"mixedStates":false,"code":"none"}
[overlapping-sources] {"temporalOnly":true,"viewBasis":"timeline-known-mappings-unplaced-file-groups","segmentCount":2,"startNs":"7916000000","endNs":"9416000000","unknownCount":0,"rows":[{"idHash":"c67b795af4de468358d0eefdcc51f4224bb5c0c313c1f8dca094f891ced76264","startPts":"8300000000","endPts":"8333333333","catalogState":"finalized","playable":true},{"idHash":"a8570cf76580d3027af38d7fe0753ed38d9af6c908fec57b2de9eaa41c1b429d","startPts":"8333333333","endPts":"16666666666","catalogState":"finalized","playable":true},{"idHash":"c67b795af4de468358d0eefdcc51f4224bb5c0c313c1f8dca094f891ced76264","startPts":"0","endPts":"8333333333","catalogState":"finalized","playable":true}]}
[http-timing] {"sequence":195,"timelineOrdinal":73,"processOrdinal":1,"method":"GET","routeClass":"timeline","status":200,"headerElapsedMs":21,"bodyElapsedMs":0,"totalElapsedMs":22,"bytes":103242,"phase":"complete","outcome":"ok"}
[timeline-page-observation] {"cycle":73,"processOrdinal":1,"timelineOrdinal":73,"kind":"page","elapsedMs":22.807749999999942,"offset":0,"total":1,"unplacedTotal":6,"states":{"intent":0,"ready":0,"committed":0,"complete":0,"failed":0,"other":1}}
[timeline-page-observation] {"cycle":73,"processOrdinal":1,"timelineOrdinal":73,"kind":"complete","elapsedMs":22.96125000000029,"pages":1,"totalChanged":false,"mixedStates":false,"code":"none"}
[http-timing] {"sequence":196,"timelineOrdinal":74,"processOrdinal":1,"method":"GET","routeClass":"timeline","status":200,"headerElapsedMs":22,"bodyElapsedMs":0,"totalElapsedMs":22,"bytes":103242,"phase":"complete","outcome":"ok"}
[timeline-page-observation] {"cycle":74,"processOrdinal":1,"timelineOrdinal":74,"kind":"page","elapsedMs":23.190834000000905,"offset":0,"total":1,"unplacedTotal":6,"states":{"intent":0,"ready":0,"committed":0,"complete":0,"failed":0,"other":1}}
[timeline-page-observation] {"cycle":74,"processOrdinal":1,"timelineOrdinal":74,"kind":"complete","elapsedMs":23.345334000001458,"pages":1,"totalChanged":false,"mixedStates":false,"code":"none"}
[http-timing] {"sequence":197,"timelineOrdinal":75,"processOrdinal":1,"method":"GET","routeClass":"timeline","status":200,"headerElapsedMs":22,"bodyElapsedMs":0,"totalElapsedMs":22,"bytes":103242,"phase":"complete","outcome":"ok"}
[timeline-page-observation] {"cycle":75,"processOrdinal":1,"timelineOrdinal":75,"kind":"page","elapsedMs":22.638457999997627,"offset":0,"total":1,"unplacedTotal":6,"states":{"intent":0,"ready":0,"committed":0,"complete":0,"failed":0,"other":1}}
[timeline-page-observation] {"cycle":75,"processOrdinal":1,"timelineOrdinal":75,"kind":"complete","elapsedMs":22.901499999999942,"pages":1,"totalChanged":false,"mixedStates":false,"code":"none"}
[http-timing] {"sequence":198,"timelineOrdinal":76,"processOrdinal":1,"method":"GET","routeClass":"timeline","status":200,"headerElapsedMs":264,"bodyElapsedMs":0,"totalElapsedMs":265,"bytes":103283,"phase":"complete","outcome":"ok"}
[timeline-page-observation] {"cycle":76,"processOrdinal":1,"timelineOrdinal":76,"kind":"page","elapsedMs":266.04041700000016,"offset":0,"total":1,"unplacedTotal":6,"states":{"intent":1,"ready":0,"committed":0,"complete":0,"failed":0,"other":0}}
[timeline-page-observation] {"cycle":76,"processOrdinal":1,"timelineOrdinal":76,"kind":"complete","elapsedMs":266.31720900000073,"pages":1,"totalChanged":false,"mixedStates":false,"code":"none"}
[timeline-state] {"reason":"ok","rowCount":1,"jobCount":1,"outputCount":0,"referenceMatches":true,"truncated":false,"rows":[{"jobState":"intent","completeness":"unknown","catalogState":"absent","playable":false,"request":{"timeBasis":"media-pts-ms","startTimeMs":"8666","endTimeMs":"8666","preMs":"750","postMs":"750"}}]}
[http-timing] {"sequence":199,"timelineOrdinal":77,"processOrdinal":1,"method":"GET","routeClass":"timeline","status":200,"headerElapsedMs":159,"bodyElapsedMs":0,"totalElapsedMs":159,"bytes":103283,"phase":"complete","outcome":"ok"}
[timeline-page-observation] {"cycle":77,"processOrdinal":1,"timelineOrdinal":77,"kind":"page","elapsedMs":160.66600000000108,"offset":0,"total":1,"unplacedTotal":6,"states":{"intent":1,"ready":0,"committed":0,"complete":0,"failed":0,"other":0}}
[timeline-page-observation] {"cycle":77,"processOrdinal":1,"timelineOrdinal":77,"kind":"complete","elapsedMs":160.96370899999965,"pages":1,"totalChanged":false,"mixedStates":false,"code":"none"}
[http-timing] {"sequence":200,"timelineOrdinal":78,"processOrdinal":1,"method":"GET","routeClass":"timeline","status":200,"headerElapsedMs":50,"bodyElapsedMs":0,"totalElapsedMs":50,"bytes":103283,"phase":"complete","outcome":"ok"}
[timeline-page-observation] {"cycle":78,"processOrdinal":1,"timelineOrdinal":78,"kind":"page","elapsedMs":50.979707999998936,"offset":0,"total":1,"unplacedTotal":6,"states":{"intent":1,"ready":0,"committed":0,"complete":0,"failed":0,"other":0}}
[timeline-page-observation] {"cycle":78,"processOrdinal":1,"timelineOrdinal":78,"kind":"complete","elapsedMs":51.13199999999779,"pages":1,"totalChanged":false,"mixedStates":false,"code":"none"}
[http-timing] {"sequence":201,"timelineOrdinal":79,"processOrdinal":1,"method":"GET","routeClass":"timeline","status":200,"headerElapsedMs":53,"bodyElapsedMs":0,"totalElapsedMs":53,"bytes":103283,"phase":"complete","outcome":"ok"}
[timeline-page-observation] {"cycle":79,"processOrdinal":1,"timelineOrdinal":79,"kind":"page","elapsedMs":53.99345900000117,"offset":0,"total":1,"unplacedTotal":6,"states":{"intent":1,"ready":0,"committed":0,"complete":0,"failed":0,"other":0}}
[timeline-page-observation] {"cycle":79,"processOrdinal":1,"timelineOrdinal":79,"kind":"complete","elapsedMs":54.14704200000051,"pages":1,"totalChanged":false,"mixedStates":false,"code":"none"}
[http-timing] {"sequence":202,"timelineOrdinal":80,"processOrdinal":1,"method":"GET","routeClass":"timeline","status":200,"headerElapsedMs":23,"bodyElapsedMs":0,"totalElapsedMs":23,"bytes":103283,"phase":"complete","outcome":"ok"}
[timeline-page-observation] {"cycle":80,"processOrdinal":1,"timelineOrdinal":80,"kind":"page","elapsedMs":24.341042000000016,"offset":0,"total":1,"unplacedTotal":6,"states":{"intent":1,"ready":0,"committed":0,"complete":0,"failed":0,"other":0}}
[timeline-page-observation] {"cycle":80,"processOrdinal":1,"timelineOrdinal":80,"kind":"complete","elapsedMs":24.495167000000947,"pages":1,"totalChanged":false,"mixedStates":false,"code":"none"}
[http-timing] {"sequence":203,"timelineOrdinal":81,"processOrdinal":1,"method":"GET","routeClass":"timeline","status":200,"headerElapsedMs":22,"bodyElapsedMs":0,"totalElapsedMs":22,"bytes":103283,"phase":"complete","outcome":"ok"}
[timeline-page-observation] {"cycle":81,"processOrdinal":1,"timelineOrdinal":81,"kind":"page","elapsedMs":23.32512499999939,"offset":0,"total":1,"unplacedTotal":6,"states":{"intent":1,"ready":0,"committed":0,"complete":0,"failed":0,"other":0}}
[timeline-page-observation] {"cycle":81,"processOrdinal":1,"timelineOrdinal":81,"kind":"complete","elapsedMs":23.497041999999055,"pages":1,"totalChanged":false,"mixedStates":false,"code":"none"}
[http-timing] {"sequence":204,"timelineOrdinal":82,"processOrdinal":1,"method":"GET","routeClass":"timeline","status":200,"headerElapsedMs":21,"bodyElapsedMs":0,"totalElapsedMs":22,"bytes":103283,"phase":"complete","outcome":"ok"}
[timeline-page-observation] {"cycle":82,"processOrdinal":1,"timelineOrdinal":82,"kind":"page","elapsedMs":22.672707999998238,"offset":0,"total":1,"unplacedTotal":6,"states":{"intent":1,"ready":0,"committed":0,"complete":0,"failed":0,"other":0}}
[timeline-page-observation] {"cycle":82,"processOrdinal":1,"timelineOrdinal":82,"kind":"complete","elapsedMs":22.836624999999913,"pages":1,"totalChanged":false,"mixedStates":false,"code":"none"}
[http-timing] {"sequence":205,"timelineOrdinal":83,"processOrdinal":1,"method":"GET","routeClass":"timeline","status":200,"headerElapsedMs":21,"bodyElapsedMs":0,"totalElapsedMs":21,"bytes":103283,"phase":"complete","outcome":"ok"}
[timeline-page-observation] {"cycle":83,"processOrdinal":1,"timelineOrdinal":83,"kind":"page","elapsedMs":22.52337500000067,"offset":0,"total":1,"unplacedTotal":6,"states":{"intent":1,"ready":0,"committed":0,"complete":0,"failed":0,"other":0}}
[timeline-page-observation] {"cycle":83,"processOrdinal":1,"timelineOrdinal":83,"kind":"complete","elapsedMs":22.703333000001294,"pages":1,"totalChanged":false,"mixedStates":false,"code":"none"}
[http-timing] {"sequence":206,"timelineOrdinal":84,"processOrdinal":1,"method":"GET","routeClass":"timeline","status":200,"headerElapsedMs":22,"bodyElapsedMs":0,"totalElapsedMs":23,"bytes":103283,"phase":"complete","outcome":"ok"}
[timeline-page-observation] {"cycle":84,"processOrdinal":1,"timelineOrdinal":84,"kind":"page","elapsedMs":23.6027920000015,"offset":0,"total":1,"unplacedTotal":6,"states":{"intent":1,"ready":0,"committed":0,"complete":0,"failed":0,"other":0}}
[timeline-page-observation] {"cycle":84,"processOrdinal":1,"timelineOrdinal":84,"kind":"complete","elapsedMs":23.770791999999346,"pages":1,"totalChanged":false,"mixedStates":false,"code":"none"}
[http-timing] {"sequence":207,"timelineOrdinal":85,"processOrdinal":1,"method":"GET","routeClass":"timeline","status":200,"headerElapsedMs":22,"bodyElapsedMs":0,"totalElapsedMs":22,"bytes":103283,"phase":"complete","outcome":"ok"}
[timeline-page-observation] {"cycle":85,"processOrdinal":1,"timelineOrdinal":85,"kind":"page","elapsedMs":22.71966700000121,"offset":0,"total":1,"unplacedTotal":6,"states":{"intent":1,"ready":0,"committed":0,"complete":0,"failed":0,"other":0}}
[timeline-page-observation] {"cycle":85,"processOrdinal":1,"timelineOrdinal":85,"kind":"complete","elapsedMs":22.929791999998997,"pages":1,"totalChanged":false,"mixedStates":false,"code":"none"}
[http-timing] {"sequence":208,"timelineOrdinal":86,"processOrdinal":1,"method":"GET","routeClass":"timeline","status":200,"headerElapsedMs":22,"bodyElapsedMs":0,"totalElapsedMs":22,"bytes":103283,"phase":"complete","outcome":"ok"}
[timeline-page-observation] {"cycle":86,"processOrdinal":1,"timelineOrdinal":86,"kind":"page","elapsedMs":22.811249999998836,"offset":0,"total":1,"unplacedTotal":6,"states":{"intent":1,"ready":0,"committed":0,"complete":0,"failed":0,"other":0}}
[timeline-page-observation] {"cycle":86,"processOrdinal":1,"timelineOrdinal":86,"kind":"complete","elapsedMs":22.962208000000828,"pages":1,"totalChanged":false,"mixedStates":false,"code":"none"}
[http-timing] {"sequence":209,"timelineOrdinal":87,"processOrdinal":1,"method":"GET","routeClass":"timeline","status":200,"headerElapsedMs":22,"bodyElapsedMs":0,"totalElapsedMs":22,"bytes":103283,"phase":"complete","outcome":"ok"}
[timeline-page-observation] {"cycle":87,"processOrdinal":1,"timelineOrdinal":87,"kind":"page","elapsedMs":23.336833999997907,"offset":0,"total":1,"unplacedTotal":6,"states":{"intent":1,"ready":0,"committed":0,"complete":0,"failed":0,"other":0}}
[timeline-page-observation] {"cycle":87,"processOrdinal":1,"timelineOrdinal":87,"kind":"complete","elapsedMs":23.50483399999939,"pages":1,"totalChanged":false,"mixedStates":false,"code":"none"}
[http-timing] {"sequence":210,"timelineOrdinal":88,"processOrdinal":1,"method":"GET","routeClass":"timeline","status":200,"headerElapsedMs":23,"bodyElapsedMs":0,"totalElapsedMs":23,"bytes":103283,"phase":"complete","outcome":"ok"}
[timeline-page-observation] {"cycle":88,"processOrdinal":1,"timelineOrdinal":88,"kind":"page","elapsedMs":23.758874999999534,"offset":0,"total":1,"unplacedTotal":6,"states":{"intent":1,"ready":0,"committed":0,"complete":0,"failed":0,"other":0}}
[timeline-page-observation] {"cycle":88,"processOrdinal":1,"timelineOrdinal":88,"kind":"complete","elapsedMs":23.911958000000595,"pages":1,"totalChanged":false,"mixedStates":false,"code":"none"}
[http-timing] {"sequence":211,"timelineOrdinal":89,"processOrdinal":1,"method":"GET","routeClass":"timeline","status":200,"headerElapsedMs":21,"bodyElapsedMs":0,"totalElapsedMs":22,"bytes":103283,"phase":"complete","outcome":"ok"}
[timeline-page-observation] {"cycle":89,"processOrdinal":1,"timelineOrdinal":89,"kind":"page","elapsedMs":22.839124999998603,"offset":0,"total":1,"unplacedTotal":6,"states":{"intent":1,"ready":0,"committed":0,"complete":0,"failed":0,"other":0}}
[timeline-page-observation] {"cycle":89,"processOrdinal":1,"timelineOrdinal":89,"kind":"complete","elapsedMs":22.98712499999965,"pages":1,"totalChanged":false,"mixedStates":false,"code":"none"}
[http-timing] {"sequence":212,"timelineOrdinal":90,"processOrdinal":1,"method":"GET","routeClass":"timeline","status":200,"headerElapsedMs":21,"bodyElapsedMs":0,"totalElapsedMs":21,"bytes":103283,"phase":"complete","outcome":"ok"}
[timeline-page-observation] {"cycle":90,"processOrdinal":1,"timelineOrdinal":90,"kind":"page","elapsedMs":22.00300000000061,"offset":0,"total":1,"unplacedTotal":6,"states":{"intent":1,"ready":0,"committed":0,"complete":0,"failed":0,"other":0}}
[timeline-page-observation] {"cycle":90,"processOrdinal":1,"timelineOrdinal":90,"kind":"complete","elapsedMs":22.151458000000275,"pages":1,"totalChanged":false,"mixedStates":false,"code":"none"}
[http-timing] {"sequence":213,"timelineOrdinal":91,"processOrdinal":1,"method":"GET","routeClass":"timeline","status":200,"headerElapsedMs":21,"bodyElapsedMs":0,"totalElapsedMs":21,"bytes":103283,"phase":"complete","outcome":"ok"}
[timeline-page-observation] {"cycle":91,"processOrdinal":1,"timelineOrdinal":91,"kind":"page","elapsedMs":21.86175000000003,"offset":0,"total":1,"unplacedTotal":6,"states":{"intent":1,"ready":0,"committed":0,"complete":0,"failed":0,"other":0}}
[timeline-page-observation] {"cycle":91,"processOrdinal":1,"timelineOrdinal":91,"kind":"complete","elapsedMs":22.016916999997193,"pages":1,"totalChanged":false,"mixedStates":false,"code":"none"}
[http-timing] {"sequence":214,"timelineOrdinal":92,"processOrdinal":1,"method":"GET","routeClass":"timeline","status":200,"headerElapsedMs":21,"bodyElapsedMs":0,"totalElapsedMs":21,"bytes":103283,"phase":"complete","outcome":"ok"}
[timeline-page-observation] {"cycle":92,"processOrdinal":1,"timelineOrdinal":92,"kind":"page","elapsedMs":22.272375000000466,"offset":0,"total":1,"unplacedTotal":6,"states":{"intent":1,"ready":0,"committed":0,"complete":0,"failed":0,"other":0}}
[timeline-page-observation] {"cycle":92,"processOrdinal":1,"timelineOrdinal":92,"kind":"complete","elapsedMs":22.414999999997235,"pages":1,"totalChanged":false,"mixedStates":false,"code":"none"}
[http-timing] {"sequence":215,"timelineOrdinal":93,"processOrdinal":1,"method":"GET","routeClass":"timeline","status":200,"headerElapsedMs":22,"bodyElapsedMs":0,"totalElapsedMs":22,"bytes":103283,"phase":"complete","outcome":"ok"}
[timeline-page-observation] {"cycle":93,"processOrdinal":1,"timelineOrdinal":93,"kind":"page","elapsedMs":22.865625000002183,"offset":0,"total":1,"unplacedTotal":6,"states":{"intent":1,"ready":0,"committed":0,"complete":0,"failed":0,"other":0}}
[timeline-page-observation] {"cycle":93,"processOrdinal":1,"timelineOrdinal":93,"kind":"complete","elapsedMs":23.01037500000166,"pages":1,"totalChanged":false,"mixedStates":false,"code":"none"}
[http-timing] {"sequence":216,"timelineOrdinal":94,"processOrdinal":1,"method":"GET","routeClass":"timeline","status":200,"headerElapsedMs":22,"bodyElapsedMs":0,"totalElapsedMs":22,"bytes":103283,"phase":"complete","outcome":"ok"}
[timeline-page-observation] {"cycle":94,"processOrdinal":1,"timelineOrdinal":94,"kind":"page","elapsedMs":22.765791999998328,"offset":0,"total":1,"unplacedTotal":6,"states":{"intent":1,"ready":0,"committed":0,"complete":0,"failed":0,"other":0}}
[timeline-page-observation] {"cycle":94,"processOrdinal":1,"timelineOrdinal":94,"kind":"complete","elapsedMs":22.912959000001138,"pages":1,"totalChanged":false,"mixedStates":false,"code":"none"}
[http-timing] {"sequence":217,"timelineOrdinal":95,"processOrdinal":1,"method":"GET","routeClass":"timeline","status":200,"headerElapsedMs":22,"bodyElapsedMs":0,"totalElapsedMs":22,"bytes":103283,"phase":"complete","outcome":"ok"}
[timeline-page-observation] {"cycle":95,"processOrdinal":1,"timelineOrdinal":95,"kind":"page","elapsedMs":23.3882909999993,"offset":0,"total":1,"unplacedTotal":6,"states":{"intent":1,"ready":0,"committed":0,"complete":0,"failed":0,"other":0}}
[timeline-page-observation] {"cycle":95,"processOrdinal":1,"timelineOrdinal":95,"kind":"complete","elapsedMs":23.533125000001746,"pages":1,"totalChanged":false,"mixedStates":false,"code":"none"}
[http-timing] {"sequence":218,"timelineOrdinal":96,"processOrdinal":1,"method":"GET","routeClass":"timeline","status":200,"headerElapsedMs":21,"bodyElapsedMs":0,"totalElapsedMs":22,"bytes":103283,"phase":"complete","outcome":"ok"}
[timeline-page-observation] {"cycle":96,"processOrdinal":1,"timelineOrdinal":96,"kind":"page","elapsedMs":22.596667000001617,"offset":0,"total":1,"unplacedTotal":6,"states":{"intent":1,"ready":0,"committed":0,"complete":0,"failed":0,"other":0}}
[timeline-page-observation] {"cycle":96,"processOrdinal":1,"timelineOrdinal":96,"kind":"complete","elapsedMs":22.736250000001746,"pages":1,"totalChanged":false,"mixedStates":false,"code":"none"}
[http-timing] {"sequence":219,"timelineOrdinal":97,"processOrdinal":1,"method":"GET","routeClass":"timeline","status":200,"headerElapsedMs":25,"bodyElapsedMs":0,"totalElapsedMs":26,"bytes":103283,"phase":"complete","outcome":"ok"}
[timeline-page-observation] {"cycle":97,"processOrdinal":1,"timelineOrdinal":97,"kind":"page","elapsedMs":26.668084000000817,"offset":0,"total":1,"unplacedTotal":6,"states":{"intent":1,"ready":0,"committed":0,"complete":0,"failed":0,"other":0}}
[timeline-page-observation] {"cycle":97,"processOrdinal":1,"timelineOrdinal":97,"kind":"complete","elapsedMs":26.812792000000627,"pages":1,"totalChanged":false,"mixedStates":false,"code":"none"}
[http-timing] {"sequence":220,"timelineOrdinal":98,"processOrdinal":1,"method":"GET","routeClass":"timeline","status":200,"headerElapsedMs":23,"bodyElapsedMs":0,"totalElapsedMs":23,"bytes":103283,"phase":"complete","outcome":"ok"}
[timeline-page-observation] {"cycle":98,"processOrdinal":1,"timelineOrdinal":98,"kind":"page","elapsedMs":24.27387500000259,"offset":0,"total":1,"unplacedTotal":6,"states":{"intent":1,"ready":0,"committed":0,"complete":0,"failed":0,"other":0}}
[timeline-page-observation] {"cycle":98,"processOrdinal":1,"timelineOrdinal":98,"kind":"complete","elapsedMs":24.42933400000038,"pages":1,"totalChanged":false,"mixedStates":false,"code":"none"}
[http-timing] {"sequence":221,"timelineOrdinal":99,"processOrdinal":1,"method":"GET","routeClass":"timeline","status":200,"headerElapsedMs":22,"bodyElapsedMs":0,"totalElapsedMs":22,"bytes":103283,"phase":"complete","outcome":"ok"}
[timeline-page-observation] {"cycle":99,"processOrdinal":1,"timelineOrdinal":99,"kind":"page","elapsedMs":22.907791999998153,"offset":0,"total":1,"unplacedTotal":6,"states":{"intent":1,"ready":0,"committed":0,"complete":0,"failed":0,"other":0}}
[timeline-page-observation] {"cycle":99,"processOrdinal":1,"timelineOrdinal":99,"kind":"complete","elapsedMs":23.066832999997132,"pages":1,"totalChanged":false,"mixedStates":false,"code":"none"}
[http-timing] {"sequence":222,"timelineOrdinal":100,"processOrdinal":1,"method":"GET","routeClass":"timeline","status":200,"headerElapsedMs":22,"bodyElapsedMs":0,"totalElapsedMs":22,"bytes":103283,"phase":"complete","outcome":"ok"}
[timeline-page-observation] {"cycle":100,"processOrdinal":1,"timelineOrdinal":100,"kind":"page","elapsedMs":23.16975000000093,"offset":0,"total":1,"unplacedTotal":6,"states":{"intent":1,"ready":0,"committed":0,"complete":0,"failed":0,"other":0}}
[timeline-page-observation] {"cycle":100,"processOrdinal":1,"timelineOrdinal":100,"kind":"complete","elapsedMs":23.309792000000016,"pages":1,"totalChanged":false,"mixedStates":false,"code":"none"}
[http-timing] {"sequence":223,"timelineOrdinal":101,"processOrdinal":1,"method":"GET","routeClass":"timeline","status":200,"headerElapsedMs":21,"bodyElapsedMs":0,"totalElapsedMs":22,"bytes":103283,"phase":"complete","outcome":"ok"}
[timeline-page-observation] {"cycle":101,"processOrdinal":1,"timelineOrdinal":101,"kind":"page","elapsedMs":22.610082999999577,"offset":0,"total":1,"unplacedTotal":6,"states":{"intent":1,"ready":0,"committed":0,"complete":0,"failed":0,"other":0}}
[timeline-page-observation] {"cycle":101,"processOrdinal":1,"timelineOrdinal":101,"kind":"complete","elapsedMs":22.75304099999994,"pages":1,"totalChanged":false,"mixedStates":false,"code":"none"}
[http-timing] {"sequence":224,"timelineOrdinal":102,"processOrdinal":1,"method":"GET","routeClass":"timeline","status":200,"headerElapsedMs":22,"bodyElapsedMs":0,"totalElapsedMs":22,"bytes":103283,"phase":"complete","outcome":"ok"}
[timeline-page-observation] {"cycle":102,"processOrdinal":1,"timelineOrdinal":102,"kind":"page","elapsedMs":22.674834000001283,"offset":0,"total":1,"unplacedTotal":6,"states":{"intent":1,"ready":0,"committed":0,"complete":0,"failed":0,"other":0}}
[timeline-page-observation] {"cycle":102,"processOrdinal":1,"timelineOrdinal":102,"kind":"complete","elapsedMs":22.829709000001458,"pages":1,"totalChanged":false,"mixedStates":false,"code":"none"}
[http-timing] {"sequence":225,"timelineOrdinal":103,"processOrdinal":1,"method":"GET","routeClass":"timeline","status":200,"headerElapsedMs":509,"bodyElapsedMs":0,"totalElapsedMs":509,"bytes":210108,"phase":"complete","outcome":"ok"}
[timeline-page-observation] {"cycle":103,"processOrdinal":1,"timelineOrdinal":103,"kind":"page","elapsedMs":510.6695830000026,"offset":0,"total":2,"unplacedTotal":7,"states":{"intent":0,"ready":3,"committed":0,"complete":0,"failed":0,"other":0}}
[timeline-page-observation] {"cycle":103,"processOrdinal":1,"timelineOrdinal":103,"kind":"complete","elapsedMs":511.03883300000234,"pages":1,"totalChanged":false,"mixedStates":false,"code":"none"}
[timeline-state] {"reason":"ok","rowCount":3,"jobCount":1,"outputCount":2,"referenceMatches":true,"truncated":false,"rows":[{"jobState":"ready","completeness":"complete","catalogState":"unknown","playable":false,"request":{"timeBasis":"media-pts-ms","startTimeMs":"8666","endTimeMs":"8666","preMs":"750","postMs":"750"}},{"jobState":"ready","completeness":"complete","catalogState":"unknown","playable":false,"request":{"timeBasis":"media-pts-ms","startTimeMs":"8666","endTimeMs":"8666","preMs":"750","postMs":"750"}},{"jobState":"ready","completeness":"complete","catalogState":"unknown","playable":false,"request":{"timeBasis":"media-pts-ms","startTimeMs":"8666","endTimeMs":"8666","preMs":"750","postMs":"750"}}]}
[http-timing] {"sequence":226,"timelineOrdinal":104,"processOrdinal":1,"method":"GET","routeClass":"timeline","status":200,"headerElapsedMs":640,"bodyElapsedMs":0,"totalElapsedMs":640,"bytes":210642,"phase":"complete","outcome":"ok"}
[timeline-page-observation] {"cycle":104,"processOrdinal":1,"timelineOrdinal":104,"kind":"page","elapsedMs":641.3694590000014,"offset":0,"total":2,"unplacedTotal":7,"states":{"intent":0,"ready":0,"committed":0,"complete":3,"failed":0,"other":0}}
[timeline-page-observation] {"cycle":104,"processOrdinal":1,"timelineOrdinal":104,"kind":"complete","elapsedMs":641.864583999999,"pages":1,"totalChanged":false,"mixedStates":false,"code":"none"}
[timeline-state] {"reason":"ok","rowCount":3,"jobCount":1,"outputCount":2,"referenceMatches":true,"truncated":false,"rows":[{"jobState":"complete","completeness":"complete","catalogState":"finalized","playable":true,"request":{"timeBasis":"media-pts-ms","startTimeMs":"8666","endTimeMs":"8666","preMs":"750","postMs":"750"}},{"jobState":"complete","completeness":"complete","catalogState":"finalized","playable":true,"request":{"timeBasis":"media-pts-ms","startTimeMs":"8666","endTimeMs":"8666","preMs":"750","postMs":"750"}},{"jobState":"complete","completeness":"complete","catalogState":"finalized","playable":true,"request":{"timeBasis":"media-pts-ms","startTimeMs":"8666","endTimeMs":"8666","preMs":"750","postMs":"750"}}]}
[transition-observation] {"kind":"end","referenceSha256":"968609da35a16e847b750a9940bc4e1aca1cf72e92c006ca77f066583cbf2fa0","processOrdinal":1,"clientAtMs":24907.351958,"elapsedMs":13735.978040999998,"deadlineMs":30000,"returnedAfterBudget":false,"outcome":"complete","firstTimelineOrdinal":1,"lastTimelineOrdinal":104,"scope":"terminal-observation"}
[terminal-observation] {"processOrdinal":1,"referenceSha256":"968609da35a16e847b750a9940bc4e1aca1cf72e92c006ca77f066583cbf2fa0","unplacedUnit":"file","terminalObserved":true,"firstObservedMs":24907.253875,"firstPageOffset":0,"firstTimelineOrdinal":104,"mixedStates":true,"observedOutputCount":2,"fullOutputPass":false,"invalid":false,"fullPageStatus":"complete","changedCycles":0,"waitOutcome":"complete"}
[pass] P0-HTTP02 same-reference durable transition observed (not completeness)
[http-timing] {"sequence":227,"timelineOrdinal":105,"processOrdinal":1,"method":"GET","routeClass":"timeline","status":200,"headerElapsedMs":455,"bodyElapsedMs":0,"totalElapsedMs":455,"bytes":210683,"phase":"complete","outcome":"ok"}
[timeline-page-observation] {"cycle":105,"processOrdinal":1,"timelineOrdinal":105,"kind":"page","elapsedMs":456.7742499999986,"offset":0,"total":2,"unplacedTotal":7,"states":{"intent":0,"ready":0,"committed":0,"complete":3,"failed":0,"other":0}}
[timeline-page-observation] {"cycle":105,"processOrdinal":1,"timelineOrdinal":105,"kind":"complete","elapsedMs":457.10679099999834,"pages":1,"totalChanged":false,"mixedStates":false,"code":"none"}
[http-timing] {"sequence":228,"timelineOrdinal":106,"processOrdinal":1,"method":"GET","routeClass":"timeline","status":200,"headerElapsedMs":294,"bodyElapsedMs":0,"totalElapsedMs":295,"bytes":210683,"phase":"complete","outcome":"ok"}
[timeline-page-observation] {"cycle":106,"processOrdinal":1,"timelineOrdinal":106,"kind":"page","elapsedMs":296.1019159999996,"offset":0,"total":2,"unplacedTotal":7,"states":{"intent":0,"ready":0,"committed":0,"complete":3,"failed":0,"other":0}}
[timeline-page-observation] {"cycle":106,"processOrdinal":1,"timelineOrdinal":106,"kind":"complete","elapsedMs":296.58458299999984,"pages":1,"totalChanged":false,"mixedStates":false,"code":"none"}
[http-timing] {"sequence":229,"timelineOrdinal":107,"processOrdinal":1,"method":"GET","routeClass":"timeline","status":200,"headerElapsedMs":299,"bodyElapsedMs":0,"totalElapsedMs":299,"bytes":210683,"phase":"complete","outcome":"ok"}
[timeline-page-observation] {"cycle":107,"processOrdinal":1,"timelineOrdinal":107,"kind":"page","elapsedMs":300.8134170000012,"offset":0,"total":2,"unplacedTotal":7,"states":{"intent":0,"ready":0,"committed":0,"complete":3,"failed":0,"other":0}}
[timeline-page-observation] {"cycle":107,"processOrdinal":1,"timelineOrdinal":107,"kind":"complete","elapsedMs":301.2516250000008,"pages":1,"totalChanged":false,"mixedStates":false,"code":"none"}
[http-timing] {"sequence":230,"timelineOrdinal":108,"processOrdinal":1,"method":"GET","routeClass":"timeline","status":200,"headerElapsedMs":298,"bodyElapsedMs":0,"totalElapsedMs":298,"bytes":210683,"phase":"complete","outcome":"ok"}
[timeline-page-observation] {"cycle":108,"processOrdinal":1,"timelineOrdinal":108,"kind":"page","elapsedMs":299.4792499999967,"offset":0,"total":2,"unplacedTotal":7,"states":{"intent":0,"ready":0,"committed":0,"complete":3,"failed":0,"other":0}}
[timeline-page-observation] {"cycle":108,"processOrdinal":1,"timelineOrdinal":108,"kind":"complete","elapsedMs":299.93270799999664,"pages":1,"totalChanged":false,"mixedStates":false,"code":"none"}
[http-timing] {"sequence":231,"timelineOrdinal":109,"processOrdinal":1,"method":"GET","routeClass":"timeline","status":200,"headerElapsedMs":308,"bodyElapsedMs":0,"totalElapsedMs":309,"bytes":210683,"phase":"complete","outcome":"ok"}
[timeline-page-observation] {"cycle":109,"processOrdinal":1,"timelineOrdinal":109,"kind":"page","elapsedMs":310.34329199999775,"offset":0,"total":2,"unplacedTotal":7,"states":{"intent":0,"ready":0,"committed":0,"complete":3,"failed":0,"other":0}}
[timeline-page-observation] {"cycle":109,"processOrdinal":1,"timelineOrdinal":109,"kind":"complete","elapsedMs":310.744749999998,"pages":1,"totalChanged":false,"mixedStates":false,"code":"none"}
[http-timing] {"sequence":232,"timelineOrdinal":110,"processOrdinal":1,"method":"GET","routeClass":"timeline","status":200,"headerElapsedMs":307,"bodyElapsedMs":0,"totalElapsedMs":307,"bytes":210683,"phase":"complete","outcome":"ok"}
[timeline-page-observation] {"cycle":110,"processOrdinal":1,"timelineOrdinal":110,"kind":"page","elapsedMs":308.74199999999837,"offset":0,"total":2,"unplacedTotal":7,"states":{"intent":0,"ready":0,"committed":0,"complete":3,"failed":0,"other":0}}
[timeline-page-observation] {"cycle":110,"processOrdinal":1,"timelineOrdinal":110,"kind":"complete","elapsedMs":309.12458400000105,"pages":1,"totalChanged":false,"mixedStates":false,"code":"none"}
[http-timing] {"sequence":233,"timelineOrdinal":111,"processOrdinal":1,"method":"GET","routeClass":"timeline","status":200,"headerElapsedMs":314,"bodyElapsedMs":0,"totalElapsedMs":315,"bytes":210683,"phase":"complete","outcome":"ok"}
[timeline-page-observation] {"cycle":111,"processOrdinal":1,"timelineOrdinal":111,"kind":"page","elapsedMs":317.76816600000166,"offset":0,"total":2,"unplacedTotal":7,"states":{"intent":0,"ready":0,"committed":0,"complete":3,"failed":0,"other":0}}
[timeline-page-observation] {"cycle":111,"processOrdinal":1,"timelineOrdinal":111,"kind":"complete","elapsedMs":318.24891600000046,"pages":1,"totalChanged":false,"mixedStates":false,"code":"none"}
[http-timing] {"sequence":234,"timelineOrdinal":112,"processOrdinal":1,"method":"GET","routeClass":"timeline","status":200,"headerElapsedMs":314,"bodyElapsedMs":0,"totalElapsedMs":315,"bytes":262027,"phase":"complete","outcome":"ok"}
[timeline-page-observation] {"cycle":112,"processOrdinal":1,"timelineOrdinal":112,"kind":"page","elapsedMs":316.58991700000115,"offset":0,"total":3,"unplacedTotal":8,"states":{"intent":0,"ready":0,"committed":0,"complete":3,"failed":0,"other":0}}
[timeline-page-observation] {"cycle":112,"processOrdinal":1,"timelineOrdinal":112,"kind":"complete","elapsedMs":317.12066699999923,"pages":1,"totalChanged":false,"mixedStates":false,"code":"none"}
[http-timing] {"sequence":235,"timelineOrdinal":113,"processOrdinal":1,"method":"GET","routeClass":"timeline","status":200,"headerElapsedMs":554,"bodyElapsedMs":0,"totalElapsedMs":554,"bytes":262027,"phase":"complete","outcome":"ok"}
[timeline-page-observation] {"cycle":113,"processOrdinal":1,"timelineOrdinal":113,"kind":"page","elapsedMs":556.5917920000029,"offset":0,"total":3,"unplacedTotal":8,"states":{"intent":0,"ready":0,"committed":0,"complete":3,"failed":0,"other":0}}
[timeline-page-observation] {"cycle":113,"processOrdinal":1,"timelineOrdinal":113,"kind":"complete","elapsedMs":557.0810420000016,"pages":1,"totalChanged":false,"mixedStates":false,"code":"none"}
[http-timing] {"sequence":236,"timelineOrdinal":114,"processOrdinal":1,"method":"GET","routeClass":"timeline","status":200,"headerElapsedMs":967,"bodyElapsedMs":0,"totalElapsedMs":967,"bytes":368840,"phase":"complete","outcome":"ok"}
[timeline-page-observation] {"cycle":114,"processOrdinal":1,"timelineOrdinal":114,"kind":"page","elapsedMs":969.028374999998,"offset":0,"total":4,"unplacedTotal":9,"states":{"intent":0,"ready":0,"committed":0,"complete":3,"failed":0,"other":0}}
[timeline-page-observation] {"cycle":114,"processOrdinal":1,"timelineOrdinal":114,"kind":"complete","elapsedMs":970.0411249999997,"pages":1,"totalChanged":false,"mixedStates":false,"code":"none"}
[pass] P0-HTTP02 all timeline HTTP within unchanged 4000ms
[latency-result] {"requests":114,"maxMs":967,"outputCount":2,"completeness":["complete","complete"]}
[http-timing] {"sequence":237,"timelineOrdinal":null,"processOrdinal":1,"method":"DELETE","routeClass":"tap","status":200,"headerElapsedMs":7,"bodyElapsedMs":0,"totalElapsedMs":7,"bytes":26,"phase":"complete","outcome":"ok"}
[process-stop] {"processOrdinal":1,"schema":"recording-process-cleanup-v1","attemptCount":1,"pid":88870,"exitCode":0,"signalCode":null,"exitedObserved":true,"stopCode":"complete","forcedTermination":"not-used","normalExitPass":true,"normalShutdownPass":true,"archiveSafe":true,"ports":[{"kind":"http","port":62603,"status":"pass","code":"closed","closed":true},{"kind":"rtsp","port":62604,"status":"pass","code":"closed","closed":true}]}
[writer-evidence-status] {"basis":"run-wide-stderr","sourceBindingEquivalent":false,"total":0,"truncated":false,"counts":[]}
[process-evidence] {"processOrdinal":1,"evidenceFile":"process-d1a777a0-345b-4275-9f39-3347e02b9901.json"}
[pass] S11-CI08 product-1 exit0 ports returned
[latency-trace-status] {"processOrdinal":1,"status":"complete","code":"none","acceptedCount":1104,"expectedRequestCount":114,"observedRequestCount":114,"evidenceFile":"latency-32958b8d-3ce9-488e-b892-e166e9a47a4b.json"}
[selection-attempt] {"reference_sha256":"968609da35a16e847b750a9940bc4e1aca1cf72e92c006ca77f066583cbf2fa0","attempt":1,"attempt_limit":121,"elapsed_ms":"32","wait_ms":"60000","deadline_exhausted":false,"attempt_exhausted":false,"selection_complete":false,"expanded_start_ns":"7916000000","expanded_end_ns":"9416000000","source_count":1,"unknown_count":2,"sources_truncated":false,"unknown_truncated":false,"sources":[{"segment_id_sha256":"c67b795af4de468358d0eefdcc51f4224bb5c0c313c1f8dca094f891ced76264","media_epoch_id_sha256":"7f051c8d34be5ed43de52cf48b237fa6e663753ae01130701195b8c81cc7013a","source_generation_sha256":"5b5145aba2acf3929bad81c0de5d41f778f555505facce12a37fbc150b18b24e","track_id_sha256":"dcab1f8b836b7844fc86d4abb7e5914e54103c7781ae7c272f006cdf57f03834","generation_order":"1","start_pts":"0","end_pts":"8333333333","time_base_num":1,"time_base_den":1000000000,"lifecycle":1,"deleted":false,"binding_present":true,"binding_valid":true,"available_for_selection":true}],"decoded":{"namespace_valid":true,"range_comparable":true,"incomplete":false,"frames_truncated":false,"frame_count":261,"relevant_count":24,"identity_matched":24,"identity_rejected":0,"generation_mismatch":0,"pts_mismatch":0,"duration_invalid":0,"minimum_pts_ns":"7900000000","maximum_pts_ns":"8666666666","maximum_valid_end_ns":"8699999999"},"slice_state_counts":[13,2,0,0,0,0],"reason_counts":[0,2,0,0,13,0,0,0,0,0],"unknown_ranges":[{"start_ns":"8333333333","end_ns":"8333333334","reason":1},{"start_ns":"8333333333","end_ns":"9416000000","reason":1}]}
[selection-attempt] {"reference_sha256":"01a8480f4406e18a9e2d6d8e61d8bfb6822b224c99119c3ec8c4728d258e3f02","attempt":1,"attempt_limit":121,"elapsed_ms":"47","wait_ms":"60000","deadline_exhausted":false,"attempt_exhausted":false,"selection_complete":false,"expanded_start_ns":"7916000000","expanded_end_ns":"9416000000","source_count":1,"unknown_count":2,"sources_truncated":false,"unknown_truncated":false,"sources":[{"segment_id_sha256":"c67b795af4de468358d0eefdcc51f4224bb5c0c313c1f8dca094f891ced76264","media_epoch_id_sha256":"7f051c8d34be5ed43de52cf48b237fa6e663753ae01130701195b8c81cc7013a","source_generation_sha256":"5b5145aba2acf3929bad81c0de5d41f778f555505facce12a37fbc150b18b24e","track_id_sha256":"dcab1f8b836b7844fc86d4abb7e5914e54103c7781ae7c272f006cdf57f03834","generation_order":"1","start_pts":"0","end_pts":"8333333333","time_base_num":1,"time_base_den":1000000000,"lifecycle":1,"deleted":false,"binding_present":true,"binding_valid":true,"available_for_selection":true}],"decoded":{"namespace_valid":true,"range_comparable":true,"incomplete":false,"frames_truncated":false,"frame_count":261,"relevant_count":24,"identity_matched":24,"identity_rejected":0,"generation_mismatch":0,"pts_mismatch":0,"duration_invalid":0,"minimum_pts_ns":"7900000000","maximum_pts_ns":"8666666666","maximum_valid_end_ns":"8699999999"},"slice_state_counts":[13,2,0,0,0,0],"reason_counts":[0,2,0,0,13,0,0,0,0,0],"unknown_ranges":[{"start_ns":"8333333333","end_ns":"8333333334","reason":1},{"start_ns":"8333333333","end_ns":"9416000000","reason":1}]}
[selection-attempt] {"reference_sha256":"1599862826ada45ee297459be7f26c98c71dab35de03990f4e92039691fceccf","attempt":1,"attempt_limit":121,"elapsed_ms":"64","wait_ms":"60000","deadline_exhausted":false,"attempt_exhausted":false,"selection_complete":false,"expanded_start_ns":"7916000000","expanded_end_ns":"9416000000","source_count":1,"unknown_count":2,"sources_truncated":false,"unknown_truncated":false,"sources":[{"segment_id_sha256":"c67b795af4de468358d0eefdcc51f4224bb5c0c313c1f8dca094f891ced76264","media_epoch_id_sha256":"7f051c8d34be5ed43de52cf48b237fa6e663753ae01130701195b8c81cc7013a","source_generation_sha256":"5b5145aba2acf3929bad81c0de5d41f778f555505facce12a37fbc150b18b24e","track_id_sha256":"dcab1f8b836b7844fc86d4abb7e5914e54103c7781ae7c272f006cdf57f03834","generation_order":"1","start_pts":"0","end_pts":"8333333333","time_base_num":1,"time_base_den":1000000000,"lifecycle":1,"deleted":false,"binding_present":true,"binding_valid":true,"available_for_selection":true}],"decoded":{"namespace_valid":true,"range_comparable":true,"incomplete":false,"frames_truncated":false,"frame_count":261,"relevant_count":24,"identity_matched":24,"identity_rejected":0,"generation_mismatch":0,"pts_mismatch":0,"duration_invalid":0,"minimum_pts_ns":"7900000000","maximum_pts_ns":"8666666666","maximum_valid_end_ns":"8699999999"},"slice_state_counts":[13,2,0,0,0,0],"reason_counts":[0,2,0,0,13,0,0,0,0,0],"unknown_ranges":[{"start_ns":"8333333333","end_ns":"8333333334","reason":1},{"start_ns":"8333333333","end_ns":"9416000000","reason":1}]}
[selection-attempt] {"reference_sha256":"b4606cef6728f94c619de4cbf8566db1316857d4e2fb777dcc97d4bc3cd19d01","attempt":1,"attempt_limit":121,"elapsed_ms":"80","wait_ms":"60000","deadline_exhausted":false,"attempt_exhausted":false,"selection_complete":false,"expanded_start_ns":"7916000000","expanded_end_ns":"9416000000","source_count":1,"unknown_count":2,"sources_truncated":false,"unknown_truncated":false,"sources":[{"segment_id_sha256":"c67b795af4de468358d0eefdcc51f4224bb5c0c313c1f8dca094f891ced76264","media_epoch_id_sha256":"7f051c8d34be5ed43de52cf48b237fa6e663753ae01130701195b8c81cc7013a","source_generation_sha256":"5b5145aba2acf3929bad81c0de5d41f778f555505facce12a37fbc150b18b24e","track_id_sha256":"dcab1f8b836b7844fc86d4abb7e5914e54103c7781ae7c272f006cdf57f03834","generation_order":"1","start_pts":"0","end_pts":"8333333333","time_base_num":1,"time_base_den":1000000000,"lifecycle":1,"deleted":false,"binding_present":true,"binding_valid":true,"available_for_selection":true}],"decoded":{"namespace_valid":true,"range_comparable":true,"incomplete":false,"frames_truncated":false,"frame_count":261,"relevant_count":24,"identity_matched":24,"identity_rejected":0,"generation_mismatch":0,"pts_mismatch":0,"duration_invalid":0,"minimum_pts_ns":"7900000000","maximum_pts_ns":"8666666666","maximum_valid_end_ns":"8699999999"},"slice_state_counts":[13,2,0,0,0,0],"reason_counts":[0,2,0,0,13,0,0,0,0,0],"unknown_ranges":[{"start_ns":"8333333333","end_ns":"8333333334","reason":1},{"start_ns":"8333333333","end_ns":"9416000000","reason":1}]}
[selection-attempt] {"reference_sha256":"968609da35a16e847b750a9940bc4e1aca1cf72e92c006ca77f066583cbf2fa0","attempt":2,"attempt_limit":121,"elapsed_ms":"558","wait_ms":"60000","deadline_exhausted":false,"attempt_exhausted":false,"selection_complete":false,"expanded_start_ns":"7916000000","expanded_end_ns":"9416000000","source_count":1,"unknown_count":2,"sources_truncated":false,"unknown_truncated":false,"sources":[{"segment_id_sha256":"c67b795af4de468358d0eefdcc51f4224bb5c0c313c1f8dca094f891ced76264","media_epoch_id_sha256":"7f051c8d34be5ed43de52cf48b237fa6e663753ae01130701195b8c81cc7013a","source_generation_sha256":"5b5145aba2acf3929bad81c0de5d41f778f555505facce12a37fbc150b18b24e","track_id_sha256":"dcab1f8b836b7844fc86d4abb7e5914e54103c7781ae7c272f006cdf57f03834","generation_order":"1","start_pts":"0","end_pts":"8333333333","time_base_num":1,"time_base_den":1000000000,"lifecycle":1,"deleted":false,"binding_present":true,"binding_valid":true,"available_for_selection":true}],"decoded":{"namespace_valid":true,"range_comparable":true,"incomplete":false,"frames_truncated":false,"frame_count":277,"relevant_count":40,"identity_matched":40,"identity_rejected":0,"generation_mismatch":0,"pts_mismatch":0,"duration_invalid":0,"minimum_pts_ns":"7900000000","maximum_pts_ns":"9200000000","maximum_valid_end_ns":"9233333333"},"slice_state_counts":[13,2,0,0,0,0],"reason_counts":[0,2,0,0,13,0,0,0,0,0],"unknown_ranges":[{"start_ns":"8333333333","end_ns":"8333333334","reason":1},{"start_ns":"8333333333","end_ns":"9416000000","reason":1}]}
[selection-attempt] {"reference_sha256":"01a8480f4406e18a9e2d6d8e61d8bfb6822b224c99119c3ec8c4728d258e3f02","attempt":2,"attempt_limit":121,"elapsed_ms":"572","wait_ms":"60000","deadline_exhausted":false,"attempt_exhausted":false,"selection_complete":false,"expanded_start_ns":"7916000000","expanded_end_ns":"9416000000","source_count":1,"unknown_count":2,"sources_truncated":false,"unknown_truncated":false,"sources":[{"segment_id_sha256":"c67b795af4de468358d0eefdcc51f4224bb5c0c313c1f8dca094f891ced76264","media_epoch_id_sha256":"7f051c8d34be5ed43de52cf48b237fa6e663753ae01130701195b8c81cc7013a","source_generation_sha256":"5b5145aba2acf3929bad81c0de5d41f778f555505facce12a37fbc150b18b24e","track_id_sha256":"dcab1f8b836b7844fc86d4abb7e5914e54103c7781ae7c272f006cdf57f03834","generation_order":"1","start_pts":"0","end_pts":"8333333333","time_base_num":1,"time_base_den":1000000000,"lifecycle":1,"deleted":false,"binding_present":true,"binding_valid":true,"available_for_selection":true}],"decoded":{"namespace_valid":true,"range_comparable":true,"incomplete":false,"frames_truncated":false,"frame_count":277,"relevant_count":40,"identity_matched":40,"identity_rejected":0,"generation_mismatch":0,"pts_mismatch":0,"duration_invalid":0,"minimum_pts_ns":"7900000000","maximum_pts_ns":"9200000000","maximum_valid_end_ns":"9233333333"},"slice_state_counts":[13,2,0,0,0,0],"reason_counts":[0,2,0,0,13,0,0,0,0,0],"unknown_ranges":[{"start_ns":"8333333333","end_ns":"8333333334","reason":1},{"start_ns":"8333333333","end_ns":"9416000000","reason":1}]}
[selection-attempt] {"reference_sha256":"1599862826ada45ee297459be7f26c98c71dab35de03990f4e92039691fceccf","attempt":2,"attempt_limit":121,"elapsed_ms":"588","wait_ms":"60000","deadline_exhausted":false,"attempt_exhausted":false,"selection_complete":false,"expanded_start_ns":"7916000000","expanded_end_ns":"9416000000","source_count":1,"unknown_count":2,"sources_truncated":false,"unknown_truncated":false,"sources":[{"segment_id_sha256":"c67b795af4de468358d0eefdcc51f4224bb5c0c313c1f8dca094f891ced76264","media_epoch_id_sha256":"7f051c8d34be5ed43de52cf48b237fa6e663753ae01130701195b8c81cc7013a","source_generation_sha256":"5b5145aba2acf3929bad81c0de5d41f778f555505facce12a37fbc150b18b24e","track_id_sha256":"dcab1f8b836b7844fc86d4abb7e5914e54103c7781ae7c272f006cdf57f03834","generation_order":"1","start_pts":"0","end_pts":"8333333333","time_base_num":1,"time_base_den":1000000000,"lifecycle":1,"deleted":false,"binding_present":true,"binding_valid":true,"available_for_selection":true}],"decoded":{"namespace_valid":true,"range_comparable":true,"incomplete":false,"frames_truncated":false,"frame_count":277,"relevant_count":40,"identity_matched":40,"identity_rejected":0,"generation_mismatch":0,"pts_mismatch":0,"duration_invalid":0,"minimum_pts_ns":"7900000000","maximum_pts_ns":"9200000000","maximum_valid_end_ns":"9233333333"},"slice_state_counts":[13,2,0,0,0,0],"reason_counts":[0,2,0,0,13,0,0,0,0,0],"unknown_ranges":[{"start_ns":"8333333333","end_ns":"8333333334","reason":1},{"start_ns":"8333333333","end_ns":"9416000000","reason":1}]}
[selection-attempt] {"reference_sha256":"b4606cef6728f94c619de4cbf8566db1316857d4e2fb777dcc97d4bc3cd19d01","attempt":2,"attempt_limit":121,"elapsed_ms":"605","wait_ms":"60000","deadline_exhausted":false,"attempt_exhausted":false,"selection_complete":false,"expanded_start_ns":"7916000000","expanded_end_ns":"9416000000","source_count":1,"unknown_count":2,"sources_truncated":false,"unknown_truncated":false,"sources":[{"segment_id_sha256":"c67b795af4de468358d0eefdcc51f4224bb5c0c313c1f8dca094f891ced76264","media_epoch_id_sha256":"7f051c8d34be5ed43de52cf48b237fa6e663753ae01130701195b8c81cc7013a","source_generation_sha256":"5b5145aba2acf3929bad81c0de5d41f778f555505facce12a37fbc150b18b24e","track_id_sha256":"dcab1f8b836b7844fc86d4abb7e5914e54103c7781ae7c272f006cdf57f03834","generation_order":"1","start_pts":"0","end_pts":"8333333333","time_base_num":1,"time_base_den":1000000000,"lifecycle":1,"deleted":false,"binding_present":true,"binding_valid":true,"available_for_selection":true}],"decoded":{"namespace_valid":true,"range_comparable":true,"incomplete":false,"frames_truncated":false,"frame_count":277,"relevant_count":40,"identity_matched":40,"identity_rejected":0,"generation_mismatch":0,"pts_mismatch":0,"duration_invalid":0,"minimum_pts_ns":"7900000000","maximum_pts_ns":"9200000000","maximum_valid_end_ns":"9233333333"},"slice_state_counts":[13,2,0,0,0,0],"reason_counts":[0,2,0,0,13,0,0,0,0,0],"unknown_ranges":[{"start_ns":"8333333333","end_ns":"8333333334","reason":1},{"start_ns":"8333333333","end_ns":"9416000000","reason":1}]}
[selection-attempt] {"reference_sha256":"968609da35a16e847b750a9940bc4e1aca1cf72e92c006ca77f066583cbf2fa0","attempt":3,"attempt_limit":121,"elapsed_ms":"1085","wait_ms":"60000","deadline_exhausted":false,"attempt_exhausted":false,"selection_complete":false,"expanded_start_ns":"7916000000","expanded_end_ns":"9416000000","source_count":1,"unknown_count":2,"sources_truncated":false,"unknown_truncated":false,"sources":[{"segment_id_sha256":"c67b795af4de468358d0eefdcc51f4224bb5c0c313c1f8dca094f891ced76264","media_epoch_id_sha256":"7f051c8d34be5ed43de52cf48b237fa6e663753ae01130701195b8c81cc7013a","source_generation_sha256":"5b5145aba2acf3929bad81c0de5d41f778f555505facce12a37fbc150b18b24e","track_id_sha256":"dcab1f8b836b7844fc86d4abb7e5914e54103c7781ae7c272f006cdf57f03834","generation_order":"1","start_pts":"0","end_pts":"8333333333","time_base_num":1,"time_base_den":1000000000,"lifecycle":1,"deleted":false,"binding_present":true,"binding_valid":true,"available_for_selection":true}],"decoded":{"namespace_valid":true,"range_comparable":true,"incomplete":false,"frames_truncated":false,"frame_count":293,"relevant_count":46,"identity_matched":46,"identity_rejected":0,"generation_mismatch":0,"pts_mismatch":0,"duration_invalid":0,"minimum_pts_ns":"7900000000","maximum_pts_ns":"9400000000","maximum_valid_end_ns":"9433333333"},"slice_state_counts":[13,2,0,0,0,0],"reason_counts":[0,2,0,0,13,0,0,0,0,0],"unknown_ranges":[{"start_ns":"8333333333","end_ns":"8333333334","reason":1},{"start_ns":"8333333333","end_ns":"9416000000","reason":1}]}
[selection-attempt] {"reference_sha256":"01a8480f4406e18a9e2d6d8e61d8bfb6822b224c99119c3ec8c4728d258e3f02","attempt":3,"attempt_limit":121,"elapsed_ms":"1099","wait_ms":"60000","deadline_exhausted":false,"attempt_exhausted":false,"selection_complete":false,"expanded_start_ns":"7916000000","expanded_end_ns":"9416000000","source_count":1,"unknown_count":2,"sources_truncated":false,"unknown_truncated":false,"sources":[{"segment_id_sha256":"c67b795af4de468358d0eefdcc51f4224bb5c0c313c1f8dca094f891ced76264","media_epoch_id_sha256":"7f051c8d34be5ed43de52cf48b237fa6e663753ae01130701195b8c81cc7013a","source_generation_sha256":"5b5145aba2acf3929bad81c0de5d41f778f555505facce12a37fbc150b18b24e","track_id_sha256":"dcab1f8b836b7844fc86d4abb7e5914e54103c7781ae7c272f006cdf57f03834","generation_order":"1","start_pts":"0","end_pts":"8333333333","time_base_num":1,"time_base_den":1000000000,"lifecycle":1,"deleted":false,"binding_present":true,"binding_valid":true,"available_for_selection":true}],"decoded":{"namespace_valid":true,"range_comparable":true,"incomplete":false,"frames_truncated":false,"frame_count":293,"relevant_count":46,"identity_matched":46,"identity_rejected":0,"generation_mismatch":0,"pts_mismatch":0,"duration_invalid":0,"minimum_pts_ns":"7900000000","maximum_pts_ns":"9400000000","maximum_valid_end_ns":"9433333333"},"slice_state_counts":[13,2,0,0,0,0],"reason_counts":[0,2,0,0,13,0,0,0,0,0],"unknown_ranges":[{"start_ns":"8333333333","end_ns":"8333333334","reason":1},{"start_ns":"8333333333","end_ns":"9416000000","reason":1}]}
[selection-attempt] {"reference_sha256":"1599862826ada45ee297459be7f26c98c71dab35de03990f4e92039691fceccf","attempt":3,"attempt_limit":121,"elapsed_ms":"1116","wait_ms":"60000","deadline_exhausted":false,"attempt_exhausted":false,"selection_complete":false,"expanded_start_ns":"7916000000","expanded_end_ns":"9416000000","source_count":1,"unknown_count":2,"sources_truncated":false,"unknown_truncated":false,"sources":[{"segment_id_sha256":"c67b795af4de468358d0eefdcc51f4224bb5c0c313c1f8dca094f891ced76264","media_epoch_id_sha256":"7f051c8d34be5ed43de52cf48b237fa6e663753ae01130701195b8c81cc7013a","source_generation_sha256":"5b5145aba2acf3929bad81c0de5d41f778f555505facce12a37fbc150b18b24e","track_id_sha256":"dcab1f8b836b7844fc86d4abb7e5914e54103c7781ae7c272f006cdf57f03834","generation_order":"1","start_pts":"0","end_pts":"8333333333","time_base_num":1,"time_base_den":1000000000,"lifecycle":1,"deleted":false,"binding_present":true,"binding_valid":true,"available_for_selection":true}],"decoded":{"namespace_valid":true,"range_comparable":true,"incomplete":false,"frames_truncated":false,"frame_count":293,"relevant_count":46,"identity_matched":46,"identity_rejected":0,"generation_mismatch":0,"pts_mismatch":0,"duration_invalid":0,"minimum_pts_ns":"7900000000","maximum_pts_ns":"9400000000","maximum_valid_end_ns":"9433333333"},"slice_state_counts":[13,2,0,0,0,0],"reason_counts":[0,2,0,0,13,0,0,0,0,0],"unknown_ranges":[{"start_ns":"8333333333","end_ns":"8333333334","reason":1},{"start_ns":"8333333333","end_ns":"9416000000","reason":1}]}
[selection-attempt] {"reference_sha256":"b4606cef6728f94c619de4cbf8566db1316857d4e2fb777dcc97d4bc3cd19d01","attempt":3,"attempt_limit":121,"elapsed_ms":"1133","wait_ms":"60000","deadline_exhausted":false,"attempt_exhausted":false,"selection_complete":false,"expanded_start_ns":"7916000000","expanded_end_ns":"9416000000","source_count":1,"unknown_count":2,"sources_truncated":false,"unknown_truncated":false,"sources":[{"segment_id_sha256":"c67b795af4de468358d0eefdcc51f4224bb5c0c313c1f8dca094f891ced76264","media_epoch_id_sha256":"7f051c8d34be5ed43de52cf48b237fa6e663753ae01130701195b8c81cc7013a","source_generation_sha256":"5b5145aba2acf3929bad81c0de5d41f778f555505facce12a37fbc150b18b24e","track_id_sha256":"dcab1f8b836b7844fc86d4abb7e5914e54103c7781ae7c272f006cdf57f03834","generation_order":"1","start_pts":"0","end_pts":"8333333333","time_base_num":1,"time_base_den":1000000000,"lifecycle":1,"deleted":false,"binding_present":true,"binding_valid":true,"available_for_selection":true}],"decoded":{"namespace_valid":true,"range_comparable":true,"incomplete":false,"frames_truncated":false,"frame_count":293,"relevant_count":46,"identity_matched":46,"identity_rejected":0,"generation_mismatch":0,"pts_mismatch":0,"duration_invalid":0,"minimum_pts_ns":"7900000000","maximum_pts_ns":"9400000000","maximum_valid_end_ns":"9433333333"},"slice_state_counts":[13,2,0,0,0,0],"reason_counts":[0,2,0,0,13,0,0,0,0,0],"unknown_ranges":[{"start_ns":"8333333333","end_ns":"8333333334","reason":1},{"start_ns":"8333333333","end_ns":"9416000000","reason":1}]}
[selection-attempt] {"reference_sha256":"968609da35a16e847b750a9940bc4e1aca1cf72e92c006ca77f066583cbf2fa0","attempt":4,"attempt_limit":121,"elapsed_ms":"1612","wait_ms":"60000","deadline_exhausted":false,"attempt_exhausted":false,"selection_complete":false,"expanded_start_ns":"7916000000","expanded_end_ns":"9416000000","source_count":1,"unknown_count":2,"sources_truncated":false,"unknown_truncated":false,"sources":[{"segment_id_sha256":"c67b795af4de468358d0eefdcc51f4224bb5c0c313c1f8dca094f891ced76264","media_epoch_id_sha256":"7f051c8d34be5ed43de52cf48b237fa6e663753ae01130701195b8c81cc7013a","source_generation_sha256":"5b5145aba2acf3929bad81c0de5d41f778f555505facce12a37fbc150b18b24e","track_id_sha256":"dcab1f8b836b7844fc86d4abb7e5914e54103c7781ae7c272f006cdf57f03834","generation_order":"1","start_pts":"0","end_pts":"8333333333","time_base_num":1,"time_base_den":1000000000,"lifecycle":1,"deleted":false,"binding_present":true,"binding_valid":true,"available_for_selection":true}],"decoded":{"namespace_valid":true,"range_comparable":true,"incomplete":false,"frames_truncated":false,"frame_count":309,"relevant_count":46,"identity_matched":46,"identity_rejected":0,"generation_mismatch":0,"pts_mismatch":0,"duration_invalid":0,"minimum_pts_ns":"7900000000","maximum_pts_ns":"9400000000","maximum_valid_end_ns":"9433333333"},"slice_state_counts":[13,2,0,0,0,0],"reason_counts":[0,2,0,0,13,0,0,0,0,0],"unknown_ranges":[{"start_ns":"8333333333","end_ns":"8333333334","reason":1},{"start_ns":"8333333333","end_ns":"9416000000","reason":1}]}
[selection-attempt] {"reference_sha256":"01a8480f4406e18a9e2d6d8e61d8bfb6822b224c99119c3ec8c4728d258e3f02","attempt":4,"attempt_limit":121,"elapsed_ms":"1626","wait_ms":"60000","deadline_exhausted":false,"attempt_exhausted":false,"selection_complete":false,"expanded_start_ns":"7916000000","expanded_end_ns":"9416000000","source_count":1,"unknown_count":2,"sources_truncated":false,"unknown_truncated":false,"sources":[{"segment_id_sha256":"c67b795af4de468358d0eefdcc51f4224bb5c0c313c1f8dca094f891ced76264","media_epoch_id_sha256":"7f051c8d34be5ed43de52cf48b237fa6e663753ae01130701195b8c81cc7013a","source_generation_sha256":"5b5145aba2acf3929bad81c0de5d41f778f555505facce12a37fbc150b18b24e","track_id_sha256":"dcab1f8b836b7844fc86d4abb7e5914e54103c7781ae7c272f006cdf57f03834","generation_order":"1","start_pts":"0","end_pts":"8333333333","time_base_num":1,"time_base_den":1000000000,"lifecycle":1,"deleted":false,"binding_present":true,"binding_valid":true,"available_for_selection":true}],"decoded":{"namespace_valid":true,"range_comparable":true,"incomplete":false,"frames_truncated":false,"frame_count":309,"relevant_count":46,"identity_matched":46,"identity_rejected":0,"generation_mismatch":0,"pts_mismatch":0,"duration_invalid":0,"minimum_pts_ns":"7900000000","maximum_pts_ns":"9400000000","maximum_valid_end_ns":"9433333333"},"slice_state_counts":[13,2,0,0,0,0],"reason_counts":[0,2,0,0,13,0,0,0,0,0],"unknown_ranges":[{"start_ns":"8333333333","end_ns":"8333333334","reason":1},{"start_ns":"8333333333","end_ns":"9416000000","reason":1}]}
[selection-attempt] {"reference_sha256":"1599862826ada45ee297459be7f26c98c71dab35de03990f4e92039691fceccf","attempt":4,"attempt_limit":121,"elapsed_ms":"1643","wait_ms":"60000","deadline_exhausted":false,"attempt_exhausted":false,"selection_complete":false,"expanded_start_ns":"7916000000","expanded_end_ns":"9416000000","source_count":1,"unknown_count":2,"sources_truncated":false,"unknown_truncated":false,"sources":[{"segment_id_sha256":"c67b795af4de468358d0eefdcc51f4224bb5c0c313c1f8dca094f891ced76264","media_epoch_id_sha256":"7f051c8d34be5ed43de52cf48b237fa6e663753ae01130701195b8c81cc7013a","source_generation_sha256":"5b5145aba2acf3929bad81c0de5d41f778f555505facce12a37fbc150b18b24e","track_id_sha256":"dcab1f8b836b7844fc86d4abb7e5914e54103c7781ae7c272f006cdf57f03834","generation_order":"1","start_pts":"0","end_pts":"8333333333","time_base_num":1,"time_base_den":1000000000,"lifecycle":1,"deleted":false,"binding_present":true,"binding_valid":true,"available_for_selection":true}],"decoded":{"namespace_valid":true,"range_comparable":true,"incomplete":false,"frames_truncated":false,"frame_count":309,"relevant_count":46,"identity_matched":46,"identity_rejected":0,"generation_mismatch":0,"pts_mismatch":0,"duration_invalid":0,"minimum_pts_ns":"7900000000","maximum_pts_ns":"9400000000","maximum_valid_end_ns":"9433333333"},"slice_state_counts":[13,2,0,0,0,0],"reason_counts":[0,2,0,0,13,0,0,0,0,0],"unknown_ranges":[{"start_ns":"8333333333","end_ns":"8333333334","reason":1},{"start_ns":"8333333333","end_ns":"9416000000","reason":1}]}
[selection-attempt] {"reference_sha256":"b4606cef6728f94c619de4cbf8566db1316857d4e2fb777dcc97d4bc3cd19d01","attempt":4,"attempt_limit":121,"elapsed_ms":"1659","wait_ms":"60000","deadline_exhausted":false,"attempt_exhausted":false,"selection_complete":false,"expanded_start_ns":"7916000000","expanded_end_ns":"9416000000","source_count":1,"unknown_count":2,"sources_truncated":false,"unknown_truncated":false,"sources":[{"segment_id_sha256":"c67b795af4de468358d0eefdcc51f4224bb5c0c313c1f8dca094f891ced76264","media_epoch_id_sha256":"7f051c8d34be5ed43de52cf48b237fa6e663753ae01130701195b8c81cc7013a","source_generation_sha256":"5b5145aba2acf3929bad81c0de5d41f778f555505facce12a37fbc150b18b24e","track_id_sha256":"dcab1f8b836b7844fc86d4abb7e5914e54103c7781ae7c272f006cdf57f03834","generation_order":"1","start_pts":"0","end_pts":"8333333333","time_base_num":1,"time_base_den":1000000000,"lifecycle":1,"deleted":false,"binding_present":true,"binding_valid":true,"available_for_selection":true}],"decoded":{"namespace_valid":true,"range_comparable":true,"incomplete":false,"frames_truncated":false,"frame_count":309,"relevant_count":46,"identity_matched":46,"identity_rejected":0,"generation_mismatch":0,"pts_mismatch":0,"duration_invalid":0,"minimum_pts_ns":"7900000000","maximum_pts_ns":"9400000000","maximum_valid_end_ns":"9433333333"},"slice_state_counts":[13,2,0,0,0,0],"reason_counts":[0,2,0,0,13,0,0,0,0,0],"unknown_ranges":[{"start_ns":"8333333333","end_ns":"8333333334","reason":1},{"start_ns":"8333333333","end_ns":"9416000000","reason":1}]}
[selection-attempt] {"reference_sha256":"968609da35a16e847b750a9940bc4e1aca1cf72e92c006ca77f066583cbf2fa0","attempt":5,"attempt_limit":121,"elapsed_ms":"2139","wait_ms":"60000","deadline_exhausted":false,"attempt_exhausted":false,"selection_complete":false,"expanded_start_ns":"7916000000","expanded_end_ns":"9416000000","source_count":1,"unknown_count":2,"sources_truncated":false,"unknown_truncated":false,"sources":[{"segment_id_sha256":"c67b795af4de468358d0eefdcc51f4224bb5c0c313c1f8dca094f891ced76264","media_epoch_id_sha256":"7f051c8d34be5ed43de52cf48b237fa6e663753ae01130701195b8c81cc7013a","source_generation_sha256":"5b5145aba2acf3929bad81c0de5d41f778f555505facce12a37fbc150b18b24e","track_id_sha256":"dcab1f8b836b7844fc86d4abb7e5914e54103c7781ae7c272f006cdf57f03834","generation_order":"1","start_pts":"0","end_pts":"8333333333","time_base_num":1,"time_base_den":1000000000,"lifecycle":1,"deleted":false,"binding_present":true,"binding_valid":true,"available_for_selection":true}],"decoded":{"namespace_valid":true,"range_comparable":true,"incomplete":false,"frames_truncated":false,"frame_count":325,"relevant_count":46,"identity_matched":46,"identity_rejected":0,"generation_mismatch":0,"pts_mismatch":0,"duration_invalid":0,"minimum_pts_ns":"7900000000","maximum_pts_ns":"9400000000","maximum_valid_end_ns":"9433333333"},"slice_state_counts":[13,2,0,0,0,0],"reason_counts":[0,2,0,0,13,0,0,0,0,0],"unknown_ranges":[{"start_ns":"8333333333","end_ns":"8333333334","reason":1},{"start_ns":"8333333333","end_ns":"9416000000","reason":1}]}
[selection-attempt] {"reference_sha256":"01a8480f4406e18a9e2d6d8e61d8bfb6822b224c99119c3ec8c4728d258e3f02","attempt":5,"attempt_limit":121,"elapsed_ms":"2154","wait_ms":"60000","deadline_exhausted":false,"attempt_exhausted":false,"selection_complete":false,"expanded_start_ns":"7916000000","expanded_end_ns":"9416000000","source_count":1,"unknown_count":2,"sources_truncated":false,"unknown_truncated":false,"sources":[{"segment_id_sha256":"c67b795af4de468358d0eefdcc51f4224bb5c0c313c1f8dca094f891ced76264","media_epoch_id_sha256":"7f051c8d34be5ed43de52cf48b237fa6e663753ae01130701195b8c81cc7013a","source_generation_sha256":"5b5145aba2acf3929bad81c0de5d41f778f555505facce12a37fbc150b18b24e","track_id_sha256":"dcab1f8b836b7844fc86d4abb7e5914e54103c7781ae7c272f006cdf57f03834","generation_order":"1","start_pts":"0","end_pts":"8333333333","time_base_num":1,"time_base_den":1000000000,"lifecycle":1,"deleted":false,"binding_present":true,"binding_valid":true,"available_for_selection":true}],"decoded":{"namespace_valid":true,"range_comparable":true,"incomplete":false,"frames_truncated":false,"frame_count":325,"relevant_count":46,"identity_matched":46,"identity_rejected":0,"generation_mismatch":0,"pts_mismatch":0,"duration_invalid":0,"minimum_pts_ns":"7900000000","maximum_pts_ns":"9400000000","maximum_valid_end_ns":"9433333333"},"slice_state_counts":[13,2,0,0,0,0],"reason_counts":[0,2,0,0,13,0,0,0,0,0],"unknown_ranges":[{"start_ns":"8333333333","end_ns":"8333333334","reason":1},{"start_ns":"8333333333","end_ns":"9416000000","reason":1}]}
[selection-attempt] {"reference_sha256":"1599862826ada45ee297459be7f26c98c71dab35de03990f4e92039691fceccf","attempt":5,"attempt_limit":121,"elapsed_ms":"2170","wait_ms":"60000","deadline_exhausted":false,"attempt_exhausted":false,"selection_complete":false,"expanded_start_ns":"7916000000","expanded_end_ns":"9416000000","source_count":1,"unknown_count":2,"sources_truncated":false,"unknown_truncated":false,"sources":[{"segment_id_sha256":"c67b795af4de468358d0eefdcc51f4224bb5c0c313c1f8dca094f891ced76264","media_epoch_id_sha256":"7f051c8d34be5ed43de52cf48b237fa6e663753ae01130701195b8c81cc7013a","source_generation_sha256":"5b5145aba2acf3929bad81c0de5d41f778f555505facce12a37fbc150b18b24e","track_id_sha256":"dcab1f8b836b7844fc86d4abb7e5914e54103c7781ae7c272f006cdf57f03834","generation_order":"1","start_pts":"0","end_pts":"8333333333","time_base_num":1,"time_base_den":1000000000,"lifecycle":1,"deleted":false,"binding_present":true,"binding_valid":true,"available_for_selection":true}],"decoded":{"namespace_valid":true,"range_comparable":true,"incomplete":false,"frames_truncated":false,"frame_count":325,"relevant_count":46,"identity_matched":46,"identity_rejected":0,"generation_mismatch":0,"pts_mismatch":0,"duration_invalid":0,"minimum_pts_ns":"7900000000","maximum_pts_ns":"9400000000","maximum_valid_end_ns":"9433333333"},"slice_state_counts":[13,2,0,0,0,0],"reason_counts":[0,2,0,0,13,0,0,0,0,0],"unknown_ranges":[{"start_ns":"8333333333","end_ns":"8333333334","reason":1},{"start_ns":"8333333333","end_ns":"9416000000","reason":1}]}
[selection-attempt] {"reference_sha256":"b4606cef6728f94c619de4cbf8566db1316857d4e2fb777dcc97d4bc3cd19d01","attempt":5,"attempt_limit":121,"elapsed_ms":"2187","wait_ms":"60000","deadline_exhausted":false,"attempt_exhausted":false,"selection_complete":false,"expanded_start_ns":"7916000000","expanded_end_ns":"9416000000","source_count":1,"unknown_count":2,"sources_truncated":false,"unknown_truncated":false,"sources":[{"segment_id_sha256":"c67b795af4de468358d0eefdcc51f4224bb5c0c313c1f8dca094f891ced76264","media_epoch_id_sha256":"7f051c8d34be5ed43de52cf48b237fa6e663753ae01130701195b8c81cc7013a","source_generation_sha256":"5b5145aba2acf3929bad81c0de5d41f778f555505facce12a37fbc150b18b24e","track_id_sha256":"dcab1f8b836b7844fc86d4abb7e5914e54103c7781ae7c272f006cdf57f03834","generation_order":"1","start_pts":"0","end_pts":"8333333333","time_base_num":1,"time_base_den":1000000000,"lifecycle":1,"deleted":false,"binding_present":true,"binding_valid":true,"available_for_selection":true}],"decoded":{"namespace_valid":true,"range_comparable":true,"incomplete":false,"frames_truncated":false,"frame_count":325,"relevant_count":46,"identity_matched":46,"identity_rejected":0,"generation_mismatch":0,"pts_mismatch":0,"duration_invalid":0,"minimum_pts_ns":"7900000000","maximum_pts_ns":"9400000000","maximum_valid_end_ns":"9433333333"},"slice_state_counts":[13,2,0,0,0,0],"reason_counts":[0,2,0,0,13,0,0,0,0,0],"unknown_ranges":[{"start_ns":"8333333333","end_ns":"8333333334","reason":1},{"start_ns":"8333333333","end_ns":"9416000000","reason":1}]}
[selection-attempt] {"reference_sha256":"968609da35a16e847b750a9940bc4e1aca1cf72e92c006ca77f066583cbf2fa0","attempt":6,"attempt_limit":121,"elapsed_ms":"2666","wait_ms":"60000","deadline_exhausted":false,"attempt_exhausted":false,"selection_complete":false,"expanded_start_ns":"7916000000","expanded_end_ns":"9416000000","source_count":1,"unknown_count":2,"sources_truncated":false,"unknown_truncated":false,"sources":[{"segment_id_sha256":"c67b795af4de468358d0eefdcc51f4224bb5c0c313c1f8dca094f891ced76264","media_epoch_id_sha256":"7f051c8d34be5ed43de52cf48b237fa6e663753ae01130701195b8c81cc7013a","source_generation_sha256":"5b5145aba2acf3929bad81c0de5d41f778f555505facce12a37fbc150b18b24e","track_id_sha256":"dcab1f8b836b7844fc86d4abb7e5914e54103c7781ae7c272f006cdf57f03834","generation_order":"1","start_pts":"0","end_pts":"8333333333","time_base_num":1,"time_base_den":1000000000,"lifecycle":1,"deleted":false,"binding_present":true,"binding_valid":true,"available_for_selection":true}],"decoded":{"namespace_valid":true,"range_comparable":true,"incomplete":false,"frames_truncated":false,"frame_count":341,"relevant_count":46,"identity_matched":46,"identity_rejected":0,"generation_mismatch":0,"pts_mismatch":0,"duration_invalid":0,"minimum_pts_ns":"7900000000","maximum_pts_ns":"9400000000","maximum_valid_end_ns":"9433333333"},"slice_state_counts":[13,2,0,0,0,0],"reason_counts":[0,2,0,0,13,0,0,0,0,0],"unknown_ranges":[{"start_ns":"8333333333","end_ns":"8333333334","reason":1},{"start_ns":"8333333333","end_ns":"9416000000","reason":1}]}
[selection-attempt] {"reference_sha256":"01a8480f4406e18a9e2d6d8e61d8bfb6822b224c99119c3ec8c4728d258e3f02","attempt":6,"attempt_limit":121,"elapsed_ms":"2680","wait_ms":"60000","deadline_exhausted":false,"attempt_exhausted":false,"selection_complete":false,"expanded_start_ns":"7916000000","expanded_end_ns":"9416000000","source_count":1,"unknown_count":2,"sources_truncated":false,"unknown_truncated":false,"sources":[{"segment_id_sha256":"c67b795af4de468358d0eefdcc51f4224bb5c0c313c1f8dca094f891ced76264","media_epoch_id_sha256":"7f051c8d34be5ed43de52cf48b237fa6e663753ae01130701195b8c81cc7013a","source_generation_sha256":"5b5145aba2acf3929bad81c0de5d41f778f555505facce12a37fbc150b18b24e","track_id_sha256":"dcab1f8b836b7844fc86d4abb7e5914e54103c7781ae7c272f006cdf57f03834","generation_order":"1","start_pts":"0","end_pts":"8333333333","time_base_num":1,"time_base_den":1000000000,"lifecycle":1,"deleted":false,"binding_present":true,"binding_valid":true,"available_for_selection":true}],"decoded":{"namespace_valid":true,"range_comparable":true,"incomplete":false,"frames_truncated":false,"frame_count":341,"relevant_count":46,"identity_matched":46,"identity_rejected":0,"generation_mismatch":0,"pts_mismatch":0,"duration_invalid":0,"minimum_pts_ns":"7900000000","maximum_pts_ns":"9400000000","maximum_valid_end_ns":"9433333333"},"slice_state_counts":[13,2,0,0,0,0],"reason_counts":[0,2,0,0,13,0,0,0,0,0],"unknown_ranges":[{"start_ns":"8333333333","end_ns":"8333333334","reason":1},{"start_ns":"8333333333","end_ns":"9416000000","reason":1}]}
[selection-attempt] {"reference_sha256":"1599862826ada45ee297459be7f26c98c71dab35de03990f4e92039691fceccf","attempt":6,"attempt_limit":121,"elapsed_ms":"2697","wait_ms":"60000","deadline_exhausted":false,"attempt_exhausted":false,"selection_complete":false,"expanded_start_ns":"7916000000","expanded_end_ns":"9416000000","source_count":1,"unknown_count":2,"sources_truncated":false,"unknown_truncated":false,"sources":[{"segment_id_sha256":"c67b795af4de468358d0eefdcc51f4224bb5c0c313c1f8dca094f891ced76264","media_epoch_id_sha256":"7f051c8d34be5ed43de52cf48b237fa6e663753ae01130701195b8c81cc7013a","source_generation_sha256":"5b5145aba2acf3929bad81c0de5d41f778f555505facce12a37fbc150b18b24e","track_id_sha256":"dcab1f8b836b7844fc86d4abb7e5914e54103c7781ae7c272f006cdf57f03834","generation_order":"1","start_pts":"0","end_pts":"8333333333","time_base_num":1,"time_base_den":1000000000,"lifecycle":1,"deleted":false,"binding_present":true,"binding_valid":true,"available_for_selection":true}],"decoded":{"namespace_valid":true,"range_comparable":true,"incomplete":false,"frames_truncated":false,"frame_count":341,"relevant_count":46,"identity_matched":46,"identity_rejected":0,"generation_mismatch":0,"pts_mismatch":0,"duration_invalid":0,"minimum_pts_ns":"7900000000","maximum_pts_ns":"9400000000","maximum_valid_end_ns":"9433333333"},"slice_state_counts":[13,2,0,0,0,0],"reason_counts":[0,2,0,0,13,0,0,0,0,0],"unknown_ranges":[{"start_ns":"8333333333","end_ns":"8333333334","reason":1},{"start_ns":"8333333333","end_ns":"9416000000","reason":1}]}
[selection-attempt] {"reference_sha256":"b4606cef6728f94c619de4cbf8566db1316857d4e2fb777dcc97d4bc3cd19d01","attempt":6,"attempt_limit":121,"elapsed_ms":"2713","wait_ms":"60000","deadline_exhausted":false,"attempt_exhausted":false,"selection_complete":false,"expanded_start_ns":"7916000000","expanded_end_ns":"9416000000","source_count":1,"unknown_count":2,"sources_truncated":false,"unknown_truncated":false,"sources":[{"segment_id_sha256":"c67b795af4de468358d0eefdcc51f4224bb5c0c313c1f8dca094f891ced76264","media_epoch_id_sha256":"7f051c8d34be5ed43de52cf48b237fa6e663753ae01130701195b8c81cc7013a","source_generation_sha256":"5b5145aba2acf3929bad81c0de5d41f778f555505facce12a37fbc150b18b24e","track_id_sha256":"dcab1f8b836b7844fc86d4abb7e5914e54103c7781ae7c272f006cdf57f03834","generation_order":"1","start_pts":"0","end_pts":"8333333333","time_base_num":1,"time_base_den":1000000000,"lifecycle":1,"deleted":false,"binding_present":true,"binding_valid":true,"available_for_selection":true}],"decoded":{"namespace_valid":true,"range_comparable":true,"incomplete":false,"frames_truncated":false,"frame_count":341,"relevant_count":46,"identity_matched":46,"identity_rejected":0,"generation_mismatch":0,"pts_mismatch":0,"duration_invalid":0,"minimum_pts_ns":"7900000000","maximum_pts_ns":"9400000000","maximum_valid_end_ns":"9433333333"},"slice_state_counts":[13,2,0,0,0,0],"reason_counts":[0,2,0,0,13,0,0,0,0,0],"unknown_ranges":[{"start_ns":"8333333333","end_ns":"8333333334","reason":1},{"start_ns":"8333333333","end_ns":"9416000000","reason":1}]}
[selection-attempt] {"reference_sha256":"968609da35a16e847b750a9940bc4e1aca1cf72e92c006ca77f066583cbf2fa0","attempt":7,"attempt_limit":121,"elapsed_ms":"3185","wait_ms":"60000","deadline_exhausted":false,"attempt_exhausted":false,"selection_complete":false,"expanded_start_ns":"7916000000","expanded_end_ns":"9416000000","source_count":1,"unknown_count":2,"sources_truncated":false,"unknown_truncated":false,"sources":[{"segment_id_sha256":"c67b795af4de468358d0eefdcc51f4224bb5c0c313c1f8dca094f891ced76264","media_epoch_id_sha256":"7f051c8d34be5ed43de52cf48b237fa6e663753ae01130701195b8c81cc7013a","source_generation_sha256":"5b5145aba2acf3929bad81c0de5d41f778f555505facce12a37fbc150b18b24e","track_id_sha256":"dcab1f8b836b7844fc86d4abb7e5914e54103c7781ae7c272f006cdf57f03834","generation_order":"1","start_pts":"0","end_pts":"8333333333","time_base_num":1,"time_base_den":1000000000,"lifecycle":1,"deleted":false,"binding_present":true,"binding_valid":true,"available_for_selection":true}],"decoded":{"namespace_valid":true,"range_comparable":true,"incomplete":false,"frames_truncated":false,"frame_count":357,"relevant_count":46,"identity_matched":46,"identity_rejected":0,"generation_mismatch":0,"pts_mismatch":0,"duration_invalid":0,"minimum_pts_ns":"7900000000","maximum_pts_ns":"9400000000","maximum_valid_end_ns":"9433333333"},"slice_state_counts":[13,2,0,0,0,0],"reason_counts":[0,2,0,0,13,0,0,0,0,0],"unknown_ranges":[{"start_ns":"8333333333","end_ns":"8333333334","reason":1},{"start_ns":"8333333333","end_ns":"9416000000","reason":1}]}
[selection-attempt] {"reference_sha256":"01a8480f4406e18a9e2d6d8e61d8bfb6822b224c99119c3ec8c4728d258e3f02","attempt":7,"attempt_limit":121,"elapsed_ms":"3198","wait_ms":"60000","deadline_exhausted":false,"attempt_exhausted":false,"selection_complete":false,"expanded_start_ns":"7916000000","expanded_end_ns":"9416000000","source_count":1,"unknown_count":2,"sources_truncated":false,"unknown_truncated":false,"sources":[{"segment_id_sha256":"c67b795af4de468358d0eefdcc51f4224bb5c0c313c1f8dca094f891ced76264","media_epoch_id_sha256":"7f051c8d34be5ed43de52cf48b237fa6e663753ae01130701195b8c81cc7013a","source_generation_sha256":"5b5145aba2acf3929bad81c0de5d41f778f555505facce12a37fbc150b18b24e","track_id_sha256":"dcab1f8b836b7844fc86d4abb7e5914e54103c7781ae7c272f006cdf57f03834","generation_order":"1","start_pts":"0","end_pts":"8333333333","time_base_num":1,"time_base_den":1000000000,"lifecycle":1,"deleted":false,"binding_present":true,"binding_valid":true,"available_for_selection":true}],"decoded":{"namespace_valid":true,"range_comparable":true,"incomplete":false,"frames_truncated":false,"frame_count":357,"relevant_count":46,"identity_matched":46,"identity_rejected":0,"generation_mismatch":0,"pts_mismatch":0,"duration_invalid":0,"minimum_pts_ns":"7900000000","maximum_pts_ns":"9400000000","maximum_valid_end_ns":"9433333333"},"slice_state_counts":[13,2,0,0,0,0],"reason_counts":[0,2,0,0,13,0,0,0,0,0],"unknown_ranges":[{"start_ns":"8333333333","end_ns":"8333333334","reason":1},{"start_ns":"8333333333","end_ns":"9416000000","reason":1}]}
[selection-attempt] {"reference_sha256":"1599862826ada45ee297459be7f26c98c71dab35de03990f4e92039691fceccf","attempt":7,"attempt_limit":121,"elapsed_ms":"3215","wait_ms":"60000","deadline_exhausted":false,"attempt_exhausted":false,"selection_complete":false,"expanded_start_ns":"7916000000","expanded_end_ns":"9416000000","source_count":1,"unknown_count":2,"sources_truncated":false,"unknown_truncated":false,"sources":[{"segment_id_sha256":"c67b795af4de468358d0eefdcc51f4224bb5c0c313c1f8dca094f891ced76264","media_epoch_id_sha256":"7f051c8d34be5ed43de52cf48b237fa6e663753ae01130701195b8c81cc7013a","source_generation_sha256":"5b5145aba2acf3929bad81c0de5d41f778f555505facce12a37fbc150b18b24e","track_id_sha256":"dcab1f8b836b7844fc86d4abb7e5914e54103c7781ae7c272f006cdf57f03834","generation_order":"1","start_pts":"0","end_pts":"8333333333","time_base_num":1,"time_base_den":1000000000,"lifecycle":1,"deleted":false,"binding_present":true,"binding_valid":true,"available_for_selection":true}],"decoded":{"namespace_valid":true,"range_comparable":true,"incomplete":false,"frames_truncated":false,"frame_count":357,"relevant_count":46,"identity_matched":46,"identity_rejected":0,"generation_mismatch":0,"pts_mismatch":0,"duration_invalid":0,"minimum_pts_ns":"7900000000","maximum_pts_ns":"9400000000","maximum_valid_end_ns":"9433333333"},"slice_state_counts":[13,2,0,0,0,0],"reason_counts":[0,2,0,0,13,0,0,0,0,0],"unknown_ranges":[{"start_ns":"8333333333","end_ns":"8333333334","reason":1},{"start_ns":"8333333333","end_ns":"9416000000","reason":1}]}
[selection-attempt] {"reference_sha256":"b4606cef6728f94c619de4cbf8566db1316857d4e2fb777dcc97d4bc3cd19d01","attempt":7,"attempt_limit":121,"elapsed_ms":"3232","wait_ms":"60000","deadline_exhausted":false,"attempt_exhausted":false,"selection_complete":false,"expanded_start_ns":"7916000000","expanded_end_ns":"9416000000","source_count":1,"unknown_count":2,"sources_truncated":false,"unknown_truncated":false,"sources":[{"segment_id_sha256":"c67b795af4de468358d0eefdcc51f4224bb5c0c313c1f8dca094f891ced76264","media_epoch_id_sha256":"7f051c8d34be5ed43de52cf48b237fa6e663753ae01130701195b8c81cc7013a","source_generation_sha256":"5b5145aba2acf3929bad81c0de5d41f778f555505facce12a37fbc150b18b24e","track_id_sha256":"dcab1f8b836b7844fc86d4abb7e5914e54103c7781ae7c272f006cdf57f03834","generation_order":"1","start_pts":"0","end_pts":"8333333333","time_base_num":1,"time_base_den":1000000000,"lifecycle":1,"deleted":false,"binding_present":true,"binding_valid":true,"available_for_selection":true}],"decoded":{"namespace_valid":true,"range_comparable":true,"incomplete":false,"frames_truncated":false,"frame_count":357,"relevant_count":46,"identity_matched":46,"identity_rejected":0,"generation_mismatch":0,"pts_mismatch":0,"duration_invalid":0,"minimum_pts_ns":"7900000000","maximum_pts_ns":"9400000000","maximum_valid_end_ns":"9433333333"},"slice_state_counts":[13,2,0,0,0,0],"reason_counts":[0,2,0,0,13,0,0,0,0,0],"unknown_ranges":[{"start_ns":"8333333333","end_ns":"8333333334","reason":1},{"start_ns":"8333333333","end_ns":"9416000000","reason":1}]}
[selection-attempt] {"reference_sha256":"968609da35a16e847b750a9940bc4e1aca1cf72e92c006ca77f066583cbf2fa0","attempt":8,"attempt_limit":121,"elapsed_ms":"3723","wait_ms":"60000","deadline_exhausted":false,"attempt_exhausted":false,"selection_complete":false,"expanded_start_ns":"7916000000","expanded_end_ns":"9416000000","source_count":1,"unknown_count":2,"sources_truncated":false,"unknown_truncated":false,"sources":[{"segment_id_sha256":"c67b795af4de468358d0eefdcc51f4224bb5c0c313c1f8dca094f891ced76264","media_epoch_id_sha256":"7f051c8d34be5ed43de52cf48b237fa6e663753ae01130701195b8c81cc7013a","source_generation_sha256":"5b5145aba2acf3929bad81c0de5d41f778f555505facce12a37fbc150b18b24e","track_id_sha256":"dcab1f8b836b7844fc86d4abb7e5914e54103c7781ae7c272f006cdf57f03834","generation_order":"1","start_pts":"0","end_pts":"8333333333","time_base_num":1,"time_base_den":1000000000,"lifecycle":1,"deleted":false,"binding_present":true,"binding_valid":true,"available_for_selection":true}],"decoded":{"namespace_valid":true,"range_comparable":true,"incomplete":false,"frames_truncated":false,"frame_count":369,"relevant_count":46,"identity_matched":46,"identity_rejected":0,"generation_mismatch":0,"pts_mismatch":0,"duration_invalid":0,"minimum_pts_ns":"7900000000","maximum_pts_ns":"9400000000","maximum_valid_end_ns":"9433333333"},"slice_state_counts":[13,2,0,0,0,0],"reason_counts":[0,2,0,0,13,0,0,0,0,0],"unknown_ranges":[{"start_ns":"8333333333","end_ns":"8333333334","reason":1},{"start_ns":"8333333333","end_ns":"9416000000","reason":1}]}
[selection-attempt] {"reference_sha256":"01a8480f4406e18a9e2d6d8e61d8bfb6822b224c99119c3ec8c4728d258e3f02","attempt":8,"attempt_limit":121,"elapsed_ms":"3736","wait_ms":"60000","deadline_exhausted":false,"attempt_exhausted":false,"selection_complete":false,"expanded_start_ns":"7916000000","expanded_end_ns":"9416000000","source_count":1,"unknown_count":2,"sources_truncated":false,"unknown_truncated":false,"sources":[{"segment_id_sha256":"c67b795af4de468358d0eefdcc51f4224bb5c0c313c1f8dca094f891ced76264","media_epoch_id_sha256":"7f051c8d34be5ed43de52cf48b237fa6e663753ae01130701195b8c81cc7013a","source_generation_sha256":"5b5145aba2acf3929bad81c0de5d41f778f555505facce12a37fbc150b18b24e","track_id_sha256":"dcab1f8b836b7844fc86d4abb7e5914e54103c7781ae7c272f006cdf57f03834","generation_order":"1","start_pts":"0","end_pts":"8333333333","time_base_num":1,"time_base_den":1000000000,"lifecycle":1,"deleted":false,"binding_present":true,"binding_valid":true,"available_for_selection":true}],"decoded":{"namespace_valid":true,"range_comparable":true,"incomplete":false,"frames_truncated":false,"frame_count":373,"relevant_count":46,"identity_matched":46,"identity_rejected":0,"generation_mismatch":0,"pts_mismatch":0,"duration_invalid":0,"minimum_pts_ns":"7900000000","maximum_pts_ns":"9400000000","maximum_valid_end_ns":"9433333333"},"slice_state_counts":[13,2,0,0,0,0],"reason_counts":[0,2,0,0,13,0,0,0,0,0],"unknown_ranges":[{"start_ns":"8333333333","end_ns":"8333333334","reason":1},{"start_ns":"8333333333","end_ns":"9416000000","reason":1}]}
[selection-attempt] {"reference_sha256":"1599862826ada45ee297459be7f26c98c71dab35de03990f4e92039691fceccf","attempt":8,"attempt_limit":121,"elapsed_ms":"3753","wait_ms":"60000","deadline_exhausted":false,"attempt_exhausted":false,"selection_complete":false,"expanded_start_ns":"7916000000","expanded_end_ns":"9416000000","source_count":1,"unknown_count":2,"sources_truncated":false,"unknown_truncated":false,"sources":[{"segment_id_sha256":"c67b795af4de468358d0eefdcc51f4224bb5c0c313c1f8dca094f891ced76264","media_epoch_id_sha256":"7f051c8d34be5ed43de52cf48b237fa6e663753ae01130701195b8c81cc7013a","source_generation_sha256":"5b5145aba2acf3929bad81c0de5d41f778f555505facce12a37fbc150b18b24e","track_id_sha256":"dcab1f8b836b7844fc86d4abb7e5914e54103c7781ae7c272f006cdf57f03834","generation_order":"1","start_pts":"0","end_pts":"8333333333","time_base_num":1,"time_base_den":1000000000,"lifecycle":1,"deleted":false,"binding_present":true,"binding_valid":true,"available_for_selection":true}],"decoded":{"namespace_valid":true,"range_comparable":true,"incomplete":false,"frames_truncated":false,"frame_count":373,"relevant_count":46,"identity_matched":46,"identity_rejected":0,"generation_mismatch":0,"pts_mismatch":0,"duration_invalid":0,"minimum_pts_ns":"7900000000","maximum_pts_ns":"9400000000","maximum_valid_end_ns":"9433333333"},"slice_state_counts":[13,2,0,0,0,0],"reason_counts":[0,2,0,0,13,0,0,0,0,0],"unknown_ranges":[{"start_ns":"8333333333","end_ns":"8333333334","reason":1},{"start_ns":"8333333333","end_ns":"9416000000","reason":1}]}
[selection-attempt] {"reference_sha256":"b4606cef6728f94c619de4cbf8566db1316857d4e2fb777dcc97d4bc3cd19d01","attempt":8,"attempt_limit":121,"elapsed_ms":"3770","wait_ms":"60000","deadline_exhausted":false,"attempt_exhausted":false,"selection_complete":false,"expanded_start_ns":"7916000000","expanded_end_ns":"9416000000","source_count":1,"unknown_count":2,"sources_truncated":false,"unknown_truncated":false,"sources":[{"segment_id_sha256":"c67b795af4de468358d0eefdcc51f4224bb5c0c313c1f8dca094f891ced76264","media_epoch_id_sha256":"7f051c8d34be5ed43de52cf48b237fa6e663753ae01130701195b8c81cc7013a","source_generation_sha256":"5b5145aba2acf3929bad81c0de5d41f778f555505facce12a37fbc150b18b24e","track_id_sha256":"dcab1f8b836b7844fc86d4abb7e5914e54103c7781ae7c272f006cdf57f03834","generation_order":"1","start_pts":"0","end_pts":"8333333333","time_base_num":1,"time_base_den":1000000000,"lifecycle":1,"deleted":false,"binding_present":true,"binding_valid":true,"available_for_selection":true}],"decoded":{"namespace_valid":true,"range_comparable":true,"incomplete":false,"frames_truncated":false,"frame_count":373,"relevant_count":46,"identity_matched":46,"identity_rejected":0,"generation_mismatch":0,"pts_mismatch":0,"duration_invalid":0,"minimum_pts_ns":"7900000000","maximum_pts_ns":"9400000000","maximum_valid_end_ns":"9433333333"},"slice_state_counts":[13,2,0,0,0,0],"reason_counts":[0,2,0,0,13,0,0,0,0,0],"unknown_ranges":[{"start_ns":"8333333333","end_ns":"8333333334","reason":1},{"start_ns":"8333333333","end_ns":"9416000000","reason":1}]}
[selection-attempt] {"reference_sha256":"968609da35a16e847b750a9940bc4e1aca1cf72e92c006ca77f066583cbf2fa0","attempt":9,"attempt_limit":121,"elapsed_ms":"4243","wait_ms":"60000","deadline_exhausted":false,"attempt_exhausted":false,"selection_complete":false,"expanded_start_ns":"7916000000","expanded_end_ns":"9416000000","source_count":1,"unknown_count":2,"sources_truncated":false,"unknown_truncated":false,"sources":[{"segment_id_sha256":"c67b795af4de468358d0eefdcc51f4224bb5c0c313c1f8dca094f891ced76264","media_epoch_id_sha256":"7f051c8d34be5ed43de52cf48b237fa6e663753ae01130701195b8c81cc7013a","source_generation_sha256":"5b5145aba2acf3929bad81c0de5d41f778f555505facce12a37fbc150b18b24e","track_id_sha256":"dcab1f8b836b7844fc86d4abb7e5914e54103c7781ae7c272f006cdf57f03834","generation_order":"1","start_pts":"0","end_pts":"8333333333","time_base_num":1,"time_base_den":1000000000,"lifecycle":1,"deleted":false,"binding_present":true,"binding_valid":true,"available_for_selection":true}],"decoded":{"namespace_valid":true,"range_comparable":true,"incomplete":false,"frames_truncated":false,"frame_count":385,"relevant_count":46,"identity_matched":46,"identity_rejected":0,"generation_mismatch":0,"pts_mismatch":0,"duration_invalid":0,"minimum_pts_ns":"7900000000","maximum_pts_ns":"9400000000","maximum_valid_end_ns":"9433333333"},"slice_state_counts":[13,2,0,0,0,0],"reason_counts":[0,2,0,0,13,0,0,0,0,0],"unknown_ranges":[{"start_ns":"8333333333","end_ns":"8333333334","reason":1},{"start_ns":"8333333333","end_ns":"9416000000","reason":1}]}
[selection-attempt] {"reference_sha256":"01a8480f4406e18a9e2d6d8e61d8bfb6822b224c99119c3ec8c4728d258e3f02","attempt":9,"attempt_limit":121,"elapsed_ms":"4257","wait_ms":"60000","deadline_exhausted":false,"attempt_exhausted":false,"selection_complete":false,"expanded_start_ns":"7916000000","expanded_end_ns":"9416000000","source_count":1,"unknown_count":2,"sources_truncated":false,"unknown_truncated":false,"sources":[{"segment_id_sha256":"c67b795af4de468358d0eefdcc51f4224bb5c0c313c1f8dca094f891ced76264","media_epoch_id_sha256":"7f051c8d34be5ed43de52cf48b237fa6e663753ae01130701195b8c81cc7013a","source_generation_sha256":"5b5145aba2acf3929bad81c0de5d41f778f555505facce12a37fbc150b18b24e","track_id_sha256":"dcab1f8b836b7844fc86d4abb7e5914e54103c7781ae7c272f006cdf57f03834","generation_order":"1","start_pts":"0","end_pts":"8333333333","time_base_num":1,"time_base_den":1000000000,"lifecycle":1,"deleted":false,"binding_present":true,"binding_valid":true,"available_for_selection":true}],"decoded":{"namespace_valid":true,"range_comparable":true,"incomplete":false,"frames_truncated":false,"frame_count":389,"relevant_count":46,"identity_matched":46,"identity_rejected":0,"generation_mismatch":0,"pts_mismatch":0,"duration_invalid":0,"minimum_pts_ns":"7900000000","maximum_pts_ns":"9400000000","maximum_valid_end_ns":"9433333333"},"slice_state_counts":[13,2,0,0,0,0],"reason_counts":[0,2,0,0,13,0,0,0,0,0],"unknown_ranges":[{"start_ns":"8333333333","end_ns":"8333333334","reason":1},{"start_ns":"8333333333","end_ns":"9416000000","reason":1}]}
[selection-attempt] {"reference_sha256":"1599862826ada45ee297459be7f26c98c71dab35de03990f4e92039691fceccf","attempt":9,"attempt_limit":121,"elapsed_ms":"4274","wait_ms":"60000","deadline_exhausted":false,"attempt_exhausted":false,"selection_complete":false,"expanded_start_ns":"7916000000","expanded_end_ns":"9416000000","source_count":1,"unknown_count":2,"sources_truncated":false,"unknown_truncated":false,"sources":[{"segment_id_sha256":"c67b795af4de468358d0eefdcc51f4224bb5c0c313c1f8dca094f891ced76264","media_epoch_id_sha256":"7f051c8d34be5ed43de52cf48b237fa6e663753ae01130701195b8c81cc7013a","source_generation_sha256":"5b5145aba2acf3929bad81c0de5d41f778f555505facce12a37fbc150b18b24e","track_id_sha256":"dcab1f8b836b7844fc86d4abb7e5914e54103c7781ae7c272f006cdf57f03834","generation_order":"1","start_pts":"0","end_pts":"8333333333","time_base_num":1,"time_base_den":1000000000,"lifecycle":1,"deleted":false,"binding_present":true,"binding_valid":true,"available_for_selection":true}],"decoded":{"namespace_valid":true,"range_comparable":true,"incomplete":false,"frames_truncated":false,"frame_count":389,"relevant_count":46,"identity_matched":46,"identity_rejected":0,"generation_mismatch":0,"pts_mismatch":0,"duration_invalid":0,"minimum_pts_ns":"7900000000","maximum_pts_ns":"9400000000","maximum_valid_end_ns":"9433333333"},"slice_state_counts":[13,2,0,0,0,0],"reason_counts":[0,2,0,0,13,0,0,0,0,0],"unknown_ranges":[{"start_ns":"8333333333","end_ns":"8333333334","reason":1},{"start_ns":"8333333333","end_ns":"9416000000","reason":1}]}
[selection-attempt] {"reference_sha256":"b4606cef6728f94c619de4cbf8566db1316857d4e2fb777dcc97d4bc3cd19d01","attempt":9,"attempt_limit":121,"elapsed_ms":"4290","wait_ms":"60000","deadline_exhausted":false,"attempt_exhausted":false,"selection_complete":false,"expanded_start_ns":"7916000000","expanded_end_ns":"9416000000","source_count":1,"unknown_count":2,"sources_truncated":false,"unknown_truncated":false,"sources":[{"segment_id_sha256":"c67b795af4de468358d0eefdcc51f4224bb5c0c313c1f8dca094f891ced76264","media_epoch_id_sha256":"7f051c8d34be5ed43de52cf48b237fa6e663753ae01130701195b8c81cc7013a","source_generation_sha256":"5b5145aba2acf3929bad81c0de5d41f778f555505facce12a37fbc150b18b24e","track_id_sha256":"dcab1f8b836b7844fc86d4abb7e5914e54103c7781ae7c272f006cdf57f03834","generation_order":"1","start_pts":"0","end_pts":"8333333333","time_base_num":1,"time_base_den":1000000000,"lifecycle":1,"deleted":false,"binding_present":true,"binding_valid":true,"available_for_selection":true}],"decoded":{"namespace_valid":true,"range_comparable":true,"incomplete":false,"frames_truncated":false,"frame_count":389,"relevant_count":46,"identity_matched":46,"identity_rejected":0,"generation_mismatch":0,"pts_mismatch":0,"duration_invalid":0,"minimum_pts_ns":"7900000000","maximum_pts_ns":"9400000000","maximum_valid_end_ns":"9433333333"},"slice_state_counts":[13,2,0,0,0,0],"reason_counts":[0,2,0,0,13,0,0,0,0,0],"unknown_ranges":[{"start_ns":"8333333333","end_ns":"8333333334","reason":1},{"start_ns":"8333333333","end_ns":"9416000000","reason":1}]}
[selection-attempt] {"reference_sha256":"968609da35a16e847b750a9940bc4e1aca1cf72e92c006ca77f066583cbf2fa0","attempt":10,"attempt_limit":121,"elapsed_ms":"4770","wait_ms":"60000","deadline_exhausted":false,"attempt_exhausted":false,"selection_complete":false,"expanded_start_ns":"7916000000","expanded_end_ns":"9416000000","source_count":1,"unknown_count":2,"sources_truncated":false,"unknown_truncated":false,"sources":[{"segment_id_sha256":"c67b795af4de468358d0eefdcc51f4224bb5c0c313c1f8dca094f891ced76264","media_epoch_id_sha256":"7f051c8d34be5ed43de52cf48b237fa6e663753ae01130701195b8c81cc7013a","source_generation_sha256":"5b5145aba2acf3929bad81c0de5d41f778f555505facce12a37fbc150b18b24e","track_id_sha256":"dcab1f8b836b7844fc86d4abb7e5914e54103c7781ae7c272f006cdf57f03834","generation_order":"1","start_pts":"0","end_pts":"8333333333","time_base_num":1,"time_base_den":1000000000,"lifecycle":1,"deleted":false,"binding_present":true,"binding_valid":true,"available_for_selection":true}],"decoded":{"namespace_valid":true,"range_comparable":true,"incomplete":false,"frames_truncated":false,"frame_count":402,"relevant_count":46,"identity_matched":46,"identity_rejected":0,"generation_mismatch":0,"pts_mismatch":0,"duration_invalid":0,"minimum_pts_ns":"7900000000","maximum_pts_ns":"9400000000","maximum_valid_end_ns":"9433333333"},"slice_state_counts":[13,2,0,0,0,0],"reason_counts":[0,2,0,0,13,0,0,0,0,0],"unknown_ranges":[{"start_ns":"8333333333","end_ns":"8333333334","reason":1},{"start_ns":"8333333333","end_ns":"9416000000","reason":1}]}
[selection-attempt] {"reference_sha256":"01a8480f4406e18a9e2d6d8e61d8bfb6822b224c99119c3ec8c4728d258e3f02","attempt":10,"attempt_limit":121,"elapsed_ms":"4784","wait_ms":"60000","deadline_exhausted":false,"attempt_exhausted":false,"selection_complete":false,"expanded_start_ns":"7916000000","expanded_end_ns":"9416000000","source_count":1,"unknown_count":2,"sources_truncated":false,"unknown_truncated":false,"sources":[{"segment_id_sha256":"c67b795af4de468358d0eefdcc51f4224bb5c0c313c1f8dca094f891ced76264","media_epoch_id_sha256":"7f051c8d34be5ed43de52cf48b237fa6e663753ae01130701195b8c81cc7013a","source_generation_sha256":"5b5145aba2acf3929bad81c0de5d41f778f555505facce12a37fbc150b18b24e","track_id_sha256":"dcab1f8b836b7844fc86d4abb7e5914e54103c7781ae7c272f006cdf57f03834","generation_order":"1","start_pts":"0","end_pts":"8333333333","time_base_num":1,"time_base_den":1000000000,"lifecycle":1,"deleted":false,"binding_present":true,"binding_valid":true,"available_for_selection":true}],"decoded":{"namespace_valid":true,"range_comparable":true,"incomplete":false,"frames_truncated":false,"frame_count":402,"relevant_count":46,"identity_matched":46,"identity_rejected":0,"generation_mismatch":0,"pts_mismatch":0,"duration_invalid":0,"minimum_pts_ns":"7900000000","maximum_pts_ns":"9400000000","maximum_valid_end_ns":"9433333333"},"slice_state_counts":[13,2,0,0,0,0],"reason_counts":[0,2,0,0,13,0,0,0,0,0],"unknown_ranges":[{"start_ns":"8333333333","end_ns":"8333333334","reason":1},{"start_ns":"8333333333","end_ns":"9416000000","reason":1}]}
[selection-attempt] {"reference_sha256":"1599862826ada45ee297459be7f26c98c71dab35de03990f4e92039691fceccf","attempt":10,"attempt_limit":121,"elapsed_ms":"4814","wait_ms":"60000","deadline_exhausted":false,"attempt_exhausted":false,"selection_complete":false,"expanded_start_ns":"7916000000","expanded_end_ns":"9416000000","source_count":1,"unknown_count":2,"sources_truncated":false,"unknown_truncated":false,"sources":[{"segment_id_sha256":"c67b795af4de468358d0eefdcc51f4224bb5c0c313c1f8dca094f891ced76264","media_epoch_id_sha256":"7f051c8d34be5ed43de52cf48b237fa6e663753ae01130701195b8c81cc7013a","source_generation_sha256":"5b5145aba2acf3929bad81c0de5d41f778f555505facce12a37fbc150b18b24e","track_id_sha256":"dcab1f8b836b7844fc86d4abb7e5914e54103c7781ae7c272f006cdf57f03834","generation_order":"1","start_pts":"0","end_pts":"8333333333","time_base_num":1,"time_base_den":1000000000,"lifecycle":1,"deleted":false,"binding_present":true,"binding_valid":true,"available_for_selection":true}],"decoded":{"namespace_valid":true,"range_comparable":true,"incomplete":false,"frames_truncated":false,"frame_count":402,"relevant_count":46,"identity_matched":46,"identity_rejected":0,"generation_mismatch":0,"pts_mismatch":0,"duration_invalid":0,"minimum_pts_ns":"7900000000","maximum_pts_ns":"9400000000","maximum_valid_end_ns":"9433333333"},"slice_state_counts":[13,2,0,0,0,0],"reason_counts":[0,2,0,0,13,0,0,0,0,0],"unknown_ranges":[{"start_ns":"8333333333","end_ns":"8333333334","reason":1},{"start_ns":"8333333333","end_ns":"9416000000","reason":1}]}
[selection-attempt] {"reference_sha256":"b4606cef6728f94c619de4cbf8566db1316857d4e2fb777dcc97d4bc3cd19d01","attempt":10,"attempt_limit":121,"elapsed_ms":"4831","wait_ms":"60000","deadline_exhausted":false,"attempt_exhausted":false,"selection_complete":false,"expanded_start_ns":"7916000000","expanded_end_ns":"9416000000","source_count":1,"unknown_count":2,"sources_truncated":false,"unknown_truncated":false,"sources":[{"segment_id_sha256":"c67b795af4de468358d0eefdcc51f4224bb5c0c313c1f8dca094f891ced76264","media_epoch_id_sha256":"7f051c8d34be5ed43de52cf48b237fa6e663753ae01130701195b8c81cc7013a","source_generation_sha256":"5b5145aba2acf3929bad81c0de5d41f778f555505facce12a37fbc150b18b24e","track_id_sha256":"dcab1f8b836b7844fc86d4abb7e5914e54103c7781ae7c272f006cdf57f03834","generation_order":"1","start_pts":"0","end_pts":"8333333333","time_base_num":1,"time_base_den":1000000000,"lifecycle":1,"deleted":false,"binding_present":true,"binding_valid":true,"available_for_selection":true}],"decoded":{"namespace_valid":true,"range_comparable":true,"incomplete":false,"frames_truncated":false,"frame_count":406,"relevant_count":46,"identity_matched":46,"identity_rejected":0,"generation_mismatch":0,"pts_mismatch":0,"duration_invalid":0,"minimum_pts_ns":"7900000000","maximum_pts_ns":"9400000000","maximum_valid_end_ns":"9433333333"},"slice_state_counts":[13,2,0,0,0,0],"reason_counts":[0,2,0,0,13,0,0,0,0,0],"unknown_ranges":[{"start_ns":"8333333333","end_ns":"8333333334","reason":1},{"start_ns":"8333333333","end_ns":"9416000000","reason":1}]}
[selection-attempt] {"reference_sha256":"968609da35a16e847b750a9940bc4e1aca1cf72e92c006ca77f066583cbf2fa0","attempt":11,"attempt_limit":121,"elapsed_ms":"5294","wait_ms":"60000","deadline_exhausted":false,"attempt_exhausted":false,"selection_complete":false,"expanded_start_ns":"7916000000","expanded_end_ns":"9416000000","source_count":1,"unknown_count":2,"sources_truncated":false,"unknown_truncated":false,"sources":[{"segment_id_sha256":"c67b795af4de468358d0eefdcc51f4224bb5c0c313c1f8dca094f891ced76264","media_epoch_id_sha256":"7f051c8d34be5ed43de52cf48b237fa6e663753ae01130701195b8c81cc7013a","source_generation_sha256":"5b5145aba2acf3929bad81c0de5d41f778f555505facce12a37fbc150b18b24e","track_id_sha256":"dcab1f8b836b7844fc86d4abb7e5914e54103c7781ae7c272f006cdf57f03834","generation_order":"1","start_pts":"0","end_pts":"8333333333","time_base_num":1,"time_base_den":1000000000,"lifecycle":1,"deleted":false,"binding_present":true,"binding_valid":true,"available_for_selection":true}],"decoded":{"namespace_valid":true,"range_comparable":true,"incomplete":false,"frames_truncated":false,"frame_count":418,"relevant_count":46,"identity_matched":46,"identity_rejected":0,"generation_mismatch":0,"pts_mismatch":0,"duration_invalid":0,"minimum_pts_ns":"7900000000","maximum_pts_ns":"9400000000","maximum_valid_end_ns":"9433333333"},"slice_state_counts":[13,2,0,0,0,0],"reason_counts":[0,2,0,0,13,0,0,0,0,0],"unknown_ranges":[{"start_ns":"8333333333","end_ns":"8333333334","reason":1},{"start_ns":"8333333333","end_ns":"9416000000","reason":1}]}
[selection-attempt] {"reference_sha256":"01a8480f4406e18a9e2d6d8e61d8bfb6822b224c99119c3ec8c4728d258e3f02","attempt":11,"attempt_limit":121,"elapsed_ms":"5308","wait_ms":"60000","deadline_exhausted":false,"attempt_exhausted":false,"selection_complete":false,"expanded_start_ns":"7916000000","expanded_end_ns":"9416000000","source_count":1,"unknown_count":2,"sources_truncated":false,"unknown_truncated":false,"sources":[{"segment_id_sha256":"c67b795af4de468358d0eefdcc51f4224bb5c0c313c1f8dca094f891ced76264","media_epoch_id_sha256":"7f051c8d34be5ed43de52cf48b237fa6e663753ae01130701195b8c81cc7013a","source_generation_sha256":"5b5145aba2acf3929bad81c0de5d41f778f555505facce12a37fbc150b18b24e","track_id_sha256":"dcab1f8b836b7844fc86d4abb7e5914e54103c7781ae7c272f006cdf57f03834","generation_order":"1","start_pts":"0","end_pts":"8333333333","time_base_num":1,"time_base_den":1000000000,"lifecycle":1,"deleted":false,"binding_present":true,"binding_valid":true,"available_for_selection":true}],"decoded":{"namespace_valid":true,"range_comparable":true,"incomplete":false,"frames_truncated":false,"frame_count":418,"relevant_count":46,"identity_matched":46,"identity_rejected":0,"generation_mismatch":0,"pts_mismatch":0,"duration_invalid":0,"minimum_pts_ns":"7900000000","maximum_pts_ns":"9400000000","maximum_valid_end_ns":"9433333333"},"slice_state_counts":[13,2,0,0,0,0],"reason_counts":[0,2,0,0,13,0,0,0,0,0],"unknown_ranges":[{"start_ns":"8333333333","end_ns":"8333333334","reason":1},{"start_ns":"8333333333","end_ns":"9416000000","reason":1}]}
[selection-attempt] {"reference_sha256":"1599862826ada45ee297459be7f26c98c71dab35de03990f4e92039691fceccf","attempt":11,"attempt_limit":121,"elapsed_ms":"5333","wait_ms":"60000","deadline_exhausted":false,"attempt_exhausted":false,"selection_complete":false,"expanded_start_ns":"7916000000","expanded_end_ns":"9416000000","source_count":1,"unknown_count":2,"sources_truncated":false,"unknown_truncated":false,"sources":[{"segment_id_sha256":"c67b795af4de468358d0eefdcc51f4224bb5c0c313c1f8dca094f891ced76264","media_epoch_id_sha256":"7f051c8d34be5ed43de52cf48b237fa6e663753ae01130701195b8c81cc7013a","source_generation_sha256":"5b5145aba2acf3929bad81c0de5d41f778f555505facce12a37fbc150b18b24e","track_id_sha256":"dcab1f8b836b7844fc86d4abb7e5914e54103c7781ae7c272f006cdf57f03834","generation_order":"1","start_pts":"0","end_pts":"8333333333","time_base_num":1,"time_base_den":1000000000,"lifecycle":1,"deleted":false,"binding_present":true,"binding_valid":true,"available_for_selection":true}],"decoded":{"namespace_valid":true,"range_comparable":true,"incomplete":false,"frames_truncated":false,"frame_count":418,"relevant_count":46,"identity_matched":46,"identity_rejected":0,"generation_mismatch":0,"pts_mismatch":0,"duration_invalid":0,"minimum_pts_ns":"7900000000","maximum_pts_ns":"9400000000","maximum_valid_end_ns":"9433333333"},"slice_state_counts":[13,2,0,0,0,0],"reason_counts":[0,2,0,0,13,0,0,0,0,0],"unknown_ranges":[{"start_ns":"8333333333","end_ns":"8333333334","reason":1},{"start_ns":"8333333333","end_ns":"9416000000","reason":1}]}
[selection-attempt] {"reference_sha256":"b4606cef6728f94c619de4cbf8566db1316857d4e2fb777dcc97d4bc3cd19d01","attempt":11,"attempt_limit":121,"elapsed_ms":"5349","wait_ms":"60000","deadline_exhausted":false,"attempt_exhausted":false,"selection_complete":false,"expanded_start_ns":"7916000000","expanded_end_ns":"9416000000","source_count":1,"unknown_count":2,"sources_truncated":false,"unknown_truncated":false,"sources":[{"segment_id_sha256":"c67b795af4de468358d0eefdcc51f4224bb5c0c313c1f8dca094f891ced76264","media_epoch_id_sha256":"7f051c8d34be5ed43de52cf48b237fa6e663753ae01130701195b8c81cc7013a","source_generation_sha256":"5b5145aba2acf3929bad81c0de5d41f778f555505facce12a37fbc150b18b24e","track_id_sha256":"dcab1f8b836b7844fc86d4abb7e5914e54103c7781ae7c272f006cdf57f03834","generation_order":"1","start_pts":"0","end_pts":"8333333333","time_base_num":1,"time_base_den":1000000000,"lifecycle":1,"deleted":false,"binding_present":true,"binding_valid":true,"available_for_selection":true}],"decoded":{"namespace_valid":true,"range_comparable":true,"incomplete":false,"frames_truncated":false,"frame_count":422,"relevant_count":46,"identity_matched":46,"identity_rejected":0,"generation_mismatch":0,"pts_mismatch":0,"duration_invalid":0,"minimum_pts_ns":"7900000000","maximum_pts_ns":"9400000000","maximum_valid_end_ns":"9433333333"},"slice_state_counts":[13,2,0,0,0,0],"reason_counts":[0,2,0,0,13,0,0,0,0,0],"unknown_ranges":[{"start_ns":"8333333333","end_ns":"8333333334","reason":1},{"start_ns":"8333333333","end_ns":"9416000000","reason":1}]}
[selection-attempt] {"reference_sha256":"968609da35a16e847b750a9940bc4e1aca1cf72e92c006ca77f066583cbf2fa0","attempt":12,"attempt_limit":121,"elapsed_ms":"5820","wait_ms":"60000","deadline_exhausted":false,"attempt_exhausted":false,"selection_complete":false,"expanded_start_ns":"7916000000","expanded_end_ns":"9416000000","source_count":1,"unknown_count":2,"sources_truncated":false,"unknown_truncated":false,"sources":[{"segment_id_sha256":"c67b795af4de468358d0eefdcc51f4224bb5c0c313c1f8dca094f891ced76264","media_epoch_id_sha256":"7f051c8d34be5ed43de52cf48b237fa6e663753ae01130701195b8c81cc7013a","source_generation_sha256":"5b5145aba2acf3929bad81c0de5d41f778f555505facce12a37fbc150b18b24e","track_id_sha256":"dcab1f8b836b7844fc86d4abb7e5914e54103c7781ae7c272f006cdf57f03834","generation_order":"1","start_pts":"0","end_pts":"8333333333","time_base_num":1,"time_base_den":1000000000,"lifecycle":1,"deleted":false,"binding_present":true,"binding_valid":true,"available_for_selection":true}],"decoded":{"namespace_valid":true,"range_comparable":true,"incomplete":false,"frames_truncated":false,"frame_count":434,"relevant_count":46,"identity_matched":46,"identity_rejected":0,"generation_mismatch":0,"pts_mismatch":0,"duration_invalid":0,"minimum_pts_ns":"7900000000","maximum_pts_ns":"9400000000","maximum_valid_end_ns":"9433333333"},"slice_state_counts":[13,2,0,0,0,0],"reason_counts":[0,2,0,0,13,0,0,0,0,0],"unknown_ranges":[{"start_ns":"8333333333","end_ns":"8333333334","reason":1},{"start_ns":"8333333333","end_ns":"9416000000","reason":1}]}
[selection-attempt] {"reference_sha256":"01a8480f4406e18a9e2d6d8e61d8bfb6822b224c99119c3ec8c4728d258e3f02","attempt":12,"attempt_limit":121,"elapsed_ms":"5834","wait_ms":"60000","deadline_exhausted":false,"attempt_exhausted":false,"selection_complete":false,"expanded_start_ns":"7916000000","expanded_end_ns":"9416000000","source_count":1,"unknown_count":2,"sources_truncated":false,"unknown_truncated":false,"sources":[{"segment_id_sha256":"c67b795af4de468358d0eefdcc51f4224bb5c0c313c1f8dca094f891ced76264","media_epoch_id_sha256":"7f051c8d34be5ed43de52cf48b237fa6e663753ae01130701195b8c81cc7013a","source_generation_sha256":"5b5145aba2acf3929bad81c0de5d41f778f555505facce12a37fbc150b18b24e","track_id_sha256":"dcab1f8b836b7844fc86d4abb7e5914e54103c7781ae7c272f006cdf57f03834","generation_order":"1","start_pts":"0","end_pts":"8333333333","time_base_num":1,"time_base_den":1000000000,"lifecycle":1,"deleted":false,"binding_present":true,"binding_valid":true,"available_for_selection":true}],"decoded":{"namespace_valid":true,"range_comparable":true,"incomplete":false,"frames_truncated":false,"frame_count":434,"relevant_count":46,"identity_matched":46,"identity_rejected":0,"generation_mismatch":0,"pts_mismatch":0,"duration_invalid":0,"minimum_pts_ns":"7900000000","maximum_pts_ns":"9400000000","maximum_valid_end_ns":"9433333333"},"slice_state_counts":[13,2,0,0,0,0],"reason_counts":[0,2,0,0,13,0,0,0,0,0],"unknown_ranges":[{"start_ns":"8333333333","end_ns":"8333333334","reason":1},{"start_ns":"8333333333","end_ns":"9416000000","reason":1}]}
[selection-attempt] {"reference_sha256":"1599862826ada45ee297459be7f26c98c71dab35de03990f4e92039691fceccf","attempt":12,"attempt_limit":121,"elapsed_ms":"5851","wait_ms":"60000","deadline_exhausted":false,"attempt_exhausted":false,"selection_complete":false,"expanded_start_ns":"7916000000","expanded_end_ns":"9416000000","source_count":1,"unknown_count":2,"sources_truncated":false,"unknown_truncated":false,"sources":[{"segment_id_sha256":"c67b795af4de468358d0eefdcc51f4224bb5c0c313c1f8dca094f891ced76264","media_epoch_id_sha256":"7f051c8d34be5ed43de52cf48b237fa6e663753ae01130701195b8c81cc7013a","source_generation_sha256":"5b5145aba2acf3929bad81c0de5d41f778f555505facce12a37fbc150b18b24e","track_id_sha256":"dcab1f8b836b7844fc86d4abb7e5914e54103c7781ae7c272f006cdf57f03834","generation_order":"1","start_pts":"0","end_pts":"8333333333","time_base_num":1,"time_base_den":1000000000,"lifecycle":1,"deleted":false,"binding_present":true,"binding_valid":true,"available_for_selection":true}],"decoded":{"namespace_valid":true,"range_comparable":true,"incomplete":false,"frames_truncated":false,"frame_count":434,"relevant_count":46,"identity_matched":46,"identity_rejected":0,"generation_mismatch":0,"pts_mismatch":0,"duration_invalid":0,"minimum_pts_ns":"7900000000","maximum_pts_ns":"9400000000","maximum_valid_end_ns":"9433333333"},"slice_state_counts":[13,2,0,0,0,0],"reason_counts":[0,2,0,0,13,0,0,0,0,0],"unknown_ranges":[{"start_ns":"8333333333","end_ns":"8333333334","reason":1},{"start_ns":"8333333333","end_ns":"9416000000","reason":1}]}
[selection-attempt] {"reference_sha256":"b4606cef6728f94c619de4cbf8566db1316857d4e2fb777dcc97d4bc3cd19d01","attempt":12,"attempt_limit":121,"elapsed_ms":"5881","wait_ms":"60000","deadline_exhausted":false,"attempt_exhausted":false,"selection_complete":false,"expanded_start_ns":"7916000000","expanded_end_ns":"9416000000","source_count":1,"unknown_count":2,"sources_truncated":false,"unknown_truncated":false,"sources":[{"segment_id_sha256":"c67b795af4de468358d0eefdcc51f4224bb5c0c313c1f8dca094f891ced76264","media_epoch_id_sha256":"7f051c8d34be5ed43de52cf48b237fa6e663753ae01130701195b8c81cc7013a","source_generation_sha256":"5b5145aba2acf3929bad81c0de5d41f778f555505facce12a37fbc150b18b24e","track_id_sha256":"dcab1f8b836b7844fc86d4abb7e5914e54103c7781ae7c272f006cdf57f03834","generation_order":"1","start_pts":"0","end_pts":"8333333333","time_base_num":1,"time_base_den":1000000000,"lifecycle":1,"deleted":false,"binding_present":true,"binding_valid":true,"available_for_selection":true}],"decoded":{"namespace_valid":true,"range_comparable":true,"incomplete":false,"frames_truncated":false,"frame_count":434,"relevant_count":46,"identity_matched":46,"identity_rejected":0,"generation_mismatch":0,"pts_mismatch":0,"duration_invalid":0,"minimum_pts_ns":"7900000000","maximum_pts_ns":"9400000000","maximum_valid_end_ns":"9433333333"},"slice_state_counts":[13,2,0,0,0,0],"reason_counts":[0,2,0,0,13,0,0,0,0,0],"unknown_ranges":[{"start_ns":"8333333333","end_ns":"8333333334","reason":1},{"start_ns":"8333333333","end_ns":"9416000000","reason":1}]}
[selection-attempt] {"reference_sha256":"968609da35a16e847b750a9940bc4e1aca1cf72e92c006ca77f066583cbf2fa0","attempt":13,"attempt_limit":121,"elapsed_ms":"6344","wait_ms":"60000","deadline_exhausted":false,"attempt_exhausted":false,"selection_complete":false,"expanded_start_ns":"7916000000","expanded_end_ns":"9416000000","source_count":1,"unknown_count":2,"sources_truncated":false,"unknown_truncated":false,"sources":[{"segment_id_sha256":"c67b795af4de468358d0eefdcc51f4224bb5c0c313c1f8dca094f891ced76264","media_epoch_id_sha256":"7f051c8d34be5ed43de52cf48b237fa6e663753ae01130701195b8c81cc7013a","source_generation_sha256":"5b5145aba2acf3929bad81c0de5d41f778f555505facce12a37fbc150b18b24e","track_id_sha256":"dcab1f8b836b7844fc86d4abb7e5914e54103c7781ae7c272f006cdf57f03834","generation_order":"1","start_pts":"0","end_pts":"8333333333","time_base_num":1,"time_base_den":1000000000,"lifecycle":1,"deleted":false,"binding_present":true,"binding_valid":true,"available_for_selection":true}],"decoded":{"namespace_valid":true,"range_comparable":true,"incomplete":false,"frames_truncated":false,"frame_count":450,"relevant_count":46,"identity_matched":46,"identity_rejected":0,"generation_mismatch":0,"pts_mismatch":0,"duration_invalid":0,"minimum_pts_ns":"7900000000","maximum_pts_ns":"9400000000","maximum_valid_end_ns":"9433333333"},"slice_state_counts":[13,2,0,0,0,0],"reason_counts":[0,2,0,0,13,0,0,0,0,0],"unknown_ranges":[{"start_ns":"8333333333","end_ns":"8333333334","reason":1},{"start_ns":"8333333333","end_ns":"9416000000","reason":1}]}
[selection-attempt] {"reference_sha256":"01a8480f4406e18a9e2d6d8e61d8bfb6822b224c99119c3ec8c4728d258e3f02","attempt":13,"attempt_limit":121,"elapsed_ms":"6358","wait_ms":"60000","deadline_exhausted":false,"attempt_exhausted":false,"selection_complete":false,"expanded_start_ns":"7916000000","expanded_end_ns":"9416000000","source_count":1,"unknown_count":2,"sources_truncated":false,"unknown_truncated":false,"sources":[{"segment_id_sha256":"c67b795af4de468358d0eefdcc51f4224bb5c0c313c1f8dca094f891ced76264","media_epoch_id_sha256":"7f051c8d34be5ed43de52cf48b237fa6e663753ae01130701195b8c81cc7013a","source_generation_sha256":"5b5145aba2acf3929bad81c0de5d41f778f555505facce12a37fbc150b18b24e","track_id_sha256":"dcab1f8b836b7844fc86d4abb7e5914e54103c7781ae7c272f006cdf57f03834","generation_order":"1","start_pts":"0","end_pts":"8333333333","time_base_num":1,"time_base_den":1000000000,"lifecycle":1,"deleted":false,"binding_present":true,"binding_valid":true,"available_for_selection":true}],"decoded":{"namespace_valid":true,"range_comparable":true,"incomplete":false,"frames_truncated":false,"frame_count":450,"relevant_count":46,"identity_matched":46,"identity_rejected":0,"generation_mismatch":0,"pts_mismatch":0,"duration_invalid":0,"minimum_pts_ns":"7900000000","maximum_pts_ns":"9400000000","maximum_valid_end_ns":"9433333333"},"slice_state_counts":[13,2,0,0,0,0],"reason_counts":[0,2,0,0,13,0,0,0,0,0],"unknown_ranges":[{"start_ns":"8333333333","end_ns":"8333333334","reason":1},{"start_ns":"8333333333","end_ns":"9416000000","reason":1}]}
[selection-attempt] {"reference_sha256":"1599862826ada45ee297459be7f26c98c71dab35de03990f4e92039691fceccf","attempt":13,"attempt_limit":121,"elapsed_ms":"6375","wait_ms":"60000","deadline_exhausted":false,"attempt_exhausted":false,"selection_complete":false,"expanded_start_ns":"7916000000","expanded_end_ns":"9416000000","source_count":1,"unknown_count":2,"sources_truncated":false,"unknown_truncated":false,"sources":[{"segment_id_sha256":"c67b795af4de468358d0eefdcc51f4224bb5c0c313c1f8dca094f891ced76264","media_epoch_id_sha256":"7f051c8d34be5ed43de52cf48b237fa6e663753ae01130701195b8c81cc7013a","source_generation_sha256":"5b5145aba2acf3929bad81c0de5d41f778f555505facce12a37fbc150b18b24e","track_id_sha256":"dcab1f8b836b7844fc86d4abb7e5914e54103c7781ae7c272f006cdf57f03834","generation_order":"1","start_pts":"0","end_pts":"8333333333","time_base_num":1,"time_base_den":1000000000,"lifecycle":1,"deleted":false,"binding_present":true,"binding_valid":true,"available_for_selection":true}],"decoded":{"namespace_valid":true,"range_comparable":true,"incomplete":false,"frames_truncated":false,"frame_count":450,"relevant_count":46,"identity_matched":46,"identity_rejected":0,"generation_mismatch":0,"pts_mismatch":0,"duration_invalid":0,"minimum_pts_ns":"7900000000","maximum_pts_ns":"9400000000","maximum_valid_end_ns":"9433333333"},"slice_state_counts":[13,2,0,0,0,0],"reason_counts":[0,2,0,0,13,0,0,0,0,0],"unknown_ranges":[{"start_ns":"8333333333","end_ns":"8333333334","reason":1},{"start_ns":"8333333333","end_ns":"9416000000","reason":1}]}
[selection-attempt] {"reference_sha256":"b4606cef6728f94c619de4cbf8566db1316857d4e2fb777dcc97d4bc3cd19d01","attempt":13,"attempt_limit":121,"elapsed_ms":"6402","wait_ms":"60000","deadline_exhausted":false,"attempt_exhausted":false,"selection_complete":false,"expanded_start_ns":"7916000000","expanded_end_ns":"9416000000","source_count":1,"unknown_count":2,"sources_truncated":false,"unknown_truncated":false,"sources":[{"segment_id_sha256":"c67b795af4de468358d0eefdcc51f4224bb5c0c313c1f8dca094f891ced76264","media_epoch_id_sha256":"7f051c8d34be5ed43de52cf48b237fa6e663753ae01130701195b8c81cc7013a","source_generation_sha256":"5b5145aba2acf3929bad81c0de5d41f778f555505facce12a37fbc150b18b24e","track_id_sha256":"dcab1f8b836b7844fc86d4abb7e5914e54103c7781ae7c272f006cdf57f03834","generation_order":"1","start_pts":"0","end_pts":"8333333333","time_base_num":1,"time_base_den":1000000000,"lifecycle":1,"deleted":false,"binding_present":true,"binding_valid":true,"available_for_selection":true}],"decoded":{"namespace_valid":true,"range_comparable":true,"incomplete":false,"frames_truncated":false,"frame_count":450,"relevant_count":46,"identity_matched":46,"identity_rejected":0,"generation_mismatch":0,"pts_mismatch":0,"duration_invalid":0,"minimum_pts_ns":"7900000000","maximum_pts_ns":"9400000000","maximum_valid_end_ns":"9433333333"},"slice_state_counts":[13,2,0,0,0,0],"reason_counts":[0,2,0,0,13,0,0,0,0,0],"unknown_ranges":[{"start_ns":"8333333333","end_ns":"8333333334","reason":1},{"start_ns":"8333333333","end_ns":"9416000000","reason":1}]}
[selection-attempt] {"reference_sha256":"968609da35a16e847b750a9940bc4e1aca1cf72e92c006ca77f066583cbf2fa0","attempt":14,"attempt_limit":121,"elapsed_ms":"6872","wait_ms":"60000","deadline_exhausted":false,"attempt_exhausted":false,"selection_complete":false,"expanded_start_ns":"7916000000","expanded_end_ns":"9416000000","source_count":1,"unknown_count":2,"sources_truncated":false,"unknown_truncated":false,"sources":[{"segment_id_sha256":"c67b795af4de468358d0eefdcc51f4224bb5c0c313c1f8dca094f891ced76264","media_epoch_id_sha256":"7f051c8d34be5ed43de52cf48b237fa6e663753ae01130701195b8c81cc7013a","source_generation_sha256":"5b5145aba2acf3929bad81c0de5d41f778f555505facce12a37fbc150b18b24e","track_id_sha256":"dcab1f8b836b7844fc86d4abb7e5914e54103c7781ae7c272f006cdf57f03834","generation_order":"1","start_pts":"0","end_pts":"8333333333","time_base_num":1,"time_base_den":1000000000,"lifecycle":1,"deleted":false,"binding_present":true,"binding_valid":true,"available_for_selection":true}],"decoded":{"namespace_valid":true,"range_comparable":true,"incomplete":false,"frames_truncated":false,"frame_count":467,"relevant_count":46,"identity_matched":46,"identity_rejected":0,"generation_mismatch":0,"pts_mismatch":0,"duration_invalid":0,"minimum_pts_ns":"7900000000","maximum_pts_ns":"9400000000","maximum_valid_end_ns":"9433333333"},"slice_state_counts":[13,2,0,0,0,0],"reason_counts":[0,2,0,0,13,0,0,0,0,0],"unknown_ranges":[{"start_ns":"8333333333","end_ns":"8333333334","reason":1},{"start_ns":"8333333333","end_ns":"9416000000","reason":1}]}
[selection-attempt] {"reference_sha256":"01a8480f4406e18a9e2d6d8e61d8bfb6822b224c99119c3ec8c4728d258e3f02","attempt":14,"attempt_limit":121,"elapsed_ms":"6886","wait_ms":"60000","deadline_exhausted":false,"attempt_exhausted":false,"selection_complete":false,"expanded_start_ns":"7916000000","expanded_end_ns":"9416000000","source_count":1,"unknown_count":2,"sources_truncated":false,"unknown_truncated":false,"sources":[{"segment_id_sha256":"c67b795af4de468358d0eefdcc51f4224bb5c0c313c1f8dca094f891ced76264","media_epoch_id_sha256":"7f051c8d34be5ed43de52cf48b237fa6e663753ae01130701195b8c81cc7013a","source_generation_sha256":"5b5145aba2acf3929bad81c0de5d41f778f555505facce12a37fbc150b18b24e","track_id_sha256":"dcab1f8b836b7844fc86d4abb7e5914e54103c7781ae7c272f006cdf57f03834","generation_order":"1","start_pts":"0","end_pts":"8333333333","time_base_num":1,"time_base_den":1000000000,"lifecycle":1,"deleted":false,"binding_present":true,"binding_valid":true,"available_for_selection":true}],"decoded":{"namespace_valid":true,"range_comparable":true,"incomplete":false,"frames_truncated":false,"frame_count":467,"relevant_count":46,"identity_matched":46,"identity_rejected":0,"generation_mismatch":0,"pts_mismatch":0,"duration_invalid":0,"minimum_pts_ns":"7900000000","maximum_pts_ns":"9400000000","maximum_valid_end_ns":"9433333333"},"slice_state_counts":[13,2,0,0,0,0],"reason_counts":[0,2,0,0,13,0,0,0,0,0],"unknown_ranges":[{"start_ns":"8333333333","end_ns":"8333333334","reason":1},{"start_ns":"8333333333","end_ns":"9416000000","reason":1}]}
[selection-attempt] {"reference_sha256":"1599862826ada45ee297459be7f26c98c71dab35de03990f4e92039691fceccf","attempt":14,"attempt_limit":121,"elapsed_ms":"6904","wait_ms":"60000","deadline_exhausted":false,"attempt_exhausted":false,"selection_complete":false,"expanded_start_ns":"7916000000","expanded_end_ns":"9416000000","source_count":1,"unknown_count":2,"sources_truncated":false,"unknown_truncated":false,"sources":[{"segment_id_sha256":"c67b795af4de468358d0eefdcc51f4224bb5c0c313c1f8dca094f891ced76264","media_epoch_id_sha256":"7f051c8d34be5ed43de52cf48b237fa6e663753ae01130701195b8c81cc7013a","source_generation_sha256":"5b5145aba2acf3929bad81c0de5d41f778f555505facce12a37fbc150b18b24e","track_id_sha256":"dcab1f8b836b7844fc86d4abb7e5914e54103c7781ae7c272f006cdf57f03834","generation_order":"1","start_pts":"0","end_pts":"8333333333","time_base_num":1,"time_base_den":1000000000,"lifecycle":1,"deleted":false,"binding_present":true,"binding_valid":true,"available_for_selection":true}],"decoded":{"namespace_valid":true,"range_comparable":true,"incomplete":false,"frames_truncated":false,"frame_count":467,"relevant_count":46,"identity_matched":46,"identity_rejected":0,"generation_mismatch":0,"pts_mismatch":0,"duration_invalid":0,"minimum_pts_ns":"7900000000","maximum_pts_ns":"9400000000","maximum_valid_end_ns":"9433333333"},"slice_state_counts":[13,2,0,0,0,0],"reason_counts":[0,2,0,0,13,0,0,0,0,0],"unknown_ranges":[{"start_ns":"8333333333","end_ns":"8333333334","reason":1},{"start_ns":"8333333333","end_ns":"9416000000","reason":1}]}
[selection-attempt] {"reference_sha256":"b4606cef6728f94c619de4cbf8566db1316857d4e2fb777dcc97d4bc3cd19d01","attempt":14,"attempt_limit":121,"elapsed_ms":"6921","wait_ms":"60000","deadline_exhausted":false,"attempt_exhausted":false,"selection_complete":false,"expanded_start_ns":"7916000000","expanded_end_ns":"9416000000","source_count":1,"unknown_count":2,"sources_truncated":false,"unknown_truncated":false,"sources":[{"segment_id_sha256":"c67b795af4de468358d0eefdcc51f4224bb5c0c313c1f8dca094f891ced76264","media_epoch_id_sha256":"7f051c8d34be5ed43de52cf48b237fa6e663753ae01130701195b8c81cc7013a","source_generation_sha256":"5b5145aba2acf3929bad81c0de5d41f778f555505facce12a37fbc150b18b24e","track_id_sha256":"dcab1f8b836b7844fc86d4abb7e5914e54103c7781ae7c272f006cdf57f03834","generation_order":"1","start_pts":"0","end_pts":"8333333333","time_base_num":1,"time_base_den":1000000000,"lifecycle":1,"deleted":false,"binding_present":true,"binding_valid":true,"available_for_selection":true}],"decoded":{"namespace_valid":true,"range_comparable":true,"incomplete":false,"frames_truncated":false,"frame_count":467,"relevant_count":46,"identity_matched":46,"identity_rejected":0,"generation_mismatch":0,"pts_mismatch":0,"duration_invalid":0,"minimum_pts_ns":"7900000000","maximum_pts_ns":"9400000000","maximum_valid_end_ns":"9433333333"},"slice_state_counts":[13,2,0,0,0,0],"reason_counts":[0,2,0,0,13,0,0,0,0,0],"unknown_ranges":[{"start_ns":"8333333333","end_ns":"8333333334","reason":1},{"start_ns":"8333333333","end_ns":"9416000000","reason":1}]}
[selection-attempt] {"reference_sha256":"968609da35a16e847b750a9940bc4e1aca1cf72e92c006ca77f066583cbf2fa0","attempt":15,"attempt_limit":121,"elapsed_ms":"7396","wait_ms":"60000","deadline_exhausted":false,"attempt_exhausted":false,"selection_complete":false,"expanded_start_ns":"7916000000","expanded_end_ns":"9416000000","source_count":1,"unknown_count":2,"sources_truncated":false,"unknown_truncated":false,"sources":[{"segment_id_sha256":"c67b795af4de468358d0eefdcc51f4224bb5c0c313c1f8dca094f891ced76264","media_epoch_id_sha256":"7f051c8d34be5ed43de52cf48b237fa6e663753ae01130701195b8c81cc7013a","source_generation_sha256":"5b5145aba2acf3929bad81c0de5d41f778f555505facce12a37fbc150b18b24e","track_id_sha256":"dcab1f8b836b7844fc86d4abb7e5914e54103c7781ae7c272f006cdf57f03834","generation_order":"1","start_pts":"0","end_pts":"8333333333","time_base_num":1,"time_base_den":1000000000,"lifecycle":1,"deleted":false,"binding_present":true,"binding_valid":true,"available_for_selection":true}],"decoded":{"namespace_valid":true,"range_comparable":true,"incomplete":false,"frames_truncated":false,"frame_count":483,"relevant_count":46,"identity_matched":46,"identity_rejected":0,"generation_mismatch":0,"pts_mismatch":0,"duration_invalid":0,"minimum_pts_ns":"7900000000","maximum_pts_ns":"9400000000","maximum_valid_end_ns":"9433333333"},"slice_state_counts":[13,2,0,0,0,0],"reason_counts":[0,2,0,0,13,0,0,0,0,0],"unknown_ranges":[{"start_ns":"8333333333","end_ns":"8333333334","reason":1},{"start_ns":"8333333333","end_ns":"9416000000","reason":1}]}
[selection-attempt] {"reference_sha256":"01a8480f4406e18a9e2d6d8e61d8bfb6822b224c99119c3ec8c4728d258e3f02","attempt":15,"attempt_limit":121,"elapsed_ms":"7410","wait_ms":"60000","deadline_exhausted":false,"attempt_exhausted":false,"selection_complete":false,"expanded_start_ns":"7916000000","expanded_end_ns":"9416000000","source_count":1,"unknown_count":2,"sources_truncated":false,"unknown_truncated":false,"sources":[{"segment_id_sha256":"c67b795af4de468358d0eefdcc51f4224bb5c0c313c1f8dca094f891ced76264","media_epoch_id_sha256":"7f051c8d34be5ed43de52cf48b237fa6e663753ae01130701195b8c81cc7013a","source_generation_sha256":"5b5145aba2acf3929bad81c0de5d41f778f555505facce12a37fbc150b18b24e","track_id_sha256":"dcab1f8b836b7844fc86d4abb7e5914e54103c7781ae7c272f006cdf57f03834","generation_order":"1","start_pts":"0","end_pts":"8333333333","time_base_num":1,"time_base_den":1000000000,"lifecycle":1,"deleted":false,"binding_present":true,"binding_valid":true,"available_for_selection":true}],"decoded":{"namespace_valid":true,"range_comparable":true,"incomplete":false,"frames_truncated":false,"frame_count":483,"relevant_count":46,"identity_matched":46,"identity_rejected":0,"generation_mismatch":0,"pts_mismatch":0,"duration_invalid":0,"minimum_pts_ns":"7900000000","maximum_pts_ns":"9400000000","maximum_valid_end_ns":"9433333333"},"slice_state_counts":[13,2,0,0,0,0],"reason_counts":[0,2,0,0,13,0,0,0,0,0],"unknown_ranges":[{"start_ns":"8333333333","end_ns":"8333333334","reason":1},{"start_ns":"8333333333","end_ns":"9416000000","reason":1}]}
[selection-attempt] {"reference_sha256":"1599862826ada45ee297459be7f26c98c71dab35de03990f4e92039691fceccf","attempt":15,"attempt_limit":121,"elapsed_ms":"7427","wait_ms":"60000","deadline_exhausted":false,"attempt_exhausted":false,"selection_complete":false,"expanded_start_ns":"7916000000","expanded_end_ns":"9416000000","source_count":1,"unknown_count":2,"sources_truncated":false,"unknown_truncated":false,"sources":[{"segment_id_sha256":"c67b795af4de468358d0eefdcc51f4224bb5c0c313c1f8dca094f891ced76264","media_epoch_id_sha256":"7f051c8d34be5ed43de52cf48b237fa6e663753ae01130701195b8c81cc7013a","source_generation_sha256":"5b5145aba2acf3929bad81c0de5d41f778f555505facce12a37fbc150b18b24e","track_id_sha256":"dcab1f8b836b7844fc86d4abb7e5914e54103c7781ae7c272f006cdf57f03834","generation_order":"1","start_pts":"0","end_pts":"8333333333","time_base_num":1,"time_base_den":1000000000,"lifecycle":1,"deleted":false,"binding_present":true,"binding_valid":true,"available_for_selection":true}],"decoded":{"namespace_valid":true,"range_comparable":true,"incomplete":false,"frames_truncated":false,"frame_count":483,"relevant_count":46,"identity_matched":46,"identity_rejected":0,"generation_mismatch":0,"pts_mismatch":0,"duration_invalid":0,"minimum_pts_ns":"7900000000","maximum_pts_ns":"9400000000","maximum_valid_end_ns":"9433333333"},"slice_state_counts":[13,2,0,0,0,0],"reason_counts":[0,2,0,0,13,0,0,0,0,0],"unknown_ranges":[{"start_ns":"8333333333","end_ns":"8333333334","reason":1},{"start_ns":"8333333333","end_ns":"9416000000","reason":1}]}
[selection-attempt] {"reference_sha256":"b4606cef6728f94c619de4cbf8566db1316857d4e2fb777dcc97d4bc3cd19d01","attempt":15,"attempt_limit":121,"elapsed_ms":"7445","wait_ms":"60000","deadline_exhausted":false,"attempt_exhausted":false,"selection_complete":false,"expanded_start_ns":"7916000000","expanded_end_ns":"9416000000","source_count":1,"unknown_count":2,"sources_truncated":false,"unknown_truncated":false,"sources":[{"segment_id_sha256":"c67b795af4de468358d0eefdcc51f4224bb5c0c313c1f8dca094f891ced76264","media_epoch_id_sha256":"7f051c8d34be5ed43de52cf48b237fa6e663753ae01130701195b8c81cc7013a","source_generation_sha256":"5b5145aba2acf3929bad81c0de5d41f778f555505facce12a37fbc150b18b24e","track_id_sha256":"dcab1f8b836b7844fc86d4abb7e5914e54103c7781ae7c272f006cdf57f03834","generation_order":"1","start_pts":"0","end_pts":"8333333333","time_base_num":1,"time_base_den":1000000000,"lifecycle":1,"deleted":false,"binding_present":true,"binding_valid":true,"available_for_selection":true}],"decoded":{"namespace_valid":true,"range_comparable":true,"incomplete":false,"frames_truncated":false,"frame_count":483,"relevant_count":46,"identity_matched":46,"identity_rejected":0,"generation_mismatch":0,"pts_mismatch":0,"duration_invalid":0,"minimum_pts_ns":"7900000000","maximum_pts_ns":"9400000000","maximum_valid_end_ns":"9433333333"},"slice_state_counts":[13,2,0,0,0,0],"reason_counts":[0,2,0,0,13,0,0,0,0,0],"unknown_ranges":[{"start_ns":"8333333333","end_ns":"8333333334","reason":1},{"start_ns":"8333333333","end_ns":"9416000000","reason":1}]}
[selection-attempt] {"reference_sha256":"968609da35a16e847b750a9940bc4e1aca1cf72e92c006ca77f066583cbf2fa0","attempt":16,"attempt_limit":121,"elapsed_ms":"7919","wait_ms":"60000","deadline_exhausted":false,"attempt_exhausted":false,"selection_complete":false,"expanded_start_ns":"7916000000","expanded_end_ns":"9416000000","source_count":1,"unknown_count":2,"sources_truncated":false,"unknown_truncated":false,"sources":[{"segment_id_sha256":"c67b795af4de468358d0eefdcc51f4224bb5c0c313c1f8dca094f891ced76264","media_epoch_id_sha256":"7f051c8d34be5ed43de52cf48b237fa6e663753ae01130701195b8c81cc7013a","source_generation_sha256":"5b5145aba2acf3929bad81c0de5d41f778f555505facce12a37fbc150b18b24e","track_id_sha256":"dcab1f8b836b7844fc86d4abb7e5914e54103c7781ae7c272f006cdf57f03834","generation_order":"1","start_pts":"0","end_pts":"8333333333","time_base_num":1,"time_base_den":1000000000,"lifecycle":1,"deleted":false,"binding_present":true,"binding_valid":true,"available_for_selection":true}],"decoded":{"namespace_valid":true,"range_comparable":true,"incomplete":false,"frames_truncated":false,"frame_count":499,"relevant_count":46,"identity_matched":46,"identity_rejected":0,"generation_mismatch":0,"pts_mismatch":0,"duration_invalid":0,"minimum_pts_ns":"7900000000","maximum_pts_ns":"9400000000","maximum_valid_end_ns":"9433333333"},"slice_state_counts":[13,2,0,0,0,0],"reason_counts":[0,2,0,0,13,0,0,0,0,0],"unknown_ranges":[{"start_ns":"8333333333","end_ns":"8333333334","reason":1},{"start_ns":"8333333333","end_ns":"9416000000","reason":1}]}
[selection-attempt] {"reference_sha256":"01a8480f4406e18a9e2d6d8e61d8bfb6822b224c99119c3ec8c4728d258e3f02","attempt":16,"attempt_limit":121,"elapsed_ms":"7934","wait_ms":"60000","deadline_exhausted":false,"attempt_exhausted":false,"selection_complete":false,"expanded_start_ns":"7916000000","expanded_end_ns":"9416000000","source_count":1,"unknown_count":2,"sources_truncated":false,"unknown_truncated":false,"sources":[{"segment_id_sha256":"c67b795af4de468358d0eefdcc51f4224bb5c0c313c1f8dca094f891ced76264","media_epoch_id_sha256":"7f051c8d34be5ed43de52cf48b237fa6e663753ae01130701195b8c81cc7013a","source_generation_sha256":"5b5145aba2acf3929bad81c0de5d41f778f555505facce12a37fbc150b18b24e","track_id_sha256":"dcab1f8b836b7844fc86d4abb7e5914e54103c7781ae7c272f006cdf57f03834","generation_order":"1","start_pts":"0","end_pts":"8333333333","time_base_num":1,"time_base_den":1000000000,"lifecycle":1,"deleted":false,"binding_present":true,"binding_valid":true,"available_for_selection":true}],"decoded":{"namespace_valid":true,"range_comparable":true,"incomplete":false,"frames_truncated":false,"frame_count":499,"relevant_count":46,"identity_matched":46,"identity_rejected":0,"generation_mismatch":0,"pts_mismatch":0,"duration_invalid":0,"minimum_pts_ns":"7900000000","maximum_pts_ns":"9400000000","maximum_valid_end_ns":"9433333333"},"slice_state_counts":[13,2,0,0,0,0],"reason_counts":[0,2,0,0,13,0,0,0,0,0],"unknown_ranges":[{"start_ns":"8333333333","end_ns":"8333333334","reason":1},{"start_ns":"8333333333","end_ns":"9416000000","reason":1}]}
[selection-attempt] {"reference_sha256":"1599862826ada45ee297459be7f26c98c71dab35de03990f4e92039691fceccf","attempt":16,"attempt_limit":121,"elapsed_ms":"7951","wait_ms":"60000","deadline_exhausted":false,"attempt_exhausted":false,"selection_complete":false,"expanded_start_ns":"7916000000","expanded_end_ns":"9416000000","source_count":1,"unknown_count":2,"sources_truncated":false,"unknown_truncated":false,"sources":[{"segment_id_sha256":"c67b795af4de468358d0eefdcc51f4224bb5c0c313c1f8dca094f891ced76264","media_epoch_id_sha256":"7f051c8d34be5ed43de52cf48b237fa6e663753ae01130701195b8c81cc7013a","source_generation_sha256":"5b5145aba2acf3929bad81c0de5d41f778f555505facce12a37fbc150b18b24e","track_id_sha256":"dcab1f8b836b7844fc86d4abb7e5914e54103c7781ae7c272f006cdf57f03834","generation_order":"1","start_pts":"0","end_pts":"8333333333","time_base_num":1,"time_base_den":1000000000,"lifecycle":1,"deleted":false,"binding_present":true,"binding_valid":true,"available_for_selection":true}],"decoded":{"namespace_valid":true,"range_comparable":true,"incomplete":false,"frames_truncated":false,"frame_count":499,"relevant_count":46,"identity_matched":46,"identity_rejected":0,"generation_mismatch":0,"pts_mismatch":0,"duration_invalid":0,"minimum_pts_ns":"7900000000","maximum_pts_ns":"9400000000","maximum_valid_end_ns":"9433333333"},"slice_state_counts":[13,2,0,0,0,0],"reason_counts":[0,2,0,0,13,0,0,0,0,0],"unknown_ranges":[{"start_ns":"8333333333","end_ns":"8333333334","reason":1},{"start_ns":"8333333333","end_ns":"9416000000","reason":1}]}
[selection-attempt] {"reference_sha256":"b4606cef6728f94c619de4cbf8566db1316857d4e2fb777dcc97d4bc3cd19d01","attempt":16,"attempt_limit":121,"elapsed_ms":"7969","wait_ms":"60000","deadline_exhausted":false,"attempt_exhausted":false,"selection_complete":false,"expanded_start_ns":"7916000000","expanded_end_ns":"9416000000","source_count":1,"unknown_count":2,"sources_truncated":false,"unknown_truncated":false,"sources":[{"segment_id_sha256":"c67b795af4de468358d0eefdcc51f4224bb5c0c313c1f8dca094f891ced76264","media_epoch_id_sha256":"7f051c8d34be5ed43de52cf48b237fa6e663753ae01130701195b8c81cc7013a","source_generation_sha256":"5b5145aba2acf3929bad81c0de5d41f778f555505facce12a37fbc150b18b24e","track_id_sha256":"dcab1f8b836b7844fc86d4abb7e5914e54103c7781ae7c272f006cdf57f03834","generation_order":"1","start_pts":"0","end_pts":"8333333333","time_base_num":1,"time_base_den":1000000000,"lifecycle":1,"deleted":false,"binding_present":true,"binding_valid":true,"available_for_selection":true}],"decoded":{"namespace_valid":true,"range_comparable":true,"incomplete":false,"frames_truncated":false,"frame_count":499,"relevant_count":46,"identity_matched":46,"identity_rejected":0,"generation_mismatch":0,"pts_mismatch":0,"duration_invalid":0,"minimum_pts_ns":"7900000000","maximum_pts_ns":"9400000000","maximum_valid_end_ns":"9433333333"},"slice_state_counts":[13,2,0,0,0,0],"reason_counts":[0,2,0,0,13,0,0,0,0,0],"unknown_ranges":[{"start_ns":"8333333333","end_ns":"8333333334","reason":1},{"start_ns":"8333333333","end_ns":"9416000000","reason":1}]}
[selection-attempt] {"reference_sha256":"968609da35a16e847b750a9940bc4e1aca1cf72e92c006ca77f066583cbf2fa0","attempt":17,"attempt_limit":9,"elapsed_ms":"8479","wait_ms":"3750","deadline_exhausted":true,"attempt_exhausted":true,"selection_complete":true,"expanded_start_ns":"7916000000","expanded_end_ns":"9416000000","source_count":2,"unknown_count":0,"sources_truncated":false,"unknown_truncated":false,"sources":[{"segment_id_sha256":"c67b795af4de468358d0eefdcc51f4224bb5c0c313c1f8dca094f891ced76264","media_epoch_id_sha256":"7f051c8d34be5ed43de52cf48b237fa6e663753ae01130701195b8c81cc7013a","source_generation_sha256":"5b5145aba2acf3929bad81c0de5d41f778f555505facce12a37fbc150b18b24e","track_id_sha256":"dcab1f8b836b7844fc86d4abb7e5914e54103c7781ae7c272f006cdf57f03834","generation_order":"1","start_pts":"0","end_pts":"8333333333","time_base_num":1,"time_base_den":1000000000,"lifecycle":1,"deleted":false,"binding_present":true,"binding_valid":true,"available_for_selection":true},{"segment_id_sha256":"a8570cf76580d3027af38d7fe0753ed38d9af6c908fec57b2de9eaa41c1b429d","media_epoch_id_sha256":"7f051c8d34be5ed43de52cf48b237fa6e663753ae01130701195b8c81cc7013a","source_generation_sha256":"5b5145aba2acf3929bad81c0de5d41f778f555505facce12a37fbc150b18b24e","track_id_sha256":"dcab1f8b836b7844fc86d4abb7e5914e54103c7781ae7c272f006cdf57f03834","generation_order":"1","start_pts":"8333333333","end_pts":"16666666666","time_base_num":1,"time_base_den":1000000000,"lifecycle":1,"deleted":false,"binding_present":true,"binding_valid":true,"available_for_selection":true}],"decoded":{"namespace_valid":true,"range_comparable":true,"incomplete":false,"frames_truncated":false,"frame_count":511,"relevant_count":46,"identity_matched":46,"identity_rejected":0,"generation_mismatch":0,"pts_mismatch":0,"duration_invalid":0,"minimum_pts_ns":"7900000000","maximum_pts_ns":"9400000000","maximum_valid_end_ns":"9433333333"},"slice_state_counts":[47,0,0,0,0,0],"reason_counts":[0,0,0,0,47,0,0,0,0,0],"unknown_ranges":[]}
[selection-attempt] {"reference_sha256":"01a8480f4406e18a9e2d6d8e61d8bfb6822b224c99119c3ec8c4728d258e3f02","attempt":17,"attempt_limit":9,"elapsed_ms":"8888","wait_ms":"3750","deadline_exhausted":true,"attempt_exhausted":true,"selection_complete":true,"expanded_start_ns":"7916000000","expanded_end_ns":"9416000000","source_count":2,"unknown_count":0,"sources_truncated":false,"unknown_truncated":false,"sources":[{"segment_id_sha256":"c67b795af4de468358d0eefdcc51f4224bb5c0c313c1f8dca094f891ced76264","media_epoch_id_sha256":"7f051c8d34be5ed43de52cf48b237fa6e663753ae01130701195b8c81cc7013a","source_generation_sha256":"5b5145aba2acf3929bad81c0de5d41f778f555505facce12a37fbc150b18b24e","track_id_sha256":"dcab1f8b836b7844fc86d4abb7e5914e54103c7781ae7c272f006cdf57f03834","generation_order":"1","start_pts":"0","end_pts":"8333333333","time_base_num":1,"time_base_den":1000000000,"lifecycle":1,"deleted":false,"binding_present":true,"binding_valid":true,"available_for_selection":true},{"segment_id_sha256":"a8570cf76580d3027af38d7fe0753ed38d9af6c908fec57b2de9eaa41c1b429d","media_epoch_id_sha256":"7f051c8d34be5ed43de52cf48b237fa6e663753ae01130701195b8c81cc7013a","source_generation_sha256":"5b5145aba2acf3929bad81c0de5d41f778f555505facce12a37fbc150b18b24e","track_id_sha256":"dcab1f8b836b7844fc86d4abb7e5914e54103c7781ae7c272f006cdf57f03834","generation_order":"1","start_pts":"8333333333","end_pts":"16666666666","time_base_num":1,"time_base_den":1000000000,"lifecycle":1,"deleted":false,"binding_present":true,"binding_valid":true,"available_for_selection":true}],"decoded":{"namespace_valid":true,"range_comparable":true,"incomplete":false,"frames_truncated":false,"frame_count":519,"relevant_count":46,"identity_matched":46,"identity_rejected":0,"generation_mismatch":0,"pts_mismatch":0,"duration_invalid":0,"minimum_pts_ns":"7900000000","maximum_pts_ns":"9400000000","maximum_valid_end_ns":"9433333333"},"slice_state_counts":[47,0,0,0,0,0],"reason_counts":[0,0,0,0,47,0,0,0,0,0],"unknown_ranges":[]}
[selection-attempt] {"reference_sha256":"1599862826ada45ee297459be7f26c98c71dab35de03990f4e92039691fceccf","attempt":17,"attempt_limit":9,"elapsed_ms":"9171","wait_ms":"3750","deadline_exhausted":true,"attempt_exhausted":true,"selection_complete":true,"expanded_start_ns":"7916000000","expanded_end_ns":"9416000000","source_count":2,"unknown_count":0,"sources_truncated":false,"unknown_truncated":false,"sources":[{"segment_id_sha256":"c67b795af4de468358d0eefdcc51f4224bb5c0c313c1f8dca094f891ced76264","media_epoch_id_sha256":"7f051c8d34be5ed43de52cf48b237fa6e663753ae01130701195b8c81cc7013a","source_generation_sha256":"5b5145aba2acf3929bad81c0de5d41f778f555505facce12a37fbc150b18b24e","track_id_sha256":"dcab1f8b836b7844fc86d4abb7e5914e54103c7781ae7c272f006cdf57f03834","generation_order":"1","start_pts":"0","end_pts":"8333333333","time_base_num":1,"time_base_den":1000000000,"lifecycle":1,"deleted":false,"binding_present":true,"binding_valid":true,"available_for_selection":true},{"segment_id_sha256":"a8570cf76580d3027af38d7fe0753ed38d9af6c908fec57b2de9eaa41c1b429d","media_epoch_id_sha256":"7f051c8d34be5ed43de52cf48b237fa6e663753ae01130701195b8c81cc7013a","source_generation_sha256":"5b5145aba2acf3929bad81c0de5d41f778f555505facce12a37fbc150b18b24e","track_id_sha256":"dcab1f8b836b7844fc86d4abb7e5914e54103c7781ae7c272f006cdf57f03834","generation_order":"1","start_pts":"8333333333","end_pts":"16666666666","time_base_num":1,"time_base_den":1000000000,"lifecycle":1,"deleted":false,"binding_present":true,"binding_valid":true,"available_for_selection":true}],"decoded":{"namespace_valid":true,"range_comparable":true,"incomplete":false,"frames_truncated":false,"frame_count":531,"relevant_count":46,"identity_matched":46,"identity_rejected":0,"generation_mismatch":0,"pts_mismatch":0,"duration_invalid":0,"minimum_pts_ns":"7900000000","maximum_pts_ns":"9400000000","maximum_valid_end_ns":"9433333333"},"slice_state_counts":[47,0,0,0,0,0],"reason_counts":[0,0,0,0,47,0,0,0,0,0],"unknown_ranges":[]}
[selection-attempt] {"reference_sha256":"b4606cef6728f94c619de4cbf8566db1316857d4e2fb777dcc97d4bc3cd19d01","attempt":17,"attempt_limit":9,"elapsed_ms":"9336","wait_ms":"3750","deadline_exhausted":true,"attempt_exhausted":true,"selection_complete":true,"expanded_start_ns":"7916000000","expanded_end_ns":"9416000000","source_count":2,"unknown_count":0,"sources_truncated":false,"unknown_truncated":false,"sources":[{"segment_id_sha256":"c67b795af4de468358d0eefdcc51f4224bb5c0c313c1f8dca094f891ced76264","media_epoch_id_sha256":"7f051c8d34be5ed43de52cf48b237fa6e663753ae01130701195b8c81cc7013a","source_generation_sha256":"5b5145aba2acf3929bad81c0de5d41f778f555505facce12a37fbc150b18b24e","track_id_sha256":"dcab1f8b836b7844fc86d4abb7e5914e54103c7781ae7c272f006cdf57f03834","generation_order":"1","start_pts":"0","end_pts":"8333333333","time_base_num":1,"time_base_den":1000000000,"lifecycle":1,"deleted":false,"binding_present":true,"binding_valid":true,"available_for_selection":true},{"segment_id_sha256":"a8570cf76580d3027af38d7fe0753ed38d9af6c908fec57b2de9eaa41c1b429d","media_epoch_id_sha256":"7f051c8d34be5ed43de52cf48b237fa6e663753ae01130701195b8c81cc7013a","source_generation_sha256":"5b5145aba2acf3929bad81c0de5d41f778f555505facce12a37fbc150b18b24e","track_id_sha256":"dcab1f8b836b7844fc86d4abb7e5914e54103c7781ae7c272f006cdf57f03834","generation_order":"1","start_pts":"8333333333","end_pts":"16666666666","time_base_num":1,"time_base_den":1000000000,"lifecycle":1,"deleted":false,"binding_present":true,"binding_valid":true,"available_for_selection":true}],"decoded":{"namespace_valid":true,"range_comparable":true,"incomplete":false,"frames_truncated":false,"frame_count":539,"relevant_count":46,"identity_matched":46,"identity_rejected":0,"generation_mismatch":0,"pts_mismatch":0,"duration_invalid":0,"minimum_pts_ns":"7900000000","maximum_pts_ns":"9400000000","maximum_valid_end_ns":"9433333333"},"slice_state_counts":[47,0,0,0,0,0],"reason_counts":[0,0,0,0,47,0,0,0,0,0],"unknown_ranges":[]}
[pass] LP09-J02 actual reference decision-time trace complete
[completion-event] {"processOrdinal":1,"v":1,"event":1,"begin":"9999360500","end":"9999360500","thread":5,"request":0,"reference":"968609da35a16e847b750a9940bc4e1aca1cf72e92c006ca77f066583cbf2fa0","job":null,"n":0,"x":0,"y":0}
[completion-event] {"processOrdinal":1,"v":1,"event":1,"begin":"10003695583","end":"10003695583","thread":5,"request":0,"reference":"01a8480f4406e18a9e2d6d8e61d8bfb6822b224c99119c3ec8c4728d258e3f02","job":null,"n":0,"x":0,"y":0}
[completion-event] {"processOrdinal":1,"v":1,"event":1,"begin":"10005205041","end":"10005205041","thread":5,"request":0,"reference":"1599862826ada45ee297459be7f26c98c71dab35de03990f4e92039691fceccf","job":null,"n":0,"x":0,"y":0}
[completion-event] {"processOrdinal":1,"v":1,"event":1,"begin":"10006723458","end":"10006723458","thread":5,"request":0,"reference":"b4606cef6728f94c619de4cbf8566db1316857d4e2fb777dcc97d4bc3cd19d01","job":null,"n":0,"x":0,"y":0}
[completion-event] {"processOrdinal":1,"v":1,"event":10,"begin":"10028199875","end":"10037615291","thread":8,"request":1,"reference":null,"job":null,"n":6,"x":1,"y":0}
[completion-event] {"processOrdinal":1,"v":1,"event":11,"begin":"10037615291","end":"10037636375","thread":8,"request":1,"reference":null,"job":null,"n":1,"x":0,"y":0}
[completion-event] {"processOrdinal":1,"v":1,"event":12,"begin":"10037636375","end":"10037638125","thread":8,"request":1,"reference":null,"job":null,"n":1,"x":0,"y":0}
[completion-event] {"processOrdinal":1,"v":1,"event":13,"begin":"10037638125","end":"10037641625","thread":8,"request":1,"reference":null,"job":null,"n":1,"x":0,"y":100}
[completion-event] {"processOrdinal":1,"v":1,"event":10,"begin":"10142464333","end":"10152129750","thread":9,"request":2,"reference":null,"job":null,"n":6,"x":1,"y":0}
[completion-event] {"processOrdinal":1,"v":1,"event":11,"begin":"10152129750","end":"10152140333","thread":9,"request":2,"reference":null,"job":null,"n":1,"x":0,"y":0}
[completion-event] {"processOrdinal":1,"v":1,"event":12,"begin":"10152140333","end":"10152141958","thread":9,"request":2,"reference":null,"job":null,"n":1,"x":0,"y":0}
[completion-event] {"processOrdinal":1,"v":1,"event":13,"begin":"10152141958","end":"10152145333","thread":9,"request":2,"reference":null,"job":null,"n":1,"x":0,"y":100}
[completion-event] {"processOrdinal":1,"v":1,"event":10,"begin":"10258141458","end":"10267225916","thread":10,"request":3,"reference":null,"job":null,"n":6,"x":1,"y":0}
[completion-event] {"processOrdinal":1,"v":1,"event":11,"begin":"10267225916","end":"10267236458","thread":10,"request":3,"reference":null,"job":null,"n":1,"x":0,"y":0}
[completion-event] {"processOrdinal":1,"v":1,"event":12,"begin":"10267236458","end":"10267238208","thread":10,"request":3,"reference":null,"job":null,"n":1,"x":0,"y":0}
[completion-event] {"processOrdinal":1,"v":1,"event":13,"begin":"10267238208","end":"10267241666","thread":10,"request":3,"reference":null,"job":null,"n":1,"x":0,"y":100}
[completion-event] {"processOrdinal":1,"v":1,"event":10,"begin":"10371538416","end":"10380281333","thread":11,"request":4,"reference":null,"job":null,"n":6,"x":1,"y":0}
[completion-event] {"processOrdinal":1,"v":1,"event":11,"begin":"10380281333","end":"10380289833","thread":11,"request":4,"reference":null,"job":null,"n":1,"x":0,"y":0}
[completion-event] {"processOrdinal":1,"v":1,"event":12,"begin":"10380289833","end":"10380291375","thread":11,"request":4,"reference":null,"job":null,"n":1,"x":0,"y":0}
[completion-event] {"processOrdinal":1,"v":1,"event":13,"begin":"10380291375","end":"10380294750","thread":11,"request":4,"reference":null,"job":null,"n":1,"x":0,"y":100}
[completion-event] {"processOrdinal":1,"v":1,"event":10,"begin":"10486258750","end":"10495219875","thread":12,"request":5,"reference":null,"job":null,"n":6,"x":1,"y":0}
[completion-event] {"processOrdinal":1,"v":1,"event":11,"begin":"10495219875","end":"10495229125","thread":12,"request":5,"reference":null,"job":null,"n":1,"x":0,"y":0}
[completion-event] {"processOrdinal":1,"v":1,"event":12,"begin":"10495229125","end":"10495230791","thread":12,"request":5,"reference":null,"job":null,"n":1,"x":0,"y":0}
[completion-event] {"processOrdinal":1,"v":1,"event":13,"begin":"10495230791","end":"10495234208","thread":12,"request":5,"reference":null,"job":null,"n":1,"x":0,"y":100}
[completion-event] {"processOrdinal":1,"v":1,"event":10,"begin":"10598715166","end":"10608073416","thread":13,"request":6,"reference":null,"job":null,"n":6,"x":1,"y":0}
[completion-event] {"processOrdinal":1,"v":1,"event":11,"begin":"10608073416","end":"10608084000","thread":13,"request":6,"reference":null,"job":null,"n":1,"x":0,"y":0}
[completion-event] {"processOrdinal":1,"v":1,"event":12,"begin":"10608084000","end":"10608085541","thread":13,"request":6,"reference":null,"job":null,"n":1,"x":0,"y":0}
[completion-event] {"processOrdinal":1,"v":1,"event":13,"begin":"10608085541","end":"10608089625","thread":13,"request":6,"reference":null,"job":null,"n":1,"x":0,"y":100}
[completion-event] {"processOrdinal":1,"v":1,"event":10,"begin":"10713170041","end":"10722456458","thread":14,"request":7,"reference":null,"job":null,"n":6,"x":1,"y":0}
[completion-event] {"processOrdinal":1,"v":1,"event":11,"begin":"10722456458","end":"10722467916","thread":14,"request":7,"reference":null,"job":null,"n":1,"x":0,"y":0}
[completion-event] {"processOrdinal":1,"v":1,"event":12,"begin":"10722467916","end":"10722469625","thread":14,"request":7,"reference":null,"job":null,"n":1,"x":0,"y":0}
[completion-event] {"processOrdinal":1,"v":1,"event":13,"begin":"10722469625","end":"10722473583","thread":14,"request":7,"reference":null,"job":null,"n":1,"x":0,"y":100}
[completion-event] {"processOrdinal":1,"v":1,"event":10,"begin":"10828522416","end":"10837573708","thread":15,"request":8,"reference":null,"job":null,"n":6,"x":1,"y":0}
[completion-event] {"processOrdinal":1,"v":1,"event":11,"begin":"10837573708","end":"10837583208","thread":15,"request":8,"reference":null,"job":null,"n":1,"x":0,"y":0}
[completion-event] {"processOrdinal":1,"v":1,"event":12,"begin":"10837583208","end":"10837584791","thread":15,"request":8,"reference":null,"job":null,"n":1,"x":0,"y":0}
[completion-event] {"processOrdinal":1,"v":1,"event":13,"begin":"10837584791","end":"10837588916","thread":15,"request":8,"reference":null,"job":null,"n":1,"x":0,"y":100}
[completion-event] {"processOrdinal":1,"v":1,"event":10,"begin":"10943420625","end":"10952928958","thread":16,"request":9,"reference":null,"job":null,"n":6,"x":1,"y":0}
[completion-event] {"processOrdinal":1,"v":1,"event":11,"begin":"10952928958","end":"10952937875","thread":16,"request":9,"reference":null,"job":null,"n":1,"x":0,"y":0}
[completion-event] {"processOrdinal":1,"v":1,"event":12,"begin":"10952937875","end":"10952939083","thread":16,"request":9,"reference":null,"job":null,"n":1,"x":0,"y":0}
[completion-event] {"processOrdinal":1,"v":1,"event":13,"begin":"10952939083","end":"10952942166","thread":16,"request":9,"reference":null,"job":null,"n":1,"x":0,"y":100}
[completion-event] {"processOrdinal":1,"v":1,"event":10,"begin":"11057551916","end":"11066386041","thread":17,"request":10,"reference":null,"job":null,"n":6,"x":1,"y":0}
[completion-event] {"processOrdinal":1,"v":1,"event":11,"begin":"11066386041","end":"11066396000","thread":17,"request":10,"reference":null,"job":null,"n":1,"x":0,"y":0}
[completion-event] {"processOrdinal":1,"v":1,"event":12,"begin":"11066396000","end":"11066397541","thread":17,"request":10,"reference":null,"job":null,"n":1,"x":0,"y":0}
[completion-event] {"processOrdinal":1,"v":1,"event":13,"begin":"11066397541","end":"11066400875","thread":17,"request":10,"reference":null,"job":null,"n":1,"x":0,"y":100}
[completion-event] {"processOrdinal":1,"v":1,"event":10,"begin":"11170635000","end":"11179734708","thread":18,"request":11,"reference":null,"job":null,"n":6,"x":1,"y":0}
[completion-event] {"processOrdinal":1,"v":1,"event":11,"begin":"11179734708","end":"11179744375","thread":18,"request":11,"reference":null,"job":null,"n":1,"x":0,"y":0}
[completion-event] {"processOrdinal":1,"v":1,"event":12,"begin":"11179744375","end":"11179746250","thread":18,"request":11,"reference":null,"job":null,"n":1,"x":0,"y":0}
[completion-event] {"processOrdinal":1,"v":1,"event":13,"begin":"11179746250","end":"11179749916","thread":18,"request":11,"reference":null,"job":null,"n":1,"x":0,"y":100}
[completion-event] {"processOrdinal":1,"v":1,"event":10,"begin":"11285801791","end":"11295089583","thread":19,"request":12,"reference":null,"job":null,"n":6,"x":1,"y":0}
[completion-event] {"processOrdinal":1,"v":1,"event":11,"begin":"11295089583","end":"11295100666","thread":19,"request":12,"reference":null,"job":null,"n":1,"x":0,"y":0}
[completion-event] {"processOrdinal":1,"v":1,"event":12,"begin":"11295100666","end":"11295102416","thread":19,"request":12,"reference":null,"job":null,"n":1,"x":0,"y":0}
[completion-event] {"processOrdinal":1,"v":1,"event":13,"begin":"11295102416","end":"11295105958","thread":19,"request":12,"reference":null,"job":null,"n":1,"x":0,"y":100}
[completion-event] {"processOrdinal":1,"v":1,"event":10,"begin":"11400285916","end":"11409497125","thread":20,"request":13,"reference":null,"job":null,"n":6,"x":1,"y":0}
[completion-event] {"processOrdinal":1,"v":1,"event":11,"begin":"11409497125","end":"11409508458","thread":20,"request":13,"reference":null,"job":null,"n":1,"x":0,"y":0}
[completion-event] {"processOrdinal":1,"v":1,"event":12,"begin":"11409508458","end":"11409510166","thread":20,"request":13,"reference":null,"job":null,"n":1,"x":0,"y":0}
[completion-event] {"processOrdinal":1,"v":1,"event":13,"begin":"11409510166","end":"11409513583","thread":20,"request":13,"reference":null,"job":null,"n":1,"x":0,"y":100}
[completion-event] {"processOrdinal":1,"v":1,"event":10,"begin":"11514844291","end":"11523921916","thread":21,"request":14,"reference":null,"job":null,"n":6,"x":1,"y":0}
[completion-event] {"processOrdinal":1,"v":1,"event":11,"begin":"11523921916","end":"11523932916","thread":21,"request":14,"reference":null,"job":null,"n":1,"x":0,"y":0}
[completion-event] {"processOrdinal":1,"v":1,"event":12,"begin":"11523932916","end":"11523934583","thread":21,"request":14,"reference":null,"job":null,"n":1,"x":0,"y":0}
[completion-event] {"processOrdinal":1,"v":1,"event":13,"begin":"11523934583","end":"11523938125","thread":21,"request":14,"reference":null,"job":null,"n":1,"x":0,"y":100}
[completion-event] {"processOrdinal":1,"v":1,"event":10,"begin":"11628396375","end":"11637846750","thread":22,"request":15,"reference":null,"job":null,"n":6,"x":1,"y":0}
[completion-event] {"processOrdinal":1,"v":1,"event":11,"begin":"11637846750","end":"11637855291","thread":22,"request":15,"reference":null,"job":null,"n":1,"x":0,"y":0}
[completion-event] {"processOrdinal":1,"v":1,"event":12,"begin":"11637855291","end":"11637856583","thread":22,"request":15,"reference":null,"job":null,"n":1,"x":0,"y":0}
[completion-event] {"processOrdinal":1,"v":1,"event":13,"begin":"11637856583","end":"11637860333","thread":22,"request":15,"reference":null,"job":null,"n":1,"x":0,"y":100}
[completion-event] {"processOrdinal":1,"v":1,"event":10,"begin":"11744062583","end":"11753106958","thread":23,"request":16,"reference":null,"job":null,"n":6,"x":1,"y":0}
[completion-event] {"processOrdinal":1,"v":1,"event":11,"begin":"11753106958","end":"11753117666","thread":23,"request":16,"reference":null,"job":null,"n":1,"x":0,"y":0}
[completion-event] {"processOrdinal":1,"v":1,"event":12,"begin":"11753117666","end":"11753119708","thread":23,"request":16,"reference":null,"job":null,"n":1,"x":0,"y":0}
[completion-event] {"processOrdinal":1,"v":1,"event":13,"begin":"11753119708","end":"11753123416","thread":23,"request":16,"reference":null,"job":null,"n":1,"x":0,"y":100}
[completion-event] {"processOrdinal":1,"v":1,"event":10,"begin":"11858966375","end":"11868272500","thread":24,"request":17,"reference":null,"job":null,"n":6,"x":1,"y":0}
[completion-event] {"processOrdinal":1,"v":1,"event":11,"begin":"11868272500","end":"11868282625","thread":24,"request":17,"reference":null,"job":null,"n":1,"x":0,"y":0}
[completion-event] {"processOrdinal":1,"v":1,"event":12,"begin":"11868282625","end":"11868284541","thread":24,"request":17,"reference":null,"job":null,"n":1,"x":0,"y":0}
[completion-event] {"processOrdinal":1,"v":1,"event":13,"begin":"11868284541","end":"11868288416","thread":24,"request":17,"reference":null,"job":null,"n":1,"x":0,"y":100}
[completion-event] {"processOrdinal":1,"v":1,"event":10,"begin":"11973321958","end":"11982414958","thread":25,"request":18,"reference":null,"job":null,"n":6,"x":1,"y":0}
[completion-event] {"processOrdinal":1,"v":1,"event":11,"begin":"11982414958","end":"11982425541","thread":25,"request":18,"reference":null,"job":null,"n":1,"x":0,"y":0}
[completion-event] {"processOrdinal":1,"v":1,"event":12,"begin":"11982425541","end":"11982427333","thread":25,"request":18,"reference":null,"job":null,"n":1,"x":0,"y":0}
[completion-event] {"processOrdinal":1,"v":1,"event":13,"begin":"11982427333","end":"11982431000","thread":25,"request":18,"reference":null,"job":null,"n":1,"x":0,"y":100}
[completion-event] {"processOrdinal":1,"v":1,"event":10,"begin":"12085318083","end":"12094302666","thread":26,"request":19,"reference":null,"job":null,"n":6,"x":1,"y":0}
[completion-event] {"processOrdinal":1,"v":1,"event":11,"begin":"12094302666","end":"12094312833","thread":26,"request":19,"reference":null,"job":null,"n":1,"x":0,"y":0}
[completion-event] {"processOrdinal":1,"v":1,"event":12,"begin":"12094312833","end":"12094314708","thread":26,"request":19,"reference":null,"job":null,"n":1,"x":0,"y":0}
[completion-event] {"processOrdinal":1,"v":1,"event":13,"begin":"12094314708","end":"12094318416","thread":26,"request":19,"reference":null,"job":null,"n":1,"x":0,"y":100}
[completion-event] {"processOrdinal":1,"v":1,"event":10,"begin":"12197155916","end":"12206140541","thread":27,"request":20,"reference":null,"job":null,"n":6,"x":1,"y":0}
[completion-event] {"processOrdinal":1,"v":1,"event":11,"begin":"12206140541","end":"12206149625","thread":27,"request":20,"reference":null,"job":null,"n":1,"x":0,"y":0}
[completion-event] {"processOrdinal":1,"v":1,"event":12,"begin":"12206149625","end":"12206151250","thread":27,"request":20,"reference":null,"job":null,"n":1,"x":0,"y":0}
[completion-event] {"processOrdinal":1,"v":1,"event":13,"begin":"12206151250","end":"12206155416","thread":27,"request":20,"reference":null,"job":null,"n":1,"x":0,"y":100}
[completion-event] {"processOrdinal":1,"v":1,"event":10,"begin":"12311775458","end":"12320809750","thread":28,"request":21,"reference":null,"job":null,"n":6,"x":1,"y":0}
[completion-event] {"processOrdinal":1,"v":1,"event":11,"begin":"12320809750","end":"12320820500","thread":28,"request":21,"reference":null,"job":null,"n":1,"x":0,"y":0}
[completion-event] {"processOrdinal":1,"v":1,"event":12,"begin":"12320820500","end":"12320822458","thread":28,"request":21,"reference":null,"job":null,"n":1,"x":0,"y":0}
[completion-event] {"processOrdinal":1,"v":1,"event":13,"begin":"12320822458","end":"12320826458","thread":28,"request":21,"reference":null,"job":null,"n":1,"x":0,"y":100}
[completion-event] {"processOrdinal":1,"v":1,"event":10,"begin":"12427242583","end":"12436415083","thread":29,"request":22,"reference":null,"job":null,"n":6,"x":1,"y":0}
[completion-event] {"processOrdinal":1,"v":1,"event":11,"begin":"12436415083","end":"12436425750","thread":29,"request":22,"reference":null,"job":null,"n":1,"x":0,"y":0}
[completion-event] {"processOrdinal":1,"v":1,"event":12,"begin":"12436425750","end":"12436427375","thread":29,"request":22,"reference":null,"job":null,"n":1,"x":0,"y":0}
[completion-event] {"processOrdinal":1,"v":1,"event":13,"begin":"12436427375","end":"12436431000","thread":29,"request":22,"reference":null,"job":null,"n":1,"x":0,"y":100}
[completion-event] {"processOrdinal":1,"v":1,"event":10,"begin":"12541527500","end":"12550859375","thread":30,"request":23,"reference":null,"job":null,"n":6,"x":1,"y":0}
[completion-event] {"processOrdinal":1,"v":1,"event":11,"begin":"12550859375","end":"12550870916","thread":30,"request":23,"reference":null,"job":null,"n":1,"x":0,"y":0}
[completion-event] {"processOrdinal":1,"v":1,"event":12,"begin":"12550870916","end":"12550872583","thread":30,"request":23,"reference":null,"job":null,"n":1,"x":0,"y":0}
[completion-event] {"processOrdinal":1,"v":1,"event":13,"begin":"12550872583","end":"12550875958","thread":30,"request":23,"reference":null,"job":null,"n":1,"x":0,"y":100}
[completion-event] {"processOrdinal":1,"v":1,"event":10,"begin":"12654054666","end":"12663188416","thread":31,"request":24,"reference":null,"job":null,"n":6,"x":1,"y":0}
[completion-event] {"processOrdinal":1,"v":1,"event":11,"begin":"12663188416","end":"12663197500","thread":31,"request":24,"reference":null,"job":null,"n":1,"x":0,"y":0}
[completion-event] {"processOrdinal":1,"v":1,"event":12,"begin":"12663197500","end":"12663199208","thread":31,"request":24,"reference":null,"job":null,"n":1,"x":0,"y":0}
[completion-event] {"processOrdinal":1,"v":1,"event":13,"begin":"12663199208","end":"12663202500","thread":31,"request":24,"reference":null,"job":null,"n":1,"x":0,"y":100}
[completion-event] {"processOrdinal":1,"v":1,"event":10,"begin":"12769463333","end":"12778362750","thread":32,"request":25,"reference":null,"job":null,"n":6,"x":1,"y":0}
[completion-event] {"processOrdinal":1,"v":1,"event":11,"begin":"12778362750","end":"12778370166","thread":32,"request":25,"reference":null,"job":null,"n":1,"x":0,"y":0}
[completion-event] {"processOrdinal":1,"v":1,"event":12,"begin":"12778370166","end":"12778371458","thread":32,"request":25,"reference":null,"job":null,"n":1,"x":0,"y":0}
[completion-event] {"processOrdinal":1,"v":1,"event":13,"begin":"12778371458","end":"12778374208","thread":32,"request":25,"reference":null,"job":null,"n":1,"x":0,"y":100}
[completion-event] {"processOrdinal":1,"v":1,"event":10,"begin":"12882294250","end":"12891327583","thread":33,"request":26,"reference":null,"job":null,"n":6,"x":1,"y":0}
[completion-event] {"processOrdinal":1,"v":1,"event":11,"begin":"12891327583","end":"12891336833","thread":33,"request":26,"reference":null,"job":null,"n":1,"x":0,"y":0}
[completion-event] {"processOrdinal":1,"v":1,"event":12,"begin":"12891336833","end":"12891338666","thread":33,"request":26,"reference":null,"job":null,"n":1,"x":0,"y":0}
[completion-event] {"processOrdinal":1,"v":1,"event":13,"begin":"12891338666","end":"12891342250","thread":33,"request":26,"reference":null,"job":null,"n":1,"x":0,"y":100}
[completion-event] {"processOrdinal":1,"v":1,"event":10,"begin":"12996838916","end":"13005817666","thread":34,"request":27,"reference":null,"job":null,"n":6,"x":1,"y":0}
[completion-event] {"processOrdinal":1,"v":1,"event":11,"begin":"13005817666","end":"13005827541","thread":34,"request":27,"reference":null,"job":null,"n":1,"x":0,"y":0}
[completion-event] {"processOrdinal":1,"v":1,"event":12,"begin":"13005827541","end":"13005829333","thread":34,"request":27,"reference":null,"job":null,"n":1,"x":0,"y":0}
[completion-event] {"processOrdinal":1,"v":1,"event":13,"begin":"13005829333","end":"13005832833","thread":34,"request":27,"reference":null,"job":null,"n":1,"x":0,"y":100}
[completion-event] {"processOrdinal":1,"v":1,"event":10,"begin":"13111782875","end":"13120927250","thread":35,"request":28,"reference":null,"job":null,"n":6,"x":1,"y":0}
[completion-event] {"processOrdinal":1,"v":1,"event":11,"begin":"13120927250","end":"13120937875","thread":35,"request":28,"reference":null,"job":null,"n":1,"x":0,"y":0}
[completion-event] {"processOrdinal":1,"v":1,"event":12,"begin":"13120937875","end":"13120939875","thread":35,"request":28,"reference":null,"job":null,"n":1,"x":0,"y":0}
[completion-event] {"processOrdinal":1,"v":1,"event":13,"begin":"13120939875","end":"13120943625","thread":35,"request":28,"reference":null,"job":null,"n":1,"x":0,"y":100}
[completion-event] {"processOrdinal":1,"v":1,"event":10,"begin":"13224733583","end":"13233776083","thread":36,"request":29,"reference":null,"job":null,"n":6,"x":1,"y":0}
[completion-event] {"processOrdinal":1,"v":1,"event":11,"begin":"13233776083","end":"13233808833","thread":36,"request":29,"reference":null,"job":null,"n":1,"x":0,"y":0}
[completion-event] {"processOrdinal":1,"v":1,"event":12,"begin":"13233808833","end":"13233820250","thread":36,"request":29,"reference":null,"job":null,"n":1,"x":0,"y":0}
[completion-event] {"processOrdinal":1,"v":1,"event":13,"begin":"13233820250","end":"13233827541","thread":36,"request":29,"reference":null,"job":null,"n":1,"x":0,"y":100}
[completion-event] {"processOrdinal":1,"v":1,"event":10,"begin":"13339660875","end":"13349031458","thread":37,"request":30,"reference":null,"job":null,"n":6,"x":1,"y":0}
[completion-event] {"processOrdinal":1,"v":1,"event":11,"begin":"13349031458","end":"13349042875","thread":37,"request":30,"reference":null,"job":null,"n":1,"x":0,"y":0}
[completion-event] {"processOrdinal":1,"v":1,"event":12,"begin":"13349042875","end":"13349044583","thread":37,"request":30,"reference":null,"job":null,"n":1,"x":0,"y":0}
[completion-event] {"processOrdinal":1,"v":1,"event":13,"begin":"13349044583","end":"13349048458","thread":37,"request":30,"reference":null,"job":null,"n":1,"x":0,"y":100}
[completion-event] {"processOrdinal":1,"v":1,"event":10,"begin":"13453180500","end":"13462344875","thread":38,"request":31,"reference":null,"job":null,"n":6,"x":1,"y":0}
[completion-event] {"processOrdinal":1,"v":1,"event":11,"begin":"13462344875","end":"13462355125","thread":38,"request":31,"reference":null,"job":null,"n":1,"x":0,"y":0}
[completion-event] {"processOrdinal":1,"v":1,"event":12,"begin":"13462355125","end":"13462357083","thread":38,"request":31,"reference":null,"job":null,"n":1,"x":0,"y":0}
[completion-event] {"processOrdinal":1,"v":1,"event":13,"begin":"13462357083","end":"13462360833","thread":38,"request":31,"reference":null,"job":null,"n":1,"x":0,"y":100}
[completion-event] {"processOrdinal":1,"v":1,"event":10,"begin":"13568258708","end":"13577187208","thread":39,"request":32,"reference":null,"job":null,"n":6,"x":1,"y":0}
[completion-event] {"processOrdinal":1,"v":1,"event":11,"begin":"13577187208","end":"13577195958","thread":39,"request":32,"reference":null,"job":null,"n":1,"x":0,"y":0}
[completion-event] {"processOrdinal":1,"v":1,"event":12,"begin":"13577195958","end":"13577197625","thread":39,"request":32,"reference":null,"job":null,"n":1,"x":0,"y":0}
[completion-event] {"processOrdinal":1,"v":1,"event":13,"begin":"13577197625","end":"13577201166","thread":39,"request":32,"reference":null,"job":null,"n":1,"x":0,"y":100}
[completion-event] {"processOrdinal":1,"v":1,"event":10,"begin":"13682855708","end":"13691878916","thread":40,"request":33,"reference":null,"job":null,"n":6,"x":1,"y":0}
[completion-event] {"processOrdinal":1,"v":1,"event":11,"begin":"13691878916","end":"13691889750","thread":40,"request":33,"reference":null,"job":null,"n":1,"x":0,"y":0}
[completion-event] {"processOrdinal":1,"v":1,"event":12,"begin":"13691889750","end":"13691891291","thread":40,"request":33,"reference":null,"job":null,"n":1,"x":0,"y":0}
[completion-event] {"processOrdinal":1,"v":1,"event":13,"begin":"13691891291","end":"13691895583","thread":40,"request":33,"reference":null,"job":null,"n":1,"x":0,"y":100}
[completion-event] {"processOrdinal":1,"v":1,"event":10,"begin":"13797778791","end":"13806868208","thread":41,"request":34,"reference":null,"job":null,"n":6,"x":1,"y":0}
[completion-event] {"processOrdinal":1,"v":1,"event":11,"begin":"13806868208","end":"13806878125","thread":41,"request":34,"reference":null,"job":null,"n":1,"x":0,"y":0}
[completion-event] {"processOrdinal":1,"v":1,"event":12,"begin":"13806878125","end":"13806879833","thread":41,"request":34,"reference":null,"job":null,"n":1,"x":0,"y":0}
[completion-event] {"processOrdinal":1,"v":1,"event":13,"begin":"13806879833","end":"13806884000","thread":41,"request":34,"reference":null,"job":null,"n":1,"x":0,"y":100}
[completion-event] {"processOrdinal":1,"v":1,"event":10,"begin":"13910847958","end":"13919825291","thread":42,"request":35,"reference":null,"job":null,"n":6,"x":1,"y":0}
[completion-event] {"processOrdinal":1,"v":1,"event":11,"begin":"13919825291","end":"13919836208","thread":42,"request":35,"reference":null,"job":null,"n":1,"x":0,"y":0}
[completion-event] {"processOrdinal":1,"v":1,"event":12,"begin":"13919836208","end":"13919838041","thread":42,"request":35,"reference":null,"job":null,"n":1,"x":0,"y":0}
[completion-event] {"processOrdinal":1,"v":1,"event":13,"begin":"13919838041","end":"13919841750","thread":42,"request":35,"reference":null,"job":null,"n":1,"x":0,"y":100}
[completion-event] {"processOrdinal":1,"v":1,"event":10,"begin":"14025733250","end":"14035534958","thread":43,"request":36,"reference":null,"job":null,"n":6,"x":1,"y":0}
[completion-event] {"processOrdinal":1,"v":1,"event":11,"begin":"14035534958","end":"14035546291","thread":43,"request":36,"reference":null,"job":null,"n":1,"x":0,"y":0}
[completion-event] {"processOrdinal":1,"v":1,"event":12,"begin":"14035546291","end":"14035547833","thread":43,"request":36,"reference":null,"job":null,"n":1,"x":0,"y":0}
[completion-event] {"processOrdinal":1,"v":1,"event":13,"begin":"14035547833","end":"14035551291","thread":43,"request":36,"reference":null,"job":null,"n":1,"x":0,"y":100}
[completion-event] {"processOrdinal":1,"v":1,"event":10,"begin":"14140426250","end":"14149442375","thread":44,"request":37,"reference":null,"job":null,"n":6,"x":1,"y":0}
[completion-event] {"processOrdinal":1,"v":1,"event":11,"begin":"14149442375","end":"14149452375","thread":44,"request":37,"reference":null,"job":null,"n":1,"x":0,"y":0}
[completion-event] {"processOrdinal":1,"v":1,"event":12,"begin":"14149452375","end":"14149454125","thread":44,"request":37,"reference":null,"job":null,"n":1,"x":0,"y":0}
[completion-event] {"processOrdinal":1,"v":1,"event":13,"begin":"14149454125","end":"14149457791","thread":44,"request":37,"reference":null,"job":null,"n":1,"x":0,"y":100}
[completion-event] {"processOrdinal":1,"v":1,"event":10,"begin":"14252990458","end":"14264757708","thread":45,"request":38,"reference":null,"job":null,"n":6,"x":1,"y":0}
[completion-event] {"processOrdinal":1,"v":1,"event":11,"begin":"14264757708","end":"14264764750","thread":45,"request":38,"reference":null,"job":null,"n":1,"x":0,"y":0}
[completion-event] {"processOrdinal":1,"v":1,"event":12,"begin":"14264764750","end":"14264766541","thread":45,"request":38,"reference":null,"job":null,"n":1,"x":0,"y":0}
[completion-event] {"processOrdinal":1,"v":1,"event":13,"begin":"14264766541","end":"14264769875","thread":45,"request":38,"reference":null,"job":null,"n":1,"x":0,"y":100}
[completion-event] {"processOrdinal":1,"v":1,"event":10,"begin":"14369945416","end":"14378844791","thread":46,"request":39,"reference":null,"job":null,"n":6,"x":1,"y":0}
[completion-event] {"processOrdinal":1,"v":1,"event":11,"begin":"14378844791","end":"14378854333","thread":46,"request":39,"reference":null,"job":null,"n":1,"x":0,"y":0}
[completion-event] {"processOrdinal":1,"v":1,"event":12,"begin":"14378854333","end":"14378856083","thread":46,"request":39,"reference":null,"job":null,"n":1,"x":0,"y":0}
[completion-event] {"processOrdinal":1,"v":1,"event":13,"begin":"14378856083","end":"14378859291","thread":46,"request":39,"reference":null,"job":null,"n":1,"x":0,"y":100}
[completion-event] {"processOrdinal":1,"v":1,"event":10,"begin":"14484496625","end":"14493618333","thread":47,"request":40,"reference":null,"job":null,"n":6,"x":1,"y":0}
[completion-event] {"processOrdinal":1,"v":1,"event":11,"begin":"14493618333","end":"14493629666","thread":47,"request":40,"reference":null,"job":null,"n":1,"x":0,"y":0}
[completion-event] {"processOrdinal":1,"v":1,"event":12,"begin":"14493629666","end":"14493631500","thread":47,"request":40,"reference":null,"job":null,"n":1,"x":0,"y":0}
[completion-event] {"processOrdinal":1,"v":1,"event":13,"begin":"14493631500","end":"14493635291","thread":47,"request":40,"reference":null,"job":null,"n":1,"x":0,"y":100}
[completion-event] {"processOrdinal":1,"v":1,"event":10,"begin":"14599976833","end":"14609196833","thread":48,"request":41,"reference":null,"job":null,"n":6,"x":1,"y":0}
[completion-event] {"processOrdinal":1,"v":1,"event":11,"begin":"14609196833","end":"14609225041","thread":48,"request":41,"reference":null,"job":null,"n":1,"x":0,"y":0}
[completion-event] {"processOrdinal":1,"v":1,"event":12,"begin":"14609225041","end":"14609236500","thread":48,"request":41,"reference":null,"job":null,"n":1,"x":0,"y":0}
[completion-event] {"processOrdinal":1,"v":1,"event":13,"begin":"14609236500","end":"14609243333","thread":48,"request":41,"reference":null,"job":null,"n":1,"x":0,"y":100}
[completion-event] {"processOrdinal":1,"v":1,"event":10,"begin":"14714772916","end":"14723861208","thread":49,"request":42,"reference":null,"job":null,"n":6,"x":1,"y":0}
[completion-event] {"processOrdinal":1,"v":1,"event":11,"begin":"14723861208","end":"14723872166","thread":49,"request":42,"reference":null,"job":null,"n":1,"x":0,"y":0}
[completion-event] {"processOrdinal":1,"v":1,"event":12,"begin":"14723872166","end":"14723874291","thread":49,"request":42,"reference":null,"job":null,"n":1,"x":0,"y":0}
[completion-event] {"processOrdinal":1,"v":1,"event":13,"begin":"14723874291","end":"14723878250","thread":49,"request":42,"reference":null,"job":null,"n":1,"x":0,"y":100}
[completion-event] {"processOrdinal":1,"v":1,"event":10,"begin":"14828335125","end":"14837638458","thread":50,"request":43,"reference":null,"job":null,"n":6,"x":1,"y":0}
[completion-event] {"processOrdinal":1,"v":1,"event":11,"begin":"14837638458","end":"14837646875","thread":50,"request":43,"reference":null,"job":null,"n":1,"x":0,"y":0}
[completion-event] {"processOrdinal":1,"v":1,"event":12,"begin":"14837646875","end":"14837648416","thread":50,"request":43,"reference":null,"job":null,"n":1,"x":0,"y":0}
[completion-event] {"processOrdinal":1,"v":1,"event":13,"begin":"14837648416","end":"14837651958","thread":50,"request":43,"reference":null,"job":null,"n":1,"x":0,"y":100}
[completion-event] {"processOrdinal":1,"v":1,"event":10,"begin":"14944331625","end":"14953184708","thread":51,"request":44,"reference":null,"job":null,"n":6,"x":1,"y":0}
[completion-event] {"processOrdinal":1,"v":1,"event":11,"begin":"14953184708","end":"14953194541","thread":51,"request":44,"reference":null,"job":null,"n":1,"x":0,"y":0}
[completion-event] {"processOrdinal":1,"v":1,"event":12,"begin":"14953194541","end":"14953196458","thread":51,"request":44,"reference":null,"job":null,"n":1,"x":0,"y":0}
[completion-event] {"processOrdinal":1,"v":1,"event":13,"begin":"14953196458","end":"14953200416","thread":51,"request":44,"reference":null,"job":null,"n":1,"x":0,"y":100}
[completion-event] {"processOrdinal":1,"v":1,"event":10,"begin":"15059763750","end":"15069210166","thread":52,"request":45,"reference":null,"job":null,"n":6,"x":1,"y":0}
[completion-event] {"processOrdinal":1,"v":1,"event":11,"begin":"15069210166","end":"15069219958","thread":52,"request":45,"reference":null,"job":null,"n":1,"x":0,"y":0}
[completion-event] {"processOrdinal":1,"v":1,"event":12,"begin":"15069219958","end":"15069221916","thread":52,"request":45,"reference":null,"job":null,"n":1,"x":0,"y":0}
[completion-event] {"processOrdinal":1,"v":1,"event":13,"begin":"15069221916","end":"15069225833","thread":52,"request":45,"reference":null,"job":null,"n":1,"x":0,"y":100}
[completion-event] {"processOrdinal":1,"v":1,"event":10,"begin":"15175054125","end":"15184302541","thread":53,"request":46,"reference":null,"job":null,"n":6,"x":1,"y":0}
[completion-event] {"processOrdinal":1,"v":1,"event":11,"begin":"15184302541","end":"15184312833","thread":53,"request":46,"reference":null,"job":null,"n":1,"x":0,"y":0}
[completion-event] {"processOrdinal":1,"v":1,"event":12,"begin":"15184312833","end":"15184314625","thread":53,"request":46,"reference":null,"job":null,"n":1,"x":0,"y":0}
[completion-event] {"processOrdinal":1,"v":1,"event":13,"begin":"15184314625","end":"15184318291","thread":53,"request":46,"reference":null,"job":null,"n":1,"x":0,"y":100}
[completion-event] {"processOrdinal":1,"v":1,"event":10,"begin":"15288772833","end":"15298650166","thread":54,"request":47,"reference":null,"job":null,"n":6,"x":1,"y":0}
[completion-event] {"processOrdinal":1,"v":1,"event":11,"begin":"15298650166","end":"15298657583","thread":54,"request":47,"reference":null,"job":null,"n":1,"x":0,"y":0}
[completion-event] {"processOrdinal":1,"v":1,"event":12,"begin":"15298657583","end":"15298659000","thread":54,"request":47,"reference":null,"job":null,"n":1,"x":0,"y":0}
[completion-event] {"processOrdinal":1,"v":1,"event":13,"begin":"15298659000","end":"15298661791","thread":54,"request":47,"reference":null,"job":null,"n":1,"x":0,"y":100}
[completion-event] {"processOrdinal":1,"v":1,"event":10,"begin":"15403696458","end":"15412666708","thread":55,"request":48,"reference":null,"job":null,"n":6,"x":1,"y":0}
[completion-event] {"processOrdinal":1,"v":1,"event":11,"begin":"15412666708","end":"15412676125","thread":55,"request":48,"reference":null,"job":null,"n":1,"x":0,"y":0}
[completion-event] {"processOrdinal":1,"v":1,"event":12,"begin":"15412676125","end":"15412677833","thread":55,"request":48,"reference":null,"job":null,"n":1,"x":0,"y":0}
[completion-event] {"processOrdinal":1,"v":1,"event":13,"begin":"15412677833","end":"15412681708","thread":55,"request":48,"reference":null,"job":null,"n":1,"x":0,"y":100}
[completion-event] {"processOrdinal":1,"v":1,"event":10,"begin":"15518414250","end":"15527702166","thread":56,"request":49,"reference":null,"job":null,"n":6,"x":1,"y":0}
[completion-event] {"processOrdinal":1,"v":1,"event":11,"begin":"15527702166","end":"15527712000","thread":56,"request":49,"reference":null,"job":null,"n":1,"x":0,"y":0}
[completion-event] {"processOrdinal":1,"v":1,"event":12,"begin":"15527712000","end":"15527713958","thread":56,"request":49,"reference":null,"job":null,"n":1,"x":0,"y":0}
[completion-event] {"processOrdinal":1,"v":1,"event":13,"begin":"15527713958","end":"15527717750","thread":56,"request":49,"reference":null,"job":null,"n":1,"x":0,"y":100}
[completion-event] {"processOrdinal":1,"v":1,"event":10,"begin":"15632730333","end":"15641859791","thread":57,"request":50,"reference":null,"job":null,"n":6,"x":1,"y":0}
[completion-event] {"processOrdinal":1,"v":1,"event":11,"begin":"15641859791","end":"15641868916","thread":57,"request":50,"reference":null,"job":null,"n":1,"x":0,"y":0}
[completion-event] {"processOrdinal":1,"v":1,"event":12,"begin":"15641868916","end":"15641870750","thread":57,"request":50,"reference":null,"job":null,"n":1,"x":0,"y":0}
[completion-event] {"processOrdinal":1,"v":1,"event":13,"begin":"15641870750","end":"15641873958","thread":57,"request":50,"reference":null,"job":null,"n":1,"x":0,"y":100}
[completion-event] {"processOrdinal":1,"v":1,"event":10,"begin":"15747572041","end":"15756395791","thread":58,"request":51,"reference":null,"job":null,"n":6,"x":1,"y":0}
[completion-event] {"processOrdinal":1,"v":1,"event":11,"begin":"15756395791","end":"15756404500","thread":58,"request":51,"reference":null,"job":null,"n":1,"x":0,"y":0}
[completion-event] {"processOrdinal":1,"v":1,"event":12,"begin":"15756404500","end":"15756406291","thread":58,"request":51,"reference":null,"job":null,"n":1,"x":0,"y":0}
[completion-event] {"processOrdinal":1,"v":1,"event":13,"begin":"15756406291","end":"15756409833","thread":58,"request":51,"reference":null,"job":null,"n":1,"x":0,"y":100}
[completion-event] {"processOrdinal":1,"v":1,"event":10,"begin":"15860823750","end":"15869750916","thread":59,"request":52,"reference":null,"job":null,"n":6,"x":1,"y":0}
[completion-event] {"processOrdinal":1,"v":1,"event":11,"begin":"15869750916","end":"15869758541","thread":59,"request":52,"reference":null,"job":null,"n":1,"x":0,"y":0}
[completion-event] {"processOrdinal":1,"v":1,"event":12,"begin":"15869758541","end":"15869759916","thread":59,"request":52,"reference":null,"job":null,"n":1,"x":0,"y":0}
[completion-event] {"processOrdinal":1,"v":1,"event":13,"begin":"15869759916","end":"15869762791","thread":59,"request":52,"reference":null,"job":null,"n":1,"x":0,"y":100}
[completion-event] {"processOrdinal":1,"v":1,"event":10,"begin":"15976436333","end":"15985390125","thread":60,"request":53,"reference":null,"job":null,"n":6,"x":1,"y":0}
[completion-event] {"processOrdinal":1,"v":1,"event":11,"begin":"15985390125","end":"15985400291","thread":60,"request":53,"reference":null,"job":null,"n":1,"x":0,"y":0}
[completion-event] {"processOrdinal":1,"v":1,"event":12,"begin":"15985400291","end":"15985402250","thread":60,"request":53,"reference":null,"job":null,"n":1,"x":0,"y":0}
[completion-event] {"processOrdinal":1,"v":1,"event":13,"begin":"15985402250","end":"15985406041","thread":60,"request":53,"reference":null,"job":null,"n":1,"x":0,"y":100}
[completion-event] {"processOrdinal":1,"v":1,"event":10,"begin":"16089977041","end":"16099225166","thread":61,"request":54,"reference":null,"job":null,"n":6,"x":1,"y":0}
[completion-event] {"processOrdinal":1,"v":1,"event":11,"begin":"16099225166","end":"16099237208","thread":61,"request":54,"reference":null,"job":null,"n":1,"x":0,"y":0}
[completion-event] {"processOrdinal":1,"v":1,"event":12,"begin":"16099237208","end":"16099238875","thread":61,"request":54,"reference":null,"job":null,"n":1,"x":0,"y":0}
[completion-event] {"processOrdinal":1,"v":1,"event":13,"begin":"16099238875","end":"16099242625","thread":61,"request":54,"reference":null,"job":null,"n":1,"x":0,"y":100}
[completion-event] {"processOrdinal":1,"v":1,"event":10,"begin":"16203427625","end":"16212639583","thread":62,"request":55,"reference":null,"job":null,"n":6,"x":1,"y":0}
[completion-event] {"processOrdinal":1,"v":1,"event":11,"begin":"16212639583","end":"16212650375","thread":62,"request":55,"reference":null,"job":null,"n":1,"x":0,"y":0}
[completion-event] {"processOrdinal":1,"v":1,"event":12,"begin":"16212650375","end":"16212652208","thread":62,"request":55,"reference":null,"job":null,"n":1,"x":0,"y":0}
[completion-event] {"processOrdinal":1,"v":1,"event":13,"begin":"16212652208","end":"16212655958","thread":62,"request":55,"reference":null,"job":null,"n":1,"x":0,"y":100}
[completion-event] {"processOrdinal":1,"v":1,"event":10,"begin":"16316178583","end":"16325479208","thread":63,"request":56,"reference":null,"job":null,"n":6,"x":1,"y":0}
[completion-event] {"processOrdinal":1,"v":1,"event":11,"begin":"16325479208","end":"16325491416","thread":63,"request":56,"reference":null,"job":null,"n":1,"x":0,"y":0}
[completion-event] {"processOrdinal":1,"v":1,"event":12,"begin":"16325491416","end":"16325493041","thread":63,"request":56,"reference":null,"job":null,"n":1,"x":0,"y":0}
[completion-event] {"processOrdinal":1,"v":1,"event":13,"begin":"16325493041","end":"16325496750","thread":63,"request":56,"reference":null,"job":null,"n":1,"x":0,"y":100}
[completion-event] {"processOrdinal":1,"v":1,"event":10,"begin":"16430270458","end":"16439185583","thread":64,"request":57,"reference":null,"job":null,"n":6,"x":1,"y":0}
[completion-event] {"processOrdinal":1,"v":1,"event":11,"begin":"16439185583","end":"16439194583","thread":64,"request":57,"reference":null,"job":null,"n":1,"x":0,"y":0}
[completion-event] {"processOrdinal":1,"v":1,"event":12,"begin":"16439194583","end":"16439196250","thread":64,"request":57,"reference":null,"job":null,"n":1,"x":0,"y":0}
[completion-event] {"processOrdinal":1,"v":1,"event":13,"begin":"16439196250","end":"16439199666","thread":64,"request":57,"reference":null,"job":null,"n":1,"x":0,"y":100}
[completion-event] {"processOrdinal":1,"v":1,"event":10,"begin":"16544989833","end":"16553977875","thread":65,"request":58,"reference":null,"job":null,"n":6,"x":1,"y":0}
[completion-event] {"processOrdinal":1,"v":1,"event":11,"begin":"16553977875","end":"16553988041","thread":65,"request":58,"reference":null,"job":null,"n":1,"x":0,"y":0}
[completion-event] {"processOrdinal":1,"v":1,"event":12,"begin":"16553988041","end":"16553990166","thread":65,"request":58,"reference":null,"job":null,"n":1,"x":0,"y":0}
[completion-event] {"processOrdinal":1,"v":1,"event":13,"begin":"16553990166","end":"16553993583","thread":65,"request":58,"reference":null,"job":null,"n":1,"x":0,"y":100}
[completion-event] {"processOrdinal":1,"v":1,"event":10,"begin":"16657606375","end":"16666647958","thread":66,"request":59,"reference":null,"job":null,"n":6,"x":1,"y":0}
[completion-event] {"processOrdinal":1,"v":1,"event":11,"begin":"16666647958","end":"16666657666","thread":66,"request":59,"reference":null,"job":null,"n":1,"x":0,"y":0}
[completion-event] {"processOrdinal":1,"v":1,"event":12,"begin":"16666657666","end":"16666659541","thread":66,"request":59,"reference":null,"job":null,"n":1,"x":0,"y":0}
[completion-event] {"processOrdinal":1,"v":1,"event":13,"begin":"16666659541","end":"16666663125","thread":66,"request":59,"reference":null,"job":null,"n":1,"x":0,"y":100}
[completion-event] {"processOrdinal":1,"v":1,"event":10,"begin":"16772763083","end":"16781992833","thread":67,"request":60,"reference":null,"job":null,"n":6,"x":1,"y":0}
[completion-event] {"processOrdinal":1,"v":1,"event":11,"begin":"16781992833","end":"16782004250","thread":67,"request":60,"reference":null,"job":null,"n":1,"x":0,"y":0}
[completion-event] {"processOrdinal":1,"v":1,"event":12,"begin":"16782004250","end":"16782006000","thread":67,"request":60,"reference":null,"job":null,"n":1,"x":0,"y":0}
[completion-event] {"processOrdinal":1,"v":1,"event":13,"begin":"16782006000","end":"16782009916","thread":67,"request":60,"reference":null,"job":null,"n":1,"x":0,"y":100}
[completion-event] {"processOrdinal":1,"v":1,"event":10,"begin":"16886915833","end":"16896230166","thread":68,"request":61,"reference":null,"job":null,"n":6,"x":1,"y":0}
[completion-event] {"processOrdinal":1,"v":1,"event":11,"begin":"16896230166","end":"16896238916","thread":68,"request":61,"reference":null,"job":null,"n":1,"x":0,"y":0}
[completion-event] {"processOrdinal":1,"v":1,"event":12,"begin":"16896238916","end":"16896240291","thread":68,"request":61,"reference":null,"job":null,"n":1,"x":0,"y":0}
[completion-event] {"processOrdinal":1,"v":1,"event":13,"begin":"16896240291","end":"16896243458","thread":68,"request":61,"reference":null,"job":null,"n":1,"x":0,"y":100}
[completion-event] {"processOrdinal":1,"v":1,"event":10,"begin":"17001263875","end":"17010656416","thread":69,"request":62,"reference":null,"job":null,"n":6,"x":1,"y":0}
[completion-event] {"processOrdinal":1,"v":1,"event":11,"begin":"17010656416","end":"17010665291","thread":69,"request":62,"reference":null,"job":null,"n":1,"x":0,"y":0}
[completion-event] {"processOrdinal":1,"v":1,"event":12,"begin":"17010665291","end":"17010666833","thread":69,"request":62,"reference":null,"job":null,"n":1,"x":0,"y":0}
[completion-event] {"processOrdinal":1,"v":1,"event":13,"begin":"17010666833","end":"17010669875","thread":69,"request":62,"reference":null,"job":null,"n":1,"x":0,"y":100}
[completion-event] {"processOrdinal":1,"v":1,"event":10,"begin":"17115334625","end":"17124368625","thread":70,"request":63,"reference":null,"job":null,"n":6,"x":1,"y":0}
[completion-event] {"processOrdinal":1,"v":1,"event":11,"begin":"17124368625","end":"17124378583","thread":70,"request":63,"reference":null,"job":null,"n":1,"x":0,"y":0}
[completion-event] {"processOrdinal":1,"v":1,"event":12,"begin":"17124378583","end":"17124380333","thread":70,"request":63,"reference":null,"job":null,"n":1,"x":0,"y":0}
[completion-event] {"processOrdinal":1,"v":1,"event":13,"begin":"17124380333","end":"17124384083","thread":70,"request":63,"reference":null,"job":null,"n":1,"x":0,"y":100}
[completion-event] {"processOrdinal":1,"v":1,"event":10,"begin":"17228230458","end":"17237202583","thread":71,"request":64,"reference":null,"job":null,"n":6,"x":1,"y":0}
[completion-event] {"processOrdinal":1,"v":1,"event":11,"begin":"17237202583","end":"17237211416","thread":71,"request":64,"reference":null,"job":null,"n":1,"x":0,"y":0}
[completion-event] {"processOrdinal":1,"v":1,"event":12,"begin":"17237211416","end":"17237213041","thread":71,"request":64,"reference":null,"job":null,"n":1,"x":0,"y":0}
[completion-event] {"processOrdinal":1,"v":1,"event":13,"begin":"17237213041","end":"17237216375","thread":71,"request":64,"reference":null,"job":null,"n":1,"x":0,"y":100}
[completion-event] {"processOrdinal":1,"v":1,"event":10,"begin":"17342959791","end":"17352023708","thread":72,"request":65,"reference":null,"job":null,"n":6,"x":1,"y":0}
[completion-event] {"processOrdinal":1,"v":1,"event":11,"begin":"17352023708","end":"17352034250","thread":72,"request":65,"reference":null,"job":null,"n":1,"x":0,"y":0}
[completion-event] {"processOrdinal":1,"v":1,"event":12,"begin":"17352034250","end":"17352036375","thread":72,"request":65,"reference":null,"job":null,"n":1,"x":0,"y":0}
[completion-event] {"processOrdinal":1,"v":1,"event":13,"begin":"17352036375","end":"17352040250","thread":72,"request":65,"reference":null,"job":null,"n":1,"x":0,"y":100}
[completion-event] {"processOrdinal":1,"v":1,"event":10,"begin":"17455276458","end":"17464272416","thread":73,"request":66,"reference":null,"job":null,"n":6,"x":1,"y":0}
[completion-event] {"processOrdinal":1,"v":1,"event":11,"begin":"17464272416","end":"17464282916","thread":73,"request":66,"reference":null,"job":null,"n":1,"x":0,"y":0}
[completion-event] {"processOrdinal":1,"v":1,"event":12,"begin":"17464282916","end":"17464284666","thread":73,"request":66,"reference":null,"job":null,"n":1,"x":0,"y":0}
[completion-event] {"processOrdinal":1,"v":1,"event":13,"begin":"17464284666","end":"17464288375","thread":73,"request":66,"reference":null,"job":null,"n":1,"x":0,"y":100}
[completion-event] {"processOrdinal":1,"v":1,"event":10,"begin":"17569962166","end":"17579088666","thread":74,"request":67,"reference":null,"job":null,"n":6,"x":1,"y":0}
[completion-event] {"processOrdinal":1,"v":1,"event":11,"begin":"17579088666","end":"17579099333","thread":74,"request":67,"reference":null,"job":null,"n":1,"x":0,"y":0}
[completion-event] {"processOrdinal":1,"v":1,"event":12,"begin":"17579099333","end":"17579101250","thread":74,"request":67,"reference":null,"job":null,"n":1,"x":0,"y":0}
[completion-event] {"processOrdinal":1,"v":1,"event":13,"begin":"17579101250","end":"17579104875","thread":74,"request":67,"reference":null,"job":null,"n":1,"x":0,"y":100}
[completion-event] {"processOrdinal":1,"v":1,"event":10,"begin":"17684949000","end":"17693951916","thread":75,"request":68,"reference":null,"job":null,"n":6,"x":1,"y":0}
[completion-event] {"processOrdinal":1,"v":1,"event":11,"begin":"17693951916","end":"17693961875","thread":75,"request":68,"reference":null,"job":null,"n":1,"x":0,"y":0}
[completion-event] {"processOrdinal":1,"v":1,"event":12,"begin":"17693961875","end":"17693963625","thread":75,"request":68,"reference":null,"job":null,"n":1,"x":0,"y":0}
[completion-event] {"processOrdinal":1,"v":1,"event":13,"begin":"17693963625","end":"17693967666","thread":75,"request":68,"reference":null,"job":null,"n":1,"x":0,"y":100}
[completion-event] {"processOrdinal":1,"v":1,"event":10,"begin":"17799672291","end":"17808861416","thread":76,"request":69,"reference":null,"job":null,"n":6,"x":1,"y":0}
[completion-event] {"processOrdinal":1,"v":1,"event":11,"begin":"17808861416","end":"17808871791","thread":76,"request":69,"reference":null,"job":null,"n":1,"x":0,"y":0}
[completion-event] {"processOrdinal":1,"v":1,"event":12,"begin":"17808871791","end":"17808873583","thread":76,"request":69,"reference":null,"job":null,"n":1,"x":0,"y":0}
[completion-event] {"processOrdinal":1,"v":1,"event":13,"begin":"17808873583","end":"17808877250","thread":76,"request":69,"reference":null,"job":null,"n":1,"x":0,"y":100}
[completion-event] {"processOrdinal":1,"v":1,"event":10,"begin":"17913794791","end":"17923935583","thread":77,"request":70,"reference":null,"job":null,"n":6,"x":1,"y":0}
[completion-event] {"processOrdinal":1,"v":1,"event":11,"begin":"17923935583","end":"17923943333","thread":77,"request":70,"reference":null,"job":null,"n":1,"x":0,"y":0}
[completion-event] {"processOrdinal":1,"v":1,"event":12,"begin":"17923943333","end":"17923944708","thread":77,"request":70,"reference":null,"job":null,"n":1,"x":0,"y":0}
[completion-event] {"processOrdinal":1,"v":1,"event":13,"begin":"17923944708","end":"17923948125","thread":77,"request":70,"reference":null,"job":null,"n":1,"x":0,"y":100}
[completion-event] {"processOrdinal":1,"v":1,"event":10,"begin":"18028123916","end":"18037054291","thread":78,"request":71,"reference":null,"job":null,"n":6,"x":1,"y":0}
[completion-event] {"processOrdinal":1,"v":1,"event":11,"begin":"18037054291","end":"18037061583","thread":78,"request":71,"reference":null,"job":null,"n":1,"x":0,"y":0}
[completion-event] {"processOrdinal":1,"v":1,"event":12,"begin":"18037061583","end":"18037063000","thread":78,"request":71,"reference":null,"job":null,"n":1,"x":0,"y":0}
[completion-event] {"processOrdinal":1,"v":1,"event":13,"begin":"18037063000","end":"18037066416","thread":78,"request":71,"reference":null,"job":null,"n":1,"x":0,"y":100}
[completion-event] {"processOrdinal":1,"v":1,"event":10,"begin":"18141880333","end":"18161611916","thread":79,"request":72,"reference":null,"job":null,"n":7,"x":2,"y":0}
[completion-event] {"processOrdinal":1,"v":1,"event":11,"begin":"18161611916","end":"18161624125","thread":79,"request":72,"reference":null,"job":null,"n":1,"x":0,"y":0}
[completion-event] {"processOrdinal":1,"v":1,"event":12,"begin":"18161624125","end":"18161626041","thread":79,"request":72,"reference":null,"job":null,"n":1,"x":0,"y":0}
[completion-event] {"processOrdinal":1,"v":1,"event":13,"begin":"18161626041","end":"18161630125","thread":79,"request":72,"reference":null,"job":null,"n":1,"x":0,"y":100}
[completion-event] {"processOrdinal":1,"v":1,"event":10,"begin":"18268610541","end":"18288044916","thread":80,"request":73,"reference":null,"job":null,"n":7,"x":2,"y":0}
[completion-event] {"processOrdinal":1,"v":1,"event":11,"begin":"18288044916","end":"18288057208","thread":80,"request":73,"reference":null,"job":null,"n":1,"x":0,"y":0}
[completion-event] {"processOrdinal":1,"v":1,"event":12,"begin":"18288057208","end":"18288058833","thread":80,"request":73,"reference":null,"job":null,"n":1,"x":0,"y":0}
[completion-event] {"processOrdinal":1,"v":1,"event":13,"begin":"18288058833","end":"18288062750","thread":80,"request":73,"reference":null,"job":null,"n":1,"x":0,"y":100}
[completion-event] {"processOrdinal":1,"v":1,"event":10,"begin":"18394004583","end":"18413851000","thread":81,"request":74,"reference":null,"job":null,"n":7,"x":2,"y":0}
[completion-event] {"processOrdinal":1,"v":1,"event":11,"begin":"18413851000","end":"18413862916","thread":81,"request":74,"reference":null,"job":null,"n":1,"x":0,"y":0}
[completion-event] {"processOrdinal":1,"v":1,"event":12,"begin":"18413862916","end":"18413864958","thread":81,"request":74,"reference":null,"job":null,"n":1,"x":0,"y":0}
[completion-event] {"processOrdinal":1,"v":1,"event":13,"begin":"18413864958","end":"18413868666","thread":81,"request":74,"reference":null,"job":null,"n":1,"x":0,"y":100}
[completion-event] {"processOrdinal":1,"v":1,"event":10,"begin":"18520179083","end":"18539885750","thread":82,"request":75,"reference":null,"job":null,"n":7,"x":2,"y":0}
[completion-event] {"processOrdinal":1,"v":1,"event":11,"begin":"18539885750","end":"18539897583","thread":82,"request":75,"reference":null,"job":null,"n":1,"x":0,"y":0}
[completion-event] {"processOrdinal":1,"v":1,"event":12,"begin":"18539897583","end":"18539899583","thread":82,"request":75,"reference":null,"job":null,"n":1,"x":0,"y":0}
[completion-event] {"processOrdinal":1,"v":1,"event":13,"begin":"18539899583","end":"18539903125","thread":82,"request":75,"reference":null,"job":null,"n":1,"x":0,"y":100}
[completion-event] {"processOrdinal":1,"v":1,"event":2,"begin":"18606281750","end":"18606281750","thread":6,"request":0,"reference":"968609da35a16e847b750a9940bc4e1aca1cf72e92c006ca77f066583cbf2fa0","job":"9a6d417cfbe21e8fa699c1e41309b122917e38c9ee2978426846a6f37b14cc3f","n":0,"x":0,"y":0}
[completion-event] {"processOrdinal":1,"v":1,"event":3,"begin":"18606300083","end":"18606300083","thread":83,"request":0,"reference":"968609da35a16e847b750a9940bc4e1aca1cf72e92c006ca77f066583cbf2fa0","job":"9a6d417cfbe21e8fa699c1e41309b122917e38c9ee2978426846a6f37b14cc3f","n":0,"x":0,"y":0}
[completion-event] {"processOrdinal":1,"v":1,"event":4,"begin":"18887339416","end":"18887339416","thread":83,"request":0,"reference":"968609da35a16e847b750a9940bc4e1aca1cf72e92c006ca77f066583cbf2fa0","job":"9a6d417cfbe21e8fa699c1e41309b122917e38c9ee2978426846a6f37b14cc3f","n":0,"x":0,"y":0}
[completion-event] {"processOrdinal":1,"v":1,"event":10,"begin":"18885803625","end":"18907562750","thread":84,"request":76,"reference":null,"job":null,"n":7,"x":2,"y":0}
[completion-event] {"processOrdinal":1,"v":1,"event":11,"begin":"18907562750","end":"18907574333","thread":84,"request":76,"reference":null,"job":null,"n":1,"x":0,"y":0}
[completion-event] {"processOrdinal":1,"v":1,"event":12,"begin":"18907574333","end":"18907576291","thread":84,"request":76,"reference":null,"job":null,"n":1,"x":0,"y":0}
[completion-event] {"processOrdinal":1,"v":1,"event":13,"begin":"18907576291","end":"18907580083","thread":84,"request":76,"reference":null,"job":null,"n":1,"x":0,"y":100}
[completion-event] {"processOrdinal":1,"v":1,"event":2,"begin":"19045166416","end":"19045166416","thread":6,"request":0,"reference":"01a8480f4406e18a9e2d6d8e61d8bfb6822b224c99119c3ec8c4728d258e3f02","job":"67f82d63ec1a0ef8a8b8ef74e9f7460318884e613b95144eac24fb3acbcd227e","n":0,"x":0,"y":0}
[completion-event] {"processOrdinal":1,"v":1,"event":10,"begin":"19127563000","end":"19171601958","thread":85,"request":77,"reference":null,"job":null,"n":7,"x":2,"y":0}
[completion-event] {"processOrdinal":1,"v":1,"event":11,"begin":"19171601958","end":"19171612458","thread":85,"request":77,"reference":null,"job":null,"n":1,"x":0,"y":0}
[completion-event] {"processOrdinal":1,"v":1,"event":12,"begin":"19171612458","end":"19171614208","thread":85,"request":77,"reference":null,"job":null,"n":1,"x":0,"y":0}
[completion-event] {"processOrdinal":1,"v":1,"event":13,"begin":"19171614208","end":"19171617583","thread":85,"request":77,"reference":null,"job":null,"n":1,"x":0,"y":100}
[completion-event] {"processOrdinal":1,"v":1,"event":2,"begin":"19306287333","end":"19306287333","thread":6,"request":0,"reference":"1599862826ada45ee297459be7f26c98c71dab35de03990f4e92039691fceccf","job":"830dcfdab75513e73b69743c2daba51d06da6d19214a5e3bc500cdab088fb732","n":0,"x":0,"y":0}
[completion-event] {"processOrdinal":1,"v":1,"event":10,"begin":"19306667875","end":"19326604625","thread":86,"request":78,"reference":null,"job":null,"n":7,"x":2,"y":0}
[completion-event] {"processOrdinal":1,"v":1,"event":11,"begin":"19326604625","end":"19326615541","thread":86,"request":78,"reference":null,"job":null,"n":1,"x":0,"y":0}
[completion-event] {"processOrdinal":1,"v":1,"event":12,"begin":"19326615541","end":"19326617083","thread":86,"request":78,"reference":null,"job":null,"n":1,"x":0,"y":0}
[completion-event] {"processOrdinal":1,"v":1,"event":13,"begin":"19326617083","end":"19326620958","thread":86,"request":78,"reference":null,"job":null,"n":1,"x":0,"y":100}
[completion-event] {"processOrdinal":1,"v":1,"event":2,"begin":"19472570375","end":"19472570375","thread":6,"request":0,"reference":"b4606cef6728f94c619de4cbf8566db1316857d4e2fb777dcc97d4bc3cd19d01","job":"5c25437ccb97c0d668109a103c88ed381de8a7fab02c4f88a9292b240bd4af3f","n":0,"x":0,"y":0}
[completion-event] {"processOrdinal":1,"v":1,"event":10,"begin":"19432695791","end":"19483473416","thread":87,"request":79,"reference":null,"job":null,"n":7,"x":2,"y":0}
[completion-event] {"processOrdinal":1,"v":1,"event":11,"begin":"19483473416","end":"19483485250","thread":87,"request":79,"reference":null,"job":null,"n":1,"x":0,"y":0}
[completion-event] {"processOrdinal":1,"v":1,"event":12,"begin":"19483485250","end":"19483487041","thread":87,"request":79,"reference":null,"job":null,"n":1,"x":0,"y":0}
[completion-event] {"processOrdinal":1,"v":1,"event":13,"begin":"19483487041","end":"19483490041","thread":87,"request":79,"reference":null,"job":null,"n":1,"x":0,"y":100}
[completion-event] {"processOrdinal":1,"v":1,"event":10,"begin":"19590082125","end":"19611498708","thread":88,"request":80,"reference":null,"job":null,"n":7,"x":2,"y":0}
[completion-event] {"processOrdinal":1,"v":1,"event":11,"begin":"19611498708","end":"19611510916","thread":88,"request":80,"reference":null,"job":null,"n":1,"x":0,"y":0}
[completion-event] {"processOrdinal":1,"v":1,"event":12,"begin":"19611510916","end":"19611512666","thread":88,"request":80,"reference":null,"job":null,"n":1,"x":0,"y":0}
[completion-event] {"processOrdinal":1,"v":1,"event":13,"begin":"19611512666","end":"19611515958","thread":88,"request":80,"reference":null,"job":null,"n":1,"x":0,"y":100}
[completion-event] {"processOrdinal":1,"v":1,"event":10,"begin":"19718037958","end":"19737945875","thread":89,"request":81,"reference":null,"job":null,"n":7,"x":2,"y":0}
[completion-event] {"processOrdinal":1,"v":1,"event":11,"begin":"19737945875","end":"19737957666","thread":89,"request":81,"reference":null,"job":null,"n":1,"x":0,"y":0}
[completion-event] {"processOrdinal":1,"v":1,"event":12,"begin":"19737957666","end":"19737959375","thread":89,"request":81,"reference":null,"job":null,"n":1,"x":0,"y":0}
[completion-event] {"processOrdinal":1,"v":1,"event":13,"begin":"19737959375","end":"19737962791","thread":89,"request":81,"reference":null,"job":null,"n":1,"x":0,"y":100}
[completion-event] {"processOrdinal":1,"v":1,"event":10,"begin":"19845388583","end":"19865135583","thread":90,"request":82,"reference":null,"job":null,"n":7,"x":2,"y":0}
[completion-event] {"processOrdinal":1,"v":1,"event":11,"begin":"19865135583","end":"19865148083","thread":90,"request":82,"reference":null,"job":null,"n":1,"x":0,"y":0}
[completion-event] {"processOrdinal":1,"v":1,"event":12,"begin":"19865148083","end":"19865149708","thread":90,"request":82,"reference":null,"job":null,"n":1,"x":0,"y":0}
[completion-event] {"processOrdinal":1,"v":1,"event":13,"begin":"19865149708","end":"19865152875","thread":90,"request":82,"reference":null,"job":null,"n":1,"x":0,"y":100}
[completion-event] {"processOrdinal":1,"v":1,"event":10,"begin":"19971790083","end":"19991020375","thread":91,"request":83,"reference":null,"job":null,"n":7,"x":2,"y":0}
[completion-event] {"processOrdinal":1,"v":1,"event":11,"begin":"19991020375","end":"19991033083","thread":91,"request":83,"reference":null,"job":null,"n":1,"x":0,"y":0}
[completion-event] {"processOrdinal":1,"v":1,"event":12,"begin":"19991033083","end":"19991034875","thread":91,"request":83,"reference":null,"job":null,"n":1,"x":0,"y":0}
[completion-event] {"processOrdinal":1,"v":1,"event":13,"begin":"19991034875","end":"19991038791","thread":91,"request":83,"reference":null,"job":null,"n":1,"x":0,"y":100}
[completion-event] {"processOrdinal":1,"v":1,"event":10,"begin":"20096552000","end":"20116554375","thread":92,"request":84,"reference":null,"job":null,"n":7,"x":2,"y":0}
[completion-event] {"processOrdinal":1,"v":1,"event":11,"begin":"20116554375","end":"20116568291","thread":92,"request":84,"reference":null,"job":null,"n":1,"x":0,"y":0}
[completion-event] {"processOrdinal":1,"v":1,"event":12,"begin":"20116568291","end":"20116569875","thread":92,"request":84,"reference":null,"job":null,"n":1,"x":0,"y":0}
[completion-event] {"processOrdinal":1,"v":1,"event":13,"begin":"20116569875","end":"20116573500","thread":92,"request":84,"reference":null,"job":null,"n":1,"x":0,"y":100}
[completion-event] {"processOrdinal":1,"v":1,"event":10,"begin":"20222233291","end":"20241818375","thread":93,"request":85,"reference":null,"job":null,"n":7,"x":2,"y":0}
[completion-event] {"processOrdinal":1,"v":1,"event":11,"begin":"20241818375","end":"20241830458","thread":93,"request":85,"reference":null,"job":null,"n":1,"x":0,"y":0}
[completion-event] {"processOrdinal":1,"v":1,"event":12,"begin":"20241830458","end":"20241832041","thread":93,"request":85,"reference":null,"job":null,"n":1,"x":0,"y":0}
[completion-event] {"processOrdinal":1,"v":1,"event":13,"begin":"20241832041","end":"20241835125","thread":93,"request":85,"reference":null,"job":null,"n":1,"x":0,"y":100}
[completion-event] {"processOrdinal":1,"v":1,"event":10,"begin":"20347804458","end":"20367513333","thread":94,"request":86,"reference":null,"job":null,"n":7,"x":2,"y":0}
[completion-event] {"processOrdinal":1,"v":1,"event":11,"begin":"20367513333","end":"20367535166","thread":94,"request":86,"reference":null,"job":null,"n":1,"x":0,"y":0}
[completion-event] {"processOrdinal":1,"v":1,"event":12,"begin":"20367535166","end":"20367538041","thread":94,"request":86,"reference":null,"job":null,"n":1,"x":0,"y":0}
[completion-event] {"processOrdinal":1,"v":1,"event":13,"begin":"20367538041","end":"20367543583","thread":94,"request":86,"reference":null,"job":null,"n":1,"x":0,"y":100}
[completion-event] {"processOrdinal":1,"v":1,"event":10,"begin":"20474228916","end":"20494579375","thread":95,"request":87,"reference":null,"job":null,"n":7,"x":2,"y":0}
[completion-event] {"processOrdinal":1,"v":1,"event":11,"begin":"20494579375","end":"20494599458","thread":95,"request":87,"reference":null,"job":null,"n":1,"x":0,"y":0}
[completion-event] {"processOrdinal":1,"v":1,"event":12,"begin":"20494599458","end":"20494601791","thread":95,"request":87,"reference":null,"job":null,"n":1,"x":0,"y":0}
[completion-event] {"processOrdinal":1,"v":1,"event":13,"begin":"20494601791","end":"20494605333","thread":95,"request":87,"reference":null,"job":null,"n":1,"x":0,"y":100}
[completion-event] {"processOrdinal":1,"v":1,"event":10,"begin":"20600650000","end":"20621382958","thread":96,"request":88,"reference":null,"job":null,"n":7,"x":2,"y":0}
[completion-event] {"processOrdinal":1,"v":1,"event":11,"begin":"20621382958","end":"20621396000","thread":96,"request":88,"reference":null,"job":null,"n":1,"x":0,"y":0}
[completion-event] {"processOrdinal":1,"v":1,"event":12,"begin":"20621396000","end":"20621397666","thread":96,"request":88,"reference":null,"job":null,"n":1,"x":0,"y":0}
[completion-event] {"processOrdinal":1,"v":1,"event":13,"begin":"20621397666","end":"20621400916","thread":96,"request":88,"reference":null,"job":null,"n":1,"x":0,"y":100}
[completion-event] {"processOrdinal":1,"v":1,"event":10,"begin":"20726947375","end":"20746664625","thread":97,"request":89,"reference":null,"job":null,"n":7,"x":2,"y":0}
[completion-event] {"processOrdinal":1,"v":1,"event":11,"begin":"20746664625","end":"20746676958","thread":97,"request":89,"reference":null,"job":null,"n":1,"x":0,"y":0}
[completion-event] {"processOrdinal":1,"v":1,"event":12,"begin":"20746676958","end":"20746678500","thread":97,"request":89,"reference":null,"job":null,"n":1,"x":0,"y":0}
[completion-event] {"processOrdinal":1,"v":1,"event":13,"begin":"20746678500","end":"20746682083","thread":97,"request":89,"reference":null,"job":null,"n":1,"x":0,"y":100}
[completion-event] {"processOrdinal":1,"v":1,"event":10,"begin":"20853160166","end":"20872079000","thread":98,"request":90,"reference":null,"job":null,"n":7,"x":2,"y":0}
[completion-event] {"processOrdinal":1,"v":1,"event":11,"begin":"20872079000","end":"20872090083","thread":98,"request":90,"reference":null,"job":null,"n":1,"x":0,"y":0}
[completion-event] {"processOrdinal":1,"v":1,"event":12,"begin":"20872090083","end":"20872091458","thread":98,"request":90,"reference":null,"job":null,"n":1,"x":0,"y":0}
[completion-event] {"processOrdinal":1,"v":1,"event":13,"begin":"20872091458","end":"20872094875","thread":98,"request":90,"reference":null,"job":null,"n":1,"x":0,"y":100}
[completion-event] {"processOrdinal":1,"v":1,"event":10,"begin":"20978738500","end":"20997783041","thread":99,"request":91,"reference":null,"job":null,"n":7,"x":2,"y":0}
[completion-event] {"processOrdinal":1,"v":1,"event":11,"begin":"20997783041","end":"20997796833","thread":99,"request":91,"reference":null,"job":null,"n":1,"x":0,"y":0}
[completion-event] {"processOrdinal":1,"v":1,"event":12,"begin":"20997796833","end":"20997798583","thread":99,"request":91,"reference":null,"job":null,"n":1,"x":0,"y":0}
[completion-event] {"processOrdinal":1,"v":1,"event":13,"begin":"20997798583","end":"20997802666","thread":99,"request":91,"reference":null,"job":null,"n":1,"x":0,"y":100}
[completion-event] {"processOrdinal":1,"v":1,"event":10,"begin":"21103742958","end":"21123135333","thread":100,"request":92,"reference":null,"job":null,"n":7,"x":2,"y":0}
[completion-event] {"processOrdinal":1,"v":1,"event":11,"begin":"21123135333","end":"21123147916","thread":100,"request":92,"reference":null,"job":null,"n":1,"x":0,"y":0}
[completion-event] {"processOrdinal":1,"v":1,"event":12,"begin":"21123147916","end":"21123149583","thread":100,"request":92,"reference":null,"job":null,"n":1,"x":0,"y":0}
[completion-event] {"processOrdinal":1,"v":1,"event":13,"begin":"21123149583","end":"21123153166","thread":100,"request":92,"reference":null,"job":null,"n":1,"x":0,"y":100}
[completion-event] {"processOrdinal":1,"v":1,"event":10,"begin":"21229992833","end":"21249848291","thread":101,"request":93,"reference":null,"job":null,"n":7,"x":2,"y":0}
[completion-event] {"processOrdinal":1,"v":1,"event":11,"begin":"21249848291","end":"21249861666","thread":101,"request":93,"reference":null,"job":null,"n":1,"x":0,"y":0}
[completion-event] {"processOrdinal":1,"v":1,"event":12,"begin":"21249861666","end":"21249863583","thread":101,"request":93,"reference":null,"job":null,"n":1,"x":0,"y":0}
[completion-event] {"processOrdinal":1,"v":1,"event":13,"begin":"21249863583","end":"21249867125","thread":101,"request":93,"reference":null,"job":null,"n":1,"x":0,"y":100}
[completion-event] {"processOrdinal":1,"v":1,"event":10,"begin":"21356014000","end":"21375706625","thread":102,"request":94,"reference":null,"job":null,"n":7,"x":2,"y":0}
[completion-event] {"processOrdinal":1,"v":1,"event":11,"begin":"21375706625","end":"21375729375","thread":102,"request":94,"reference":null,"job":null,"n":1,"x":0,"y":0}
[completion-event] {"processOrdinal":1,"v":1,"event":12,"begin":"21375729375","end":"21375732458","thread":102,"request":94,"reference":null,"job":null,"n":1,"x":0,"y":0}
[completion-event] {"processOrdinal":1,"v":1,"event":13,"begin":"21375732458","end":"21375738375","thread":102,"request":94,"reference":null,"job":null,"n":1,"x":0,"y":100}
[completion-event] {"processOrdinal":1,"v":1,"event":10,"begin":"21481594583","end":"21501901041","thread":103,"request":95,"reference":null,"job":null,"n":7,"x":2,"y":0}
[completion-event] {"processOrdinal":1,"v":1,"event":11,"begin":"21501901041","end":"21501912666","thread":103,"request":95,"reference":null,"job":null,"n":1,"x":0,"y":0}
[completion-event] {"processOrdinal":1,"v":1,"event":12,"begin":"21501912666","end":"21501914333","thread":103,"request":95,"reference":null,"job":null,"n":1,"x":0,"y":0}
[completion-event] {"processOrdinal":1,"v":1,"event":13,"begin":"21501914333","end":"21501917833","thread":103,"request":95,"reference":null,"job":null,"n":1,"x":0,"y":100}
[completion-event] {"processOrdinal":1,"v":1,"event":10,"begin":"21607633875","end":"21627339125","thread":104,"request":96,"reference":null,"job":null,"n":7,"x":2,"y":0}
[completion-event] {"processOrdinal":1,"v":1,"event":11,"begin":"21627339125","end":"21627350541","thread":104,"request":96,"reference":null,"job":null,"n":1,"x":0,"y":0}
[completion-event] {"processOrdinal":1,"v":1,"event":12,"begin":"21627350541","end":"21627352250","thread":104,"request":96,"reference":null,"job":null,"n":1,"x":0,"y":0}
[completion-event] {"processOrdinal":1,"v":1,"event":13,"begin":"21627352250","end":"21627356083","thread":104,"request":96,"reference":null,"job":null,"n":1,"x":0,"y":100}
[completion-event] {"processOrdinal":1,"v":1,"event":10,"begin":"21732977833","end":"21756410208","thread":105,"request":97,"reference":null,"job":null,"n":7,"x":2,"y":0}
[completion-event] {"processOrdinal":1,"v":1,"event":11,"begin":"21756410208","end":"21756420000","thread":105,"request":97,"reference":null,"job":null,"n":1,"x":0,"y":0}
[completion-event] {"processOrdinal":1,"v":1,"event":12,"begin":"21756420000","end":"21756421375","thread":105,"request":97,"reference":null,"job":null,"n":1,"x":0,"y":0}
[completion-event] {"processOrdinal":1,"v":1,"event":13,"begin":"21756421375","end":"21756424666","thread":105,"request":97,"reference":null,"job":null,"n":1,"x":0,"y":100}
[completion-event] {"processOrdinal":1,"v":1,"event":10,"begin":"21861720625","end":"21883024958","thread":106,"request":98,"reference":null,"job":null,"n":7,"x":2,"y":0}
[completion-event] {"processOrdinal":1,"v":1,"event":11,"begin":"21883024958","end":"21883039791","thread":106,"request":98,"reference":null,"job":null,"n":1,"x":0,"y":0}
[completion-event] {"processOrdinal":1,"v":1,"event":12,"begin":"21883039791","end":"21883041416","thread":106,"request":98,"reference":null,"job":null,"n":1,"x":0,"y":0}
[completion-event] {"processOrdinal":1,"v":1,"event":13,"begin":"21883041416","end":"21883045000","thread":106,"request":98,"reference":null,"job":null,"n":1,"x":0,"y":100}
[completion-event] {"processOrdinal":1,"v":1,"event":10,"begin":"21990154583","end":"22010159041","thread":107,"request":99,"reference":null,"job":null,"n":7,"x":2,"y":0}
[completion-event] {"processOrdinal":1,"v":1,"event":11,"begin":"22010159041","end":"22010170416","thread":107,"request":99,"reference":null,"job":null,"n":1,"x":0,"y":0}
[completion-event] {"processOrdinal":1,"v":1,"event":12,"begin":"22010170416","end":"22010172041","thread":107,"request":99,"reference":null,"job":null,"n":1,"x":0,"y":0}
[completion-event] {"processOrdinal":1,"v":1,"event":13,"begin":"22010172041","end":"22010174916","thread":107,"request":99,"reference":null,"job":null,"n":1,"x":0,"y":100}
[completion-event] {"processOrdinal":1,"v":1,"event":10,"begin":"22116915041","end":"22137069958","thread":108,"request":100,"reference":null,"job":null,"n":7,"x":2,"y":0}
[completion-event] {"processOrdinal":1,"v":1,"event":11,"begin":"22137069958","end":"22137082333","thread":108,"request":100,"reference":null,"job":null,"n":1,"x":0,"y":0}
[completion-event] {"processOrdinal":1,"v":1,"event":12,"begin":"22137082333","end":"22137084250","thread":108,"request":100,"reference":null,"job":null,"n":1,"x":0,"y":0}
[completion-event] {"processOrdinal":1,"v":1,"event":13,"begin":"22137084250","end":"22137087416","thread":108,"request":100,"reference":null,"job":null,"n":1,"x":0,"y":100}
[completion-event] {"processOrdinal":1,"v":1,"event":10,"begin":"22241240083","end":"22260865166","thread":109,"request":101,"reference":null,"job":null,"n":7,"x":2,"y":0}
[completion-event] {"processOrdinal":1,"v":1,"event":11,"begin":"22260865166","end":"22260877625","thread":109,"request":101,"reference":null,"job":null,"n":1,"x":0,"y":0}
[completion-event] {"processOrdinal":1,"v":1,"event":12,"begin":"22260877625","end":"22260879500","thread":109,"request":101,"reference":null,"job":null,"n":1,"x":0,"y":0}
[completion-event] {"processOrdinal":1,"v":1,"event":13,"begin":"22260879500","end":"22260882875","thread":109,"request":101,"reference":null,"job":null,"n":1,"x":0,"y":100}
[completion-event] {"processOrdinal":1,"v":1,"event":10,"begin":"22366795250","end":"22386544791","thread":110,"request":102,"reference":null,"job":null,"n":7,"x":2,"y":0}
[completion-event] {"processOrdinal":1,"v":1,"event":11,"begin":"22386544791","end":"22386556375","thread":110,"request":102,"reference":null,"job":null,"n":1,"x":0,"y":0}
[completion-event] {"processOrdinal":1,"v":1,"event":12,"begin":"22386556375","end":"22386557875","thread":110,"request":102,"reference":null,"job":null,"n":1,"x":0,"y":0}
[completion-event] {"processOrdinal":1,"v":1,"event":13,"begin":"22386557875","end":"22386561166","thread":110,"request":102,"reference":null,"job":null,"n":1,"x":0,"y":100}
[completion-event] {"processOrdinal":1,"v":1,"event":6,"begin":"22671696333","end":"22671696333","thread":83,"request":0,"reference":"968609da35a16e847b750a9940bc4e1aca1cf72e92c006ca77f066583cbf2fa0","job":"9a6d417cfbe21e8fa699c1e41309b122917e38c9ee2978426846a6f37b14cc3f","n":0,"x":0,"y":0}
[completion-event] {"processOrdinal":1,"v":1,"event":7,"begin":"22998034291","end":"22998034291","thread":83,"request":0,"reference":"968609da35a16e847b750a9940bc4e1aca1cf72e92c006ca77f066583cbf2fa0","job":"9a6d417cfbe21e8fa699c1e41309b122917e38c9ee2978426846a6f37b14cc3f","n":0,"x":0,"y":0}
[completion-event] {"processOrdinal":1,"v":1,"event":10,"begin":"22711889000","end":"22999935416","thread":111,"request":103,"reference":null,"job":null,"n":9,"x":2,"y":0}
[completion-event] {"processOrdinal":1,"v":1,"event":11,"begin":"22999935416","end":"22999947250","thread":111,"request":103,"reference":null,"job":null,"n":2,"x":0,"y":0}
[completion-event] {"processOrdinal":1,"v":1,"event":12,"begin":"22999947250","end":"22999952708","thread":111,"request":103,"reference":null,"job":null,"n":2,"x":0,"y":0}
[completion-event] {"processOrdinal":1,"v":1,"event":13,"begin":"22999952708","end":"22999955666","thread":111,"request":103,"reference":null,"job":null,"n":2,"x":0,"y":100}
[completion-event] {"processOrdinal":1,"v":1,"event":8,"begin":"23227997416","end":"23227997416","thread":83,"request":0,"reference":"968609da35a16e847b750a9940bc4e1aca1cf72e92c006ca77f066583cbf2fa0","job":"9a6d417cfbe21e8fa699c1e41309b122917e38c9ee2978426846a6f37b14cc3f","n":0,"x":0,"y":0}
[completion-event] {"processOrdinal":1,"v":1,"event":5,"begin":"23228254541","end":"23228254541","thread":83,"request":0,"reference":"968609da35a16e847b750a9940bc4e1aca1cf72e92c006ca77f066583cbf2fa0","job":"9a6d417cfbe21e8fa699c1e41309b122917e38c9ee2978426846a6f37b14cc3f","n":1,"x":0,"y":0}
[completion-event] {"processOrdinal":1,"v":1,"event":3,"begin":"23228355875","end":"23228355875","thread":83,"request":0,"reference":"01a8480f4406e18a9e2d6d8e61d8bfb6822b224c99119c3ec8c4728d258e3f02","job":"67f82d63ec1a0ef8a8b8ef74e9f7460318884e613b95144eac24fb3acbcd227e","n":0,"x":0,"y":0}
[completion-event] {"processOrdinal":1,"v":1,"event":4,"begin":"23696195375","end":"23696195375","thread":83,"request":0,"reference":"01a8480f4406e18a9e2d6d8e61d8bfb6822b224c99119c3ec8c4728d258e3f02","job":"67f82d63ec1a0ef8a8b8ef74e9f7460318884e613b95144eac24fb3acbcd227e","n":0,"x":0,"y":0}
[completion-event] {"processOrdinal":1,"v":1,"event":10,"begin":"23422299625","end":"23745272791","thread":112,"request":104,"reference":null,"job":null,"n":9,"x":4,"y":0}
[completion-event] {"processOrdinal":1,"v":1,"event":11,"begin":"23745272791","end":"23745291791","thread":112,"request":104,"reference":null,"job":null,"n":2,"x":0,"y":0}
[completion-event] {"processOrdinal":1,"v":1,"event":12,"begin":"23745291791","end":"23745297083","thread":112,"request":104,"reference":null,"job":null,"n":2,"x":0,"y":0}
[completion-event] {"processOrdinal":1,"v":1,"event":13,"begin":"23745297083","end":"23745300458","thread":112,"request":104,"reference":null,"job":null,"n":2,"x":0,"y":100}
[completion-event] {"processOrdinal":1,"v":1,"event":10,"begin":"24021803416","end":"24202793541","thread":113,"request":105,"reference":null,"job":null,"n":9,"x":4,"y":0}
[completion-event] {"processOrdinal":1,"v":1,"event":11,"begin":"24202793541","end":"24202810458","thread":113,"request":105,"reference":null,"job":null,"n":2,"x":0,"y":0}
[completion-event] {"processOrdinal":1,"v":1,"event":12,"begin":"24202810458","end":"24202815041","thread":113,"request":105,"reference":null,"job":null,"n":2,"x":0,"y":0}
[completion-event] {"processOrdinal":1,"v":1,"event":13,"begin":"24202815041","end":"24202818166","thread":113,"request":105,"reference":null,"job":null,"n":2,"x":0,"y":100}
[completion-event] {"processOrdinal":1,"v":1,"event":10,"begin":"24505856375","end":"24601325791","thread":114,"request":106,"reference":null,"job":null,"n":9,"x":4,"y":0}
[completion-event] {"processOrdinal":1,"v":1,"event":11,"begin":"24601325791","end":"24601357333","thread":114,"request":106,"reference":null,"job":null,"n":2,"x":0,"y":0}
[completion-event] {"processOrdinal":1,"v":1,"event":12,"begin":"24601357333","end":"24601371666","thread":114,"request":106,"reference":null,"job":null,"n":2,"x":0,"y":0}
[completion-event] {"processOrdinal":1,"v":1,"event":13,"begin":"24601371666","end":"24601377500","thread":114,"request":106,"reference":null,"job":null,"n":2,"x":0,"y":100}
[completion-event] {"processOrdinal":1,"v":1,"event":10,"begin":"24909437333","end":"25004762958","thread":115,"request":107,"reference":null,"job":null,"n":9,"x":4,"y":0}
[completion-event] {"processOrdinal":1,"v":1,"event":11,"begin":"25004762958","end":"25004782458","thread":115,"request":107,"reference":null,"job":null,"n":2,"x":0,"y":0}
[completion-event] {"processOrdinal":1,"v":1,"event":12,"begin":"25004782458","end":"25004788458","thread":115,"request":107,"reference":null,"job":null,"n":2,"x":0,"y":0}
[completion-event] {"processOrdinal":1,"v":1,"event":13,"begin":"25004788458","end":"25004792041","thread":115,"request":107,"reference":null,"job":null,"n":2,"x":0,"y":100}
[completion-event] {"processOrdinal":1,"v":1,"event":10,"begin":"25310239291","end":"25405745583","thread":116,"request":108,"reference":null,"job":null,"n":9,"x":4,"y":0}
[completion-event] {"processOrdinal":1,"v":1,"event":11,"begin":"25405745583","end":"25405763500","thread":116,"request":108,"reference":null,"job":null,"n":2,"x":0,"y":0}
[completion-event] {"processOrdinal":1,"v":1,"event":12,"begin":"25405763500","end":"25405769000","thread":116,"request":108,"reference":null,"job":null,"n":2,"x":0,"y":0}
[completion-event] {"processOrdinal":1,"v":1,"event":13,"begin":"25405769000","end":"25405772458","thread":116,"request":108,"reference":null,"job":null,"n":2,"x":0,"y":100}
[completion-event] {"processOrdinal":1,"v":1,"event":10,"begin":"25715104208","end":"25816231208","thread":117,"request":109,"reference":null,"job":null,"n":9,"x":4,"y":0}
[completion-event] {"processOrdinal":1,"v":1,"event":11,"begin":"25816231208","end":"25816249791","thread":117,"request":109,"reference":null,"job":null,"n":2,"x":0,"y":0}
[completion-event] {"processOrdinal":1,"v":1,"event":12,"begin":"25816249791","end":"25816255333","thread":117,"request":109,"reference":null,"job":null,"n":2,"x":0,"y":0}
[completion-event] {"processOrdinal":1,"v":1,"event":13,"begin":"25816255333","end":"25816258666","thread":117,"request":109,"reference":null,"job":null,"n":2,"x":0,"y":100}
[completion-event] {"processOrdinal":1,"v":1,"event":10,"begin":"26125081291","end":"26227179333","thread":118,"request":110,"reference":null,"job":null,"n":9,"x":4,"y":0}
[completion-event] {"processOrdinal":1,"v":1,"event":11,"begin":"26227179333","end":"26227198166","thread":118,"request":110,"reference":null,"job":null,"n":2,"x":0,"y":0}
[completion-event] {"processOrdinal":1,"v":1,"event":12,"begin":"26227198166","end":"26227203541","thread":118,"request":110,"reference":null,"job":null,"n":2,"x":0,"y":0}
[completion-event] {"processOrdinal":1,"v":1,"event":13,"begin":"26227203541","end":"26227207625","thread":118,"request":110,"reference":null,"job":null,"n":2,"x":0,"y":100}
[completion-event] {"processOrdinal":1,"v":1,"event":10,"begin":"26541532041","end":"26647289791","thread":119,"request":111,"reference":null,"job":null,"n":9,"x":4,"y":0}
[completion-event] {"processOrdinal":1,"v":1,"event":11,"begin":"26647289791","end":"26647305250","thread":119,"request":111,"reference":null,"job":null,"n":2,"x":0,"y":0}
[completion-event] {"processOrdinal":1,"v":1,"event":12,"begin":"26647305250","end":"26647310416","thread":119,"request":111,"reference":null,"job":null,"n":2,"x":0,"y":0}
[completion-event] {"processOrdinal":1,"v":1,"event":13,"begin":"26647310416","end":"26647313541","thread":119,"request":111,"reference":null,"job":null,"n":2,"x":0,"y":100}
[completion-event] {"processOrdinal":1,"v":1,"event":10,"begin":"26956726958","end":"27065635916","thread":120,"request":112,"reference":null,"job":null,"n":11,"x":5,"y":0}
[completion-event] {"processOrdinal":1,"v":1,"event":11,"begin":"27065635916","end":"27065658250","thread":120,"request":112,"reference":null,"job":null,"n":3,"x":0,"y":0}
[completion-event] {"processOrdinal":1,"v":1,"event":12,"begin":"27065658250","end":"27065663750","thread":120,"request":112,"reference":null,"job":null,"n":3,"x":0,"y":0}
[completion-event] {"processOrdinal":1,"v":1,"event":13,"begin":"27065663750","end":"27065667625","thread":120,"request":112,"reference":null,"job":null,"n":3,"x":0,"y":100}
[completion-event] {"processOrdinal":1,"v":1,"event":6,"begin":"27710767416","end":"27710767416","thread":83,"request":0,"reference":"01a8480f4406e18a9e2d6d8e61d8bfb6822b224c99119c3ec8c4728d258e3f02","job":"67f82d63ec1a0ef8a8b8ef74e9f7460318884e613b95144eac24fb3acbcd227e","n":0,"x":0,"y":0}
[completion-event] {"processOrdinal":1,"v":1,"event":10,"begin":"27378454916","end":"27725596791","thread":121,"request":113,"reference":null,"job":null,"n":11,"x":5,"y":0}
[completion-event] {"processOrdinal":1,"v":1,"event":11,"begin":"27725596791","end":"27725619666","thread":121,"request":113,"reference":null,"job":null,"n":3,"x":0,"y":0}
[completion-event] {"processOrdinal":1,"v":1,"event":12,"begin":"27725619666","end":"27725625250","thread":121,"request":113,"reference":null,"job":null,"n":3,"x":0,"y":0}
[completion-event] {"processOrdinal":1,"v":1,"event":13,"begin":"27725625250","end":"27725629958","thread":121,"request":113,"reference":null,"job":null,"n":3,"x":0,"y":100}
[completion-event] {"processOrdinal":1,"v":1,"event":7,"begin":"28014947416","end":"28014947416","thread":83,"request":0,"reference":"01a8480f4406e18a9e2d6d8e61d8bfb6822b224c99119c3ec8c4728d258e3f02","job":"67f82d63ec1a0ef8a8b8ef74e9f7460318884e613b95144eac24fb3acbcd227e","n":0,"x":0,"y":0}
[completion-event] {"processOrdinal":1,"v":1,"event":8,"begin":"28470186166","end":"28470186166","thread":83,"request":0,"reference":"01a8480f4406e18a9e2d6d8e61d8bfb6822b224c99119c3ec8c4728d258e3f02","job":"67f82d63ec1a0ef8a8b8ef74e9f7460318884e613b95144eac24fb3acbcd227e","n":0,"x":0,"y":0}
[completion-event] {"processOrdinal":1,"v":1,"event":5,"begin":"28470449458","end":"28470449458","thread":83,"request":0,"reference":"01a8480f4406e18a9e2d6d8e61d8bfb6822b224c99119c3ec8c4728d258e3f02","job":"67f82d63ec1a0ef8a8b8ef74e9f7460318884e613b95144eac24fb3acbcd227e","n":1,"x":0,"y":0}
[completion-event] {"processOrdinal":1,"v":1,"event":3,"begin":"28470563750","end":"28470563750","thread":83,"request":0,"reference":"1599862826ada45ee297459be7f26c98c71dab35de03990f4e92039691fceccf","job":"830dcfdab75513e73b69743c2daba51d06da6d19214a5e3bc500cdab088fb732","n":0,"x":0,"y":0}
[completion-event] {"processOrdinal":1,"v":1,"event":4,"begin":"28747719291","end":"28747719291","thread":83,"request":0,"reference":"1599862826ada45ee297459be7f26c98c71dab35de03990f4e92039691fceccf","job":"830dcfdab75513e73b69743c2daba51d06da6d19214a5e3bc500cdab088fb732","n":0,"x":0,"y":0}
[completion-event] {"processOrdinal":1,"v":1,"event":10,"begin":"28249726958","end":"28796651666","thread":122,"request":114,"reference":null,"job":null,"n":13,"x":5,"y":0}
[completion-event] {"processOrdinal":1,"v":1,"event":11,"begin":"28796651666","end":"28796674625","thread":122,"request":114,"reference":null,"job":null,"n":4,"x":0,"y":0}
[completion-event] {"processOrdinal":1,"v":1,"event":12,"begin":"28796674625","end":"28796684375","thread":122,"request":114,"reference":null,"job":null,"n":4,"x":0,"y":0}
[completion-event] {"processOrdinal":1,"v":1,"event":13,"begin":"28796684375","end":"28796688958","thread":122,"request":114,"reference":null,"job":null,"n":4,"x":0,"y":100}
[completion-event] {"processOrdinal":1,"v":1,"event":9,"begin":"29369852333","end":"29369852333","thread":83,"request":0,"reference":"1599862826ada45ee297459be7f26c98c71dab35de03990f4e92039691fceccf","job":"830dcfdab75513e73b69743c2daba51d06da6d19214a5e3bc500cdab088fb732","n":0,"x":0,"y":0}
[completion-event] {"processOrdinal":1,"v":1,"event":5,"begin":"29369968666","end":"29369968666","thread":83,"request":0,"reference":"1599862826ada45ee297459be7f26c98c71dab35de03990f4e92039691fceccf","job":"830dcfdab75513e73b69743c2daba51d06da6d19214a5e3bc500cdab088fb732","n":0,"x":0,"y":0}
[completion-observation-status] {"processOrdinal":1,"status":"observed","code":"none","rows":480,"bytes":77409,"selected":{"referenceSha256":"968609da35a16e847b750a9940bc4e1aca1cf72e92c006ca77f066583cbf2fa0","events":8,"jobs":1,"status":"terminal-observed","firstNs":"9999360500","lastNs":"23228254541","terminal":[{"jobSha256":"9a6d417cfbe21e8fa699c1e41309b122917e38c9ee2978426846a6f37b14cc3f","state":"complete","atNs":"23227997416"}]}}
[timeline-page-observation-status] {"cycles":114,"invalid":0,"summaries":[{"cycle":1,"processOrdinal":1,"timelineOrdinal":1,"kind":"complete","elapsedMs":25.773083000000042,"pages":1,"totalChanged":false,"mixedStates":false,"code":"none"},{"cycle":2,"processOrdinal":1,"timelineOrdinal":2,"kind":"complete","elapsedMs":12.421625000000859,"pages":1,"totalChanged":false,"mixedStates":false,"code":"none"},{"cycle":3,"processOrdinal":1,"timelineOrdinal":3,"kind":"complete","elapsedMs":11.855083000000377,"pages":1,"totalChanged":false,"mixedStates":false,"code":"none"},{"cycle":4,"processOrdinal":1,"timelineOrdinal":4,"kind":"complete","elapsedMs":11.024625000000015,"pages":1,"totalChanged":false,"mixedStates":false,"code":"none"},{"cycle":5,"processOrdinal":1,"timelineOrdinal":5,"kind":"complete","elapsedMs":11.406750000000102,"pages":1,"totalChanged":false,"mixedStates":false,"code":"none"},{"cycle":6,"processOrdinal":1,"timelineOrdinal":6,"kind":"complete","elapsedMs":11.835250000000087,"pages":1,"totalChanged":false,"mixedStates":false,"code":"none"},{"cycle":7,"processOrdinal":1,"timelineOrdinal":7,"kind":"complete","elapsedMs":11.831583999999566,"pages":1,"totalChanged":false,"mixedStates":false,"code":"none"},{"cycle":8,"processOrdinal":1,"timelineOrdinal":8,"kind":"complete","elapsedMs":11.41150000000016,"pages":1,"totalChanged":false,"mixedStates":false,"code":"none"},{"cycle":9,"processOrdinal":1,"timelineOrdinal":9,"kind":"complete","elapsedMs":12.38391700000102,"pages":1,"totalChanged":false,"mixedStates":false,"code":"none"},{"cycle":10,"processOrdinal":1,"timelineOrdinal":10,"kind":"complete","elapsedMs":11.277541999999812,"pages":1,"totalChanged":false,"mixedStates":false,"code":"none"},{"cycle":11,"processOrdinal":1,"timelineOrdinal":11,"kind":"complete","elapsedMs":11.427499999999782,"pages":1,"totalChanged":false,"mixedStates":false,"code":"none"},{"cycle":12,"processOrdinal":1,"timelineOrdinal":12,"kind":"complete","elapsedMs":11.72124999999869,"pages":1,"totalChanged":false,"mixedStates":false,"code":"none"},{"cycle":13,"processOrdinal":1,"timelineOrdinal":13,"kind":"complete","elapsedMs":11.684915999998339,"pages":1,"totalChanged":false,"mixedStates":false,"code":"none"},{"cycle":14,"processOrdinal":1,"timelineOrdinal":14,"kind":"complete","elapsedMs":11.461999999999534,"pages":1,"totalChanged":false,"mixedStates":false,"code":"none"},{"cycle":15,"processOrdinal":1,"timelineOrdinal":15,"kind":"complete","elapsedMs":11.807834000001094,"pages":1,"totalChanged":false,"mixedStates":false,"code":"none"},{"cycle":16,"processOrdinal":1,"timelineOrdinal":16,"kind":"complete","elapsedMs":11.344957999999679,"pages":1,"totalChanged":false,"mixedStates":false,"code":"none"},{"cycle":17,"processOrdinal":1,"timelineOrdinal":17,"kind":"complete","elapsedMs":11.762917000000016,"pages":1,"totalChanged":false,"mixedStates":false,"code":"none"},{"cycle":18,"processOrdinal":1,"timelineOrdinal":18,"kind":"complete","elapsedMs":11.474709000000075,"pages":1,"totalChanged":false,"mixedStates":false,"code":"none"},{"cycle":19,"processOrdinal":1,"timelineOrdinal":19,"kind":"complete","elapsedMs":11.382125000000087,"pages":1,"totalChanged":false,"mixedStates":false,"code":"none"},{"cycle":20,"processOrdinal":1,"timelineOrdinal":20,"kind":"complete","elapsedMs":11.325874999998632,"pages":1,"totalChanged":false,"mixedStates":false,"code":"none"},{"cycle":21,"processOrdinal":1,"timelineOrdinal":21,"kind":"complete","elapsedMs":11.492500000000291,"pages":1,"totalChanged":false,"mixedStates":false,"code":"none"},{"cycle":22,"processOrdinal":1,"timelineOrdinal":22,"kind":"complete","elapsedMs":11.930499999998574,"pages":1,"totalChanged":false,"mixedStates":false,"code":"none"},{"cycle":23,"processOrdinal":1,"timelineOrdinal":23,"kind":"complete","elapsedMs":11.746749999998428,"pages":1,"totalChanged":false,"mixedStates":false,"code":"none"},{"cycle":24,"processOrdinal":1,"timelineOrdinal":24,"kind":"complete","elapsedMs":11.335957999999664,"pages":1,"totalChanged":false,"mixedStates":false,"code":"none"},{"cycle":25,"processOrdinal":1,"timelineOrdinal":25,"kind":"complete","elapsedMs":11.34375,"pages":1,"totalChanged":false,"mixedStates":false,"code":"none"},{"cycle":26,"processOrdinal":1,"timelineOrdinal":26,"kind":"complete","elapsedMs":11.364165999999386,"pages":1,"totalChanged":false,"mixedStates":false,"code":"none"},{"cycle":27,"processOrdinal":1,"timelineOrdinal":27,"kind":"complete","elapsedMs":11.319083000000319,"pages":1,"totalChanged":false,"mixedStates":false,"code":"none"},{"cycle":28,"processOrdinal":1,"timelineOrdinal":28,"kind":"complete","elapsedMs":11.547082999999475,"pages":1,"totalChanged":false,"mixedStates":false,"code":"none"},{"cycle":29,"processOrdinal":1,"timelineOrdinal":29,"kind":"complete","elapsedMs":12.290124999999534,"pages":1,"totalChanged":false,"mixedStates":false,"code":"none"},{"cycle":30,"processOrdinal":1,"timelineOrdinal":30,"kind":"complete","elapsedMs":11.824749999999767,"pages":1,"totalChanged":false,"mixedStates":false,"code":"none"},{"cycle":31,"processOrdinal":1,"timelineOrdinal":31,"kind":"complete","elapsedMs":11.564916999999696,"pages":1,"totalChanged":false,"mixedStates":false,"code":"none"},{"cycle":32,"processOrdinal":1,"timelineOrdinal":32,"kind":"complete","elapsedMs":11.320832999999766,"pages":1,"totalChanged":false,"mixedStates":false,"code":"none"},{"cycle":33,"processOrdinal":1,"timelineOrdinal":33,"kind":"complete","elapsedMs":11.639665999999124,"pages":1,"totalChanged":false,"mixedStates":false,"code":"none"},{"cycle":34,"processOrdinal":1,"timelineOrdinal":34,"kind":"complete","elapsedMs":11.479750000000422,"pages":1,"totalChanged":false,"mixedStates":false,"code":"none"},{"cycle":35,"processOrdinal":1,"timelineOrdinal":35,"kind":"complete","elapsedMs":11.234000000000378,"pages":1,"totalChanged":false,"mixedStates":false,"code":"none"},{"cycle":36,"processOrdinal":1,"timelineOrdinal":36,"kind":"complete","elapsedMs":12.306416999999783,"pages":1,"totalChanged":false,"mixedStates":false,"code":"none"},{"cycle":37,"processOrdinal":1,"timelineOrdinal":37,"kind":"complete","elapsedMs":11.486291000001074,"pages":1,"totalChanged":false,"mixedStates":false,"code":"none"},{"cycle":38,"processOrdinal":1,"timelineOrdinal":38,"kind":"complete","elapsedMs":14.005833999999595,"pages":1,"totalChanged":false,"mixedStates":false,"code":"none"},{"cycle":39,"processOrdinal":1,"timelineOrdinal":39,"kind":"complete","elapsedMs":11.168999999999869,"pages":1,"totalChanged":false,"mixedStates":false,"code":"none"},{"cycle":40,"processOrdinal":1,"timelineOrdinal":40,"kind":"complete","elapsedMs":11.551041999999143,"pages":1,"totalChanged":false,"mixedStates":false,"code":"none"},{"cycle":41,"processOrdinal":1,"timelineOrdinal":41,"kind":"complete","elapsedMs":11.862249999998312,"pages":1,"totalChanged":false,"mixedStates":false,"code":"none"},{"cycle":42,"processOrdinal":1,"timelineOrdinal":42,"kind":"complete","elapsedMs":11.62645799999882,"pages":1,"totalChanged":false,"mixedStates":false,"code":"none"},{"cycle":43,"processOrdinal":1,"timelineOrdinal":43,"kind":"complete","elapsedMs":11.67174999999952,"pages":1,"totalChanged":false,"mixedStates":false,"code":"none"},{"cycle":44,"processOrdinal":1,"timelineOrdinal":44,"kind":"complete","elapsedMs":11.221958999998606,"pages":1,"totalChanged":false,"mixedStates":false,"code":"none"},{"cycle":45,"processOrdinal":1,"timelineOrdinal":45,"kind":"complete","elapsedMs":12.917832999999519,"pages":1,"totalChanged":false,"mixedStates":false,"code":"none"},{"cycle":46,"processOrdinal":1,"timelineOrdinal":46,"kind":"complete","elapsedMs":11.734875000000102,"pages":1,"totalChanged":false,"mixedStates":false,"code":"none"},{"cycle":47,"processOrdinal":1,"timelineOrdinal":47,"kind":"complete","elapsedMs":12.33599999999933,"pages":1,"totalChanged":false,"mixedStates":false,"code":"none"},{"cycle":48,"processOrdinal":1,"timelineOrdinal":48,"kind":"complete","elapsedMs":11.226542000000336,"pages":1,"totalChanged":false,"mixedStates":false,"code":"none"},{"cycle":49,"processOrdinal":1,"timelineOrdinal":49,"kind":"complete","elapsedMs":11.742165999999997,"pages":1,"totalChanged":false,"mixedStates":false,"code":"none"},{"cycle":50,"processOrdinal":1,"timelineOrdinal":50,"kind":"complete","elapsedMs":11.852917000000161,"pages":1,"totalChanged":false,"mixedStates":false,"code":"none"},{"cycle":51,"processOrdinal":1,"timelineOrdinal":51,"kind":"complete","elapsedMs":11.263915999999881,"pages":1,"totalChanged":false,"mixedStates":false,"code":"none"},{"cycle":52,"processOrdinal":1,"timelineOrdinal":52,"kind":"complete","elapsedMs":12.002666999997018,"pages":1,"totalChanged":false,"mixedStates":false,"code":"none"},{"cycle":53,"processOrdinal":1,"timelineOrdinal":53,"kind":"complete","elapsedMs":11.586417000002257,"pages":1,"totalChanged":false,"mixedStates":false,"code":"none"},{"cycle":54,"processOrdinal":1,"timelineOrdinal":54,"kind":"complete","elapsedMs":11.626083999999537,"pages":1,"totalChanged":false,"mixedStates":false,"code":"none"},{"cycle":55,"processOrdinal":1,"timelineOrdinal":55,"kind":"complete","elapsedMs":11.533207999997103,"pages":1,"totalChanged":false,"mixedStates":false,"code":"none"},{"cycle":56,"processOrdinal":1,"timelineOrdinal":56,"kind":"complete","elapsedMs":11.799291999999696,"pages":1,"totalChanged":false,"mixedStates":false,"code":"none"},{"cycle":57,"processOrdinal":1,"timelineOrdinal":57,"kind":"complete","elapsedMs":11.279916999999841,"pages":1,"totalChanged":false,"mixedStates":false,"code":"none"},{"cycle":58,"processOrdinal":1,"timelineOrdinal":58,"kind":"complete","elapsedMs":11.406833000000915,"pages":1,"totalChanged":false,"mixedStates":false,"code":"none"},{"cycle":59,"processOrdinal":1,"timelineOrdinal":59,"kind":"complete","elapsedMs":11.649833000003127,"pages":1,"totalChanged":false,"mixedStates":false,"code":"none"},{"cycle":60,"processOrdinal":1,"timelineOrdinal":60,"kind":"complete","elapsedMs":11.674542000000656,"pages":1,"totalChanged":false,"mixedStates":false,"code":"none"},{"cycle":61,"processOrdinal":1,"timelineOrdinal":61,"kind":"complete","elapsedMs":12.471917000002577,"pages":1,"totalChanged":false,"mixedStates":false,"code":"none"},{"cycle":62,"processOrdinal":1,"timelineOrdinal":62,"kind":"complete","elapsedMs":11.946165999997902,"pages":1,"totalChanged":false,"mixedStates":false,"code":"none"},{"cycle":63,"processOrdinal":1,"timelineOrdinal":63,"kind":"complete","elapsedMs":11.497624999999971,"pages":1,"totalChanged":false,"mixedStates":false,"code":"none"},{"cycle":64,"processOrdinal":1,"timelineOrdinal":64,"kind":"complete","elapsedMs":11.27862499999901,"pages":1,"totalChanged":false,"mixedStates":false,"code":"none"},{"cycle":65,"processOrdinal":1,"timelineOrdinal":65,"kind":"complete","elapsedMs":11.538541999998415,"pages":1,"totalChanged":false,"mixedStates":false,"code":"none"},{"cycle":66,"processOrdinal":1,"timelineOrdinal":66,"kind":"complete","elapsedMs":11.343583000001672,"pages":1,"totalChanged":false,"mixedStates":false,"code":"none"},{"cycle":67,"processOrdinal":1,"timelineOrdinal":67,"kind":"complete","elapsedMs":11.560832999999548,"pages":1,"totalChanged":false,"mixedStates":false,"code":"none"},{"cycle":68,"processOrdinal":1,"timelineOrdinal":68,"kind":"complete","elapsedMs":11.498750000002474,"pages":1,"totalChanged":false,"mixedStates":false,"code":"none"},{"cycle":69,"processOrdinal":1,"timelineOrdinal":69,"kind":"complete","elapsedMs":11.960082999998122,"pages":1,"totalChanged":false,"mixedStates":false,"code":"none"},{"cycle":70,"processOrdinal":1,"timelineOrdinal":70,"kind":"complete","elapsedMs":12.429457999998704,"pages":1,"totalChanged":false,"mixedStates":false,"code":"none"},{"cycle":71,"processOrdinal":1,"timelineOrdinal":71,"kind":"complete","elapsedMs":11.188332999998238,"pages":1,"totalChanged":false,"mixedStates":false,"code":"none"},{"cycle":72,"processOrdinal":1,"timelineOrdinal":72,"kind":"complete","elapsedMs":22.881709000001138,"pages":1,"totalChanged":false,"mixedStates":false,"code":"none"},{"cycle":73,"processOrdinal":1,"timelineOrdinal":73,"kind":"complete","elapsedMs":22.96125000000029,"pages":1,"totalChanged":false,"mixedStates":false,"code":"none"},{"cycle":74,"processOrdinal":1,"timelineOrdinal":74,"kind":"complete","elapsedMs":23.345334000001458,"pages":1,"totalChanged":false,"mixedStates":false,"code":"none"},{"cycle":75,"processOrdinal":1,"timelineOrdinal":75,"kind":"complete","elapsedMs":22.901499999999942,"pages":1,"totalChanged":false,"mixedStates":false,"code":"none"},{"cycle":76,"processOrdinal":1,"timelineOrdinal":76,"kind":"complete","elapsedMs":266.31720900000073,"pages":1,"totalChanged":false,"mixedStates":false,"code":"none"},{"cycle":77,"processOrdinal":1,"timelineOrdinal":77,"kind":"complete","elapsedMs":160.96370899999965,"pages":1,"totalChanged":false,"mixedStates":false,"code":"none"},{"cycle":78,"processOrdinal":1,"timelineOrdinal":78,"kind":"complete","elapsedMs":51.13199999999779,"pages":1,"totalChanged":false,"mixedStates":false,"code":"none"},{"cycle":79,"processOrdinal":1,"timelineOrdinal":79,"kind":"complete","elapsedMs":54.14704200000051,"pages":1,"totalChanged":false,"mixedStates":false,"code":"none"},{"cycle":80,"processOrdinal":1,"timelineOrdinal":80,"kind":"complete","elapsedMs":24.495167000000947,"pages":1,"totalChanged":false,"mixedStates":false,"code":"none"},{"cycle":81,"processOrdinal":1,"timelineOrdinal":81,"kind":"complete","elapsedMs":23.497041999999055,"pages":1,"totalChanged":false,"mixedStates":false,"code":"none"},{"cycle":82,"processOrdinal":1,"timelineOrdinal":82,"kind":"complete","elapsedMs":22.836624999999913,"pages":1,"totalChanged":false,"mixedStates":false,"code":"none"},{"cycle":83,"processOrdinal":1,"timelineOrdinal":83,"kind":"complete","elapsedMs":22.703333000001294,"pages":1,"totalChanged":false,"mixedStates":false,"code":"none"},{"cycle":84,"processOrdinal":1,"timelineOrdinal":84,"kind":"complete","elapsedMs":23.770791999999346,"pages":1,"totalChanged":false,"mixedStates":false,"code":"none"},{"cycle":85,"processOrdinal":1,"timelineOrdinal":85,"kind":"complete","elapsedMs":22.929791999998997,"pages":1,"totalChanged":false,"mixedStates":false,"code":"none"},{"cycle":86,"processOrdinal":1,"timelineOrdinal":86,"kind":"complete","elapsedMs":22.962208000000828,"pages":1,"totalChanged":false,"mixedStates":false,"code":"none"},{"cycle":87,"processOrdinal":1,"timelineOrdinal":87,"kind":"complete","elapsedMs":23.50483399999939,"pages":1,"totalChanged":false,"mixedStates":false,"code":"none"},{"cycle":88,"processOrdinal":1,"timelineOrdinal":88,"kind":"complete","elapsedMs":23.911958000000595,"pages":1,"totalChanged":false,"mixedStates":false,"code":"none"},{"cycle":89,"processOrdinal":1,"timelineOrdinal":89,"kind":"complete","elapsedMs":22.98712499999965,"pages":1,"totalChanged":false,"mixedStates":false,"code":"none"},{"cycle":90,"processOrdinal":1,"timelineOrdinal":90,"kind":"complete","elapsedMs":22.151458000000275,"pages":1,"totalChanged":false,"mixedStates":false,"code":"none"},{"cycle":91,"processOrdinal":1,"timelineOrdinal":91,"kind":"complete","elapsedMs":22.016916999997193,"pages":1,"totalChanged":false,"mixedStates":false,"code":"none"},{"cycle":92,"processOrdinal":1,"timelineOrdinal":92,"kind":"complete","elapsedMs":22.414999999997235,"pages":1,"totalChanged":false,"mixedStates":false,"code":"none"},{"cycle":93,"processOrdinal":1,"timelineOrdinal":93,"kind":"complete","elapsedMs":23.01037500000166,"pages":1,"totalChanged":false,"mixedStates":false,"code":"none"},{"cycle":94,"processOrdinal":1,"timelineOrdinal":94,"kind":"complete","elapsedMs":22.912959000001138,"pages":1,"totalChanged":false,"mixedStates":false,"code":"none"},{"cycle":95,"processOrdinal":1,"timelineOrdinal":95,"kind":"complete","elapsedMs":23.533125000001746,"pages":1,"totalChanged":false,"mixedStates":false,"code":"none"},{"cycle":96,"processOrdinal":1,"timelineOrdinal":96,"kind":"complete","elapsedMs":22.736250000001746,"pages":1,"totalChanged":false,"mixedStates":false,"code":"none"},{"cycle":97,"processOrdinal":1,"timelineOrdinal":97,"kind":"complete","elapsedMs":26.812792000000627,"pages":1,"totalChanged":false,"mixedStates":false,"code":"none"},{"cycle":98,"processOrdinal":1,"timelineOrdinal":98,"kind":"complete","elapsedMs":24.42933400000038,"pages":1,"totalChanged":false,"mixedStates":false,"code":"none"},{"cycle":99,"processOrdinal":1,"timelineOrdinal":99,"kind":"complete","elapsedMs":23.066832999997132,"pages":1,"totalChanged":false,"mixedStates":false,"code":"none"},{"cycle":100,"processOrdinal":1,"timelineOrdinal":100,"kind":"complete","elapsedMs":23.309792000000016,"pages":1,"totalChanged":false,"mixedStates":false,"code":"none"},{"cycle":101,"processOrdinal":1,"timelineOrdinal":101,"kind":"complete","elapsedMs":22.75304099999994,"pages":1,"totalChanged":false,"mixedStates":false,"code":"none"},{"cycle":102,"processOrdinal":1,"timelineOrdinal":102,"kind":"complete","elapsedMs":22.829709000001458,"pages":1,"totalChanged":false,"mixedStates":false,"code":"none"},{"cycle":103,"processOrdinal":1,"timelineOrdinal":103,"kind":"complete","elapsedMs":511.03883300000234,"pages":1,"totalChanged":false,"mixedStates":false,"code":"none"},{"cycle":104,"processOrdinal":1,"timelineOrdinal":104,"kind":"complete","elapsedMs":641.864583999999,"pages":1,"totalChanged":false,"mixedStates":false,"code":"none"},{"cycle":105,"processOrdinal":1,"timelineOrdinal":105,"kind":"complete","elapsedMs":457.10679099999834,"pages":1,"totalChanged":false,"mixedStates":false,"code":"none"},{"cycle":106,"processOrdinal":1,"timelineOrdinal":106,"kind":"complete","elapsedMs":296.58458299999984,"pages":1,"totalChanged":false,"mixedStates":false,"code":"none"},{"cycle":107,"processOrdinal":1,"timelineOrdinal":107,"kind":"complete","elapsedMs":301.2516250000008,"pages":1,"totalChanged":false,"mixedStates":false,"code":"none"},{"cycle":108,"processOrdinal":1,"timelineOrdinal":108,"kind":"complete","elapsedMs":299.93270799999664,"pages":1,"totalChanged":false,"mixedStates":false,"code":"none"},{"cycle":109,"processOrdinal":1,"timelineOrdinal":109,"kind":"complete","elapsedMs":310.744749999998,"pages":1,"totalChanged":false,"mixedStates":false,"code":"none"},{"cycle":110,"processOrdinal":1,"timelineOrdinal":110,"kind":"complete","elapsedMs":309.12458400000105,"pages":1,"totalChanged":false,"mixedStates":false,"code":"none"},{"cycle":111,"processOrdinal":1,"timelineOrdinal":111,"kind":"complete","elapsedMs":318.24891600000046,"pages":1,"totalChanged":false,"mixedStates":false,"code":"none"},{"cycle":112,"processOrdinal":1,"timelineOrdinal":112,"kind":"complete","elapsedMs":317.12066699999923,"pages":1,"totalChanged":false,"mixedStates":false,"code":"none"},{"cycle":113,"processOrdinal":1,"timelineOrdinal":113,"kind":"complete","elapsedMs":557.0810420000016,"pages":1,"totalChanged":false,"mixedStates":false,"code":"none"},{"cycle":114,"processOrdinal":1,"timelineOrdinal":114,"kind":"complete","elapsedMs":970.0411249999997,"pages":1,"totalChanged":false,"mixedStates":false,"code":"none"}]}
[pass] LP03-B diagnostic copy bytes/hash exact
[job-state-diagnostic] {"diagnosticStatus":"complete","evidenceStatus":"preserved","cleanupAllowed":true,"evidenceFile":"state-f6418386-75a8-4d98-809f-2cbce16541f0.json","detailRequested":true}
[job-diagnostic] {"diagnosticStatus":"complete","evidenceStatus":"preserved","cleanupAllowed":true,"evidenceFile":"state-f6418386-75a8-4d98-809f-2cbce16541f0.json.detail.json"}
[pass] LP03-B original unchanged after diagnostic
[cleanup] {"root":"/private/var/folders/k0/qhmr6zdx11q0_41wfx4dsd200000gn/T/media-server-current-integration-ZJr2eK","bytes":109600302,"rootAbsent":true,"failureCount":0,"processes":[{"schema":"recording-process-cleanup-v1","attemptCount":1,"pid":88870,"exitCode":0,"signalCode":null,"exitedObserved":true,"stopCode":"complete","forcedTermination":"not-used","normalExitPass":true,"normalShutdownPass":true,"archiveSafe":true,"ports":[{"kind":"http","port":62603,"status":"pass","code":"closed","closed":true},{"kind":"rtsp","port":62604,"status":"pass","code":"closed","closed":true}]}],"evidencePreservedOrNotRequired":true,"udpClosed":true}
{"mode":"current-http-latency","timelineUnplacedUnit":"file","terminalObservations":[{"processOrdinal":1,"referenceSha256":"968609da35a16e847b750a9940bc4e1aca1cf72e92c006ca77f066583cbf2fa0","unplacedUnit":"file","terminalObserved":true,"firstObservedMs":24907.253875,"firstPageOffset":0,"firstTimelineOrdinal":104,"mixedStates":true,"observedOutputCount":2,"fullOutputPass":false,"invalid":false,"fullPageStatus":"complete","changedCycles":0,"waitOutcome":"complete"}],"passed":8,"failed":0,"latencyPass":true,"actualEventPass":false,"restartPass":false,"boundaryDiagnosticPass":false,"expectedOutputCount":2,"observedOutputCounts":[],"cleanup":{"rootAbsent":true,"failureCount":0,"processes":[{"schema":"recording-process-cleanup-v1","attemptCount":1,"pid":88870,"exitCode":0,"signalCode":null,"exitedObserved":true,"stopCode":"complete","forcedTermination":"not-used","normalExitPass":true,"normalShutdownPass":true,"archiveSafe":true,"ports":[{"kind":"http","port":62603,"status":"pass","code":"closed","closed":true},{"kind":"rtsp","port":62604,"status":"pass","code":"closed","closed":true}]}],"evidencePreservedOrNotRequired":true},"elapsedMs":36648}
