[start] utc=2026-10-03T17:00:44Z mode=bounded-deleted root=/private/var/folders/k0/qhmr6zdx11q0_41wfx4dsd200000gn/T/media-server-generation-scale.WsKkhu
Darwin arm64
Apple clang version 21.0.0 (clang-2100.3.34.2)
1bd46d8c9c58728d8bee9c365bd9f908d818b1e011fca1ac1be2a9dd4d00cc3c  /Users/dhseo/Workspace/mediaServer/scripts/internal/recording_generation_scale_probe.cpp
3fff41d6c83afad0111801953317057ab53b2d84a36f2f59a62a128b244e2148  /Users/dhseo/Workspace/mediaServer/scripts/internal/verify_recording_generation_scale.sh
c80f0c0c0188b024dc4258cb1b4b55474dcbdd5c889af0fb6e74c39f993565ee  /Users/dhseo/Workspace/mediaServer/scripts/internal/recording_file_evidence_smoke.cpp
404784ececbb74556fa2e32975f879e2632a96311bc7ed0e41bce069d167b8a6  /Users/dhseo/Workspace/mediaServer/scripts/internal/recording_media_test_fixture.h
7206bcd27d6b7c5b6432661360537fbc9a075a07362cf4efad2a741c5258bb42  /Users/dhseo/Workspace/mediaServer/scripts/internal/recording_generation_observation.h
e2194189c5251fbd474b02db5bb336ac9c3ba201d21e81097736a30684b2dce3  /Users/dhseo/Workspace/mediaServer/include/recording/recording_latency_trace.h
832842921e9674a0d1fc0d0947548d5f82f7795755ef94b00e848398504465aa  /Users/dhseo/Workspace/mediaServer/include/recording/recording_catalog.h
bfd99b1940c4bc636dbd9817bb5eacab3e21bd9cab0d24a645d6648d5b95312c  /Users/dhseo/Workspace/mediaServer/include/recording/recording_journal.h
03929f7c300a72e6380af54586888cef26cbf0ddbad7a8457dd31726fe9e5794  /Users/dhseo/Workspace/mediaServer/src/recording/recording_catalog.cpp
4e8d31d88f5ba29f347a878e308a89f6087d6cb1fcb1ba33a9c2ea92ce8906e3  /Users/dhseo/Workspace/mediaServer/src/recording/recording_journal.cpp
196589a9fcbcf1e9d20ea11c2f4d09f1412ff6c4f43361084d5d006527ca2540  /Users/dhseo/Workspace/mediaServer/src/recording/recording_runtime_composition.cpp
14d2bc72cf2cc1c7f9fe1fcb3058f2285ad43410136b6659b4da8f47c496c8b3  /Users/dhseo/Workspace/mediaServer/build-gst-onnx/libmedia_server_runtime.a
[scope] observer=file-index-only normalize=synthetic js-semantic=not-run historical-detail-io-counter=not-instrumented
[scope] bounded=1 observer_interval=32 observer_batch_limit=128 complete_drain_at_checkpoint=true
[pass] template FE02 writer start
[pass] template FE04 bound finalized mutation segment0
[measure] writer_push_finalize_us=31101 input_aus=60 segments=1
[measure] op=legacy-template-preparation count=1 us=70414 rss_peak_bytes=51625984
[template] samples=60 file_bytes=55626 binding_bytes=15413 sha256=bd6c0006904d076148e200a2de300768b23390e0f4a535bbb600c81f557ab40e
[measure] op=runtime-open count=0 us=12071 rss_peak_bytes=52625408
[measure] op=reserve-finalize count=1 us=10232 rss_peak_bytes=52903936
[measure] op=delete count=1 us=5517 rss_peak_bytes=52953088
[measure] op=reserve-finalize count=2 us=10144 rss_peak_bytes=52969472
[measure] op=delete count=2 us=5835 rss_peak_bytes=53002240
[measure] op=reserve-finalize count=3 us=10099 rss_peak_bytes=53067776
[measure] op=delete count=3 us=5431 rss_peak_bytes=53067776
[measure] op=reserve-finalize count=4 us=9956 rss_peak_bytes=53149696
[measure] op=delete count=4 us=5215 rss_peak_bytes=53149696
[measure] op=reserve-finalize count=5 us=9951 rss_peak_bytes=53182464
[measure] op=delete count=5 us=5384 rss_peak_bytes=53182464
[measure] op=reserve-finalize count=6 us=9923 rss_peak_bytes=53182464
[measure] op=delete count=6 us=5346 rss_peak_bytes=53215232
[measure] op=reserve-finalize count=7 us=10259 rss_peak_bytes=53231616
[measure] op=delete count=7 us=5451 rss_peak_bytes=53248000
[measure] op=reserve-finalize count=8 us=9967 rss_peak_bytes=53264384
[measure] op=delete count=8 us=5431 rss_peak_bytes=53264384
[measure] op=reserve-finalize count=9 us=9880 rss_peak_bytes=53329920
[measure] op=delete count=9 us=5249 rss_peak_bytes=53362688
[measure] op=reserve-finalize count=10 us=10000 rss_peak_bytes=53444608
[measure] op=delete count=10 us=5360 rss_peak_bytes=53444608
[measure] op=reserve-finalize count=11 us=9997 rss_peak_bytes=53460992
[measure] op=delete count=11 us=5427 rss_peak_bytes=53460992
[measure] op=reserve-finalize count=12 us=9795 rss_peak_bytes=53493760
[measure] op=delete count=12 us=5471 rss_peak_bytes=53493760
[measure] op=reserve-finalize count=13 us=10068 rss_peak_bytes=53493760
[measure] op=delete count=13 us=5504 rss_peak_bytes=53493760
[measure] op=reserve-finalize count=14 us=9748 rss_peak_bytes=53510144
[measure] op=delete count=14 us=5632 rss_peak_bytes=53510144
[measure] op=reserve-finalize count=15 us=9891 rss_peak_bytes=53608448
[measure] op=delete count=15 us=5398 rss_peak_bytes=53624832
[measure] op=reserve-finalize count=16 us=9897 rss_peak_bytes=53690368
[measure] op=delete count=16 us=5365 rss_peak_bytes=53690368
[measure] op=reserve-finalize count=17 us=10230 rss_peak_bytes=53723136
[measure] op=delete count=17 us=5411 rss_peak_bytes=53739520
[measure] op=reserve-finalize count=18 us=9905 rss_peak_bytes=53739520
[measure] op=delete count=18 us=5484 rss_peak_bytes=53755904
[measure] op=reserve-finalize count=19 us=9833 rss_peak_bytes=53805056
[measure] op=delete count=19 us=5354 rss_peak_bytes=53837824
[measure] op=reserve-finalize count=20 us=9868 rss_peak_bytes=53854208
[measure] op=delete count=20 us=5340 rss_peak_bytes=53854208
[measure] op=reserve-finalize count=21 us=9964 rss_peak_bytes=53919744
[measure] op=delete count=21 us=5245 rss_peak_bytes=53919744
[measure] op=reserve-finalize count=22 us=9795 rss_peak_bytes=54001664
[measure] op=delete count=22 us=5281 rss_peak_bytes=54018048
[measure] op=reserve-finalize count=23 us=9832 rss_peak_bytes=54050816
[measure] op=delete count=23 us=5495 rss_peak_bytes=54067200
[measure] op=reserve-finalize count=24 us=9659 rss_peak_bytes=54083584
[measure] op=delete count=24 us=5262 rss_peak_bytes=54083584
[measure] op=reserve-finalize count=25 us=9745 rss_peak_bytes=54099968
[measure] op=delete count=25 us=5272 rss_peak_bytes=54099968
[measure] op=reserve-finalize count=26 us=9643 rss_peak_bytes=54116352
[measure] op=delete count=26 us=5213 rss_peak_bytes=54132736
[measure] op=reserve-finalize count=27 us=9816 rss_peak_bytes=54198272
[measure] op=delete count=27 us=5309 rss_peak_bytes=54198272
[measure] op=reserve-finalize count=28 us=9630 rss_peak_bytes=54296576
[measure] op=delete count=28 us=5268 rss_peak_bytes=54296576
[measure] op=reserve-finalize count=29 us=9836 rss_peak_bytes=54296576
[measure] op=delete count=29 us=5214 rss_peak_bytes=54296576
[measure] op=reserve-finalize count=30 us=9689 rss_peak_bytes=54312960
[measure] op=delete count=30 us=5338 rss_peak_bytes=54329344
[measure] op=reserve-finalize count=31 us=9808 rss_peak_bytes=54362112
[measure] op=delete count=31 us=5326 rss_peak_bytes=54378496
[measure] op=reserve-finalize count=32 us=9771 rss_peak_bytes=54378496
[measure] op=delete count=32 us=5319 rss_peak_bytes=54378496
[child] exit=0 signal=0
[measure] op=incremental-native-observe count=128 us=232638 rss_peak_bytes=54378496
[measure] op=reserve-finalize count=33 us=10146 rss_peak_bytes=54460416
[measure] op=delete count=33 us=5557 rss_peak_bytes=54476800
[measure] op=reserve-finalize count=34 us=10042 rss_peak_bytes=54542336
[measure] op=delete count=34 us=5349 rss_peak_bytes=54558720
[measure] op=reserve-finalize count=35 us=10233 rss_peak_bytes=54591488
[measure] op=delete count=35 us=5458 rss_peak_bytes=54591488
[measure] op=reserve-finalize count=36 us=9982 rss_peak_bytes=54624256
[measure] op=delete count=36 us=5422 rss_peak_bytes=54624256
[measure] op=reserve-finalize count=37 us=9919 rss_peak_bytes=54640640
[measure] op=delete count=37 us=5362 rss_peak_bytes=54657024
[measure] op=reserve-finalize count=38 us=9881 rss_peak_bytes=54706176
[measure] op=delete count=38 us=5274 rss_peak_bytes=54722560
[measure] op=reserve-finalize count=39 us=9823 rss_peak_bytes=54837248
[measure] op=delete count=39 us=5298 rss_peak_bytes=54837248
[measure] op=reserve-finalize count=40 us=9871 rss_peak_bytes=54837248
[measure] op=delete count=40 us=5464 rss_peak_bytes=54853632
[measure] op=reserve-finalize count=41 us=9936 rss_peak_bytes=54870016
[measure] op=delete count=41 us=5415 rss_peak_bytes=54870016
[measure] op=reserve-finalize count=42 us=10199 rss_peak_bytes=54886400
[measure] op=delete count=42 us=5342 rss_peak_bytes=54919168
[measure] op=reserve-finalize count=43 us=9956 rss_peak_bytes=54919168
[measure] op=delete count=43 us=5227 rss_peak_bytes=54919168
[measure] op=reserve-finalize count=44 us=9941 rss_peak_bytes=55001088
[measure] op=delete count=44 us=5416 rss_peak_bytes=55001088
[measure] op=reserve-finalize count=45 us=9729 rss_peak_bytes=55083008
[measure] op=delete count=45 us=5425 rss_peak_bytes=55099392
[measure] op=reserve-finalize count=46 us=9814 rss_peak_bytes=55099392
[measure] op=delete count=46 us=5289 rss_peak_bytes=55099392
[measure] op=reserve-finalize count=47 us=9951 rss_peak_bytes=55148544
[measure] op=delete count=47 us=5413 rss_peak_bytes=55164928
[measure] op=reserve-finalize count=48 us=9915 rss_peak_bytes=55181312
[measure] op=delete count=48 us=5361 rss_peak_bytes=55181312
[measure] op=reserve-finalize count=49 us=10075 rss_peak_bytes=55197696
[measure] op=delete count=49 us=5434 rss_peak_bytes=55197696
[measure] op=reserve-finalize count=50 us=10413 rss_peak_bytes=55246848
[measure] op=delete count=50 us=5260 rss_peak_bytes=55263232
[measure] op=reserve-finalize count=51 us=10007 rss_peak_bytes=55377920
[measure] op=delete count=51 us=5460 rss_peak_bytes=55410688
[measure] op=reserve-finalize count=52 us=9716 rss_peak_bytes=55410688
[measure] op=delete count=52 us=5406 rss_peak_bytes=55410688
[measure] op=reserve-finalize count=53 us=9992 rss_peak_bytes=55427072
[measure] op=delete count=53 us=5634 rss_peak_bytes=55443456
[measure] op=reserve-finalize count=54 us=10158 rss_peak_bytes=55459840
[measure] op=delete count=54 us=5485 rss_peak_bytes=55476224
[measure] op=reserve-finalize count=55 us=9899 rss_peak_bytes=55476224
[measure] op=delete count=55 us=5589 rss_peak_bytes=55476224
[measure] op=reserve-finalize count=56 us=9958 rss_peak_bytes=55541760
[measure] op=delete count=56 us=5494 rss_peak_bytes=55558144
[measure] op=reserve-finalize count=57 us=10009 rss_peak_bytes=55656448
[measure] op=delete count=57 us=5539 rss_peak_bytes=55656448
[measure] op=reserve-finalize count=58 us=9914 rss_peak_bytes=55656448
[measure] op=delete count=58 us=5629 rss_peak_bytes=55656448
[measure] op=reserve-finalize count=59 us=9746 rss_peak_bytes=55689216
[measure] op=delete count=59 us=5535 rss_peak_bytes=55705600
[measure] op=reserve-finalize count=60 us=9946 rss_peak_bytes=55721984
[measure] op=delete count=60 us=5877 rss_peak_bytes=55721984
[measure] op=reserve-finalize count=61 us=9942 rss_peak_bytes=55738368
[measure] op=delete count=61 us=5380 rss_peak_bytes=55738368
[measure] op=reserve-finalize count=62 us=9731 rss_peak_bytes=55787520
[measure] op=delete count=62 us=5373 rss_peak_bytes=55787520
[measure] op=reserve-finalize count=63 us=9918 rss_peak_bytes=55885824
[measure] op=delete count=63 us=5375 rss_peak_bytes=55918592
[measure] op=reserve-finalize count=64 us=9911 rss_peak_bytes=55918592
[measure] op=delete count=64 us=5503 rss_peak_bytes=55918592
[child] exit=0 signal=0
[measure] op=incremental-native-observe count=256 us=272977 rss_peak_bytes=55967744
[measure] op=reserve-finalize count=65 us=10322 rss_peak_bytes=56082432
[measure] op=delete count=65 us=5607 rss_peak_bytes=56082432
[measure] op=reserve-finalize count=66 us=9939 rss_peak_bytes=56098816
[measure] op=delete count=66 us=5552 rss_peak_bytes=56164352
[measure] op=reserve-finalize count=67 us=10024 rss_peak_bytes=56180736
[measure] op=delete count=67 us=5714 rss_peak_bytes=56197120
[measure] op=reserve-finalize count=68 us=9949 rss_peak_bytes=56213504
[measure] op=delete count=68 us=5517 rss_peak_bytes=56213504
[measure] op=reserve-finalize count=69 us=9775 rss_peak_bytes=56262656
[measure] op=delete count=69 us=5427 rss_peak_bytes=56262656
[measure] op=reserve-finalize count=70 us=10042 rss_peak_bytes=56344576
[measure] op=delete count=70 us=5721 rss_peak_bytes=56344576
[measure] op=reserve-finalize count=71 us=9977 rss_peak_bytes=56360960
[measure] op=delete count=71 us=5473 rss_peak_bytes=56360960
[measure] op=reserve-finalize count=72 us=9996 rss_peak_bytes=56377344
[measure] op=delete count=72 us=5445 rss_peak_bytes=56377344
[measure] op=reserve-finalize count=73 us=9718 rss_peak_bytes=56393728
[measure] op=delete count=73 us=5250 rss_peak_bytes=56410112
[measure] op=reserve-finalize count=74 us=10048 rss_peak_bytes=56426496
[measure] op=delete count=74 us=5434 rss_peak_bytes=56426496
[measure] op=reserve-finalize count=75 us=9973 rss_peak_bytes=56492032
[measure] op=delete count=75 us=5493 rss_peak_bytes=56492032
[measure] op=reserve-finalize count=76 us=9985 rss_peak_bytes=56606720
[measure] op=delete count=76 us=5578 rss_peak_bytes=56606720
[measure] op=reserve-finalize count=77 us=9685 rss_peak_bytes=56606720
[measure] op=delete count=77 us=5446 rss_peak_bytes=56623104
[measure] op=reserve-finalize count=78 us=9865 rss_peak_bytes=56639488
[measure] op=delete count=78 us=5326 rss_peak_bytes=56655872
[measure] op=reserve-finalize count=79 us=9971 rss_peak_bytes=56705024
[measure] op=delete count=79 us=5496 rss_peak_bytes=56705024
[measure] op=reserve-finalize count=80 us=9868 rss_peak_bytes=56705024
[measure] op=delete count=80 us=5685 rss_peak_bytes=56705024
[measure] op=reserve-finalize count=81 us=9943 rss_peak_bytes=56786944
[measure] op=delete count=81 us=5290 rss_peak_bytes=56836096
[measure] op=reserve-finalize count=82 us=9926 rss_peak_bytes=56901632
[measure] op=delete count=82 us=5534 rss_peak_bytes=56901632
[measure] op=reserve-finalize count=83 us=9824 rss_peak_bytes=56950784
[measure] op=delete count=83 us=5291 rss_peak_bytes=56950784
[measure] op=reserve-finalize count=84 us=9899 rss_peak_bytes=56967168
[measure] op=delete count=84 us=5344 rss_peak_bytes=56967168
[measure] op=reserve-finalize count=85 us=9877 rss_peak_bytes=56983552
[measure] op=delete count=85 us=5480 rss_peak_bytes=56983552
[measure] op=reserve-finalize count=86 us=10009 rss_peak_bytes=56983552
[measure] op=delete count=86 us=5722 rss_peak_bytes=56999936
[measure] op=reserve-finalize count=87 us=9990 rss_peak_bytes=57065472
[measure] op=delete count=87 us=5310 rss_peak_bytes=57065472
[measure] op=reserve-finalize count=88 us=9949 rss_peak_bytes=57147392
[measure] op=delete count=88 us=5413 rss_peak_bytes=57147392
[measure] op=reserve-finalize count=89 us=9857 rss_peak_bytes=57163776
[measure] op=delete count=89 us=5455 rss_peak_bytes=57163776
[measure] op=reserve-finalize count=90 us=10004 rss_peak_bytes=57180160
[measure] op=delete count=90 us=5345 rss_peak_bytes=57196544
[measure] op=reserve-finalize count=91 us=9908 rss_peak_bytes=57212928
[measure] op=delete count=91 us=5303 rss_peak_bytes=57212928
[measure] op=reserve-finalize count=92 us=9744 rss_peak_bytes=57229312
[measure] op=delete count=92 us=5273 rss_peak_bytes=57229312
[measure] op=reserve-finalize count=93 us=9866 rss_peak_bytes=57294848
[measure] op=delete count=93 us=5368 rss_peak_bytes=57294848
[measure] op=reserve-finalize count=94 us=9980 rss_peak_bytes=57360384
[measure] op=delete count=94 us=35065 rss_peak_bytes=58327040
[measure] op=reserve-finalize count=95 us=9879 rss_peak_bytes=58327040
[measure] op=delete count=95 us=5662 rss_peak_bytes=58343424
[measure] op=reserve-finalize count=96 us=9823 rss_peak_bytes=58343424
[measure] op=delete count=96 us=5462 rss_peak_bytes=58343424
[child] exit=0 signal=0
[measure] op=incremental-native-observe count=384 us=239615 rss_peak_bytes=58343424
[measure] op=reserve-finalize count=97 us=10381 rss_peak_bytes=58343424
[measure] op=delete count=97 us=5407 rss_peak_bytes=58343424
[measure] op=reserve-finalize count=98 us=9965 rss_peak_bytes=58343424
[measure] op=delete count=98 us=5545 rss_peak_bytes=58359808
[measure] op=reserve-finalize count=99 us=9689 rss_peak_bytes=58359808
[measure] op=delete count=99 us=5362 rss_peak_bytes=58359808
[measure] op=reserve-finalize count=100 us=10048 rss_peak_bytes=58359808
[measure] op=delete count=100 us=5624 rss_peak_bytes=58359808
[measure] op=reserve-finalize count=101 us=10070 rss_peak_bytes=58359808
[measure] op=delete count=101 us=5530 rss_peak_bytes=58376192
[measure] op=reserve-finalize count=102 us=10258 rss_peak_bytes=58392576
[measure] op=delete count=102 us=5389 rss_peak_bytes=58392576
[measure] op=reserve-finalize count=103 us=9866 rss_peak_bytes=58408960
[measure] op=delete count=103 us=5307 rss_peak_bytes=58408960
[measure] op=reserve-finalize count=104 us=9917 rss_peak_bytes=58408960
[measure] op=delete count=104 us=5643 rss_peak_bytes=58408960
[measure] op=reserve-finalize count=105 us=9726 rss_peak_bytes=58408960
[measure] op=delete count=105 us=5390 rss_peak_bytes=58408960
[measure] op=reserve-finalize count=106 us=10026 rss_peak_bytes=58425344
[measure] op=delete count=106 us=5369 rss_peak_bytes=58425344
[measure] op=reserve-finalize count=107 us=9897 rss_peak_bytes=58425344
[measure] op=delete count=107 us=5291 rss_peak_bytes=58425344
[measure] op=reserve-finalize count=108 us=9815 rss_peak_bytes=58441728
[measure] op=delete count=108 us=5262 rss_peak_bytes=58441728
[measure] op=reserve-finalize count=109 us=9831 rss_peak_bytes=58441728
[measure] op=delete count=109 us=5369 rss_peak_bytes=58458112
[measure] op=reserve-finalize count=110 us=9706 rss_peak_bytes=58458112
[measure] op=delete count=110 us=5556 rss_peak_bytes=58458112
[measure] op=reserve-finalize count=111 us=9645 rss_peak_bytes=58474496
[measure] op=delete count=111 us=5393 rss_peak_bytes=58474496
[measure] op=reserve-finalize count=112 us=10057 rss_peak_bytes=58474496
[measure] op=delete count=112 us=5373 rss_peak_bytes=58474496
[measure] op=reserve-finalize count=113 us=9906 rss_peak_bytes=58474496
[measure] op=delete count=113 us=5518 rss_peak_bytes=58490880
[measure] op=reserve-finalize count=114 us=10018 rss_peak_bytes=58490880
[measure] op=delete count=114 us=5436 rss_peak_bytes=58490880
[measure] op=reserve-finalize count=115 us=9890 rss_peak_bytes=58490880
[measure] op=delete count=115 us=5504 rss_peak_bytes=58507264
[measure] op=reserve-finalize count=116 us=9760 rss_peak_bytes=58507264
[measure] op=delete count=116 us=5447 rss_peak_bytes=58507264
[measure] op=reserve-finalize count=117 us=9702 rss_peak_bytes=58507264
[measure] op=delete count=117 us=5347 rss_peak_bytes=58523648
[measure] op=reserve-finalize count=118 us=9904 rss_peak_bytes=58523648
[measure] op=delete count=118 us=5345 rss_peak_bytes=58523648
[measure] op=reserve-finalize count=119 us=9954 rss_peak_bytes=58523648
[measure] op=delete count=119 us=5503 rss_peak_bytes=58540032
[measure] op=reserve-finalize count=120 us=9915 rss_peak_bytes=58540032
[measure] op=delete count=120 us=5764 rss_peak_bytes=58540032
[measure] op=reserve-finalize count=121 us=9922 rss_peak_bytes=58556416
[measure] op=delete count=121 us=5563 rss_peak_bytes=58556416
[measure] op=reserve-finalize count=122 us=9973 rss_peak_bytes=58556416
[measure] op=delete count=122 us=5575 rss_peak_bytes=58556416
[measure] op=reserve-finalize count=123 us=9785 rss_peak_bytes=58556416
[measure] op=delete count=123 us=5601 rss_peak_bytes=58572800
[measure] op=reserve-finalize count=124 us=9906 rss_peak_bytes=58572800
[measure] op=delete count=124 us=5423 rss_peak_bytes=58572800
[measure] op=reserve-finalize count=125 us=9912 rss_peak_bytes=58572800
[measure] op=delete count=125 us=5322 rss_peak_bytes=58572800
[measure] op=reserve-finalize count=126 us=9787 rss_peak_bytes=58572800
[measure] op=delete count=126 us=5564 rss_peak_bytes=58572800
[measure] op=reserve-finalize count=127 us=10279 rss_peak_bytes=58572800
[measure] op=delete count=127 us=6512 rss_peak_bytes=58621952
[measure] op=reserve-finalize count=128 us=9936 rss_peak_bytes=58621952
[measure] op=delete count=128 us=5683 rss_peak_bytes=58621952
[child] exit=0 signal=0
[measure] op=incremental-native-observe count=512 us=280597 rss_peak_bytes=58703872
[measure] op=reserve-finalize count=129 us=10557 rss_peak_bytes=58703872
[measure] op=delete count=129 us=5646 rss_peak_bytes=58703872
[measure] op=reserve-finalize count=130 us=10508 rss_peak_bytes=58703872
[measure] op=delete count=130 us=5617 rss_peak_bytes=58703872
[measure] op=reserve-finalize count=131 us=10083 rss_peak_bytes=58703872
[measure] op=delete count=131 us=5561 rss_peak_bytes=58703872
[measure] op=reserve-finalize count=132 us=10130 rss_peak_bytes=58703872
[measure] op=delete count=132 us=5742 rss_peak_bytes=58703872
[measure] op=reserve-finalize count=133 us=9901 rss_peak_bytes=58703872
[measure] op=delete count=133 us=5640 rss_peak_bytes=58753024
[measure] op=reserve-finalize count=134 us=9878 rss_peak_bytes=58753024
[measure] op=delete count=134 us=5787 rss_peak_bytes=58753024
[measure] op=reserve-finalize count=135 us=9929 rss_peak_bytes=58753024
[measure] op=delete count=135 us=5419 rss_peak_bytes=58753024
[measure] op=reserve-finalize count=136 us=10003 rss_peak_bytes=58753024
[measure] op=delete count=136 us=5608 rss_peak_bytes=58753024
[measure] op=reserve-finalize count=137 us=10154 rss_peak_bytes=58753024
[measure] op=delete count=137 us=5579 rss_peak_bytes=58769408
[measure] op=reserve-finalize count=138 us=9916 rss_peak_bytes=58769408
[measure] op=delete count=138 us=6040 rss_peak_bytes=58769408
[measure] op=reserve-finalize count=139 us=9873 rss_peak_bytes=58785792
[measure] op=delete count=139 us=5599 rss_peak_bytes=58785792
[measure] op=reserve-finalize count=140 us=9941 rss_peak_bytes=58785792
[measure] op=delete count=140 us=5509 rss_peak_bytes=58785792
[measure] op=reserve-finalize count=141 us=10204 rss_peak_bytes=58785792
[measure] op=delete count=141 us=5471 rss_peak_bytes=58802176
[measure] op=reserve-finalize count=142 us=10382 rss_peak_bytes=58802176
[measure] op=delete count=142 us=5535 rss_peak_bytes=58802176
[measure] op=reserve-finalize count=143 us=10095 rss_peak_bytes=58818560
[measure] op=delete count=143 us=5790 rss_peak_bytes=58818560
[measure] op=reserve-finalize count=144 us=10041 rss_peak_bytes=58818560
[measure] op=delete count=144 us=5497 rss_peak_bytes=58818560
[measure] op=reserve-finalize count=145 us=9928 rss_peak_bytes=58818560
[measure] op=delete count=145 us=5582 rss_peak_bytes=58818560
[measure] op=reserve-finalize count=146 us=10202 rss_peak_bytes=58818560
[measure] op=delete count=146 us=5498 rss_peak_bytes=58818560
[measure] op=reserve-finalize count=147 us=10155 rss_peak_bytes=58818560
[measure] op=delete count=147 us=5697 rss_peak_bytes=58834944
[measure] op=reserve-finalize count=148 us=10233 rss_peak_bytes=58834944
[measure] op=delete count=148 us=5713 rss_peak_bytes=58834944
[measure] op=reserve-finalize count=149 us=9842 rss_peak_bytes=58834944
[measure] op=delete count=149 us=5693 rss_peak_bytes=58834944
[measure] op=reserve-finalize count=150 us=10005 rss_peak_bytes=58834944
[measure] op=delete count=150 us=5343 rss_peak_bytes=58834944
[measure] op=reserve-finalize count=151 us=10005 rss_peak_bytes=58834944
[measure] op=delete count=151 us=5630 rss_peak_bytes=58851328
[measure] op=reserve-finalize count=152 us=9998 rss_peak_bytes=58851328
[measure] op=delete count=152 us=5549 rss_peak_bytes=58851328
[measure] op=reserve-finalize count=153 us=9934 rss_peak_bytes=58867712
[measure] op=delete count=153 us=5362 rss_peak_bytes=58884096
[measure] op=reserve-finalize count=154 us=10007 rss_peak_bytes=58884096
[measure] op=delete count=154 us=5385 rss_peak_bytes=58884096
[measure] op=reserve-finalize count=155 us=9925 rss_peak_bytes=58884096
[measure] op=delete count=155 us=5477 rss_peak_bytes=58916864
[measure] op=reserve-finalize count=156 us=10148 rss_peak_bytes=58916864
[measure] op=delete count=156 us=5766 rss_peak_bytes=58916864
[measure] op=reserve-finalize count=157 us=9914 rss_peak_bytes=58949632
[measure] op=delete count=157 us=5488 rss_peak_bytes=58949632
[measure] op=reserve-finalize count=158 us=10291 rss_peak_bytes=58949632
[measure] op=delete count=158 us=5658 rss_peak_bytes=58949632
[measure] op=reserve-finalize count=159 us=9941 rss_peak_bytes=58949632
[measure] op=delete count=159 us=5478 rss_peak_bytes=58966016
[measure] op=reserve-finalize count=160 us=9805 rss_peak_bytes=58966016
[measure] op=delete count=160 us=5774 rss_peak_bytes=58966016
[child] exit=0 signal=0
[measure] op=incremental-native-observe count=640 us=323452 rss_peak_bytes=58966016
[measure] op=reserve-finalize count=161 us=10623 rss_peak_bytes=58966016
[measure] op=delete count=161 us=5773 rss_peak_bytes=58966016
[measure] op=reserve-finalize count=162 us=9995 rss_peak_bytes=58966016
[measure] op=delete count=162 us=5544 rss_peak_bytes=58966016
[measure] op=reserve-finalize count=163 us=9967 rss_peak_bytes=58966016
[measure] op=delete count=163 us=5762 rss_peak_bytes=58966016
[measure] op=reserve-finalize count=164 us=9796 rss_peak_bytes=58982400
[measure] op=delete count=164 us=5796 rss_peak_bytes=58982400
[measure] op=reserve-finalize count=165 us=9854 rss_peak_bytes=58982400
[measure] op=delete count=165 us=5286 rss_peak_bytes=58998784
[measure] op=reserve-finalize count=166 us=9930 rss_peak_bytes=58998784
[measure] op=delete count=166 us=5439 rss_peak_bytes=58998784
[measure] op=reserve-finalize count=167 us=9905 rss_peak_bytes=58998784
[measure] op=delete count=167 us=5819 rss_peak_bytes=58998784
[measure] op=reserve-finalize count=168 us=9918 rss_peak_bytes=58998784
[measure] op=delete count=168 us=5645 rss_peak_bytes=58998784
[measure] op=reserve-finalize count=169 us=9875 rss_peak_bytes=58998784
[measure] op=delete count=169 us=5450 rss_peak_bytes=58998784
[measure] op=reserve-finalize count=170 us=10022 rss_peak_bytes=59031552
[measure] op=delete count=170 us=5595 rss_peak_bytes=59031552
[measure] op=reserve-finalize count=171 us=9869 rss_peak_bytes=59031552
[measure] op=delete count=171 us=5569 rss_peak_bytes=59031552
[measure] op=reserve-finalize count=172 us=9988 rss_peak_bytes=59031552
[measure] op=delete count=172 us=5457 rss_peak_bytes=59031552
[measure] op=reserve-finalize count=173 us=9702 rss_peak_bytes=59031552
[measure] op=delete count=173 us=5371 rss_peak_bytes=59047936
[measure] op=reserve-finalize count=174 us=9764 rss_peak_bytes=59047936
[measure] op=delete count=174 us=5474 rss_peak_bytes=59064320
[measure] op=reserve-finalize count=175 us=9953 rss_peak_bytes=59097088
[measure] op=delete count=175 us=5617 rss_peak_bytes=59097088
[measure] op=reserve-finalize count=176 us=9870 rss_peak_bytes=59097088
[measure] op=delete count=176 us=5384 rss_peak_bytes=59097088
[measure] op=reserve-finalize count=177 us=9857 rss_peak_bytes=59097088
[measure] op=delete count=177 us=5423 rss_peak_bytes=59097088
[measure] op=reserve-finalize count=178 us=9617 rss_peak_bytes=59097088
[measure] op=delete count=178 us=5309 rss_peak_bytes=59097088
[measure] op=reserve-finalize count=179 us=9946 rss_peak_bytes=59097088
[measure] op=delete count=179 us=5482 rss_peak_bytes=59113472
[measure] op=reserve-finalize count=180 us=9786 rss_peak_bytes=59113472
[measure] op=delete count=180 us=5634 rss_peak_bytes=59113472
[measure] op=reserve-finalize count=181 us=9777 rss_peak_bytes=59129856
[measure] op=delete count=181 us=5366 rss_peak_bytes=59129856
[measure] op=reserve-finalize count=182 us=9993 rss_peak_bytes=59129856
[measure] op=delete count=182 us=5575 rss_peak_bytes=59146240
[measure] op=reserve-finalize count=183 us=9870 rss_peak_bytes=59146240
[measure] op=delete count=183 us=5724 rss_peak_bytes=59146240
[measure] op=reserve-finalize count=184 us=10577 rss_peak_bytes=59375616
[measure] op=delete count=184 us=5649 rss_peak_bytes=59375616
[measure] op=reserve-finalize count=185 us=9957 rss_peak_bytes=59375616
[measure] op=delete count=185 us=5617 rss_peak_bytes=59375616
[measure] op=reserve-finalize count=186 us=9645 rss_peak_bytes=59375616
[measure] op=delete count=186 us=5461 rss_peak_bytes=59375616
[measure] op=reserve-finalize count=187 us=10076 rss_peak_bytes=59375616
[measure] op=delete count=187 us=5498 rss_peak_bytes=59375616
[measure] op=reserve-finalize count=188 us=9967 rss_peak_bytes=59375616
[measure] op=delete count=188 us=50813 rss_peak_bytes=61014016
[measure] op=reserve-finalize count=189 us=10018 rss_peak_bytes=61030400
[measure] op=delete count=189 us=5622 rss_peak_bytes=61046784
[measure] op=reserve-finalize count=190 us=9800 rss_peak_bytes=61046784
[measure] op=delete count=190 us=5499 rss_peak_bytes=61046784
[measure] op=reserve-finalize count=191 us=9800 rss_peak_bytes=61046784
[measure] op=delete count=191 us=5772 rss_peak_bytes=61046784
[measure] op=reserve-finalize count=192 us=9999 rss_peak_bytes=61046784
[measure] op=delete count=192 us=5573 rss_peak_bytes=61046784
[child] exit=0 signal=0
[measure] op=incremental-native-observe count=768 us=275370 rss_peak_bytes=61046784
[measure] op=reserve-finalize count=193 us=10461 rss_peak_bytes=61046784
[measure] op=delete count=193 us=5598 rss_peak_bytes=61063168
[measure] op=reserve-finalize count=194 us=9978 rss_peak_bytes=61063168
[measure] op=delete count=194 us=5583 rss_peak_bytes=61063168
[measure] op=reserve-finalize count=195 us=10176 rss_peak_bytes=61063168
[measure] op=delete count=195 us=5366 rss_peak_bytes=61063168
[measure] op=reserve-finalize count=196 us=9965 rss_peak_bytes=61063168
[measure] op=delete count=196 us=5518 rss_peak_bytes=61063168
[measure] op=reserve-finalize count=197 us=10044 rss_peak_bytes=61063168
[measure] op=delete count=197 us=5841 rss_peak_bytes=61079552
[measure] op=reserve-finalize count=198 us=9969 rss_peak_bytes=61079552
[measure] op=delete count=198 us=5517 rss_peak_bytes=61095936
[measure] op=reserve-finalize count=199 us=10055 rss_peak_bytes=61095936
[measure] op=delete count=199 us=5463 rss_peak_bytes=61095936
[measure] op=reserve-finalize count=200 us=9987 rss_peak_bytes=61112320
[measure] op=delete count=200 us=5477 rss_peak_bytes=61112320
[measure] op=reserve-finalize count=201 us=10011 rss_peak_bytes=61112320
[measure] op=delete count=201 us=5605 rss_peak_bytes=61128704
[measure] op=reserve-finalize count=202 us=9729 rss_peak_bytes=61128704
[measure] op=delete count=202 us=5456 rss_peak_bytes=61128704
[measure] op=reserve-finalize count=203 us=9880 rss_peak_bytes=61128704
[measure] op=delete count=203 us=5314 rss_peak_bytes=61128704
[measure] op=reserve-finalize count=204 us=9844 rss_peak_bytes=61145088
[measure] op=delete count=204 us=5998 rss_peak_bytes=61145088
[measure] op=reserve-finalize count=205 us=9985 rss_peak_bytes=61145088
[measure] op=delete count=205 us=5444 rss_peak_bytes=61145088
[measure] op=reserve-finalize count=206 us=9961 rss_peak_bytes=61161472
[measure] op=delete count=206 us=5467 rss_peak_bytes=61161472
[measure] op=reserve-finalize count=207 us=10112 rss_peak_bytes=61177856
[measure] op=delete count=207 us=5735 rss_peak_bytes=61194240
[measure] op=reserve-finalize count=208 us=10228 rss_peak_bytes=61194240
[measure] op=delete count=208 us=5799 rss_peak_bytes=61194240
[measure] op=reserve-finalize count=209 us=10016 rss_peak_bytes=61194240
[measure] op=delete count=209 us=5619 rss_peak_bytes=61194240
[measure] op=reserve-finalize count=210 us=9764 rss_peak_bytes=61194240
[measure] op=delete count=210 us=5787 rss_peak_bytes=61194240
[measure] op=reserve-finalize count=211 us=10273 rss_peak_bytes=61210624
[measure] op=delete count=211 us=5561 rss_peak_bytes=61227008
[measure] op=reserve-finalize count=212 us=10010 rss_peak_bytes=61227008
[measure] op=delete count=212 us=5555 rss_peak_bytes=61227008
[measure] op=reserve-finalize count=213 us=9896 rss_peak_bytes=61227008
[measure] op=delete count=213 us=5571 rss_peak_bytes=61227008
[measure] op=reserve-finalize count=214 us=9724 rss_peak_bytes=61227008
[measure] op=delete count=214 us=5499 rss_peak_bytes=61227008
[measure] op=reserve-finalize count=215 us=9767 rss_peak_bytes=61227008
[measure] op=delete count=215 us=5465 rss_peak_bytes=61243392
[measure] op=reserve-finalize count=216 us=9912 rss_peak_bytes=61243392
[measure] op=delete count=216 us=5446 rss_peak_bytes=61243392
[measure] op=reserve-finalize count=217 us=9806 rss_peak_bytes=61243392
[measure] op=delete count=217 us=5523 rss_peak_bytes=61243392
[measure] op=reserve-finalize count=218 us=9895 rss_peak_bytes=61243392
[measure] op=delete count=218 us=5513 rss_peak_bytes=61243392
[measure] op=reserve-finalize count=219 us=9848 rss_peak_bytes=61243392
[measure] op=delete count=219 us=5489 rss_peak_bytes=61243392
[measure] op=reserve-finalize count=220 us=9834 rss_peak_bytes=61259776
[measure] op=delete count=220 us=5480 rss_peak_bytes=61259776
[measure] op=reserve-finalize count=221 us=9759 rss_peak_bytes=61259776
[measure] op=delete count=221 us=5349 rss_peak_bytes=61259776
[measure] op=reserve-finalize count=222 us=9993 rss_peak_bytes=61259776
[measure] op=delete count=222 us=5628 rss_peak_bytes=61259776
[measure] op=reserve-finalize count=223 us=9805 rss_peak_bytes=61259776
[measure] op=delete count=223 us=5462 rss_peak_bytes=61259776
[measure] op=reserve-finalize count=224 us=9693 rss_peak_bytes=61259776
[measure] op=delete count=224 us=5389 rss_peak_bytes=61259776
[child] exit=0 signal=0
[measure] op=incremental-native-observe count=896 us=316819 rss_peak_bytes=61259776
[measure] op=reserve-finalize count=225 us=10492 rss_peak_bytes=61259776
[measure] op=delete count=225 us=5762 rss_peak_bytes=61276160
[measure] op=reserve-finalize count=226 us=10074 rss_peak_bytes=61292544
[measure] op=delete count=226 us=5529 rss_peak_bytes=61308928
[measure] op=reserve-finalize count=227 us=10079 rss_peak_bytes=61308928
[measure] op=delete count=227 us=5640 rss_peak_bytes=61308928
[measure] op=reserve-finalize count=228 us=9908 rss_peak_bytes=61308928
[measure] op=delete count=228 us=5440 rss_peak_bytes=61308928
[measure] op=reserve-finalize count=229 us=10270 rss_peak_bytes=61308928
[measure] op=delete count=229 us=5432 rss_peak_bytes=61325312
[measure] op=reserve-finalize count=230 us=9752 rss_peak_bytes=61325312
[measure] op=delete count=230 us=5425 rss_peak_bytes=61325312
[measure] op=reserve-finalize count=231 us=10093 rss_peak_bytes=61325312
[measure] op=delete count=231 us=5468 rss_peak_bytes=61325312
[measure] op=reserve-finalize count=232 us=10008 rss_peak_bytes=61325312
[measure] op=delete count=232 us=5606 rss_peak_bytes=61325312
[measure] op=reserve-finalize count=233 us=10045 rss_peak_bytes=61325312
[measure] op=delete count=233 us=5547 rss_peak_bytes=61341696
[measure] op=reserve-finalize count=234 us=9811 rss_peak_bytes=61341696
[measure] op=delete count=234 us=5605 rss_peak_bytes=61341696
[measure] op=reserve-finalize count=235 us=9886 rss_peak_bytes=61341696
[measure] op=delete count=235 us=5854 rss_peak_bytes=61341696
[measure] op=reserve-finalize count=236 us=10333 rss_peak_bytes=61341696
[measure] op=delete count=236 us=5437 rss_peak_bytes=61341696
[measure] op=reserve-finalize count=237 us=9922 rss_peak_bytes=61341696
[measure] op=delete count=237 us=5539 rss_peak_bytes=61341696
[measure] op=reserve-finalize count=238 us=9789 rss_peak_bytes=61341696
[measure] op=delete count=238 us=5437 rss_peak_bytes=61341696
[measure] op=reserve-finalize count=239 us=10203 rss_peak_bytes=61358080
[measure] op=delete count=239 us=5661 rss_peak_bytes=61374464
[measure] op=reserve-finalize count=240 us=9923 rss_peak_bytes=61374464
[measure] op=delete count=240 us=5970 rss_peak_bytes=61374464
[measure] op=reserve-finalize count=241 us=9797 rss_peak_bytes=61374464
[measure] op=delete count=241 us=5586 rss_peak_bytes=61374464
[measure] op=reserve-finalize count=242 us=10121 rss_peak_bytes=61374464
[measure] op=delete count=242 us=5669 rss_peak_bytes=61374464
[measure] op=reserve-finalize count=243 us=10044 rss_peak_bytes=61374464
[measure] op=delete count=243 us=5637 rss_peak_bytes=61374464
[measure] op=reserve-finalize count=244 us=9885 rss_peak_bytes=61374464
[measure] op=delete count=244 us=5467 rss_peak_bytes=61374464
[measure] op=reserve-finalize count=245 us=10070 rss_peak_bytes=61390848
[measure] op=delete count=245 us=5774 rss_peak_bytes=61390848
[measure] op=reserve-finalize count=246 us=9978 rss_peak_bytes=61390848
[measure] op=delete count=246 us=5929 rss_peak_bytes=61390848
[measure] op=reserve-finalize count=247 us=10145 rss_peak_bytes=61407232
[measure] op=delete count=247 us=5634 rss_peak_bytes=61423616
[measure] op=reserve-finalize count=248 us=9916 rss_peak_bytes=61423616
[measure] op=delete count=248 us=5471 rss_peak_bytes=61423616
[measure] op=reserve-finalize count=249 us=9841 rss_peak_bytes=61440000
[measure] op=delete count=249 us=5314 rss_peak_bytes=61440000
[measure] op=reserve-finalize count=250 us=9749 rss_peak_bytes=61456384
[measure] op=delete count=250 us=5583 rss_peak_bytes=61456384
[measure] op=reserve-finalize count=251 us=9929 rss_peak_bytes=61456384
[measure] op=delete count=251 us=5652 rss_peak_bytes=61456384
[measure] op=reserve-finalize count=252 us=9894 rss_peak_bytes=61456384
[measure] op=delete count=252 us=5647 rss_peak_bytes=61472768
[measure] op=reserve-finalize count=253 us=9917 rss_peak_bytes=61472768
[measure] op=delete count=253 us=5528 rss_peak_bytes=61472768
[measure] op=reserve-finalize count=254 us=9892 rss_peak_bytes=61472768
[measure] op=delete count=254 us=5499 rss_peak_bytes=61472768
[measure] op=reserve-finalize count=255 us=9781 rss_peak_bytes=61489152
[measure] op=delete count=255 us=5398 rss_peak_bytes=61505536
[measure] op=reserve-finalize count=256 us=10019 rss_peak_bytes=61505536
[measure] op=delete count=256 us=5570 rss_peak_bytes=61505536
[child] exit=0 signal=0
[measure] op=incremental-native-observe count=1024 us=358365 rss_peak_bytes=61505536
[measure] op=reserve-finalize count=257 us=10697 rss_peak_bytes=61505536
[measure] op=delete count=257 us=5993 rss_peak_bytes=61505536
[measure] op=reserve-finalize count=258 us=9970 rss_peak_bytes=61505536
[measure] op=delete count=258 us=5548 rss_peak_bytes=61505536
[measure] op=reserve-finalize count=259 us=9768 rss_peak_bytes=61505536
[measure] op=delete count=259 us=6049 rss_peak_bytes=61521920
[measure] op=reserve-finalize count=260 us=9989 rss_peak_bytes=61521920
[measure] op=delete count=260 us=5447 rss_peak_bytes=61521920
[measure] op=reserve-finalize count=261 us=9965 rss_peak_bytes=61521920
[measure] op=delete count=261 us=5665 rss_peak_bytes=61538304
[measure] op=reserve-finalize count=262 us=9955 rss_peak_bytes=61538304
[measure] op=delete count=262 us=5669 rss_peak_bytes=61538304
[measure] op=reserve-finalize count=263 us=10075 rss_peak_bytes=61538304
[measure] op=delete count=263 us=5626 rss_peak_bytes=61538304
[measure] op=reserve-finalize count=264 us=10498 rss_peak_bytes=61554688
[measure] op=delete count=264 us=5486 rss_peak_bytes=61554688
[measure] op=reserve-finalize count=265 us=10047 rss_peak_bytes=61554688
[measure] op=delete count=265 us=5363 rss_peak_bytes=61554688
[measure] op=reserve-finalize count=266 us=9870 rss_peak_bytes=61554688
[measure] op=delete count=266 us=5401 rss_peak_bytes=61603840
[measure] op=reserve-finalize count=267 us=9771 rss_peak_bytes=61603840
[measure] op=delete count=267 us=5578 rss_peak_bytes=61603840
[measure] op=reserve-finalize count=268 us=9763 rss_peak_bytes=61603840
[measure] op=delete count=268 us=5331 rss_peak_bytes=61620224
[measure] op=reserve-finalize count=269 us=10335 rss_peak_bytes=61636608
[measure] op=delete count=269 us=5359 rss_peak_bytes=61636608
[measure] op=reserve-finalize count=270 us=10024 rss_peak_bytes=61669376
[measure] op=delete count=270 us=5540 rss_peak_bytes=61669376
[measure] op=reserve-finalize count=271 us=9830 rss_peak_bytes=61685760
[measure] op=delete count=271 us=5690 rss_peak_bytes=61685760
[measure] op=reserve-finalize count=272 us=9896 rss_peak_bytes=61685760
[measure] op=delete count=272 us=5316 rss_peak_bytes=61685760
[measure] op=reserve-finalize count=273 us=10009 rss_peak_bytes=61685760
[measure] op=delete count=273 us=5429 rss_peak_bytes=61685760
[measure] op=reserve-finalize count=274 us=9976 rss_peak_bytes=61685760
[measure] op=delete count=274 us=5336 rss_peak_bytes=61685760
[measure] op=reserve-finalize count=275 us=9768 rss_peak_bytes=61685760
[measure] op=delete count=275 us=5687 rss_peak_bytes=61702144
[measure] op=reserve-finalize count=276 us=9781 rss_peak_bytes=61702144
[measure] op=delete count=276 us=5636 rss_peak_bytes=61702144
[measure] op=reserve-finalize count=277 us=9820 rss_peak_bytes=61702144
[measure] op=delete count=277 us=5377 rss_peak_bytes=61702144
[measure] op=reserve-finalize count=278 us=9776 rss_peak_bytes=61702144
[measure] op=delete count=278 us=5442 rss_peak_bytes=61702144
[measure] op=reserve-finalize count=279 us=9870 rss_peak_bytes=61702144
[measure] op=delete count=279 us=5454 rss_peak_bytes=61718528
[measure] op=reserve-finalize count=280 us=9851 rss_peak_bytes=61718528
[measure] op=delete count=280 us=5388 rss_peak_bytes=61718528
[measure] op=reserve-finalize count=281 us=9957 rss_peak_bytes=61718528
[measure] op=delete count=281 us=5621 rss_peak_bytes=61718528
[measure] op=reserve-finalize count=282 us=9932 rss_peak_bytes=61734912
[measure] op=delete count=282 us=66053 rss_peak_bytes=63733760
[measure] op=reserve-finalize count=283 us=10410 rss_peak_bytes=63750144
[measure] op=delete count=283 us=5429 rss_peak_bytes=63766528
[measure] op=reserve-finalize count=284 us=10003 rss_peak_bytes=63766528
[measure] op=delete count=284 us=5358 rss_peak_bytes=63766528
[measure] op=reserve-finalize count=285 us=9900 rss_peak_bytes=63766528
[measure] op=delete count=285 us=5388 rss_peak_bytes=63766528
[measure] op=reserve-finalize count=286 us=10243 rss_peak_bytes=63766528
[measure] op=delete count=286 us=5787 rss_peak_bytes=63766528
[measure] op=reserve-finalize count=287 us=9822 rss_peak_bytes=63766528
[measure] op=delete count=287 us=5418 rss_peak_bytes=63782912
[measure] op=reserve-finalize count=288 us=10015 rss_peak_bytes=63782912
[measure] op=delete count=288 us=5514 rss_peak_bytes=63782912
[child] exit=0 signal=0
[measure] op=incremental-native-observe count=1152 us=309788 rss_peak_bytes=63782912
[measure] op=reserve-finalize count=289 us=10609 rss_peak_bytes=63782912
[measure] op=delete count=289 us=5771 rss_peak_bytes=63782912
[measure] op=reserve-finalize count=290 us=10028 rss_peak_bytes=63782912
[measure] op=delete count=290 us=5461 rss_peak_bytes=63782912
[measure] op=reserve-finalize count=291 us=9773 rss_peak_bytes=63799296
[measure] op=delete count=291 us=5390 rss_peak_bytes=63815680
[measure] op=reserve-finalize count=292 us=10534 rss_peak_bytes=63815680
[measure] op=delete count=292 us=5754 rss_peak_bytes=63815680
[measure] op=reserve-finalize count=293 us=10075 rss_peak_bytes=63815680
[measure] op=delete count=293 us=5356 rss_peak_bytes=63815680
[measure] op=reserve-finalize count=294 us=9854 rss_peak_bytes=63815680
[measure] op=delete count=294 us=5538 rss_peak_bytes=63815680
[measure] op=reserve-finalize count=295 us=9860 rss_peak_bytes=63815680
[measure] op=delete count=295 us=5421 rss_peak_bytes=63815680
[measure] op=reserve-finalize count=296 us=10209 rss_peak_bytes=63815680
[measure] op=delete count=296 us=5525 rss_peak_bytes=63815680
[measure] op=reserve-finalize count=297 us=10132 rss_peak_bytes=63815680
[measure] op=delete count=297 us=5603 rss_peak_bytes=63848448
[measure] op=reserve-finalize count=298 us=9931 rss_peak_bytes=63848448
[measure] op=delete count=298 us=5517 rss_peak_bytes=63848448
[measure] op=reserve-finalize count=299 us=9754 rss_peak_bytes=63848448
[measure] op=delete count=299 us=5315 rss_peak_bytes=63848448
[measure] op=reserve-finalize count=300 us=10029 rss_peak_bytes=63848448
[measure] op=delete count=300 us=5492 rss_peak_bytes=63848448
[measure] op=reserve-finalize count=301 us=9871 rss_peak_bytes=63864832
[measure] op=delete count=301 us=5592 rss_peak_bytes=63864832
[measure] op=reserve-finalize count=302 us=9901 rss_peak_bytes=63864832
[measure] op=delete count=302 us=5593 rss_peak_bytes=63864832
[measure] op=reserve-finalize count=303 us=9918 rss_peak_bytes=63881216
[measure] op=delete count=303 us=5840 rss_peak_bytes=63881216
[measure] op=reserve-finalize count=304 us=10047 rss_peak_bytes=63881216
[measure] op=delete count=304 us=5528 rss_peak_bytes=63881216
[measure] op=reserve-finalize count=305 us=10208 rss_peak_bytes=63881216
[measure] op=delete count=305 us=5466 rss_peak_bytes=63897600
[measure] op=reserve-finalize count=306 us=9904 rss_peak_bytes=63913984
[measure] op=delete count=306 us=5334 rss_peak_bytes=63913984
[measure] op=reserve-finalize count=307 us=9695 rss_peak_bytes=63913984
[measure] op=delete count=307 us=5371 rss_peak_bytes=63913984
[measure] op=reserve-finalize count=308 us=10243 rss_peak_bytes=63913984
[measure] op=delete count=308 us=5511 rss_peak_bytes=63913984
[measure] op=reserve-finalize count=309 us=9954 rss_peak_bytes=63913984
[measure] op=delete count=309 us=5562 rss_peak_bytes=63913984
[measure] op=reserve-finalize count=310 us=9971 rss_peak_bytes=63913984
[measure] op=delete count=310 us=5323 rss_peak_bytes=63913984
[measure] op=reserve-finalize count=311 us=9979 rss_peak_bytes=63913984
[measure] op=delete count=311 us=5548 rss_peak_bytes=63930368
[measure] op=reserve-finalize count=312 us=10113 rss_peak_bytes=63930368
[measure] op=delete count=312 us=5455 rss_peak_bytes=63930368
[measure] op=reserve-finalize count=313 us=9765 rss_peak_bytes=63930368
[measure] op=delete count=313 us=5527 rss_peak_bytes=63930368
[measure] op=reserve-finalize count=314 us=9948 rss_peak_bytes=63930368
[measure] op=delete count=314 us=5569 rss_peak_bytes=63930368
[measure] op=reserve-finalize count=315 us=9829 rss_peak_bytes=63930368
[measure] op=delete count=315 us=5528 rss_peak_bytes=63930368
[measure] op=reserve-finalize count=316 us=9935 rss_peak_bytes=63946752
[measure] op=delete count=316 us=5418 rss_peak_bytes=63946752
[measure] op=reserve-finalize count=317 us=9981 rss_peak_bytes=63946752
[measure] op=delete count=317 us=5449 rss_peak_bytes=63946752
[measure] op=reserve-finalize count=318 us=9783 rss_peak_bytes=63946752
[measure] op=delete count=318 us=5513 rss_peak_bytes=63946752
[measure] op=reserve-finalize count=319 us=10043 rss_peak_bytes=63963136
[measure] op=delete count=319 us=5534 rss_peak_bytes=63979520
[measure] op=reserve-finalize count=320 us=9965 rss_peak_bytes=63979520
[measure] op=delete count=320 us=5663 rss_peak_bytes=63979520
[child] exit=0 signal=0
[measure] op=incremental-native-observe count=1280 us=353821 rss_peak_bytes=63979520
[measure] op=reserve-finalize count=321 us=10659 rss_peak_bytes=63979520
[measure] op=delete count=321 us=5651 rss_peak_bytes=63979520
[measure] op=reserve-finalize count=322 us=10079 rss_peak_bytes=63979520
[measure] op=delete count=322 us=5414 rss_peak_bytes=63979520
[measure] op=reserve-finalize count=323 us=9956 rss_peak_bytes=63979520
[measure] op=delete count=323 us=5364 rss_peak_bytes=63979520
[measure] op=reserve-finalize count=324 us=9826 rss_peak_bytes=63995904
[measure] op=delete count=324 us=5499 rss_peak_bytes=63995904
[measure] op=reserve-finalize count=325 us=10083 rss_peak_bytes=63995904
[measure] op=delete count=325 us=5783 rss_peak_bytes=63995904
[measure] op=reserve-finalize count=326 us=9905 rss_peak_bytes=63995904
[measure] op=delete count=326 us=5457 rss_peak_bytes=63995904
[measure] op=reserve-finalize count=327 us=9955 rss_peak_bytes=63995904
[measure] op=delete count=327 us=5549 rss_peak_bytes=63995904
[measure] op=reserve-finalize count=328 us=9870 rss_peak_bytes=63995904
[measure] op=delete count=328 us=5327 rss_peak_bytes=63995904
[measure] op=reserve-finalize count=329 us=9697 rss_peak_bytes=63995904
[measure] op=delete count=329 us=5311 rss_peak_bytes=63995904
[measure] op=reserve-finalize count=330 us=9906 rss_peak_bytes=64012288
[measure] op=delete count=330 us=5381 rss_peak_bytes=64012288
[measure] op=reserve-finalize count=331 us=10008 rss_peak_bytes=64012288
[measure] op=delete count=331 us=5570 rss_peak_bytes=64012288
[measure] op=reserve-finalize count=332 us=9906 rss_peak_bytes=64012288
[measure] op=delete count=332 us=5958 rss_peak_bytes=64012288
[measure] op=reserve-finalize count=333 us=9920 rss_peak_bytes=64012288
[measure] op=delete count=333 us=5532 rss_peak_bytes=64028672
[measure] op=reserve-finalize count=334 us=9711 rss_peak_bytes=64045056
[measure] op=delete count=334 us=5421 rss_peak_bytes=64045056
[measure] op=reserve-finalize count=335 us=10115 rss_peak_bytes=64061440
[measure] op=delete count=335 us=6025 rss_peak_bytes=64077824
[measure] op=reserve-finalize count=336 us=9745 rss_peak_bytes=64077824
[measure] op=delete count=336 us=5699 rss_peak_bytes=64077824
[measure] op=reserve-finalize count=337 us=9854 rss_peak_bytes=64077824
[measure] op=delete count=337 us=5433 rss_peak_bytes=64077824
[measure] op=reserve-finalize count=338 us=9800 rss_peak_bytes=64077824
[measure] op=delete count=338 us=5778 rss_peak_bytes=64077824
[measure] op=reserve-finalize count=339 us=9774 rss_peak_bytes=64077824
[measure] op=delete count=339 us=5481 rss_peak_bytes=64094208
[measure] op=reserve-finalize count=340 us=10109 rss_peak_bytes=64110592
[measure] op=delete count=340 us=5898 rss_peak_bytes=64110592
[measure] op=reserve-finalize count=341 us=10284 rss_peak_bytes=64110592
[measure] op=delete count=341 us=5721 rss_peak_bytes=64110592
[measure] op=reserve-finalize count=342 us=10145 rss_peak_bytes=64110592
[measure] op=delete count=342 us=5678 rss_peak_bytes=64110592
[measure] op=reserve-finalize count=343 us=9890 rss_peak_bytes=64110592
[measure] op=delete count=343 us=5695 rss_peak_bytes=64110592
[measure] op=reserve-finalize count=344 us=9909 rss_peak_bytes=64110592
[measure] op=delete count=344 us=5900 rss_peak_bytes=64110592
[measure] op=reserve-finalize count=345 us=9823 rss_peak_bytes=64110592
[measure] op=delete count=345 us=5898 rss_peak_bytes=64126976
[measure] op=reserve-finalize count=346 us=9800 rss_peak_bytes=64126976
[measure] op=delete count=346 us=5572 rss_peak_bytes=64126976
[measure] op=reserve-finalize count=347 us=9974 rss_peak_bytes=64126976
[measure] op=delete count=347 us=5488 rss_peak_bytes=64143360
[measure] op=reserve-finalize count=348 us=9920 rss_peak_bytes=64143360
[measure] op=delete count=348 us=5396 rss_peak_bytes=64159744
[measure] op=reserve-finalize count=349 us=9604 rss_peak_bytes=64159744
[measure] op=delete count=349 us=5687 rss_peak_bytes=64159744
[measure] op=reserve-finalize count=350 us=9686 rss_peak_bytes=64159744
[measure] op=delete count=350 us=5337 rss_peak_bytes=64159744
[measure] op=reserve-finalize count=351 us=9674 rss_peak_bytes=64159744
[measure] op=delete count=351 us=5296 rss_peak_bytes=64159744
[measure] op=reserve-finalize count=352 us=9681 rss_peak_bytes=64159744
[measure] op=delete count=352 us=5537 rss_peak_bytes=64159744
[child] exit=0 signal=0
[measure] op=incremental-native-observe count=1408 us=393818 rss_peak_bytes=64159744
[measure] op=reserve-finalize count=353 us=10531 rss_peak_bytes=64159744
[measure] op=delete count=353 us=5700 rss_peak_bytes=64176128
[measure] op=reserve-finalize count=354 us=10623 rss_peak_bytes=64176128
[measure] op=delete count=354 us=5800 rss_peak_bytes=64176128
[measure] op=reserve-finalize count=355 us=9851 rss_peak_bytes=64192512
[measure] op=delete count=355 us=5606 rss_peak_bytes=64192512
[measure] op=reserve-finalize count=356 us=10131 rss_peak_bytes=64192512
[measure] op=delete count=356 us=5400 rss_peak_bytes=64192512
[measure] op=reserve-finalize count=357 us=9791 rss_peak_bytes=64208896
[measure] op=delete count=357 us=5389 rss_peak_bytes=64225280
[measure] op=reserve-finalize count=358 us=9784 rss_peak_bytes=64225280
[measure] op=delete count=358 us=5388 rss_peak_bytes=64225280
[measure] op=reserve-finalize count=359 us=10065 rss_peak_bytes=64225280
[measure] op=delete count=359 us=6059 rss_peak_bytes=64225280
[measure] op=reserve-finalize count=360 us=9930 rss_peak_bytes=64225280
[measure] op=delete count=360 us=5653 rss_peak_bytes=64225280
[measure] op=reserve-finalize count=361 us=9964 rss_peak_bytes=64225280
[measure] op=delete count=361 us=5394 rss_peak_bytes=64241664
[measure] op=reserve-finalize count=362 us=10021 rss_peak_bytes=64241664
[measure] op=delete count=362 us=5478 rss_peak_bytes=64241664
[measure] op=reserve-finalize count=363 us=9934 rss_peak_bytes=64241664
[measure] op=delete count=363 us=5772 rss_peak_bytes=64241664
[measure] op=reserve-finalize count=364 us=9920 rss_peak_bytes=64241664
[measure] op=delete count=364 us=5583 rss_peak_bytes=64241664
[measure] op=reserve-finalize count=365 us=9933 rss_peak_bytes=64241664
[measure] op=delete count=365 us=5653 rss_peak_bytes=64241664
[measure] op=reserve-finalize count=366 us=9859 rss_peak_bytes=64258048
[measure] op=delete count=366 us=5433 rss_peak_bytes=64258048
[measure] op=reserve-finalize count=367 us=9877 rss_peak_bytes=64274432
[measure] op=delete count=367 us=5326 rss_peak_bytes=64290816
[measure] op=reserve-finalize count=368 us=9927 rss_peak_bytes=64290816
[measure] op=delete count=368 us=5415 rss_peak_bytes=64290816
[measure] op=reserve-finalize count=369 us=9846 rss_peak_bytes=64290816
[measure] op=delete count=369 us=5810 rss_peak_bytes=64307200
[measure] op=reserve-finalize count=370 us=9683 rss_peak_bytes=64307200
[measure] op=delete count=370 us=5638 rss_peak_bytes=64307200
[measure] op=reserve-finalize count=371 us=10027 rss_peak_bytes=64307200
[measure] op=delete count=371 us=5592 rss_peak_bytes=64307200
[measure] op=reserve-finalize count=372 us=10019 rss_peak_bytes=64323584
[measure] op=delete count=372 us=5508 rss_peak_bytes=64323584
[measure] op=reserve-finalize count=373 us=10024 rss_peak_bytes=64323584
[measure] op=delete count=373 us=5927 rss_peak_bytes=64323584
[measure] op=reserve-finalize count=374 us=9876 rss_peak_bytes=64323584
[measure] op=delete count=374 us=5440 rss_peak_bytes=64323584
[measure] op=reserve-finalize count=375 us=9778 rss_peak_bytes=64323584
[measure] op=delete count=375 us=5399 rss_peak_bytes=64323584
[measure] op=reserve-finalize count=376 us=9959 rss_peak_bytes=64356352
[measure] op=delete count=376 us=81533 rss_peak_bytes=65732608
[measure] op=reserve-finalize count=377 us=9961 rss_peak_bytes=65732608
[measure] op=delete count=377 us=5624 rss_peak_bytes=65732608
[measure] op=reserve-finalize count=378 us=10222 rss_peak_bytes=65732608
[measure] op=delete count=378 us=5623 rss_peak_bytes=65732608
[measure] op=reserve-finalize count=379 us=10211 rss_peak_bytes=65732608
[measure] op=delete count=379 us=5564 rss_peak_bytes=65732608
[measure] op=reserve-finalize count=380 us=9845 rss_peak_bytes=65732608
[measure] op=delete count=380 us=5560 rss_peak_bytes=65748992
[measure] op=reserve-finalize count=381 us=9878 rss_peak_bytes=65748992
[measure] op=delete count=381 us=5447 rss_peak_bytes=65748992
[measure] op=reserve-finalize count=382 us=9909 rss_peak_bytes=65748992
[measure] op=delete count=382 us=5264 rss_peak_bytes=65748992
[measure] op=reserve-finalize count=383 us=9830 rss_peak_bytes=65748992
[measure] op=delete count=383 us=5561 rss_peak_bytes=65748992
[measure] op=reserve-finalize count=384 us=9920 rss_peak_bytes=65765376
[measure] op=delete count=384 us=5571 rss_peak_bytes=65765376
[child] exit=0 signal=0
[measure] op=incremental-native-observe count=1536 us=343628 rss_peak_bytes=65781760
[measure] op=reserve-finalize count=385 us=10683 rss_peak_bytes=65781760
[measure] op=delete count=385 us=5680 rss_peak_bytes=65781760
[measure] op=reserve-finalize count=386 us=10235 rss_peak_bytes=65781760
[measure] op=delete count=386 us=5711 rss_peak_bytes=65781760
[measure] op=reserve-finalize count=387 us=9911 rss_peak_bytes=65781760
[measure] op=delete count=387 us=5293 rss_peak_bytes=65781760
[measure] op=reserve-finalize count=388 us=9802 rss_peak_bytes=65781760
[measure] op=delete count=388 us=5524 rss_peak_bytes=65781760
[measure] op=reserve-finalize count=389 us=10277 rss_peak_bytes=65781760
[measure] op=delete count=389 us=5609 rss_peak_bytes=65781760
[measure] op=reserve-finalize count=390 us=10139 rss_peak_bytes=65798144
[measure] op=delete count=390 us=5462 rss_peak_bytes=65798144
[measure] op=reserve-finalize count=391 us=10345 rss_peak_bytes=65814528
[measure] op=delete count=391 us=6076 rss_peak_bytes=65814528
[measure] op=reserve-finalize count=392 us=10465 rss_peak_bytes=65814528
[measure] op=delete count=392 us=5861 rss_peak_bytes=65814528
[measure] op=reserve-finalize count=393 us=10104 rss_peak_bytes=65814528
[measure] op=delete count=393 us=5811 rss_peak_bytes=65830912
[measure] op=reserve-finalize count=394 us=10128 rss_peak_bytes=65830912
[measure] op=delete count=394 us=5688 rss_peak_bytes=65830912
[measure] op=reserve-finalize count=395 us=10432 rss_peak_bytes=65830912
[measure] op=delete count=395 us=5794 rss_peak_bytes=65830912
[measure] op=reserve-finalize count=396 us=10316 rss_peak_bytes=65830912
[measure] op=delete count=396 us=5737 rss_peak_bytes=65847296
[measure] op=reserve-finalize count=397 us=11653 rss_peak_bytes=65847296
[measure] op=delete count=397 us=5967 rss_peak_bytes=65863680
[measure] op=reserve-finalize count=398 us=10074 rss_peak_bytes=65863680
[measure] op=delete count=398 us=5653 rss_peak_bytes=65880064
[measure] op=reserve-finalize count=399 us=9983 rss_peak_bytes=65896448
[measure] op=delete count=399 us=5540 rss_peak_bytes=65896448
[measure] op=reserve-finalize count=400 us=10061 rss_peak_bytes=65929216
[measure] op=delete count=400 us=5444 rss_peak_bytes=65929216
[measure] op=reserve-finalize count=401 us=10029 rss_peak_bytes=65929216
[measure] op=delete count=401 us=5376 rss_peak_bytes=65929216
[measure] op=reserve-finalize count=402 us=9996 rss_peak_bytes=65929216
[measure] op=delete count=402 us=5540 rss_peak_bytes=65929216
[measure] op=reserve-finalize count=403 us=9910 rss_peak_bytes=65929216
[measure] op=delete count=403 us=5350 rss_peak_bytes=65945600
[measure] op=reserve-finalize count=404 us=9882 rss_peak_bytes=65945600
[measure] op=delete count=404 us=5422 rss_peak_bytes=65945600
[measure] op=reserve-finalize count=405 us=9873 rss_peak_bytes=65945600
[measure] op=delete count=405 us=5967 rss_peak_bytes=65961984
[measure] op=reserve-finalize count=406 us=9805 rss_peak_bytes=65961984
[measure] op=delete count=406 us=5441 rss_peak_bytes=65961984
[measure] op=reserve-finalize count=407 us=9807 rss_peak_bytes=65961984
[measure] op=delete count=407 us=5379 rss_peak_bytes=65961984
[measure] op=reserve-finalize count=408 us=10113 rss_peak_bytes=65994752
[measure] op=delete count=408 us=5436 rss_peak_bytes=65994752
[measure] op=reserve-finalize count=409 us=10043 rss_peak_bytes=65994752
[measure] op=delete count=409 us=5455 rss_peak_bytes=65994752
[measure] op=reserve-finalize count=410 us=10063 rss_peak_bytes=65994752
[measure] op=delete count=410 us=5670 rss_peak_bytes=65994752
[measure] op=reserve-finalize count=411 us=9867 rss_peak_bytes=65994752
[measure] op=delete count=411 us=5419 rss_peak_bytes=66011136
[measure] op=reserve-finalize count=412 us=9844 rss_peak_bytes=66011136
[measure] op=delete count=412 us=5322 rss_peak_bytes=66011136
[measure] op=reserve-finalize count=413 us=9850 rss_peak_bytes=66011136
[measure] op=delete count=413 us=5449 rss_peak_bytes=66011136
[measure] op=reserve-finalize count=414 us=9819 rss_peak_bytes=66011136
[measure] op=delete count=414 us=6082 rss_peak_bytes=66011136
[measure] op=reserve-finalize count=415 us=9746 rss_peak_bytes=66011136
[measure] op=delete count=415 us=5550 rss_peak_bytes=66011136
[measure] op=reserve-finalize count=416 us=9983 rss_peak_bytes=66011136
[measure] op=delete count=416 us=5546 rss_peak_bytes=66011136
[child] exit=0 signal=0
[measure] op=incremental-native-observe count=1664 us=385312 rss_peak_bytes=66027520
[measure] op=reserve-finalize count=417 us=10801 rss_peak_bytes=66027520
[measure] op=delete count=417 us=5522 rss_peak_bytes=66043904
[measure] op=reserve-finalize count=418 us=9901 rss_peak_bytes=66043904
[measure] op=delete count=418 us=5461 rss_peak_bytes=66043904
[measure] op=reserve-finalize count=419 us=9844 rss_peak_bytes=66060288
[measure] op=delete count=419 us=5633 rss_peak_bytes=66060288
[measure] op=reserve-finalize count=420 us=9969 rss_peak_bytes=66060288
[measure] op=delete count=420 us=5417 rss_peak_bytes=66060288
[measure] op=reserve-finalize count=421 us=9873 rss_peak_bytes=66060288
[measure] op=delete count=421 us=5565 rss_peak_bytes=66076672
[measure] op=reserve-finalize count=422 us=9847 rss_peak_bytes=66076672
[measure] op=delete count=422 us=5561 rss_peak_bytes=66076672
[measure] op=reserve-finalize count=423 us=9979 rss_peak_bytes=66076672
[measure] op=delete count=423 us=5652 rss_peak_bytes=66076672
[measure] op=reserve-finalize count=424 us=9760 rss_peak_bytes=66076672
[measure] op=delete count=424 us=5625 rss_peak_bytes=66076672
[measure] op=reserve-finalize count=425 us=9835 rss_peak_bytes=66076672
[measure] op=delete count=425 us=5466 rss_peak_bytes=66076672
[measure] op=reserve-finalize count=426 us=9971 rss_peak_bytes=66093056
[measure] op=delete count=426 us=5331 rss_peak_bytes=66093056
[measure] op=reserve-finalize count=427 us=9962 rss_peak_bytes=66109440
[measure] op=delete count=427 us=5524 rss_peak_bytes=66109440
[measure] op=reserve-finalize count=428 us=9700 rss_peak_bytes=66109440
[measure] op=delete count=428 us=5504 rss_peak_bytes=66109440
[measure] op=reserve-finalize count=429 us=9983 rss_peak_bytes=66109440
[measure] op=delete count=429 us=5437 rss_peak_bytes=66109440
[measure] op=reserve-finalize count=430 us=9878 rss_peak_bytes=66109440
[measure] op=delete count=430 us=5363 rss_peak_bytes=66109440
[measure] op=reserve-finalize count=431 us=9720 rss_peak_bytes=66125824
[measure] op=delete count=431 us=5528 rss_peak_bytes=66142208
[measure] op=reserve-finalize count=432 us=10162 rss_peak_bytes=66142208
[measure] op=delete count=432 us=5596 rss_peak_bytes=66142208
[measure] op=reserve-finalize count=433 us=9936 rss_peak_bytes=66142208
[measure] op=delete count=433 us=5681 rss_peak_bytes=66142208
[measure] op=reserve-finalize count=434 us=10109 rss_peak_bytes=66142208
[measure] op=delete count=434 us=5574 rss_peak_bytes=66142208
[measure] op=reserve-finalize count=435 us=9976 rss_peak_bytes=66142208
[measure] op=delete count=435 us=5330 rss_peak_bytes=66142208
[measure] op=reserve-finalize count=436 us=9729 rss_peak_bytes=66158592
[measure] op=delete count=436 us=5333 rss_peak_bytes=66158592
[measure] op=reserve-finalize count=437 us=9881 rss_peak_bytes=66158592
[measure] op=delete count=437 us=5488 rss_peak_bytes=66158592
[measure] op=reserve-finalize count=438 us=9933 rss_peak_bytes=66158592
[measure] op=delete count=438 us=5451 rss_peak_bytes=66158592
[measure] op=reserve-finalize count=439 us=9891 rss_peak_bytes=66158592
[measure] op=delete count=439 us=5645 rss_peak_bytes=66158592
[measure] op=reserve-finalize count=440 us=9823 rss_peak_bytes=66158592
[measure] op=delete count=440 us=5467 rss_peak_bytes=66158592
[measure] op=reserve-finalize count=441 us=10058 rss_peak_bytes=66158592
[measure] op=delete count=441 us=5405 rss_peak_bytes=66191360
[measure] op=reserve-finalize count=442 us=10009 rss_peak_bytes=66191360
[measure] op=delete count=442 us=5723 rss_peak_bytes=66191360
[measure] op=reserve-finalize count=443 us=10015 rss_peak_bytes=66191360
[measure] op=delete count=443 us=5738 rss_peak_bytes=66191360
[measure] op=reserve-finalize count=444 us=10232 rss_peak_bytes=66191360
[measure] op=delete count=444 us=5571 rss_peak_bytes=66191360
[measure] op=reserve-finalize count=445 us=10025 rss_peak_bytes=66191360
[measure] op=delete count=445 us=5613 rss_peak_bytes=66191360
[measure] op=reserve-finalize count=446 us=9791 rss_peak_bytes=66207744
[measure] op=delete count=446 us=5479 rss_peak_bytes=66224128
[measure] op=reserve-finalize count=447 us=9845 rss_peak_bytes=66224128
[measure] op=delete count=447 us=5463 rss_peak_bytes=66224128
[measure] op=reserve-finalize count=448 us=9795 rss_peak_bytes=66224128
[measure] op=delete count=448 us=5533 rss_peak_bytes=66224128
[child] exit=0 signal=0
[measure] op=incremental-native-observe count=1792 us=428118 rss_peak_bytes=66240512
[measure] op=reserve-finalize count=449 us=10506 rss_peak_bytes=66240512
[measure] op=delete count=449 us=6032 rss_peak_bytes=66256896
[measure] op=reserve-finalize count=450 us=10157 rss_peak_bytes=66256896
[measure] op=delete count=450 us=5831 rss_peak_bytes=66256896
[measure] op=reserve-finalize count=451 us=9961 rss_peak_bytes=66256896
[measure] op=delete count=451 us=5716 rss_peak_bytes=66273280
[measure] op=reserve-finalize count=452 us=9806 rss_peak_bytes=66273280
[measure] op=delete count=452 us=5525 rss_peak_bytes=66273280
[measure] op=reserve-finalize count=453 us=10058 rss_peak_bytes=66273280
[measure] op=delete count=453 us=5483 rss_peak_bytes=66289664
[measure] op=reserve-finalize count=454 us=9813 rss_peak_bytes=66289664
[measure] op=delete count=454 us=5420 rss_peak_bytes=66289664
[measure] op=reserve-finalize count=455 us=9964 rss_peak_bytes=66289664
[measure] op=delete count=455 us=5342 rss_peak_bytes=66289664
[measure] op=reserve-finalize count=456 us=9743 rss_peak_bytes=66289664
[measure] op=delete count=456 us=5503 rss_peak_bytes=66289664
[measure] op=reserve-finalize count=457 us=10002 rss_peak_bytes=66289664
[measure] op=delete count=457 us=5522 rss_peak_bytes=66306048
[measure] op=reserve-finalize count=458 us=9821 rss_peak_bytes=66306048
[measure] op=delete count=458 us=5441 rss_peak_bytes=66306048
[measure] op=reserve-finalize count=459 us=9896 rss_peak_bytes=66322432
[measure] op=delete count=459 us=5421 rss_peak_bytes=66322432
[measure] op=reserve-finalize count=460 us=9800 rss_peak_bytes=66322432
[measure] op=delete count=460 us=5492 rss_peak_bytes=66322432
[measure] op=reserve-finalize count=461 us=9783 rss_peak_bytes=66338816
[measure] op=delete count=461 us=5328 rss_peak_bytes=66338816
[measure] op=reserve-finalize count=462 us=9691 rss_peak_bytes=66338816
[measure] op=delete count=462 us=5655 rss_peak_bytes=66338816
[measure] op=reserve-finalize count=463 us=9937 rss_peak_bytes=66371584
[measure] op=delete count=463 us=5449 rss_peak_bytes=66387968
[measure] op=reserve-finalize count=464 us=9961 rss_peak_bytes=66387968
[measure] op=delete count=464 us=5596 rss_peak_bytes=66387968
[measure] op=reserve-finalize count=465 us=10140 rss_peak_bytes=66387968
[measure] op=delete count=465 us=5468 rss_peak_bytes=66404352
[measure] op=reserve-finalize count=466 us=9991 rss_peak_bytes=66404352
[measure] op=delete count=466 us=5616 rss_peak_bytes=66404352
[measure] op=reserve-finalize count=467 us=9930 rss_peak_bytes=66404352
[measure] op=delete count=467 us=5422 rss_peak_bytes=66420736
[measure] op=reserve-finalize count=468 us=10186 rss_peak_bytes=66420736
[measure] op=delete count=468 us=5285 rss_peak_bytes=66420736
[measure] op=reserve-finalize count=469 us=9739 rss_peak_bytes=66420736
[measure] op=delete count=469 us=5432 rss_peak_bytes=66420736
[measure] op=reserve-finalize count=470 us=9794 rss_peak_bytes=66420736
[measure] op=delete count=470 us=98356 rss_peak_bytes=67600384
[measure] op=reserve-finalize count=471 us=10200 rss_peak_bytes=67600384
[measure] op=delete count=471 us=5633 rss_peak_bytes=67600384
[measure] op=reserve-finalize count=472 us=9802 rss_peak_bytes=67600384
[measure] op=delete count=472 us=5568 rss_peak_bytes=67600384
[measure] op=reserve-finalize count=473 us=10059 rss_peak_bytes=67600384
[measure] op=delete count=473 us=5462 rss_peak_bytes=67616768
[measure] op=reserve-finalize count=474 us=9883 rss_peak_bytes=67616768
[measure] op=delete count=474 us=5448 rss_peak_bytes=67616768
[measure] op=reserve-finalize count=475 us=9757 rss_peak_bytes=67616768
[measure] op=delete count=475 us=5578 rss_peak_bytes=67616768
[measure] op=reserve-finalize count=476 us=10074 rss_peak_bytes=67616768
[measure] op=delete count=476 us=5546 rss_peak_bytes=67616768
[measure] op=reserve-finalize count=477 us=10076 rss_peak_bytes=67616768
[measure] op=delete count=477 us=5505 rss_peak_bytes=67649536
[measure] op=reserve-finalize count=478 us=9851 rss_peak_bytes=67649536
[measure] op=delete count=478 us=5662 rss_peak_bytes=67649536
[measure] op=reserve-finalize count=479 us=9966 rss_peak_bytes=67649536
[measure] op=delete count=479 us=5672 rss_peak_bytes=67649536
[measure] op=reserve-finalize count=480 us=10002 rss_peak_bytes=67649536
[measure] op=delete count=480 us=5337 rss_peak_bytes=67649536
[child] exit=0 signal=0
[measure] op=incremental-native-observe count=1920 us=380614 rss_peak_bytes=67682304
[measure] op=reserve-finalize count=481 us=10257 rss_peak_bytes=67698688
[measure] op=delete count=481 us=5639 rss_peak_bytes=67698688
[measure] op=reserve-finalize count=482 us=10322 rss_peak_bytes=67698688
[measure] op=delete count=482 us=5633 rss_peak_bytes=67698688
[measure] op=reserve-finalize count=483 us=9917 rss_peak_bytes=67698688
[measure] op=delete count=483 us=5514 rss_peak_bytes=67698688
[measure] op=reserve-finalize count=484 us=10065 rss_peak_bytes=67698688
[measure] op=delete count=484 us=5425 rss_peak_bytes=67698688
[measure] op=reserve-finalize count=485 us=9910 rss_peak_bytes=67698688
[measure] op=delete count=485 us=5508 rss_peak_bytes=67715072
[measure] op=reserve-finalize count=486 us=9841 rss_peak_bytes=67715072
[measure] op=delete count=486 us=5540 rss_peak_bytes=67715072
[measure] op=reserve-finalize count=487 us=9857 rss_peak_bytes=67715072
[measure] op=delete count=487 us=5579 rss_peak_bytes=67715072
[measure] op=reserve-finalize count=488 us=9915 rss_peak_bytes=67715072
[measure] op=delete count=488 us=5669 rss_peak_bytes=67715072
[measure] op=reserve-finalize count=489 us=9961 rss_peak_bytes=67715072
[measure] op=delete count=489 us=5735 rss_peak_bytes=67715072
[measure] op=reserve-finalize count=490 us=10097 rss_peak_bytes=67715072
[measure] op=delete count=490 us=5405 rss_peak_bytes=67715072
[measure] op=reserve-finalize count=491 us=10079 rss_peak_bytes=67715072
[measure] op=delete count=491 us=5590 rss_peak_bytes=67731456
[measure] op=reserve-finalize count=492 us=9897 rss_peak_bytes=67731456
[measure] op=delete count=492 us=5559 rss_peak_bytes=67731456
[measure] op=reserve-finalize count=493 us=9824 rss_peak_bytes=67731456
[measure] op=delete count=493 us=5459 rss_peak_bytes=67731456
[measure] op=reserve-finalize count=494 us=9962 rss_peak_bytes=67731456
[measure] op=delete count=494 us=5469 rss_peak_bytes=67731456
[measure] op=reserve-finalize count=495 us=9807 rss_peak_bytes=67747840
[measure] op=delete count=495 us=5456 rss_peak_bytes=67747840
[measure] op=reserve-finalize count=496 us=9827 rss_peak_bytes=67764224
[measure] op=delete count=496 us=5413 rss_peak_bytes=67764224
[measure] op=reserve-finalize count=497 us=9983 rss_peak_bytes=67764224
[measure] op=delete count=497 us=5792 rss_peak_bytes=67764224
[measure] op=reserve-finalize count=498 us=9816 rss_peak_bytes=67764224
[measure] op=delete count=498 us=5548 rss_peak_bytes=67764224
[measure] op=reserve-finalize count=499 us=10116 rss_peak_bytes=67780608
[measure] op=delete count=499 us=5539 rss_peak_bytes=67796992
[measure] op=reserve-finalize count=500 us=9945 rss_peak_bytes=67796992
[measure] op=delete count=500 us=5715 rss_peak_bytes=67796992
[measure] op=reserve-finalize count=501 us=9972 rss_peak_bytes=67796992
[measure] op=delete count=501 us=5828 rss_peak_bytes=67796992
[measure] op=reserve-finalize count=502 us=9791 rss_peak_bytes=67796992
[measure] op=delete count=502 us=5341 rss_peak_bytes=67796992
[measure] op=reserve-finalize count=503 us=10019 rss_peak_bytes=67796992
[measure] op=delete count=503 us=5457 rss_peak_bytes=67813376
[measure] op=reserve-finalize count=504 us=9893 rss_peak_bytes=67829760
[measure] op=delete count=504 us=5345 rss_peak_bytes=67829760
[measure] op=reserve-finalize count=505 us=9752 rss_peak_bytes=67829760
[measure] op=delete count=505 us=5599 rss_peak_bytes=67829760
[measure] op=reserve-finalize count=506 us=10128 rss_peak_bytes=67829760
[measure] op=delete count=506 us=5510 rss_peak_bytes=67829760
[measure] op=reserve-finalize count=507 us=9932 rss_peak_bytes=67829760
[measure] op=delete count=507 us=6091 rss_peak_bytes=67846144
[measure] op=reserve-finalize count=508 us=9978 rss_peak_bytes=67846144
[measure] op=delete count=508 us=5663 rss_peak_bytes=67846144
[measure] op=reserve-finalize count=509 us=10114 rss_peak_bytes=67846144
[measure] op=delete count=509 us=5541 rss_peak_bytes=67846144
[measure] op=reserve-finalize count=510 us=9997 rss_peak_bytes=67878912
[measure] op=delete count=510 us=5571 rss_peak_bytes=67878912
[measure] op=reserve-finalize count=511 us=10043 rss_peak_bytes=67878912
[measure] op=delete count=511 us=5423 rss_peak_bytes=67895296
[measure] op=reserve-finalize count=512 us=9846 rss_peak_bytes=67895296
[measure] op=delete count=512 us=5682 rss_peak_bytes=67895296
[child] exit=0 signal=0
[measure] op=incremental-native-observe count=2048 us=421564 rss_peak_bytes=67895296
[measure] op=reserve-finalize count=513 us=10484 rss_peak_bytes=67895296
[measure] op=delete count=513 us=5784 rss_peak_bytes=67911680
[measure] op=reserve-finalize count=514 us=10019 rss_peak_bytes=67911680
[measure] op=delete count=514 us=5404 rss_peak_bytes=67911680
[measure] op=reserve-finalize count=515 us=10249 rss_peak_bytes=67911680
[measure] op=delete count=515 us=5398 rss_peak_bytes=67911680
[measure] op=reserve-finalize count=516 us=10025 rss_peak_bytes=67911680
[measure] op=delete count=516 us=5582 rss_peak_bytes=67911680
[measure] op=reserve-finalize count=517 us=10037 rss_peak_bytes=67911680
[measure] op=delete count=517 us=5610 rss_peak_bytes=67928064
[measure] op=reserve-finalize count=518 us=9975 rss_peak_bytes=67928064
[measure] op=delete count=518 us=5596 rss_peak_bytes=67928064
[measure] op=reserve-finalize count=519 us=10019 rss_peak_bytes=67928064
[measure] op=delete count=519 us=5554 rss_peak_bytes=67928064
[measure] op=reserve-finalize count=520 us=9847 rss_peak_bytes=67928064
[measure] op=delete count=520 us=5411 rss_peak_bytes=67928064
[measure] op=reserve-finalize count=521 us=9767 rss_peak_bytes=67928064
[measure] op=delete count=521 us=5340 rss_peak_bytes=67944448
[measure] op=reserve-finalize count=522 us=10017 rss_peak_bytes=67944448
[measure] op=delete count=522 us=5460 rss_peak_bytes=67944448
[measure] op=reserve-finalize count=523 us=9902 rss_peak_bytes=67944448
[measure] op=delete count=523 us=5486 rss_peak_bytes=67944448
[measure] op=reserve-finalize count=524 us=9755 rss_peak_bytes=67944448
[measure] op=delete count=524 us=5486 rss_peak_bytes=67944448
[measure] op=reserve-finalize count=525 us=9925 rss_peak_bytes=67944448
[measure] op=delete count=525 us=5505 rss_peak_bytes=67944448
[measure] op=reserve-finalize count=526 us=9972 rss_peak_bytes=67960832
[measure] op=delete count=526 us=5591 rss_peak_bytes=67977216
[measure] op=reserve-finalize count=527 us=9828 rss_peak_bytes=67993600
[measure] op=delete count=527 us=5729 rss_peak_bytes=67993600
[measure] op=reserve-finalize count=528 us=9942 rss_peak_bytes=67993600
[measure] op=delete count=528 us=5688 rss_peak_bytes=67993600
[measure] op=reserve-finalize count=529 us=9840 rss_peak_bytes=67993600
[measure] op=delete count=529 us=5879 rss_peak_bytes=68009984
[measure] op=reserve-finalize count=530 us=9997 rss_peak_bytes=68009984
[measure] op=delete count=530 us=5442 rss_peak_bytes=68009984
[measure] op=reserve-finalize count=531 us=9873 rss_peak_bytes=68009984
[measure] op=delete count=531 us=5467 rss_peak_bytes=68009984
[measure] op=reserve-finalize count=532 us=9954 rss_peak_bytes=68009984
[measure] op=delete count=532 us=5607 rss_peak_bytes=68009984
[measure] op=reserve-finalize count=533 us=9991 rss_peak_bytes=68009984
[measure] op=delete count=533 us=5460 rss_peak_bytes=68091904
[measure] op=reserve-finalize count=534 us=9804 rss_peak_bytes=68108288
[measure] op=delete count=534 us=5445 rss_peak_bytes=68108288
[measure] op=reserve-finalize count=535 us=10029 rss_peak_bytes=68124672
[measure] op=delete count=535 us=5440 rss_peak_bytes=68124672
[measure] op=reserve-finalize count=536 us=10071 rss_peak_bytes=68124672
[measure] op=delete count=536 us=5409 rss_peak_bytes=68124672
[measure] op=reserve-finalize count=537 us=10015 rss_peak_bytes=68124672
[measure] op=delete count=537 us=5495 rss_peak_bytes=68124672
[measure] op=reserve-finalize count=538 us=9895 rss_peak_bytes=68124672
[measure] op=delete count=538 us=5610 rss_peak_bytes=68124672
[measure] op=reserve-finalize count=539 us=10036 rss_peak_bytes=68124672
[measure] op=delete count=539 us=5367 rss_peak_bytes=68141056
[measure] op=reserve-finalize count=540 us=10186 rss_peak_bytes=68141056
[measure] op=delete count=540 us=5422 rss_peak_bytes=68141056
[measure] op=reserve-finalize count=541 us=9822 rss_peak_bytes=68141056
[measure] op=delete count=541 us=5394 rss_peak_bytes=68141056
[measure] op=reserve-finalize count=542 us=10131 rss_peak_bytes=68141056
[measure] op=delete count=542 us=5338 rss_peak_bytes=68141056
[measure] op=reserve-finalize count=543 us=9877 rss_peak_bytes=68141056
[measure] op=delete count=543 us=5452 rss_peak_bytes=68157440
[measure] op=reserve-finalize count=544 us=9978 rss_peak_bytes=68157440
[measure] op=delete count=544 us=5489 rss_peak_bytes=68157440
[child] exit=0 signal=0
[measure] op=incremental-native-observe count=2176 us=464469 rss_peak_bytes=68173824
[measure] op=reserve-finalize count=545 us=10395 rss_peak_bytes=68173824
[measure] op=delete count=545 us=5864 rss_peak_bytes=68190208
[measure] op=reserve-finalize count=546 us=10068 rss_peak_bytes=68206592
[measure] op=delete count=546 us=5591 rss_peak_bytes=68206592
[measure] op=reserve-finalize count=547 us=9731 rss_peak_bytes=68206592
[measure] op=delete count=547 us=5510 rss_peak_bytes=68206592
[measure] op=reserve-finalize count=548 us=10161 rss_peak_bytes=68206592
[measure] op=delete count=548 us=5597 rss_peak_bytes=68206592
[measure] op=reserve-finalize count=549 us=10314 rss_peak_bytes=68206592
[measure] op=delete count=549 us=5760 rss_peak_bytes=68239360
[measure] op=reserve-finalize count=550 us=9909 rss_peak_bytes=68239360
[measure] op=delete count=550 us=5350 rss_peak_bytes=68239360
[measure] op=reserve-finalize count=551 us=10075 rss_peak_bytes=68239360
[measure] op=delete count=551 us=5769 rss_peak_bytes=68239360
[measure] op=reserve-finalize count=552 us=9857 rss_peak_bytes=68239360
[measure] op=delete count=552 us=5703 rss_peak_bytes=68239360
[measure] op=reserve-finalize count=553 us=9783 rss_peak_bytes=68239360
[measure] op=delete count=553 us=5617 rss_peak_bytes=68239360
[measure] op=reserve-finalize count=554 us=10218 rss_peak_bytes=68239360
[measure] op=delete count=554 us=5710 rss_peak_bytes=68239360
[measure] op=reserve-finalize count=555 us=9990 rss_peak_bytes=68239360
[measure] op=delete count=555 us=5966 rss_peak_bytes=68255744
[measure] op=reserve-finalize count=556 us=9943 rss_peak_bytes=68288512
[measure] op=delete count=556 us=5576 rss_peak_bytes=68288512
[measure] op=reserve-finalize count=557 us=9870 rss_peak_bytes=68288512
[measure] op=delete count=557 us=5389 rss_peak_bytes=68288512
[measure] op=reserve-finalize count=558 us=9996 rss_peak_bytes=68288512
[measure] op=delete count=558 us=5256 rss_peak_bytes=68288512
[measure] op=reserve-finalize count=559 us=9728 rss_peak_bytes=68288512
[measure] op=delete count=559 us=5327 rss_peak_bytes=68288512
[measure] op=reserve-finalize count=560 us=9942 rss_peak_bytes=68288512
[measure] op=delete count=560 us=5434 rss_peak_bytes=68288512
[measure] op=reserve-finalize count=561 us=9916 rss_peak_bytes=68288512
[measure] op=delete count=561 us=5452 rss_peak_bytes=68288512
[measure] op=reserve-finalize count=562 us=10166 rss_peak_bytes=68288512
[measure] op=delete count=562 us=5448 rss_peak_bytes=68288512
[measure] op=reserve-finalize count=563 us=9887 rss_peak_bytes=68288512
[measure] op=delete count=563 us=5526 rss_peak_bytes=68288512
[measure] op=reserve-finalize count=564 us=9910 rss_peak_bytes=68288512
[measure] op=delete count=564 us=113794 rss_peak_bytes=70549504
[measure] op=reserve-finalize count=565 us=10093 rss_peak_bytes=70549504
[measure] op=delete count=565 us=5444 rss_peak_bytes=70549504
[measure] op=reserve-finalize count=566 us=9833 rss_peak_bytes=70549504
[measure] op=delete count=566 us=5298 rss_peak_bytes=70565888
[measure] op=reserve-finalize count=567 us=10138 rss_peak_bytes=70565888
[measure] op=delete count=567 us=5428 rss_peak_bytes=70582272
[measure] op=reserve-finalize count=568 us=9988 rss_peak_bytes=70582272
[measure] op=delete count=568 us=5431 rss_peak_bytes=70582272
[measure] op=reserve-finalize count=569 us=10018 rss_peak_bytes=70582272
[measure] op=delete count=569 us=5438 rss_peak_bytes=70582272
[measure] op=reserve-finalize count=570 us=10013 rss_peak_bytes=70582272
[measure] op=delete count=570 us=5334 rss_peak_bytes=70582272
[measure] op=reserve-finalize count=571 us=9844 rss_peak_bytes=70598656
[measure] op=delete count=571 us=5333 rss_peak_bytes=70615040
[measure] op=reserve-finalize count=572 us=9762 rss_peak_bytes=70615040
[measure] op=delete count=572 us=5489 rss_peak_bytes=70615040
[measure] op=reserve-finalize count=573 us=10165 rss_peak_bytes=70615040
[measure] op=delete count=573 us=5685 rss_peak_bytes=70615040
[measure] op=reserve-finalize count=574 us=9879 rss_peak_bytes=70615040
[measure] op=delete count=574 us=5454 rss_peak_bytes=70615040
[measure] op=reserve-finalize count=575 us=10116 rss_peak_bytes=70615040
[measure] op=delete count=575 us=5408 rss_peak_bytes=70615040
[measure] op=reserve-finalize count=576 us=10569 rss_peak_bytes=70631424
[measure] op=delete count=576 us=5670 rss_peak_bytes=70631424
[child] exit=0 signal=0
[measure] op=incremental-native-observe count=2304 us=414838 rss_peak_bytes=70631424
[measure] op=reserve-finalize count=577 us=10620 rss_peak_bytes=70631424
[measure] op=delete count=577 us=5767 rss_peak_bytes=70631424
[measure] op=reserve-finalize count=578 us=14626 rss_peak_bytes=70664192
[measure] op=delete count=578 us=8331 rss_peak_bytes=70664192
[measure] op=reserve-finalize count=579 us=11253 rss_peak_bytes=70664192
[measure] op=delete count=579 us=5425 rss_peak_bytes=70664192
[measure] op=reserve-finalize count=580 us=10022 rss_peak_bytes=70664192
[measure] op=delete count=580 us=5575 rss_peak_bytes=70664192
[measure] op=reserve-finalize count=581 us=9924 rss_peak_bytes=70664192
[measure] op=delete count=581 us=5510 rss_peak_bytes=70664192
[measure] op=reserve-finalize count=582 us=10105 rss_peak_bytes=70680576
[measure] op=delete count=582 us=5404 rss_peak_bytes=70680576
[measure] op=reserve-finalize count=583 us=9899 rss_peak_bytes=70680576
[measure] op=delete count=583 us=5468 rss_peak_bytes=70680576
[measure] op=reserve-finalize count=584 us=10087 rss_peak_bytes=70680576
[measure] op=delete count=584 us=5747 rss_peak_bytes=70680576
[measure] op=reserve-finalize count=585 us=9980 rss_peak_bytes=70680576
[measure] op=delete count=585 us=5580 rss_peak_bytes=70696960
[measure] op=reserve-finalize count=586 us=10073 rss_peak_bytes=70713344
[measure] op=delete count=586 us=5359 rss_peak_bytes=70713344
[measure] op=reserve-finalize count=587 us=10004 rss_peak_bytes=70713344
[measure] op=delete count=587 us=5587 rss_peak_bytes=70713344
[measure] op=reserve-finalize count=588 us=10016 rss_peak_bytes=70713344
[measure] op=delete count=588 us=5460 rss_peak_bytes=70713344
[measure] op=reserve-finalize count=589 us=10044 rss_peak_bytes=70729728
[measure] op=delete count=589 us=5419 rss_peak_bytes=70729728
[measure] op=reserve-finalize count=590 us=9893 rss_peak_bytes=70729728
[measure] op=delete count=590 us=5336 rss_peak_bytes=70729728
[measure] op=reserve-finalize count=591 us=9942 rss_peak_bytes=70746112
[measure] op=delete count=591 us=5528 rss_peak_bytes=70762496
[measure] op=reserve-finalize count=592 us=9874 rss_peak_bytes=70762496
[measure] op=delete count=592 us=5482 rss_peak_bytes=70762496
[measure] op=reserve-finalize count=593 us=9780 rss_peak_bytes=70762496
[measure] op=delete count=593 us=5388 rss_peak_bytes=70762496
[measure] op=reserve-finalize count=594 us=10017 rss_peak_bytes=70778880
[measure] op=delete count=594 us=5381 rss_peak_bytes=70778880
[measure] op=reserve-finalize count=595 us=9848 rss_peak_bytes=70778880
[measure] op=delete count=595 us=5582 rss_peak_bytes=70778880
[measure] op=reserve-finalize count=596 us=9763 rss_peak_bytes=70778880
[measure] op=delete count=596 us=5457 rss_peak_bytes=70778880
[measure] op=reserve-finalize count=597 us=9757 rss_peak_bytes=70844416
[measure] op=delete count=597 us=5333 rss_peak_bytes=70844416
[measure] op=reserve-finalize count=598 us=9759 rss_peak_bytes=70844416
[measure] op=delete count=598 us=5382 rss_peak_bytes=70860800
[measure] op=reserve-finalize count=599 us=9984 rss_peak_bytes=70860800
[measure] op=delete count=599 us=5485 rss_peak_bytes=70860800
[measure] op=reserve-finalize count=600 us=10001 rss_peak_bytes=70860800
[measure] op=delete count=600 us=5244 rss_peak_bytes=70860800
[measure] op=reserve-finalize count=601 us=9847 rss_peak_bytes=70860800
[measure] op=delete count=601 us=6170 rss_peak_bytes=70877184
[measure] op=reserve-finalize count=602 us=9831 rss_peak_bytes=70877184
[measure] op=delete count=602 us=5623 rss_peak_bytes=70877184
[measure] op=reserve-finalize count=603 us=9679 rss_peak_bytes=70877184
[measure] op=delete count=603 us=5247 rss_peak_bytes=70877184
[measure] op=reserve-finalize count=604 us=9836 rss_peak_bytes=70877184
[measure] op=delete count=604 us=5566 rss_peak_bytes=70877184
[measure] op=reserve-finalize count=605 us=9857 rss_peak_bytes=70877184
[measure] op=delete count=605 us=5636 rss_peak_bytes=70877184
[measure] op=reserve-finalize count=606 us=9864 rss_peak_bytes=70877184
[measure] op=delete count=606 us=5456 rss_peak_bytes=70877184
[measure] op=reserve-finalize count=607 us=9984 rss_peak_bytes=70893568
[measure] op=delete count=607 us=5437 rss_peak_bytes=70909952
[measure] op=reserve-finalize count=608 us=9966 rss_peak_bytes=70909952
[measure] op=delete count=608 us=5605 rss_peak_bytes=70909952
[child] exit=0 signal=0
[measure] op=incremental-native-observe count=2432 us=459074 rss_peak_bytes=70909952
[measure] op=reserve-finalize count=609 us=10573 rss_peak_bytes=70909952
[measure] op=delete count=609 us=5716 rss_peak_bytes=70909952
[measure] op=reserve-finalize count=610 us=10182 rss_peak_bytes=70909952
[measure] op=delete count=610 us=5654 rss_peak_bytes=70909952
[measure] op=reserve-finalize count=611 us=10037 rss_peak_bytes=70909952
[measure] op=delete count=611 us=5603 rss_peak_bytes=70926336
[measure] op=reserve-finalize count=612 us=9976 rss_peak_bytes=70942720
[measure] op=delete count=612 us=5658 rss_peak_bytes=70942720
[measure] op=reserve-finalize count=613 us=10028 rss_peak_bytes=70942720
[measure] op=delete count=613 us=5480 rss_peak_bytes=70942720
[measure] op=reserve-finalize count=614 us=9979 rss_peak_bytes=70959104
[measure] op=delete count=614 us=5416 rss_peak_bytes=70959104
[measure] op=reserve-finalize count=615 us=9853 rss_peak_bytes=70959104
[measure] op=delete count=615 us=5355 rss_peak_bytes=70959104
[measure] op=reserve-finalize count=616 us=9823 rss_peak_bytes=70975488
[measure] op=delete count=616 us=5379 rss_peak_bytes=70975488
[measure] op=reserve-finalize count=617 us=9718 rss_peak_bytes=70991872
[measure] op=delete count=617 us=5490 rss_peak_bytes=70991872
[measure] op=reserve-finalize count=618 us=9877 rss_peak_bytes=70991872
[measure] op=delete count=618 us=5620 rss_peak_bytes=70991872
[measure] op=reserve-finalize count=619 us=9753 rss_peak_bytes=70991872
[measure] op=delete count=619 us=5723 rss_peak_bytes=70991872
[measure] op=reserve-finalize count=620 us=9880 rss_peak_bytes=70991872
[measure] op=delete count=620 us=5390 rss_peak_bytes=70991872
[measure] op=reserve-finalize count=621 us=9856 rss_peak_bytes=70991872
[measure] op=delete count=621 us=5329 rss_peak_bytes=71024640
[measure] op=reserve-finalize count=622 us=9839 rss_peak_bytes=71024640
[measure] op=delete count=622 us=5727 rss_peak_bytes=71024640
[measure] op=reserve-finalize count=623 us=9670 rss_peak_bytes=71041024
[measure] op=delete count=623 us=5635 rss_peak_bytes=71057408
[measure] op=reserve-finalize count=624 us=9947 rss_peak_bytes=71057408
[measure] op=delete count=624 us=5446 rss_peak_bytes=71057408
[measure] op=reserve-finalize count=625 us=10273 rss_peak_bytes=71073792
[measure] op=delete count=625 us=5701 rss_peak_bytes=71073792
[measure] op=reserve-finalize count=626 us=10140 rss_peak_bytes=71073792
[measure] op=delete count=626 us=5632 rss_peak_bytes=71073792
[measure] op=reserve-finalize count=627 us=10059 rss_peak_bytes=71073792
[measure] op=delete count=627 us=5773 rss_peak_bytes=71090176
[measure] op=reserve-finalize count=628 us=9957 rss_peak_bytes=71090176
[measure] op=delete count=628 us=5358 rss_peak_bytes=71090176
[measure] op=reserve-finalize count=629 us=9920 rss_peak_bytes=71090176
[measure] op=delete count=629 us=5432 rss_peak_bytes=71090176
[measure] op=reserve-finalize count=630 us=10091 rss_peak_bytes=71090176
[measure] op=delete count=630 us=5339 rss_peak_bytes=71090176
[measure] op=reserve-finalize count=631 us=10086 rss_peak_bytes=71122944
[measure] op=delete count=631 us=5561 rss_peak_bytes=71122944
[measure] op=reserve-finalize count=632 us=9799 rss_peak_bytes=71122944
[measure] op=delete count=632 us=5670 rss_peak_bytes=71122944
[measure] op=reserve-finalize count=633 us=10009 rss_peak_bytes=71122944
[measure] op=delete count=633 us=5432 rss_peak_bytes=71122944
[measure] op=reserve-finalize count=634 us=9970 rss_peak_bytes=71122944
[measure] op=delete count=634 us=5448 rss_peak_bytes=71122944
[measure] op=reserve-finalize count=635 us=9691 rss_peak_bytes=71122944
[measure] op=delete count=635 us=5756 rss_peak_bytes=71139328
[measure] op=reserve-finalize count=636 us=9906 rss_peak_bytes=71139328
[measure] op=delete count=636 us=5396 rss_peak_bytes=71139328
[measure] op=reserve-finalize count=637 us=9740 rss_peak_bytes=71139328
[measure] op=delete count=637 us=5599 rss_peak_bytes=71139328
[measure] op=reserve-finalize count=638 us=9759 rss_peak_bytes=71139328
[measure] op=delete count=638 us=5508 rss_peak_bytes=71139328
[measure] op=reserve-finalize count=639 us=9902 rss_peak_bytes=71139328
[measure] op=delete count=639 us=5333 rss_peak_bytes=71155712
[measure] op=reserve-finalize count=640 us=9798 rss_peak_bytes=71155712
[measure] op=delete count=640 us=5397 rss_peak_bytes=71155712
[child] exit=0 signal=0
[measure] op=incremental-native-observe count=2560 us=497868 rss_peak_bytes=71155712
[measure] op=reserve-finalize count=641 us=10630 rss_peak_bytes=71155712
[measure] op=delete count=641 us=5595 rss_peak_bytes=71155712
[measure] op=reserve-finalize count=642 us=10227 rss_peak_bytes=71155712
[measure] op=delete count=642 us=5695 rss_peak_bytes=71155712
[measure] op=reserve-finalize count=643 us=9839 rss_peak_bytes=71172096
[measure] op=delete count=643 us=5504 rss_peak_bytes=71172096
[measure] op=reserve-finalize count=644 us=10156 rss_peak_bytes=71188480
[measure] op=delete count=644 us=5370 rss_peak_bytes=71188480
[measure] op=reserve-finalize count=645 us=10088 rss_peak_bytes=71188480
[measure] op=delete count=645 us=5306 rss_peak_bytes=71204864
[measure] op=reserve-finalize count=646 us=9913 rss_peak_bytes=71204864
[measure] op=delete count=646 us=5493 rss_peak_bytes=71204864
[measure] op=reserve-finalize count=647 us=9744 rss_peak_bytes=71204864
[measure] op=delete count=647 us=5620 rss_peak_bytes=71204864
[measure] op=reserve-finalize count=648 us=9921 rss_peak_bytes=71221248
[measure] op=delete count=648 us=5367 rss_peak_bytes=71221248
[measure] op=reserve-finalize count=649 us=9856 rss_peak_bytes=71221248
[measure] op=delete count=649 us=5554 rss_peak_bytes=71221248
[measure] op=reserve-finalize count=650 us=10086 rss_peak_bytes=71221248
[measure] op=delete count=650 us=5599 rss_peak_bytes=71221248
[measure] op=reserve-finalize count=651 us=9758 rss_peak_bytes=71221248
[measure] op=delete count=651 us=5396 rss_peak_bytes=71221248
[measure] op=reserve-finalize count=652 us=9870 rss_peak_bytes=71221248
[measure] op=delete count=652 us=5282 rss_peak_bytes=71221248
[measure] op=reserve-finalize count=653 us=9848 rss_peak_bytes=71221248
[measure] op=delete count=653 us=5462 rss_peak_bytes=71237632
[measure] op=reserve-finalize count=654 us=9988 rss_peak_bytes=71254016
[measure] op=delete count=654 us=5918 rss_peak_bytes=71254016
[measure] op=reserve-finalize count=655 us=9874 rss_peak_bytes=71270400
[measure] op=delete count=655 us=5679 rss_peak_bytes=71270400
[measure] op=reserve-finalize count=656 us=9988 rss_peak_bytes=71270400
[measure] op=delete count=656 us=5566 rss_peak_bytes=71270400
[measure] op=reserve-finalize count=657 us=9987 rss_peak_bytes=71270400
[measure] op=delete count=657 us=5441 rss_peak_bytes=71286784
[measure] op=reserve-finalize count=658 us=10082 rss_peak_bytes=71286784
[measure] op=delete count=658 us=128293 rss_peak_bytes=73236480
[measure] op=reserve-finalize count=659 us=10223 rss_peak_bytes=73236480
[measure] op=delete count=659 us=5602 rss_peak_bytes=73236480
[measure] op=reserve-finalize count=660 us=9907 rss_peak_bytes=73252864
[measure] op=delete count=660 us=5484 rss_peak_bytes=73252864
[measure] op=reserve-finalize count=661 us=10011 rss_peak_bytes=73252864
[measure] op=delete count=661 us=5420 rss_peak_bytes=73252864
[measure] op=reserve-finalize count=662 us=9897 rss_peak_bytes=73252864
[measure] op=delete count=662 us=5507 rss_peak_bytes=73252864
[measure] op=reserve-finalize count=663 us=9780 rss_peak_bytes=73269248
[measure] op=delete count=663 us=5426 rss_peak_bytes=73285632
[measure] op=reserve-finalize count=664 us=9836 rss_peak_bytes=73285632
[measure] op=delete count=664 us=5441 rss_peak_bytes=73285632
[measure] op=reserve-finalize count=665 us=10449 rss_peak_bytes=73285632
[measure] op=delete count=665 us=5340 rss_peak_bytes=73285632
[measure] op=reserve-finalize count=666 us=10083 rss_peak_bytes=73285632
[measure] op=delete count=666 us=5322 rss_peak_bytes=73285632
[measure] op=reserve-finalize count=667 us=9730 rss_peak_bytes=73285632
[measure] op=delete count=667 us=5434 rss_peak_bytes=73302016
[measure] op=reserve-finalize count=668 us=9942 rss_peak_bytes=73302016
[measure] op=delete count=668 us=5384 rss_peak_bytes=73302016
[measure] op=reserve-finalize count=669 us=9951 rss_peak_bytes=73302016
[measure] op=delete count=669 us=5283 rss_peak_bytes=73302016
[measure] op=reserve-finalize count=670 us=9976 rss_peak_bytes=73302016
[measure] op=delete count=670 us=5451 rss_peak_bytes=73302016
[measure] op=reserve-finalize count=671 us=9788 rss_peak_bytes=73302016
[measure] op=delete count=671 us=5503 rss_peak_bytes=73302016
[measure] op=reserve-finalize count=672 us=9873 rss_peak_bytes=73302016
[measure] op=delete count=672 us=5248 rss_peak_bytes=73302016
[child] exit=0 signal=0
[measure] op=incremental-native-observe count=2688 us=451406 rss_peak_bytes=73302016
[measure] op=reserve-finalize count=673 us=10707 rss_peak_bytes=73302016
[measure] op=delete count=673 us=5594 rss_peak_bytes=73318400
[measure] op=reserve-finalize count=674 us=10377 rss_peak_bytes=73334784
[measure] op=delete count=674 us=5603 rss_peak_bytes=73334784
[measure] op=reserve-finalize count=675 us=10019 rss_peak_bytes=73334784
[measure] op=delete count=675 us=5641 rss_peak_bytes=73334784
[measure] op=reserve-finalize count=676 us=9889 rss_peak_bytes=73334784
[measure] op=delete count=676 us=5581 rss_peak_bytes=73334784
[measure] op=reserve-finalize count=677 us=9916 rss_peak_bytes=73334784
[measure] op=delete count=677 us=5547 rss_peak_bytes=73351168
[measure] op=reserve-finalize count=678 us=10123 rss_peak_bytes=73351168
[measure] op=delete count=678 us=5326 rss_peak_bytes=73351168
[measure] op=reserve-finalize count=679 us=9932 rss_peak_bytes=73367552
[measure] op=delete count=679 us=5563 rss_peak_bytes=73367552
[measure] op=reserve-finalize count=680 us=9914 rss_peak_bytes=73367552
[measure] op=delete count=680 us=5692 rss_peak_bytes=73383936
[measure] op=reserve-finalize count=681 us=9863 rss_peak_bytes=73383936
[measure] op=delete count=681 us=5344 rss_peak_bytes=73383936
[measure] op=reserve-finalize count=682 us=10178 rss_peak_bytes=73383936
[measure] op=delete count=682 us=5473 rss_peak_bytes=73383936
[measure] op=reserve-finalize count=683 us=10114 rss_peak_bytes=73383936
[measure] op=delete count=683 us=5456 rss_peak_bytes=73400320
[measure] op=reserve-finalize count=684 us=10099 rss_peak_bytes=73400320
[measure] op=delete count=684 us=5454 rss_peak_bytes=73400320
[measure] op=reserve-finalize count=685 us=10004 rss_peak_bytes=73400320
[measure] op=delete count=685 us=5543 rss_peak_bytes=73400320
[measure] op=reserve-finalize count=686 us=9987 rss_peak_bytes=73400320
[measure] op=delete count=686 us=5359 rss_peak_bytes=73400320
[measure] op=reserve-finalize count=687 us=9967 rss_peak_bytes=73416704
[measure] op=delete count=687 us=5416 rss_peak_bytes=73433088
[measure] op=reserve-finalize count=688 us=9780 rss_peak_bytes=73433088
[measure] op=delete count=688 us=5473 rss_peak_bytes=73433088
[measure] op=reserve-finalize count=689 us=9955 rss_peak_bytes=73433088
[measure] op=delete count=689 us=5653 rss_peak_bytes=73433088
[measure] op=reserve-finalize count=690 us=10102 rss_peak_bytes=73433088
[measure] op=delete count=690 us=5565 rss_peak_bytes=73433088
[measure] op=reserve-finalize count=691 us=10124 rss_peak_bytes=73449472
[measure] op=delete count=691 us=5437 rss_peak_bytes=73449472
[measure] op=reserve-finalize count=692 us=9927 rss_peak_bytes=73449472
[measure] op=delete count=692 us=5651 rss_peak_bytes=73449472
[measure] op=reserve-finalize count=693 us=10036 rss_peak_bytes=73449472
[measure] op=delete count=693 us=5564 rss_peak_bytes=73465856
[measure] op=reserve-finalize count=694 us=10064 rss_peak_bytes=73465856
[measure] op=delete count=694 us=5668 rss_peak_bytes=73465856
[measure] op=reserve-finalize count=695 us=9942 rss_peak_bytes=73465856
[measure] op=delete count=695 us=5726 rss_peak_bytes=73465856
[measure] op=reserve-finalize count=696 us=9974 rss_peak_bytes=73482240
[measure] op=delete count=696 us=5393 rss_peak_bytes=73482240
[measure] op=reserve-finalize count=697 us=9920 rss_peak_bytes=73482240
[measure] op=delete count=697 us=5974 rss_peak_bytes=73482240
[measure] op=reserve-finalize count=698 us=10085 rss_peak_bytes=73482240
[measure] op=delete count=698 us=5455 rss_peak_bytes=73482240
[measure] op=reserve-finalize count=699 us=9861 rss_peak_bytes=73482240
[measure] op=delete count=699 us=5521 rss_peak_bytes=73482240
[measure] op=reserve-finalize count=700 us=9932 rss_peak_bytes=73482240
[measure] op=delete count=700 us=5692 rss_peak_bytes=73482240
[measure] op=reserve-finalize count=701 us=9969 rss_peak_bytes=73482240
[measure] op=delete count=701 us=5371 rss_peak_bytes=73482240
[measure] op=reserve-finalize count=702 us=10077 rss_peak_bytes=73498624
[measure] op=delete count=702 us=5442 rss_peak_bytes=73498624
[measure] op=reserve-finalize count=703 us=9919 rss_peak_bytes=73498624
[measure] op=delete count=703 us=5455 rss_peak_bytes=73498624
[measure] op=reserve-finalize count=704 us=10155 rss_peak_bytes=73498624
[measure] op=delete count=704 us=5859 rss_peak_bytes=73498624
[child] exit=0 signal=0
[measure] op=incremental-native-observe count=2816 us=491461 rss_peak_bytes=73498624
[measure] op=reserve-finalize count=705 us=10215 rss_peak_bytes=73498624
[measure] op=delete count=705 us=5557 rss_peak_bytes=73498624
[measure] op=reserve-finalize count=706 us=10333 rss_peak_bytes=73515008
[measure] op=delete count=706 us=5563 rss_peak_bytes=73515008
[measure] op=reserve-finalize count=707 us=9923 rss_peak_bytes=73515008
[measure] op=delete count=707 us=5540 rss_peak_bytes=73515008
[measure] op=reserve-finalize count=708 us=9811 rss_peak_bytes=73515008
[measure] op=delete count=708 us=5355 rss_peak_bytes=73515008
[measure] op=reserve-finalize count=709 us=9967 rss_peak_bytes=73515008
[measure] op=delete count=709 us=5753 rss_peak_bytes=73515008
[measure] op=reserve-finalize count=710 us=9936 rss_peak_bytes=73515008
[measure] op=delete count=710 us=5492 rss_peak_bytes=73515008
[measure] op=reserve-finalize count=711 us=10083 rss_peak_bytes=73515008
[measure] op=delete count=711 us=5675 rss_peak_bytes=73531392
[measure] op=reserve-finalize count=712 us=10056 rss_peak_bytes=73531392
[measure] op=delete count=712 us=5570 rss_peak_bytes=73531392
[measure] op=reserve-finalize count=713 us=9932 rss_peak_bytes=73531392
[measure] op=delete count=713 us=5535 rss_peak_bytes=73531392
[measure] op=reserve-finalize count=714 us=10069 rss_peak_bytes=73547776
[measure] op=delete count=714 us=5515 rss_peak_bytes=73547776
[measure] op=reserve-finalize count=715 us=10036 rss_peak_bytes=73564160
[measure] op=delete count=715 us=5514 rss_peak_bytes=73580544
[measure] op=reserve-finalize count=716 us=9756 rss_peak_bytes=73596928
[measure] op=delete count=716 us=5736 rss_peak_bytes=73596928
[measure] op=reserve-finalize count=717 us=10008 rss_peak_bytes=73596928
[measure] op=delete count=717 us=5593 rss_peak_bytes=73596928
[measure] op=reserve-finalize count=718 us=10031 rss_peak_bytes=73596928
[measure] op=delete count=718 us=5338 rss_peak_bytes=73596928
[measure] op=reserve-finalize count=719 us=10051 rss_peak_bytes=73613312
[measure] op=delete count=719 us=5916 rss_peak_bytes=73613312
[measure] op=reserve-finalize count=720 us=9842 rss_peak_bytes=73629696
[measure] op=delete count=720 us=5541 rss_peak_bytes=73629696
[measure] op=reserve-finalize count=721 us=9755 rss_peak_bytes=73629696
[measure] op=delete count=721 us=5549 rss_peak_bytes=73629696
[measure] op=reserve-finalize count=722 us=10043 rss_peak_bytes=73629696
[measure] op=delete count=722 us=5389 rss_peak_bytes=73629696
[measure] op=reserve-finalize count=723 us=9992 rss_peak_bytes=73629696
[measure] op=delete count=723 us=5519 rss_peak_bytes=73662464
[measure] op=reserve-finalize count=724 us=9803 rss_peak_bytes=73662464
[measure] op=delete count=724 us=5626 rss_peak_bytes=73662464
[measure] op=reserve-finalize count=725 us=9939 rss_peak_bytes=73662464
[measure] op=delete count=725 us=5362 rss_peak_bytes=73662464
[measure] op=reserve-finalize count=726 us=9934 rss_peak_bytes=73662464
[measure] op=delete count=726 us=5380 rss_peak_bytes=73678848
[measure] op=reserve-finalize count=727 us=9735 rss_peak_bytes=73678848
[measure] op=delete count=727 us=5751 rss_peak_bytes=73678848
[measure] op=reserve-finalize count=728 us=9945 rss_peak_bytes=73678848
[measure] op=delete count=728 us=5635 rss_peak_bytes=73678848
[measure] op=reserve-finalize count=729 us=9936 rss_peak_bytes=73678848
[measure] op=delete count=729 us=5732 rss_peak_bytes=73695232
[measure] op=reserve-finalize count=730 us=9943 rss_peak_bytes=73695232
[measure] op=delete count=730 us=5340 rss_peak_bytes=73695232
[measure] op=reserve-finalize count=731 us=9912 rss_peak_bytes=73695232
[measure] op=delete count=731 us=5341 rss_peak_bytes=73695232
[measure] op=reserve-finalize count=732 us=9924 rss_peak_bytes=73711616
[measure] op=delete count=732 us=5318 rss_peak_bytes=73711616
[measure] op=reserve-finalize count=733 us=9935 rss_peak_bytes=73711616
[measure] op=delete count=733 us=5787 rss_peak_bytes=73711616
[measure] op=reserve-finalize count=734 us=9777 rss_peak_bytes=73711616
[measure] op=delete count=734 us=5453 rss_peak_bytes=73711616
[measure] op=reserve-finalize count=735 us=10086 rss_peak_bytes=73711616
[measure] op=delete count=735 us=5431 rss_peak_bytes=73711616
[measure] op=reserve-finalize count=736 us=9981 rss_peak_bytes=73711616
[measure] op=delete count=736 us=5455 rss_peak_bytes=73711616
[child] exit=0 signal=0
[measure] op=incremental-native-observe count=2944 us=535128 rss_peak_bytes=73711616
[measure] op=reserve-finalize count=737 us=11126 rss_peak_bytes=73744384
[measure] op=delete count=737 us=6066 rss_peak_bytes=73744384
[measure] op=reserve-finalize count=738 us=10145 rss_peak_bytes=73760768
[measure] op=delete count=738 us=5694 rss_peak_bytes=73760768
[measure] op=reserve-finalize count=739 us=10259 rss_peak_bytes=73760768
[measure] op=delete count=739 us=5698 rss_peak_bytes=73760768
[measure] op=reserve-finalize count=740 us=10228 rss_peak_bytes=73760768
[measure] op=delete count=740 us=5721 rss_peak_bytes=73760768
[measure] op=reserve-finalize count=741 us=9943 rss_peak_bytes=73760768
[measure] op=delete count=741 us=5798 rss_peak_bytes=73760768
[measure] op=reserve-finalize count=742 us=9897 rss_peak_bytes=73760768
[measure] op=delete count=742 us=5478 rss_peak_bytes=73777152
[measure] op=reserve-finalize count=743 us=9871 rss_peak_bytes=73777152
[measure] op=delete count=743 us=5677 rss_peak_bytes=73793536
[measure] op=reserve-finalize count=744 us=9944 rss_peak_bytes=73793536
[measure] op=delete count=744 us=5530 rss_peak_bytes=73793536
[measure] op=reserve-finalize count=745 us=9916 rss_peak_bytes=73793536
[measure] op=delete count=745 us=5396 rss_peak_bytes=73793536
[measure] op=reserve-finalize count=746 us=9923 rss_peak_bytes=73793536
[measure] op=delete count=746 us=5433 rss_peak_bytes=73793536
[measure] op=reserve-finalize count=747 us=10029 rss_peak_bytes=73793536
[measure] op=delete count=747 us=5752 rss_peak_bytes=73793536
[measure] op=reserve-finalize count=748 us=9897 rss_peak_bytes=73793536
[measure] op=delete count=748 us=5685 rss_peak_bytes=73793536
[measure] op=reserve-finalize count=749 us=9913 rss_peak_bytes=73793536
[measure] op=delete count=749 us=5611 rss_peak_bytes=73809920
[measure] op=reserve-finalize count=750 us=10080 rss_peak_bytes=73809920
[measure] op=delete count=750 us=5428 rss_peak_bytes=73809920
[measure] op=reserve-finalize count=751 us=9965 rss_peak_bytes=73842688
[measure] op=delete count=751 us=5456 rss_peak_bytes=73842688
[measure] op=reserve-finalize count=752 us=9854 rss_peak_bytes=73842688
[measure] op=delete count=752 us=143761 rss_peak_bytes=75710464
[measure] op=reserve-finalize count=753 us=10173 rss_peak_bytes=75710464
[measure] op=delete count=753 us=5702 rss_peak_bytes=75726848
[measure] op=reserve-finalize count=754 us=10146 rss_peak_bytes=75726848
[measure] op=delete count=754 us=5592 rss_peak_bytes=75726848
[measure] op=reserve-finalize count=755 us=9969 rss_peak_bytes=75726848
[measure] op=delete count=755 us=5756 rss_peak_bytes=75726848
[measure] op=reserve-finalize count=756 us=9875 rss_peak_bytes=75743232
[measure] op=delete count=756 us=5680 rss_peak_bytes=75743232
[measure] op=reserve-finalize count=757 us=9931 rss_peak_bytes=75743232
[measure] op=delete count=757 us=5379 rss_peak_bytes=75743232
[measure] op=reserve-finalize count=758 us=9925 rss_peak_bytes=75743232
[measure] op=delete count=758 us=5415 rss_peak_bytes=75743232
[measure] op=reserve-finalize count=759 us=9937 rss_peak_bytes=75759616
[measure] op=delete count=759 us=5645 rss_peak_bytes=75759616
[measure] op=reserve-finalize count=760 us=9823 rss_peak_bytes=75759616
[measure] op=delete count=760 us=5437 rss_peak_bytes=75759616
[measure] op=reserve-finalize count=761 us=9821 rss_peak_bytes=75759616
[measure] op=delete count=761 us=5264 rss_peak_bytes=75759616
[measure] op=reserve-finalize count=762 us=9997 rss_peak_bytes=75776000
[measure] op=delete count=762 us=5332 rss_peak_bytes=75776000
[measure] op=reserve-finalize count=763 us=9889 rss_peak_bytes=75776000
[measure] op=delete count=763 us=5414 rss_peak_bytes=75776000
[measure] op=reserve-finalize count=764 us=9924 rss_peak_bytes=75776000
[measure] op=delete count=764 us=5884 rss_peak_bytes=75776000
[measure] op=reserve-finalize count=765 us=10270 rss_peak_bytes=75792384
[measure] op=delete count=765 us=5552 rss_peak_bytes=75808768
[measure] op=reserve-finalize count=766 us=10074 rss_peak_bytes=75808768
[measure] op=delete count=766 us=5523 rss_peak_bytes=75808768
[measure] op=reserve-finalize count=767 us=10092 rss_peak_bytes=75808768
[measure] op=delete count=767 us=5640 rss_peak_bytes=75825152
[measure] op=reserve-finalize count=768 us=9920 rss_peak_bytes=75825152
[measure] op=delete count=768 us=5529 rss_peak_bytes=75825152
[child] exit=0 signal=0
[measure] op=incremental-native-observe count=3072 us=487987 rss_peak_bytes=75825152
[measure] op=reserve-finalize count=769 us=10552 rss_peak_bytes=75825152
[measure] op=delete count=769 us=5546 rss_peak_bytes=75825152
[measure] op=reserve-finalize count=770 us=10160 rss_peak_bytes=75825152
[measure] op=delete count=770 us=5394 rss_peak_bytes=75825152
[measure] op=reserve-finalize count=771 us=10012 rss_peak_bytes=75825152
[measure] op=delete count=771 us=5700 rss_peak_bytes=75841536
[measure] op=reserve-finalize count=772 us=9955 rss_peak_bytes=75841536
[measure] op=delete count=772 us=5653 rss_peak_bytes=75841536
[measure] op=reserve-finalize count=773 us=9991 rss_peak_bytes=75841536
[measure] op=delete count=773 us=5365 rss_peak_bytes=75841536
[measure] op=reserve-finalize count=774 us=10013 rss_peak_bytes=75841536
[measure] op=delete count=774 us=5394 rss_peak_bytes=75841536
[measure] op=reserve-finalize count=775 us=9907 rss_peak_bytes=75841536
[measure] op=delete count=775 us=5346 rss_peak_bytes=75857920
[measure] op=reserve-finalize count=776 us=9786 rss_peak_bytes=75857920
[measure] op=delete count=776 us=5478 rss_peak_bytes=75857920
[measure] op=reserve-finalize count=777 us=10344 rss_peak_bytes=75857920
[measure] op=delete count=777 us=5452 rss_peak_bytes=75857920
[measure] op=reserve-finalize count=778 us=10162 rss_peak_bytes=75857920
[measure] op=delete count=778 us=5526 rss_peak_bytes=75857920
[measure] op=reserve-finalize count=779 us=9965 rss_peak_bytes=75857920
[measure] op=delete count=779 us=5410 rss_peak_bytes=75857920
[measure] op=reserve-finalize count=780 us=10022 rss_peak_bytes=75857920
[measure] op=delete count=780 us=5544 rss_peak_bytes=75857920
[measure] op=reserve-finalize count=781 us=10212 rss_peak_bytes=75874304
[measure] op=delete count=781 us=5267 rss_peak_bytes=75874304
[measure] op=reserve-finalize count=782 us=9812 rss_peak_bytes=75874304
[measure] op=delete count=782 us=5824 rss_peak_bytes=75874304
[measure] op=reserve-finalize count=783 us=9985 rss_peak_bytes=75890688
[measure] op=delete count=783 us=5513 rss_peak_bytes=75890688
[measure] op=reserve-finalize count=784 us=9770 rss_peak_bytes=75890688
[measure] op=delete count=784 us=5479 rss_peak_bytes=75890688
[measure] op=reserve-finalize count=785 us=9939 rss_peak_bytes=75907072
[measure] op=delete count=785 us=5454 rss_peak_bytes=75907072
[measure] op=reserve-finalize count=786 us=9924 rss_peak_bytes=75923456
[measure] op=delete count=786 us=5811 rss_peak_bytes=75923456
[measure] op=reserve-finalize count=787 us=9719 rss_peak_bytes=75939840
[measure] op=delete count=787 us=5418 rss_peak_bytes=75939840
[measure] op=reserve-finalize count=788 us=9834 rss_peak_bytes=75939840
[measure] op=delete count=788 us=5286 rss_peak_bytes=75939840
[measure] op=reserve-finalize count=789 us=9917 rss_peak_bytes=75939840
[measure] op=delete count=789 us=5590 rss_peak_bytes=75939840
[measure] op=reserve-finalize count=790 us=10125 rss_peak_bytes=75939840
[measure] op=delete count=790 us=5496 rss_peak_bytes=75939840
[measure] op=reserve-finalize count=791 us=9925 rss_peak_bytes=75939840
[measure] op=delete count=791 us=5727 rss_peak_bytes=75939840
[measure] op=reserve-finalize count=792 us=9790 rss_peak_bytes=75956224
[measure] op=delete count=792 us=5593 rss_peak_bytes=75956224
[measure] op=reserve-finalize count=793 us=9981 rss_peak_bytes=75956224
[measure] op=delete count=793 us=5411 rss_peak_bytes=75972608
[measure] op=reserve-finalize count=794 us=9906 rss_peak_bytes=75972608
[measure] op=delete count=794 us=5466 rss_peak_bytes=75972608
[measure] op=reserve-finalize count=795 us=9856 rss_peak_bytes=75972608
[measure] op=delete count=795 us=5946 rss_peak_bytes=75988992
[measure] op=reserve-finalize count=796 us=10052 rss_peak_bytes=75988992
[measure] op=delete count=796 us=5475 rss_peak_bytes=75988992
[measure] op=reserve-finalize count=797 us=9952 rss_peak_bytes=75988992
[measure] op=delete count=797 us=5497 rss_peak_bytes=75988992
[measure] op=reserve-finalize count=798 us=9961 rss_peak_bytes=76021760
[measure] op=delete count=798 us=5735 rss_peak_bytes=76038144
[measure] op=reserve-finalize count=799 us=10905 rss_peak_bytes=76038144
[measure] op=delete count=799 us=5319 rss_peak_bytes=76038144
[measure] op=reserve-finalize count=800 us=10020 rss_peak_bytes=76038144
[measure] op=delete count=800 us=5414 rss_peak_bytes=76038144
[child] exit=0 signal=0
[measure] op=incremental-native-observe count=3200 us=528145 rss_peak_bytes=76038144
[measure] op=reserve-finalize count=801 us=10544 rss_peak_bytes=76054528
[measure] op=delete count=801 us=5868 rss_peak_bytes=76070912
[measure] op=reserve-finalize count=802 us=10254 rss_peak_bytes=76070912
[measure] op=delete count=802 us=5635 rss_peak_bytes=76070912
[measure] op=reserve-finalize count=803 us=10031 rss_peak_bytes=76070912
[measure] op=delete count=803 us=5761 rss_peak_bytes=76070912
[measure] op=reserve-finalize count=804 us=10135 rss_peak_bytes=76087296
[measure] op=delete count=804 us=5482 rss_peak_bytes=76087296
[measure] op=reserve-finalize count=805 us=10340 rss_peak_bytes=76087296
[measure] op=delete count=805 us=5662 rss_peak_bytes=76087296
[measure] op=reserve-finalize count=806 us=9959 rss_peak_bytes=76087296
[measure] op=delete count=806 us=5490 rss_peak_bytes=76087296
[measure] op=reserve-finalize count=807 us=10012 rss_peak_bytes=76087296
[measure] op=delete count=807 us=5881 rss_peak_bytes=76087296
[measure] op=reserve-finalize count=808 us=10050 rss_peak_bytes=76087296
[measure] op=delete count=808 us=5670 rss_peak_bytes=76087296
[measure] op=reserve-finalize count=809 us=10008 rss_peak_bytes=76087296
[measure] op=delete count=809 us=5390 rss_peak_bytes=76087296
[measure] op=reserve-finalize count=810 us=10107 rss_peak_bytes=76103680
[measure] op=delete count=810 us=5559 rss_peak_bytes=76103680
[measure] op=reserve-finalize count=811 us=9996 rss_peak_bytes=76103680
[measure] op=delete count=811 us=5640 rss_peak_bytes=76103680
[measure] op=reserve-finalize count=812 us=9775 rss_peak_bytes=76103680
[measure] op=delete count=812 us=5350 rss_peak_bytes=76103680
[measure] op=reserve-finalize count=813 us=9697 rss_peak_bytes=76103680
[measure] op=delete count=813 us=5709 rss_peak_bytes=76120064
[measure] op=reserve-finalize count=814 us=9855 rss_peak_bytes=76120064
[measure] op=delete count=814 us=5363 rss_peak_bytes=76120064
[measure] op=reserve-finalize count=815 us=9883 rss_peak_bytes=76136448
[measure] op=delete count=815 us=5298 rss_peak_bytes=76136448
[measure] op=reserve-finalize count=816 us=10038 rss_peak_bytes=76152832
[measure] op=delete count=816 us=5785 rss_peak_bytes=76152832
[measure] op=reserve-finalize count=817 us=9828 rss_peak_bytes=76152832
[measure] op=delete count=817 us=5589 rss_peak_bytes=76152832
[measure] op=reserve-finalize count=818 us=9827 rss_peak_bytes=76152832
[measure] op=delete count=818 us=5533 rss_peak_bytes=76152832
[measure] op=reserve-finalize count=819 us=9920 rss_peak_bytes=76152832
[measure] op=delete count=819 us=5615 rss_peak_bytes=76169216
[measure] op=reserve-finalize count=820 us=9998 rss_peak_bytes=76169216
[measure] op=delete count=820 us=5726 rss_peak_bytes=76169216
[measure] op=reserve-finalize count=821 us=9703 rss_peak_bytes=76169216
[measure] op=delete count=821 us=5587 rss_peak_bytes=76185600
[measure] op=reserve-finalize count=822 us=9983 rss_peak_bytes=76185600
[measure] op=delete count=822 us=5614 rss_peak_bytes=76185600
[measure] op=reserve-finalize count=823 us=10101 rss_peak_bytes=76201984
[measure] op=delete count=823 us=5542 rss_peak_bytes=76218368
[measure] op=reserve-finalize count=824 us=10020 rss_peak_bytes=76218368
[measure] op=delete count=824 us=5650 rss_peak_bytes=76218368
[measure] op=reserve-finalize count=825 us=10044 rss_peak_bytes=76218368
[measure] op=delete count=825 us=5650 rss_peak_bytes=76218368
[measure] op=reserve-finalize count=826 us=10068 rss_peak_bytes=76218368
[measure] op=delete count=826 us=5721 rss_peak_bytes=76218368
[measure] op=reserve-finalize count=827 us=9978 rss_peak_bytes=76218368
[measure] op=delete count=827 us=5510 rss_peak_bytes=76218368
[measure] op=reserve-finalize count=828 us=10012 rss_peak_bytes=76234752
[measure] op=delete count=828 us=5443 rss_peak_bytes=76234752
[measure] op=reserve-finalize count=829 us=10146 rss_peak_bytes=76234752
[measure] op=delete count=829 us=5494 rss_peak_bytes=76234752
[measure] op=reserve-finalize count=830 us=10016 rss_peak_bytes=76234752
[measure] op=delete count=830 us=5955 rss_peak_bytes=76234752
[measure] op=reserve-finalize count=831 us=9763 rss_peak_bytes=76234752
[measure] op=delete count=831 us=5546 rss_peak_bytes=76234752
[measure] op=reserve-finalize count=832 us=9877 rss_peak_bytes=76234752
[measure] op=delete count=832 us=5428 rss_peak_bytes=76234752
[child] exit=0 signal=0
[measure] op=incremental-native-observe count=3328 us=569242 rss_peak_bytes=76234752
[measure] op=reserve-finalize count=833 us=10829 rss_peak_bytes=76234752
[measure] op=delete count=833 us=5885 rss_peak_bytes=76251136
[measure] op=reserve-finalize count=834 us=10199 rss_peak_bytes=76251136
[measure] op=delete count=834 us=5543 rss_peak_bytes=76251136
[measure] op=reserve-finalize count=835 us=9926 rss_peak_bytes=76251136
[measure] op=delete count=835 us=5548 rss_peak_bytes=76251136
[measure] op=reserve-finalize count=836 us=9988 rss_peak_bytes=76251136
[measure] op=delete count=836 us=5524 rss_peak_bytes=76251136
[measure] op=reserve-finalize count=837 us=9748 rss_peak_bytes=76251136
[measure] op=delete count=837 us=5702 rss_peak_bytes=76283904
[measure] op=reserve-finalize count=838 us=9742 rss_peak_bytes=76283904
[measure] op=delete count=838 us=5377 rss_peak_bytes=76283904
[measure] op=reserve-finalize count=839 us=10400 rss_peak_bytes=76283904
[measure] op=delete count=839 us=5697 rss_peak_bytes=76283904
[measure] op=reserve-finalize count=840 us=9989 rss_peak_bytes=76283904
[measure] op=delete count=840 us=5424 rss_peak_bytes=76300288
[measure] op=reserve-finalize count=841 us=10007 rss_peak_bytes=76300288
[measure] op=delete count=841 us=5486 rss_peak_bytes=76316672
[measure] op=reserve-finalize count=842 us=10033 rss_peak_bytes=76316672
[measure] op=delete count=842 us=5373 rss_peak_bytes=76316672
[measure] op=reserve-finalize count=843 us=9767 rss_peak_bytes=76316672
[measure] op=delete count=843 us=5398 rss_peak_bytes=76316672
[measure] op=reserve-finalize count=844 us=9888 rss_peak_bytes=76333056
[measure] op=delete count=844 us=5583 rss_peak_bytes=76333056
[measure] op=reserve-finalize count=845 us=9979 rss_peak_bytes=76333056
[measure] op=delete count=845 us=5423 rss_peak_bytes=76333056
[measure] op=reserve-finalize count=846 us=9858 rss_peak_bytes=76333056
[measure] op=delete count=846 us=163205 rss_peak_bytes=78512128
[measure] op=reserve-finalize count=847 us=10209 rss_peak_bytes=78528512
[measure] op=delete count=847 us=5606 rss_peak_bytes=78544896
[measure] op=reserve-finalize count=848 us=10579 rss_peak_bytes=78544896
[measure] op=delete count=848 us=5487 rss_peak_bytes=78544896
[measure] op=reserve-finalize count=849 us=10068 rss_peak_bytes=78544896
[measure] op=delete count=849 us=5528 rss_peak_bytes=78544896
[measure] op=reserve-finalize count=850 us=10018 rss_peak_bytes=78561280
[measure] op=delete count=850 us=5285 rss_peak_bytes=78577664
[measure] op=reserve-finalize count=851 us=9769 rss_peak_bytes=78577664
[measure] op=delete count=851 us=5476 rss_peak_bytes=78577664
[measure] op=reserve-finalize count=852 us=9938 rss_peak_bytes=78577664
[measure] op=delete count=852 us=5265 rss_peak_bytes=78577664
[measure] op=reserve-finalize count=853 us=10042 rss_peak_bytes=78577664
[measure] op=delete count=853 us=5523 rss_peak_bytes=78577664
[measure] op=reserve-finalize count=854 us=9960 rss_peak_bytes=78577664
[measure] op=delete count=854 us=5507 rss_peak_bytes=78577664
[measure] op=reserve-finalize count=855 us=9814 rss_peak_bytes=78577664
[measure] op=delete count=855 us=5368 rss_peak_bytes=78594048
[measure] op=reserve-finalize count=856 us=9699 rss_peak_bytes=78594048
[measure] op=delete count=856 us=5498 rss_peak_bytes=78594048
[measure] op=reserve-finalize count=857 us=9884 rss_peak_bytes=78594048
[measure] op=delete count=857 us=5590 rss_peak_bytes=78594048
[measure] op=reserve-finalize count=858 us=9898 rss_peak_bytes=78610432
[measure] op=delete count=858 us=5291 rss_peak_bytes=78610432
[measure] op=reserve-finalize count=859 us=10039 rss_peak_bytes=78626816
[measure] op=delete count=859 us=5284 rss_peak_bytes=78626816
[measure] op=reserve-finalize count=860 us=9945 rss_peak_bytes=78626816
[measure] op=delete count=860 us=5412 rss_peak_bytes=78626816
[measure] op=reserve-finalize count=861 us=9682 rss_peak_bytes=78626816
[measure] op=delete count=861 us=5363 rss_peak_bytes=78626816
[measure] op=reserve-finalize count=862 us=10405 rss_peak_bytes=78626816
[measure] op=delete count=862 us=5512 rss_peak_bytes=78626816
[measure] op=reserve-finalize count=863 us=9817 rss_peak_bytes=78626816
[measure] op=delete count=863 us=5460 rss_peak_bytes=78626816
[measure] op=reserve-finalize count=864 us=10117 rss_peak_bytes=78643200
[measure] op=delete count=864 us=5665 rss_peak_bytes=78643200
[child] exit=0 signal=0
[measure] op=incremental-native-observe count=3456 us=521762 rss_peak_bytes=78872576
[measure] op=reserve-finalize count=865 us=10452 rss_peak_bytes=78872576
[measure] op=delete count=865 us=5648 rss_peak_bytes=78872576
[measure] op=reserve-finalize count=866 us=10121 rss_peak_bytes=78872576
[measure] op=delete count=866 us=5802 rss_peak_bytes=78872576
[measure] op=reserve-finalize count=867 us=9951 rss_peak_bytes=78888960
[measure] op=delete count=867 us=5520 rss_peak_bytes=78888960
[measure] op=reserve-finalize count=868 us=10087 rss_peak_bytes=78888960
[measure] op=delete count=868 us=5287 rss_peak_bytes=78888960
[measure] op=reserve-finalize count=869 us=9986 rss_peak_bytes=78888960
[measure] op=delete count=869 us=5640 rss_peak_bytes=78905344
[measure] op=reserve-finalize count=870 us=9942 rss_peak_bytes=78905344
[measure] op=delete count=870 us=5364 rss_peak_bytes=78905344
[measure] op=reserve-finalize count=871 us=10056 rss_peak_bytes=78905344
[measure] op=delete count=871 us=5517 rss_peak_bytes=78905344
[measure] op=reserve-finalize count=872 us=9890 rss_peak_bytes=78905344
[measure] op=delete count=872 us=5515 rss_peak_bytes=78905344
[measure] op=reserve-finalize count=873 us=10085 rss_peak_bytes=78905344
[measure] op=delete count=873 us=5636 rss_peak_bytes=78938112
[measure] op=reserve-finalize count=874 us=9915 rss_peak_bytes=78938112
[measure] op=delete count=874 us=5426 rss_peak_bytes=78938112
[measure] op=reserve-finalize count=875 us=9822 rss_peak_bytes=78938112
[measure] op=delete count=875 us=5563 rss_peak_bytes=78938112
[measure] op=reserve-finalize count=876 us=9889 rss_peak_bytes=78938112
[measure] op=delete count=876 us=5584 rss_peak_bytes=78954496
[measure] op=reserve-finalize count=877 us=9721 rss_peak_bytes=78954496
[measure] op=delete count=877 us=5410 rss_peak_bytes=78954496
[measure] op=reserve-finalize count=878 us=9917 rss_peak_bytes=78954496
[measure] op=delete count=878 us=5577 rss_peak_bytes=78954496
[measure] op=reserve-finalize count=879 us=9923 rss_peak_bytes=78970880
[measure] op=delete count=879 us=5682 rss_peak_bytes=78970880
[measure] op=reserve-finalize count=880 us=10380 rss_peak_bytes=78970880
[measure] op=delete count=880 us=5487 rss_peak_bytes=78970880
[measure] op=reserve-finalize count=881 us=9995 rss_peak_bytes=78970880
[measure] op=delete count=881 us=5462 rss_peak_bytes=78970880
[measure] op=reserve-finalize count=882 us=9787 rss_peak_bytes=78987264
[measure] op=delete count=882 us=5303 rss_peak_bytes=78987264
[measure] op=reserve-finalize count=883 us=10071 rss_peak_bytes=78987264
[measure] op=delete count=883 us=5459 rss_peak_bytes=78987264
[measure] op=reserve-finalize count=884 us=10071 rss_peak_bytes=78987264
[measure] op=delete count=884 us=5684 rss_peak_bytes=78987264
[measure] op=reserve-finalize count=885 us=9846 rss_peak_bytes=78987264
[measure] op=delete count=885 us=5967 rss_peak_bytes=78987264
[measure] op=reserve-finalize count=886 us=10140 rss_peak_bytes=79020032
[measure] op=delete count=886 us=5341 rss_peak_bytes=79020032
[measure] op=reserve-finalize count=887 us=9837 rss_peak_bytes=79020032
[measure] op=delete count=887 us=5497 rss_peak_bytes=79020032
[measure] op=reserve-finalize count=888 us=9929 rss_peak_bytes=79020032
[measure] op=delete count=888 us=5475 rss_peak_bytes=79020032
[measure] op=reserve-finalize count=889 us=9768 rss_peak_bytes=79020032
[measure] op=delete count=889 us=5605 rss_peak_bytes=79020032
[measure] op=reserve-finalize count=890 us=9830 rss_peak_bytes=79020032
[measure] op=delete count=890 us=5630 rss_peak_bytes=79020032
[measure] op=reserve-finalize count=891 us=9991 rss_peak_bytes=79020032
[measure] op=delete count=891 us=5362 rss_peak_bytes=79036416
[measure] op=reserve-finalize count=892 us=9933 rss_peak_bytes=79036416
[measure] op=delete count=892 us=5464 rss_peak_bytes=79036416
[measure] op=reserve-finalize count=893 us=9898 rss_peak_bytes=79036416
[measure] op=delete count=893 us=5805 rss_peak_bytes=79036416
[measure] op=reserve-finalize count=894 us=9849 rss_peak_bytes=79036416
[measure] op=delete count=894 us=5613 rss_peak_bytes=79036416
[measure] op=reserve-finalize count=895 us=10012 rss_peak_bytes=79052800
[measure] op=delete count=895 us=5683 rss_peak_bytes=79069184
[measure] op=reserve-finalize count=896 us=9721 rss_peak_bytes=79069184
[measure] op=delete count=896 us=5477 rss_peak_bytes=79069184
[child] exit=0 signal=0
[measure] op=incremental-native-observe count=3584 us=563098 rss_peak_bytes=79069184
[measure] op=reserve-finalize count=897 us=10441 rss_peak_bytes=79069184
[measure] op=delete count=897 us=5817 rss_peak_bytes=79069184
[measure] op=reserve-finalize count=898 us=10200 rss_peak_bytes=79069184
[measure] op=delete count=898 us=5480 rss_peak_bytes=79069184
[measure] op=reserve-finalize count=899 us=10056 rss_peak_bytes=79069184
[measure] op=delete count=899 us=5727 rss_peak_bytes=79069184
[measure] op=reserve-finalize count=900 us=9986 rss_peak_bytes=79069184
[measure] op=delete count=900 us=5825 rss_peak_bytes=79069184
[measure] op=reserve-finalize count=901 us=10049 rss_peak_bytes=79085568
[measure] op=delete count=901 us=5747 rss_peak_bytes=79101952
[measure] op=reserve-finalize count=902 us=9925 rss_peak_bytes=79101952
[measure] op=delete count=902 us=5504 rss_peak_bytes=79101952
[measure] op=reserve-finalize count=903 us=9752 rss_peak_bytes=79101952
[measure] op=delete count=903 us=5507 rss_peak_bytes=79118336
[measure] op=reserve-finalize count=904 us=10022 rss_peak_bytes=79118336
[measure] op=delete count=904 us=5660 rss_peak_bytes=79118336
[measure] op=reserve-finalize count=905 us=10106 rss_peak_bytes=79118336
[measure] op=delete count=905 us=5376 rss_peak_bytes=79118336
[measure] op=reserve-finalize count=906 us=9813 rss_peak_bytes=79118336
[measure] op=delete count=906 us=5554 rss_peak_bytes=79118336
[measure] op=reserve-finalize count=907 us=9767 rss_peak_bytes=79134720
[measure] op=delete count=907 us=5675 rss_peak_bytes=79134720
[measure] op=reserve-finalize count=908 us=9982 rss_peak_bytes=79134720
[measure] op=delete count=908 us=5319 rss_peak_bytes=79134720
[measure] op=reserve-finalize count=909 us=9857 rss_peak_bytes=79134720
[measure] op=delete count=909 us=5406 rss_peak_bytes=79167488
[measure] op=reserve-finalize count=910 us=10011 rss_peak_bytes=79167488
[measure] op=delete count=910 us=5458 rss_peak_bytes=79167488
[measure] op=reserve-finalize count=911 us=10009 rss_peak_bytes=79183872
[measure] op=delete count=911 us=5807 rss_peak_bytes=79183872
[measure] op=reserve-finalize count=912 us=9922 rss_peak_bytes=79183872
[measure] op=delete count=912 us=5534 rss_peak_bytes=79183872
[measure] op=reserve-finalize count=913 us=10265 rss_peak_bytes=79183872
[measure] op=delete count=913 us=5599 rss_peak_bytes=79183872
[measure] op=reserve-finalize count=914 us=9988 rss_peak_bytes=79183872
[measure] op=delete count=914 us=5594 rss_peak_bytes=79183872
[measure] op=reserve-finalize count=915 us=10040 rss_peak_bytes=79183872
[measure] op=delete count=915 us=5622 rss_peak_bytes=79200256
[measure] op=reserve-finalize count=916 us=10003 rss_peak_bytes=79200256
[measure] op=delete count=916 us=5552 rss_peak_bytes=79200256
[measure] op=reserve-finalize count=917 us=9934 rss_peak_bytes=79200256
[measure] op=delete count=917 us=5523 rss_peak_bytes=79200256
[measure] op=reserve-finalize count=918 us=9862 rss_peak_bytes=79233024
[measure] op=delete count=918 us=5438 rss_peak_bytes=79233024
[measure] op=reserve-finalize count=919 us=9787 rss_peak_bytes=79233024
[measure] op=delete count=919 us=5327 rss_peak_bytes=79233024
[measure] op=reserve-finalize count=920 us=10057 rss_peak_bytes=79233024
[measure] op=delete count=920 us=5329 rss_peak_bytes=79249408
[measure] op=reserve-finalize count=921 us=9864 rss_peak_bytes=79249408
[measure] op=delete count=921 us=5592 rss_peak_bytes=79249408
[measure] op=reserve-finalize count=922 us=9756 rss_peak_bytes=79249408
[measure] op=delete count=922 us=5444 rss_peak_bytes=79249408
[measure] op=reserve-finalize count=923 us=10008 rss_peak_bytes=79249408
[measure] op=delete count=923 us=5487 rss_peak_bytes=79265792
[measure] op=reserve-finalize count=924 us=9967 rss_peak_bytes=79265792
[measure] op=delete count=924 us=5425 rss_peak_bytes=79265792
[measure] op=reserve-finalize count=925 us=10012 rss_peak_bytes=79265792
[measure] op=delete count=925 us=5641 rss_peak_bytes=79265792
[measure] op=reserve-finalize count=926 us=9793 rss_peak_bytes=79265792
[measure] op=delete count=926 us=5408 rss_peak_bytes=79265792
[measure] op=reserve-finalize count=927 us=9823 rss_peak_bytes=79265792
[measure] op=delete count=927 us=5481 rss_peak_bytes=79265792
[measure] op=reserve-finalize count=928 us=10019 rss_peak_bytes=79265792
[measure] op=delete count=928 us=5563 rss_peak_bytes=79265792
[child] exit=0 signal=0
[measure] op=incremental-native-observe count=3712 us=603853 rss_peak_bytes=79314944
[measure] op=reserve-finalize count=929 us=10367 rss_peak_bytes=79331328
[measure] op=delete count=929 us=5579 rss_peak_bytes=79347712
[measure] op=reserve-finalize count=930 us=9892 rss_peak_bytes=79347712
[measure] op=delete count=930 us=5686 rss_peak_bytes=79347712
[measure] op=reserve-finalize count=931 us=10061 rss_peak_bytes=79364096
[measure] op=delete count=931 us=5598 rss_peak_bytes=79380480
[measure] op=reserve-finalize count=932 us=11293 rss_peak_bytes=79380480
[measure] op=delete count=932 us=5968 rss_peak_bytes=79380480
[measure] op=reserve-finalize count=933 us=9988 rss_peak_bytes=79380480
[measure] op=delete count=933 us=5593 rss_peak_bytes=79380480
[measure] op=reserve-finalize count=934 us=9885 rss_peak_bytes=79380480
[measure] op=delete count=934 us=5742 rss_peak_bytes=79380480
[measure] op=reserve-finalize count=935 us=9891 rss_peak_bytes=79380480
[measure] op=delete count=935 us=5536 rss_peak_bytes=79380480
[measure] op=reserve-finalize count=936 us=9819 rss_peak_bytes=79380480
[measure] op=delete count=936 us=5479 rss_peak_bytes=79380480
[measure] op=reserve-finalize count=937 us=10174 rss_peak_bytes=79380480
[measure] op=delete count=937 us=5745 rss_peak_bytes=79396864
[measure] op=reserve-finalize count=938 us=10028 rss_peak_bytes=79396864
[measure] op=delete count=938 us=5508 rss_peak_bytes=79396864
[measure] op=reserve-finalize count=939 us=9885 rss_peak_bytes=79413248
[measure] op=delete count=939 us=5507 rss_peak_bytes=79413248
[measure] op=reserve-finalize count=940 us=10244 rss_peak_bytes=79413248
[measure] op=delete count=940 us=176552 rss_peak_bytes=82313216
[measure] op=reserve-finalize count=941 us=10287 rss_peak_bytes=82313216
[measure] op=delete count=941 us=5530 rss_peak_bytes=82313216
[measure] op=reserve-finalize count=942 us=10206 rss_peak_bytes=82329600
[measure] op=delete count=942 us=5524 rss_peak_bytes=82329600
[measure] op=reserve-finalize count=943 us=9848 rss_peak_bytes=82345984
[measure] op=delete count=943 us=5353 rss_peak_bytes=82345984
[measure] op=reserve-finalize count=944 us=9801 rss_peak_bytes=82345984
[measure] op=delete count=944 us=5667 rss_peak_bytes=82345984
[measure] op=reserve-finalize count=945 us=10074 rss_peak_bytes=82345984
[measure] op=delete count=945 us=5366 rss_peak_bytes=82362368
[measure] op=reserve-finalize count=946 us=9875 rss_peak_bytes=82362368
[measure] op=delete count=946 us=5347 rss_peak_bytes=82362368
[measure] op=reserve-finalize count=947 us=10016 rss_peak_bytes=82362368
[measure] op=delete count=947 us=5421 rss_peak_bytes=82378752
[measure] op=reserve-finalize count=948 us=10339 rss_peak_bytes=82378752
[measure] op=delete count=948 us=5490 rss_peak_bytes=82378752
[measure] op=reserve-finalize count=949 us=9932 rss_peak_bytes=82378752
[measure] op=delete count=949 us=5531 rss_peak_bytes=82378752
[measure] op=reserve-finalize count=950 us=9936 rss_peak_bytes=82378752
[measure] op=delete count=950 us=5388 rss_peak_bytes=82378752
[measure] op=reserve-finalize count=951 us=9959 rss_peak_bytes=82378752
[measure] op=delete count=951 us=5610 rss_peak_bytes=82395136
[measure] op=reserve-finalize count=952 us=10082 rss_peak_bytes=82395136
[measure] op=delete count=952 us=5652 rss_peak_bytes=82395136
[measure] op=reserve-finalize count=953 us=10503 rss_peak_bytes=82395136
[measure] op=delete count=953 us=5693 rss_peak_bytes=82395136
[measure] op=reserve-finalize count=954 us=10315 rss_peak_bytes=82395136
[measure] op=delete count=954 us=5499 rss_peak_bytes=82395136
[measure] op=reserve-finalize count=955 us=10036 rss_peak_bytes=82411520
[measure] op=delete count=955 us=5559 rss_peak_bytes=82427904
[measure] op=reserve-finalize count=956 us=10203 rss_peak_bytes=82427904
[measure] op=delete count=956 us=5689 rss_peak_bytes=82427904
[measure] op=reserve-finalize count=957 us=9942 rss_peak_bytes=82427904
[measure] op=delete count=957 us=5376 rss_peak_bytes=82427904
[measure] op=reserve-finalize count=958 us=9886 rss_peak_bytes=82427904
[measure] op=delete count=958 us=5524 rss_peak_bytes=82427904
[measure] op=reserve-finalize count=959 us=9859 rss_peak_bytes=82427904
[measure] op=delete count=959 us=5419 rss_peak_bytes=82444288
[measure] op=reserve-finalize count=960 us=9932 rss_peak_bytes=82444288
[measure] op=delete count=960 us=5422 rss_peak_bytes=82444288
[child] exit=0 signal=0
[measure] op=incremental-native-observe count=3840 us=558986 rss_peak_bytes=82444288
[measure] op=reserve-finalize count=961 us=10553 rss_peak_bytes=82444288
[measure] op=delete count=961 us=5531 rss_peak_bytes=82444288
[measure] op=reserve-finalize count=962 us=10466 rss_peak_bytes=82444288
[measure] op=delete count=962 us=5538 rss_peak_bytes=82444288
[measure] op=reserve-finalize count=963 us=10174 rss_peak_bytes=82444288
[measure] op=delete count=963 us=5655 rss_peak_bytes=82477056
[measure] op=reserve-finalize count=964 us=10125 rss_peak_bytes=82477056
[measure] op=delete count=964 us=5510 rss_peak_bytes=82477056
[measure] op=reserve-finalize count=965 us=9802 rss_peak_bytes=82477056
[measure] op=delete count=965 us=5551 rss_peak_bytes=82477056
[measure] op=reserve-finalize count=966 us=9969 rss_peak_bytes=82477056
[measure] op=delete count=966 us=5432 rss_peak_bytes=82477056
[measure] op=reserve-finalize count=967 us=10046 rss_peak_bytes=82493440
[measure] op=delete count=967 us=5636 rss_peak_bytes=82493440
[measure] op=reserve-finalize count=968 us=10113 rss_peak_bytes=82493440
[measure] op=delete count=968 us=5525 rss_peak_bytes=82493440
[measure] op=reserve-finalize count=969 us=9945 rss_peak_bytes=82509824
[measure] op=delete count=969 us=5780 rss_peak_bytes=82526208
[measure] op=reserve-finalize count=970 us=9889 rss_peak_bytes=82526208
[measure] op=delete count=970 us=5430 rss_peak_bytes=82526208
[measure] op=reserve-finalize count=971 us=9887 rss_peak_bytes=82542592
[measure] op=delete count=971 us=5626 rss_peak_bytes=82542592
[measure] op=reserve-finalize count=972 us=9884 rss_peak_bytes=82542592
[measure] op=delete count=972 us=5545 rss_peak_bytes=82542592
[measure] op=reserve-finalize count=973 us=9818 rss_peak_bytes=82542592
[measure] op=delete count=973 us=5454 rss_peak_bytes=82542592
[measure] op=reserve-finalize count=974 us=10431 rss_peak_bytes=82542592
[measure] op=delete count=974 us=5483 rss_peak_bytes=82542592
[measure] op=reserve-finalize count=975 us=9856 rss_peak_bytes=82575360
[measure] op=delete count=975 us=5300 rss_peak_bytes=82575360
[measure] op=reserve-finalize count=976 us=9728 rss_peak_bytes=82575360
[measure] op=delete count=976 us=5485 rss_peak_bytes=82575360
[measure] op=reserve-finalize count=977 us=9977 rss_peak_bytes=82575360
[measure] op=delete count=977 us=5480 rss_peak_bytes=82591744
[measure] op=reserve-finalize count=978 us=10037 rss_peak_bytes=82591744
[measure] op=delete count=978 us=5548 rss_peak_bytes=82591744
[measure] op=reserve-finalize count=979 us=9910 rss_peak_bytes=82591744
[measure] op=delete count=979 us=5545 rss_peak_bytes=82591744
[measure] op=reserve-finalize count=980 us=9731 rss_peak_bytes=82591744
[measure] op=delete count=980 us=5458 rss_peak_bytes=82591744
[measure] op=reserve-finalize count=981 us=9714 rss_peak_bytes=82591744
[measure] op=delete count=981 us=5381 rss_peak_bytes=82608128
[measure] op=reserve-finalize count=982 us=9710 rss_peak_bytes=82608128
[measure] op=delete count=982 us=5667 rss_peak_bytes=82608128
[measure] op=reserve-finalize count=983 us=9835 rss_peak_bytes=82608128
[measure] op=delete count=983 us=5354 rss_peak_bytes=82624512
[measure] op=reserve-finalize count=984 us=9739 rss_peak_bytes=82624512
[measure] op=delete count=984 us=5512 rss_peak_bytes=82624512
[measure] op=reserve-finalize count=985 us=10017 rss_peak_bytes=82624512
[measure] op=delete count=985 us=5411 rss_peak_bytes=82640896
[measure] op=reserve-finalize count=986 us=10070 rss_peak_bytes=82640896
[measure] op=delete count=986 us=5692 rss_peak_bytes=82640896
[measure] op=reserve-finalize count=987 us=9749 rss_peak_bytes=82640896
[measure] op=delete count=987 us=5691 rss_peak_bytes=82640896
[measure] op=reserve-finalize count=988 us=10086 rss_peak_bytes=82640896
[measure] op=delete count=988 us=5364 rss_peak_bytes=82640896
[measure] op=reserve-finalize count=989 us=9959 rss_peak_bytes=82640896
[measure] op=delete count=989 us=5297 rss_peak_bytes=82640896
[measure] op=reserve-finalize count=990 us=9938 rss_peak_bytes=82640896
[measure] op=delete count=990 us=5402 rss_peak_bytes=82640896
[measure] op=reserve-finalize count=991 us=9773 rss_peak_bytes=82657280
[measure] op=delete count=991 us=5565 rss_peak_bytes=82657280
[measure] op=reserve-finalize count=992 us=9753 rss_peak_bytes=82657280
[measure] op=delete count=992 us=5393 rss_peak_bytes=82657280
[child] exit=0 signal=0
[measure] op=incremental-native-observe count=3968 us=601996 rss_peak_bytes=82657280
[measure] op=reserve-finalize count=993 us=10973 rss_peak_bytes=82657280
[measure] op=delete count=993 us=5496 rss_peak_bytes=82657280
[measure] op=reserve-finalize count=994 us=10399 rss_peak_bytes=82657280
[measure] op=delete count=994 us=5548 rss_peak_bytes=82657280
[measure] op=reserve-finalize count=995 us=9974 rss_peak_bytes=82657280
[measure] op=delete count=995 us=5636 rss_peak_bytes=82673664
[measure] op=reserve-finalize count=996 us=10193 rss_peak_bytes=82673664
[measure] op=delete count=996 us=5497 rss_peak_bytes=82673664
[measure] op=reserve-finalize count=997 us=10056 rss_peak_bytes=82673664
[measure] op=delete count=997 us=5908 rss_peak_bytes=82673664
[measure] op=reserve-finalize count=998 us=9853 rss_peak_bytes=82673664
[measure] op=delete count=998 us=5467 rss_peak_bytes=82673664
[measure] op=reserve-finalize count=999 us=9785 rss_peak_bytes=82673664
[measure] op=delete count=999 us=5686 rss_peak_bytes=82706432
[measure] op=reserve-finalize count=1000 us=10008 rss_peak_bytes=82706432
[measure] op=delete count=1000 us=5500 rss_peak_bytes=82706432
[measure] op=reserve-finalize count=1001 us=9844 rss_peak_bytes=82706432
[measure] op=delete count=1001 us=5784 rss_peak_bytes=82706432
[measure] op=reserve-finalize count=1002 us=9894 rss_peak_bytes=82706432
[measure] op=delete count=1002 us=5420 rss_peak_bytes=82706432
[measure] op=reserve-finalize count=1003 us=9755 rss_peak_bytes=82722816
[measure] op=delete count=1003 us=5629 rss_peak_bytes=82722816
[measure] op=reserve-finalize count=1004 us=9865 rss_peak_bytes=82722816
[measure] op=delete count=1004 us=5697 rss_peak_bytes=82722816
[measure] op=reserve-finalize count=1005 us=9895 rss_peak_bytes=82722816
[measure] op=delete count=1005 us=5500 rss_peak_bytes=82739200
[measure] op=reserve-finalize count=1006 us=9956 rss_peak_bytes=82739200
[measure] op=delete count=1006 us=5526 rss_peak_bytes=82739200
[measure] op=reserve-finalize count=1007 us=9759 rss_peak_bytes=82755584
[measure] op=delete count=1007 us=5482 rss_peak_bytes=82755584
[measure] op=reserve-finalize count=1008 us=9749 rss_peak_bytes=82771968
[measure] op=delete count=1008 us=5396 rss_peak_bytes=82771968
[measure] op=reserve-finalize count=1009 us=10021 rss_peak_bytes=82771968
[measure] op=delete count=1009 us=5494 rss_peak_bytes=82771968
[measure] op=reserve-finalize count=1010 us=10033 rss_peak_bytes=82771968
[measure] op=delete count=1010 us=5434 rss_peak_bytes=82771968
[measure] op=reserve-finalize count=1011 us=10081 rss_peak_bytes=82771968
[measure] op=delete count=1011 us=5913 rss_peak_bytes=82771968
[measure] op=reserve-finalize count=1012 us=9875 rss_peak_bytes=82771968
[measure] op=delete count=1012 us=5515 rss_peak_bytes=82771968
[measure] op=reserve-finalize count=1013 us=9872 rss_peak_bytes=82771968
[measure] op=delete count=1013 us=5360 rss_peak_bytes=82788352
[measure] op=reserve-finalize count=1014 us=9908 rss_peak_bytes=82804736
[measure] op=delete count=1014 us=5334 rss_peak_bytes=82804736
[measure] op=reserve-finalize count=1015 us=9933 rss_peak_bytes=82804736
[measure] op=delete count=1015 us=5634 rss_peak_bytes=82804736
[measure] op=reserve-finalize count=1016 us=10067 rss_peak_bytes=82804736
[measure] op=delete count=1016 us=5602 rss_peak_bytes=82804736
[measure] op=reserve-finalize count=1017 us=10039 rss_peak_bytes=82804736
[measure] op=delete count=1017 us=5433 rss_peak_bytes=82821120
[measure] op=reserve-finalize count=1018 us=10071 rss_peak_bytes=82821120
[measure] op=delete count=1018 us=5289 rss_peak_bytes=82837504
[measure] op=reserve-finalize count=1019 us=10042 rss_peak_bytes=82837504
[measure] op=delete count=1019 us=5560 rss_peak_bytes=82853888
[measure] op=reserve-finalize count=1020 us=10501 rss_peak_bytes=82870272
[measure] op=delete count=1020 us=5612 rss_peak_bytes=82886656
[pass] B07-S02 independent-current count=1020 deleted=1
[measure] op=query-and-independent-hash-outside-product-timing count=1020 us=155309 rss_peak_bytes=82903040
[measure] op=checkpoint count=1020 us=183941 rss_peak_bytes=86704128
[child] exit=0 signal=0
[measure] op=incremental-native-observe count=4080 us=558415 rss_peak_bytes=86704128
[pass] B08-C01 complete-drain count=1020 mutations=4080
[pass] B08-C01 snapshot-count=1 count=1020 bytes=1654324 generation=12
[pass] B07-S03 checkpoint-old-detail-unchanged count=1020
[measure] op=reopen-sqlite count=1020 us=1470390 rss_peak_bytes=67452928
[pass] B07-S02 independent-current count=1020 deleted=1
[measure] op=query-and-independent-hash-outside-product-timing count=1020 us=154935 rss_peak_bytes=67616768
[recording-latency] {"k":0,"o":1,"s":1,"l":583,"m":1,"t":1,"r":0,"b":83,"a":458,"e":784656875,"n":1,"w":375,"h":784656417,"x":375,"y":784656417}
[recording-slow-summary] {"seen":1,"retained":1,"thresholdNs":10000000}
[recording-complete-summary] {"lockCount":2044,"spanCount":0,"maxWaitNs":500,"maxHoldNs":784656417,"maxSpanNs":0,"countOverflow":false}
[child] exit=0 signal=0
[measure] op=reopen-jsonl count=1020 us=1425323 rss_peak_bytes=63258624
[pass] B07-S02 independent-current count=1020 deleted=1
[measure] op=query-and-independent-hash-outside-product-timing count=1020 us=154046 rss_peak_bytes=63438848
[recording-latency] {"k":0,"o":1,"s":1,"l":583,"m":1,"t":1,"r":0,"b":83,"a":542,"e":744325292,"n":1,"w":459,"h":744324750,"x":459,"y":744324750}
[recording-slow-summary] {"seen":1,"retained":1,"thresholdNs":10000000}
[recording-complete-summary] {"lockCount":2044,"spanCount":0,"maxWaitNs":584,"maxHoldNs":744324750,"maxSpanNs":0,"countOverflow":false}
[child] exit=0 signal=0
[bytes] count=1020 kind=active bytes=11427149
[bytes] count=1020 kind=identity bytes=1676892
[bytes] count=1020 kind=media bytes=55626
[bytes] count=1020 kind=other bytes=34367
[bytes] count=1020 kind=snapshot bytes=1654324
[bytes] count=1020 kind=sqlite bytes=3682304
[bytes] count=1020 kind=total bytes=18530662
[measure] op=runtime-open count=1020 us=1460041 rss_peak_bytes=96174080
[measure] op=reserve-finalize count=1021 us=10519 rss_peak_bytes=96174080
[measure] op=delete count=1021 us=5883 rss_peak_bytes=96174080
[measure] op=reserve-finalize count=1022 us=10160 rss_peak_bytes=96174080
[measure] op=delete count=1022 us=5555 rss_peak_bytes=96174080
[measure] op=reserve-finalize count=1023 us=10077 rss_peak_bytes=96174080
[measure] op=delete count=1023 us=6005 rss_peak_bytes=96190464
[measure] op=reserve-finalize count=1024 us=10094 rss_peak_bytes=96190464
[measure] op=delete count=1024 us=5674 rss_peak_bytes=96190464
[child] exit=0 signal=0
[measure] op=incremental-native-observe count=4096 us=525816 rss_peak_bytes=96190464
[measure] op=reserve-finalize count=1025 us=10904 rss_peak_bytes=96190464
[measure] op=delete count=1025 us=5804 rss_peak_bytes=96190464
[measure] op=reserve-finalize count=1026 us=10107 rss_peak_bytes=96190464
[measure] op=delete count=1026 us=5354 rss_peak_bytes=96190464
[measure] op=reserve-finalize count=1027 us=10175 rss_peak_bytes=96190464
[measure] op=delete count=1027 us=5597 rss_peak_bytes=96206848
[measure] op=reserve-finalize count=1028 us=10059 rss_peak_bytes=96206848
[measure] op=delete count=1028 us=5495 rss_peak_bytes=96206848
[measure] op=reserve-finalize count=1029 us=10049 rss_peak_bytes=96206848
[measure] op=delete count=1029 us=5566 rss_peak_bytes=96206848
[measure] op=reserve-finalize count=1030 us=9985 rss_peak_bytes=96206848
[measure] op=delete count=1030 us=5731 rss_peak_bytes=96206848
[measure] op=reserve-finalize count=1031 us=10103 rss_peak_bytes=96206848
[measure] op=delete count=1031 us=5513 rss_peak_bytes=96206848
[measure] op=reserve-finalize count=1032 us=10004 rss_peak_bytes=96206848
[measure] op=delete count=1032 us=5525 rss_peak_bytes=96206848
[measure] op=reserve-finalize count=1033 us=9865 rss_peak_bytes=96206848
[measure] op=delete count=1033 us=5567 rss_peak_bytes=96223232
[measure] op=reserve-finalize count=1034 us=10052 rss_peak_bytes=96223232
[measure] op=delete count=1034 us=5397 rss_peak_bytes=96223232
[measure] op=reserve-finalize count=1035 us=9979 rss_peak_bytes=96223232
[measure] op=delete count=1035 us=5450 rss_peak_bytes=96239616
[measure] op=reserve-finalize count=1036 us=9715 rss_peak_bytes=96239616
[measure] op=delete count=1036 us=5369 rss_peak_bytes=96239616
[measure] op=reserve-finalize count=1037 us=9985 rss_peak_bytes=96239616
[measure] op=delete count=1037 us=5774 rss_peak_bytes=96239616
[measure] op=reserve-finalize count=1038 us=9967 rss_peak_bytes=96239616
[measure] op=delete count=1038 us=5752 rss_peak_bytes=96239616
[measure] op=reserve-finalize count=1039 us=9849 rss_peak_bytes=96256000
[measure] op=delete count=1039 us=5586 rss_peak_bytes=96256000
[measure] op=reserve-finalize count=1040 us=10281 rss_peak_bytes=96256000
[measure] op=delete count=1040 us=5457 rss_peak_bytes=96256000
[measure] op=reserve-finalize count=1041 us=10026 rss_peak_bytes=96256000
[measure] op=delete count=1041 us=5615 rss_peak_bytes=96272384
[measure] op=reserve-finalize count=1042 us=9914 rss_peak_bytes=96272384
[measure] op=delete count=1042 us=5433 rss_peak_bytes=96272384
[measure] op=reserve-finalize count=1043 us=9951 rss_peak_bytes=96272384
[measure] op=delete count=1043 us=5379 rss_peak_bytes=96272384
[measure] op=reserve-finalize count=1044 us=9963 rss_peak_bytes=96272384
[measure] op=delete count=1044 us=5625 rss_peak_bytes=96272384
[measure] op=reserve-finalize count=1045 us=9849 rss_peak_bytes=96272384
[measure] op=delete count=1045 us=5591 rss_peak_bytes=96288768
[measure] op=reserve-finalize count=1046 us=10078 rss_peak_bytes=96288768
[measure] op=delete count=1046 us=5345 rss_peak_bytes=96305152
[measure] op=reserve-finalize count=1047 us=10036 rss_peak_bytes=96305152
[measure] op=delete count=1047 us=5627 rss_peak_bytes=96305152
[measure] op=reserve-finalize count=1048 us=9783 rss_peak_bytes=96305152
[measure] op=delete count=1048 us=5385 rss_peak_bytes=96305152
[measure] op=reserve-finalize count=1049 us=9736 rss_peak_bytes=96305152
[measure] op=delete count=1049 us=5489 rss_peak_bytes=96305152
[measure] op=reserve-finalize count=1050 us=10060 rss_peak_bytes=96305152
[measure] op=delete count=1050 us=5521 rss_peak_bytes=96305152
[measure] op=reserve-finalize count=1051 us=9810 rss_peak_bytes=96305152
[measure] op=delete count=1051 us=5524 rss_peak_bytes=96321536
[measure] op=reserve-finalize count=1052 us=9786 rss_peak_bytes=96321536
[measure] op=delete count=1052 us=5492 rss_peak_bytes=96321536
[measure] op=reserve-finalize count=1053 us=9981 rss_peak_bytes=96321536
[measure] op=delete count=1053 us=5487 rss_peak_bytes=96321536
[measure] op=reserve-finalize count=1054 us=9682 rss_peak_bytes=96321536
[measure] op=delete count=1054 us=6196 rss_peak_bytes=96321536
[measure] op=reserve-finalize count=1055 us=9956 rss_peak_bytes=96321536
[measure] op=delete count=1055 us=5711 rss_peak_bytes=96337920
[measure] op=reserve-finalize count=1056 us=10013 rss_peak_bytes=96354304
[measure] op=delete count=1056 us=5631 rss_peak_bytes=96354304
[child] exit=0 signal=0
[measure] op=incremental-native-observe count=4224 us=600217 rss_peak_bytes=96354304
[measure] op=reserve-finalize count=1057 us=10331 rss_peak_bytes=96354304
[measure] op=delete count=1057 us=5497 rss_peak_bytes=96354304
[measure] op=reserve-finalize count=1058 us=10443 rss_peak_bytes=96354304
[measure] op=delete count=1058 us=5677 rss_peak_bytes=96370688
[measure] op=reserve-finalize count=1059 us=9963 rss_peak_bytes=96370688
[measure] op=delete count=1059 us=5590 rss_peak_bytes=96370688
[measure] op=reserve-finalize count=1060 us=9944 rss_peak_bytes=96370688
[measure] op=delete count=1060 us=5542 rss_peak_bytes=96387072
[measure] op=reserve-finalize count=1061 us=9773 rss_peak_bytes=96387072
[measure] op=delete count=1061 us=5612 rss_peak_bytes=96387072
[measure] op=reserve-finalize count=1062 us=9919 rss_peak_bytes=96387072
[measure] op=delete count=1062 us=5478 rss_peak_bytes=96387072
[measure] op=reserve-finalize count=1063 us=9972 rss_peak_bytes=96387072
[measure] op=delete count=1063 us=5666 rss_peak_bytes=96387072
[measure] op=reserve-finalize count=1064 us=9768 rss_peak_bytes=96403456
[measure] op=delete count=1064 us=5684 rss_peak_bytes=96403456
[measure] op=reserve-finalize count=1065 us=9838 rss_peak_bytes=96403456
[measure] op=delete count=1065 us=5782 rss_peak_bytes=96403456
[measure] op=reserve-finalize count=1066 us=9863 rss_peak_bytes=96403456
[measure] op=delete count=1066 us=5451 rss_peak_bytes=96403456
[measure] op=reserve-finalize count=1067 us=9776 rss_peak_bytes=96403456
[measure] op=delete count=1067 us=5537 rss_peak_bytes=96403456
[measure] op=reserve-finalize count=1068 us=9783 rss_peak_bytes=96403456
[measure] op=delete count=1068 us=5894 rss_peak_bytes=96403456
[measure] op=reserve-finalize count=1069 us=9868 rss_peak_bytes=96403456
[measure] op=delete count=1069 us=5433 rss_peak_bytes=96403456
[measure] op=reserve-finalize count=1070 us=10256 rss_peak_bytes=96419840
[measure] op=delete count=1070 us=5557 rss_peak_bytes=96419840
[measure] op=reserve-finalize count=1071 us=10310 rss_peak_bytes=96452608
[measure] op=delete count=1071 us=5809 rss_peak_bytes=96452608
[measure] op=reserve-finalize count=1072 us=9892 rss_peak_bytes=96452608
[measure] op=delete count=1072 us=5577 rss_peak_bytes=96452608
[measure] op=reserve-finalize count=1073 us=10023 rss_peak_bytes=96452608
[measure] op=delete count=1073 us=5468 rss_peak_bytes=96468992
[measure] op=reserve-finalize count=1074 us=10061 rss_peak_bytes=96468992
[measure] op=delete count=1074 us=5341 rss_peak_bytes=96468992
[measure] op=reserve-finalize count=1075 us=9804 rss_peak_bytes=96468992
[measure] op=delete count=1075 us=5461 rss_peak_bytes=96468992
[measure] op=reserve-finalize count=1076 us=9827 rss_peak_bytes=96468992
[measure] op=delete count=1076 us=5260 rss_peak_bytes=96485376
[measure] op=reserve-finalize count=1077 us=9940 rss_peak_bytes=96501760
[measure] op=delete count=1077 us=5366 rss_peak_bytes=96518144
[measure] op=reserve-finalize count=1078 us=9969 rss_peak_bytes=96518144
[measure] op=delete count=1078 us=5410 rss_peak_bytes=96518144
[measure] op=reserve-finalize count=1079 us=9923 rss_peak_bytes=96518144
[measure] op=delete count=1079 us=5581 rss_peak_bytes=96518144
[measure] op=reserve-finalize count=1080 us=9860 rss_peak_bytes=96518144
[measure] op=delete count=1080 us=5611 rss_peak_bytes=96518144
[measure] op=reserve-finalize count=1081 us=9876 rss_peak_bytes=96518144
[measure] op=delete count=1081 us=5402 rss_peak_bytes=96534528
[measure] op=reserve-finalize count=1082 us=9756 rss_peak_bytes=96534528
[measure] op=delete count=1082 us=5455 rss_peak_bytes=96534528
[measure] op=reserve-finalize count=1083 us=9886 rss_peak_bytes=96534528
[measure] op=delete count=1083 us=5442 rss_peak_bytes=96550912
[measure] op=reserve-finalize count=1084 us=9931 rss_peak_bytes=96550912
[measure] op=delete count=1084 us=5375 rss_peak_bytes=96550912
[measure] op=reserve-finalize count=1085 us=9865 rss_peak_bytes=96550912
[measure] op=delete count=1085 us=5705 rss_peak_bytes=96550912
[measure] op=reserve-finalize count=1086 us=10013 rss_peak_bytes=96550912
[measure] op=delete count=1086 us=5595 rss_peak_bytes=96550912
[measure] op=reserve-finalize count=1087 us=9993 rss_peak_bytes=96550912
[measure] op=delete count=1087 us=5579 rss_peak_bytes=96550912
[measure] op=reserve-finalize count=1088 us=10016 rss_peak_bytes=96567296
[measure] op=delete count=1088 us=5484 rss_peak_bytes=96567296
[child] exit=0 signal=0
[measure] op=incremental-native-observe count=4352 us=645912 rss_peak_bytes=96567296
[measure] op=reserve-finalize count=1089 us=10673 rss_peak_bytes=96567296
[measure] op=delete count=1089 us=5934 rss_peak_bytes=96567296
[measure] op=reserve-finalize count=1090 us=10119 rss_peak_bytes=96567296
[measure] op=delete count=1090 us=5497 rss_peak_bytes=96567296
[measure] op=reserve-finalize count=1091 us=10008 rss_peak_bytes=96567296
[measure] op=delete count=1091 us=5453 rss_peak_bytes=96567296
[measure] op=reserve-finalize count=1092 us=10271 rss_peak_bytes=96567296
[measure] op=delete count=1092 us=5570 rss_peak_bytes=96567296
[measure] op=reserve-finalize count=1093 us=10023 rss_peak_bytes=96567296
[measure] op=delete count=1093 us=5768 rss_peak_bytes=96567296
[measure] op=reserve-finalize count=1094 us=9905 rss_peak_bytes=96567296
[measure] op=delete count=1094 us=5446 rss_peak_bytes=96567296
[measure] op=reserve-finalize count=1095 us=10182 rss_peak_bytes=96567296
[measure] op=delete count=1095 us=5759 rss_peak_bytes=96567296
[measure] op=reserve-finalize count=1096 us=9802 rss_peak_bytes=96583680
[measure] op=delete count=1096 us=5506 rss_peak_bytes=96583680
[measure] op=reserve-finalize count=1097 us=10026 rss_peak_bytes=96583680
[measure] op=delete count=1097 us=5949 rss_peak_bytes=96583680
[measure] op=reserve-finalize count=1098 us=9899 rss_peak_bytes=96583680
[measure] op=delete count=1098 us=5659 rss_peak_bytes=96583680
[measure] op=reserve-finalize count=1099 us=10472 rss_peak_bytes=96600064
[measure] op=delete count=1099 us=5758 rss_peak_bytes=96600064
[measure] op=reserve-finalize count=1100 us=10038 rss_peak_bytes=96600064
[measure] op=delete count=1100 us=5473 rss_peak_bytes=96600064
[measure] op=reserve-finalize count=1101 us=10120 rss_peak_bytes=96600064
[measure] op=delete count=1101 us=5677 rss_peak_bytes=96600064
[measure] op=reserve-finalize count=1102 us=9793 rss_peak_bytes=96600064
[measure] op=delete count=1102 us=5484 rss_peak_bytes=96600064
[measure] op=reserve-finalize count=1103 us=9932 rss_peak_bytes=96616448
[measure] op=delete count=1103 us=5507 rss_peak_bytes=96616448
[measure] op=reserve-finalize count=1104 us=10335 rss_peak_bytes=96616448
[measure] op=delete count=1104 us=5622 rss_peak_bytes=96616448
[measure] op=reserve-finalize count=1105 us=10078 rss_peak_bytes=96616448
[measure] op=delete count=1105 us=5588 rss_peak_bytes=96632832
[measure] op=reserve-finalize count=1106 us=10144 rss_peak_bytes=96632832
[measure] op=delete count=1106 us=5902 rss_peak_bytes=96632832
[measure] op=reserve-finalize count=1107 us=9958 rss_peak_bytes=96632832
[measure] op=delete count=1107 us=5531 rss_peak_bytes=96632832
[measure] op=reserve-finalize count=1108 us=10033 rss_peak_bytes=96632832
[measure] op=delete count=1108 us=5876 rss_peak_bytes=96632832
[measure] op=reserve-finalize count=1109 us=9971 rss_peak_bytes=96632832
[measure] op=delete count=1109 us=5790 rss_peak_bytes=96632832
[measure] op=reserve-finalize count=1110 us=10330 rss_peak_bytes=96632832
[measure] op=delete count=1110 us=5577 rss_peak_bytes=96632832
[measure] op=reserve-finalize count=1111 us=10101 rss_peak_bytes=96632832
[measure] op=delete count=1111 us=5696 rss_peak_bytes=96632832
[measure] op=reserve-finalize count=1112 us=9943 rss_peak_bytes=96632832
[measure] op=delete count=1112 us=5602 rss_peak_bytes=96632832
[measure] op=reserve-finalize count=1113 us=10018 rss_peak_bytes=96632832
[measure] op=delete count=1113 us=5762 rss_peak_bytes=96632832
[measure] op=reserve-finalize count=1114 us=10120 rss_peak_bytes=96632832
[measure] op=delete count=1114 us=204670 rss_peak_bytes=97304576
[measure] op=reserve-finalize count=1115 us=9955 rss_peak_bytes=97304576
[measure] op=delete count=1115 us=5541 rss_peak_bytes=97304576
[measure] op=reserve-finalize count=1116 us=10061 rss_peak_bytes=97304576
[measure] op=delete count=1116 us=5504 rss_peak_bytes=97304576
[measure] op=reserve-finalize count=1117 us=10041 rss_peak_bytes=97304576
[measure] op=delete count=1117 us=5539 rss_peak_bytes=97320960
[measure] op=reserve-finalize count=1118 us=9862 rss_peak_bytes=97320960
[measure] op=delete count=1118 us=5621 rss_peak_bytes=97320960
[measure] op=reserve-finalize count=1119 us=9850 rss_peak_bytes=97320960
[measure] op=delete count=1119 us=5396 rss_peak_bytes=97320960
[measure] op=reserve-finalize count=1120 us=9973 rss_peak_bytes=97320960
[measure] op=delete count=1120 us=5424 rss_peak_bytes=97320960
[child] exit=0 signal=0
[measure] op=incremental-native-observe count=4480 us=602096 rss_peak_bytes=97320960
[measure] op=reserve-finalize count=1121 us=10799 rss_peak_bytes=97320960
[measure] op=delete count=1121 us=5833 rss_peak_bytes=97337344
[measure] op=reserve-finalize count=1122 us=10236 rss_peak_bytes=97353728
[measure] op=delete count=1122 us=5661 rss_peak_bytes=97353728
[measure] op=reserve-finalize count=1123 us=9849 rss_peak_bytes=97353728
[measure] op=delete count=1123 us=5750 rss_peak_bytes=97353728
[measure] op=reserve-finalize count=1124 us=10241 rss_peak_bytes=97353728
[measure] op=delete count=1124 us=5511 rss_peak_bytes=97353728
[measure] op=reserve-finalize count=1125 us=9973 rss_peak_bytes=97353728
[measure] op=delete count=1125 us=5550 rss_peak_bytes=97370112
[measure] op=reserve-finalize count=1126 us=10075 rss_peak_bytes=97370112
[measure] op=delete count=1126 us=5589 rss_peak_bytes=97370112
[measure] op=reserve-finalize count=1127 us=9940 rss_peak_bytes=97370112
[measure] op=delete count=1127 us=5808 rss_peak_bytes=97370112
[measure] op=reserve-finalize count=1128 us=10211 rss_peak_bytes=97370112
[measure] op=delete count=1128 us=5354 rss_peak_bytes=97370112
[measure] op=reserve-finalize count=1129 us=10052 rss_peak_bytes=97370112
[measure] op=delete count=1129 us=5475 rss_peak_bytes=97370112
[measure] op=reserve-finalize count=1130 us=10092 rss_peak_bytes=97386496
[measure] op=delete count=1130 us=5738 rss_peak_bytes=97386496
[measure] op=reserve-finalize count=1131 us=10044 rss_peak_bytes=97386496
[measure] op=delete count=1131 us=5682 rss_peak_bytes=97386496
[measure] op=reserve-finalize count=1132 us=10128 rss_peak_bytes=97386496
[measure] op=delete count=1132 us=5607 rss_peak_bytes=97386496
[measure] op=reserve-finalize count=1133 us=9788 rss_peak_bytes=97386496
[measure] op=delete count=1133 us=5617 rss_peak_bytes=97419264
[measure] op=reserve-finalize count=1134 us=10029 rss_peak_bytes=97419264
[measure] op=delete count=1134 us=5421 rss_peak_bytes=97419264
[measure] op=reserve-finalize count=1135 us=9990 rss_peak_bytes=97435648
[measure] op=delete count=1135 us=5592 rss_peak_bytes=97435648
[measure] op=reserve-finalize count=1136 us=9934 rss_peak_bytes=97435648
[measure] op=delete count=1136 us=5484 rss_peak_bytes=97435648
[measure] op=reserve-finalize count=1137 us=9805 rss_peak_bytes=97435648
[measure] op=delete count=1137 us=5308 rss_peak_bytes=97435648
[measure] op=reserve-finalize count=1138 us=9943 rss_peak_bytes=97435648
[measure] op=delete count=1138 us=5380 rss_peak_bytes=97435648
[measure] op=reserve-finalize count=1139 us=9807 rss_peak_bytes=97435648
[measure] op=delete count=1139 us=5819 rss_peak_bytes=97452032
[measure] op=reserve-finalize count=1140 us=9877 rss_peak_bytes=97452032
[measure] op=delete count=1140 us=5779 rss_peak_bytes=97452032
[measure] op=reserve-finalize count=1141 us=9962 rss_peak_bytes=97468416
[measure] op=delete count=1141 us=5562 rss_peak_bytes=97468416
[measure] op=reserve-finalize count=1142 us=10103 rss_peak_bytes=97468416
[measure] op=delete count=1142 us=5421 rss_peak_bytes=97468416
[measure] op=reserve-finalize count=1143 us=9920 rss_peak_bytes=97468416
[measure] op=delete count=1143 us=5599 rss_peak_bytes=97468416
[measure] op=reserve-finalize count=1144 us=9946 rss_peak_bytes=97468416
[measure] op=delete count=1144 us=5455 rss_peak_bytes=97468416
[measure] op=reserve-finalize count=1145 us=9866 rss_peak_bytes=97468416
[measure] op=delete count=1145 us=5566 rss_peak_bytes=97484800
[measure] op=reserve-finalize count=1146 us=10219 rss_peak_bytes=97484800
[measure] op=delete count=1146 us=5602 rss_peak_bytes=97484800
[measure] op=reserve-finalize count=1147 us=9944 rss_peak_bytes=97484800
[measure] op=delete count=1147 us=5572 rss_peak_bytes=97484800
[measure] op=reserve-finalize count=1148 us=9984 rss_peak_bytes=97501184
[measure] op=delete count=1148 us=5369 rss_peak_bytes=97501184
[measure] op=reserve-finalize count=1149 us=10119 rss_peak_bytes=97501184
[measure] op=delete count=1149 us=5639 rss_peak_bytes=97501184
[measure] op=reserve-finalize count=1150 us=9817 rss_peak_bytes=97501184
[measure] op=delete count=1150 us=5459 rss_peak_bytes=97501184
[measure] op=reserve-finalize count=1151 us=10043 rss_peak_bytes=97501184
[measure] op=delete count=1151 us=5728 rss_peak_bytes=97517568
[measure] op=reserve-finalize count=1152 us=10030 rss_peak_bytes=97517568
[measure] op=delete count=1152 us=5452 rss_peak_bytes=97517568
[child] exit=0 signal=0
[measure] op=incremental-native-observe count=4608 us=641976 rss_peak_bytes=97517568
[measure] op=reserve-finalize count=1153 us=10812 rss_peak_bytes=97517568
[measure] op=delete count=1153 us=5724 rss_peak_bytes=97533952
[measure] op=reserve-finalize count=1154 us=10341 rss_peak_bytes=97533952
[measure] op=delete count=1154 us=5688 rss_peak_bytes=97533952
[measure] op=reserve-finalize count=1155 us=10147 rss_peak_bytes=97533952
[measure] op=delete count=1155 us=5498 rss_peak_bytes=97533952
[measure] op=reserve-finalize count=1156 us=10067 rss_peak_bytes=97533952
[measure] op=delete count=1156 us=5469 rss_peak_bytes=97533952
[measure] op=reserve-finalize count=1157 us=9991 rss_peak_bytes=97533952
[measure] op=delete count=1157 us=5570 rss_peak_bytes=97550336
[measure] op=reserve-finalize count=1158 us=10338 rss_peak_bytes=97550336
[measure] op=delete count=1158 us=5752 rss_peak_bytes=97550336
[measure] op=reserve-finalize count=1159 us=10125 rss_peak_bytes=97550336
[measure] op=delete count=1159 us=5632 rss_peak_bytes=97550336
[measure] op=reserve-finalize count=1160 us=10069 rss_peak_bytes=97550336
[measure] op=delete count=1160 us=5388 rss_peak_bytes=97550336
[measure] op=reserve-finalize count=1161 us=10046 rss_peak_bytes=97550336
[measure] op=delete count=1161 us=5415 rss_peak_bytes=97566720
[measure] op=reserve-finalize count=1162 us=10034 rss_peak_bytes=97566720
[measure] op=delete count=1162 us=5759 rss_peak_bytes=97566720
[measure] op=reserve-finalize count=1163 us=10023 rss_peak_bytes=97566720
[measure] op=delete count=1163 us=5728 rss_peak_bytes=97566720
[measure] op=reserve-finalize count=1164 us=10073 rss_peak_bytes=97566720
[measure] op=delete count=1164 us=5503 rss_peak_bytes=97566720
[measure] op=reserve-finalize count=1165 us=10407 rss_peak_bytes=97566720
[measure] op=delete count=1165 us=5694 rss_peak_bytes=97566720
[measure] op=reserve-finalize count=1166 us=10110 rss_peak_bytes=97566720
[measure] op=delete count=1166 us=5664 rss_peak_bytes=97566720
[measure] op=reserve-finalize count=1167 us=9955 rss_peak_bytes=97583104
[measure] op=delete count=1167 us=5737 rss_peak_bytes=97599488
[measure] op=reserve-finalize count=1168 us=9912 rss_peak_bytes=97599488
[measure] op=delete count=1168 us=5708 rss_peak_bytes=97599488
[measure] op=reserve-finalize count=1169 us=9845 rss_peak_bytes=97599488
[measure] op=delete count=1169 us=5575 rss_peak_bytes=97599488
[measure] op=reserve-finalize count=1170 us=9994 rss_peak_bytes=97599488
[measure] op=delete count=1170 us=5437 rss_peak_bytes=97599488
[measure] op=reserve-finalize count=1171 us=9775 rss_peak_bytes=97599488
[measure] op=delete count=1171 us=5529 rss_peak_bytes=97599488
[measure] op=reserve-finalize count=1172 us=10021 rss_peak_bytes=97615872
[measure] op=delete count=1172 us=5537 rss_peak_bytes=97615872
[measure] op=reserve-finalize count=1173 us=10041 rss_peak_bytes=97632256
[measure] op=delete count=1173 us=5607 rss_peak_bytes=97632256
[measure] op=reserve-finalize count=1174 us=10132 rss_peak_bytes=97632256
[measure] op=delete count=1174 us=5516 rss_peak_bytes=97632256
[measure] op=reserve-finalize count=1175 us=10032 rss_peak_bytes=97632256
[measure] op=delete count=1175 us=5477 rss_peak_bytes=97648640
[measure] op=reserve-finalize count=1176 us=9684 rss_peak_bytes=97648640
[measure] op=delete count=1176 us=5362 rss_peak_bytes=97648640
[measure] op=reserve-finalize count=1177 us=9668 rss_peak_bytes=97648640
[measure] op=delete count=1177 us=5357 rss_peak_bytes=97665024
[measure] op=reserve-finalize count=1178 us=9956 rss_peak_bytes=97665024
[measure] op=delete count=1178 us=5640 rss_peak_bytes=97665024
[measure] op=reserve-finalize count=1179 us=10112 rss_peak_bytes=97665024
[measure] op=delete count=1179 us=5509 rss_peak_bytes=97665024
[measure] op=reserve-finalize count=1180 us=10220 rss_peak_bytes=97665024
[measure] op=delete count=1180 us=5539 rss_peak_bytes=97665024
[measure] op=reserve-finalize count=1181 us=9995 rss_peak_bytes=97665024
[measure] op=delete count=1181 us=5649 rss_peak_bytes=97665024
[measure] op=reserve-finalize count=1182 us=9973 rss_peak_bytes=97665024
[measure] op=delete count=1182 us=5565 rss_peak_bytes=97665024
[measure] op=reserve-finalize count=1183 us=10104 rss_peak_bytes=97665024
[measure] op=delete count=1183 us=5754 rss_peak_bytes=97681408
[measure] op=reserve-finalize count=1184 us=9889 rss_peak_bytes=97697792
[measure] op=delete count=1184 us=5558 rss_peak_bytes=97697792
[child] exit=0 signal=0
[measure] op=incremental-native-observe count=4736 us=683894 rss_peak_bytes=97697792
[measure] op=reserve-finalize count=1185 us=10880 rss_peak_bytes=97697792
[measure] op=delete count=1185 us=5804 rss_peak_bytes=97697792
[measure] op=reserve-finalize count=1186 us=10035 rss_peak_bytes=97697792
[measure] op=delete count=1186 us=5730 rss_peak_bytes=97697792
[measure] op=reserve-finalize count=1187 us=9967 rss_peak_bytes=97697792
[measure] op=delete count=1187 us=5508 rss_peak_bytes=97697792
[measure] op=reserve-finalize count=1188 us=9906 rss_peak_bytes=97697792
[measure] op=delete count=1188 us=5539 rss_peak_bytes=97697792
[measure] op=reserve-finalize count=1189 us=9998 rss_peak_bytes=97697792
[measure] op=delete count=1189 us=5545 rss_peak_bytes=97730560
[measure] op=reserve-finalize count=1190 us=10036 rss_peak_bytes=97746944
[measure] op=delete count=1190 us=5629 rss_peak_bytes=97746944
[measure] op=reserve-finalize count=1191 us=9953 rss_peak_bytes=97746944
[measure] op=delete count=1191 us=5647 rss_peak_bytes=97746944
[measure] op=reserve-finalize count=1192 us=10088 rss_peak_bytes=97746944
[measure] op=delete count=1192 us=5759 rss_peak_bytes=97746944
[measure] op=reserve-finalize count=1193 us=10053 rss_peak_bytes=97763328
[measure] op=delete count=1193 us=5761 rss_peak_bytes=97763328
[measure] op=reserve-finalize count=1194 us=9762 rss_peak_bytes=97763328
[measure] op=delete count=1194 us=5601 rss_peak_bytes=97779712
[measure] op=reserve-finalize count=1195 us=10069 rss_peak_bytes=97779712
[measure] op=delete count=1195 us=5963 rss_peak_bytes=97779712
[measure] op=reserve-finalize count=1196 us=10255 rss_peak_bytes=97779712
[measure] op=delete count=1196 us=5704 rss_peak_bytes=97779712
[measure] op=reserve-finalize count=1197 us=10035 rss_peak_bytes=97779712
[measure] op=delete count=1197 us=5790 rss_peak_bytes=97796096
[measure] op=reserve-finalize count=1198 us=10072 rss_peak_bytes=97796096
[measure] op=delete count=1198 us=5428 rss_peak_bytes=97796096
[measure] op=reserve-finalize count=1199 us=10008 rss_peak_bytes=97812480
[measure] op=delete count=1199 us=5727 rss_peak_bytes=97812480
[measure] op=reserve-finalize count=1200 us=9854 rss_peak_bytes=97812480
[measure] op=delete count=1200 us=5444 rss_peak_bytes=97812480
[measure] op=reserve-finalize count=1201 us=9957 rss_peak_bytes=97812480
[measure] op=delete count=1201 us=6059 rss_peak_bytes=97812480
[measure] op=reserve-finalize count=1202 us=9811 rss_peak_bytes=97812480
[measure] op=delete count=1202 us=5647 rss_peak_bytes=97812480
[measure] op=reserve-finalize count=1203 us=9974 rss_peak_bytes=97828864
[measure] op=delete count=1203 us=5380 rss_peak_bytes=97828864
[measure] op=reserve-finalize count=1204 us=9870 rss_peak_bytes=97828864
[measure] op=delete count=1204 us=5414 rss_peak_bytes=97828864
[measure] op=reserve-finalize count=1205 us=9824 rss_peak_bytes=97828864
[measure] op=delete count=1205 us=5645 rss_peak_bytes=97828864
[measure] op=reserve-finalize count=1206 us=9798 rss_peak_bytes=97828864
[measure] op=delete count=1206 us=5622 rss_peak_bytes=97828864
[measure] op=reserve-finalize count=1207 us=9934 rss_peak_bytes=97828864
[measure] op=delete count=1207 us=5423 rss_peak_bytes=97845248
[measure] op=reserve-finalize count=1208 us=9938 rss_peak_bytes=97845248
[measure] op=delete count=1208 us=218932 rss_peak_bytes=100433920
[measure] op=reserve-finalize count=1209 us=10089 rss_peak_bytes=100433920
[measure] op=delete count=1209 us=5552 rss_peak_bytes=100433920
[measure] op=reserve-finalize count=1210 us=9811 rss_peak_bytes=100433920
[measure] op=delete count=1210 us=5423 rss_peak_bytes=100433920
[measure] op=reserve-finalize count=1211 us=10057 rss_peak_bytes=100433920
[measure] op=delete count=1211 us=5791 rss_peak_bytes=100450304
[measure] op=reserve-finalize count=1212 us=9940 rss_peak_bytes=100450304
[measure] op=delete count=1212 us=5652 rss_peak_bytes=100450304
[measure] op=reserve-finalize count=1213 us=10053 rss_peak_bytes=100450304
[measure] op=delete count=1213 us=5577 rss_peak_bytes=100450304
[measure] op=reserve-finalize count=1214 us=10100 rss_peak_bytes=100450304
[measure] op=delete count=1214 us=5426 rss_peak_bytes=100450304
[measure] op=reserve-finalize count=1215 us=9803 rss_peak_bytes=100450304
[measure] op=delete count=1215 us=5490 rss_peak_bytes=100450304
[measure] op=reserve-finalize count=1216 us=9881 rss_peak_bytes=100450304
[measure] op=delete count=1216 us=5637 rss_peak_bytes=100450304
[child] exit=0 signal=0
[measure] op=incremental-native-observe count=4864 us=634280 rss_peak_bytes=100450304
[measure] op=reserve-finalize count=1217 us=10773 rss_peak_bytes=100466688
[measure] op=delete count=1217 us=5729 rss_peak_bytes=100466688
[measure] op=reserve-finalize count=1218 us=10226 rss_peak_bytes=100466688
[measure] op=delete count=1218 us=5538 rss_peak_bytes=100466688
[measure] op=reserve-finalize count=1219 us=10235 rss_peak_bytes=100466688
[measure] op=delete count=1219 us=5623 rss_peak_bytes=100466688
[measure] op=reserve-finalize count=1220 us=10034 rss_peak_bytes=100466688
[measure] op=delete count=1220 us=5597 rss_peak_bytes=100466688
[measure] op=reserve-finalize count=1221 us=10103 rss_peak_bytes=100466688
[measure] op=delete count=1221 us=5529 rss_peak_bytes=100466688
[measure] op=reserve-finalize count=1222 us=9953 rss_peak_bytes=100466688
[measure] op=delete count=1222 us=5492 rss_peak_bytes=100466688
[measure] op=reserve-finalize count=1223 us=10194 rss_peak_bytes=100466688
[measure] op=delete count=1223 us=5532 rss_peak_bytes=100483072
[measure] op=reserve-finalize count=1224 us=9981 rss_peak_bytes=100499456
[measure] op=delete count=1224 us=5540 rss_peak_bytes=100499456
[measure] op=reserve-finalize count=1225 us=9813 rss_peak_bytes=100499456
[measure] op=delete count=1225 us=5765 rss_peak_bytes=100515840
[measure] op=reserve-finalize count=1226 us=10115 rss_peak_bytes=100532224
[measure] op=delete count=1226 us=5715 rss_peak_bytes=100532224
[measure] op=reserve-finalize count=1227 us=10146 rss_peak_bytes=100532224
[measure] op=delete count=1227 us=5590 rss_peak_bytes=100548608
[measure] op=reserve-finalize count=1228 us=10138 rss_peak_bytes=100548608
[measure] op=delete count=1228 us=5619 rss_peak_bytes=100548608
[measure] op=reserve-finalize count=1229 us=10277 rss_peak_bytes=100548608
[measure] op=delete count=1229 us=5649 rss_peak_bytes=100548608
[measure] op=reserve-finalize count=1230 us=10149 rss_peak_bytes=100548608
[measure] op=delete count=1230 us=5754 rss_peak_bytes=100548608
[measure] op=reserve-finalize count=1231 us=9884 rss_peak_bytes=100564992
[measure] op=delete count=1231 us=5668 rss_peak_bytes=100581376
[measure] op=reserve-finalize count=1232 us=9944 rss_peak_bytes=100581376
[measure] op=delete count=1232 us=5375 rss_peak_bytes=100581376
[measure] op=reserve-finalize count=1233 us=9936 rss_peak_bytes=100581376
[measure] op=delete count=1233 us=5504 rss_peak_bytes=100581376
[measure] op=reserve-finalize count=1234 us=9927 rss_peak_bytes=100581376
[measure] op=delete count=1234 us=5572 rss_peak_bytes=100581376
[measure] op=reserve-finalize count=1235 us=9846 rss_peak_bytes=100581376
[measure] op=delete count=1235 us=5594 rss_peak_bytes=100581376
[measure] op=reserve-finalize count=1236 us=9854 rss_peak_bytes=100581376
[measure] op=delete count=1236 us=5375 rss_peak_bytes=100581376
[measure] op=reserve-finalize count=1237 us=9744 rss_peak_bytes=100581376
[measure] op=delete count=1237 us=5595 rss_peak_bytes=100597760
[measure] op=reserve-finalize count=1238 us=9980 rss_peak_bytes=100597760
[measure] op=delete count=1238 us=5609 rss_peak_bytes=100597760
[measure] op=reserve-finalize count=1239 us=10110 rss_peak_bytes=100597760
[measure] op=delete count=1239 us=5555 rss_peak_bytes=100597760
[measure] op=reserve-finalize count=1240 us=9900 rss_peak_bytes=100597760
[measure] op=delete count=1240 us=5531 rss_peak_bytes=100597760
[measure] op=reserve-finalize count=1241 us=9915 rss_peak_bytes=100597760
[measure] op=delete count=1241 us=5502 rss_peak_bytes=100614144
[measure] op=reserve-finalize count=1242 us=9796 rss_peak_bytes=100614144
[measure] op=delete count=1242 us=5534 rss_peak_bytes=100614144
[measure] op=reserve-finalize count=1243 us=9939 rss_peak_bytes=100614144
[measure] op=delete count=1243 us=5708 rss_peak_bytes=100614144
[measure] op=reserve-finalize count=1244 us=9905 rss_peak_bytes=100614144
[measure] op=delete count=1244 us=5439 rss_peak_bytes=100614144
[measure] op=reserve-finalize count=1245 us=10097 rss_peak_bytes=100630528
[measure] op=delete count=1245 us=5672 rss_peak_bytes=100630528
[measure] op=reserve-finalize count=1246 us=9886 rss_peak_bytes=100630528
[measure] op=delete count=1246 us=5509 rss_peak_bytes=100646912
[measure] op=reserve-finalize count=1247 us=9786 rss_peak_bytes=100646912
[measure] op=delete count=1247 us=5389 rss_peak_bytes=100646912
[measure] op=reserve-finalize count=1248 us=9857 rss_peak_bytes=100646912
[measure] op=delete count=1248 us=5527 rss_peak_bytes=100646912
[child] exit=0 signal=0
[measure] op=incremental-native-observe count=4992 us=674522 rss_peak_bytes=100663296
[measure] op=reserve-finalize count=1249 us=10456 rss_peak_bytes=100663296
[measure] op=delete count=1249 us=5632 rss_peak_bytes=100679680
[measure] op=reserve-finalize count=1250 us=10522 rss_peak_bytes=100679680
[measure] op=delete count=1250 us=5685 rss_peak_bytes=100679680
[measure] op=reserve-finalize count=1251 us=9967 rss_peak_bytes=100679680
[measure] op=delete count=1251 us=5731 rss_peak_bytes=100679680
[measure] op=reserve-finalize count=1252 us=10033 rss_peak_bytes=100679680
[measure] op=delete count=1252 us=5654 rss_peak_bytes=100679680
[measure] op=reserve-finalize count=1253 us=9893 rss_peak_bytes=100679680
[measure] op=delete count=1253 us=5525 rss_peak_bytes=100696064
[measure] op=reserve-finalize count=1254 us=10077 rss_peak_bytes=100696064
[measure] op=delete count=1254 us=5627 rss_peak_bytes=100696064
[measure] op=reserve-finalize count=1255 us=10034 rss_peak_bytes=100696064
[measure] op=delete count=1255 us=5569 rss_peak_bytes=100696064
[measure] op=reserve-finalize count=1256 us=10144 rss_peak_bytes=100696064
[measure] op=delete count=1256 us=5468 rss_peak_bytes=100696064
[measure] op=reserve-finalize count=1257 us=9771 rss_peak_bytes=100696064
[measure] op=delete count=1257 us=5478 rss_peak_bytes=100696064
[measure] op=reserve-finalize count=1258 us=10096 rss_peak_bytes=100696064
[measure] op=delete count=1258 us=5637 rss_peak_bytes=100696064
[measure] op=reserve-finalize count=1259 us=9943 rss_peak_bytes=100712448
[measure] op=delete count=1259 us=5752 rss_peak_bytes=100712448
[measure] op=reserve-finalize count=1260 us=10087 rss_peak_bytes=100712448
[measure] op=delete count=1260 us=5491 rss_peak_bytes=100712448
[measure] op=reserve-finalize count=1261 us=10068 rss_peak_bytes=100712448
[measure] op=delete count=1261 us=5683 rss_peak_bytes=100728832
[measure] op=reserve-finalize count=1262 us=9850 rss_peak_bytes=100728832
[measure] op=delete count=1262 us=5400 rss_peak_bytes=100728832
[measure] op=reserve-finalize count=1263 us=9878 rss_peak_bytes=100745216
[measure] op=delete count=1263 us=5555 rss_peak_bytes=100761600
[measure] op=reserve-finalize count=1264 us=9913 rss_peak_bytes=100761600
[measure] op=delete count=1264 us=5520 rss_peak_bytes=100761600
[measure] op=reserve-finalize count=1265 us=9913 rss_peak_bytes=100761600
[measure] op=delete count=1265 us=5295 rss_peak_bytes=100761600
[measure] op=reserve-finalize count=1266 us=10017 rss_peak_bytes=100761600
[measure] op=delete count=1266 us=5493 rss_peak_bytes=100761600
[measure] op=reserve-finalize count=1267 us=9741 rss_peak_bytes=100761600
[measure] op=delete count=1267 us=5874 rss_peak_bytes=100761600
[measure] op=reserve-finalize count=1268 us=9896 rss_peak_bytes=100777984
[measure] op=delete count=1268 us=5535 rss_peak_bytes=100777984
[measure] op=reserve-finalize count=1269 us=9893 rss_peak_bytes=100794368
[measure] op=delete count=1269 us=5829 rss_peak_bytes=100794368
[measure] op=reserve-finalize count=1270 us=9927 rss_peak_bytes=100810752
[measure] op=delete count=1270 us=5687 rss_peak_bytes=100810752
[measure] op=reserve-finalize count=1271 us=9957 rss_peak_bytes=100810752
[measure] op=delete count=1271 us=5484 rss_peak_bytes=100810752
[measure] op=reserve-finalize count=1272 us=10090 rss_peak_bytes=100810752
[measure] op=delete count=1272 us=5515 rss_peak_bytes=100810752
[measure] op=reserve-finalize count=1273 us=9840 rss_peak_bytes=100827136
[measure] op=delete count=1273 us=5461 rss_peak_bytes=100827136
[measure] op=reserve-finalize count=1274 us=10091 rss_peak_bytes=100827136
[measure] op=delete count=1274 us=5658 rss_peak_bytes=100827136
[measure] op=reserve-finalize count=1275 us=10054 rss_peak_bytes=100843520
[measure] op=delete count=1275 us=5476 rss_peak_bytes=100843520
[measure] op=reserve-finalize count=1276 us=10212 rss_peak_bytes=100843520
[measure] op=delete count=1276 us=5410 rss_peak_bytes=100843520
[measure] op=reserve-finalize count=1277 us=10084 rss_peak_bytes=100843520
[measure] op=delete count=1277 us=5492 rss_peak_bytes=100859904
[measure] op=reserve-finalize count=1278 us=9769 rss_peak_bytes=100859904
[measure] op=delete count=1278 us=5471 rss_peak_bytes=100859904
[measure] op=reserve-finalize count=1279 us=9742 rss_peak_bytes=100859904
[measure] op=delete count=1279 us=5474 rss_peak_bytes=100859904
[measure] op=reserve-finalize count=1280 us=9871 rss_peak_bytes=100859904
[measure] op=delete count=1280 us=5503 rss_peak_bytes=100859904
[child] exit=0 signal=0
[measure] op=incremental-native-observe count=5120 us=719683 rss_peak_bytes=100859904
[measure] op=reserve-finalize count=1281 us=10589 rss_peak_bytes=100859904
[measure] op=delete count=1281 us=6033 rss_peak_bytes=100876288
[measure] op=reserve-finalize count=1282 us=10153 rss_peak_bytes=100876288
[measure] op=delete count=1282 us=5567 rss_peak_bytes=100876288
[measure] op=reserve-finalize count=1283 us=9933 rss_peak_bytes=100876288
[measure] op=delete count=1283 us=5883 rss_peak_bytes=100876288
[measure] op=reserve-finalize count=1284 us=10069 rss_peak_bytes=100876288
[measure] op=delete count=1284 us=5891 rss_peak_bytes=100876288
[measure] op=reserve-finalize count=1285 us=10016 rss_peak_bytes=100876288
[measure] op=delete count=1285 us=5608 rss_peak_bytes=100876288
[measure] op=reserve-finalize count=1286 us=10199 rss_peak_bytes=100892672
[measure] op=delete count=1286 us=5634 rss_peak_bytes=100892672
[measure] op=reserve-finalize count=1287 us=9996 rss_peak_bytes=100892672
[measure] op=delete count=1287 us=5360 rss_peak_bytes=100892672
[measure] op=reserve-finalize count=1288 us=10039 rss_peak_bytes=100892672
[measure] op=delete count=1288 us=5582 rss_peak_bytes=100892672
[measure] op=reserve-finalize count=1289 us=9913 rss_peak_bytes=100909056
[measure] op=delete count=1289 us=5664 rss_peak_bytes=100925440
[measure] op=reserve-finalize count=1290 us=9844 rss_peak_bytes=100925440
[measure] op=delete count=1290 us=5395 rss_peak_bytes=100925440
[measure] op=reserve-finalize count=1291 us=9979 rss_peak_bytes=100925440
[measure] op=delete count=1291 us=5723 rss_peak_bytes=100925440
[measure] op=reserve-finalize count=1292 us=10045 rss_peak_bytes=100925440
[measure] op=delete count=1292 us=5578 rss_peak_bytes=100925440
[measure] op=reserve-finalize count=1293 us=9993 rss_peak_bytes=100925440
[measure] op=delete count=1293 us=5483 rss_peak_bytes=100925440
[measure] op=reserve-finalize count=1294 us=9958 rss_peak_bytes=100925440
[measure] op=delete count=1294 us=5663 rss_peak_bytes=100925440
[measure] op=reserve-finalize count=1295 us=9972 rss_peak_bytes=100925440
[measure] op=delete count=1295 us=5475 rss_peak_bytes=100925440
[measure] op=reserve-finalize count=1296 us=9914 rss_peak_bytes=100925440
[measure] op=delete count=1296 us=5551 rss_peak_bytes=100925440
[measure] op=reserve-finalize count=1297 us=9820 rss_peak_bytes=100925440
[measure] op=delete count=1297 us=5778 rss_peak_bytes=100925440
[measure] op=reserve-finalize count=1298 us=9923 rss_peak_bytes=100925440
[measure] op=delete count=1298 us=5500 rss_peak_bytes=100925440
[measure] op=reserve-finalize count=1299 us=9804 rss_peak_bytes=100925440
[measure] op=delete count=1299 us=5660 rss_peak_bytes=100925440
[measure] op=reserve-finalize count=1300 us=10006 rss_peak_bytes=100925440
[measure] op=delete count=1300 us=5876 rss_peak_bytes=100925440
[measure] op=reserve-finalize count=1301 us=10016 rss_peak_bytes=100925440
[measure] op=delete count=1301 us=5835 rss_peak_bytes=100925440
[measure] op=reserve-finalize count=1302 us=10122 rss_peak_bytes=100925440
[measure] op=delete count=1302 us=237257 rss_peak_bytes=102039552
[measure] op=reserve-finalize count=1303 us=10042 rss_peak_bytes=102039552
[measure] op=delete count=1303 us=5765 rss_peak_bytes=102072320
[measure] op=reserve-finalize count=1304 us=10218 rss_peak_bytes=102072320
[measure] op=delete count=1304 us=5568 rss_peak_bytes=102072320
[measure] op=reserve-finalize count=1305 us=9964 rss_peak_bytes=102072320
[measure] op=delete count=1305 us=5541 rss_peak_bytes=102072320
[measure] op=reserve-finalize count=1306 us=9798 rss_peak_bytes=102072320
[measure] op=delete count=1306 us=5492 rss_peak_bytes=102072320
[measure] op=reserve-finalize count=1307 us=9804 rss_peak_bytes=102072320
[measure] op=delete count=1307 us=5512 rss_peak_bytes=102072320
[measure] op=reserve-finalize count=1308 us=10265 rss_peak_bytes=102088704
[measure] op=delete count=1308 us=5386 rss_peak_bytes=102088704
[measure] op=reserve-finalize count=1309 us=10041 rss_peak_bytes=102088704
[measure] op=delete count=1309 us=5580 rss_peak_bytes=102088704
[measure] op=reserve-finalize count=1310 us=9975 rss_peak_bytes=102088704
[measure] op=delete count=1310 us=5653 rss_peak_bytes=102088704
[measure] op=reserve-finalize count=1311 us=10098 rss_peak_bytes=102105088
[measure] op=delete count=1311 us=5449 rss_peak_bytes=102105088
[measure] op=reserve-finalize count=1312 us=10051 rss_peak_bytes=102105088
[measure] op=delete count=1312 us=5474 rss_peak_bytes=102105088
[child] exit=0 signal=0
[measure] op=incremental-native-observe count=5248 us=671924 rss_peak_bytes=102105088
[measure] op=reserve-finalize count=1313 us=10340 rss_peak_bytes=102105088
[measure] op=delete count=1313 us=5541 rss_peak_bytes=102121472
[measure] op=reserve-finalize count=1314 us=10687 rss_peak_bytes=102121472
[measure] op=delete count=1314 us=5475 rss_peak_bytes=102121472
[measure] op=reserve-finalize count=1315 us=10151 rss_peak_bytes=102121472
[measure] op=delete count=1315 us=5726 rss_peak_bytes=102121472
[measure] op=reserve-finalize count=1316 us=10213 rss_peak_bytes=102121472
[measure] op=delete count=1316 us=5715 rss_peak_bytes=102121472
[measure] op=reserve-finalize count=1317 us=9954 rss_peak_bytes=102121472
[measure] op=delete count=1317 us=5682 rss_peak_bytes=102137856
[measure] op=reserve-finalize count=1318 us=10053 rss_peak_bytes=102137856
[measure] op=delete count=1318 us=5526 rss_peak_bytes=102137856
[measure] op=reserve-finalize count=1319 us=9868 rss_peak_bytes=102137856
[measure] op=delete count=1319 us=5671 rss_peak_bytes=102137856
[measure] op=reserve-finalize count=1320 us=10091 rss_peak_bytes=102137856
[measure] op=delete count=1320 us=5571 rss_peak_bytes=102137856
[measure] op=reserve-finalize count=1321 us=9887 rss_peak_bytes=102137856
[measure] op=delete count=1321 us=5868 rss_peak_bytes=102137856
[measure] op=reserve-finalize count=1322 us=10154 rss_peak_bytes=102154240
[measure] op=delete count=1322 us=5582 rss_peak_bytes=102154240
[measure] op=reserve-finalize count=1323 us=9979 rss_peak_bytes=102154240
[measure] op=delete count=1323 us=5368 rss_peak_bytes=102154240
[measure] op=reserve-finalize count=1324 us=10022 rss_peak_bytes=102154240
[measure] op=delete count=1324 us=5917 rss_peak_bytes=102154240
[measure] op=reserve-finalize count=1325 us=10076 rss_peak_bytes=102154240
[measure] op=delete count=1325 us=5694 rss_peak_bytes=102154240
[measure] op=reserve-finalize count=1326 us=10055 rss_peak_bytes=102170624
[measure] op=delete count=1326 us=5556 rss_peak_bytes=102170624
[measure] op=reserve-finalize count=1327 us=9945 rss_peak_bytes=102187008
[measure] op=delete count=1327 us=5722 rss_peak_bytes=102187008
[measure] op=reserve-finalize count=1328 us=10057 rss_peak_bytes=102203392
[measure] op=delete count=1328 us=5652 rss_peak_bytes=102203392
[measure] op=reserve-finalize count=1329 us=10032 rss_peak_bytes=102203392
[measure] op=delete count=1329 us=5856 rss_peak_bytes=102203392
[measure] op=reserve-finalize count=1330 us=9859 rss_peak_bytes=102203392
[measure] op=delete count=1330 us=5916 rss_peak_bytes=102219776
[measure] op=reserve-finalize count=1331 us=9917 rss_peak_bytes=102219776
[measure] op=delete count=1331 us=5819 rss_peak_bytes=102219776
[measure] op=reserve-finalize count=1332 us=9937 rss_peak_bytes=102219776
[measure] op=delete count=1332 us=5542 rss_peak_bytes=102219776
[measure] op=reserve-finalize count=1333 us=10029 rss_peak_bytes=102219776
[measure] op=delete count=1333 us=5647 rss_peak_bytes=102236160
[measure] op=reserve-finalize count=1334 us=9823 rss_peak_bytes=102252544
[measure] op=delete count=1334 us=5488 rss_peak_bytes=102252544
[measure] op=reserve-finalize count=1335 us=10083 rss_peak_bytes=102252544
[measure] op=delete count=1335 us=5743 rss_peak_bytes=102252544
[measure] op=reserve-finalize count=1336 us=10189 rss_peak_bytes=102252544
[measure] op=delete count=1336 us=5520 rss_peak_bytes=102252544
[measure] op=reserve-finalize count=1337 us=10214 rss_peak_bytes=102252544
[measure] op=delete count=1337 us=5429 rss_peak_bytes=102252544
[measure] op=reserve-finalize count=1338 us=9972 rss_peak_bytes=102252544
[measure] op=delete count=1338 us=5656 rss_peak_bytes=102252544
[measure] op=reserve-finalize count=1339 us=9838 rss_peak_bytes=102252544
[measure] op=delete count=1339 us=5634 rss_peak_bytes=102268928
[measure] op=reserve-finalize count=1340 us=9946 rss_peak_bytes=102268928
[measure] op=delete count=1340 us=5463 rss_peak_bytes=102268928
[measure] op=reserve-finalize count=1341 us=9912 rss_peak_bytes=102268928
[measure] op=delete count=1341 us=5653 rss_peak_bytes=102268928
[measure] op=reserve-finalize count=1342 us=9957 rss_peak_bytes=102268928
[measure] op=delete count=1342 us=5598 rss_peak_bytes=102268928
[measure] op=reserve-finalize count=1343 us=10240 rss_peak_bytes=102268928
[measure] op=delete count=1343 us=5456 rss_peak_bytes=102285312
[measure] op=reserve-finalize count=1344 us=9901 rss_peak_bytes=102285312
[measure] op=delete count=1344 us=5380 rss_peak_bytes=102285312
[child] exit=0 signal=0
[measure] op=incremental-native-observe count=5376 us=711199 rss_peak_bytes=102285312
[measure] op=reserve-finalize count=1345 us=10682 rss_peak_bytes=102285312
[measure] op=delete count=1345 us=5739 rss_peak_bytes=102285312
[measure] op=reserve-finalize count=1346 us=10381 rss_peak_bytes=102285312
[measure] op=delete count=1346 us=5624 rss_peak_bytes=102285312
[measure] op=reserve-finalize count=1347 us=10210 rss_peak_bytes=102285312
[measure] op=delete count=1347 us=5825 rss_peak_bytes=102285312
[measure] op=reserve-finalize count=1348 us=10144 rss_peak_bytes=102285312
[measure] op=delete count=1348 us=5811 rss_peak_bytes=102285312
[measure] op=reserve-finalize count=1349 us=10127 rss_peak_bytes=102285312
[measure] op=delete count=1349 us=5499 rss_peak_bytes=102301696
[measure] op=reserve-finalize count=1350 us=10181 rss_peak_bytes=102301696
[measure] op=delete count=1350 us=5521 rss_peak_bytes=102301696
[measure] op=reserve-finalize count=1351 us=9824 rss_peak_bytes=102301696
[measure] op=delete count=1351 us=5460 rss_peak_bytes=102301696
[measure] op=reserve-finalize count=1352 us=9970 rss_peak_bytes=102301696
[measure] op=delete count=1352 us=5585 rss_peak_bytes=102301696
[measure] op=reserve-finalize count=1353 us=10035 rss_peak_bytes=102301696
[measure] op=delete count=1353 us=5556 rss_peak_bytes=102301696
[measure] op=reserve-finalize count=1354 us=9775 rss_peak_bytes=102334464
[measure] op=delete count=1354 us=5641 rss_peak_bytes=102334464
[measure] op=reserve-finalize count=1355 us=9917 rss_peak_bytes=102334464
[measure] op=delete count=1355 us=5578 rss_peak_bytes=102334464
[measure] op=reserve-finalize count=1356 us=10211 rss_peak_bytes=102334464
[measure] op=delete count=1356 us=5421 rss_peak_bytes=102334464
[measure] op=reserve-finalize count=1357 us=9940 rss_peak_bytes=102350848
[measure] op=delete count=1357 us=5922 rss_peak_bytes=102350848
[measure] op=reserve-finalize count=1358 us=10127 rss_peak_bytes=102350848
[measure] op=delete count=1358 us=5671 rss_peak_bytes=102350848
[measure] op=reserve-finalize count=1359 us=10021 rss_peak_bytes=102367232
[measure] op=delete count=1359 us=5700 rss_peak_bytes=102367232
[measure] op=reserve-finalize count=1360 us=10207 rss_peak_bytes=102383616
[measure] op=delete count=1360 us=5430 rss_peak_bytes=102383616
[measure] op=reserve-finalize count=1361 us=10119 rss_peak_bytes=102383616
[measure] op=delete count=1361 us=5493 rss_peak_bytes=102400000
[measure] op=reserve-finalize count=1362 us=9770 rss_peak_bytes=102400000
[measure] op=delete count=1362 us=5431 rss_peak_bytes=102400000
[measure] op=reserve-finalize count=1363 us=9908 rss_peak_bytes=102400000
[measure] op=delete count=1363 us=5511 rss_peak_bytes=102400000
[measure] op=reserve-finalize count=1364 us=9987 rss_peak_bytes=102400000
[measure] op=delete count=1364 us=5477 rss_peak_bytes=102400000
[measure] op=reserve-finalize count=1365 us=9983 rss_peak_bytes=102400000
[measure] op=delete count=1365 us=5479 rss_peak_bytes=102400000
[measure] op=reserve-finalize count=1366 us=9958 rss_peak_bytes=102400000
[measure] op=delete count=1366 us=5389 rss_peak_bytes=102400000
[measure] op=reserve-finalize count=1367 us=9824 rss_peak_bytes=102400000
[measure] op=delete count=1367 us=5403 rss_peak_bytes=102416384
[measure] op=reserve-finalize count=1368 us=9808 rss_peak_bytes=102416384
[measure] op=delete count=1368 us=5516 rss_peak_bytes=102432768
[measure] op=reserve-finalize count=1369 us=9987 rss_peak_bytes=102432768
[measure] op=delete count=1369 us=5548 rss_peak_bytes=102449152
[measure] op=reserve-finalize count=1370 us=10078 rss_peak_bytes=102449152
[measure] op=delete count=1370 us=5569 rss_peak_bytes=102449152
[measure] op=reserve-finalize count=1371 us=9879 rss_peak_bytes=102465536
[measure] op=delete count=1371 us=5547 rss_peak_bytes=102465536
[measure] op=reserve-finalize count=1372 us=9748 rss_peak_bytes=102465536
[measure] op=delete count=1372 us=5634 rss_peak_bytes=102465536
[measure] op=reserve-finalize count=1373 us=9853 rss_peak_bytes=102465536
[measure] op=delete count=1373 us=5415 rss_peak_bytes=102465536
[measure] op=reserve-finalize count=1374 us=9823 rss_peak_bytes=102465536
[measure] op=delete count=1374 us=5566 rss_peak_bytes=102465536
[measure] op=reserve-finalize count=1375 us=10048 rss_peak_bytes=102465536
[measure] op=delete count=1375 us=5815 rss_peak_bytes=102481920
[measure] op=reserve-finalize count=1376 us=10015 rss_peak_bytes=102481920
[measure] op=delete count=1376 us=5789 rss_peak_bytes=102481920
[child] exit=0 signal=0
[measure] op=incremental-native-observe count=5504 us=756122 rss_peak_bytes=102481920
[measure] op=reserve-finalize count=1377 us=10478 rss_peak_bytes=102498304
[measure] op=delete count=1377 us=5936 rss_peak_bytes=102514688
[measure] op=reserve-finalize count=1378 us=10171 rss_peak_bytes=102514688
[measure] op=delete count=1378 us=5415 rss_peak_bytes=102514688
[measure] op=reserve-finalize count=1379 us=10002 rss_peak_bytes=102514688
[measure] op=delete count=1379 us=5552 rss_peak_bytes=102514688
[measure] op=reserve-finalize count=1380 us=10002 rss_peak_bytes=102514688
[measure] op=delete count=1380 us=5603 rss_peak_bytes=102514688
[measure] op=reserve-finalize count=1381 us=9993 rss_peak_bytes=102514688
[measure] op=delete count=1381 us=5828 rss_peak_bytes=102514688
[measure] op=reserve-finalize count=1382 us=10105 rss_peak_bytes=102514688
[measure] op=delete count=1382 us=5641 rss_peak_bytes=102531072
[measure] op=reserve-finalize count=1383 us=10267 rss_peak_bytes=102531072
[measure] op=delete count=1383 us=5548 rss_peak_bytes=102531072
[measure] op=reserve-finalize count=1384 us=9980 rss_peak_bytes=102531072
[measure] op=delete count=1384 us=5712 rss_peak_bytes=102531072
[measure] op=reserve-finalize count=1385 us=9830 rss_peak_bytes=102531072
[measure] op=delete count=1385 us=5453 rss_peak_bytes=102531072
[measure] op=reserve-finalize count=1386 us=9779 rss_peak_bytes=102531072
[measure] op=delete count=1386 us=5434 rss_peak_bytes=102531072
[measure] op=reserve-finalize count=1387 us=9896 rss_peak_bytes=102531072
[measure] op=delete count=1387 us=5439 rss_peak_bytes=102563840
[measure] op=reserve-finalize count=1388 us=9904 rss_peak_bytes=102563840
[measure] op=delete count=1388 us=5323 rss_peak_bytes=102563840
[measure] op=reserve-finalize count=1389 us=9780 rss_peak_bytes=102563840
[measure] op=delete count=1389 us=5740 rss_peak_bytes=102563840
[measure] op=reserve-finalize count=1390 us=10090 rss_peak_bytes=102563840
[measure] op=delete count=1390 us=5504 rss_peak_bytes=102563840
[measure] op=reserve-finalize count=1391 us=9992 rss_peak_bytes=102580224
[measure] op=delete count=1391 us=5427 rss_peak_bytes=102596608
[measure] op=reserve-finalize count=1392 us=9837 rss_peak_bytes=102596608
[measure] op=delete count=1392 us=5869 rss_peak_bytes=102596608
[measure] op=reserve-finalize count=1393 us=9927 rss_peak_bytes=102596608
[measure] op=delete count=1393 us=5827 rss_peak_bytes=102596608
[measure] op=reserve-finalize count=1394 us=10009 rss_peak_bytes=102596608
[measure] op=delete count=1394 us=5375 rss_peak_bytes=102596608
[measure] op=reserve-finalize count=1395 us=10069 rss_peak_bytes=102596608
[measure] op=delete count=1395 us=5578 rss_peak_bytes=102596608
[measure] op=reserve-finalize count=1396 us=10050 rss_peak_bytes=102612992
[measure] op=delete count=1396 us=251816 rss_peak_bytes=105496576
[measure] op=reserve-finalize count=1397 us=10190 rss_peak_bytes=105496576
[measure] op=delete count=1397 us=5721 rss_peak_bytes=105512960
[measure] op=reserve-finalize count=1398 us=10261 rss_peak_bytes=105512960
[measure] op=delete count=1398 us=5516 rss_peak_bytes=105512960
[measure] op=reserve-finalize count=1399 us=10045 rss_peak_bytes=105512960
[measure] op=delete count=1399 us=5588 rss_peak_bytes=105512960
[measure] op=reserve-finalize count=1400 us=10035 rss_peak_bytes=105512960
[measure] op=delete count=1400 us=5462 rss_peak_bytes=105512960
[measure] op=reserve-finalize count=1401 us=10164 rss_peak_bytes=105512960
[measure] op=delete count=1401 us=5695 rss_peak_bytes=105529344
[measure] op=reserve-finalize count=1402 us=9847 rss_peak_bytes=105529344
[measure] op=delete count=1402 us=5555 rss_peak_bytes=105529344
[measure] op=reserve-finalize count=1403 us=9803 rss_peak_bytes=105529344
[measure] op=delete count=1403 us=5413 rss_peak_bytes=105529344
[measure] op=reserve-finalize count=1404 us=9768 rss_peak_bytes=105529344
[measure] op=delete count=1404 us=5471 rss_peak_bytes=105529344
[measure] op=reserve-finalize count=1405 us=9987 rss_peak_bytes=105529344
[measure] op=delete count=1405 us=5723 rss_peak_bytes=105545728
[measure] op=reserve-finalize count=1406 us=9993 rss_peak_bytes=105545728
[measure] op=delete count=1406 us=5636 rss_peak_bytes=105545728
[measure] op=reserve-finalize count=1407 us=10017 rss_peak_bytes=105545728
[measure] op=delete count=1407 us=5440 rss_peak_bytes=105562112
[measure] op=reserve-finalize count=1408 us=10010 rss_peak_bytes=105562112
[measure] op=delete count=1408 us=5584 rss_peak_bytes=105562112
[child] exit=0 signal=0
[measure] op=incremental-native-observe count=5632 us=704669 rss_peak_bytes=105562112
[measure] op=reserve-finalize count=1409 us=10586 rss_peak_bytes=105562112
[measure] op=delete count=1409 us=5735 rss_peak_bytes=105562112
[measure] op=reserve-finalize count=1410 us=10404 rss_peak_bytes=105562112
[measure] op=delete count=1410 us=5711 rss_peak_bytes=105578496
[measure] op=reserve-finalize count=1411 us=10153 rss_peak_bytes=105578496
[measure] op=delete count=1411 us=5462 rss_peak_bytes=105578496
[measure] op=reserve-finalize count=1412 us=9923 rss_peak_bytes=105578496
[measure] op=delete count=1412 us=5641 rss_peak_bytes=105578496
[measure] op=reserve-finalize count=1413 us=9776 rss_peak_bytes=105578496
[measure] op=delete count=1413 us=5382 rss_peak_bytes=105594880
[measure] op=reserve-finalize count=1414 us=9814 rss_peak_bytes=105594880
[measure] op=delete count=1414 us=5776 rss_peak_bytes=105594880
[measure] op=reserve-finalize count=1415 us=9925 rss_peak_bytes=105594880
[measure] op=delete count=1415 us=5744 rss_peak_bytes=105594880
[measure] op=reserve-finalize count=1416 us=10077 rss_peak_bytes=105594880
[measure] op=delete count=1416 us=5605 rss_peak_bytes=105611264
[measure] op=reserve-finalize count=1417 us=10045 rss_peak_bytes=105611264
[measure] op=delete count=1417 us=5572 rss_peak_bytes=105611264
[measure] op=reserve-finalize count=1418 us=9918 rss_peak_bytes=105611264
[measure] op=delete count=1418 us=5558 rss_peak_bytes=105611264
[measure] op=reserve-finalize count=1419 us=9799 rss_peak_bytes=105611264
[measure] op=delete count=1419 us=5498 rss_peak_bytes=105627648
[measure] op=reserve-finalize count=1420 us=9997 rss_peak_bytes=105627648
[measure] op=delete count=1420 us=5399 rss_peak_bytes=105627648
[measure] op=reserve-finalize count=1421 us=10108 rss_peak_bytes=105627648
[measure] op=delete count=1421 us=5488 rss_peak_bytes=105627648
[measure] op=reserve-finalize count=1422 us=10162 rss_peak_bytes=105627648
[measure] op=delete count=1422 us=5639 rss_peak_bytes=105627648
[measure] op=reserve-finalize count=1423 us=9850 rss_peak_bytes=105644032
[measure] op=delete count=1423 us=5412 rss_peak_bytes=105644032
[measure] op=reserve-finalize count=1424 us=9826 rss_peak_bytes=105644032
[measure] op=delete count=1424 us=5403 rss_peak_bytes=105644032
[measure] op=reserve-finalize count=1425 us=9926 rss_peak_bytes=105644032
[measure] op=delete count=1425 us=5507 rss_peak_bytes=105660416
[measure] op=reserve-finalize count=1426 us=10041 rss_peak_bytes=105660416
[measure] op=delete count=1426 us=5388 rss_peak_bytes=105660416
[measure] op=reserve-finalize count=1427 us=9952 rss_peak_bytes=105660416
[measure] op=delete count=1427 us=5654 rss_peak_bytes=105660416
[measure] op=reserve-finalize count=1428 us=9972 rss_peak_bytes=105676800
[measure] op=delete count=1428 us=5813 rss_peak_bytes=105676800
[measure] op=reserve-finalize count=1429 us=9846 rss_peak_bytes=105676800
[measure] op=delete count=1429 us=5511 rss_peak_bytes=105693184
[measure] op=reserve-finalize count=1430 us=9869 rss_peak_bytes=105709568
[measure] op=delete count=1430 us=5530 rss_peak_bytes=105709568
[measure] op=reserve-finalize count=1431 us=9836 rss_peak_bytes=105709568
[measure] op=delete count=1431 us=5558 rss_peak_bytes=105709568
[measure] op=reserve-finalize count=1432 us=9920 rss_peak_bytes=105709568
[measure] op=delete count=1432 us=5456 rss_peak_bytes=105709568
[measure] op=reserve-finalize count=1433 us=9739 rss_peak_bytes=105709568
[measure] op=delete count=1433 us=5437 rss_peak_bytes=105709568
[measure] op=reserve-finalize count=1434 us=9954 rss_peak_bytes=105709568
[measure] op=delete count=1434 us=5576 rss_peak_bytes=105709568
[measure] op=reserve-finalize count=1435 us=9723 rss_peak_bytes=105709568
[measure] op=delete count=1435 us=5627 rss_peak_bytes=105725952
[measure] op=reserve-finalize count=1436 us=10138 rss_peak_bytes=105725952
[measure] op=delete count=1436 us=5521 rss_peak_bytes=105725952
[measure] op=reserve-finalize count=1437 us=10354 rss_peak_bytes=105725952
[measure] op=delete count=1437 us=5642 rss_peak_bytes=105725952
[measure] op=reserve-finalize count=1438 us=10166 rss_peak_bytes=105742336
[measure] op=delete count=1438 us=5686 rss_peak_bytes=105742336
[measure] op=reserve-finalize count=1439 us=10147 rss_peak_bytes=105758720
[measure] op=delete count=1439 us=6047 rss_peak_bytes=105758720
[measure] op=reserve-finalize count=1440 us=9931 rss_peak_bytes=105758720
[measure] op=delete count=1440 us=5643 rss_peak_bytes=105758720
[child] exit=0 signal=0
[measure] op=incremental-native-observe count=5760 us=746257 rss_peak_bytes=105758720
[measure] op=reserve-finalize count=1441 us=10570 rss_peak_bytes=105758720
[measure] op=delete count=1441 us=6082 rss_peak_bytes=105775104
[measure] op=reserve-finalize count=1442 us=10101 rss_peak_bytes=105791488
[measure] op=delete count=1442 us=5554 rss_peak_bytes=105791488
[measure] op=reserve-finalize count=1443 us=10201 rss_peak_bytes=105791488
[measure] op=delete count=1443 us=5610 rss_peak_bytes=105791488
[measure] op=reserve-finalize count=1444 us=10202 rss_peak_bytes=105791488
[measure] op=delete count=1444 us=5515 rss_peak_bytes=105791488
[measure] op=reserve-finalize count=1445 us=10094 rss_peak_bytes=105791488
[measure] op=delete count=1445 us=5662 rss_peak_bytes=105791488
[measure] op=reserve-finalize count=1446 us=10036 rss_peak_bytes=105791488
[measure] op=delete count=1446 us=5377 rss_peak_bytes=105791488
[measure] op=reserve-finalize count=1447 us=10023 rss_peak_bytes=105791488
[measure] op=delete count=1447 us=5500 rss_peak_bytes=105807872
[measure] op=reserve-finalize count=1448 us=10026 rss_peak_bytes=105807872
[measure] op=delete count=1448 us=5691 rss_peak_bytes=105807872
[measure] op=reserve-finalize count=1449 us=10600 rss_peak_bytes=105807872
[measure] op=delete count=1449 us=5983 rss_peak_bytes=105807872
[measure] op=reserve-finalize count=1450 us=10625 rss_peak_bytes=105807872
[measure] op=delete count=1450 us=5713 rss_peak_bytes=105807872
[measure] op=reserve-finalize count=1451 us=10272 rss_peak_bytes=105807872
[measure] op=delete count=1451 us=5663 rss_peak_bytes=105824256
[measure] op=reserve-finalize count=1452 us=10213 rss_peak_bytes=105824256
[measure] op=delete count=1452 us=5582 rss_peak_bytes=105824256
[measure] op=reserve-finalize count=1453 us=9889 rss_peak_bytes=105824256
[measure] op=delete count=1453 us=5448 rss_peak_bytes=105824256
[measure] op=reserve-finalize count=1454 us=10122 rss_peak_bytes=105824256
[measure] op=delete count=1454 us=5916 rss_peak_bytes=105824256
[measure] op=reserve-finalize count=1455 us=10040 rss_peak_bytes=105840640
[measure] op=delete count=1455 us=5664 rss_peak_bytes=105857024
[measure] op=reserve-finalize count=1456 us=10008 rss_peak_bytes=105857024
[measure] op=delete count=1456 us=5771 rss_peak_bytes=105857024
[measure] op=reserve-finalize count=1457 us=10168 rss_peak_bytes=105857024
[measure] op=delete count=1457 us=5772 rss_peak_bytes=105857024
[measure] op=reserve-finalize count=1458 us=10080 rss_peak_bytes=105857024
[measure] op=delete count=1458 us=5815 rss_peak_bytes=105857024
[measure] op=reserve-finalize count=1459 us=10034 rss_peak_bytes=105857024
[measure] op=delete count=1459 us=5477 rss_peak_bytes=105857024
[measure] op=reserve-finalize count=1460 us=10042 rss_peak_bytes=105873408
[measure] op=delete count=1460 us=5705 rss_peak_bytes=105873408
[measure] op=reserve-finalize count=1461 us=9952 rss_peak_bytes=105873408
[measure] op=delete count=1461 us=5630 rss_peak_bytes=105873408
[measure] op=reserve-finalize count=1462 us=9833 rss_peak_bytes=105873408
[measure] op=delete count=1462 us=5730 rss_peak_bytes=105873408
[measure] op=reserve-finalize count=1463 us=9907 rss_peak_bytes=105873408
[measure] op=delete count=1463 us=5403 rss_peak_bytes=105889792
[measure] op=reserve-finalize count=1464 us=9954 rss_peak_bytes=105889792
[measure] op=delete count=1464 us=5698 rss_peak_bytes=105889792
[measure] op=reserve-finalize count=1465 us=9874 rss_peak_bytes=105889792
[measure] op=delete count=1465 us=5595 rss_peak_bytes=105889792
[measure] op=reserve-finalize count=1466 us=9984 rss_peak_bytes=105889792
[measure] op=delete count=1466 us=5889 rss_peak_bytes=105889792
[measure] op=reserve-finalize count=1467 us=10042 rss_peak_bytes=105906176
[measure] op=delete count=1467 us=5658 rss_peak_bytes=105906176
[measure] op=reserve-finalize count=1468 us=10036 rss_peak_bytes=105906176
[measure] op=delete count=1468 us=5891 rss_peak_bytes=105906176
[measure] op=reserve-finalize count=1469 us=10214 rss_peak_bytes=105922560
[measure] op=delete count=1469 us=5669 rss_peak_bytes=105922560
[measure] op=reserve-finalize count=1470 us=10142 rss_peak_bytes=105922560
[measure] op=delete count=1470 us=5505 rss_peak_bytes=105922560
[measure] op=reserve-finalize count=1471 us=10104 rss_peak_bytes=105922560
[measure] op=delete count=1471 us=5449 rss_peak_bytes=105922560
[measure] op=reserve-finalize count=1472 us=10261 rss_peak_bytes=105922560
[measure] op=delete count=1472 us=5408 rss_peak_bytes=105922560
[child] exit=0 signal=0
[measure] op=incremental-native-observe count=5888 us=789312 rss_peak_bytes=105922560
[measure] op=reserve-finalize count=1473 us=10637 rss_peak_bytes=105922560
[measure] op=delete count=1473 us=5688 rss_peak_bytes=105955328
[measure] op=reserve-finalize count=1474 us=10240 rss_peak_bytes=105955328
[measure] op=delete count=1474 us=5713 rss_peak_bytes=105955328
[measure] op=reserve-finalize count=1475 us=10094 rss_peak_bytes=105955328
[measure] op=delete count=1475 us=5686 rss_peak_bytes=105955328
[measure] op=reserve-finalize count=1476 us=10131 rss_peak_bytes=105955328
[measure] op=delete count=1476 us=5632 rss_peak_bytes=105955328
[measure] op=reserve-finalize count=1477 us=10165 rss_peak_bytes=105955328
[measure] op=delete count=1477 us=5627 rss_peak_bytes=105971712
[measure] op=reserve-finalize count=1478 us=10167 rss_peak_bytes=105971712
[measure] op=delete count=1478 us=5530 rss_peak_bytes=105971712
[measure] op=reserve-finalize count=1479 us=10043 rss_peak_bytes=105988096
[measure] op=delete count=1479 us=5656 rss_peak_bytes=106004480
[measure] op=reserve-finalize count=1480 us=10138 rss_peak_bytes=106004480
[measure] op=delete count=1480 us=5709 rss_peak_bytes=106004480
[measure] op=reserve-finalize count=1481 us=9945 rss_peak_bytes=106020864
[measure] op=delete count=1481 us=5749 rss_peak_bytes=106020864
[measure] op=reserve-finalize count=1482 us=10035 rss_peak_bytes=106020864
[measure] op=delete count=1482 us=5564 rss_peak_bytes=106020864
[measure] op=reserve-finalize count=1483 us=10168 rss_peak_bytes=106020864
[measure] op=delete count=1483 us=5668 rss_peak_bytes=106037248
[measure] op=reserve-finalize count=1484 us=9937 rss_peak_bytes=106037248
[measure] op=delete count=1484 us=5674 rss_peak_bytes=106037248
[measure] op=reserve-finalize count=1485 us=9916 rss_peak_bytes=106037248
[measure] op=delete count=1485 us=5621 rss_peak_bytes=106037248
[measure] op=reserve-finalize count=1486 us=10092 rss_peak_bytes=106053632
[measure] op=delete count=1486 us=5443 rss_peak_bytes=106053632
[measure] op=reserve-finalize count=1487 us=9980 rss_peak_bytes=106070016
[measure] op=delete count=1487 us=5559 rss_peak_bytes=106070016
[measure] op=reserve-finalize count=1488 us=9815 rss_peak_bytes=106070016
[measure] op=delete count=1488 us=5772 rss_peak_bytes=106086400
[measure] op=reserve-finalize count=1489 us=10117 rss_peak_bytes=106086400
[measure] op=delete count=1489 us=5412 rss_peak_bytes=106086400
[measure] op=reserve-finalize count=1490 us=9839 rss_peak_bytes=106086400
[measure] op=delete count=1490 us=267093 rss_peak_bytes=109969408
[measure] op=reserve-finalize count=1491 us=10196 rss_peak_bytes=109969408
[measure] op=delete count=1491 us=5790 rss_peak_bytes=109985792
[measure] op=reserve-finalize count=1492 us=10133 rss_peak_bytes=109985792
[measure] op=delete count=1492 us=5610 rss_peak_bytes=109985792
[measure] op=reserve-finalize count=1493 us=10231 rss_peak_bytes=109985792
[measure] op=delete count=1493 us=5603 rss_peak_bytes=109985792
[measure] op=reserve-finalize count=1494 us=10121 rss_peak_bytes=109985792
[measure] op=delete count=1494 us=5525 rss_peak_bytes=109985792
[measure] op=reserve-finalize count=1495 us=9984 rss_peak_bytes=109985792
[measure] op=delete count=1495 us=5454 rss_peak_bytes=109985792
[measure] op=reserve-finalize count=1496 us=10083 rss_peak_bytes=110002176
[measure] op=delete count=1496 us=5451 rss_peak_bytes=110002176
[measure] op=reserve-finalize count=1497 us=10130 rss_peak_bytes=110002176
[measure] op=delete count=1497 us=5542 rss_peak_bytes=110002176
[measure] op=reserve-finalize count=1498 us=9901 rss_peak_bytes=110002176
[measure] op=delete count=1498 us=5627 rss_peak_bytes=110002176
[measure] op=reserve-finalize count=1499 us=10032 rss_peak_bytes=110002176
[measure] op=delete count=1499 us=5416 rss_peak_bytes=110018560
[measure] op=reserve-finalize count=1500 us=10164 rss_peak_bytes=110018560
[measure] op=delete count=1500 us=5370 rss_peak_bytes=110018560
[measure] op=reserve-finalize count=1501 us=9820 rss_peak_bytes=110018560
[measure] op=delete count=1501 us=5570 rss_peak_bytes=110018560
[measure] op=reserve-finalize count=1502 us=10076 rss_peak_bytes=110018560
[measure] op=delete count=1502 us=5435 rss_peak_bytes=110018560
[measure] op=reserve-finalize count=1503 us=10017 rss_peak_bytes=110018560
[measure] op=delete count=1503 us=5469 rss_peak_bytes=110018560
[measure] op=reserve-finalize count=1504 us=10013 rss_peak_bytes=110018560
[measure] op=delete count=1504 us=5628 rss_peak_bytes=110018560
[child] exit=0 signal=0
[measure] op=incremental-native-observe count=6016 us=742969 rss_peak_bytes=110018560
[measure] op=reserve-finalize count=1505 us=10581 rss_peak_bytes=110018560
[measure] op=delete count=1505 us=5709 rss_peak_bytes=110034944
[measure] op=reserve-finalize count=1506 us=10451 rss_peak_bytes=110034944
[measure] op=delete count=1506 us=5634 rss_peak_bytes=110034944
[measure] op=reserve-finalize count=1507 us=9981 rss_peak_bytes=110034944
[measure] op=delete count=1507 us=5684 rss_peak_bytes=110034944
[measure] op=reserve-finalize count=1508 us=9851 rss_peak_bytes=110034944
[measure] op=delete count=1508 us=5521 rss_peak_bytes=110034944
[measure] op=reserve-finalize count=1509 us=10051 rss_peak_bytes=110034944
[measure] op=delete count=1509 us=5649 rss_peak_bytes=110034944
[measure] op=reserve-finalize count=1510 us=10145 rss_peak_bytes=110034944
[measure] op=delete count=1510 us=5756 rss_peak_bytes=110034944
[measure] op=reserve-finalize count=1511 us=9881 rss_peak_bytes=110051328
[measure] op=delete count=1511 us=5564 rss_peak_bytes=110051328
[measure] op=reserve-finalize count=1512 us=9848 rss_peak_bytes=110051328
[measure] op=delete count=1512 us=5558 rss_peak_bytes=110051328
[measure] op=reserve-finalize count=1513 us=10018 rss_peak_bytes=110051328
[measure] op=delete count=1513 us=5614 rss_peak_bytes=110067712
[measure] op=reserve-finalize count=1514 us=10149 rss_peak_bytes=110067712
[measure] op=delete count=1514 us=5754 rss_peak_bytes=110067712
[measure] op=reserve-finalize count=1515 us=10119 rss_peak_bytes=110067712
[measure] op=delete count=1515 us=5962 rss_peak_bytes=110084096
[measure] op=reserve-finalize count=1516 us=10044 rss_peak_bytes=110084096
[measure] op=delete count=1516 us=5641 rss_peak_bytes=110084096
[measure] op=reserve-finalize count=1517 us=10080 rss_peak_bytes=110084096
[measure] op=delete count=1517 us=5482 rss_peak_bytes=110084096
[measure] op=reserve-finalize count=1518 us=9940 rss_peak_bytes=110084096
[measure] op=delete count=1518 us=5440 rss_peak_bytes=110084096
[measure] op=reserve-finalize count=1519 us=9994 rss_peak_bytes=110100480
[measure] op=delete count=1519 us=5785 rss_peak_bytes=110116864
[measure] op=reserve-finalize count=1520 us=9838 rss_peak_bytes=110116864
[measure] op=delete count=1520 us=5514 rss_peak_bytes=110116864
[measure] op=reserve-finalize count=1521 us=9949 rss_peak_bytes=110116864
[measure] op=delete count=1521 us=5544 rss_peak_bytes=110116864
[measure] op=reserve-finalize count=1522 us=9988 rss_peak_bytes=110116864
[measure] op=delete count=1522 us=5544 rss_peak_bytes=110116864
[measure] op=reserve-finalize count=1523 us=9884 rss_peak_bytes=110116864
[measure] op=delete count=1523 us=5605 rss_peak_bytes=110116864
[measure] op=reserve-finalize count=1524 us=9781 rss_peak_bytes=110133248
[measure] op=delete count=1524 us=5510 rss_peak_bytes=110133248
[measure] op=reserve-finalize count=1525 us=9906 rss_peak_bytes=110149632
[measure] op=delete count=1525 us=5486 rss_peak_bytes=110149632
[measure] op=reserve-finalize count=1526 us=9929 rss_peak_bytes=110149632
[measure] op=delete count=1526 us=5614 rss_peak_bytes=110149632
[measure] op=reserve-finalize count=1527 us=9911 rss_peak_bytes=110149632
[measure] op=delete count=1527 us=5672 rss_peak_bytes=110149632
[measure] op=reserve-finalize count=1528 us=9959 rss_peak_bytes=110149632
[measure] op=delete count=1528 us=5529 rss_peak_bytes=110149632
[measure] op=reserve-finalize count=1529 us=9972 rss_peak_bytes=110149632
[measure] op=delete count=1529 us=5621 rss_peak_bytes=110166016
[measure] op=reserve-finalize count=1530 us=9867 rss_peak_bytes=110198784
[measure] op=delete count=1530 us=5780 rss_peak_bytes=110198784
[measure] op=reserve-finalize count=1531 us=9941 rss_peak_bytes=110198784
[measure] op=delete count=1531 us=5389 rss_peak_bytes=110198784
[measure] op=reserve-finalize count=1532 us=9822 rss_peak_bytes=110198784
[measure] op=delete count=1532 us=5366 rss_peak_bytes=110198784
[measure] op=reserve-finalize count=1533 us=10083 rss_peak_bytes=110198784
[measure] op=delete count=1533 us=5557 rss_peak_bytes=110215168
[measure] op=reserve-finalize count=1534 us=9957 rss_peak_bytes=110215168
[measure] op=delete count=1534 us=5489 rss_peak_bytes=110215168
[measure] op=reserve-finalize count=1535 us=9807 rss_peak_bytes=110215168
[measure] op=delete count=1535 us=5586 rss_peak_bytes=110215168
[measure] op=reserve-finalize count=1536 us=10013 rss_peak_bytes=110215168
[measure] op=delete count=1536 us=5339 rss_peak_bytes=110215168
[child] exit=0 signal=0
[measure] op=incremental-native-observe count=6144 us=779848 rss_peak_bytes=110215168
[measure] op=reserve-finalize count=1537 us=10496 rss_peak_bytes=110215168
[measure] op=delete count=1537 us=5806 rss_peak_bytes=110215168
[measure] op=reserve-finalize count=1538 us=10305 rss_peak_bytes=110215168
[measure] op=delete count=1538 us=5827 rss_peak_bytes=110215168
[measure] op=reserve-finalize count=1539 us=10046 rss_peak_bytes=110215168
[measure] op=delete count=1539 us=5687 rss_peak_bytes=110215168
[measure] op=reserve-finalize count=1540 us=9898 rss_peak_bytes=110215168
[measure] op=delete count=1540 us=5555 rss_peak_bytes=110215168
[measure] op=reserve-finalize count=1541 us=10082 rss_peak_bytes=110215168
[measure] op=delete count=1541 us=5571 rss_peak_bytes=110215168
[measure] op=reserve-finalize count=1542 us=10156 rss_peak_bytes=110215168
[measure] op=delete count=1542 us=5682 rss_peak_bytes=110215168
[measure] op=reserve-finalize count=1543 us=9776 rss_peak_bytes=110215168
[measure] op=delete count=1543 us=5653 rss_peak_bytes=110215168
[measure] op=reserve-finalize count=1544 us=10025 rss_peak_bytes=110215168
[measure] op=delete count=1544 us=5478 rss_peak_bytes=110215168
[measure] op=reserve-finalize count=1545 us=9916 rss_peak_bytes=110215168
[measure] op=delete count=1545 us=5573 rss_peak_bytes=110215168
[measure] op=reserve-finalize count=1546 us=10164 rss_peak_bytes=110215168
[measure] op=delete count=1546 us=5479 rss_peak_bytes=110215168
[measure] op=reserve-finalize count=1547 us=10041 rss_peak_bytes=110215168
[measure] op=delete count=1547 us=5765 rss_peak_bytes=110215168
[measure] op=reserve-finalize count=1548 us=9824 rss_peak_bytes=110215168
[measure] op=delete count=1548 us=5478 rss_peak_bytes=110215168
[measure] op=reserve-finalize count=1549 us=9792 rss_peak_bytes=110215168
[measure] op=delete count=1549 us=5689 rss_peak_bytes=110215168
[measure] op=reserve-finalize count=1550 us=10236 rss_peak_bytes=110215168
[measure] op=delete count=1550 us=5680 rss_peak_bytes=110215168
[measure] op=reserve-finalize count=1551 us=10093 rss_peak_bytes=110215168
[measure] op=delete count=1551 us=5605 rss_peak_bytes=110215168
[measure] op=reserve-finalize count=1552 us=9881 rss_peak_bytes=110215168
[measure] op=delete count=1552 us=5523 rss_peak_bytes=110215168
[measure] op=reserve-finalize count=1553 us=9981 rss_peak_bytes=110215168
[measure] op=delete count=1553 us=5409 rss_peak_bytes=110215168
[measure] op=reserve-finalize count=1554 us=9847 rss_peak_bytes=110215168
[measure] op=delete count=1554 us=5435 rss_peak_bytes=110215168
[measure] op=reserve-finalize count=1555 us=10266 rss_peak_bytes=110215168
[measure] op=delete count=1555 us=5905 rss_peak_bytes=110215168
[measure] op=reserve-finalize count=1556 us=9963 rss_peak_bytes=110215168
[measure] op=delete count=1556 us=5740 rss_peak_bytes=110215168
[measure] op=reserve-finalize count=1557 us=10024 rss_peak_bytes=110215168
[measure] op=delete count=1557 us=5385 rss_peak_bytes=110215168
[measure] op=reserve-finalize count=1558 us=10078 rss_peak_bytes=110215168
[measure] op=delete count=1558 us=5467 rss_peak_bytes=110215168
[measure] op=reserve-finalize count=1559 us=9992 rss_peak_bytes=110215168
[measure] op=delete count=1559 us=5720 rss_peak_bytes=110215168
[measure] op=reserve-finalize count=1560 us=10151 rss_peak_bytes=110215168
[measure] op=delete count=1560 us=5835 rss_peak_bytes=110215168
[measure] op=reserve-finalize count=1561 us=10128 rss_peak_bytes=110215168
[measure] op=delete count=1561 us=5722 rss_peak_bytes=110215168
[measure] op=reserve-finalize count=1562 us=10316 rss_peak_bytes=110215168
[measure] op=delete count=1562 us=5709 rss_peak_bytes=110215168
[measure] op=reserve-finalize count=1563 us=10036 rss_peak_bytes=110215168
[measure] op=delete count=1563 us=5597 rss_peak_bytes=110215168
[measure] op=reserve-finalize count=1564 us=10101 rss_peak_bytes=110215168
[measure] op=delete count=1564 us=5461 rss_peak_bytes=110215168
[measure] op=reserve-finalize count=1565 us=10217 rss_peak_bytes=110215168
[measure] op=delete count=1565 us=5559 rss_peak_bytes=110215168
[measure] op=reserve-finalize count=1566 us=10066 rss_peak_bytes=110215168
[measure] op=delete count=1566 us=5472 rss_peak_bytes=110215168
[measure] op=reserve-finalize count=1567 us=10342 rss_peak_bytes=110215168
[measure] op=delete count=1567 us=5698 rss_peak_bytes=110215168
[measure] op=reserve-finalize count=1568 us=10027 rss_peak_bytes=110215168
[measure] op=delete count=1568 us=5862 rss_peak_bytes=110215168
[child] exit=0 signal=0
[measure] op=incremental-native-observe count=6272 us=819471 rss_peak_bytes=110215168
[measure] op=reserve-finalize count=1569 us=10819 rss_peak_bytes=110215168
[measure] op=delete count=1569 us=5922 rss_peak_bytes=110215168
[measure] op=reserve-finalize count=1570 us=10326 rss_peak_bytes=110215168
[measure] op=delete count=1570 us=6007 rss_peak_bytes=110215168
[measure] op=reserve-finalize count=1571 us=10041 rss_peak_bytes=110215168
[measure] op=delete count=1571 us=5708 rss_peak_bytes=110215168
[measure] op=reserve-finalize count=1572 us=9966 rss_peak_bytes=110215168
[measure] op=delete count=1572 us=5539 rss_peak_bytes=110215168
[measure] op=reserve-finalize count=1573 us=9797 rss_peak_bytes=110215168
[measure] op=delete count=1573 us=5525 rss_peak_bytes=110215168
[measure] op=reserve-finalize count=1574 us=9976 rss_peak_bytes=110215168
[measure] op=delete count=1574 us=5427 rss_peak_bytes=110215168
[measure] op=reserve-finalize count=1575 us=9997 rss_peak_bytes=110215168
[measure] op=delete count=1575 us=5479 rss_peak_bytes=110215168
[measure] op=reserve-finalize count=1576 us=10092 rss_peak_bytes=110215168
[measure] op=delete count=1576 us=5707 rss_peak_bytes=110215168
[measure] op=reserve-finalize count=1577 us=9829 rss_peak_bytes=110215168
[measure] op=delete count=1577 us=5525 rss_peak_bytes=110215168
[measure] op=reserve-finalize count=1578 us=10024 rss_peak_bytes=110215168
[measure] op=delete count=1578 us=5527 rss_peak_bytes=110215168
[measure] op=reserve-finalize count=1579 us=10210 rss_peak_bytes=110215168
[measure] op=delete count=1579 us=5611 rss_peak_bytes=110215168
[measure] op=reserve-finalize count=1580 us=9875 rss_peak_bytes=110215168
[measure] op=delete count=1580 us=5608 rss_peak_bytes=110215168
[measure] op=reserve-finalize count=1581 us=10294 rss_peak_bytes=110215168
[measure] op=delete count=1581 us=5728 rss_peak_bytes=110215168
[measure] op=reserve-finalize count=1582 us=10081 rss_peak_bytes=110215168
[measure] op=delete count=1582 us=5974 rss_peak_bytes=110215168
[measure] op=reserve-finalize count=1583 us=10058 rss_peak_bytes=110215168
[measure] op=delete count=1583 us=5464 rss_peak_bytes=110215168
[measure] op=reserve-finalize count=1584 us=9863 rss_peak_bytes=110215168
[measure] op=delete count=1584 us=283121 rss_peak_bytes=110592000
[measure] op=reserve-finalize count=1585 us=10066 rss_peak_bytes=110592000
[measure] op=delete count=1585 us=5619 rss_peak_bytes=110624768
[measure] op=reserve-finalize count=1586 us=9999 rss_peak_bytes=110624768
[measure] op=delete count=1586 us=5454 rss_peak_bytes=110641152
[measure] op=reserve-finalize count=1587 us=9964 rss_peak_bytes=110641152
[measure] op=delete count=1587 us=5558 rss_peak_bytes=110641152
[measure] op=reserve-finalize count=1588 us=9930 rss_peak_bytes=110641152
[measure] op=delete count=1588 us=5476 rss_peak_bytes=110641152
[measure] op=reserve-finalize count=1589 us=10011 rss_peak_bytes=110641152
[measure] op=delete count=1589 us=5420 rss_peak_bytes=110657536
[measure] op=reserve-finalize count=1590 us=10108 rss_peak_bytes=110657536
[measure] op=delete count=1590 us=5512 rss_peak_bytes=110657536
[measure] op=reserve-finalize count=1591 us=9985 rss_peak_bytes=110657536
[measure] op=delete count=1591 us=5512 rss_peak_bytes=110657536
[measure] op=reserve-finalize count=1592 us=9942 rss_peak_bytes=110657536
[measure] op=delete count=1592 us=5510 rss_peak_bytes=110657536
[measure] op=reserve-finalize count=1593 us=10067 rss_peak_bytes=110657536
[measure] op=delete count=1593 us=5496 rss_peak_bytes=110657536
[measure] op=reserve-finalize count=1594 us=9857 rss_peak_bytes=110657536
[measure] op=delete count=1594 us=5487 rss_peak_bytes=110657536
[measure] op=reserve-finalize count=1595 us=9891 rss_peak_bytes=110673920
[measure] op=delete count=1595 us=5570 rss_peak_bytes=110673920
[measure] op=reserve-finalize count=1596 us=10091 rss_peak_bytes=110673920
[measure] op=delete count=1596 us=5720 rss_peak_bytes=110673920
[measure] op=reserve-finalize count=1597 us=10106 rss_peak_bytes=110673920
[measure] op=delete count=1597 us=5651 rss_peak_bytes=110673920
[measure] op=reserve-finalize count=1598 us=10652 rss_peak_bytes=110723072
[measure] op=delete count=1598 us=5766 rss_peak_bytes=110755840
[measure] op=reserve-finalize count=1599 us=10150 rss_peak_bytes=110755840
[measure] op=delete count=1599 us=5620 rss_peak_bytes=110755840
[measure] op=reserve-finalize count=1600 us=9972 rss_peak_bytes=110755840
[measure] op=delete count=1600 us=5638 rss_peak_bytes=110755840
[child] exit=0 signal=0
[measure] op=incremental-native-observe count=6400 us=776895 rss_peak_bytes=110755840
[measure] op=reserve-finalize count=1601 us=10484 rss_peak_bytes=110755840
[measure] op=delete count=1601 us=5952 rss_peak_bytes=110755840
[measure] op=reserve-finalize count=1602 us=10409 rss_peak_bytes=110755840
[measure] op=delete count=1602 us=5676 rss_peak_bytes=110755840
[measure] op=reserve-finalize count=1603 us=10004 rss_peak_bytes=110755840
[measure] op=delete count=1603 us=5432 rss_peak_bytes=110755840
[measure] op=reserve-finalize count=1604 us=10191 rss_peak_bytes=110772224
[measure] op=delete count=1604 us=5641 rss_peak_bytes=110772224
[measure] op=reserve-finalize count=1605 us=10161 rss_peak_bytes=110772224
[measure] op=delete count=1605 us=5691 rss_peak_bytes=110772224
[measure] op=reserve-finalize count=1606 us=9936 rss_peak_bytes=110772224
[measure] op=delete count=1606 us=5477 rss_peak_bytes=110772224
[measure] op=reserve-finalize count=1607 us=10014 rss_peak_bytes=110772224
[measure] op=delete count=1607 us=5564 rss_peak_bytes=110772224
[measure] op=reserve-finalize count=1608 us=9966 rss_peak_bytes=110772224
[measure] op=delete count=1608 us=7998 rss_peak_bytes=110772224
[measure] op=reserve-finalize count=1609 us=10011 rss_peak_bytes=110804992
[measure] op=delete count=1609 us=5551 rss_peak_bytes=110804992
[measure] op=reserve-finalize count=1610 us=9877 rss_peak_bytes=110804992
[measure] op=delete count=1610 us=5640 rss_peak_bytes=110804992
[measure] op=reserve-finalize count=1611 us=9976 rss_peak_bytes=110804992
[measure] op=delete count=1611 us=5497 rss_peak_bytes=110821376
[measure] op=reserve-finalize count=1612 us=10067 rss_peak_bytes=110821376
[measure] op=delete count=1612 us=5457 rss_peak_bytes=110821376
[measure] op=reserve-finalize count=1613 us=10040 rss_peak_bytes=110821376
[measure] op=delete count=1613 us=5620 rss_peak_bytes=110821376
[measure] op=reserve-finalize count=1614 us=10079 rss_peak_bytes=110821376
[measure] op=delete count=1614 us=5658 rss_peak_bytes=110821376
[measure] op=reserve-finalize count=1615 us=10024 rss_peak_bytes=110837760
[measure] op=delete count=1615 us=5679 rss_peak_bytes=110837760
[measure] op=reserve-finalize count=1616 us=9988 rss_peak_bytes=110837760
[measure] op=delete count=1616 us=5435 rss_peak_bytes=110837760
[measure] op=reserve-finalize count=1617 us=9935 rss_peak_bytes=110837760
[measure] op=delete count=1617 us=5614 rss_peak_bytes=110854144
[measure] op=reserve-finalize count=1618 us=9973 rss_peak_bytes=110854144
[measure] op=delete count=1618 us=5579 rss_peak_bytes=110854144
[measure] op=reserve-finalize count=1619 us=9888 rss_peak_bytes=110854144
[measure] op=delete count=1619 us=5571 rss_peak_bytes=110854144
[measure] op=reserve-finalize count=1620 us=9916 rss_peak_bytes=110854144
[measure] op=delete count=1620 us=5584 rss_peak_bytes=110854144
[measure] op=reserve-finalize count=1621 us=9943 rss_peak_bytes=110854144
[measure] op=delete count=1621 us=5564 rss_peak_bytes=110870528
[measure] op=reserve-finalize count=1622 us=9986 rss_peak_bytes=110870528
[measure] op=delete count=1622 us=5818 rss_peak_bytes=110886912
[measure] op=reserve-finalize count=1623 us=10041 rss_peak_bytes=110886912
[measure] op=delete count=1623 us=5586 rss_peak_bytes=110886912
[measure] op=reserve-finalize count=1624 us=10102 rss_peak_bytes=110886912
[measure] op=delete count=1624 us=5436 rss_peak_bytes=110886912
[measure] op=reserve-finalize count=1625 us=10222 rss_peak_bytes=110886912
[measure] op=delete count=1625 us=5703 rss_peak_bytes=110903296
[measure] op=reserve-finalize count=1626 us=10413 rss_peak_bytes=110903296
[measure] op=delete count=1626 us=5628 rss_peak_bytes=110903296
[measure] op=reserve-finalize count=1627 us=9969 rss_peak_bytes=110903296
[measure] op=delete count=1627 us=5825 rss_peak_bytes=110903296
[measure] op=reserve-finalize count=1628 us=9857 rss_peak_bytes=110903296
[measure] op=delete count=1628 us=5495 rss_peak_bytes=110903296
[measure] op=reserve-finalize count=1629 us=9812 rss_peak_bytes=110903296
[measure] op=delete count=1629 us=5485 rss_peak_bytes=110903296
[measure] op=reserve-finalize count=1630 us=10040 rss_peak_bytes=110903296
[measure] op=delete count=1630 us=5886 rss_peak_bytes=110903296
[measure] op=reserve-finalize count=1631 us=10007 rss_peak_bytes=110903296
[measure] op=delete count=1631 us=5540 rss_peak_bytes=110919680
[measure] op=reserve-finalize count=1632 us=9898 rss_peak_bytes=110936064
[measure] op=delete count=1632 us=5596 rss_peak_bytes=110936064
[child] exit=0 signal=0
[measure] op=incremental-native-observe count=6528 us=819025 rss_peak_bytes=110936064
[measure] op=reserve-finalize count=1633 us=10725 rss_peak_bytes=110936064
[measure] op=delete count=1633 us=5944 rss_peak_bytes=110936064
[measure] op=reserve-finalize count=1634 us=10299 rss_peak_bytes=110952448
[measure] op=delete count=1634 us=5611 rss_peak_bytes=110952448
[measure] op=reserve-finalize count=1635 us=9971 rss_peak_bytes=110952448
[measure] op=delete count=1635 us=5670 rss_peak_bytes=110952448
[measure] op=reserve-finalize count=1636 us=10172 rss_peak_bytes=110952448
[measure] op=delete count=1636 us=5469 rss_peak_bytes=110952448
[measure] op=reserve-finalize count=1637 us=9770 rss_peak_bytes=110968832
[measure] op=delete count=1637 us=5359 rss_peak_bytes=110968832
[measure] op=reserve-finalize count=1638 us=10095 rss_peak_bytes=110968832
[measure] op=delete count=1638 us=5494 rss_peak_bytes=110968832
[measure] op=reserve-finalize count=1639 us=9961 rss_peak_bytes=110968832
[measure] op=delete count=1639 us=5698 rss_peak_bytes=110968832
[measure] op=reserve-finalize count=1640 us=10090 rss_peak_bytes=110968832
[measure] op=delete count=1640 us=5665 rss_peak_bytes=110968832
[measure] op=reserve-finalize count=1641 us=9993 rss_peak_bytes=110968832
[measure] op=delete count=1641 us=5919 rss_peak_bytes=110985216
[measure] op=reserve-finalize count=1642 us=10379 rss_peak_bytes=110985216
[measure] op=delete count=1642 us=5612 rss_peak_bytes=110985216
[measure] op=reserve-finalize count=1643 us=9922 rss_peak_bytes=110985216
[measure] op=delete count=1643 us=5549 rss_peak_bytes=111001600
[measure] op=reserve-finalize count=1644 us=10198 rss_peak_bytes=111001600
[measure] op=delete count=1644 us=5807 rss_peak_bytes=111001600
[measure] op=reserve-finalize count=1645 us=10048 rss_peak_bytes=111017984
[measure] op=delete count=1645 us=5881 rss_peak_bytes=111017984
[measure] op=reserve-finalize count=1646 us=10142 rss_peak_bytes=111034368
[measure] op=delete count=1646 us=5698 rss_peak_bytes=111034368
[measure] op=reserve-finalize count=1647 us=10068 rss_peak_bytes=111050752
[measure] op=delete count=1647 us=5507 rss_peak_bytes=111050752
[measure] op=reserve-finalize count=1648 us=9819 rss_peak_bytes=111050752
[measure] op=delete count=1648 us=5622 rss_peak_bytes=111050752
[measure] op=reserve-finalize count=1649 us=9893 rss_peak_bytes=111050752
[measure] op=delete count=1649 us=5639 rss_peak_bytes=111050752
[measure] op=reserve-finalize count=1650 us=9935 rss_peak_bytes=111050752
[measure] op=delete count=1650 us=5796 rss_peak_bytes=111067136
[measure] op=reserve-finalize count=1651 us=9859 rss_peak_bytes=111083520
[measure] op=delete count=1651 us=5371 rss_peak_bytes=111083520
[measure] op=reserve-finalize count=1652 us=9918 rss_peak_bytes=111083520
[measure] op=delete count=1652 us=5531 rss_peak_bytes=111083520
[measure] op=reserve-finalize count=1653 us=9841 rss_peak_bytes=111083520
[measure] op=delete count=1653 us=5648 rss_peak_bytes=111099904
[measure] op=reserve-finalize count=1654 us=9783 rss_peak_bytes=111099904
[measure] op=delete count=1654 us=5394 rss_peak_bytes=111099904
[measure] op=reserve-finalize count=1655 us=10119 rss_peak_bytes=111099904
[measure] op=delete count=1655 us=5838 rss_peak_bytes=111099904
[measure] op=reserve-finalize count=1656 us=10117 rss_peak_bytes=111099904
[measure] op=delete count=1656 us=5675 rss_peak_bytes=111099904
[measure] op=reserve-finalize count=1657 us=10072 rss_peak_bytes=111099904
[measure] op=delete count=1657 us=5670 rss_peak_bytes=111116288
[measure] op=reserve-finalize count=1658 us=10153 rss_peak_bytes=111116288
[measure] op=delete count=1658 us=5380 rss_peak_bytes=111116288
[measure] op=reserve-finalize count=1659 us=9921 rss_peak_bytes=111116288
[measure] op=delete count=1659 us=5452 rss_peak_bytes=111132672
[measure] op=reserve-finalize count=1660 us=9861 rss_peak_bytes=111132672
[measure] op=delete count=1660 us=5359 rss_peak_bytes=111132672
[measure] op=reserve-finalize count=1661 us=9702 rss_peak_bytes=111132672
[measure] op=delete count=1661 us=5376 rss_peak_bytes=111132672
[measure] op=reserve-finalize count=1662 us=10049 rss_peak_bytes=111132672
[measure] op=delete count=1662 us=5537 rss_peak_bytes=111132672
[measure] op=reserve-finalize count=1663 us=9954 rss_peak_bytes=111132672
[measure] op=delete count=1663 us=5534 rss_peak_bytes=111132672
[measure] op=reserve-finalize count=1664 us=9948 rss_peak_bytes=111165440
[measure] op=delete count=1664 us=5579 rss_peak_bytes=111165440
[child] exit=0 signal=0
[measure] op=incremental-native-observe count=6656 us=857779 rss_peak_bytes=111165440
[measure] op=reserve-finalize count=1665 us=10777 rss_peak_bytes=111165440
[measure] op=delete count=1665 us=5825 rss_peak_bytes=111165440
[measure] op=reserve-finalize count=1666 us=10040 rss_peak_bytes=111165440
[measure] op=delete count=1666 us=5575 rss_peak_bytes=111165440
[measure] op=reserve-finalize count=1667 us=10136 rss_peak_bytes=111165440
[measure] op=delete count=1667 us=5754 rss_peak_bytes=111165440
[measure] op=reserve-finalize count=1668 us=10280 rss_peak_bytes=111165440
[measure] op=delete count=1668 us=5590 rss_peak_bytes=111165440
[measure] op=reserve-finalize count=1669 us=10080 rss_peak_bytes=111165440
[measure] op=delete count=1669 us=5603 rss_peak_bytes=111181824
[measure] op=reserve-finalize count=1670 us=9943 rss_peak_bytes=111181824
[measure] op=delete count=1670 us=5784 rss_peak_bytes=111181824
[measure] op=reserve-finalize count=1671 us=10144 rss_peak_bytes=111181824
[measure] op=delete count=1671 us=5419 rss_peak_bytes=111181824
[measure] op=reserve-finalize count=1672 us=10135 rss_peak_bytes=111181824
[measure] op=delete count=1672 us=5427 rss_peak_bytes=111181824
[measure] op=reserve-finalize count=1673 us=9764 rss_peak_bytes=111181824
[measure] op=delete count=1673 us=5532 rss_peak_bytes=111181824
[measure] op=reserve-finalize count=1674 us=10049 rss_peak_bytes=111181824
[measure] op=delete count=1674 us=5459 rss_peak_bytes=111181824
[measure] op=reserve-finalize count=1675 us=10004 rss_peak_bytes=111181824
[measure] op=delete count=1675 us=5472 rss_peak_bytes=111198208
[measure] op=reserve-finalize count=1676 us=9925 rss_peak_bytes=111198208
[measure] op=delete count=1676 us=5697 rss_peak_bytes=111198208
[measure] op=reserve-finalize count=1677 us=10108 rss_peak_bytes=111198208
[measure] op=delete count=1677 us=5482 rss_peak_bytes=111198208
[measure] op=reserve-finalize count=1678 us=10079 rss_peak_bytes=111198208
[measure] op=delete count=1678 us=300911 rss_peak_bytes=115376128
[measure] op=reserve-finalize count=1679 us=10031 rss_peak_bytes=115408896
[measure] op=delete count=1679 us=5827 rss_peak_bytes=115408896
[measure] op=reserve-finalize count=1680 us=9956 rss_peak_bytes=115408896
[measure] op=delete count=1680 us=5629 rss_peak_bytes=115408896
[measure] op=reserve-finalize count=1681 us=10115 rss_peak_bytes=115408896
[measure] op=delete count=1681 us=5414 rss_peak_bytes=115408896
[measure] op=reserve-finalize count=1682 us=9984 rss_peak_bytes=115425280
[measure] op=delete count=1682 us=5533 rss_peak_bytes=115425280
[measure] op=reserve-finalize count=1683 us=9764 rss_peak_bytes=115441664
[measure] op=delete count=1683 us=5594 rss_peak_bytes=115441664
[measure] op=reserve-finalize count=1684 us=9974 rss_peak_bytes=115441664
[measure] op=delete count=1684 us=5435 rss_peak_bytes=115441664
[measure] op=reserve-finalize count=1685 us=10110 rss_peak_bytes=115441664
[measure] op=delete count=1685 us=5536 rss_peak_bytes=115441664
[measure] op=reserve-finalize count=1686 us=10194 rss_peak_bytes=115441664
[measure] op=delete count=1686 us=5549 rss_peak_bytes=115441664
[measure] op=reserve-finalize count=1687 us=10152 rss_peak_bytes=115441664
[measure] op=delete count=1687 us=5759 rss_peak_bytes=115441664
[measure] op=reserve-finalize count=1688 us=10012 rss_peak_bytes=115458048
[measure] op=delete count=1688 us=5814 rss_peak_bytes=115458048
[measure] op=reserve-finalize count=1689 us=9924 rss_peak_bytes=115458048
[measure] op=delete count=1689 us=5591 rss_peak_bytes=115458048
[measure] op=reserve-finalize count=1690 us=9973 rss_peak_bytes=115458048
[measure] op=delete count=1690 us=5913 rss_peak_bytes=115458048
[measure] op=reserve-finalize count=1691 us=10350 rss_peak_bytes=115458048
[measure] op=delete count=1691 us=5682 rss_peak_bytes=115458048
[measure] op=reserve-finalize count=1692 us=10517 rss_peak_bytes=115458048
[measure] op=delete count=1692 us=5554 rss_peak_bytes=115458048
[measure] op=reserve-finalize count=1693 us=10015 rss_peak_bytes=115474432
[measure] op=delete count=1693 us=5503 rss_peak_bytes=115490816
[measure] op=reserve-finalize count=1694 us=10217 rss_peak_bytes=115507200
[measure] op=delete count=1694 us=5482 rss_peak_bytes=115507200
[measure] op=reserve-finalize count=1695 us=10071 rss_peak_bytes=115507200
[measure] op=delete count=1695 us=5574 rss_peak_bytes=115507200
[measure] op=reserve-finalize count=1696 us=10042 rss_peak_bytes=115507200
[measure] op=delete count=1696 us=5459 rss_peak_bytes=115507200
[child] exit=0 signal=0
[measure] op=incremental-native-observe count=6784 us=811466 rss_peak_bytes=115507200
[measure] op=reserve-finalize count=1697 us=10352 rss_peak_bytes=115507200
[measure] op=delete count=1697 us=5651 rss_peak_bytes=115523584
[measure] op=reserve-finalize count=1698 us=10197 rss_peak_bytes=115523584
[measure] op=delete count=1698 us=5625 rss_peak_bytes=115523584
[measure] op=reserve-finalize count=1699 us=9981 rss_peak_bytes=115523584
[measure] op=delete count=1699 us=5642 rss_peak_bytes=115523584
[measure] op=reserve-finalize count=1700 us=9860 rss_peak_bytes=115556352
[measure] op=delete count=1700 us=5706 rss_peak_bytes=115556352
[measure] op=reserve-finalize count=1701 us=9868 rss_peak_bytes=115556352
[measure] op=delete count=1701 us=5676 rss_peak_bytes=115556352
[measure] op=reserve-finalize count=1702 us=10013 rss_peak_bytes=115556352
[measure] op=delete count=1702 us=5511 rss_peak_bytes=115572736
[measure] op=reserve-finalize count=1703 us=10132 rss_peak_bytes=115572736
[measure] op=delete count=1703 us=5574 rss_peak_bytes=115572736
[measure] op=reserve-finalize count=1704 us=9721 rss_peak_bytes=115572736
[measure] op=delete count=1704 us=5717 rss_peak_bytes=115572736
[measure] op=reserve-finalize count=1705 us=10048 rss_peak_bytes=115572736
[measure] op=delete count=1705 us=5909 rss_peak_bytes=115572736
[measure] op=reserve-finalize count=1706 us=9957 rss_peak_bytes=115572736
[measure] op=delete count=1706 us=5531 rss_peak_bytes=115572736
[measure] op=reserve-finalize count=1707 us=10155 rss_peak_bytes=115589120
[measure] op=delete count=1707 us=5815 rss_peak_bytes=115589120
[measure] op=reserve-finalize count=1708 us=9929 rss_peak_bytes=115589120
[measure] op=delete count=1708 us=5516 rss_peak_bytes=115589120
[measure] op=reserve-finalize count=1709 us=9889 rss_peak_bytes=115589120
[measure] op=delete count=1709 us=5422 rss_peak_bytes=115589120
[measure] op=reserve-finalize count=1710 us=10218 rss_peak_bytes=115589120
[measure] op=delete count=1710 us=5551 rss_peak_bytes=115589120
[measure] op=reserve-finalize count=1711 us=10095 rss_peak_bytes=115605504
[measure] op=delete count=1711 us=5516 rss_peak_bytes=115621888
[measure] op=reserve-finalize count=1712 us=10017 rss_peak_bytes=115621888
[measure] op=delete count=1712 us=5475 rss_peak_bytes=115621888
[measure] op=reserve-finalize count=1713 us=10042 rss_peak_bytes=115621888
[measure] op=delete count=1713 us=5678 rss_peak_bytes=115621888
[measure] op=reserve-finalize count=1714 us=9938 rss_peak_bytes=115621888
[measure] op=delete count=1714 us=5431 rss_peak_bytes=115621888
[measure] op=reserve-finalize count=1715 us=9882 rss_peak_bytes=115621888
[measure] op=delete count=1715 us=5586 rss_peak_bytes=115638272
[measure] op=reserve-finalize count=1716 us=10060 rss_peak_bytes=115638272
[measure] op=delete count=1716 us=5711 rss_peak_bytes=115638272
[measure] op=reserve-finalize count=1717 us=10004 rss_peak_bytes=115638272
[measure] op=delete count=1717 us=5546 rss_peak_bytes=115638272
[measure] op=reserve-finalize count=1718 us=9939 rss_peak_bytes=115638272
[measure] op=delete count=1718 us=5524 rss_peak_bytes=115638272
[measure] op=reserve-finalize count=1719 us=9995 rss_peak_bytes=115638272
[measure] op=delete count=1719 us=5569 rss_peak_bytes=115638272
[measure] op=reserve-finalize count=1720 us=10034 rss_peak_bytes=115638272
[measure] op=delete count=1720 us=5496 rss_peak_bytes=115638272
[measure] op=reserve-finalize count=1721 us=10158 rss_peak_bytes=115654656
[measure] op=delete count=1721 us=5562 rss_peak_bytes=115654656
[measure] op=reserve-finalize count=1722 us=9894 rss_peak_bytes=115654656
[measure] op=delete count=1722 us=5873 rss_peak_bytes=115654656
[measure] op=reserve-finalize count=1723 us=10177 rss_peak_bytes=115654656
[measure] op=delete count=1723 us=5496 rss_peak_bytes=115654656
[measure] op=reserve-finalize count=1724 us=10077 rss_peak_bytes=115654656
[measure] op=delete count=1724 us=5452 rss_peak_bytes=115654656
[measure] op=reserve-finalize count=1725 us=9909 rss_peak_bytes=115654656
[measure] op=delete count=1725 us=5417 rss_peak_bytes=115671040
[measure] op=reserve-finalize count=1726 us=10000 rss_peak_bytes=115671040
[measure] op=delete count=1726 us=5434 rss_peak_bytes=115671040
[measure] op=reserve-finalize count=1727 us=10532 rss_peak_bytes=115671040
[measure] op=delete count=1727 us=5503 rss_peak_bytes=115671040
[measure] op=reserve-finalize count=1728 us=9961 rss_peak_bytes=115671040
[measure] op=delete count=1728 us=5713 rss_peak_bytes=115671040
[child] exit=0 signal=0
[measure] op=incremental-native-observe count=6912 us=852840 rss_peak_bytes=115671040
[measure] op=reserve-finalize count=1729 us=10953 rss_peak_bytes=115671040
[measure] op=delete count=1729 us=6040 rss_peak_bytes=115687424
[measure] op=reserve-finalize count=1730 us=10151 rss_peak_bytes=115703808
[measure] op=delete count=1730 us=5544 rss_peak_bytes=115703808
[measure] op=reserve-finalize count=1731 us=10220 rss_peak_bytes=115703808
[measure] op=delete count=1731 us=5653 rss_peak_bytes=115720192
[measure] op=reserve-finalize count=1732 us=9872 rss_peak_bytes=115720192
[measure] op=delete count=1732 us=5482 rss_peak_bytes=115720192
[measure] op=reserve-finalize count=1733 us=9921 rss_peak_bytes=115720192
[measure] op=delete count=1733 us=5479 rss_peak_bytes=115720192
[measure] op=reserve-finalize count=1734 us=10174 rss_peak_bytes=115736576
[measure] op=delete count=1734 us=5724 rss_peak_bytes=115736576
[measure] op=reserve-finalize count=1735 us=9998 rss_peak_bytes=115736576
[measure] op=delete count=1735 us=5920 rss_peak_bytes=115736576
[measure] op=reserve-finalize count=1736 us=9970 rss_peak_bytes=115769344
[measure] op=delete count=1736 us=5495 rss_peak_bytes=115769344
[measure] op=reserve-finalize count=1737 us=9986 rss_peak_bytes=115769344
[measure] op=delete count=1737 us=5457 rss_peak_bytes=115769344
[measure] op=reserve-finalize count=1738 us=9872 rss_peak_bytes=115769344
[measure] op=delete count=1738 us=5466 rss_peak_bytes=115769344
[measure] op=reserve-finalize count=1739 us=10047 rss_peak_bytes=115769344
[measure] op=delete count=1739 us=5508 rss_peak_bytes=115769344
[measure] op=reserve-finalize count=1740 us=9925 rss_peak_bytes=115769344
[measure] op=delete count=1740 us=5358 rss_peak_bytes=115769344
[measure] op=reserve-finalize count=1741 us=9813 rss_peak_bytes=115769344
[measure] op=delete count=1741 us=5788 rss_peak_bytes=115769344
[measure] op=reserve-finalize count=1742 us=10043 rss_peak_bytes=115785728
[measure] op=delete count=1742 us=5592 rss_peak_bytes=115785728
[measure] op=reserve-finalize count=1743 us=9894 rss_peak_bytes=115802112
[measure] op=delete count=1743 us=5640 rss_peak_bytes=115818496
[measure] op=reserve-finalize count=1744 us=9946 rss_peak_bytes=115818496
[measure] op=delete count=1744 us=5679 rss_peak_bytes=115818496
[measure] op=reserve-finalize count=1745 us=9917 rss_peak_bytes=115818496
[measure] op=delete count=1745 us=5935 rss_peak_bytes=115818496
[measure] op=reserve-finalize count=1746 us=9920 rss_peak_bytes=115818496
[measure] op=delete count=1746 us=5614 rss_peak_bytes=115818496
[measure] op=reserve-finalize count=1747 us=9958 rss_peak_bytes=115818496
[measure] op=delete count=1747 us=5519 rss_peak_bytes=115818496
[measure] op=reserve-finalize count=1748 us=10344 rss_peak_bytes=115834880
[measure] op=delete count=1748 us=5625 rss_peak_bytes=115834880
[measure] op=reserve-finalize count=1749 us=10009 rss_peak_bytes=115834880
[measure] op=delete count=1749 us=5501 rss_peak_bytes=115834880
[measure] op=reserve-finalize count=1750 us=9885 rss_peak_bytes=115834880
[measure] op=delete count=1750 us=5370 rss_peak_bytes=115834880
[measure] op=reserve-finalize count=1751 us=9722 rss_peak_bytes=115834880
[measure] op=delete count=1751 us=5454 rss_peak_bytes=115851264
[measure] op=reserve-finalize count=1752 us=10190 rss_peak_bytes=115851264
[measure] op=delete count=1752 us=5515 rss_peak_bytes=115851264
[measure] op=reserve-finalize count=1753 us=9927 rss_peak_bytes=115851264
[measure] op=delete count=1753 us=5455 rss_peak_bytes=115851264
[measure] op=reserve-finalize count=1754 us=10005 rss_peak_bytes=115851264
[measure] op=delete count=1754 us=5505 rss_peak_bytes=115851264
[measure] op=reserve-finalize count=1755 us=10067 rss_peak_bytes=115851264
[measure] op=delete count=1755 us=5566 rss_peak_bytes=115851264
[measure] op=reserve-finalize count=1756 us=10021 rss_peak_bytes=115851264
[measure] op=delete count=1756 us=5480 rss_peak_bytes=115851264
[measure] op=reserve-finalize count=1757 us=9924 rss_peak_bytes=115851264
[measure] op=delete count=1757 us=5696 rss_peak_bytes=115851264
[measure] op=reserve-finalize count=1758 us=10082 rss_peak_bytes=115851264
[measure] op=delete count=1758 us=5747 rss_peak_bytes=115851264
[measure] op=reserve-finalize count=1759 us=10148 rss_peak_bytes=115851264
[measure] op=delete count=1759 us=5586 rss_peak_bytes=115851264
[measure] op=reserve-finalize count=1760 us=10094 rss_peak_bytes=115851264
[measure] op=delete count=1760 us=5565 rss_peak_bytes=115851264
[child] exit=0 signal=0
[measure] op=incremental-native-observe count=7040 us=892001 rss_peak_bytes=115851264
[measure] op=reserve-finalize count=1761 us=10747 rss_peak_bytes=115851264
[measure] op=delete count=1761 us=5541 rss_peak_bytes=115851264
[measure] op=reserve-finalize count=1762 us=10252 rss_peak_bytes=115851264
[measure] op=delete count=1762 us=5860 rss_peak_bytes=115851264
[measure] op=reserve-finalize count=1763 us=9822 rss_peak_bytes=115851264
[measure] op=delete count=1763 us=5527 rss_peak_bytes=115851264
[measure] op=reserve-finalize count=1764 us=10088 rss_peak_bytes=115851264
[measure] op=delete count=1764 us=5779 rss_peak_bytes=115851264
[measure] op=reserve-finalize count=1765 us=9968 rss_peak_bytes=115851264
[measure] op=delete count=1765 us=5933 rss_peak_bytes=115851264
[measure] op=reserve-finalize count=1766 us=10086 rss_peak_bytes=115851264
[measure] op=delete count=1766 us=5567 rss_peak_bytes=115851264
[measure] op=reserve-finalize count=1767 us=10069 rss_peak_bytes=115851264
[measure] op=delete count=1767 us=5556 rss_peak_bytes=115851264
[measure] op=reserve-finalize count=1768 us=9926 rss_peak_bytes=115851264
[measure] op=delete count=1768 us=5597 rss_peak_bytes=115851264
[measure] op=reserve-finalize count=1769 us=9969 rss_peak_bytes=115851264
[measure] op=delete count=1769 us=5555 rss_peak_bytes=115851264
[measure] op=reserve-finalize count=1770 us=10078 rss_peak_bytes=115851264
[measure] op=delete count=1770 us=5696 rss_peak_bytes=115851264
[measure] op=reserve-finalize count=1771 us=10145 rss_peak_bytes=115851264
[measure] op=delete count=1771 us=5527 rss_peak_bytes=115851264
[measure] op=reserve-finalize count=1772 us=10116 rss_peak_bytes=115851264
[measure] op=delete count=1772 us=316261 rss_peak_bytes=115851264
[measure] op=reserve-finalize count=1773 us=10227 rss_peak_bytes=115851264
[measure] op=delete count=1773 us=5518 rss_peak_bytes=115851264
[measure] op=reserve-finalize count=1774 us=10219 rss_peak_bytes=115851264
[measure] op=delete count=1774 us=5561 rss_peak_bytes=115851264
[measure] op=reserve-finalize count=1775 us=10023 rss_peak_bytes=115851264
[measure] op=delete count=1775 us=5732 rss_peak_bytes=115851264
[measure] op=reserve-finalize count=1776 us=10063 rss_peak_bytes=115851264
[measure] op=delete count=1776 us=5422 rss_peak_bytes=115851264
[measure] op=reserve-finalize count=1777 us=9876 rss_peak_bytes=115851264
[measure] op=delete count=1777 us=5473 rss_peak_bytes=115851264
[measure] op=reserve-finalize count=1778 us=10081 rss_peak_bytes=115851264
[measure] op=delete count=1778 us=5597 rss_peak_bytes=115851264
[measure] op=reserve-finalize count=1779 us=9899 rss_peak_bytes=115851264
[measure] op=delete count=1779 us=5650 rss_peak_bytes=115851264
[measure] op=reserve-finalize count=1780 us=10083 rss_peak_bytes=115851264
[measure] op=delete count=1780 us=5484 rss_peak_bytes=115851264
[measure] op=reserve-finalize count=1781 us=9911 rss_peak_bytes=115851264
[measure] op=delete count=1781 us=5743 rss_peak_bytes=115851264
[measure] op=reserve-finalize count=1782 us=9996 rss_peak_bytes=115851264
[measure] op=delete count=1782 us=5832 rss_peak_bytes=115851264
[measure] op=reserve-finalize count=1783 us=10085 rss_peak_bytes=115851264
[measure] op=delete count=1783 us=5513 rss_peak_bytes=115851264
[measure] op=reserve-finalize count=1784 us=10274 rss_peak_bytes=115851264
[measure] op=delete count=1784 us=5583 rss_peak_bytes=115851264
[measure] op=reserve-finalize count=1785 us=10284 rss_peak_bytes=115851264
[measure] op=delete count=1785 us=5542 rss_peak_bytes=115851264
[measure] op=reserve-finalize count=1786 us=10122 rss_peak_bytes=115851264
[measure] op=delete count=1786 us=5498 rss_peak_bytes=115851264
[measure] op=reserve-finalize count=1787 us=9818 rss_peak_bytes=115851264
[measure] op=delete count=1787 us=5359 rss_peak_bytes=115851264
[measure] op=reserve-finalize count=1788 us=10115 rss_peak_bytes=115851264
[measure] op=delete count=1788 us=5754 rss_peak_bytes=115851264
[measure] op=reserve-finalize count=1789 us=10251 rss_peak_bytes=115851264
[measure] op=delete count=1789 us=5835 rss_peak_bytes=115851264
[measure] op=reserve-finalize count=1790 us=10315 rss_peak_bytes=115851264
[measure] op=delete count=1790 us=5836 rss_peak_bytes=115851264
[measure] op=reserve-finalize count=1791 us=10276 rss_peak_bytes=115851264
[measure] op=delete count=1791 us=5949 rss_peak_bytes=115851264
[measure] op=reserve-finalize count=1792 us=10136 rss_peak_bytes=115851264
[measure] op=delete count=1792 us=5896 rss_peak_bytes=115851264
[child] exit=0 signal=0
[measure] op=incremental-native-observe count=7168 us=846905 rss_peak_bytes=115851264
[measure] op=reserve-finalize count=1793 us=10868 rss_peak_bytes=115851264
[measure] op=delete count=1793 us=5523 rss_peak_bytes=115851264
[measure] op=reserve-finalize count=1794 us=10225 rss_peak_bytes=115851264
[measure] op=delete count=1794 us=5499 rss_peak_bytes=115851264
[measure] op=reserve-finalize count=1795 us=9842 rss_peak_bytes=115851264
[measure] op=delete count=1795 us=5540 rss_peak_bytes=115851264
[measure] op=reserve-finalize count=1796 us=10149 rss_peak_bytes=115851264
[measure] op=delete count=1796 us=5806 rss_peak_bytes=115851264
[measure] op=reserve-finalize count=1797 us=9965 rss_peak_bytes=115851264
[measure] op=delete count=1797 us=5594 rss_peak_bytes=115851264
[measure] op=reserve-finalize count=1798 us=9989 rss_peak_bytes=115851264
[measure] op=delete count=1798 us=5652 rss_peak_bytes=115851264
[measure] op=reserve-finalize count=1799 us=9942 rss_peak_bytes=115851264
[measure] op=delete count=1799 us=5796 rss_peak_bytes=115851264
[measure] op=reserve-finalize count=1800 us=10101 rss_peak_bytes=115851264
[measure] op=delete count=1800 us=5576 rss_peak_bytes=115851264
[measure] op=reserve-finalize count=1801 us=9988 rss_peak_bytes=115851264
[measure] op=delete count=1801 us=5473 rss_peak_bytes=115851264
[measure] op=reserve-finalize count=1802 us=10116 rss_peak_bytes=115851264
[measure] op=delete count=1802 us=5823 rss_peak_bytes=115851264
[measure] op=reserve-finalize count=1803 us=9805 rss_peak_bytes=115851264
[measure] op=delete count=1803 us=5541 rss_peak_bytes=115851264
[measure] op=reserve-finalize count=1804 us=10101 rss_peak_bytes=115851264
[measure] op=delete count=1804 us=5760 rss_peak_bytes=115851264
[measure] op=reserve-finalize count=1805 us=10074 rss_peak_bytes=115851264
[measure] op=delete count=1805 us=5652 rss_peak_bytes=115851264
[measure] op=reserve-finalize count=1806 us=9931 rss_peak_bytes=115851264
[measure] op=delete count=1806 us=5636 rss_peak_bytes=115851264
[measure] op=reserve-finalize count=1807 us=10169 rss_peak_bytes=115851264
[measure] op=delete count=1807 us=5567 rss_peak_bytes=115851264
[measure] op=reserve-finalize count=1808 us=9962 rss_peak_bytes=115851264
[measure] op=delete count=1808 us=5794 rss_peak_bytes=115851264
[measure] op=reserve-finalize count=1809 us=9875 rss_peak_bytes=115851264
[measure] op=delete count=1809 us=5489 rss_peak_bytes=115851264
[measure] op=reserve-finalize count=1810 us=10008 rss_peak_bytes=115851264
[measure] op=delete count=1810 us=5592 rss_peak_bytes=115851264
[measure] op=reserve-finalize count=1811 us=9966 rss_peak_bytes=115851264
[measure] op=delete count=1811 us=5563 rss_peak_bytes=115851264
[measure] op=reserve-finalize count=1812 us=10136 rss_peak_bytes=115851264
[measure] op=delete count=1812 us=5551 rss_peak_bytes=115851264
[measure] op=reserve-finalize count=1813 us=9817 rss_peak_bytes=115851264
[measure] op=delete count=1813 us=5670 rss_peak_bytes=115851264
[measure] op=reserve-finalize count=1814 us=10100 rss_peak_bytes=115851264
[measure] op=delete count=1814 us=5660 rss_peak_bytes=115851264
[measure] op=reserve-finalize count=1815 us=10010 rss_peak_bytes=115851264
[measure] op=delete count=1815 us=5526 rss_peak_bytes=115851264
[measure] op=reserve-finalize count=1816 us=9870 rss_peak_bytes=115851264
[measure] op=delete count=1816 us=5490 rss_peak_bytes=115851264
[measure] op=reserve-finalize count=1817 us=10048 rss_peak_bytes=115851264
[measure] op=delete count=1817 us=5486 rss_peak_bytes=115851264
[measure] op=reserve-finalize count=1818 us=10235 rss_peak_bytes=115851264
[measure] op=delete count=1818 us=5541 rss_peak_bytes=115851264
[measure] op=reserve-finalize count=1819 us=10220 rss_peak_bytes=115851264
[measure] op=delete count=1819 us=5743 rss_peak_bytes=115851264
[measure] op=reserve-finalize count=1820 us=10128 rss_peak_bytes=115851264
[measure] op=delete count=1820 us=5743 rss_peak_bytes=115851264
[measure] op=reserve-finalize count=1821 us=10199 rss_peak_bytes=115851264
[measure] op=delete count=1821 us=5551 rss_peak_bytes=115851264
[measure] op=reserve-finalize count=1822 us=10241 rss_peak_bytes=115851264
[measure] op=delete count=1822 us=5585 rss_peak_bytes=115851264
[measure] op=reserve-finalize count=1823 us=9890 rss_peak_bytes=115851264
[measure] op=delete count=1823 us=5519 rss_peak_bytes=115851264
[measure] op=reserve-finalize count=1824 us=9965 rss_peak_bytes=115851264
[measure] op=delete count=1824 us=5437 rss_peak_bytes=115851264
[child] exit=0 signal=0
[measure] op=incremental-native-observe count=7296 us=888727 rss_peak_bytes=115851264
[measure] op=reserve-finalize count=1825 us=10427 rss_peak_bytes=115851264
[measure] op=delete count=1825 us=5775 rss_peak_bytes=115851264
[measure] op=reserve-finalize count=1826 us=10191 rss_peak_bytes=115851264
[measure] op=delete count=1826 us=5499 rss_peak_bytes=115851264
[measure] op=reserve-finalize count=1827 us=10008 rss_peak_bytes=115851264
[measure] op=delete count=1827 us=5502 rss_peak_bytes=115851264
[measure] op=reserve-finalize count=1828 us=10005 rss_peak_bytes=115851264
[measure] op=delete count=1828 us=5594 rss_peak_bytes=115851264
[measure] op=reserve-finalize count=1829 us=9962 rss_peak_bytes=115851264
[measure] op=delete count=1829 us=5764 rss_peak_bytes=115851264
[measure] op=reserve-finalize count=1830 us=10074 rss_peak_bytes=115851264
[measure] op=delete count=1830 us=5568 rss_peak_bytes=115851264
[measure] op=reserve-finalize count=1831 us=10027 rss_peak_bytes=115851264
[measure] op=delete count=1831 us=5436 rss_peak_bytes=115851264
[measure] op=reserve-finalize count=1832 us=9902 rss_peak_bytes=115851264
[measure] op=delete count=1832 us=5777 rss_peak_bytes=115851264
[measure] op=reserve-finalize count=1833 us=10049 rss_peak_bytes=115851264
[measure] op=delete count=1833 us=5935 rss_peak_bytes=115851264
[measure] op=reserve-finalize count=1834 us=10006 rss_peak_bytes=115851264
[measure] op=delete count=1834 us=5670 rss_peak_bytes=115851264
[measure] op=reserve-finalize count=1835 us=9999 rss_peak_bytes=115851264
[measure] op=delete count=1835 us=5552 rss_peak_bytes=115851264
[measure] op=reserve-finalize count=1836 us=9947 rss_peak_bytes=115851264
[measure] op=delete count=1836 us=5470 rss_peak_bytes=115851264
[measure] op=reserve-finalize count=1837 us=9912 rss_peak_bytes=115851264
[measure] op=delete count=1837 us=5722 rss_peak_bytes=115851264
[measure] op=reserve-finalize count=1838 us=10063 rss_peak_bytes=115851264
[measure] op=delete count=1838 us=5527 rss_peak_bytes=115851264
[measure] op=reserve-finalize count=1839 us=9977 rss_peak_bytes=115851264
[measure] op=delete count=1839 us=5524 rss_peak_bytes=115851264
[measure] op=reserve-finalize count=1840 us=10155 rss_peak_bytes=115851264
[measure] op=delete count=1840 us=5469 rss_peak_bytes=115851264
[measure] op=reserve-finalize count=1841 us=9854 rss_peak_bytes=115851264
[measure] op=delete count=1841 us=5486 rss_peak_bytes=115851264
[measure] op=reserve-finalize count=1842 us=9962 rss_peak_bytes=115851264
[measure] op=delete count=1842 us=5536 rss_peak_bytes=115851264
[measure] op=reserve-finalize count=1843 us=10098 rss_peak_bytes=115851264
[measure] op=delete count=1843 us=5875 rss_peak_bytes=115851264
[measure] op=reserve-finalize count=1844 us=10071 rss_peak_bytes=115851264
[measure] op=delete count=1844 us=5838 rss_peak_bytes=115851264
[measure] op=reserve-finalize count=1845 us=10115 rss_peak_bytes=115851264
[measure] op=delete count=1845 us=5753 rss_peak_bytes=115851264
[measure] op=reserve-finalize count=1846 us=10139 rss_peak_bytes=115851264
[measure] op=delete count=1846 us=5846 rss_peak_bytes=115851264
[measure] op=reserve-finalize count=1847 us=10056 rss_peak_bytes=115851264
[measure] op=delete count=1847 us=5533 rss_peak_bytes=115851264
[measure] op=reserve-finalize count=1848 us=9960 rss_peak_bytes=115851264
[measure] op=delete count=1848 us=5643 rss_peak_bytes=115851264
[measure] op=reserve-finalize count=1849 us=9960 rss_peak_bytes=115851264
[measure] op=delete count=1849 us=5493 rss_peak_bytes=115851264
[measure] op=reserve-finalize count=1850 us=10067 rss_peak_bytes=115851264
[measure] op=delete count=1850 us=5595 rss_peak_bytes=115851264
[measure] op=reserve-finalize count=1851 us=10050 rss_peak_bytes=115851264
[measure] op=delete count=1851 us=5451 rss_peak_bytes=115851264
[measure] op=reserve-finalize count=1852 us=9969 rss_peak_bytes=115851264
[measure] op=delete count=1852 us=5751 rss_peak_bytes=115851264
[measure] op=reserve-finalize count=1853 us=9835 rss_peak_bytes=115851264
[measure] op=delete count=1853 us=5652 rss_peak_bytes=115851264
[measure] op=reserve-finalize count=1854 us=10019 rss_peak_bytes=115851264
[measure] op=delete count=1854 us=5381 rss_peak_bytes=115851264
[measure] op=reserve-finalize count=1855 us=10340 rss_peak_bytes=115851264
[measure] op=delete count=1855 us=5941 rss_peak_bytes=115851264
[measure] op=reserve-finalize count=1856 us=9981 rss_peak_bytes=115851264
[measure] op=delete count=1856 us=5624 rss_peak_bytes=115851264
[child] exit=0 signal=0
[measure] op=incremental-native-observe count=7424 us=934494 rss_peak_bytes=115851264
[measure] op=reserve-finalize count=1857 us=10715 rss_peak_bytes=115851264
[measure] op=delete count=1857 us=5804 rss_peak_bytes=115851264
[measure] op=reserve-finalize count=1858 us=10309 rss_peak_bytes=115851264
[measure] op=delete count=1858 us=5803 rss_peak_bytes=115851264
[measure] op=reserve-finalize count=1859 us=9913 rss_peak_bytes=115851264
[measure] op=delete count=1859 us=5751 rss_peak_bytes=115851264
[measure] op=reserve-finalize count=1860 us=9829 rss_peak_bytes=115851264
[measure] op=delete count=1860 us=5473 rss_peak_bytes=115851264
[measure] op=reserve-finalize count=1861 us=10232 rss_peak_bytes=115851264
[measure] op=delete count=1861 us=5739 rss_peak_bytes=115851264
[measure] op=reserve-finalize count=1862 us=10214 rss_peak_bytes=115851264
[measure] op=delete count=1862 us=5698 rss_peak_bytes=115851264
[measure] op=reserve-finalize count=1863 us=10126 rss_peak_bytes=115851264
[measure] op=delete count=1863 us=5545 rss_peak_bytes=115851264
[measure] op=reserve-finalize count=1864 us=10194 rss_peak_bytes=115851264
[measure] op=delete count=1864 us=5631 rss_peak_bytes=115851264
[measure] op=reserve-finalize count=1865 us=10032 rss_peak_bytes=115851264
[measure] op=delete count=1865 us=5522 rss_peak_bytes=115851264
[measure] op=reserve-finalize count=1866 us=9876 rss_peak_bytes=115851264
[measure] op=delete count=1866 us=332140 rss_peak_bytes=119635968
[measure] op=reserve-finalize count=1867 us=10145 rss_peak_bytes=119635968
[measure] op=delete count=1867 us=5510 rss_peak_bytes=119635968
[measure] op=reserve-finalize count=1868 us=10258 rss_peak_bytes=119635968
[measure] op=delete count=1868 us=5754 rss_peak_bytes=119635968
[measure] op=reserve-finalize count=1869 us=10168 rss_peak_bytes=119635968
[measure] op=delete count=1869 us=5483 rss_peak_bytes=119635968
[measure] op=reserve-finalize count=1870 us=10319 rss_peak_bytes=119652352
[measure] op=delete count=1870 us=5724 rss_peak_bytes=119652352
[measure] op=reserve-finalize count=1871 us=10046 rss_peak_bytes=119668736
[measure] op=delete count=1871 us=5565 rss_peak_bytes=119685120
[measure] op=reserve-finalize count=1872 us=10024 rss_peak_bytes=119685120
[measure] op=delete count=1872 us=5698 rss_peak_bytes=119685120
[measure] op=reserve-finalize count=1873 us=9938 rss_peak_bytes=119685120
[measure] op=delete count=1873 us=5575 rss_peak_bytes=119701504
[measure] op=reserve-finalize count=1874 us=9941 rss_peak_bytes=119701504
[measure] op=delete count=1874 us=5420 rss_peak_bytes=119701504
[measure] op=reserve-finalize count=1875 us=9999 rss_peak_bytes=119701504
[measure] op=delete count=1875 us=5622 rss_peak_bytes=119717888
[measure] op=reserve-finalize count=1876 us=9978 rss_peak_bytes=119717888
[measure] op=delete count=1876 us=5550 rss_peak_bytes=119717888
[measure] op=reserve-finalize count=1877 us=9984 rss_peak_bytes=119717888
[measure] op=delete count=1877 us=5407 rss_peak_bytes=119717888
[measure] op=reserve-finalize count=1878 us=10174 rss_peak_bytes=119717888
[measure] op=delete count=1878 us=5566 rss_peak_bytes=119717888
[measure] op=reserve-finalize count=1879 us=10175 rss_peak_bytes=119717888
[measure] op=delete count=1879 us=5585 rss_peak_bytes=119717888
[measure] op=reserve-finalize count=1880 us=10327 rss_peak_bytes=119734272
[measure] op=delete count=1880 us=5510 rss_peak_bytes=119734272
[measure] op=reserve-finalize count=1881 us=10738 rss_peak_bytes=119734272
[measure] op=delete count=1881 us=5732 rss_peak_bytes=119734272
[measure] op=reserve-finalize count=1882 us=9973 rss_peak_bytes=119734272
[measure] op=delete count=1882 us=5664 rss_peak_bytes=119734272
[measure] op=reserve-finalize count=1883 us=9984 rss_peak_bytes=119734272
[measure] op=delete count=1883 us=5488 rss_peak_bytes=119734272
[measure] op=reserve-finalize count=1884 us=10004 rss_peak_bytes=119734272
[measure] op=delete count=1884 us=5617 rss_peak_bytes=119734272
[measure] op=reserve-finalize count=1885 us=9842 rss_peak_bytes=119734272
[measure] op=delete count=1885 us=5571 rss_peak_bytes=119750656
[measure] op=reserve-finalize count=1886 us=9865 rss_peak_bytes=119750656
[measure] op=delete count=1886 us=5418 rss_peak_bytes=119750656
[measure] op=reserve-finalize count=1887 us=10077 rss_peak_bytes=119767040
[measure] op=delete count=1887 us=5619 rss_peak_bytes=119767040
[measure] op=reserve-finalize count=1888 us=10302 rss_peak_bytes=119767040
[measure] op=delete count=1888 us=5709 rss_peak_bytes=119767040
[child] exit=0 signal=0
[measure] op=incremental-native-observe count=7552 us=883496 rss_peak_bytes=119767040
[measure] op=reserve-finalize count=1889 us=10409 rss_peak_bytes=119783424
[measure] op=delete count=1889 us=5906 rss_peak_bytes=119783424
[measure] op=reserve-finalize count=1890 us=10163 rss_peak_bytes=119783424
[measure] op=delete count=1890 us=5677 rss_peak_bytes=119783424
[measure] op=reserve-finalize count=1891 us=10004 rss_peak_bytes=119783424
[measure] op=delete count=1891 us=5564 rss_peak_bytes=119783424
[measure] op=reserve-finalize count=1892 us=10023 rss_peak_bytes=119799808
[measure] op=delete count=1892 us=5624 rss_peak_bytes=119799808
[measure] op=reserve-finalize count=1893 us=9917 rss_peak_bytes=119799808
[measure] op=delete count=1893 us=5767 rss_peak_bytes=119799808
[measure] op=reserve-finalize count=1894 us=9898 rss_peak_bytes=119799808
[measure] op=delete count=1894 us=5584 rss_peak_bytes=119799808
[measure] op=reserve-finalize count=1895 us=9938 rss_peak_bytes=119799808
[measure] op=delete count=1895 us=5552 rss_peak_bytes=119799808
[measure] op=reserve-finalize count=1896 us=10010 rss_peak_bytes=119799808
[measure] op=delete count=1896 us=5608 rss_peak_bytes=119799808
[measure] op=reserve-finalize count=1897 us=9802 rss_peak_bytes=119799808
[measure] op=delete count=1897 us=5557 rss_peak_bytes=119816192
[measure] op=reserve-finalize count=1898 us=10069 rss_peak_bytes=119816192
[measure] op=delete count=1898 us=5573 rss_peak_bytes=119816192
[measure] op=reserve-finalize count=1899 us=9966 rss_peak_bytes=119816192
[measure] op=delete count=1899 us=5465 rss_peak_bytes=119816192
[measure] op=reserve-finalize count=1900 us=9948 rss_peak_bytes=119816192
[measure] op=delete count=1900 us=5570 rss_peak_bytes=119816192
[measure] op=reserve-finalize count=1901 us=10040 rss_peak_bytes=119816192
[measure] op=delete count=1901 us=5608 rss_peak_bytes=119832576
[measure] op=reserve-finalize count=1902 us=10226 rss_peak_bytes=119832576
[measure] op=delete count=1902 us=5475 rss_peak_bytes=119832576
[measure] op=reserve-finalize count=1903 us=10030 rss_peak_bytes=119848960
[measure] op=delete count=1903 us=5681 rss_peak_bytes=119848960
[measure] op=reserve-finalize count=1904 us=10001 rss_peak_bytes=119848960
[measure] op=delete count=1904 us=5828 rss_peak_bytes=119848960
[measure] op=reserve-finalize count=1905 us=9871 rss_peak_bytes=119848960
[measure] op=delete count=1905 us=5492 rss_peak_bytes=119865344
[measure] op=reserve-finalize count=1906 us=9911 rss_peak_bytes=119881728
[measure] op=delete count=1906 us=5525 rss_peak_bytes=119881728
[measure] op=reserve-finalize count=1907 us=9940 rss_peak_bytes=119881728
[measure] op=delete count=1907 us=5648 rss_peak_bytes=119881728
[measure] op=reserve-finalize count=1908 us=9937 rss_peak_bytes=119881728
[measure] op=delete count=1908 us=5925 rss_peak_bytes=119881728
[measure] op=reserve-finalize count=1909 us=9940 rss_peak_bytes=119881728
[measure] op=delete count=1909 us=5887 rss_peak_bytes=119898112
[measure] op=reserve-finalize count=1910 us=10271 rss_peak_bytes=119898112
[measure] op=delete count=1910 us=5724 rss_peak_bytes=119898112
[measure] op=reserve-finalize count=1911 us=10109 rss_peak_bytes=119898112
[measure] op=delete count=1911 us=5580 rss_peak_bytes=119914496
[measure] op=reserve-finalize count=1912 us=10193 rss_peak_bytes=119914496
[measure] op=delete count=1912 us=5604 rss_peak_bytes=119914496
[measure] op=reserve-finalize count=1913 us=10043 rss_peak_bytes=119914496
[measure] op=delete count=1913 us=5628 rss_peak_bytes=119914496
[measure] op=reserve-finalize count=1914 us=9918 rss_peak_bytes=119914496
[measure] op=delete count=1914 us=5469 rss_peak_bytes=119914496
[measure] op=reserve-finalize count=1915 us=9842 rss_peak_bytes=119914496
[measure] op=delete count=1915 us=6120 rss_peak_bytes=119930880
[measure] op=reserve-finalize count=1916 us=10071 rss_peak_bytes=119930880
[measure] op=delete count=1916 us=5713 rss_peak_bytes=119930880
[measure] op=reserve-finalize count=1917 us=9884 rss_peak_bytes=119930880
[measure] op=delete count=1917 us=5440 rss_peak_bytes=119930880
[measure] op=reserve-finalize count=1918 us=9867 rss_peak_bytes=119930880
[measure] op=delete count=1918 us=5875 rss_peak_bytes=119930880
[measure] op=reserve-finalize count=1919 us=9869 rss_peak_bytes=119930880
[measure] op=delete count=1919 us=5475 rss_peak_bytes=119947264
[measure] op=reserve-finalize count=1920 us=9780 rss_peak_bytes=119947264
[measure] op=delete count=1920 us=5401 rss_peak_bytes=119947264
[child] exit=0 signal=0
[measure] op=incremental-native-observe count=7680 us=926996 rss_peak_bytes=119947264
[measure] op=reserve-finalize count=1921 us=10579 rss_peak_bytes=119947264
[measure] op=delete count=1921 us=5835 rss_peak_bytes=119963648
[measure] op=reserve-finalize count=1922 us=10341 rss_peak_bytes=119963648
[measure] op=delete count=1922 us=5909 rss_peak_bytes=119963648
[measure] op=reserve-finalize count=1923 us=10256 rss_peak_bytes=119963648
[measure] op=delete count=1923 us=5709 rss_peak_bytes=119963648
[measure] op=reserve-finalize count=1924 us=10124 rss_peak_bytes=119963648
[measure] op=delete count=1924 us=5476 rss_peak_bytes=119963648
[measure] op=reserve-finalize count=1925 us=10130 rss_peak_bytes=119963648
[measure] op=delete count=1925 us=5406 rss_peak_bytes=119980032
[measure] op=reserve-finalize count=1926 us=10165 rss_peak_bytes=119980032
[measure] op=delete count=1926 us=5601 rss_peak_bytes=119996416
[measure] op=reserve-finalize count=1927 us=9974 rss_peak_bytes=119996416
[measure] op=delete count=1927 us=5485 rss_peak_bytes=119996416
[measure] op=reserve-finalize count=1928 us=10066 rss_peak_bytes=119996416
[measure] op=delete count=1928 us=5729 rss_peak_bytes=119996416
[measure] op=reserve-finalize count=1929 us=9891 rss_peak_bytes=119996416
[measure] op=delete count=1929 us=5514 rss_peak_bytes=119996416
[measure] op=reserve-finalize count=1930 us=9986 rss_peak_bytes=119996416
[measure] op=delete count=1930 us=5671 rss_peak_bytes=120012800
[measure] op=reserve-finalize count=1931 us=10048 rss_peak_bytes=120012800
[measure] op=delete count=1931 us=5531 rss_peak_bytes=120012800
[measure] op=reserve-finalize count=1932 us=9875 rss_peak_bytes=120012800
[measure] op=delete count=1932 us=5532 rss_peak_bytes=120012800
[measure] op=reserve-finalize count=1933 us=9936 rss_peak_bytes=120012800
[measure] op=delete count=1933 us=5574 rss_peak_bytes=120029184
[measure] op=reserve-finalize count=1934 us=9916 rss_peak_bytes=120029184
[measure] op=delete count=1934 us=5397 rss_peak_bytes=120029184
[measure] op=reserve-finalize count=1935 us=9961 rss_peak_bytes=120045568
[measure] op=delete count=1935 us=5686 rss_peak_bytes=120045568
[measure] op=reserve-finalize count=1936 us=10134 rss_peak_bytes=120045568
[measure] op=delete count=1936 us=5467 rss_peak_bytes=120045568
[measure] op=reserve-finalize count=1937 us=9782 rss_peak_bytes=120045568
[measure] op=delete count=1937 us=5834 rss_peak_bytes=120045568
[measure] op=reserve-finalize count=1938 us=9961 rss_peak_bytes=120061952
[measure] op=delete count=1938 us=5446 rss_peak_bytes=120061952
[measure] op=reserve-finalize count=1939 us=10605 rss_peak_bytes=120061952
[measure] op=delete count=1939 us=5639 rss_peak_bytes=120078336
[measure] op=reserve-finalize count=1940 us=9818 rss_peak_bytes=120078336
[measure] op=delete count=1940 us=5505 rss_peak_bytes=120094720
[measure] op=reserve-finalize count=1941 us=9846 rss_peak_bytes=120094720
[measure] op=delete count=1941 us=5650 rss_peak_bytes=120094720
[measure] op=reserve-finalize count=1942 us=9920 rss_peak_bytes=120094720
[measure] op=delete count=1942 us=5613 rss_peak_bytes=120094720
[measure] op=reserve-finalize count=1943 us=10046 rss_peak_bytes=120094720
[measure] op=delete count=1943 us=5466 rss_peak_bytes=120111104
[measure] op=reserve-finalize count=1944 us=10143 rss_peak_bytes=120111104
[measure] op=delete count=1944 us=5581 rss_peak_bytes=120111104
[measure] op=reserve-finalize count=1945 us=10117 rss_peak_bytes=120111104
[measure] op=delete count=1945 us=5654 rss_peak_bytes=120127488
[measure] op=reserve-finalize count=1946 us=10043 rss_peak_bytes=120143872
[measure] op=delete count=1946 us=5762 rss_peak_bytes=120143872
[measure] op=reserve-finalize count=1947 us=9991 rss_peak_bytes=120143872
[measure] op=delete count=1947 us=5406 rss_peak_bytes=120143872
[measure] op=reserve-finalize count=1948 us=9926 rss_peak_bytes=120143872
[measure] op=delete count=1948 us=5531 rss_peak_bytes=120143872
[measure] op=reserve-finalize count=1949 us=9826 rss_peak_bytes=120160256
[measure] op=delete count=1949 us=5523 rss_peak_bytes=120160256
[measure] op=reserve-finalize count=1950 us=9855 rss_peak_bytes=120160256
[measure] op=delete count=1950 us=5478 rss_peak_bytes=120160256
[measure] op=reserve-finalize count=1951 us=10218 rss_peak_bytes=120160256
[measure] op=delete count=1951 us=5465 rss_peak_bytes=120176640
[measure] op=reserve-finalize count=1952 us=9883 rss_peak_bytes=120176640
[measure] op=delete count=1952 us=5537 rss_peak_bytes=120176640
[child] exit=0 signal=0
[measure] op=incremental-native-observe count=7808 us=965151 rss_peak_bytes=120176640
[measure] op=reserve-finalize count=1953 us=10759 rss_peak_bytes=120176640
[measure] op=delete count=1953 us=5718 rss_peak_bytes=120176640
[measure] op=reserve-finalize count=1954 us=10427 rss_peak_bytes=120176640
[measure] op=delete count=1954 us=5596 rss_peak_bytes=120176640
[measure] op=reserve-finalize count=1955 us=9952 rss_peak_bytes=120176640
[measure] op=delete count=1955 us=5913 rss_peak_bytes=120176640
[measure] op=reserve-finalize count=1956 us=9970 rss_peak_bytes=120176640
[measure] op=delete count=1956 us=5402 rss_peak_bytes=120176640
[measure] op=reserve-finalize count=1957 us=9793 rss_peak_bytes=120176640
[measure] op=delete count=1957 us=5504 rss_peak_bytes=120176640
[measure] op=reserve-finalize count=1958 us=9939 rss_peak_bytes=120176640
[measure] op=delete count=1958 us=5463 rss_peak_bytes=120176640
[measure] op=reserve-finalize count=1959 us=10098 rss_peak_bytes=120176640
[measure] op=delete count=1959 us=5640 rss_peak_bytes=120176640
[measure] op=reserve-finalize count=1960 us=9989 rss_peak_bytes=120176640
[measure] op=delete count=1960 us=349709 rss_peak_bytes=125108224
[measure] op=reserve-finalize count=1961 us=10244 rss_peak_bytes=125108224
[measure] op=delete count=1961 us=5569 rss_peak_bytes=125124608
[measure] op=reserve-finalize count=1962 us=10218 rss_peak_bytes=125124608
[measure] op=delete count=1962 us=5712 rss_peak_bytes=125124608
[measure] op=reserve-finalize count=1963 us=9907 rss_peak_bytes=125124608
[measure] op=delete count=1963 us=5943 rss_peak_bytes=125124608
[measure] op=reserve-finalize count=1964 us=9951 rss_peak_bytes=125124608
[measure] op=delete count=1964 us=5499 rss_peak_bytes=125124608
[measure] op=reserve-finalize count=1965 us=10095 rss_peak_bytes=125124608
[measure] op=delete count=1965 us=5438 rss_peak_bytes=125124608
[measure] op=reserve-finalize count=1966 us=9758 rss_peak_bytes=125124608
[measure] op=delete count=1966 us=5385 rss_peak_bytes=125124608
[measure] op=reserve-finalize count=1967 us=10084 rss_peak_bytes=125140992
[measure] op=delete count=1967 us=5831 rss_peak_bytes=125157376
[measure] op=reserve-finalize count=1968 us=9935 rss_peak_bytes=125157376
[measure] op=delete count=1968 us=5887 rss_peak_bytes=125157376
[measure] op=reserve-finalize count=1969 us=9987 rss_peak_bytes=125157376
[measure] op=delete count=1969 us=5469 rss_peak_bytes=125157376
[measure] op=reserve-finalize count=1970 us=10244 rss_peak_bytes=125173760
[measure] op=delete count=1970 us=5664 rss_peak_bytes=125173760
[measure] op=reserve-finalize count=1971 us=9885 rss_peak_bytes=125173760
[measure] op=delete count=1971 us=5463 rss_peak_bytes=125173760
[measure] op=reserve-finalize count=1972 us=9887 rss_peak_bytes=125173760
[measure] op=delete count=1972 us=5458 rss_peak_bytes=125173760
[measure] op=reserve-finalize count=1973 us=10090 rss_peak_bytes=125173760
[measure] op=delete count=1973 us=5728 rss_peak_bytes=125190144
[measure] op=reserve-finalize count=1974 us=10249 rss_peak_bytes=125190144
[measure] op=delete count=1974 us=5438 rss_peak_bytes=125190144
[measure] op=reserve-finalize count=1975 us=10128 rss_peak_bytes=125206528
[measure] op=delete count=1975 us=5614 rss_peak_bytes=125206528
[measure] op=reserve-finalize count=1976 us=9910 rss_peak_bytes=125206528
[measure] op=delete count=1976 us=5481 rss_peak_bytes=125206528
[measure] op=reserve-finalize count=1977 us=9792 rss_peak_bytes=125206528
[measure] op=delete count=1977 us=5597 rss_peak_bytes=125206528
[measure] op=reserve-finalize count=1978 us=10076 rss_peak_bytes=125206528
[measure] op=delete count=1978 us=5536 rss_peak_bytes=125206528
[measure] op=reserve-finalize count=1979 us=10005 rss_peak_bytes=125206528
[measure] op=delete count=1979 us=5499 rss_peak_bytes=125222912
[measure] op=reserve-finalize count=1980 us=10086 rss_peak_bytes=125222912
[measure] op=delete count=1980 us=5561 rss_peak_bytes=125222912
[measure] op=reserve-finalize count=1981 us=9921 rss_peak_bytes=125222912
[measure] op=delete count=1981 us=5529 rss_peak_bytes=125239296
[measure] op=reserve-finalize count=1982 us=10324 rss_peak_bytes=125239296
[measure] op=delete count=1982 us=5641 rss_peak_bytes=125239296
[measure] op=reserve-finalize count=1983 us=10112 rss_peak_bytes=125239296
[measure] op=delete count=1983 us=5674 rss_peak_bytes=125255680
[measure] op=reserve-finalize count=1984 us=10173 rss_peak_bytes=125255680
[measure] op=delete count=1984 us=5481 rss_peak_bytes=125255680
[child] exit=0 signal=0
[measure] op=incremental-native-observe count=7936 us=916080 rss_peak_bytes=125255680
[measure] op=reserve-finalize count=1985 us=10794 rss_peak_bytes=125255680
[measure] op=delete count=1985 us=5912 rss_peak_bytes=125272064
[measure] op=reserve-finalize count=1986 us=10250 rss_peak_bytes=125272064
[measure] op=delete count=1986 us=5450 rss_peak_bytes=125272064
[measure] op=reserve-finalize count=1987 us=10170 rss_peak_bytes=125272064
[measure] op=delete count=1987 us=5697 rss_peak_bytes=125272064
[measure] op=reserve-finalize count=1988 us=10045 rss_peak_bytes=125288448
[measure] op=delete count=1988 us=5721 rss_peak_bytes=125288448
[measure] op=reserve-finalize count=1989 us=10140 rss_peak_bytes=125304832
[measure] op=delete count=1989 us=5730 rss_peak_bytes=125304832
[measure] op=reserve-finalize count=1990 us=10146 rss_peak_bytes=125304832
[measure] op=delete count=1990 us=5616 rss_peak_bytes=125304832
[measure] op=reserve-finalize count=1991 us=10105 rss_peak_bytes=125321216
[measure] op=delete count=1991 us=5590 rss_peak_bytes=125321216
[measure] op=reserve-finalize count=1992 us=9955 rss_peak_bytes=125321216
[measure] op=delete count=1992 us=5466 rss_peak_bytes=125321216
[measure] op=reserve-finalize count=1993 us=9995 rss_peak_bytes=125321216
[measure] op=delete count=1993 us=5388 rss_peak_bytes=125321216
[measure] op=reserve-finalize count=1994 us=9930 rss_peak_bytes=125337600
[measure] op=delete count=1994 us=5606 rss_peak_bytes=125337600
[measure] op=reserve-finalize count=1995 us=10098 rss_peak_bytes=125337600
[measure] op=delete count=1995 us=5766 rss_peak_bytes=125337600
[measure] op=reserve-finalize count=1996 us=9911 rss_peak_bytes=125337600
[measure] op=delete count=1996 us=5736 rss_peak_bytes=125337600
[measure] op=reserve-finalize count=1997 us=10253 rss_peak_bytes=125337600
[measure] op=delete count=1997 us=5544 rss_peak_bytes=125337600
[measure] op=reserve-finalize count=1998 us=9964 rss_peak_bytes=125337600
[measure] op=delete count=1998 us=5553 rss_peak_bytes=125337600
[measure] op=reserve-finalize count=1999 us=10071 rss_peak_bytes=125353984
[measure] op=delete count=1999 us=5892 rss_peak_bytes=125370368
[measure] op=reserve-finalize count=2000 us=9932 rss_peak_bytes=125370368
[measure] op=delete count=2000 us=5622 rss_peak_bytes=125370368
[measure] op=reserve-finalize count=2001 us=10102 rss_peak_bytes=125370368
[measure] op=delete count=2001 us=5482 rss_peak_bytes=125370368
[measure] op=reserve-finalize count=2002 us=9932 rss_peak_bytes=125370368
[measure] op=delete count=2002 us=5544 rss_peak_bytes=125370368
[measure] op=reserve-finalize count=2003 us=9806 rss_peak_bytes=125370368
[measure] op=delete count=2003 us=5503 rss_peak_bytes=125386752
[measure] op=reserve-finalize count=2004 us=9918 rss_peak_bytes=125386752
[measure] op=delete count=2004 us=5758 rss_peak_bytes=125386752
[measure] op=reserve-finalize count=2005 us=10040 rss_peak_bytes=125386752
[measure] op=delete count=2005 us=5731 rss_peak_bytes=125386752
[measure] op=reserve-finalize count=2006 us=10062 rss_peak_bytes=125386752
[measure] op=delete count=2006 us=5435 rss_peak_bytes=125386752
[measure] op=reserve-finalize count=2007 us=10111 rss_peak_bytes=125386752
[measure] op=delete count=2007 us=5663 rss_peak_bytes=125403136
[measure] op=reserve-finalize count=2008 us=9918 rss_peak_bytes=125403136
[measure] op=delete count=2008 us=5498 rss_peak_bytes=125403136
[measure] op=reserve-finalize count=2009 us=10009 rss_peak_bytes=125403136
[measure] op=delete count=2009 us=5598 rss_peak_bytes=125403136
[measure] op=reserve-finalize count=2010 us=9828 rss_peak_bytes=125403136
[measure] op=delete count=2010 us=5673 rss_peak_bytes=125403136
[measure] op=reserve-finalize count=2011 us=9891 rss_peak_bytes=125403136
[measure] op=delete count=2011 us=5335 rss_peak_bytes=125403136
[measure] op=reserve-finalize count=2012 us=10046 rss_peak_bytes=125419520
[measure] op=delete count=2012 us=5470 rss_peak_bytes=125419520
[measure] op=reserve-finalize count=2013 us=9956 rss_peak_bytes=125419520
[measure] op=delete count=2013 us=5704 rss_peak_bytes=125419520
[measure] op=reserve-finalize count=2014 us=9839 rss_peak_bytes=125419520
[measure] op=delete count=2014 us=5365 rss_peak_bytes=125419520
[measure] op=reserve-finalize count=2015 us=10223 rss_peak_bytes=125419520
[measure] op=delete count=2015 us=5802 rss_peak_bytes=125419520
[measure] op=reserve-finalize count=2016 us=9982 rss_peak_bytes=125419520
[measure] op=delete count=2016 us=5752 rss_peak_bytes=125419520
[child] exit=0 signal=0
[measure] op=incremental-native-observe count=8064 us=960375 rss_peak_bytes=125419520
[measure] op=reserve-finalize count=2017 us=10520 rss_peak_bytes=125419520
[measure] op=delete count=2017 us=6176 rss_peak_bytes=125452288
[measure] op=reserve-finalize count=2018 us=9920 rss_peak_bytes=125452288
[measure] op=delete count=2018 us=5542 rss_peak_bytes=125452288
[measure] op=reserve-finalize count=2019 us=10365 rss_peak_bytes=125452288
[measure] op=delete count=2019 us=5575 rss_peak_bytes=125452288
[measure] op=reserve-finalize count=2020 us=10148 rss_peak_bytes=125468672
[measure] op=delete count=2020 us=5644 rss_peak_bytes=125468672
[measure] op=reserve-finalize count=2021 us=10127 rss_peak_bytes=125468672
[measure] op=delete count=2021 us=5855 rss_peak_bytes=125468672
[measure] op=reserve-finalize count=2022 us=10016 rss_peak_bytes=125468672
[measure] op=delete count=2022 us=5841 rss_peak_bytes=125485056
[measure] op=reserve-finalize count=2023 us=9933 rss_peak_bytes=125485056
[measure] op=delete count=2023 us=5471 rss_peak_bytes=125485056
[measure] op=reserve-finalize count=2024 us=9915 rss_peak_bytes=125485056
[measure] op=delete count=2024 us=5677 rss_peak_bytes=125485056
[measure] op=reserve-finalize count=2025 us=10224 rss_peak_bytes=125485056
[measure] op=delete count=2025 us=5618 rss_peak_bytes=125501440
[measure] op=reserve-finalize count=2026 us=9976 rss_peak_bytes=125501440
[measure] op=delete count=2026 us=5487 rss_peak_bytes=125501440
[measure] op=reserve-finalize count=2027 us=10056 rss_peak_bytes=125501440
[measure] op=delete count=2027 us=5572 rss_peak_bytes=125501440
[measure] op=reserve-finalize count=2028 us=9918 rss_peak_bytes=125501440
[measure] op=delete count=2028 us=5571 rss_peak_bytes=125501440
[measure] op=reserve-finalize count=2029 us=9718 rss_peak_bytes=125501440
[measure] op=delete count=2029 us=5683 rss_peak_bytes=125501440
[measure] op=reserve-finalize count=2030 us=10004 rss_peak_bytes=125517824
[measure] op=delete count=2030 us=5795 rss_peak_bytes=125517824
[measure] op=reserve-finalize count=2031 us=10004 rss_peak_bytes=125534208
[measure] op=delete count=2031 us=5711 rss_peak_bytes=125534208
[measure] op=reserve-finalize count=2032 us=9875 rss_peak_bytes=125534208
[measure] op=delete count=2032 us=5481 rss_peak_bytes=125534208
[measure] op=reserve-finalize count=2033 us=10168 rss_peak_bytes=125534208
[measure] op=delete count=2033 us=5574 rss_peak_bytes=125534208
[measure] op=reserve-finalize count=2034 us=9965 rss_peak_bytes=125550592
[measure] op=delete count=2034 us=5478 rss_peak_bytes=125550592
[measure] op=reserve-finalize count=2035 us=9942 rss_peak_bytes=125550592
[measure] op=delete count=2035 us=5579 rss_peak_bytes=125566976
[measure] op=reserve-finalize count=2036 us=9898 rss_peak_bytes=125566976
[measure] op=delete count=2036 us=5488 rss_peak_bytes=125566976
[measure] op=reserve-finalize count=2037 us=9935 rss_peak_bytes=125566976
[measure] op=delete count=2037 us=5492 rss_peak_bytes=125566976
[measure] op=reserve-finalize count=2038 us=9854 rss_peak_bytes=125566976
[measure] op=delete count=2038 us=5523 rss_peak_bytes=125583360
[measure] op=reserve-finalize count=2039 us=9979 rss_peak_bytes=125583360
[measure] op=delete count=2039 us=5650 rss_peak_bytes=125583360
[measure] op=reserve-finalize count=2040 us=10100 rss_peak_bytes=125616128
[measure] op=delete count=2040 us=5544 rss_peak_bytes=125616128
[measure] op=reserve-finalize count=2041 us=10045 rss_peak_bytes=125616128
[measure] op=delete count=2041 us=5610 rss_peak_bytes=125632512
[measure] op=reserve-finalize count=2042 us=10087 rss_peak_bytes=125632512
[measure] op=delete count=2042 us=5878 rss_peak_bytes=125632512
[measure] op=reserve-finalize count=2043 us=9829 rss_peak_bytes=125632512
[measure] op=delete count=2043 us=5535 rss_peak_bytes=125648896
[measure] op=reserve-finalize count=2044 us=9931 rss_peak_bytes=125648896
[measure] op=delete count=2044 us=5443 rss_peak_bytes=125648896
[measure] op=reserve-finalize count=2045 us=9933 rss_peak_bytes=125648896
[measure] op=delete count=2045 us=5411 rss_peak_bytes=125648896
[measure] op=reserve-finalize count=2046 us=9835 rss_peak_bytes=125648896
[measure] op=delete count=2046 us=5364 rss_peak_bytes=125648896
[measure] op=reserve-finalize count=2047 us=10938 rss_peak_bytes=125648896
[measure] op=delete count=2047 us=5530 rss_peak_bytes=125648896
[measure] op=reserve-finalize count=2048 us=10274 rss_peak_bytes=125648896
[measure] op=delete count=2048 us=5693 rss_peak_bytes=125665280
[child] exit=0 signal=0
[measure] op=incremental-native-observe count=8192 us=1014385 rss_peak_bytes=125665280
[measure] op=reserve-finalize count=2049 us=11365 rss_peak_bytes=125665280
[measure] op=delete count=2049 us=6470 rss_peak_bytes=125665280
[pass] B07-S02 independent-current count=2049 deleted=1
[measure] op=query-and-independent-hash-outside-product-timing count=2049 us=327370 rss_peak_bytes=125665280
[measure] op=checkpoint count=2049 us=365137 rss_peak_bytes=129646592
[child] exit=0 signal=0
[measure] op=incremental-native-observe count=8196 us=908041 rss_peak_bytes=129662976
[pass] B08-C01 complete-drain count=2049 mutations=8196
[pass] B08-C01 snapshot-count=1 count=2049 bytes=3335710 generation=23
[measure] op=B11-O03-deleted-timeline count=2049 us=2824737 rss_peak_bytes=130088960
[pass] B11-O03 timeline count=2049 total=2049 unplaced=0 page=0 us=2824707
[pass] B07-S03 checkpoint-old-detail-unchanged count=2049
[measure] op=reopen-sqlite count=2049 us=3157349 rss_peak_bytes=99205120
[pass] B07-S02 independent-current count=2049 deleted=1
[measure] op=query-and-independent-hash-outside-product-timing count=2049 us=337561 rss_peak_bytes=99385344
[recording-latency] {"k":0,"o":1,"s":1,"l":583,"m":1,"t":1,"r":0,"b":42,"a":2333,"e":1711803458,"n":1,"w":2291,"h":1711801125,"x":2291,"y":1711801125}
[recording-slow-summary] {"seen":1,"retained":1,"thresholdNs":10000000}
[recording-complete-summary] {"lockCount":4102,"spanCount":0,"maxWaitNs":7917,"maxHoldNs":1711801125,"maxSpanNs":0,"countOverflow":false}
[child] exit=0 signal=0
[measure] op=reopen-jsonl count=2049 us=3178846 rss_peak_bytes=92110848
[pass] B07-S02 independent-current count=2049 deleted=1
[measure] op=query-and-independent-hash-outside-product-timing count=2049 us=308340 rss_peak_bytes=92291072
[recording-latency] {"k":0,"o":1,"s":1,"l":583,"m":1,"t":1,"r":0,"b":41,"a":1791,"e":1678417208,"n":1,"w":1750,"h":1678415417,"x":1750,"y":1678415417}
[recording-slow-summary] {"seen":1,"retained":1,"thresholdNs":10000000}
[recording-complete-summary] {"lockCount":4102,"spanCount":0,"maxWaitNs":1750,"maxHoldNs":1678415417,"maxSpanNs":0,"countOverflow":false}
[child] exit=0 signal=0
[bytes] count=2049 kind=active bytes=22967535
[bytes] count=2049 kind=identity bytes=3379743
[bytes] count=2049 kind=media bytes=55626
[bytes] count=2049 kind=other bytes=34367
[bytes] count=2049 kind=snapshot bytes=3335710
[bytes] count=2049 kind=sqlite bytes=6504448
[bytes] count=2049 kind=total bytes=36277429
[pass] B07-S03 isolated-pin-protection
[summary] generation_scale_pass=true mode=bounded-deleted template_only=true fresh_full_observer_drain=not-run
[recording-latency] {"k":0,"o":1,"s":1,"l":583,"m":1,"t":1,"r":0,"b":0,"a":541,"e":10306000,"n":1,"w":541,"h":10305459,"x":541,"y":10305459}
[recording-latency] {"k":1,"o":7,"s":1,"l":1977,"m":4,"t":1,"r":0,"b":2138745000,"a":2138745000,"e":2170465083,"n":1,"w":0,"h":31720083,"x":0,"y":31720083}
[recording-latency] {"k":0,"o":1,"s":1,"l":2870,"m":4,"t":1,"r":0,"b":2138586666,"a":2138586708,"e":2170466125,"n":1,"w":42,"h":31879417,"x":42,"y":31879417}
[recording-latency] {"k":1,"o":7,"s":1,"l":1977,"m":4,"t":1,"r":0,"b":4603828541,"a":4603828541,"e":4651124500,"n":1,"w":0,"h":47295959,"x":0,"y":47295959}
[recording-latency] {"k":0,"o":1,"s":1,"l":2870,"m":4,"t":1,"r":0,"b":4603662041,"a":4603662083,"e":4651125708,"n":1,"w":42,"h":47463625,"x":42,"y":47463625}
[recording-latency] {"k":1,"o":7,"s":1,"l":1977,"m":4,"t":1,"r":0,"b":7190078875,"a":7190078875,"e":7252741125,"n":1,"w":0,"h":62662250,"x":0,"y":62662250}
[recording-latency] {"k":0,"o":1,"s":1,"l":2870,"m":4,"t":1,"r":0,"b":7189921416,"a":7189921458,"e":7252742041,"n":1,"w":42,"h":62820583,"x":42,"y":62820583}
[recording-latency] {"k":1,"o":7,"s":1,"l":1977,"m":4,"t":1,"r":0,"b":9900730666,"a":9900730666,"e":9978687500,"n":1,"w":0,"h":77956834,"x":0,"y":77956834}
[recording-latency] {"k":0,"o":1,"s":1,"l":2870,"m":4,"t":1,"r":0,"b":9900580125,"a":9900580166,"e":9978688458,"n":1,"w":41,"h":78108292,"x":41,"y":78108292}
[recording-latency] {"k":1,"o":7,"s":1,"l":1977,"m":4,"t":1,"r":0,"b":12726774708,"a":12726774708,"e":12821461000,"n":1,"w":0,"h":94686292,"x":0,"y":94686292}
[recording-latency] {"k":0,"o":1,"s":1,"l":2870,"m":4,"t":1,"r":0,"b":12726622958,"a":12726623000,"e":12821462083,"n":1,"w":42,"h":94839083,"x":42,"y":94839083}
[recording-latency] {"k":1,"o":7,"s":1,"l":1977,"m":4,"t":1,"r":0,"b":15676169875,"a":15676169875,"e":15786439375,"n":1,"w":0,"h":110269500,"x":0,"y":110269500}
[recording-latency] {"k":0,"o":1,"s":1,"l":2870,"m":4,"t":1,"r":0,"b":15676019708,"a":15676019750,"e":15786440333,"n":1,"w":42,"h":110420583,"x":42,"y":110420583}
[recording-latency] {"k":0,"o":1,"s":1,"l":2165,"m":4,"t":1,"r":0,"b":16429864250,"a":16429864291,"e":16441232583,"n":1,"w":41,"h":11368292,"x":41,"y":11368292}
[recording-latency] {"k":1,"o":7,"s":1,"l":1977,"m":4,"t":1,"r":0,"b":18749886500,"a":18749886500,"e":18874828041,"n":1,"w":0,"h":124941541,"x":0,"y":124941541}
[recording-latency] {"k":0,"o":1,"s":1,"l":2870,"m":4,"t":1,"r":0,"b":18749734208,"a":18749734250,"e":18874829083,"n":1,"w":42,"h":125094833,"x":42,"y":125094833}
[recording-latency] {"k":1,"o":7,"s":1,"l":1977,"m":4,"t":1,"r":0,"b":21941584250,"a":21941584250,"e":22081901833,"n":1,"w":0,"h":140317583,"x":0,"y":140317583}
[recording-latency] {"k":0,"o":1,"s":1,"l":2870,"m":4,"t":1,"r":0,"b":21941432291,"a":21941432333,"e":22081903000,"n":1,"w":42,"h":140470667,"x":42,"y":140470667}
[recording-latency] {"k":1,"o":7,"s":1,"l":1977,"m":4,"t":1,"r":0,"b":25258780125,"a":25258780125,"e":25418473791,"n":1,"w":0,"h":159693666,"x":0,"y":159693666}
[recording-latency] {"k":0,"o":1,"s":1,"l":2870,"m":4,"t":1,"r":0,"b":25258625583,"a":25258625625,"e":25418475000,"n":1,"w":42,"h":159849375,"x":42,"y":159849375}
[recording-latency] {"k":1,"o":7,"s":1,"l":1977,"m":4,"t":1,"r":0,"b":28695852875,"a":28695852875,"e":28868900041,"n":1,"w":0,"h":173047166,"x":0,"y":173047166}
[recording-latency] {"k":0,"o":1,"s":1,"l":2870,"m":4,"t":1,"r":0,"b":28695694291,"a":28695694333,"e":28868901125,"n":1,"w":42,"h":173206792,"x":42,"y":173206792}
[recording-latency] {"k":0,"o":1,"s":1,"l":692,"m":4,"t":1,"r":0,"b":31895939208,"a":31895939583,"e":32079854333,"n":1,"w":375,"h":183914750,"x":375,"y":183914750}
[recording-latency] {"k":0,"o":1,"s":1,"l":583,"m":6,"t":1,"r":0,"b":37228525250,"a":37228525291,"e":38009217250,"n":1,"w":41,"h":780691959,"x":41,"y":780691959}
[recording-latency] {"k":1,"o":7,"s":1,"l":1977,"m":6,"t":1,"r":0,"b":41373408541,"a":41373408541,"e":41574607625,"n":1,"w":0,"h":201199084,"x":0,"y":201199084}
[recording-latency] {"k":0,"o":1,"s":1,"l":2870,"m":6,"t":1,"r":0,"b":41373246875,"a":41373246916,"e":41574608791,"n":1,"w":41,"h":201361875,"x":41,"y":201361875}
[recording-latency] {"k":1,"o":7,"s":1,"l":1977,"m":6,"t":1,"r":0,"b":45098961666,"a":45098961666,"e":45314165916,"n":1,"w":0,"h":215204250,"x":0,"y":215204250}
[recording-latency] {"k":0,"o":1,"s":1,"l":2870,"m":6,"t":1,"r":0,"b":45098804666,"a":45098804708,"e":45314167333,"n":1,"w":42,"h":215362625,"x":42,"y":215362625}
[recording-latency] {"k":1,"o":7,"s":1,"l":1977,"m":6,"t":1,"r":0,"b":48937660458,"a":48937660458,"e":49171122791,"n":1,"w":0,"h":233462333,"x":0,"y":233462333}
[recording-latency] {"k":0,"o":1,"s":1,"l":2870,"m":6,"t":1,"r":0,"b":48937505000,"a":48937505041,"e":49171124125,"n":1,"w":41,"h":233619084,"x":41,"y":233619084}
[recording-latency] {"k":1,"o":7,"s":1,"l":1977,"m":6,"t":1,"r":0,"b":52908211083,"a":52908211083,"e":53156539791,"n":1,"w":0,"h":248328708,"x":0,"y":248328708}
[recording-latency] {"k":0,"o":1,"s":1,"l":2870,"m":6,"t":1,"r":0,"b":52908041541,"a":52908041583,"e":53156540916,"n":1,"w":42,"h":248499333,"x":42,"y":248499333}
[recording-latency] {"k":1,"o":7,"s":1,"l":1977,"m":6,"t":1,"r":0,"b":56998451291,"a":56998451291,"e":57262079666,"n":1,"w":0,"h":263628375,"x":0,"y":263628375}
[recording-latency] {"k":0,"o":1,"s":1,"l":2870,"m":6,"t":1,"r":0,"b":56998299041,"a":56998299083,"e":57262080875,"n":1,"w":42,"h":263781792,"x":42,"y":263781792}
[recording-latency] {"k":1,"o":7,"s":1,"l":1977,"m":6,"t":1,"r":0,"b":61204300208,"a":61204300208,"e":61483735166,"n":1,"w":0,"h":279434958,"x":0,"y":279434958}
[recording-latency] {"k":0,"o":1,"s":1,"l":2870,"m":6,"t":1,"r":0,"b":61204141208,"a":61204141250,"e":61483736541,"n":1,"w":42,"h":279595291,"x":42,"y":279595291}
[recording-latency] {"k":1,"o":7,"s":1,"l":1977,"m":6,"t":1,"r":0,"b":65539455291,"a":65539455291,"e":65836905208,"n":1,"w":0,"h":297449917,"x":0,"y":297449917}
[recording-latency] {"k":0,"o":1,"s":1,"l":2870,"m":6,"t":1,"r":0,"b":65539300000,"a":65539300041,"e":65836906708,"n":1,"w":41,"h":297606667,"x":41,"y":297606667}
[recording-latency] {"k":1,"o":7,"s":1,"l":1977,"m":6,"t":1,"r":0,"b":69993272000,"a":69993272000,"e":70306080041,"n":1,"w":0,"h":312808041,"x":0,"y":312808041}
[recording-latency] {"k":0,"o":1,"s":1,"l":2870,"m":6,"t":1,"r":0,"b":69993115791,"a":69993115833,"e":70306081208,"n":1,"w":42,"h":312965375,"x":42,"y":312965375}
[recording-latency] {"k":1,"o":7,"s":1,"l":1977,"m":6,"t":1,"r":0,"b":74580717416,"a":74580717416,"e":74909295125,"n":1,"w":0,"h":328577709,"x":0,"y":328577709}
[recording-latency] {"k":0,"o":1,"s":1,"l":2870,"m":6,"t":1,"r":0,"b":74580561208,"a":74580561250,"e":74909296416,"n":1,"w":42,"h":328735166,"x":42,"y":328735166}
[recording-latency] {"k":1,"o":7,"s":1,"l":1977,"m":6,"t":1,"r":0,"b":79285002375,"a":79285002375,"e":79630783541,"n":1,"w":0,"h":345781166,"x":0,"y":345781166}
[recording-latency] {"k":0,"o":1,"s":1,"l":2870,"m":6,"t":1,"r":0,"b":79284843000,"a":79284843041,"e":79630785166,"n":1,"w":41,"h":345942125,"x":41,"y":345942125}
[recording-latency] {"k":0,"o":1,"s":1,"l":692,"m":6,"t":1,"r":0,"b":85092901916,"a":85092902375,"e":85458000500,"n":1,"w":459,"h":365098125,"x":459,"y":365098125}
[recording-latency] {"k":0,"o":1,"s":2,"l":227,"m":6,"t":1,"r":0,"b":87202642750,"a":87202645750,"e":90027344708,"n":1,"w":3000,"h":2824698958,"x":3000,"y":2824698958}
[recording-slow-summary] {"seen":46,"retained":46,"thresholdNs":10000000}
[recording-complete-summary] {"lockCount":14370,"spanCount":6150,"maxWaitNs":6875,"maxHoldNs":2824698958,"maxSpanNs":345781166,"countOverflow":false}
[cleanup] path=/private/var/folders/k0/qhmr6zdx11q0_41wfx4dsd200000gn/T/media-server-generation-scale.WsKkhu bytes=48521195 removed=true
[end] exit=0 elapsed_seconds=101
